Date,Open,High,Low,Close,Adj Close,Volume,adjusted_log_return,dxy_Open,dxy_High,dxy_Low,dxy_Close,dxy_Adj_Close,dxy_Volume,tnx_Open,tnx_High,tnx_Low,tnx_Close,tnx_Adj_Close,tnx_Volume,vix_Open,vix_High,vix_Low,vix_Close,vix_Adj_Close,vix_Volume,price_log_return,ohlc_ratio,pct_change,sma_10,sma_20,sma_50,sma_200,ema_12,ema_26,macd,macd_signal,rsi_14,stoch_k,stoch_d,roc_10,williams_r,atr_14,bb_lower,bb_upper,bb_width,hist_vol_20,lag_return_1,lag_return_2,lag_return_5,lag_return_10,lag_return_20,day_of_week_sin,day_of_week_cos,month_sin,month_cos
2010-10-11,49.77999877929688,50.02000045776367,49.619998931884766,49.77000045776367,43.51337814331055,46880000.0,0.000401771940644,77.05999755859375,77.55999755859375,76.93000030517578,77.44000244140625,77.44000244140625,0.0,2.4130001068115234,2.430999994277954,2.3340001106262207,2.38100004196167,2.38100004196167,0.0,19.32999992370605,19.51000022888184,18.799999237060547,18.959999084472656,18.959999084472656,0.0,0.0004017719406440916,0.008035386413976045,0.0004018526618003726,49.303999710083005,48.91149978637694,46.815799789428716,46.32234979629517,49.187508278551284,48.34756841416305,0.839939864388235,0.8806678027879755,66.51964547947841,84.74088191727864,81.23629769876555,0.7693886876112781,-13.736266039547097,0.7336757861980414,47.52628062624945,50.296718946504434,5.664185993794893,0.1428209560274101,0.006857585910593469,0.003649536898034588,-0.010872430609022852,-0.005451433054916669,0.013852273694049228,0.0,1.0,-1.0,-1.8369701987210297e-16
2010-10-12,49.68999862670898,50.209999084472656,49.2599983215332,50.11000061035156,43.81064224243164,88571700.0,0.0068083271033984,77.52999877929688,77.93000030517578,77.25,77.36000061035156,77.36000061035156,0.0,2.3550000190734863,2.421999931335449,2.352999925613404,2.421999931335449,2.421999931335449,0.0,20.0,20.100000381469727,18.549999237060547,18.93000030517578,18.93000030517578,0.0,0.00680832710339847,0.019118550798848607,0.00683155645011202,49.37799987792969,49.04449977874756,46.888599777221685,46.340799808502204,49.32943017575133,48.47811894721405,0.851311228537277,0.8747964879378358,68.88777612977538,91.36770289339705,85.23311514222739,1.498889395334541,-4.975052618194031,0.7491275702509994,47.741782178160825,50.34721737933429,5.31239020262671,0.14347622140157987,0.0004017719406440916,0.006857585910593469,0.02404800325280223,-0.00040574737463686545,0.004224068620966368,0.7818314824680298,0.6234898018587336,-1.0,-1.8369701987210297e-16
2010-10-13,50.43000030517578,50.75,50.27999877929688,50.52000045776367,44.16910552978516,71122900.0,0.0081488133353285,77.33999633789062,77.3499984741211,76.97000122070312,77.06999969482422,77.06999969482422,0.0,2.4560000896453857,2.490000009536743,2.4260001182556152,2.430999994277954,2.430999994277954,0.0,17.920000076293945,19.15999984741211,17.899999618530273,19.06999969482422,19.06999969482422,0.0,0.008148813335328542,0.009319873445546663,0.00818210528323049,49.50099983215332,49.18299980163574,46.960199813842785,46.362699813842774,49.51259483452245,48.62936942947698,0.8832254050454722,0.8764822713593632,71.50518030335495,90.75636291734958,88.95498257600842,2.495434204483558,-9.019592590210134,0.7413327002079593,47.87080398044445,50.495195622827026,5.3359731064946025,0.1442144019261051,0.00680832710339847,0.0004017719406440916,-0.008696270201605892,-0.0016210969709749663,0.006302056512211646,0.9749279121818236,-0.22252093395631434,-1.0,-1.8369701987210297e-16
2010-10-14,50.54999923706055,50.63999938964844,50.16999816894531,50.41999816894531,44.081668853759766,68464000.0,-0.0019815509891329,77.0199966430664,77.02999877929688,76.26000213623047,76.6500015258789,76.6500015258789,0.0,2.443000078201294,2.509000062942505,2.421999931335449,2.494999885559082,2.494999885559082,0.0,19.59000015258789,21.020000457763672,19.39999961853028,19.8799991607666,19.8799991607666,0.0,-0.0019815509891329204,0.009297749313486543,-0.0019795890131041327,49.63599967956544,49.30699977874756,47.0319997406006,46.38394981384277,49.652195347510585,48.762008595363525,0.8901867521470592,0.8792231675169024,69.95922945741262,91.02136754767434,91.04847778614032,2.751168702908079,-12.94125214857278,0.7219518802433282,48.02092717288575,50.59307238460937,5.216592417436592,0.14519260623533906,0.008148813335328542,0.00680832710339847,0.003649536898034588,-0.004473304283405777,0.0039711345490458004,0.43388373911755823,-0.900968867902419,-1.0,-1.8369701987210297e-16
2010-10-15,51.040000915527344,51.5,50.630001068115234,51.4900016784668,45.01716613769531,104654000.0,0.0209998629690074,76.63999938964844,77.12999725341797,76.13999938964844,77.04000091552734,77.04000091552734,0.0,2.470000028610229,2.594000101089477,2.4539999961853027,2.575999975204468,2.575999975204468,0.0,20.200000762939453,21.59000015258789,19.020000457763672,19.030000686645508,19.030000686645508,0.0,0.020999862969007438,0.017045433312680356,0.021221911698466878,49.88400001525879,49.481999778747564,47.12659980773926,46.408649826049796,49.93493478304231,48.96408215707488,0.9708526259674315,0.8975490592070083,75.95055788358812,92.57872525025667,91.45215190509353,5.06019882037819,-0.3029795104470656,0.7475268767298539,48.01123690123426,50.952762656260866,5.944637985892364,0.1591825919081668,-0.0019815509891329204,0.008148813335328542,0.006857585910593469,-0.0012239909598452008,0.0033814388408038567,-0.433883739117558,-0.9009688679024191,-1.0,-1.8369701987210297e-16
2010-10-18,51.5,51.720001220703125,51.29999923706055,51.29999923706055,44.8510627746582,72399400.0,-0.0036966023297833,77.02999877929688,77.63999938964844,76.91999816894531,76.93000030517578,76.93000030517578,0.0,2.5309998989105225,2.5339999198913574,2.48799991607666,2.490999937057495,2.490999937057495,0.0,20.43000030517578,20.709999084472656,18.8799991607666,19.09000015258789,19.09000015258789,0.0,-0.0036966023297833024,0.008155378323156857,-0.0036897783065473755,50.16599998474122,49.60549964904785,47.21099975585938,46.43334981918335,50.14494469904511,49.137113051888626,1.007831647156486,0.919605576796904,73.16028851810523,91.60796511912596,91.73601930568566,5.8168311086047,-11.93187298360222,0.7241322415093341,47.96073713563653,51.25026216245917,6.631371622291049,0.1523092721838749,0.020999862969007438,-0.0019815509891329204,0.0004017719406440916,-0.010872430609022852,0.017352551190914136,0.0,1.0,-1.0,-1.8369701987210297e-16
2010-10-19,50.81999969482422,51.29999923706055,50.41999816894531,50.81999969482422,44.4313850402832,105739800.0,-0.0094011944263168,77.12000274658203,78.30999755859375,76.91999816894531,78.18000030517578,78.18000030517578,0.0,2.5339999198913574,2.561000108718872,2.4570000171661377,2.4749999046325684,2.4749999046325684,0.0,20.700000762939453,21.350000381469727,19.32999992370605,20.6299991607666,20.6299991607666,0.0,-0.009401194426316845,0.017316038437616487,-0.00935714135657284,50.28199996948243,49.70549964904785,47.29399978637696,46.45854982376098,50.24879931378036,49.26177132173571,0.9870279920446521,0.9330900598464538,66.51239472624859,87.39897522133133,90.52855519690465,2.3358837111888544,-25.568221841956685,0.7352657291240412,48.019151499981035,51.39184779811467,6.785358404898842,0.15784670448915025,-0.0036966023297833024,0.020999862969007438,0.00680832710339847,0.02404800325280223,-0.0002050010248294667,0.7818314824680298,0.6234898018587336,-1.0,-1.8369701987210297e-16
2010-10-20,50.959999084472656,51.56999969482422,50.869998931884766,51.18999862670898,44.75487518310547,80861400.0,0.00725429142657,78.25,78.36000061035156,77.05999755859375,77.16999816894531,77.16999816894531,0.0,2.486000061035156,2.5179998874664307,2.4539999961853027,2.470000028610229,2.470000028610229,0.0,21.200000762939453,21.200000762939453,19.670000076293945,19.790000915527344,19.790000915527344,0.0,0.007254291426570065,0.013736278954383676,0.007280667540050301,50.4779998779297,49.83049964904786,47.40979972839355,46.48274982452392,50.39359920807706,49.404602973955946,0.9889962341211174,0.9442712947013865,68.86123948888874,82.48100508590105,87.16264847545277,3.9813103853293557,-15.056889916737948,0.7363181770437526,48.091298212958925,51.56970108513679,6.980469585245932,0.15787880321599307,-0.009401194426316845,-0.0036966023297833024,0.008148813335328542,-0.008696270201605892,-0.002666245961786003,0.9749279121818236,-0.22252093395631434,-1.0,-1.8369701987210297e-16
2010-10-21,51.5099983215332,51.709999084472656,50.790000915527344,51.290000915527344,44.84231185913086,85885400.0,0.0019517734131782,77.1500015258789,77.61000061035156,76.83999633789062,77.41999816894531,77.41999816894531,0.0,2.483999967575073,2.5429999828338623,2.483999967575073,2.5309998989105225,2.5309998989105225,0.0,19.700000762939453,20.530000686645508,18.93000030517578,19.270000457763672,19.270000457763672,0.0,0.0019517734131782817,0.017860574624804774,0.001953679362698635,50.66599998474122,49.96149978637696,47.53479972839355,46.50724983215332,50.53150716306941,49.54426208073902,0.9872450823303964,0.9528660522271885,69.48424023009312,82.38632402308896,84.08876811010711,3.8048999674581077,-12.215916172038488,0.7494381764652925,48.1958591655212,51.727140407232724,7.068004877376404,0.15752271825799305,0.007254291426570065,-0.009401194426316845,-0.0019815509891329204,0.003649536898034588,-0.0004107751127687365,0.43388373911755823,-0.900968867902419,-1.0,-1.8369701987210297e-16
2010-10-22,51.29999923706055,51.68999862670898,51.209999084472656,51.63999938964844,45.14830780029297,47406900.0,0.0068006448149208,77.4800033569336,77.75,77.20999908447266,77.47000122070312,77.47000122070312,0.0,2.569000005722046,2.586999893188477,2.546999931335449,2.562999963760376,2.562999963760376,0.0,19.36000061035156,19.36000061035156,18.76000022888184,18.780000686645508,18.780000686645508,0.0,0.006800644814920805,0.009356716362084388,0.006823821709357247,50.85499992370605,50.06049976348878,47.67319969177247,46.53619983673096,50.70204442869695,49.69950188139898,1.0025425472979705,0.9628013512413449,71.62406548766047,89.96005168385318,84.94246026428107,3.79899374803706,-2.8470388596640084,0.7301925597346518,48.14994728868225,51.97105223829531,7.632974036747333,0.14442388394183614,0.0019517734131782817,0.007254291426570065,0.020999862969007438,0.006857585910593469,0.02013670584679792,-0.433883739117558,-0.9009688679024191,-1.0,-1.8369701987210297e-16
2010-10-25,51.84999847412109,52.22999954223633,51.84999847412109,51.88999938964844,45.36688232421875,51413900.0,0.0048295749801869,77.41000366210938,77.44000244140625,76.70999908447266,77.0999984741211,77.0999984741211,0.0,2.5309998989105225,2.566999912261963,2.496999979019165,2.553999900817871,2.553999900817871,0.0,19.21999931335449,19.8799991607666,18.86000061035156,19.850000381469727,19.850000381469727,0.0,0.004829574980186929,0.007328853988393158,0.004841256174929365,51.06699981689452,50.18549976348877,47.814999694824216,46.566399841308595,50.88480673038179,49.861760956084126,1.023045774297664,0.9748502358526088,73.0763337977818,91.56535852516694,87.97057807736968,4.259591947731367,-10.24096939279665,0.7201788163670261,48.13747122565319,52.233528301324355,8.161833786601354,0.14202199166717788,0.006800644814920805,0.0019517734131782817,-0.0036966023297833024,0.0004017719406440916,-0.005451433054916669,0.0,1.0,-1.0,-1.8369701987210297e-16
2010-10-26,51.630001068115234,52.150001525878906,51.41999816894531,52.02999877929688,45.48928451538086,60498300.0,0.0026944184301855,77.36000061035156,77.81999969482422,77.04000091552734,77.70999908447266,77.70999908447266,0.0,2.595999956130981,2.6470000743865967,2.595999956130981,2.635999917984009,2.635999917984009,0.0,20.520000457763672,21.01000022888184,20.21999931335449,20.21999931335449,20.21999931335449,0.0,0.0026944184301855383,0.014139131160785828,0.002698051637918475,51.25899963378906,50.31849975585938,47.94819969177246,46.59359983444214,51.06099012252257,50.022371165211,1.03861895731157,0.9876039801444011,73.88245412188584,93.57333892839486,91.69958304580499,3.8315668440616473,-6.19197496235474,0.7208805692646381,48.15143264789229,52.48556686382646,8.61340110886251,0.14161548518076808,0.004829574980186929,0.006800644814920805,-0.009401194426316845,0.00680832710339847,-0.00040574737463686545,0.7818314824680298,0.6234898018587336,-1.0,-1.8369701987210297e-16
2010-10-27,51.7599983215332,52.22999954223633,51.65999984741211,52.18999862670898,45.62916564941406,57483400.0,0.0030703165751101,77.63999938964844,78.2699966430664,77.55999755859375,78.1500015258789,78.1500015258789,0.0,2.7049999237060547,2.720000028610229,2.6670000553131104,2.711999893188477,2.711999893188477,0.0,21.11000061035156,22.3700008392334,20.690000534057617,20.709999084472656,20.709999084472656,0.0,0.0030703165751101292,0.011012359221562946,0.0030750348246499914,51.42599945068359,50.46349964141846,48.08099967956543,46.624949836730956,51.23468373855124,50.182936162359,1.0517475761922412,1.0004326993539692,74.81069351116348,94.09906146264902,93.07925297207026,3.305617881657537,-1.2698712569015003,0.7101033639474653,48.20024380722319,52.72675547561373,8.969872681353548,0.1407266500420806,0.0026944184301855383,0.004829574980186929,0.007254291426570065,0.008148813335328542,-0.0016210969709749663,0.9749279121818236,-0.22252093395631434,-1.0,-1.8369701987210297e-16
2010-10-28,52.40999984741211,52.45000076293945,51.84000015258789,52.29999923706055,45.725345611572266,61220000.0,0.0021056430901322,78.05999755859375,78.05999755859375,77.16999816894531,77.30999755859375,77.30999755859375,0.0,2.680999994277954,2.711999893188477,2.6429998874664307,2.6610000133514404,2.6610000133514404,0.0,20.280000686645508,21.40999984741211,20.18000030517578,20.8799991607666,20.8799991607666,0.0,0.002105643090132218,0.011639011870397535,0.0021078615133396372,51.61399955749511,50.624999618530275,48.22979965209961,46.658999824523924,51.3985784306296,50.33975564937393,1.058822781255671,1.0121107157343094,75.45653177166126,95.94530506298398,94.53923515134261,3.7286813494435322,-4.702238591791829,0.7029531672620437,48.319843068356974,52.930156168703576,9.106791377948156,0.13809359970935453,0.0030703165751101292,0.0026944184301855383,0.0019517734131782817,-0.0019815509891329204,-0.004473304283405777,0.43388373911755823,-0.900968867902419,-1.0,-1.8369701987210297e-16
2010-10-29,52.29999923706055,52.4900016784668,52.16999816894531,52.18000030517578,45.62043380737305,46668700.0,-0.002297026770053,77.27999877929688,77.76000213623047,77.02999877929688,77.2699966430664,77.2699966430664,0.0,2.650000095367432,2.6630001068115234,2.609999895095825,2.611999988555908,2.611999988555908,0.0,21.200000762939453,21.39999961853028,20.86000061035156,21.200000762939453,21.200000762939453,0.0,-0.002297026770053048,0.006118614038042379,-0.0022943906228817257,51.68299942016601,50.7834997177124,48.37499969482422,46.69909982681274,51.51879718055978,50.476070068322215,1.0427271122375643,1.0182339950349606,73.25013823541224,94.81011146315545,94.95149266292948,1.3400633214536153,-9.597555761840315,0.6755996202805752,48.51019240103949,53.056807034385315,8.95293679761902,0.13859983835296966,0.002105643090132218,0.0030703165751101292,0.006800644814920805,0.020999862969007438,-0.0012239909598452008,-0.433883739117558,-0.9009688679024191,-1.0,-1.8369701987210297e-16
2010-11-01,52.369998931884766,52.75,51.97999954223633,52.220001220703125,45.655399322509766,60555600.0,0.0007661505931657,76.94999694824219,77.41999816894531,76.7699966430664,77.30000305175781,77.30000305175781,0.0,2.588000059127808,2.6410000324249268,2.559000015258789,2.628000020980835,2.628000020980835,0.0,21.64999961853028,22.540000915527344,20.920000076293945,21.82999992370605,21.82999992370605,0.0,0.0007661505931657454,0.01470308331999731,0.0007664441614991802,51.77499961853027,50.97049980163574,48.529799728393556,46.7386498260498,51.62667472519722,50.60525015368377,1.0214245715134496,1.0188721103306584,73.52801350927949,88.38587729360691,93.04709793991545,1.7933762131090698,-20.5425737655471,0.6823425372436536,48.887703496911946,53.05329610635953,8.17255594051268,0.12881207553076682,-0.002297026770053048,0.002105643090132218,0.004829574980186929,-0.0036966023297833024,-0.010872430609022852,0.0,1.0,-0.8660254037844386,0.5000000000000001
2010-11-02,52.650001525878906,52.93000030517578,52.58000183105469,52.77999877929688,46.144981384277344,48137500.0,0.0106663327463782,77.19999694824219,77.30999755859375,76.63999938964844,76.72000122070312,76.72000122070312,0.0,2.6070001125335693,2.615999937057495,2.586999893188477,2.594000101089477,2.594000101089477,0.0,21.34000015258789,21.81999969482422,21.21999931335449,21.56999969482422,21.56999969482422,0.0,0.01066633274637823,0.006647644140125238,0.010723420866591615,51.97099952697754,51.12649974822998,48.71239967346191,46.780799827575684,51.8041091950587,50.76634264446992,1.0377665505887776,1.0226509983822822,77.11250468561067,88.14167892833069,90.44588922836434,3.856747532944752,-5.434833687620511,0.6843180049028681,48.99030298632364,53.26269651013632,8.356514811011667,0.10784960791283349,0.0007661505931657454,-0.002297026770053048,0.0026944184301855383,-0.009401194426316845,0.02404800325280223,0.7818314824680298,0.6234898018587336,-0.8660254037844386,0.5000000000000001
2010-11-03,52.83000183105469,53.040000915527344,52.36000061035156,53.02000045776367,46.35483169555664,126225800.0,0.0045373209807176,76.72000122070312,76.9800033569336,76.22000122070312,76.4800033569336,76.4800033569336,0.0,2.627000093460083,2.6540000438690186,2.5269999504089355,2.61899995803833,2.61899995803833,0.0,21.65999984741211,22.020000457763672,19.540000915527344,19.559999465942383,19.559999465942383,0.0,0.004537320980717636,0.012871479871425283,0.0045476302077520625,52.15399971008301,51.315999794006345,48.8913996887207,46.8223998260498,51.991169389321,50.93328026026946,1.0578891290515386,1.0296986245161337,78.45875148250205,91.08640569885584,89.20465397359781,3.5749206488547745,-0.7633754502648471,0.6840095977795048,49.216061176598366,53.415938411414324,8.184342605961463,0.09856948978343948,0.01066633274637823,0.0007661505931657454,0.0030703165751101292,0.007254291426570065,-0.008696270201605892,0.9749279121818236,-0.22252093395631434,-0.8660254037844386,0.5000000000000001
2010-11-04,53.59999847412109,53.86000061035156,53.5,53.66999816894531,46.923099517822266,84201000.0,0.0121845509528669,76.38999938964844,76.5,75.62999725341797,75.87999725341797,75.87999725341797,0.0,2.546999931335449,2.549999952316284,2.4600000381469727,2.483999967575073,2.483999967575073,0.0,18.030000686645508,18.799999237060547,17.969999313354492,18.520000457763672,18.520000457763672,0.0,0.012184550952866986,0.006716429488806355,0.012259085007531034,52.39199943542481,51.528999710083006,49.09399963378906,46.872999820709225,52.24945074003244,51.136000105356565,1.1134506346758712,1.0464490265480813,81.61314640115886,96.09282266567095,91.77363576428583,4.640275318648819,-5.523322865101754,0.6951517802658181,49.379465185047856,53.67853423511816,8.34300893527548,0.10305583810522934,0.004537320980717636,0.01066633274637823,0.002105643090132218,0.0019517734131782817,0.003649536898034588,0.43388373911755823,-0.900968867902419,-0.8660254037844386,0.5000000000000001
2010-11-05,53.70000076293945,53.810001373291016,53.5099983215332,53.66999816894531,46.923099517822266,77937100.0,0.0,75.87000274658203,76.63999938964844,75.7300033569336,76.55000305175781,76.55000305175781,0.0,2.513999938964844,2.5899999141693115,2.486999988555908,2.5360000133514404,2.5360000133514404,0.0,18.06999969482422,18.440000534057617,17.920000076293945,18.26000022888184,18.26000022888184,0.0,0.0,0.0055866489291534005,0.0,52.5949993133545,51.724999618530276,49.28599960327148,46.92739980697632,52.46799649832673,51.323703665622396,1.1442928327043305,1.066017787779331,81.61314640115886,96.0633262731772,94.41418487923465,3.931058875465055,-5.523322865101754,0.6669268710866749,49.54383219315753,53.906167043903025,8.433706878525928,0.10352677221812868,0.012184550952866986,0.004537320980717636,-0.002297026770053048,0.006800644814920805,0.006857585910593469,-0.433883739117558,-0.9009688679024191,-0.8660254037844386,0.5000000000000001
2010-11-08,53.58000183105469,53.83000183105469,53.45000076293945,53.7400016784668,46.98431396484375,39623500.0,0.0013037193427378,76.41999816894531,77.16000366210938,76.37999725341797,77.02999877929688,77.02999877929688,0.0,2.5429999828338623,2.566999912261963,2.513999938964844,2.562999963760376,2.562999963760376,0.0,19.32999992370605,19.350000381469727,18.209999084472656,18.290000915527344,18.290000915527344,0.0,0.0013037193427378473,0.0070922182741507064,0.0013045695542390767,52.77999954223633,51.92349967956543,49.4885996246338,46.97979982376099,52.66368960296366,51.50268870361087,1.1610008993527856,1.085014410094022,81.94340818813485,95.01486462833219,95.7236711890601,3.5652386020020215,-3.9087603847998587,0.6464321708744292,49.76903064244918,54.07796871668168,8.298627983137063,0.10318394413114186,0.0,0.012184550952866986,0.0007661505931657454,0.004829574980186929,0.0004017719406440916,0.0,1.0,-0.8660254037844386,0.5000000000000001
2010-11-09,53.95000076293945,54.040000915527344,53.209999084472656,53.45000076293945,46.73077774047852,66828700.0,-0.0054108007218767,77.26000213623047,77.87000274658203,76.70999908447266,77.44000244140625,77.44000244140625,0.0,2.553999900817871,2.664999961853028,2.5339999198913574,2.6589999198913574,2.6589999198913574,0.0,18.51000022888184,19.38999938964844,17.829999923706055,19.07999992370605,19.07999992370605,0.0,-0.005410800721876733,0.015384649106897715,-0.0053961887057654145,52.9219997406006,52.09049968719483,49.68839965820313,47.02879981994629,52.78466055065224,51.646934041338916,1.1377265093133246,1.0955568299378826,75.86413502868716,90.80468863374672,93.96095984508537,2.72919857189695,-18.153850848858177,0.6595442894587333,50.01143630576418,54.16956306862548,7.982505039942003,0.10754157769832401,0.0013037193427378473,0.0,0.01066633274637823,0.0026944184301855383,0.00680832710339847,0.7818314824680298,0.6234898018587336,-0.8660254037844386,0.5000000000000001
2010-11-10,53.52000045776367,53.77000045776367,53.09999847412109,53.720001220703125,46.966827392578125,83553700.0,0.0050385525040286,77.73999786376953,78.16999816894531,77.48999786376953,77.62999725341797,77.62999725341797,0.0,2.7149999141693115,2.782999992370605,2.6480000019073486,2.6480000019073486,2.6480000019073486,0.0,18.940000534057617,19.959999084472656,18.40999984741211,18.46999931335449,18.46999931335449,0.0,0.005038552504028618,0.012518721560388066,0.005051267355542732,53.074999999999996,52.2504997253418,49.867599716186525,47.07794982910157,52.92855911527545,51.80049457314367,1.1280645421317743,1.102058372376661,77.53518807585759,88.8766621237689,91.56540512861594,2.9316011386349166,-11.307402395035238,0.6602912676147228,50.187864530005044,54.31313492067855,7.895178825768677,0.10621184000073382,-0.005410800721876733,0.0013037193427378473,0.004537320980717636,0.0030703165751101292,0.008148813335328542,0.9749279121818236,-0.22252093395631434,-0.8660254037844386,0.5000000000000001
2010-11-11,52.90999984741211,53.47999954223633,52.65999984741211,53.380001068115234,46.669578552246094,85163600.0,-0.0063490228152746,77.62999725341797,78.29000091552734,77.44000244140625,78.22000122070312,78.22000122070312,0.0,2.6480000019073486,2.6480000019073486,2.6480000019073486,2.6480000019073486,2.6480000019073486,0.0,19.440000534057617,19.75,18.479999542236328,18.63999938964844,18.63999938964844,0.0,-0.00634902281527463,0.015498009774882393,-0.006328910357249362,53.18300018310548,52.39849987030029,50.02999977111816,47.13174983978272,52.998011723404645,51.91749505425268,1.0805166691519617,1.0977500317317213,70.88013952983559,81.78264643109509,87.1546657295369,2.0650130914139333,-25.190807462821297,0.6888419894487436,50.468369782775454,54.32862995782513,7.367119640075207,0.11003011921536321,0.005038552504028618,-0.005410800721876733,0.012184550952866986,0.002105643090132218,-0.0019815509891329204,0.43388373911755823,-0.900968867902419,-0.8660254037844386,0.5000000000000001
2010-11-12,53.09999847412109,53.369998931884766,52.11000061035156,52.5099983215332,45.90891647338867,99164300.0,-0.016433172662462,78.16000366210938,78.4800033569336,77.69999694824219,78.08000183105469,78.08000183105469,0.0,2.671999931335449,2.776000022888184,2.66599988937378,2.75600004196167,2.75600004196167,0.0,19.59000015258789,21.229999542236328,19.290000915527344,20.61000061035156,20.61000061035156,0.0,-0.016433172662462067,0.023728782631646933,-0.016298884679360692,53.21599998474121,52.44949970245362,50.159999771118166,47.1793998336792,52.922932738501345,51.96138418516235,0.9615485533389929,1.0705097360531757,57.3220046953193,68.36826859606994,79.6758590503113,0.6324224117045263,-58.39698435393365,0.7303533086140956,50.567132574683505,54.33186683022374,7.177826817982244,0.10836264612950076,-0.00634902281527463,0.005038552504028618,0.0,-0.002297026770053048,0.020999862969007438,-0.433883739117558,-0.9009688679024191,-0.8660254037844386,0.5000000000000001
2010-11-15,52.77999877929688,52.880001068115234,52.290000915527344,52.310001373291016,45.73408126831055,56723400.0,-0.0038155761269213,78.12000274658203,78.70999908447266,77.87999725341797,78.5199966430664,78.5199966430664,0.0,2.8910000324249268,2.9110000133514404,2.812999963760376,2.9110000133514404,2.9110000133514404,0.0,20.32999992370605,20.3700008392334,19.13999938964844,20.200000762939453,20.200000762939453,0.0,-0.0038155761269213577,0.011178479845272751,-0.0038083060657611023,53.225,52.49999980926515,50.28599983215332,47.22759984970093,52.828635605392066,51.98720768057929,0.841427924812777,1.0246933738050958,54.730270790106026,47.90772813623866,66.01954772113456,0.172348047652303,-72.68902377452906,0.7203280831836525,50.69487221408052,54.30512740444978,6.876676578067576,0.10843155872442023,-0.016433172662462067,-0.00634902281527463,0.0013037193427378473,0.0007661505931657454,-0.0036966023297833024,0.0,1.0,-0.8660254037844386,0.5000000000000001
2010-11-16,51.93999862670898,52.25,50.84999847412109,51.45000076293945,44.982200622558594,101097000.0,-0.0165769109511567,78.69000244140625,79.45999908447266,78.30000305175781,79.20999908447266,79.20999908447266,0.0,2.9189999103546143,2.963000059127808,2.845000028610229,2.8469998836517334,2.8469998836517334,0.0,21.26000022888184,23.06999969482422,20.950000762939453,22.57999992370605,22.57999992370605,0.0,-0.016576910951156768,0.026954207987964676,-0.01644027003277615,53.09200019836426,52.5314998626709,50.400999832153325,47.26929985046387,52.616537937322434,51.94741457556893,0.6691233617535062,0.953579371394778,45.25492688611153,29.240942218603312,48.50564631697063,-2.5198901991621963,-81.19116521572735,0.7731619986112437,50.83084616103404,54.23215356430776,6.47479590753262,0.11992170401267457,-0.0038155761269213577,-0.016433172662462067,-0.005410800721876733,0.01066633274637823,-0.009401194426316845,0.7818314824680298,0.6234898018587336,-0.8660254037844386,0.5000000000000001
2010-11-17,51.47999954223633,51.869998931884766,51.34999847412109,51.59999847412109,45.11333465576172,77836200.0,0.0029110016473012,79.29000091552734,79.37000274658203,78.86000061035156,79.08000183105469,79.08000183105469,0.0,2.859999895095825,2.878000020980835,2.802000045776367,2.864000082015991,2.864000082015991,0.0,22.190000534057617,22.209999084472656,21.21999931335449,21.76000022888184,21.76000022888184,0.0,0.002911001647301276,0.010101019082897409,0.002915242726861278,52.95,52.55199985504151,50.50799980163574,47.31219984054566,52.46014725067607,51.92168004953575,0.5384672011403211,0.8705569373438867,46.97911602398301,23.210254934304317,33.45297509638209,-2.6782383466287873,-76.48904620683062,0.7550790314078463,50.91058047001801,54.193419240065005,6.246838900712278,0.11770344397392998,-0.016576910951156768,-0.0038155761269213577,0.005038552504028618,0.004537320980717636,0.007254291426570065,0.9749279121818236,-0.22252093395631434,-0.8660254037844386,0.5000000000000001
2010-11-18,52.15999984741211,52.790000915527344,52.130001068115234,52.43000030517578,45.838993072509766,71488300.0,0.0159572345837989,78.94999694824219,79.01000213623047,78.43000030517578,78.62000274658203,78.62000274658203,0.0,2.9230000972747803,2.9600000381469727,2.8989999294281006,2.9019999504089355,2.9019999504089355,0.0,20.309999465942383,20.309999465942383,18.75,18.75,18.75,0.0,0.015957234583798982,0.012653371344763431,0.016085231169125525,52.826000213623054,52.60899982452393,50.62799980163574,47.35599985122681,52.45550925906064,51.95933340180538,0.4961758572552597,0.7956807213261614,55.35761717539478,30.6165295449473,27.68924223261831,-2.3104116006603896,-50.47019994260009,0.7861449892648756,51.07654488144562,54.141454767602234,5.825828083368905,0.13000980877383506,0.002911001647301276,-0.016576910951156768,-0.00634902281527463,0.012184550952866986,0.0019517734131782817,0.43388373911755823,-0.900968867902419,-0.8660254037844386,0.5000000000000001
2010-11-19,52.36000061035156,52.59000015258789,52.13999938964844,52.470001220703125,45.87396240234375,54506100.0,0.0007625821531445,78.5199966430664,78.72000122070312,78.16999816894531,78.5,78.5,0.0,2.88100004196167,2.9100000858306885,2.868000030517578,2.875,2.875,0.0,19.14999961853028,19.71999931335449,17.760000228881836,18.040000915527344,18.040000915527344,0.0,0.0007625821531445557,0.008594361300494104,0.0007628729928397249,52.70600051879883,52.65049991607666,50.74539985656738,47.39954986572266,52.457738791621026,51.997160647649665,0.460578143971361,0.7286602058552014,55.72077461763665,41.274833381166545,31.700539286806055,-2.2358803599448103,-49.21625370706963,0.7621346873844883,51.18504508516997,54.115954746983356,5.566727127919338,0.12825259771307185,0.015957234583798982,0.002911001647301276,-0.016433172662462067,0.0,0.006800644814920805,-0.433883739117558,-0.9009688679024191,-0.8660254037844386,0.5000000000000001
2010-11-22,52.2599983215332,52.90999984741211,52.16999816894531,52.90999984741211,46.25864028930664,69918900.0,0.0083505753900049,78.20999908447266,78.87999725341797,77.97000122070312,78.68000030517578,78.68000030517578,0.0,2.8399999141693115,2.8480000495910645,2.7980000972747803,2.812999963760376,2.812999963760376,0.0,19.450000762939453,20.13999938964844,18.350000381469727,18.3700008392334,18.3700008392334,0.0,0.008350575390004913,0.01416000195625507,0.008385538698162165,52.62300033569336,52.701499938964844,50.85859985351563,47.44529987335206,52.52731741558888,52.06477836615059,0.46253904943829127,0.6754359745718195,59.61265070726732,54.96344749513706,42.28493680708364,-1.5444767494066953,-35.42320386491908,0.7605537581760818,51.277062176658134,54.12593770127155,5.405682054424989,0.13031328763793568,0.0007625821531445557,0.015957234583798982,-0.0038155761269213577,0.0013037193427378473,0.004829574980186929,0.0,1.0,-0.8660254037844386,0.5000000000000001
2010-11-23,52.369998931884766,52.45000076293945,51.77000045776367,52.06999969482422,45.52425003051758,76818300.0,-0.0160031118926436,78.69999694824219,79.73999786376953,78.69000244140625,79.68000030517578,79.68000030517578,0.0,2.746999979019165,2.7869999408721924,2.727999925613404,2.76200008392334,2.76200008392334,0.0,20.25,21.450000762939453,20.239999771118164,20.6299991607666,20.6299991607666,0.0,-0.016003111892643675,0.012984539221782804,-0.015875742438517526,52.485000228881844,52.70349998474122,50.950999832153315,47.48404987335206,52.45696084316354,52.06516513123752,0.39179571192602225,0.6187079220426601,50.48900291826988,51.20168851047557,49.14665646225973,-2.581854159807765,-61.75547689658458,0.7876570175669644,51.282925030272175,54.12407493921027,5.390818275371969,0.14329286789823248,0.008350575390004913,0.0007625821531445557,-0.016576910951156768,-0.005410800721876733,0.0026944184301855383,0.7818314824680298,0.6234898018587336,-0.8660254037844386,0.5000000000000001
2010-11-24,52.58000183105469,53.25,52.560001373291016,53.119998931884766,46.44224548339844,53444200.0,0.0199643563327023,79.68000030517578,80.0,79.38999938964844,79.87000274658203,79.87000274658203,0.0,2.808000087738037,2.930000066757202,2.808000087738037,2.9140000343322754,2.9140000343322754,0.0,19.420000076293945,19.61000061035156,18.729999542236328,19.559999465942383,19.559999465942383,0.0,0.019964356332702368,0.013122833828078318,0.020164976957675718,52.42500000000001,52.75000000000001,51.058399810791016,47.52679986953736,52.558966702966806,52.14330096832251,0.4156657346442998,0.5780994845629881,58.94702822968494,57.993717911923305,54.719617972511976,-1.1169066924501945,-28.84016550272642,0.8156815381104513,51.339348757645176,54.16065124235484,5.348440729307415,0.15964867347332107,-0.016003111892643675,0.008350575390004913,0.002911001647301276,0.005038552504028618,0.0030703165751101292,0.9749279121818236,-0.22252093395631434,-0.8660254037844386,0.5000000000000001
2010-11-25,52.58000183105469,53.25,52.560001373291016,53.119998931884766,46.44224548339844,53444200.0,0.0,79.68000030517578,80.0,79.38999938964844,79.87000274658203,79.87000274658203,0.0,2.808000087738037,2.930000066757202,2.808000087738037,2.9140000343322754,2.9140000343322754,0.0,19.420000076293945,19.61000061035156,18.729999542236328,19.559999465942383,19.559999465942383,0.0,0.0,0.013122833828078318,0.0,52.39899978637696,52.790999984741205,51.16199981689453,47.568149871826186,52.64527935356956,52.215648965623416,0.4296303879461476,0.54840566523962,58.94702822968493,60.18806403265419,56.461156818351014,-0.48707780260006844,-28.84016550272642,0.8067041872960609,51.38777220536434,54.19422776411807,5.316162905731863,0.15960977413810143,0.019964356332702368,-0.016003111892643675,0.015957234583798982,-0.00634902281527463,0.002105643090132218,0.43388373911755823,-0.900968867902419,-0.8660254037844386,0.5000000000000001
2010-11-26,52.77999877929688,53.130001068115234,52.66999816894531,52.77000045776367,46.13625717163086,23640300.0,-0.0066103775115097,79.7699966430664,80.5199966430664,79.75,80.36000061035156,80.36000061035156,0.0,2.864000082015991,2.8959999084472656,2.8410000801086426,2.864000082015991,2.864000082015991,0.0,21.170000076293945,22.21999931335449,20.280000686645508,22.21999931335449,22.21999931335449,0.0,-0.006610377511509708,0.008715477639426537,-0.0065885770290103896,52.42500000000001,52.8204999923706,51.25759979248046,47.60784986495973,52.66446721575327,52.256712039115286,0.4077551766379841,0.5202755675192928,55.29527151029519,67.5025909627221,61.89479096909986,0.4951478661995073,-39.81189610638085,0.7819398095727652,51.446861388510314,54.194138596230886,5.201157141862324,0.16143580966572532,0.0,0.019964356332702368,0.0007625821531445557,-0.016433172662462067,-0.002297026770053048,-0.433883739117558,-0.9009688679024191,-0.8660254037844386,0.5000000000000001
2010-11-29,52.70000076293945,52.900001525878906,52.09999847412109,52.72999954223633,46.10129928588867,89269100.0,-0.0007579968238224,80.61000061035156,81.13999938964844,80.05000305175781,80.83999633789062,80.83999633789062,0.0,2.836999893188477,2.8550000190734863,2.811000108718872,2.822000026702881,2.822000026702881,0.0,23.14999961853028,23.84000015258789,21.3799991607666,21.530000686645508,21.530000686645508,0.0,-0.000757996823822425,0.015180323343000988,-0.0007577096168018826,52.466999816894536,52.84599990844726,51.335599746704105,47.64779985427858,52.67454911213528,52.29177037267981,0.3827787394554747,0.4927762019065292,54.87684659876088,65.24383095878657,64.31149531805428,0.8029022326880678,-35.61644551453299,0.7832300411574119,51.500654641952885,54.19134517494164,5.091568969553466,0.1615009096953546,-0.006610377511509708,0.0,0.008350575390004913,-0.0038155761269213577,0.0007661505931657454,0.0,1.0,-0.8660254037844386,0.5000000000000001
2010-11-30,52.18000030517578,52.7400016784668,51.880001068115234,52.09000015258789,45.54174041748047,118862100.0,-0.0122118564398069,80.86000061035156,81.44000244140625,80.66999816894531,81.19999694824219,81.19999694824219,0.0,2.7730000019073486,2.805999994277954,2.750999927520752,2.796999931335449,2.796999931335449,0.0,23.270000457763672,23.790000915527344,22.420000076293945,23.540000915527344,23.540000915527344,0.0,-0.012211856439806951,0.01648142210275645,-0.012137594321110168,52.530999755859376,52.811499977111815,51.400999755859374,47.68744985580445,52.584618502974145,52.27682443045077,0.30779407252337165,0.4557797760298977,48.547089454659215,57.23999734142246,63.328806420977045,1.2439249371390542,-52.851666354818775,0.7887136532427085,51.424291076557466,54.198708877666164,5.253434956990643,0.16278613799120564,-0.000757996823822425,-0.006610377511509708,-0.016003111892643675,-0.016576910951156768,0.01066633274637823,0.7818314824680298,0.6234898018587336,-0.8660254037844386,0.5000000000000001
2010-12-01,52.86000061035156,53.459999084472656,52.84000015258789,53.18999862670898,46.503448486328125,81758800.0,0.0208971935985152,81.26000213623047,81.36000061035156,80.5,80.70999908447266,80.70999908447266,0.0,2.9030001163482666,2.9830000400543213,2.890000104904175,2.96399998664856,2.96399998664856,0.0,21.190000534057617,21.43000030517578,20.39999961853028,21.36000061035156,21.36000061035156,0.0,0.02089719359851525,0.011729075382631595,0.021117068869825673,52.68999977111817,52.819999885559085,51.49099975585937,47.73034984588624,52.67775390662566,52.34446696350694,0.333286943118722,0.4312812094476626,57.5995316488571,67.0623484749189,63.18205892504264,3.0813957356710433,-10.344842705891544,0.8302340302885698,51.42534849777455,54.21465127334362,5.2807701280053605,0.1792379274012355,-0.012211856439806951,-0.000757996823822425,0.019964356332702368,0.002911001647301276,0.004537320980717636,0.9749279121818236,-0.22252093395631434,-0.5000000000000004,0.8660254037844384
2010-12-02,53.27000045776367,53.810001373291016,53.209999084472656,53.72999954223633,46.9755744934082,56844600.0,0.0101013041541231,80.79000091552734,81.0199966430664,80.05999755859375,80.30000305175781,80.30000305175781,0.0,3.0239999294281006,3.0239999294281006,2.941999912261963,3.0,3.0,0.0,21.1299991607666,21.1299991607666,19.100000381469727,19.38999938964844,19.38999938964844,0.0,0.010101304154123119,0.011263418127696184,0.010152494544977353,52.81999969482422,52.82299995422363,51.592199783325185,47.77599985122681,52.839637850565765,52.44709900637578,0.3925388441899855,0.42353273639612715,61.20771252177464,78.0335763412832,67.44530738587486,2.4794950018953434,-2.7027619154400995,0.8152175100238176,51.42041424962488,54.22558565882238,5.310511352305734,0.17752868252393944,0.02089719359851525,-0.012211856439806951,0.0,0.015957234583798982,0.012184550952866986,0.43388373911755823,-0.900968867902419,-0.5000000000000004,0.8660254037844384
2010-12-03,53.5,53.93999862670898,53.5,53.869998931884766,47.09798431396485,38014200.0,0.0026024292308052,80.22000122070312,80.31999969482422,79.05999755859375,79.37999725341797,79.37999725341797,0.0,3.032999992370605,3.062000036239624,2.9030001163482666,3.0169999599456787,3.0169999599456787,0.0,19.26000022888184,19.280000686645508,17.709999084472656,18.010000228881836,18.010000228881836,0.0,0.002602429230805254,0.008224273396429482,0.0026058184892199243,52.95999946594239,52.8329999923706,51.676399765014644,47.821549854278565,52.99815493999946,52.55249900085792,0.4456559391415382,0.4279573769452094,62.1080005965547,94.89567773282965,79.99720084967726,2.6681869232151696,-2.2653621801793977,0.7884161612156148,51.4024150919477,54.2635848927935,5.415497513408231,0.1777580110049034,0.010101304154123119,0.02089719359851525,-0.006610377511509708,0.0007625821531445557,0.0,-0.433883739117558,-0.9009688679024191,-0.5000000000000004,0.8660254037844384
2010-12-06,53.880001068115234,53.95000076293945,53.68000030517578,53.84999847412109,47.08047866821289,39312000.0,-0.0003717547600427,79.19999694824219,79.97000122070312,79.16999816894531,79.56999969482422,79.56999969482422,0.0,2.9649999141693115,2.9809999465942383,2.937000036239624,2.940999984741211,2.940999984741211,0.0,18.799999237060547,18.850000381469727,17.950000762939453,18.020000457763672,18.020000457763672,0.0,-0.0003717547600427417,0.005011144254105278,-0.00037168566780398926,53.05399932861328,52.83849983215332,51.7655997467041,47.86374984741211,53.129207791402784,52.64861007295149,0.4805977184512926,0.4384854452464261,61.887030132952525,97.06187913755049,89.99704440388777,1.7765991862027075,-3.8462384917289816,0.7513864681119046,51.3924706859224,54.28452897838424,5.473392131965796,0.1777177693635699,0.002602429230805254,0.010101304154123119,-0.000757996823822425,0.008350575390004913,0.0013037193427378473,0.0,1.0,-0.5000000000000004,0.8660254037844384
2010-12-07,54.5,54.52000045776367,53.81999969482422,53.880001068115234,47.106719970703125,59067300.0,0.0005572159178405,79.70999908447266,80.01000213623047,79.19999694824219,79.86000061035156,79.86000061035156,0.0,3.026000022888184,3.177000045776367,3.0190000534057617,3.164999961853028,3.164999961853028,0.0,17.1299991607666,18.14999961853028,17.1299991607666,17.989999771118164,17.989999771118164,0.0,0.0005572159178405154,0.012844050696136755,0.000557371191469036,53.23499946594238,52.859999847412105,51.855799789428715,47.905399856567385,53.24471444935855,52.739824220741404,0.5048902286171426,0.4517664019205694,62.10483821785033,90.20523141665554,94.05426276234522,3.4760925367758944,-23.272705078125,0.7477160605995866,51.36377316821332,54.35622652661089,5.661092256972588,0.17652086862857513,-0.0003717547600427417,0.002602429230805254,-0.012211856439806951,-0.016003111892643675,-0.005410800721876733,0.7818314824680298,0.6234898018587336,-0.5000000000000004,0.8660254037844384
2010-12-08,54.02000045776367,54.150001525878906,53.68999862670898,54.08000183105469,47.28159332275391,48066900.0,0.0037054068673076,79.94000244140625,80.4000015258789,79.88999938964844,80.0,80.0,0.0,3.220999956130981,3.3299999237060547,3.1730000972747803,3.236000061035156,3.236000061035156,0.0,17.969999313354492,18.31999969482422,17.690000534057617,17.739999771118164,17.739999771118164,0.0,0.0037054068673076667,0.008515418276043685,0.0037122803744251698,53.33099975585939,52.87799987792968,51.951599807739264,47.94779987335205,53.37322020038872,52.839096636320164,0.5341235640685582,0.4682378343501672,63.59825470714472,85.62703545600037,90.96471533673545,1.8072344097764832,-15.999950062144885,0.7271651204974683,51.33042994821806,54.4255698076413,5.853360313492297,0.1761192719917638,0.0005572159178405154,-0.0003717547600427417,0.02089719359851525,0.019964356332702368,0.005038552504028618,0.9749279121818236,-0.22252093395631434,-0.5000000000000004,0.8660254037844384
2010-12-09,54.40999984741211,54.43999862670898,53.95000076293945,54.130001068115234,47.32529830932617,51679800.0,0.0009239282451274,80.04000091552734,80.4000015258789,79.68000030517578,80.06999969482422,80.06999969482422,0.0,3.246000051498413,3.2780001163482666,3.178999900817871,3.2230000495910645,3.2230000495910645,0.0,17.31999969482422,17.84000015258789,17.239999771118164,17.25,17.25,0.0,0.0009239282451274852,0.009005658245610707,0.0009243551983098008,53.431999969482426,52.91549987792968,52.05279983520508,47.989699878692626,53.4896480261928,52.9347191868235,0.5549288393693033,0.48557603535399446,63.98042085901811,82.18184962417139,86.00470549894243,1.9013594814367074,-14.181795987215907,0.7102246021597579,51.28271104314879,54.54828871271058,6.171306473708321,0.17434210740258207,0.0037054068673076667,0.0005572159178405154,0.010101304154123119,0.0,-0.00634902281527463,0.43388373911755823,-0.900968867902419,-0.5000000000000004,0.8660254037844384
2010-12-10,54.290000915527344,54.54999923706055,54.09000015258789,54.4900016784668,47.64004135131836,44696200.0,0.0066286119875051,80.08999633789062,80.30000305175781,79.81999969482422,80.06999969482422,80.06999969482422,0.0,3.234999895095825,3.2980000972747803,3.2330000400543213,3.2960000038146973,3.2960000038146973,0.0,17.059999465942383,17.6299991607666,17.059999465942383,17.610000610351562,17.610000610351562,0.0,0.006628611987505128,0.008472998281735027,0.006650629858368173,53.604000091552734,53.014500045776366,52.16239990234374,48.02994989395142,53.64354858808111,53.049925297315596,0.5936232907655139,0.5071854864362983,66.69188930658024,89.22002248068308,85.67630252028495,3.259429990113016,-2.158186508589932,0.6923513508963935,51.25040786575493,54.7785922257978,6.655130873622112,0.16314644947297888,0.0009239282451274852,0.0037054068673076667,0.002602429230805254,-0.006610377511509708,-0.016433172662462067,-0.433883739117558,-0.9009688679024191,-0.5000000000000004,0.8660254037844384
2010-12-13,54.70000076293945,54.7400016784668,54.27000045776367,54.29999923706055,47.47392654418945,53110200.0,-0.0034929670099786,80.2300033569336,80.30999755859375,79.0999984741211,79.27999877929688,79.27999877929688,0.0,3.365999937057495,3.371000051498413,3.25,3.282999992370605,3.282999992370605,0.0,16.81999969482422,17.670000076293945,16.68000030517578,17.549999237060547,17.549999237060547,0.0,-0.0034929670099786924,0.008592343951511643,-0.003486873697356896,53.76100006103517,53.113999938964845,52.27879989624024,48.068799896240236,53.74454099561641,53.14252336692633,0.6020176286900778,0.5261519148870543,63.955460347007104,89.42510667965553,86.94232626150333,2.977431648878853,-15.384697465227571,0.6764691987397315,51.293630629440344,54.93436924848935,6.854574355598718,0.16300179548077276,0.006628611987505128,0.0009239282451274852,-0.0003717547600427417,-0.000757996823822425,-0.0038155761269213577,0.0,1.0,-0.5000000000000004,0.8660254037844384
2010-12-14,54.43999862670898,54.619998931884766,54.22999954223633,54.400001525878906,47.56134796142578,69884800.0,0.0018397682828694,79.36000061035156,79.52999877929688,78.83000183105469,79.37000274658203,79.37000274658203,0.0,3.315000057220459,3.4670000076293945,3.299999952316284,3.4549999237060547,3.4549999237060547,0.0,17.600000381469727,17.950000762939453,17.219999313354492,17.610000610351562,17.610000610351562,0.0,0.0018397682828694372,0.007163839079472325,0.0018414616948727591,53.992000198364266,53.26149997711182,52.37359992980957,48.106849899291994,53.845381077195256,53.23566989721912,0.6097111799761379,0.542863767904871,64.77468218260685,90.1896671132893,89.61159875787597,4.434634990447878,-11.888114686314577,0.6560070695189248,51.53309532126394,54.98990463295969,6.490259029845672,0.14775964683090612,-0.0034929670099786924,0.006628611987505128,0.0005572159178405154,-0.012211856439806951,-0.016576910951156768,0.7818314824680298,0.6234898018587336,-0.5000000000000004,0.8660254037844384
2010-12-15,54.369998931884766,54.70000076293945,54.02999877929688,54.15999984741211,47.35150146484375,76951900.0,-0.00442188470326,79.55000305175781,80.27999877929688,79.45999908447266,80.26000213623047,80.26000213623047,0.0,3.407000064849853,3.562999963760376,3.3970000743865967,3.5199999809265137,3.5199999809265137,0.0,17.989999771118164,18.13999938964844,17.3700008392334,17.940000534057617,17.940000534057617,0.0,-0.0044218847032600405,0.012323008953558296,-0.004412122565412235,54.08900032043457,53.389500045776366,52.47219993591309,48.14179990768433,53.89378396492093,53.3041387824186,0.5896451825023306,0.552220050824363,61.18078144144774,84.14913595791563,87.92130325028683,1.8236534043000576,-20.279779974710966,0.6570067062420424,51.80609252572613,54.9729075658266,5.931531550932738,0.1499548006670485,0.0018397682828694372,-0.0034929670099786924,0.0037054068673076667,0.02089719359851525,0.002911001647301276,0.9749279121818236,-0.22252093395631434,-0.5000000000000004,0.8660254037844384
2010-12-16,54.209999084472656,54.65999984741211,54.060001373291016,54.58000183105469,47.71871948242188,65519400.0,0.0077252338364562,80.20999908447266,80.38999938964844,79.9800033569336,80.18000030517578,80.18000030517578,0.0,3.513999938964844,3.565999984741211,3.4590001106262207,3.476999998092652,3.476999998092652,0.0,18.030000686645508,18.270000457763672,16.8799991607666,17.389999389648438,17.389999389648438,0.0,0.007725233836456261,0.011068040661394348,0.007755150443344849,54.17400054931641,53.497000122070304,52.575599975585945,48.177949924469,53.999355944326126,53.39864715639164,0.6007087879344866,0.5619177982463877,64.85562118693468,87.41256875790282,87.25045727636925,1.5819882673741428,-5.594399065265987,0.6529346896619747,51.8960378160875,55.09796242805311,5.985241424116131,0.1427741706828783,-0.0044218847032600405,0.0018397682828694372,0.0009239282451274852,0.010101304154123119,0.015957234583798982,0.43388373911755823,-0.900968867902419,-0.5000000000000004,0.8660254037844384
2010-12-17,54.540000915527344,54.68000030517578,54.40999984741211,54.52000045776367,47.76076889038086,36844200.0,0.0008808051110066,80.05000305175781,80.62999725341797,79.55000305175781,80.37000274658203,80.37000274658203,0.0,3.385999917984009,3.4230000972747803,3.328000068664551,3.3299999237060547,3.3299999237060547,0.0,17.6200008392334,17.639999389648438,15.460000038146973,16.110000610351562,16.110000610351562,0.0,0.0008808051110066783,0.004950503359577387,0.0008811931337442402,54.239000701904295,53.599500083923346,52.670999984741215,48.21374992370606,54.0794551002396,53.481710363900675,0.5977447363389246,0.569083185864895,63.92461140267619,88.81115740913643,86.79095404165162,1.206611358394108,-7.692348732613786,0.6255822445263817,52.012957364713714,55.18604280313298,5.919990733963954,0.14276109334165257,0.007725233836456261,-0.0044218847032600405,0.006628611987505128,0.002602429230805254,0.0007625821531445557,-0.433883739117558,-0.9009688679024191,-0.5000000000000004,0.8660254037844384
2010-12-20,54.619998931884766,54.7599983215332,54.15999984741211,54.560001373291016,47.79581069946289,48159600.0,0.0007334253863675,80.45999908447266,80.72000122070312,80.30999755859375,80.62999725341797,80.62999725341797,0.0,3.2880001068115234,3.371000051498413,3.249000072479248,3.3489999771118164,3.3489999771118164,0.0,16.219999313354492,16.860000610351562,15.779999732971191,16.40999984741211,16.40999984741211,0.0,0.0007334253863675454,0.0109849594627297,0.0007336944085314379,54.3100009918213,53.68200016021729,52.766800003051756,48.25034992218018,54.15338529609367,53.56158377200366,0.591801524090009,0.5736268535099178,64.2926200560082,92.09891151573586,89.4408792275917,1.3184826727732184,-10.416517654912615,0.6237548323545754,52.07495406659518,55.2890462538394,5.987280983665959,0.14082517293632685,0.0008808051110066783,0.007725233836456261,-0.0034929670099786924,-0.0003717547600427417,0.008350575390004913,0.0,1.0,-0.5000000000000004,0.8660254037844384
2010-12-21,54.77000045776367,54.88999938964844,54.619998931884766,54.88999938964844,48.08488464355469,35775400.0,0.0060298857645874,80.62000274658203,80.81999969482422,80.23999786376953,80.72000122070312,80.72000122070312,0.0,3.319000005722046,3.38100004196167,3.3010001182556152,3.325999975204468,3.325999975204468,0.0,16.200000762939453,16.6200008392334,16.079999923706055,16.489999771118164,16.489999771118164,0.0,0.006029885764587492,0.004929714360179437,0.006048102121532617,54.41100082397461,53.823000144958506,52.8623999786377,48.28709991455079,54.26671054125595,53.65998492886624,0.6067256123897096,0.5802466052858762,67.25986601129159,93.96371120415786,91.62459337634337,1.8745328535839498,0.0,0.602772202640493,52.3199903104624,55.32600997945461,5.58500949574766,0.12506025569332238,0.0007334253863675454,0.0008808051110066783,0.0018397682828694372,0.0005572159178405154,-0.016003111892643675,0.7818314824680298,0.6234898018587336,-0.5000000000000004,0.8660254037844384
2010-12-22,54.869998931884766,54.959999084472656,54.790000915527344,54.880001068115234,48.07612991333008,35766500.0,-0.0001820848144987,80.70999908447266,80.77999877929688,80.27999877929688,80.7300033569336,80.7300033569336,0.0,3.3299999237060547,3.365000009536743,3.302999973297119,3.345999956130981,3.345999956130981,0.0,16.520000457763672,16.559999465942383,15.449999809265137,15.449999809265137,15.449999809265137,0.0,-0.00018208481449870646,0.00309819887469557,-0.00018206823806499184,54.49100074768068,53.91100025177002,52.949599990844725,48.323149929046636,54.36106293000353,53.75035649473653,0.610706435266998,0.5863385712821005,67.07798973513208,94.70138757342886,93.58800343110752,1.4792884799814456,-5.479319624800771,0.5718597716622659,52.37555291134366,55.44644759219638,5.6962302062868755,0.10745788131300107,0.006029885764587492,0.0007334253863675454,-0.0044218847032600405,0.0037054068673076667,0.019964356332702368,0.9749279121818236,-0.22252093395631434,-0.5000000000000004,0.8660254037844384
2010-12-23,54.77999877929688,54.869998931884766,54.61000061035156,54.7400016784668,47.953495025634766,21664800.0,-0.0025541067028063,80.58000183105469,80.83000183105469,80.33999633789062,80.5,80.5,0.0,3.378999948501587,3.407000064849853,3.3540000915527344,3.3929998874664307,3.3929998874664307,0.0,15.4399995803833,16.860000610351562,15.399999618530272,16.469999313354492,16.469999313354492,0.0,-0.002554106702806377,0.004746227223930951,-0.002550847747445406,54.55200080871584,53.992000389099125,53.03600006103515,48.35769992828369,54.419361198997876,53.82366354538321,0.5956976536146641,0.5882103877486133,64.44998232725872,92.44445554663059,93.7031847747391,1.126917787391062,-17.18731373530744,0.5502983920980806,52.46133607685018,55.52266470134807,5.669967036664871,0.10838136756395127,-0.00018208481449870646,0.006029885764587492,0.007725233836456261,0.0009239282451274852,0.0,0.43388373911755823,-0.900968867902419,-0.5000000000000004,0.8660254037844384
2010-12-24,54.77999877929688,54.869998931884766,54.61000061035156,54.7400016784668,47.953495025634766,21664800.0,0.0,80.58000183105469,80.83000183105469,80.33999633789062,80.5,80.5,0.0,3.378999948501587,3.407000064849853,3.3540000915527344,3.3929998874664307,3.3929998874664307,0.0,15.4399995803833,16.860000610351562,15.399999618530272,16.469999313354492,16.469999313354492,0.0,0.0,0.004746227223930951,0.0,54.57700080871583,54.09050045013428,53.10100006103516,48.39394992828369,54.468690503531555,53.89154044413014,0.5771500594014114,0.5859983220791729,64.44998232725871,86.67024749652094,91.27203020552679,0.45879976564360114,-17.32262415032896,0.529562672772018,52.63946744379941,55.541533456469146,5.365204589565839,0.10419802566285516,-0.002554106702806377,-0.00018208481449870646,0.0008808051110066783,0.006628611987505128,-0.006610377511509708,-0.433883739117558,-0.9009688679024191,-0.5000000000000004,0.8660254037844384
2010-12-27,54.58000183105469,54.86000061035156,54.209999084472656,54.77000045776367,47.97977828979492,29263700.0,0.0005479488796625,80.66000366210938,80.66000366210938,80.20999908447266,80.37000274658203,80.37000274658203,0.0,3.424000024795532,3.427999973297119,3.3489999771118164,3.3510000705718994,3.3510000705718994,0.0,18.26000022888184,18.31999969482422,17.65999984741211,17.670000076293945,17.670000076293945,0.0,0.0005479488796625702,0.01190915177853789,0.0005480990310737788,54.62400093078614,54.19250049591065,53.17040008544922,48.428199939727776,54.51504588110573,53.95661155625115,0.5584343248545807,0.5804855226342545,64.79277001216815,83.50984857289353,87.54151720534836,0.8655639545245928,-14.960516395683,0.5381654479939386,52.86238082703972,55.52262016478158,4.90886988678922,0.10385347367242471,0.0,-0.002554106702806377,0.0007334253863675454,-0.0034929670099786924,-0.000757996823822425,0.0,1.0,-0.5000000000000004,0.8660254037844384
2010-12-28,54.880001068115234,54.91999816894531,54.54999923706055,54.66999816894531,47.89216613769531,24160500.0,-0.0018276916570642,80.08999633789062,80.45999908447266,79.5999984741211,80.36000061035156,80.36000061035156,0.0,3.3410000801086426,3.486999988555908,3.325999975204468,3.4809999465942383,3.4809999465942383,0.0,17.299999237060547,17.989999771118164,17.299999237060547,17.520000457763672,17.520000457763672,0.0,-0.0018276916570642815,0.0067419629133304,-0.001826022445757025,54.65100059509278,54.32150039672852,53.24740005493164,48.4602999305725,54.53888469461951,54.00945500904331,0.5294296855762042,0.5702743552226445,62.62494709772154,79.66794993464033,83.28268200135159,0.4963173446566261,-28.713009650067043,0.5261535539861406,53.41788614157338,55.22511465188365,3.3269119908534535,0.09072129041695333,0.0005479488796625702,0.0,0.006029885764587492,0.0018397682828694372,-0.012211856439806951,0.7818314824680298,0.6234898018587336,-0.5000000000000004,0.8660254037844384
2010-12-29,54.81999969482422,54.900001525878906,54.72999954223633,54.790000915527344,47.99729919433594,24132700.0,0.0021927976843559,80.41000366210938,80.44000244140625,79.69999694824219,79.80000305175781,79.80000305175781,0.0,3.483999967575073,3.493000030517578,3.336999893188477,3.3410000801086426,3.3410000801086426,0.0,17.489999771118164,17.489999771118164,17.020000457763672,17.280000686645508,17.280000686645508,0.0,0.0021927976843559537,0.0031010942099408425,0.0021952036234560435,54.7140007019043,54.40150051116944,53.31940010070801,48.49414993286132,54.57751795937456,54.06727322433842,0.5102447350361388,0.5582684311853433,64.17398378227401,79.34903564922624,80.84227805225336,1.1632220640512747,-18.279367006571256,0.5049999684823873,53.64900850464933,55.153992517689545,2.7664384233872723,0.05931774720785281,-0.0018276916570642815,0.0005479488796625702,-0.00018208481449870646,-0.0044218847032600405,0.02089719359851525,0.9749279121818236,-0.22252093395631434,-0.5000000000000004,0.8660254037844384
2010-12-30,54.790000915527344,54.79999923706055,54.54999923706055,54.65999984741211,47.88339614868164,27553300.0,-0.002375933942266,79.68000030517578,79.73999786376953,79.43000030517578,79.5199966430664,79.5199966430664,0.0,3.384000062942505,3.4210000038146973,3.3550000190734863,3.36899995803833,3.36899995803833,0.0,17.649999618530273,17.889999389648438,17.459999084472656,17.520000457763672,17.520000457763672,0.0,-0.0023759339422660883,0.004562876361061543,-0.0023731136452723733,54.72200050354004,54.44800052642823,53.386800079345704,48.52769992828368,54.590207480611106,54.11117890012166,0.4790285804894481,0.5424204610461643,61.214118760662785,73.58321714968574,77.5334009111841,0.14657019727673398,-32.25797189430445,0.4867856850193596,53.757871114980055,55.13812993787641,2.535003690771702,0.051576584300401906,0.0021927976843559537,-0.0018276916570642815,-0.002554106702806377,0.007725233836456261,0.010101304154123119,0.43388373911755823,-0.900968867902419,-0.5000000000000004,0.8660254037844384
2010-12-31,54.59000015258789,54.619998931884766,54.209999084472656,54.459999084472656,47.70819091796875,38540100.0,-0.0036657080875289,79.45999908447266,79.5199966430664,78.77999877929688,79.02999877929688,79.02999877929688,0.0,3.3239998817443848,3.36299991607666,3.282000064849853,3.305000066757202,3.305000066757202,0.0,17.90999984741211,18.1299991607666,17.75,17.75,17.75,0.0,-0.0036657080875289153,0.0075105302485087636,-0.0036589975817267195,54.716000366210935,54.477500534057626,53.44320007324219,48.559999923706044,54.570175419666725,54.137017432295806,0.4331579873709188,0.5205679663111152,56.86847702634548,65.23307929372038,72.72177736421078,-0.1100538752517039,-53.76342321796312,0.4841581905850806,53.84322075440029,55.11178031371496,2.328593542065322,0.05368067086654414,-0.0023759339422660883,0.0021927976843559537,0.0,0.0008808051110066783,0.002602429230805254,-0.433883739117558,-0.9009688679024191,-0.5000000000000004,0.8660254037844384
2011-01-03,54.970001220703125,55.68999862670898,54.95000076293945,55.310001373291016,48.452823638916016,90994300.0,0.0154875155691925,79.05999755859375,79.52999877929688,78.98999786376953,79.12999725341797,79.12999725341797,0.0,3.377000093460083,3.4200000762939453,3.312999963760376,3.3420000076293945,3.3420000076293945,0.0,17.940000534057617,17.950000762939453,16.90999984741211,17.610000610351562,17.610000610351562,0.0,0.0154875155691925,0.013461849142015696,0.015608068690502463,54.79100036621094,54.55050067901612,53.51160011291504,48.595399932861326,54.683994797147385,54.22390513162878,0.460089665518602,0.5084723061526126,67.44592325986207,63.69573399174467,67.50401014505026,1.374633396485123,-22.891402912498414,0.5374325728458835,53.88500602744827,55.215995330583965,2.4399213326518288,0.07499036826919865,-0.0036657080875289153,-0.0023759339422660883,0.0005479488796625702,0.0007334253863675454,-0.0003717547600427417,0.0,1.0,0.0,1.0
2011-01-04,55.5099983215332,55.54999923706055,54.91999816894531,55.27000045776367,48.417781829833984,43851500.0,-0.0007234766509598,79.0999984741211,79.51000213623047,78.88999938964844,79.44000244140625,79.44000244140625,0.0,3.338000059127808,3.361999988555908,3.302000045776367,3.345999956130981,3.345999956130981,0.0,17.34000015258789,18.239999771118164,17.329999923706055,17.3799991607666,17.3799991607666,0.0,-0.0007234766509598964,0.011349326016297987,-0.000723215004829747,54.82900047302247,54.62000064849854,53.576400146484374,48.629799938201906,54.77414951416527,54.30139367430544,0.47275583985983616,0.5013290128940574,66.6179584627014,65.85945720698996,64.929423497485,0.6922956318831692,-25.766802248568577,0.5440446082222657,53.959028451973786,55.28097284502329,2.4202570072394263,0.07532659747100236,0.0154875155691925,-0.0036657080875289153,-0.0018276916570642815,0.006029885764587492,0.0005572159178405154,0.7818314824680298,0.6234898018587336,0.0,1.0
2011-01-05,55.09999847412109,55.7599983215332,55.06999969482422,55.7400016784668,48.82952117919922,43787400.0,0.0084679327234106,79.38999938964844,80.3499984741211,79.37999725341797,80.26000213623047,80.26000213623047,0.0,3.38100004196167,3.496999979019165,3.378999948501587,3.4830000400543213,3.4830000400543213,0.0,17.809999465942383,17.950000762939453,16.860000610351562,17.020000457763672,17.020000457763672,0.0,0.008467932723410676,0.01252266144858529,0.00850388708041816,54.915000534057626,54.703000640869135,53.64740020751954,48.66769994735718,54.92274215482704,54.40795723016924,0.5147849246578033,0.5040201952468066,71.10618521890038,83.36400115179622,70.9730641168436,1.5670564752434284,-1.2497913835443297,0.5544698952570314,53.921608661417636,55.484392620320634,2.856852349220907,0.07908601144074984,-0.0007234766509598964,0.0154875155691925,0.0021927976843559537,-0.00018208481449870646,0.0037054068673076667,0.9749279121818236,-0.22252093395631434,0.0,1.0
2011-01-06,55.79999923706055,55.959999084472656,55.68000030517578,55.91999816894531,48.98720932006836,46139600.0,0.003224157598892,80.18000030517578,80.94000244140625,80.16000366210938,80.79000091552734,80.79000091552734,0.0,3.441999912261963,3.4600000381469727,3.3929998874664307,3.4189999103546143,3.4189999103546143,0.0,16.799999237060547,17.559999465942383,16.790000915527344,17.399999618530273,17.399999618530273,0.0,0.0032241575988920003,0.005017899339161799,0.0032293607854649853,55.03300018310547,54.792500495910645,53.71980018615723,48.706499938964846,55.07616615699908,54.51996026267117,0.5562058943279098,0.5144573350630273,72.6242081175197,90.25371078037071,79.82572304638563,2.1556383892890776,-2.222274026774951,0.5348648155455916,53.88722080510423,55.69778018671706,3.304392691017928,0.07924241298339191,0.008467932723410676,-0.0007234766509598964,-0.0023759339422660883,-0.002554106702806377,0.0009239282451274852,0.43388373911755823,-0.900968867902419,0.0,1.0
2011-01-07,56.02000045776367,56.04999923706055,55.31999969482422,55.869998931884766,48.943397521972656,72261700.0,-0.0008947519561331,80.87000274658203,81.13999938964844,80.69000244140625,81.01000213623047,81.01000213623047,0.0,3.434999942779541,3.46399998664856,3.296999931335449,3.328000068664551,3.328000068664551,0.0,17.309999465942383,18.06999969482422,16.56999969482422,17.139999389648438,17.139999389648438,0.0,-0.0008947519561331794,0.013031052057679147,-0.0008943517849618887,55.145999908447266,54.86150035858154,53.793600158691405,48.74504993438721,55.198294276212266,54.61996312705736,0.5783311491549057,0.527232097881403,71.5004668265183,95.58177003988123,89.73316065734939,2.064298901661303,-9.782624470037005,0.5488030103092156,53.84925413439694,55.87374658276613,3.6901879006896547,0.07755046681574597,0.0032241575988920003,0.008467932723410676,-0.0036657080875289153,0.0,0.006628611987505128,-0.433883739117558,-0.9009688679024191,0.0,1.0
2011-01-10,55.75,56.18000030517578,55.58000183105469,56.08000183105469,49.12736892700195,55551800.0,0.0037518136645754,81.16000366210938,81.30999755859375,80.81999969482422,80.87999725341797,80.87999725341797,0.0,3.313999891281128,3.328000068664551,3.2769999504089355,3.303999900817871,3.303999900817871,0.0,18.350000381469727,18.6299991607666,17.540000915527344,17.540000915527344,17.540000915527344,0.0,0.0037518136645754074,0.010762304468539798,0.003758860527545149,55.27700004577637,54.95050048828125,53.87080017089844,48.78239994049073,55.333941592341866,54.72811414216828,0.6058274501735852,0.5429511683398395,73.3646554143408,94.30634665745096,93.3806091592343,2.391822826989446,-5.07606153083513,0.5524598291529212,53.83807370966146,56.06292726690104,4.048832198924296,0.07579438258962372,-0.0008947519561331794,0.0032241575988920003,0.0154875155691925,0.0005479488796625702,-0.0034929670099786924,0.0,1.0,0.0,1.0
2011-01-11,56.310001373291016,56.36000061035156,55.95000076293945,56.15999984741211,49.19743728637695,56663800.0,0.0014252430070163,80.87999725341797,81.1500015258789,80.73999786376953,80.8499984741211,80.8499984741211,0.0,3.309999942779541,3.371000051498413,3.2929999828338623,3.3410000801086426,3.3410000801086426,0.0,16.610000610351562,17.350000381469727,16.600000381469727,16.889999389648438,16.889999389648438,0.0,0.0014252430070163043,0.007281119471017819,0.0014262591485230125,55.426000213623055,55.03850040435791,53.93840019226075,48.81944993972779,55.46102747773729,54.83417974996412,0.6268477277731677,0.5597304802265051,74.06071857782813,91.9463198447203,93.94481218068415,2.7254467319758864,-9.30235446496691,0.5422841161714347,53.83472972834408,56.242271080371744,4.3742858805016365,0.07579938122048278,0.0037518136645754074,-0.0008947519561331794,-0.0007234766509598964,-0.0018276916570642815,0.0018397682828694372,0.7818314824680298,0.6234898018587336,0.0,1.0
2011-01-12,56.43000030517578,56.560001373291016,56.20000076293945,56.560001373291016,49.5478515625,51979300.0,0.0070973663887545,80.75,80.8499984741211,79.98999786376953,80.02999877929688,80.02999877929688,0.0,3.400000095367432,3.4179999828338623,3.3480000495910645,3.3550000190734863,3.3550000190734863,0.0,16.260000228881836,16.5,16.170000076293945,16.239999771118164,16.239999771118164,0.0,0.007097366388754587,0.006379596108535606,0.007122612384935723,55.60300025939942,55.15850048065186,54.009200210571294,48.85909994125366,55.63010038474555,54.96201838872908,0.6680819960164754,0.5814007833844992,77.2606165393837,95.20719466806598,93.81995372341241,3.230517299119187,0.0,0.5321210740076826,53.849563198109024,56.467437763194695,4.746094513580825,0.07449556720218413,0.0014252430070163043,0.0037518136645754074,0.008467932723410676,0.0021927976843559537,-0.0044218847032600405,0.9749279121818236,-0.22252093395631434,0.0,1.0
2011-01-13,56.59999847412109,56.72999954223633,56.40999984741211,56.58000183105469,49.56536483764648,47364500.0,0.000353399394447,80.11000061035156,80.23999786376953,78.98999786376953,79.19000244140625,79.19000244140625,0.0,3.367000102996826,3.388999938964844,3.296999931335449,3.3010001182556152,3.3010001182556152,0.0,16.510000228881836,16.780000686645508,16.139999389648438,16.389999389648438,16.389999389648438,0.0,0.00035339939444700653,0.005653705007969753,0.0003534618473697293,55.79500045776368,55.25850048065186,54.06740028381348,48.8982999420166,55.77623906879312,55.08186901408653,0.6943700547065887,0.6039946376489171,77.4106694830969,94.91511883000805,94.02287778093145,3.512627129532422,-5.9522890450088735,0.5169695469231494,53.835067991183145,56.68193297012058,5.151904148999176,0.07188172422649837,0.007097366388754587,0.0014252430070163043,0.0032241575988920003,-0.0023759339422660883,0.007725233836456261,0.43388373911755823,-0.900968867902419,0.0,1.0
2011-01-14,56.59999847412109,57.02000045776367,56.459999084472656,57.0,49.93331146240234,43867400.0,0.0073960441627014,79.22000122070312,79.41000366210938,78.80999755859375,79.16000366210938,79.16000366210938,0.0,3.32699990272522,3.3350000381469727,3.255000114440918,3.3329999446868896,3.3329999446868896,0.0,16.670000076293945,16.709999084472656,15.369999885559082,15.460000038146973,15.460000038146973,0.0,0.007396044162701423,0.00989401746268707,0.0074234624512719005,56.04900054931642,55.382500457763676,54.134000320434566,48.93814994812011,55.96450998128648,55.22395279082086,0.7405571904656227,0.6313071482122583,80.3439537002724,97.77865041335836,95.96698797047746,4.663975318081736,-0.7117597149160049,0.5200432488065685,53.80608355772432,56.95891735780303,5.692833971054005,0.07433680506148266,0.00035339939444700653,0.007097366388754587,-0.0008947519561331794,-0.0036657080875289153,0.0008808051110066783,-0.433883739117558,-0.9009688679024191,0.0,1.0
2011-01-17,56.59999847412109,57.02000045776367,56.459999084472656,57.0,49.93331146240234,43867400.0,0.0,79.22000122070312,79.41000366210938,78.80999755859375,79.16000366210938,79.16000366210938,0.0,3.32699990272522,3.3350000381469727,3.255000114440918,3.3329999446868896,3.3329999446868896,0.0,16.670000076293945,16.709999084472656,15.369999885559082,15.460000038146973,15.460000038146973,0.0,0.0,0.00989401746268707,0.0,56.21800041198732,55.50450038909913,54.199200286865235,48.977799949645984,56.123816138011634,55.355511843352645,0.7683042946589893,0.6587065775016046,80.34395370027238,97.54139717505304,96.74505547280647,3.055502774811136,-0.7117597149160049,0.5228974005554576,53.82200230819147,57.186998470006785,6.062564545624097,0.07457708227090659,0.007396044162701423,0.00035339939444700653,0.0037518136645754074,0.0154875155691925,0.0007334253863675454,0.0,1.0,0.0,1.0
2011-01-18,56.56999969482422,57.22999954223633,56.4900016784668,57.15999984741211,50.073463439941406,65805600.0,0.0028028514953806,79.4000015258789,79.5,78.63999938964844,78.95999908447266,78.95999908447266,0.0,3.2880001068115234,3.4130001068115234,3.2809998989105225,3.364000082015991,3.364000082015991,0.0,16.190000534057617,16.200000762939453,15.710000038146973,15.869999885559082,15.869999885559082,0.0,0.002802851495380635,0.013081100720550935,0.002806783156062087,56.40700035095215,55.61800041198732,54.27340026855469,49.01699995040892,56.283229016380936,55.489177621431125,0.7940513949498111,0.6857755409912459,81.41045429123052,98.75287007732034,98.02430588857723,3.419575491215602,-2.317870338206962,0.53840457649932,53.80856776537582,57.427433058598815,6.506644011680477,0.07323962467473803,0.0,0.007396044162701423,0.0014252430070163043,-0.0007234766509598964,0.006029885764587492,0.7818314824680298,0.6234898018587336,0.0,1.0
2011-01-19,57.2599983215332,57.2599983215332,56.31999969482422,56.5099983215332,49.5040397644043,67767200.0,-0.0114369182609483,78.95999908447266,78.95999908447266,78.30000305175781,78.63999938964844,78.63999938964844,0.0,3.3489999771118164,3.388000011444092,3.32699990272522,3.336999893188477,3.336999893188477,0.0,15.890000343322754,17.670000076293945,15.859999656677246,17.309999465942383,17.309999465942383,0.0,-0.011436918260948312,0.016416322987482315,-0.011371765330754124,56.4840000152588,55.69950027465821,54.32920021057129,49.04999994277953,56.31811660178897,55.56479396958684,0.7533226322021349,0.6992849592334238,65.79259687417968,90.79339995378841,95.69588906872059,1.381407642411083,-24.590170085511776,0.5670898658000104,53.883205980498715,57.51579456881771,6.521761542574784,0.08728901597957976,0.002802851495380635,0.0,0.007097366388754587,0.008467932723410676,-0.00018208481449870646,0.9749279121818236,-0.22252093395631434,0.0,1.0
2011-01-20,56.27000045776367,56.34999847412109,55.68000030517578,56.11000061035156,49.15365219116211,92357800.0,-0.0071031267712055,78.75,79.16999816894531,78.44000244140625,78.81999969482422,78.81999969482422,0.0,3.358999967575073,3.4739999771118164,3.358999967575073,3.4590001106262207,3.4590001106262207,0.0,17.809999465942383,18.850000381469727,17.649999618530273,17.989999771118164,17.989999771118164,0.0,-0.0071031267712055824,0.011906844917270025,-0.007077959191001848,56.503000259399414,55.76800022125245,54.383800201416015,49.07989994049071,56.28609875695245,55.60517964668052,0.6809191102719296,0.695611789441125,58.37147207836717,74.64892048280572,88.06506350463815,0.33977547859035195,-49.14519812786408,0.585869019411254,54.001414356098074,57.534586086406826,6.335482205371076,0.09145983743227072,-0.011436918260948312,0.002802851495380635,0.00035339939444700653,0.0032241575988920003,-0.002554106702806377,0.43388373911755823,-0.900968867902419,0.0,1.0
2011-01-21,56.38999938964844,56.4900016784668,55.650001525878906,55.68000030517578,48.776954650878906,59673300.0,-0.0076931903178788,78.87999725341797,78.91000366210938,78.0999984741211,78.20999908447266,78.20999908447266,0.0,3.431999921798706,3.470999956130981,3.4100000858306885,3.41599988937378,3.41599988937378,0.0,17.030000686645508,18.61000061035156,16.600000381469727,18.46999931335449,18.46999931335449,0.0,-0.00769319031787881,0.014896261068981146,-0.007663673470654775,56.48400039672852,55.8150001525879,54.447200241088865,49.110649948120106,56.192852841294496,55.610721917680166,0.5821309236143293,0.6729156162757659,51.629505261778455,52.914451146422756,72.7855905276723,-0.3400727230022426,-67.52127834735589,0.6040212432095853,54.11480172451362,57.51519858066218,6.092263454004307,0.09676188612595087,-0.0071031267712055824,-0.011436918260948312,0.007396044162701423,-0.0008947519561331794,0.0,-0.433883739117558,-0.9009688679024191,0.0,1.0
2011-01-24,55.790000915527344,56.459999084472656,55.68000030517578,56.45000076293945,49.45149230957031,64103300.0,0.0137342752068,78.13999938964844,78.51000213623047,77.80999755859375,78.05000305175781,78.05000305175781,0.0,3.4140000343322754,3.431999921798706,3.38100004196167,3.407999992370605,3.407999992370605,0.0,18.780000686645508,18.93000030517578,17.559999465942383,17.649999618530273,17.649999618530273,0.0,0.013734275206800062,0.01398097806949108,0.013829023634612136,56.52100028991699,55.89900016784668,54.53000022888183,49.145399951934806,56.232414060009106,55.67289072103271,0.5595233389763976,0.6502371608158922,60.44081060714,48.78243681385984,58.7819361476961,0.6597698284665108,-36.98621308320051,0.6165910672158204,54.25098470023153,57.54701563546183,5.896404095481828,0.1069935895805599,-0.00769319031787881,-0.0071031267712055824,0.0,0.0037518136645754074,0.0005479488796625702,0.0,1.0,0.0,1.0
2011-01-25,56.16999816894531,56.54999923706055,56.04999923706055,56.52999877929688,49.52156066894531,55305100.0,0.0014159080471383,78.05000305175781,78.41000366210938,77.81999969482422,78.0,78.0,0.0,3.371000051498413,3.4200000762939453,3.309000015258789,3.319000005722046,3.319000005722046,0.0,18.21999931335449,18.549999237060547,17.59000015258789,17.59000015258789,17.59000015258789,0.0,0.0014159080471383117,0.00890154915967996,0.0014169109182058381,56.55800018310547,55.99200019836426,54.63160018920898,49.179299945831296,56.278196324514916,55.736380206830056,0.5418161176848599,0.6285529521896859,61.230975114573724,52.621213183110086,51.43936704779756,0.6588300087073852,-37.62886902011333,0.6082631338432618,54.428231512889305,57.555768883839214,5.585686097781656,0.1062683412272664,0.013734275206800062,-0.00769319031787881,0.002802851495380635,0.0014252430070163043,-0.0018276916570642815,0.7818314824680298,0.6234898018587336,0.0,1.0
2011-01-26,56.61000061035156,56.97999954223633,56.45000076293945,56.83000183105469,49.78438186645508,60547700.0,0.0052931738914352,77.97000122070312,78.05999755859375,77.69000244140625,77.9000015258789,77.9000015258789,0.0,3.378999948501587,3.441999912261963,3.361999988555908,3.427999973297119,3.427999973297119,0.0,17.0,17.420000076293945,16.59000015258789,16.639999389648438,16.639999389648438,0.0,0.005293173891435244,0.009362281815626067,0.0053072074861844065,56.58500022888184,56.094000244140624,54.736200256347665,49.213299961090094,56.36308947936719,55.81738921603188,0.5457002633353127,0.6119824144188113,64.124944012985,67.74004488539896,56.38123162745629,0.4773699632390259,-22.164783240489307,0.6026728228042342,54.59558819648723,57.59241229179402,5.342503801232876,0.10703663083283986,0.0014159080471383117,0.013734275206800062,-0.011436918260948312,0.007097366388754587,0.0021927976843559537,0.9749279121818236,-0.22252093395631434,0.0,1.0
2011-01-27,57.0099983215332,57.34999847412109,56.91999816894531,57.18000030517578,50.09098434448242,53656100.0,0.0061397209903433,77.75,78.1500015258789,77.58999633789062,77.7300033569336,77.7300033569336,0.0,3.461999893188477,3.461999893188477,3.378999948501587,3.384999990463257,3.384999990463257,0.0,16.84000015258789,16.889999389648438,15.8100004196167,16.149999618530273,16.149999618530273,0.0,0.006139720990343337,0.007542541972209795,0.006158607710542441,56.645000076293954,56.2200002670288,54.831200256347664,49.24764995574952,56.48876806795313,55.91832337078328,0.5704446971698545,0.60367487096902,67.20100330551509,76.8673043997653,65.74285415609144,1.0604426558922035,-9.604434540101447,0.5967673813943888,54.8079914303172,57.6320091037404,5.02315485594082,0.10686890644225173,0.005293173891435244,0.0014159080471383117,-0.0071031267712055824,0.00035339939444700653,-0.0023759339422660883,0.43388373911755823,-0.900968867902419,0.0,1.0
2011-01-28,57.16999816894531,57.220001220703125,55.470001220703125,55.72999954223633,48.82073974609375,123359900.0,-0.0256858213219596,77.7699966430664,78.27999877929688,77.61000061035156,78.12999725341797,78.12999725341797,0.0,3.4210000038146973,3.453000068664551,3.309999942779541,3.3289999961853027,3.3289999961853027,0.0,15.9399995803833,20.07999992370605,15.920000076293944,20.040000915527344,20.040000915527344,0.0,-0.025685821321959613,0.030610461011884346,-0.02535874698834084,56.518000030517584,56.28350028991699,54.89640022277832,49.273699951171885,56.372034448612084,55.904373457557575,0.4676609910545082,0.5764720949861176,48.60654192825995,60.68683345926688,68.4313942481437,-2.2280709785327577,-86.17028184160861,0.6791411398662182,55.11080622333065,57.456194356503325,4.16709714408584,0.14487259047178194,0.006139720990343337,0.005293173891435244,-0.00769319031787881,0.007396044162701423,-0.0036657080875289153,-0.433883739117558,-0.9009688679024191,0.0,1.0
2011-01-31,55.810001373291016,56.15999984741211,55.38999938964844,56.0,49.057273864746094,70571300.0,0.0048332525433588,78.30999755859375,78.31999969482422,77.54000091552734,77.73999786376953,77.73999786376953,0.0,3.3570001125335693,3.4040000438690186,3.3289999961853027,3.378000020980835,3.378000020980835,0.0,19.61000061035156,19.959999084472656,17.100000381469727,19.530000686645508,19.530000686645508,0.0,0.004833252543358895,0.013796818470106165,0.004844951548921728,56.41800003051759,56.31800022125243,54.958200225830076,49.30164995193483,56.31479837959485,55.9114569051459,0.4033414744489505,0.5418459708786842,51.3082839606712,45.11592609192169,60.890021316984615,-1.7543859649122806,-68.87750534252484,0.6856310911446077,55.22822753669358,57.407772905811285,3.8700688244523653,0.135525004481741,-0.025685821321959613,0.006139720990343337,0.013734275206800062,0.0,0.0154875155691925,0.0,1.0,0.0,1.0
2011-02-01,56.41999816894531,57.18000030517578,56.36000061035156,57.04999923706055,49.97709655761719,76952900.0,0.0185763617201515,77.61000061035156,77.66000366210938,76.94000244140625,77.06999969482422,77.06999969482422,0.0,3.427999973297119,3.469000101089477,3.4179999828338623,3.443000078201294,3.443000078201294,0.0,18.59000015258789,18.6299991607666,17.399999618530273,17.6299991607666,17.6299991607666,0.0,0.01857636172015154,0.014533848306212155,0.018749975699976718,56.40699996948243,56.40700016021728,55.057800216674806,49.340199947357185,56.427906203820335,55.995793374176614,0.4321128296437209,0.5198993426316916,60.09410347188771,43.215374047602005,49.672711199596854,-0.192443335628425,-15.306090673060524,0.7209431778611202,55.38923990862176,57.4247604118128,3.6086310163798587,0.14957466178906748,0.004833252543358895,-0.025685821321959613,0.0014159080471383117,0.002802851495380635,-0.0007234766509598964,0.7818314824680298,0.6234898018587336,0.49999999999999994,0.8660254037844387
2011-02-02,56.93000030517578,57.16999816894531,56.84000015258789,56.959999084472656,49.89826583862305,48661000.0,-0.0015785822143281,77.01000213623047,77.30999755859375,76.87999725341797,77.16000366210938,77.16000366210938,0.0,3.4059998989105225,3.506999969482422,3.3980000019073486,3.489000082015991,3.489000082015991,0.0,17.81999969482422,17.84000015258789,17.280000686645508,17.299999237060547,17.299999237060547,0.0,-0.001578582214328144,0.005796557431731125,-0.0015773369087830336,56.45200004577637,56.46800003051758,55.134600219726565,49.37814994812012,56.50976664699761,56.06721601938373,0.4425506276138833,0.5044295996281299,59.109584590809405,65.3061555488952,51.21248522947296,0.7963206092823043,-19.897937337729033,0.6930185234679989,55.472566052877255,57.463434008157904,3.525656928180038,0.1476821472317626,0.01857636172015154,0.004833252543358895,0.005293173891435244,-0.011436918260948312,0.008467932723410676,0.9749279121818236,-0.22252093395631434,0.49999999999999994,0.8660254037844387
2011-02-03,56.84999847412109,57.13999938964844,56.400001525878906,57.060001373291016,49.985870361328125,45341900.0,0.001754123297269,77.0999984741211,77.88999938964844,77.0199966430664,77.75,77.75,0.0,3.510999917984009,3.5510001182556152,3.490999937057495,3.54099988937378,3.54099988937378,0.0,17.530000686645508,17.799999237060547,16.610000610351562,16.690000534057617,16.690000534057617,0.0,0.0017541232972690325,0.013016673414800329,0.0017556626714925194,56.547000122070315,56.52500019073486,55.213400268554686,49.4122999572754,56.59441814335044,56.14075567522872,0.4536624681217205,0.4942761733268481,59.89578557008309,83.33339820916777,63.951642601888324,1.6931041750232851,-14.795777361707119,0.6963741906323941,55.531134690726574,57.51886569074314,3.5165519563189314,0.14749147245939448,-0.001578582214328144,0.01857636172015154,0.006139720990343337,-0.0071031267712055824,0.0032241575988920003,0.43388373911755823,-0.900968867902419,0.49999999999999994,0.8660254037844387
2011-02-04,57.04999923706055,57.41999816894531,56.900001525878906,57.380001068115234,50.26618194580078,47647800.0,0.0055921511533572,77.79000091552734,78.20999908447266,77.55999755859375,78.04000091552734,78.04000091552734,0.0,3.565000057220459,3.6659998893737793,3.5299999713897705,3.651999950408936,3.651999950408936,0.0,16.639999389648438,16.739999771118164,15.890000343322754,15.93000030517578,15.93000030517578,0.0,0.005592151153357205,0.009114752848736385,0.0056078164178474665,56.71700019836426,56.60050029754639,55.30560028076172,49.45299995422364,56.71527705485271,56.23255163025735,0.4827254245953654,0.4919660235805516,62.38787829821776,87.77866119408593,78.80607165071629,3.0531622730279118,-1.9703017183060445,0.6837757943776808,55.58691930541354,57.61408128967924,3.5815266183319934,0.1481767389830194,0.0017541232972690325,-0.001578582214328144,-0.025685821321959613,-0.00769319031787881,-0.0008947519561331794,-0.433883739117558,-0.9009688679024191,0.49999999999999994,0.8660254037844387
2011-02-07,57.4900016784668,57.970001220703125,57.400001525878906,57.650001525878906,50.50272750854492,45627100.0,0.0046948210218152,78.06999969482422,78.3499984741211,77.8499984741211,78.02999877929688,78.02999877929688,0.0,3.670000076293945,3.691999912261963,3.640000104904175,3.6440000534057617,3.6440000534057617,0.0,16.139999389648438,16.540000915527344,15.84000015258789,16.280000686645508,16.280000686645508,0.0,0.004694821021815219,0.009914762187904325,0.004705858960984743,56.83700027465821,56.6790002822876,55.40400032043458,49.49159996032715,56.85908081962597,56.337547918821905,0.5215329008040683,0.49787939902525497,64.39811324352081,90.27694692530518,87.12966877618629,2.1257763449443168,-12.403080144071254,0.6770775342498386,55.59444995065842,57.763550613916784,3.82699174730542,0.14841848289664636,0.005592151153357205,0.0017541232972690325,0.004833252543358895,0.013734275206800062,0.0037518136645754074,0.0,1.0,0.49999999999999994,0.8660254037844387
2011-02-08,57.66999816894531,58.06999969482422,57.560001373291016,58.02999877929688,50.83560180664063,38099900.0,0.0065695871950459,78.05999755859375,78.11000061035156,77.62999725341797,78.0,78.0,0.0,3.641999959945679,3.734999895095825,3.640000104904175,3.724999904632568,3.724999904632568,0.0,16.290000915527344,16.600000381469727,14.859999656677246,15.8100004196167,15.8100004196167,0.0,0.006569587195045988,0.008843390631627103,0.0065912142673756335,56.98700027465821,56.772500228881846,55.52280029296875,49.539599952697756,57.03922204419073,56.46291464922746,0.5763073949632727,0.5135649982128585,67.06598133891329,94.71134894422784,90.9223190212063,2.653458398002564,-1.4925713049391942,0.665143304770079,55.56130895440661,57.98369150335708,4.266823795296105,0.14955799685256588,0.004694821021815219,0.005592151153357205,0.01857636172015154,0.0014159080471383117,0.0014252430070163043,0.7818314824680298,0.6234898018587336,0.49999999999999994,0.8660254037844387
2011-02-09,57.93999862670898,58.119998931884766,57.75,57.93000030517578,50.74800109863281,62540800.0,-0.0017247021609234,78.0199966430664,78.08999633789062,77.5,77.63999938964844,77.63999938964844,0.0,3.7109999656677246,3.74399995803833,3.625999927520752,3.641999959945679,3.641999959945679,0.0,16.270000457763672,16.520000457763672,15.859999656677246,15.869999885559082,15.869999885559082,0.0,-0.0017247021609234547,0.006385898181816746,-0.0017232157168320938,57.09700012207033,56.84100017547608,55.61760032653809,49.588349952697754,57.176264853573045,56.57158766077919,0.6046771927938579,0.5317874371290584,65.67133282486016,93.04823024266477,92.67884203739926,1.9355946483886983,-6.959657822995224,0.6440615638496995,55.52959424046561,58.15240611048655,4.614295775802597,0.14856177238522372,0.006569587195045988,0.004694821021815219,-0.001578582214328144,0.005293173891435244,0.007097366388754587,0.9749279121818236,-0.22252093395631434,0.49999999999999994,0.8660254037844387
2011-02-10,57.54999923706055,58.09999847412109,57.4900016784668,58.02000045776367,50.82683563232422,70194700.0,0.0015522456556699,77.63999938964844,78.33999633789062,77.61000061035156,78.25,78.25,0.0,3.6679999828338623,3.720999956130981,3.6549999713897705,3.7079999446868896,3.7079999446868896,0.0,16.739999771118164,17.06999969482422,16.0,16.09000015258789,16.09000015258789,0.0,0.0015522456556699199,0.010599423175343316,0.0015534510125470025,57.18100013732911,56.91300010681153,55.70340034484864,49.64559995651245,57.30607033114083,56.67887749759285,0.6271928335479799,0.5508685164128427,66.34957928995041,95.9616074959542,94.57372889428227,1.4690453796864635,-3.6629483842029575,0.6416283661214559,55.50720585834103,58.31879435528203,4.940151620305286,0.14853246321157765,-0.0017247021609234547,0.006569587195045988,0.0017541232972690325,0.006139720990343337,0.00035339939444700653,0.43388373911755823,-0.900968867902419,0.49999999999999994,0.8660254037844387
2011-02-11,57.84999847412109,58.47999954223633,57.77000045776367,58.43999862670898,51.19476318359375,47853500.0,0.0072127696610991,78.20999908447266,78.69999694824219,78.12000274658203,78.45999908447266,78.45999908447266,0.0,3.6570000648498535,3.670000076293945,3.608000040054321,3.6459999084472656,3.6459999084472656,0.0,16.530000686645508,16.530000686645508,15.550000190734863,15.6899995803833,15.6899995803833,0.0,0.007212769661099171,0.012273104636126669,0.007238844336701966,57.45200004577637,56.98500003814698,55.79480033874512,49.71074995040893,57.480520838151314,56.80933091456441,0.6711899235869012,0.5749327978476544,69.38903902962498,96.02762194871109,95.01248656244334,4.862729421734179,-1.2945279466685444,0.6465119888608274,55.42175788267828,58.54824219361568,5.4865040077993585,0.14843338032046574,0.0015522456556699199,-0.0017247021609234547,0.005592151153357205,-0.025685821321959613,0.007396044162701423,-0.433883739117558,-0.9009688679024191,0.49999999999999994,0.8660254037844387
2011-02-14,58.43999862670898,58.65999984741211,58.380001068115234,58.58000183105469,51.31742858886719,48506100.0,0.0023931878091403,78.55000305175781,78.87000274658203,78.27999877929688,78.61000061035156,78.61000061035156,0.0,3.6459999084472656,3.6640000343322754,3.6010000705718994,3.614000082015991,3.614000082015991,0.0,16.06999969482422,16.260000228881836,15.220000267028809,15.949999809265137,15.949999809265137,0.0,0.002393187809140324,0.004791218101926964,0.0023960537688891836,57.71000022888183,57.064000129699714,55.88940040588379,49.76479995727539,57.64967176013645,56.940491723193325,0.709180036943124,0.6017822456667483,70.35042896961355,97.53203383100828,96.50708775855784,4.607146126883371,-2.4464221761036686,0.6203324738919737,55.34557465054247,58.78242560885696,6.022800628247124,0.14840971026972957,0.007212769661099171,0.0015522456556699199,0.004694821021815219,0.004833252543358895,0.0,0.0,1.0,0.49999999999999994,0.8660254037844387
2011-02-15,58.43999862670898,58.56999969482422,58.22999954223633,58.5,51.24734878540039,39723800.0,-0.0013665473892066,78.62000274658203,78.73999786376953,78.30000305175781,78.56999969482422,78.56999969482422,0.0,3.6530001163482666,3.66100001335144,3.6010000705718994,3.615999937057495,3.615999937057495,0.0,16.299999237060547,16.75,16.270000457763672,16.3700008392334,16.3700008392334,0.0,-0.001366547389206626,0.0058179356703903055,-0.001365614088504774,57.855000305175786,57.13100013732911,55.981800384521485,49.81869995117187,57.780491489346225,57.05601085480864,0.7244806345375849,0.6263219234409156,69.01653172516548,97.12202962254268,96.89389513408733,2.5416315202989708,-4.892961009599739,0.6010231749581442,55.296260301104816,58.965739973553404,6.422922167698879,0.14861254048441214,0.002393187809140324,0.007212769661099171,0.006569587195045988,0.01857636172015154,0.002802851495380635,0.7818314824680298,0.6234898018587336,0.49999999999999994,0.8660254037844387
2011-02-16,58.650001525878906,59.040000915527344,58.630001068115234,58.880001068115234,51.58021926879883,53061700.0,0.0064743658233356,78.51000213623047,78.79000091552734,78.16000366210938,78.22000122070312,78.22000122070312,0.0,3.5929999351501465,3.651000022888184,3.575999975204468,3.621000051498413,3.621000051498413,0.0,16.309999465942383,16.739999771118164,15.84000015258789,16.719999313354492,16.719999313354492,0.0,0.006474365823335696,0.006990619552349028,0.00649536983449317,58.04700050354004,57.2495002746582,56.0778003692627,49.869999961853026,57.949646809156846,57.1911212409795,0.7585255681773475,0.652762652388202,71.75591447694111,96.09235372783075,96.91547239379389,3.3707900535517603,-4.383555630804348,0.5966644421416585,55.28227946634093,59.216721082975475,6.872447091693036,0.1419279431174869,-0.001366547389206626,0.002393187809140324,-0.0017247021609234547,-0.001578582214328144,-0.011436918260948312,0.9749279121818236,-0.22252093395631434,0.49999999999999994,0.8660254037844387
2011-02-17,58.59000015258789,58.970001220703125,58.54999923706055,58.86000061035156,51.56271362304688,38361900.0,-0.0003394444084383,78.19999694824219,78.3499984741211,77.93000030517578,78.0,78.0,0.0,3.5989999771118164,3.614000082015991,3.549999952316284,3.5739998817443848,3.5739998817443848,0.0,17.010000228881836,17.299999237060547,15.880000114440918,16.59000015258789,16.59000015258789,0.0,-0.0003394444084383139,0.007168492619026335,-0.00033938680370315666,58.2270004272461,57.387000274658206,56.17240036010742,49.925049972534175,58.08970124010988,57.31474193500706,0.7749593051028185,0.6772019829311253,71.3981071855671,95.26399007030491,96.15945780689279,3.154572719486651,-4.931513148681166,0.5840456951060099,55.37130261758201,59.4026979317344,7.024927762137506,0.13811948254919018,0.006474365823335696,-0.001366547389206626,0.0015522456556699199,0.0017541232972690325,-0.0071031267712055824,0.43388373911755823,-0.900968867902419,0.49999999999999994,0.8660254037844387
2011-02-18,58.86000061035156,58.970001220703125,58.5099983215332,58.72999954223633,51.44881439208984,44334300.0,-0.0022113889497208,77.94000244140625,78.22000122070312,77.52999877929688,77.66000366210938,77.66000366210938,0.0,3.609999895095825,3.631999969482422,3.5799999237060547,3.58899998664856,3.58899998664856,0.0,16.59000015258789,16.90999984741211,15.539999961853027,16.43000030517578,16.43000030517578,0.0,-0.0022113889497208023,0.007815203778455657,-0.0022089456305521837,58.362000274658214,57.53950023651123,56.25720031738282,49.98404996871949,58.188208671206255,57.41957583183886,0.7686328393673918,0.6954881542183786,68.99003492061786,93.03923903879488,94.79852761231018,2.352733441950487,-11.567214104129842,0.5751854953962893,55.60781979371562,59.47118067930684,6.714276053339364,0.13412330148491303,-0.0003394444084383139,0.006474365823335696,0.007212769661099171,0.005592151153357205,-0.00769319031787881,-0.433883739117558,-0.9009688679024191,0.49999999999999994,0.8660254037844387
2011-02-21,58.86000061035156,58.970001220703125,58.5099983215332,58.72999954223633,51.44881439208984,44334300.0,0.0,77.94000244140625,78.22000122070312,77.52999877929688,77.66000366210938,77.66000366210938,0.0,3.609999895095825,3.631999969482422,3.5799999237060547,3.58899998664856,3.58899998664856,0.0,16.59000015258789,16.90999984741211,15.539999961853027,16.43000030517578,16.43000030517578,0.0,0.0,0.007815203778455657,0.0,58.47000007629394,57.653500175476076,56.34580032348633,50.0422999572754,58.271561112903186,57.51664425483127,0.7549168580719154,0.7073738949890861,68.99003492061787,90.58626459045922,92.96316456651967,1.873370317037397,-11.742478975811343,0.5669581670944058,55.72343559491137,59.58356475604078,6.6953942941548945,0.1278029080913687,-0.0022113889497208023,-0.0003394444084383139,0.002393187809140324,0.004694821021815219,0.013734275206800062,0.0,1.0,0.49999999999999994,0.8660254037844387
2011-02-22,57.93000030517578,58.130001068115234,56.93999862670898,57.02999877929688,49.9595832824707,92598100.0,-0.0293730739298354,77.69000244140625,78.31999969482422,77.58000183105469,77.7699966430664,77.7699966430664,0.0,3.5280001163482666,3.5439999103546143,3.4570000171661377,3.4609999656677246,3.4609999656677246,0.0,19.459999084472656,21.450000762939453,18.3799991607666,20.799999237060547,20.799999237060547,0.0,-0.02937307392983541,0.020542075524552273,-0.028945878096815814,58.37000007629395,57.67850017547608,56.39840026855469,50.095299949646005,58.080551523117606,57.48059644182872,0.5999550812888828,0.6858901322490454,45.64311279458325,66.85128158786621,83.49226173904009,-1.7232466328377138,-76.13646215646015,0.6543183634110448,55.79737745873789,59.55962289221427,6.52278651842619,0.1695240530498217,0.0,-0.0022113889497208023,-0.001366547389206626,0.006569587195045988,0.0014159080471383117,0.7818314824680298,0.6234898018587336,0.49999999999999994,0.8660254037844387
2011-02-23,57.02999877929688,57.22999954223633,56.130001068115234,56.560001373291016,49.5478515625,97842900.0,-0.0082754433440439,77.69999694824219,77.70999908447266,77.25,77.41000366210938,77.41000366210938,0.0,3.4830000400543213,3.492000102996826,3.430999994277954,3.486999988555908,3.486999988555908,0.0,20.84000015258789,23.21999931335449,20.299999237060547,22.1299991607666,22.1299991607666,0.0,-0.008275443344043966,0.01928806764275115,-0.008241296122162955,58.23300018310546,57.66500015258789,56.44640029907227,50.147799949646,57.84662073083659,57.41240421452964,0.4342165163069538,0.6355554090606271,41.46521143318172,42.29923414403264,66.57892677411935,-2.364921326890382,-85.22335643563058,0.6861526570331912,55.754590837067475,59.57540946810831,6.625888530183877,0.17120598230273312,-0.02937307392983541,0.0,0.006474365823335696,-0.0017247021609234547,0.005293173891435244,0.9749279121818236,-0.22252093395631434,0.49999999999999994,0.8660254037844387
2011-02-24,56.68000030517578,57.02999877929688,56.13999938964844,56.86000061035156,49.8106575012207,98716100.0,0.005290066328046,77.30000305175781,77.4800033569336,76.98999786376953,77.05999755859375,77.05999755859375,0.0,3.433000087738037,3.463000059127808,3.414999961853028,3.437999963760376,3.437999963760376,0.0,22.280000686645508,22.709999084472656,20.809999465942383,21.31999969482422,21.31999969482422,0.0,0.0052900663280460655,0.015702176867616807,0.005304083435165641,58.11700019836425,57.64900016784669,56.49200027465821,50.21034996032714,57.69483301999274,57.37148542903496,0.32334759095778054,0.5731138454400578,44.930229973262115,21.2420258818388,43.46418053791255,-1.999310303791784,-74.91410376239284,0.7007131379342807,55.7162583332225,59.581742002470875,6.705205047778647,0.1708122927529946,-0.008275443344043966,-0.02937307392983541,-0.0003394444084383139,0.0015522456556699199,0.006139720990343337,0.43388373911755823,-0.900968867902419,0.49999999999999994,0.8660254037844387
2011-02-25,57.18000030517578,57.720001220703125,57.119998931884766,57.650001525878906,50.50272750854492,54094600.0,0.0137983777098315,77.02999877929688,77.41999816894531,76.94999694824219,77.27999877929688,77.27999877929688,0.0,3.4660000801086426,3.4679999351501465,3.4179999828338623,3.424999952316284,3.424999952316284,0.0,20.40999984741211,20.440000534057617,18.8799991607666,19.21999931335449,19.21999931335449,0.0,0.0137983777098315,0.010493219405667768,0.013894014695695622,58.038000488281256,57.745000267028814,56.55460029602051,50.2743999671936,57.687935867052154,57.3921162510234,0.2958196160287514,0.5176549995577966,52.846140575333855,30.698745082514137,31.413335036128522,-1.3518088969786812,-47.76630455443416,0.7120908145355151,56.03578687654638,59.45421365751125,5.9198662484321,0.14903554229316351,0.0052900663280460655,-0.008275443344043966,-0.0022113889497208023,0.007212769661099171,-0.025685821321959613,-0.433883739117558,-0.9009688679024191,0.49999999999999994,0.8660254037844387
2011-02-28,57.880001068115234,58.04999923706055,57.43000030517578,57.77000045776367,50.60783386230469,51402800.0,0.0020790388302481,77.30000305175781,77.38999938964844,76.76000213623047,76.88999938964844,76.88999938964844,0.0,3.424999952316284,3.427000045776367,3.4030001163482666,3.4140000343322754,3.4140000343322754,0.0,19.1200008392334,19.270000457763672,18.13999938964844,18.350000381469727,18.350000381469727,0.0,0.0020790388302481923,0.010711798901923463,0.002081201529996246,57.95700035095215,57.83350028991699,56.61880027770996,50.33994997024536,57.70056118870008,57.4201076737449,0.2804535149551768,0.47021470263727266,53.92943284949874,44.558987326727305,32.166586097026745,-1.3827267804242611,-43.642629702991066,0.7055128229176045,56.334331856273785,59.3326687235602,5.1844291842199945,0.14858597761320955,0.0137983777098315,0.0052900663280460655,0.0,0.002393187809140324,0.004833252543358895,0.0,1.0,0.49999999999999994,0.8660254037844387
2011-03-01,58.02000045776367,58.02000045776367,56.70000076293945,56.84000015258789,49.79314041137695,91993900.0,-0.0162291519234978,76.86000061035156,77.0999984741211,76.73999786376953,77.05000305175781,77.05000305175781,0.0,3.46399998664856,3.490000009536743,3.407000064849853,3.4140000343322754,3.4140000343322754,0.0,17.6299991607666,21.01000022888184,17.6299991607666,21.01000022888184,21.01000022888184,0.0,-0.01622915192349783,0.022750770155286842,-0.016098168776485844,57.791000366210945,57.82300033569336,56.65780029296876,50.4006499671936,57.56816718314436,57.37713674625179,0.19103043689256793,0.4143778494883318,45.25258154317089,44.32988699668825,39.86253980197657,-2.8376065767728367,-75.60140475251002,0.7494047423395056,56.298007351666364,59.34799331972035,5.274693375209161,0.14706251078580082,0.0020790388302481923,0.0137983777098315,-0.02937307392983541,-0.001366547389206626,0.01857636172015154,0.7818314824680298,0.6234898018587336,0.8660254037844386,0.5000000000000001
2011-03-02,56.810001373291016,57.5099983215332,56.790000915527344,57.13999938964844,50.055946350097656,61552900.0,0.0052640750980847,77.04000091552734,77.18000030517578,76.52999877929688,76.66999816894531,76.66999816894531,0.0,3.434000015258789,3.4660000801086426,3.407000064849853,3.46399998664856,3.46399998664856,0.0,20.729999542236328,21.13999938964844,19.6200008392334,20.700000762939453,20.700000762939453,0.0,0.005264075098084793,0.012673779063564029,0.005277954685112718,57.61700019836426,57.83200035095215,56.703000259399424,50.46534996032713,57.50229521491421,57.359571016133025,0.14272419878118825,0.36004711934690314,48.150603998120765,38.48793782174219,42.458937381719245,-2.9551658405268686,-65.2921520792723,0.7473042183156738,56.32645157997394,59.33754912193036,5.206628724034516,0.14820349670788902,-0.01622915192349783,0.0020790388302481923,-0.008275443344043966,0.006474365823335696,-0.001578582214328144,0.9749279121818236,-0.22252093395631434,0.8660254037844386,0.5000000000000001
2011-03-03,57.66999816894531,58.369998931884766,57.66999816894531,58.27000045776367,51.04584884643555,64146600.0,0.0195829189596358,76.66999816894531,76.86000061035156,76.38999938964844,76.4800033569336,76.4800033569336,0.0,3.4830000400543213,3.5739998817443848,3.4830000400543213,3.572000026702881,3.572000026702881,0.0,19.270000457763672,19.270000457763672,18.25,18.600000381469727,18.600000381469727,0.0,0.019582918959635886,0.012138040318447525,0.01977592211351653,57.55800018310548,57.89250030517579,56.77360023498535,50.52734996795652,57.62040371381413,57.42701023403159,0.19339347978253585,0.3267163914340297,57.315919478269265,44.21531498345872,42.344379933963054,-1.0023787741587769,-26.46049821784151,0.7817824557385777,56.42070419398466,59.36429641636691,5.084582988928331,0.16347587756269816,0.005264075098084793,-0.01622915192349783,0.0052900663280460655,-0.0003394444084383139,0.0017541232972690325,0.43388373911755823,-0.900968867902419,0.8660254037844386,0.5000000000000001
2011-03-04,58.25,58.2599983215332,57.59000015258789,57.970001220703125,50.78304290771485,62328400.0,-0.0051617280262536,76.47000122070312,76.62000274658203,76.27999877929688,76.4000015258789,76.4000015258789,0.0,3.5799999237060547,3.595000028610229,3.4790000915527344,3.492000102996826,3.492000102996826,0.0,18.559999465942383,20.32999992370605,18.309999465942383,19.059999465942383,19.059999465942383,0.0,-0.0051617280262536685,0.011502114488331544,-0.005148429199626214,57.482000350952156,57.92200031280518,56.83820022583008,50.58919998168943,57.6741879456432,57.467231788599854,0.20695615704334358,0.3027643445558925,54.55856479465569,57.15919960393565,46.62081746971218,-1.2940547036555685,-36.76975089107925,0.7745123021269494,56.46993688579595,59.37406373981441,5.013858013077673,0.16396820774639148,0.019582918959635886,0.005264075098084793,0.0137983777098315,-0.0022113889497208023,0.005592151153357205,-0.433883739117558,-0.9009688679024191,0.8660254037844386,0.5000000000000001
2011-03-07,58.209999084472656,58.2599983215332,56.66999816894531,57.18999862670898,50.0997428894043,98470000.0,-0.0135466217016039,76.37999725341797,76.55000305175781,76.12000274658203,76.5,76.5,0.0,3.5269999504089355,3.552000045776367,3.469000101089477,3.496999979019165,3.496999979019165,0.0,19.3700008392334,21.770000457763672,18.950000762939453,20.65999984741211,20.65999984741211,0.0,-0.01354662170160397,0.02731489739899375,-0.013455279148047006,57.328000259399424,57.899000167846694,56.886600189208984,50.647149982452376,57.59969728119178,57.44669599883016,0.1530012823616218,0.27281173211703835,48.081792878577566,57.73192858082322,53.03548105607253,-2.6221708284193705,-63.57396514860958,0.832761434302731,56.414584144002156,59.38341619169123,5.127605034771864,0.1704523608321451,-0.0051617280262536685,0.019582918959635886,0.0020790388302481923,0.0,0.004694821021815219,0.0,1.0,0.8660254037844386,0.5000000000000001
2011-03-08,57.119998931884766,57.68000030517578,56.77000045776367,57.41999816894531,50.30122756958008,62399100.0,0.0040136056400953,76.52999877929688,76.9800033569336,76.4000015258789,76.80000305175781,76.80000305175781,0.0,3.505000114440918,3.555000066757202,3.492000102996826,3.5439999103546143,3.5439999103546143,0.0,20.57999992370605,21.059999465942383,19.14999961853028,19.81999969482422,19.81999969482422,0.0,0.0040136056400953204,0.01593137017557158,0.004021670941916078,57.367000198364266,57.868500137329114,56.94160018920899,50.70834997177121,57.57205126392309,57.44471838180165,0.12733288212144345,0.2437159621179194,49.96787342913498,48.35957154922285,54.416899911327235,0.6838495493533283,-54.57756931264264,0.8382784638105437,56.37041299435127,59.36658728030696,5.177556492470682,0.16930369562947384,-0.01354662170160397,-0.0051617280262536685,-0.01622915192349783,-0.02937307392983541,0.006569587195045988,0.7818314824680298,0.6234898018587336,0.8660254037844386,0.5000000000000001
2011-03-09,57.209999084472656,57.27000045776367,56.720001220703125,57.02999877929688,49.9595832824707,84764200.0,-0.0068151375705421,76.86000061035156,76.97000122070312,76.54000091552734,76.72000122070312,76.72000122070312,0.0,3.5350000858306885,3.539999961853028,3.4489998817443848,3.469000101089477,3.469000101089477,0.0,20.049999237060547,20.959999084472656,19.40999984741211,20.21999931335449,20.21999931335449,0.0,-0.006815137570542103,0.009613690715996218,-0.006791967186820402,57.41399993896485,57.82350006103517,56.98640014648438,50.7622499656677,57.4886585739806,57.41399841124574,0.0746601627348582,0.20990480224130717,46.85932110942829,37.846174696325036,47.9792249421237,0.8309713482924533,-68.30994144977268,0.8284012126985183,56.27981606779137,59.367184054278965,5.339296277860634,0.17073892424419623,0.0040136056400953204,-0.01354662170160397,0.005264075098084793,-0.008275443344043966,-0.0017247021609234547,0.9749279121818236,-0.22252093395631434,0.8660254037844386,0.5000000000000001
2011-03-10,56.38999938964844,56.52000045776367,55.90999984741211,56.13999938964844,49.17992782592773,102894400.0,-0.0157287749614693,76.72000122070312,77.3499984741211,76.62999725341797,77.27999877929688,77.27999877929688,0.0,3.4790000915527344,3.4790000915527344,3.381999969482422,3.3929998874664307,3.3929998874664307,0.0,21.3700008392334,22.25,20.34000015258789,21.8799991607666,21.8799991607666,0.0,-0.015728774961469308,0.010817531777869479,-0.015605723773451374,57.341999816894536,57.7295000076294,57.0160001373291,50.8094999694824,57.28117254562181,57.319628113349644,-0.03845556772783709,0.16023272824747833,40.64510901252395,28.209603591344784,38.13844994563088,-1.2662701599972306,-92.48367846355033,0.8492296212118222,56.016521488018746,59.44247852724005,5.93449975968705,0.1784492425393634,-0.006815137570542103,0.0040136056400953204,0.019582918959635886,0.0052900663280460655,0.0015522456556699199,0.43388373911755823,-0.900968867902419,0.8660254037844386,0.5000000000000001
2011-03-11,55.81999969482422,56.65999984741211,55.81999969482422,56.4900016784668,49.48652267456055,81679400.0,0.006214794064143,77.22000122070312,77.37999725341797,76.66000366210938,76.77999877929688,76.77999877929688,0.0,3.380000114440918,3.4140000343322754,3.3489999771118164,3.3929998874664307,3.3929998874664307,0.0,21.71999931335449,21.75,19.96999931335449,20.07999992370605,20.07999992370605,0.0,0.0062147940641430425,0.015048372575784476,0.006234145965362314,57.22599983215333,57.63200016021729,57.056600189208986,50.8664999771118,57.15945395067489,57.258174303358324,-0.09872035268343637,0.10844211206129539,43.8014302784641,21.82699184721694,29.294256711628922,-2.0121419197038337,-73.72540454502617,0.84857037345297,55.86807352333427,59.39592679710031,6.121344502982005,0.17782615490563608,-0.015728774961469308,-0.006815137570542103,-0.0051617280262536685,0.0137983777098315,0.007212769661099171,-0.433883739117558,-0.9009688679024191,0.8660254037844386,0.5000000000000001
2011-03-14,56.18000030517578,56.59000015258789,55.86000061035156,56.290000915527344,49.31133270263672,73565800.0,-0.0035464364053593,76.4800033569336,76.75,76.30000305175781,76.3499984741211,76.3499984741211,0.0,3.388000011444092,3.388000011444092,3.3310000896453857,3.3469998836517334,3.3469998836517334,0.0,21.790000915527344,22.739999771118164,20.920000076293945,21.1299991607666,21.1299991607666,0.0,-0.0035464364053593963,0.012993939805462663,-0.0035401552272309456,57.077999877929685,57.51750011444092,57.076200180053725,50.92659997940062,57.02569194526757,57.18645775611158,-0.16076581084401198,0.054600527480233925,42.41347956605032,17.407447641896006,22.481347693485908,-2.561882517758284,-81.56857406573548,0.8401010283660671,55.71578302690978,59.31921720197206,6.264935311674927,0.17726321668939218,0.0062147940641430425,-0.015728774961469308,-0.01354662170160397,0.0020790388302481923,0.002393187809140324,0.0,1.0,0.8660254037844386,0.5000000000000001
2011-03-15,54.63999938964844,55.81999969482422,54.470001220703125,55.4900016784668,48.61051177978516,101276500.0,-0.0143141276126167,76.3499984741211,77.04000091552734,76.2699966430664,76.33000183105469,76.33000183105469,0.0,3.234999895095825,3.325000047683716,3.2300000190734863,3.322999954223633,3.322999954223633,0.0,25.65999984741211,25.71999931335449,23.309999465942383,24.31999969482422,24.31999969482422,0.0,-0.014314127612616707,0.024707146581280003,-0.014212167557460464,56.943000030517574,57.367000198364266,57.08060020446778,50.98309999465941,56.78943190422129,57.060794342952704,-0.2713624387314155,-0.01059206576209596,37.3194280245645,23.6199648765694,20.951468121894116,-2.375085275328996,-73.84612675953015,0.9100937902559352,55.41430621098735,59.319694185741184,6.80772562840961,0.18253512070032937,-0.0035464364053593963,0.0062147940641430425,0.0040136056400953204,-0.01622915192349783,-0.001366547389206626,0.7818314824680298,0.6234898018587336,0.8660254037844386,0.5000000000000001
2011-03-16,55.02999877929688,55.34000015258789,53.77000045776367,54.150001525878906,47.436641693115234,176507700.0,-0.0244448377174884,76.41000366210938,76.81999969482422,76.05999755859375,76.68000030517578,76.68000030517578,0.0,3.3010001182556152,3.306999921798706,3.1410000324249268,3.211999893188477,3.211999893188477,0.0,24.64999961853028,31.280000686645508,24.040000915527344,29.39999961853028,29.39999961853028,0.0,-0.02444483771748848,0.028529887872991856,-0.024148482369158786,56.64400024414063,57.130500221252454,57.04880020141602,51.034750003814686,56.38336569216861,56.845180060206495,-0.461814368037885,-0.10083652621725377,30.673913913490324,17.61539823336433,19.547603583943246,-5.232757955386334,-91.73910447464138,0.967944321002163,54.83390871331668,59.42709172918823,8.039808855310685,0.19464915585720785,-0.014314127612616707,-0.0035464364053593963,-0.006815137570542103,0.005264075098084793,0.006474365823335696,0.9749279121818236,-0.22252093395631434,0.8660254037844386,0.5000000000000001
2011-03-17,55.0099983215332,55.2400016784668,54.130001068115234,54.650001525878906,47.87465286254883,94434500.0,0.009191234995309,76.38999938964844,76.66000366210938,75.8499984741211,76.04000091552734,76.04000091552734,0.0,3.246000051498413,3.289999961853028,3.227999925613404,3.247999906539917,3.247999906539917,0.0,26.940000534057617,27.540000915527344,25.440000534057617,26.3700008392334,26.3700008392334,0.0,0.009191234995309086,0.02017816113833732,0.009233604104338822,56.282000350952146,56.92000026702882,57.023400268554695,51.082650012969964,56.1166942819702,56.682574242848894,-0.5658799608786964,-0.1938452131495423,35.303321611624305,17.84841103805119,19.69459138266164,-6.2124573596128245,-80.8695356516749,0.9780911988128344,54.52137885593603,59.31862167812161,8.428044272101676,0.2000138924318951,-0.02444483771748848,-0.014314127612616707,-0.015728774961469308,0.019582918959635886,-0.0003394444084383139,0.43388373911755823,-0.900968867902419,0.8660254037844386,0.5000000000000001
2011-03-18,55.220001220703125,55.220001220703125,54.40999984741211,54.45000076293945,47.76675033569336,94887200.0,-0.0022563987776814,76.05999755859375,76.45999908447266,75.54000091552734,75.72000122070312,75.72000122070312,0.0,3.250999927520752,3.325000047683716,3.24399995803833,3.2769999504089355,3.2769999504089355,0.0,23.89999961853028,24.850000381469727,23.09000015258789,24.440000534057617,24.440000534057617,0.0,-0.002256398777681491,0.014668622879119556,-0.002253855023560458,55.93000030517578,56.70600032806397,56.995000305175786,51.12740001678466,55.86027989442701,56.51719842952227,-0.656918535095258,-0.28645987753868546,34.31619202677206,14.057993369058813,16.507267546824778,-6.07210692365236,-85.21737976650728,0.9660847827041331,54.22502183278237,59.18697882334558,8.750320886425703,0.2000094814753915,0.009191234995309086,-0.02444483771748848,0.0062147940641430425,-0.0051617280262536685,-0.0022113889497208023,-0.433883739117558,-0.9009688679024191,0.8660254037844386,0.5000000000000001
2011-03-21,55.27999877929688,55.77999877929688,54.5,55.5,48.68787384033203,57423000.0,0.0191002041811535,75.58999633789062,75.7300033569336,75.33999633789062,75.4000015258789,75.4000015258789,0.0,3.305999994277954,3.367000102996826,3.296999931335449,3.322999954223633,3.322999954223633,0.0,22.100000381469727,22.15999984741211,20.21999931335449,20.61000061035156,20.61000061035156,0.0,0.019100204181153532,0.023154826475435077,0.019283779996864592,55.76100044250488,56.544500350952156,56.98340026855469,51.177450008392334,55.80485221836132,56.44185039770581,-0.6369981793444879,-0.35656753789984597,43.28257204825044,23.840594252631448,18.58233288658048,-2.955059743470095,-62.39130182392347,0.99207858510794,54.20159720283535,58.88740349906896,8.286935541300089,0.2155960528506749,-0.002256398777681491,0.009191234995309086,-0.0035464364053593963,-0.01354662170160397,0.0,0.0,1.0,0.8660254037844386,0.5000000000000001
2011-03-22,55.58000183105469,55.61000061035156,55.27999877929688,55.400001525878906,48.60015487670898,36162100.0,-0.0018032843002463,75.4800033569336,75.55999755859375,75.25,75.43000030517578,75.43000030517578,0.0,3.3480000495910645,3.361000061035156,3.3299999237060547,3.3320000171661377,3.3320000171661377,0.0,20.530000686645508,20.59000015258789,19.96999931335449,20.209999084472656,20.209999084472656,0.0,-0.0018032843002463471,0.005937420298361625,-0.0018016593600024278,55.559000778198254,56.46300048828126,56.968200302124025,51.220900020599366,55.74256749644095,56.364676407200115,-0.6221089107591666,-0.40967581247171014,42.68495535063592,29.275378664114683,22.391322095268315,-3.517932266599913,-64.56518241722519,0.9447873883898501,54.078180013904756,58.847820962657764,8.447374222953195,0.19129681545391244,0.019100204181153532,-0.002256398777681491,-0.014314127612616707,0.0040136056400953204,-0.02937307392983541,0.7818314824680298,0.6234898018587336,0.8660254037844386,0.5000000000000001
2011-03-23,55.20000076293945,55.869998931884766,54.81999969482422,55.709999084472656,48.87210464477539,60365100.0,0.0055800588812463,75.52999877929688,75.97000122070312,75.43000030517578,75.79000091552734,75.79000091552734,0.0,3.2950000762939453,3.351999998092652,3.2799999713897705,3.3480000495910645,3.3480000495910645,0.0,20.59000015258789,21.049999237060547,18.190000534057617,19.170000076293945,19.170000076293945,0.0,0.005580058881246326,0.019021725046161637,0.005595656408015737,55.42700080871582,56.42050037384034,56.95120025634766,51.26495000839234,55.73755697152275,56.31618179070178,-0.5786248191790335,-0.44346561381317484,45.210508520606616,38.75021089298445,30.62206126991019,-2.314570792702549,-56.79288307989798,0.952302520437757,54.01277255003848,58.828228197642204,8.534939633106193,0.19099426370882808,-0.0018032843002463471,0.019100204181153532,-0.02444483771748848,-0.006815137570542103,-0.008275443344043966,0.9749279121818236,-0.22252093395631434,0.8660254037844386,0.5000000000000001
2011-03-24,56.130001068115234,56.81999969482422,55.81999969482422,56.70000076293945,49.74057769775391,69502400.0,0.0176142761113334,75.87000274658203,76.04000091552734,75.45999908447266,75.66000366210938,75.66000366210938,0.0,3.38100004196167,3.4040000438690186,3.358999967575073,3.4040000438690186,3.4040000438690186,0.0,18.450000762939453,18.989999771118164,17.8700008392334,18.0,18.0,0.0,0.01761427611133345,0.017815784446297687,0.017770322340136202,55.483000946044925,56.412500381469734,56.95360023498536,51.31320001602174,55.88562524712532,56.344612825682354,-0.45898757855703565,-0.446570006761947,52.42100956904433,47.96603235617653,38.66387397109189,0.9975086914487451,-34.74383743434725,0.9635666697173145,54.00986331878323,58.815137444156235,8.518101649242674,0.2008642411843254,0.005580058881246326,-0.0018032843002463471,0.009191234995309086,-0.015728774961469308,0.0052900663280460655,0.43388373911755823,-0.900968867902419,0.8660254037844386,0.5000000000000001
2011-03-25,56.880001068115234,57.220001220703125,56.72999954223633,56.84000015258789,49.863399505615234,74131100.0,0.0024662041328408,75.70999908447266,76.27999877929688,75.61000061035156,76.22000122070312,76.22000122070312,0.0,3.388999938964844,3.4609999656677246,3.382999897003174,3.444000005722046,3.444000005722046,0.0,17.8700008392334,18.07999992370605,17.06999969482422,17.90999984741211,17.90999984741211,0.0,0.0024662041328408903,0.008614656632653848,0.0024692477157712833,55.518000793457034,56.372000312805184,56.95040023803712,51.36240001678467,56.03245215565802,56.381308183230914,-0.3488560275728929,-0.42702721092413626,53.35585583664009,62.326632928594066,49.680958725918344,0.6195759669352396,-21.48338069997259,0.9318833688634829,54.03066916098125,58.71333146462912,8.306716592748232,0.19441077022826597,0.01761427611133345,0.005580058881246326,-0.002256398777681491,0.0062147940641430425,0.0137983777098315,-0.433883739117558,-0.9009688679024191,0.8660254037844386,0.5000000000000001
2011-03-28,57.09000015258789,57.09999847412109,56.5,56.52999877929688,49.591426849365234,37824000.0,-0.0054692837779482,76.38999938964844,76.43000030517578,76.02999877929688,76.12999725341797,76.12999725341797,0.0,3.4670000076293945,3.4800000190734863,3.430999994277954,3.447999954223633,3.447999954223633,0.0,18.309999465942383,19.440000534057617,17.959999084472656,19.440000534057617,19.440000534057617,0.0,-0.005469283777948223,0.010509694736686538,-0.005454354475357692,55.54200057983398,56.31000022888184,56.94100021362305,51.41205001831055,56.108997790063995,56.39232230145802,-0.2833245113940279,-0.39828667101811466,50.967807640109385,74.20995892220967,61.50087473566008,0.42635967288345883,-21.142905099051134,0.9081773049533117,54.06067851479905,58.55932194296463,7.9890666131771555,0.1948579709450471,0.0024662041328408903,0.01761427611133345,0.019100204181153532,-0.0035464364053593963,0.0020790388302481923,0.0,1.0,0.8660254037844386,0.5000000000000001
2011-03-29,56.400001525878906,57.08000183105469,56.22999954223633,57.08000183105469,50.07393264770508,47994800.0,0.0096825932390221,76.22000122070312,76.43000030517578,75.93000030517578,76.25,76.25,0.0,3.4539999961853027,3.502000093460083,3.428999900817871,3.490999937057495,3.490999937057495,0.0,19.170000076293945,19.780000686645508,18.0,18.15999984741211,18.15999984741211,0.0,0.009682593239022121,0.015070962159962698,0.009729621206614247,55.70100059509278,56.32200031280518,56.939400253295894,51.46625001907349,56.25838302713949,56.44326152587259,-0.1848784987331058,-0.3556050365611129,54.830519047264964,84.43858725840545,73.65839303640306,2.8653813380670683,-4.057952425759925,0.9040219466579581,54.05825858810073,58.58574203750963,8.038570051247898,0.1896622293545674,-0.005469283777948223,0.0024662041328408903,-0.0018032843002463471,-0.014314127612616707,-0.01622915192349783,0.7818314824680298,0.6234898018587336,0.8660254037844386,0.5000000000000001
2011-03-30,57.36000061035156,57.43000030517578,57.08000183105469,57.34999847412109,50.310794830322266,44935900.0,0.0047190967817913,76.13999938964844,76.41000366210938,76.01000213623047,76.12000274658203,76.12000274658203,0.0,3.486999988555908,3.489000082015991,3.450000047683716,3.4549999237060547,3.4549999237060547,0.0,17.81999969482422,17.889999389648438,17.25,17.709999084472656,17.709999084472656,0.0,0.004719096781791328,0.006101786443459882,0.004730249255308738,56.021000289917,56.33250026702881,56.956200256347664,51.522750015258794,56.42632386513665,56.51042722574285,-0.08410336060619983,-0.30130470137013027,56.63650024432391,90.8711000018387,83.17321539415127,5.9095048163809665,-2.1858424696728274,0.8644488414767535,54.05090553014775,58.614095003909874,8.100456134791765,0.1894821078821167,0.009682593239022121,-0.005469283777948223,0.005580058881246326,-0.02444483771748848,0.005264075098084793,0.9749279121818236,-0.22252093395631434,0.8660254037844386,0.5000000000000001
2011-03-31,57.25,57.47999954223633,57.150001525878906,57.43000030517578,50.3809814453125,50004300.0,0.0013940885532758,76.13999938964844,76.16999816894531,75.66000366210938,75.86000061035156,75.86000061035156,0.0,3.428999900817871,3.4820001125335693,3.4030001163482666,3.4539999961853027,3.4539999961853027,0.0,17.899999618530273,17.950000762939453,17.40999984741211,17.739999771118164,17.739999771118164,0.0,0.0013940885532758662,0.005764157490959334,0.0013950607464450204,56.299000167846685,56.290500259399415,56.98260025024414,51.58315002441407,56.580735625142665,56.57854375014529,0.0021918749973721674,-0.2406053860966298,57.182777180789294,97.4695054805071,90.92639758025041,5.086914367203517,-1.347688663045954,0.8262737825396583,54.13144230631,58.44955821248883,7.671127252875659,0.17534555620566994,0.004719096781791328,0.009682593239022121,0.01761427611133345,0.009191234995309086,0.019582918959635886,0.43388373911755823,-0.900968867902419,0.8660254037844386,0.5000000000000001
2011-04-01,57.720001220703125,57.900001525878906,57.290000915527344,57.459999084472656,50.40730285644531,68031800.0,0.0005223109394818,76.05000305175781,76.61000061035156,75.77999877929688,75.83000183105469,75.83000183105469,0.0,3.497999906539917,3.526000022888184,3.447999954223633,3.450999975204468,3.450999975204468,0.0,16.68000030517578,17.6200008392334,16.440000534057617,17.399999618530273,17.399999618530273,0.0,0.0005223109394818671,0.010568270919106742,0.0005224473675922159,56.6,56.265000152587895,57.01820022583008,51.64410001754761,56.716006926578046,56.643836737873244,0.07217018870480274,-0.17805027113634328,57.39949351263825,95.27088649400667,94.53716399211748,5.528004186148537,-10.653809385261237,0.8108256988119372,54.17863982004838,58.35136048512741,7.416192399827272,0.17456723182266456,0.0013940885532758662,0.004719096781791328,0.0024662041328408903,-0.002256398777681491,-0.0051617280262536685,-0.433883739117558,-0.9009688679024191,1.0,6.123233995736766e-17
2011-04-04,57.619998931884766,57.68000030517578,57.02000045776367,57.27000045776367,50.240631103515625,48659100.0,-0.00331197867113,75.88999938964844,75.98999786376953,75.69999694824219,75.91000366210938,75.91000366210938,0.0,3.440000057220459,3.441999912261963,3.4030001163482666,3.430999994277954,3.430999994277954,0.0,17.6299991607666,17.850000381469727,17.389999389648438,17.5,17.5,0.0,-0.0033119786711300375,0.011454353690501198,-0.003306500119721778,56.777000045776376,56.26900024414063,57.03460021972657,51.70490001678466,56.8012367006066,56.6902192356429,0.11101746496370168,-0.12023672391633429,55.48403501816409,90.91474758210448,94.55171318553943,3.189190013988598,-15.254259205379373,0.8000524237119495,54.1748803688054,58.36312011947586,7.443245361564052,0.16797801827645872,0.0005223109394818671,0.0013940885532758662,-0.005469283777948223,0.019100204181153532,-0.01354662170160397,0.0,1.0,1.0,6.123233995736766e-17
2011-04-05,57.15999984741211,57.4900016784668,57.0,57.119998931884766,50.10901641845703,55349400.0,-0.0026231235241234,75.86000061035156,76.1500015258789,75.7699966430664,75.87999725341797,75.87999725341797,0.0,3.4140000343322754,3.5,3.3989999294281006,3.486999988555908,3.486999988555908,0.0,17.8700008392334,17.8700008392334,16.5,17.25,17.25,0.0,-0.0026231235241234627,0.008572457658762248,-0.0026196861418283923,56.94899978637696,56.2540002822876,57.046400222778324,51.773650016784664,56.85027704388017,56.72205476869786,0.12822227518230989,-0.07054492409660545,53.95325688466194,84.46740331431243,90.21767913014119,3.1046883729820838,-20.68972146642206,0.7779059419087243,54.190520425610764,58.317480138964434,7.336295539240264,0.16759990525237986,-0.0033119786711300375,0.0005223109394818671,0.009682593239022121,-0.0018032843002463471,0.0040136056400953204,0.7818314824680298,0.6234898018587336,1.0,6.123233995736766e-17
2011-04-06,57.560001373291016,57.72999954223633,56.93000030517578,57.2599983215332,50.231842041015625,49532100.0,0.0024481688873489,75.91000366210938,75.91999816894531,75.45999908447266,75.51000213623047,75.51000213623047,0.0,3.496000051498413,3.549000024795532,3.496000051498413,3.5450000762939453,3.5450000762939453,0.0,16.75,17.149999618530273,16.5,16.899999618530273,16.899999618530273,0.0,0.002448168887348957,0.013898527066953171,0.002451168099826262,57.103999710083016,56.26550025939941,57.055000152587894,51.846400012969966,56.913311086596025,56.76190243927825,0.1514086473177727,-0.026154209813729824,55.19570708191358,81.90594248337047,85.76269779326245,2.7822639786985,-18.33819187808714,0.7794840344195688,54.181350971234025,58.349649547564795,7.408267156807935,0.16596183927312055,-0.0026231235241234627,-0.0033119786711300375,0.004719096781791328,0.005580058881246326,-0.006815137570542103,0.9749279121818236,-0.22252093395631434,1.0,6.123233995736766e-17
2011-04-07,57.2400016784668,57.59999847412109,56.810001373291016,57.220001220703125,50.19674301147461,60697000.0,-0.0006989848747092,75.54000091552734,75.81999969482422,75.52999877929688,75.58999633789062,75.58999633789062,0.0,3.572000026702881,3.57699990272522,3.5230000019073486,3.555000066757202,3.555000066757202,0.0,16.920000076293945,17.770000457763672,16.489999771118164,17.110000610351562,17.110000610351562,0.0,-0.000698984874709225,0.013801486332367828,-0.0006987406416900654,57.15599975585937,56.31950035095215,57.05580017089844,51.919550018310545,56.96049418415096,56.79583568234676,0.1646585018041975,0.012008332509855637,54.74126145734029,80.32402888516359,82.2324582276155,0.9171083787772314,-19.999999999999996,0.7802349677346048,54.19349727465449,58.445503427249804,7.549793812266001,0.15495302382129983,0.002448168887348957,-0.0026231235241234627,0.0013940885532758662,0.01761427611133345,-0.015728774961469308,0.43388373911755823,-0.900968867902419,1.0,6.123233995736766e-17
2011-04-08,57.47999954223633,57.56999969482422,56.650001525878906,56.95000076293945,49.95989227294922,42782200.0,-0.0047296153543356,75.58000183105469,75.61000061035156,74.83999633789062,75.06999969482422,75.06999969482422,0.0,3.5980000495910645,3.61899995803833,3.568000078201294,3.569999933242798,3.569999933242798,0.0,16.510000228881836,18.32999992370605,16.510000228881836,17.8700008392334,17.8700008392334,0.0,-0.00472961535433561,0.01600553542574922,-0.004718448335806369,57.16699981689453,56.34250030517578,57.08020019531249,51.99195001602173,56.958879811656885,56.80725531794622,0.15162449371066344,0.039931564750017204,51.64978586885916,76.9392152812656,79.72306221659989,0.19352675942340622,-30.844162278116038,0.7902180535353696,54.19885101920155,58.48614959115002,7.609350931759458,0.1549596084868425,-0.000698984874709225,0.002448168887348957,0.0005223109394818671,0.0024662041328408903,0.0062147940641430425,-0.433883739117558,-0.9009688679024191,1.0,6.123233995736766e-17
2011-04-11,57.16999816894531,57.290000915527344,56.560001373291016,56.7599983215332,49.793212890625,42451700.0,-0.0033418415832268,74.97000122070312,75.08999633789062,74.88999938964844,75.05999755859375,75.05999755859375,0.0,3.595999956130981,3.601999998092652,3.558000087738037,3.569999933242798,3.569999933242798,0.0,16.739999771118164,17.049999237060547,16.219999313354492,16.59000015258789,16.59000015258789,0.0,-0.003341841583226861,0.01276892715789631,-0.0033362638456782,57.18999977111817,56.36600017547608,57.09540016174316,52.063400001525885,56.928282659330165,56.80375479969341,0.12452785963675694,0.056850823727365156,49.529968545715384,70.7142562253015,75.99250013057689,0.4068628112558076,-37.013069045979464,0.7859167312997238,54.21448385482459,58.51751649612757,7.634092587565147,0.15489085605110692,-0.00472961535433561,-0.000698984874709225,-0.0033119786711300375,-0.005469283777948223,-0.0035464364053593963,0.0,1.0,1.0,6.123233995736766e-17
2011-04-12,56.5,56.63999938964844,56.150001525878906,56.369998931884766,49.45108413696289,50422800.0,-0.0068947056752191,75.06999969482422,75.19999694824219,74.69999694824219,74.8499984741211,74.8499984741211,0.0,3.532000064849853,3.5390000343322754,3.4749999046325684,3.5,3.5,0.0,17.579999923706055,18.459999084472656,16.8799991607666,17.09000015258789,17.09000015258789,0.0,-0.006894705675219192,0.008672528562292588,-0.006870991723583408,57.11899948120117,56.410000038146975,57.08180015563965,52.132250003814704,56.8423928551078,56.77162473541129,0.07076811969651686,0.059634282921195506,45.41020053845573,52.861672136976665,66.83838121451458,-1.2438732943131072,-73.55775226497451,0.7733510216107649,54.29828935044524,58.52171072584871,7.4870082831898745,0.1475531122319976,-0.003341841583226861,-0.00472961535433561,-0.0026231235241234627,0.009682593239022121,-0.014314127612616707,0.7818314824680298,0.6234898018587336,1.0,6.123233995736766e-17
2011-04-13,56.790000915527344,57.0,56.400001525878906,56.84999847412109,49.872161865234375,49979800.0,0.0084789869025945,74.88999938964844,75.0999984741211,74.73999786376953,74.9800033569336,74.9800033569336,0.0,3.5220000743865967,3.5450000762939453,3.4600000381469727,3.4660000801086426,3.4660000801086426,0.0,16.329999923706055,17.3799991607666,16.200000762939453,16.920000076293945,16.920000076293945,0.0,0.008478986902594502,0.010565213320097765,0.008515035324710762,57.06899948120118,56.54499988555909,57.07960014343262,52.19670000076294,56.84356295034062,56.77743019753794,0.06613275280268027,0.060933976897492456,50.83093616875457,43.143001434294966,55.57297659885771,-0.8718396047135426,-60.00017438616112,0.763111739218227,54.71522936167767,58.374770409440515,6.4719091965149085,0.11546670707131003,-0.006894705675219192,-0.003341841583226861,0.002448168887348957,0.004719096781791328,-0.02444483771748848,0.9749279121818236,-0.22252093395631434,1.0,6.123233995736766e-17
2011-04-14,56.459999084472656,56.83000183105469,56.22999954223633,56.75,49.7844352722168,53544100.0,-0.0017605781894522,74.94000244140625,75.1500015258789,74.62000274658203,74.68000030517578,74.68000030517578,0.0,3.444000005722046,3.5,3.4210000038146973,3.484999895095825,3.484999895095825,0.0,17.770000457763672,18.07999992370605,16.079999923706055,16.270000457763672,16.270000457763672,0.0,-0.001760578189452273,0.010627033272187371,-0.0017590292807966312,57.00099945068361,56.64999980926515,57.07340011596679,52.25944999694824,56.82916865028822,56.775398331053644,0.053770319234573094,0.059501245364908584,49.723183292985844,33.5759001471661,43.19352457281258,-1.184050673101768,-65.71437290736607,0.7528893958372649,55.051724924010166,58.24827469452013,5.6426297992452294,0.11358230970712664,0.008478986902594502,-0.006894705675219192,-0.000698984874709225,0.0013940885532758662,0.009191234995309086,0.43388373911755823,-0.900968867902419,1.0,6.123233995736766e-17
2011-04-15,56.52999877929688,56.869998931884766,56.27999877929688,56.650001525878906,49.69673156738281,68530000.0,-0.0017632227353672,74.72000122070312,75.0,74.62000274658203,74.83000183105469,74.83000183105469,0.0,3.4679999351501465,3.4679999351501465,3.3989999294281006,3.4100000858306885,3.4100000858306885,0.0,15.970000267028809,15.979999542236328,14.920000076293944,15.31999969482422,15.31999969482422,0.0,-0.0017632227353672014,0.010436939064714091,-0.0017616691713872035,56.91999969482423,56.75999984741211,57.05880012512207,52.319600009918204,56.80160447730217,56.766109678818474,0.035494798483696854,0.05469995598866624,48.58297661272452,34.285627092633796,37.001509558031614,-1.4096720701351955,-71.42857142857143,0.7412544498908805,55.541562848604805,57.97843684621942,4.2932945809824865,0.11335299276091401,-0.001760578189452273,0.008478986902594502,-0.00472961535433561,0.0005223109394818671,-0.002256398777681491,-0.433883739117558,-0.9009688679024191,1.0,6.123233995736766e-17
2011-04-18,56.08000183105469,56.27000045776367,55.31999969482422,56.25,49.3458137512207,69065000.0,-0.007086233163094,74.9000015258789,75.80999755859375,74.87999725341797,75.5,75.5,0.0,3.374000072479248,3.4549999237060547,3.36299991607666,3.371000051498413,3.371000051498413,0.0,18.299999237060547,19.06999969482422,16.809999465942383,16.959999084472656,16.959999084472656,0.0,-0.007086233163094029,0.016940098643388125,-0.007061185013471305,56.81799964904785,56.79749984741211,57.030800094604494,52.37710000991821,56.716742250024915,56.727879332239326,-0.01113708221441101,0.0415325483480508,44.215302602810915,32.96785117929593,33.60979280636528,-1.781037977319237,-63.95350212617472,0.783307834259724,55.70242266684167,57.892577027982554,3.85607529737187,0.09796538013682583,-0.0017632227353672014,-0.001760578189452273,-0.003341841583226861,-0.0033119786711300375,0.019100204181153532,0.0,1.0,1.0,6.123233995736766e-17
2011-04-19,56.400001525878906,56.59999847412109,56.09999847412109,56.59999847412109,49.65285110473633,38608400.0,0.0062028783603931,75.48999786376953,75.61000061035156,74.98999786376953,75.02999877929688,75.02999877929688,0.0,3.3949999809265137,3.3980000019073486,3.3480000495910645,3.3559999465942383,3.3559999465942383,0.0,16.6200008392334,16.719999313354492,15.6899995803833,15.829999923706056,15.829999923706056,0.0,0.006202878360393164,0.0088652479871047,0.006222156048810268,56.76599960327148,56.85749969482422,57.00220008850098,52.43344999313354,56.698781669116634,56.71840667608242,-0.019625006965782177,0.029301037285284208,48.57197708188011,38.07674900717953,35.11007575970308,-0.9103649640886307,-50.38767942371525,0.7630715603840293,55.97370676252042,57.74129262712802,3.1087998489115787,0.09939493842533471,-0.007086233163094029,-0.0017632227353672014,-0.006894705675219192,-0.0026231235241234627,-0.0018032843002463471,0.7818314824680298,0.6234898018587336,1.0,6.123233995736766e-17
2011-04-20,57.59999847412109,57.93999862670898,57.52999877929688,57.880001068115234,50.77575302124024,67397500.0,0.0223631250020852,75.05000305175781,75.08999633789062,74.2699966430664,74.37000274658203,74.37000274658203,0.0,3.4019999504089355,3.4019999504089355,3.374000072479248,3.400000095367432,3.400000095367432,0.0,14.3100004196167,15.390000343322754,14.300000190734863,15.06999969482422,15.06999969482422,0.0,0.022363125002085225,0.007118053095023998,0.022615054151377878,56.82799987792969,56.96599979400635,57.001200103759764,52.49504999160766,56.88050773050103,56.80445070512188,0.07605702537914993,0.03865223490405736,60.66955168582829,61.12294478803397,44.055848324836475,1.082785128809326,-2.28998408600809,0.804280745541448,56.144770519484254,57.78722906852845,2.8832260558639455,0.12424013388102412,0.006202878360393164,-0.007086233163094029,0.008478986902594502,0.002448168887348957,0.005580058881246326,0.9749279121818236,-0.22252093395631434,1.0,6.123233995736766e-17
2011-04-21,58.43999862670898,58.470001220703125,58.15999984741211,58.34000015258789,51.17927932739258,43666800.0,0.0079158115874574,74.4000015258789,74.41000366210938,73.73999786376953,74.0,74.0,0.0,3.3929998874664307,3.4019999504089355,3.369999885559082,3.400000095367432,3.400000095367432,0.0,14.710000038146973,15.229999542236328,14.399999618530272,14.6899995803833,14.6899995803833,0.0,0.007915811587457479,0.005304609523884125,0.007947224455411517,56.93999977111817,57.04799976348877,57.00760009765625,52.55874999999999,57.105045026206696,56.91819510863788,0.1868499175688143,0.06829177143700875,63.95139431942751,81.0651068180079,60.0882668710738,1.9573556588452707,-4.127016036252929,0.7889749889019082,56.0337720482421,58.06222747873544,3.5556994792156895,0.11216404390409902,0.022363125002085225,0.006202878360393164,-0.001760578189452273,-0.000698984874709225,0.01761427611133345,0.43388373911755823,-0.900968867902419,1.0,6.123233995736766e-17
2011-04-22,58.43999862670898,58.470001220703125,58.15999984741211,58.34000015258789,51.17927932739258,43666800.0,0.0,74.4000015258789,74.41000366210938,73.73999786376953,74.0,74.0,0.0,3.3929998874664307,3.4019999504089355,3.369999885559082,3.400000095367432,3.400000095367432,0.0,14.710000038146973,15.229999542236328,14.399999618530272,14.6899995803833,14.6899995803833,0.0,0.0,0.005304609523884125,0.0,57.078999710083,57.12299976348877,57.005600128173825,52.62874999999999,57.29503812257303,57.02351400078233,0.27152412179070495,0.108938241507748,63.9513943194275,96.485327947162,79.55779318440129,2.4407363845954286,-4.127016036252929,0.7547625877868446,55.96227168031483,58.283727846662714,4.063960534214956,0.11220221897468684,0.007915811587457479,0.022363125002085225,-0.0017632227353672014,-0.00472961535433561,0.0024662041328408903,-0.433883739117558,-0.9009688679024191,1.0,6.123233995736766e-17
2011-04-25,58.38999938964844,58.52000045776367,58.27999877929688,58.4900016784668,51.31087493896485,25376800.0,0.0025679673297603,74.0999984741211,74.2699966430664,73.80999755859375,73.98999786376953,73.98999786376953,0.0,3.384999990463257,3.3959999084472656,3.361000061035156,3.36299991607666,3.36299991607666,0.0,15.640000343322754,16.059999465942383,15.5,15.770000457763672,15.770000457763672,0.0,0.00256796732976033,0.004110321647123326,0.002571267382067921,57.25200004577637,57.22099990844727,57.00380012512207,52.697600002288816,57.478878669633616,57.132142717647845,0.3467359519857709,0.1564977836033526,65.05418258318059,96.93616876599168,91.49553451038719,3.0479270755673675,-0.9374616295190763,0.7179939514068406,55.94576292369011,58.496236893204426,4.457234186041897,0.1093597583405255,0.0,0.007915811587457479,-0.007086233163094029,-0.003341841583226861,-0.005469283777948223,0.0,1.0,1.0,6.123233995736766e-17
2011-04-26,58.63999938964844,59.02999877929688,58.5099983215332,58.81999969482422,51.600372314453125,49400000.0,0.0056261710329095,74.05999755859375,74.33999633789062,73.55999755859375,73.83999633789062,73.83999633789062,0.0,3.36299991607666,3.365000009536743,3.313999891281128,3.319999933242798,3.319999933242798,0.0,15.359999656677246,15.65999984741211,15.06999969482422,15.619999885559082,15.619999885559082,0.0,0.00562617103290958,0.008867675020055905,0.005642027656566739,57.49700012207031,57.30799980163575,57.010200119018556,52.76540000915527,57.6852049812014,57.257169160401645,0.42803582079975655,0.2108053910426334,67.4158077052566,96.42505608540077,96.61551759951814,4.346284919926884,-5.660354078025664,0.7052798906513581,55.84907952854634,58.766920074725164,5.091506519645689,0.10634095003395364,0.00256796732976033,0.0,0.006202878360393164,-0.006894705675219192,0.009682593239022121,0.7818314824680298,0.6234898018587336,1.0,6.123233995736766e-17
2011-04-27,58.93000030517578,59.290000915527344,58.65999984741211,59.220001220703125,51.95127868652344,56465500.0,0.0067774431770162,73.61000061035156,73.9800033569336,73.26000213623047,73.5199966430664,73.5199966430664,0.0,3.3510000705718994,3.3910000324249268,3.338000059127808,3.368000030517578,3.368000030517578,0.0,15.369999885559082,16.420000076293945,15.130000114440918,15.350000381469728,15.350000381469728,0.0,0.0067774431770162395,0.01069066799342782,0.006800462018604847,57.73400039672852,57.40149993896485,57.01700012207031,52.83830001831054,57.92132747958628,57.40256412783138,0.5187633517548988,0.27239698318508654,70.05725735201891,97.21298944676647,96.85807143271964,4.1688703785293795,-1.7632159521558277,0.6999028318987779,55.71008074352959,59.092919134400105,5.893292674350841,0.10741260488332338,0.00562617103290958,0.00256796732976033,0.022363125002085225,0.008478986902594502,0.004719096781791328,0.9749279121818236,-0.22252093395631434,1.0,6.123233995736766e-17
2011-04-28,59.040000915527344,59.22999954223633,58.880001068115234,59.130001068115234,51.8723258972168,48100000.0,-0.0015209027820271,73.36000061035156,73.36000061035156,72.87000274658203,73.12000274658203,73.12000274658203,0.0,3.3289999961853027,3.345999956130981,3.2980000972747803,3.312000036239624,3.312000036239624,0.0,15.539999961853027,15.539999961853027,14.270000457763672,14.619999885559082,14.619999885559082,0.0,-0.0015209027820271396,0.0059281583450830405,-0.0015197467955129218,57.972000503540045,57.48649997711182,57.02240013122558,52.9051000213623,58.10727726243689,57.53052241970426,0.5767548427326261,0.33326855509459447,68.70765208296578,96.18206945077016,96.60670499431247,4.193834481260325,-4.030221617508012,0.6749096634860862,55.626580708764095,59.34641924545954,6.470803646380451,0.10798513348977253,0.0067774431770162395,0.00562617103290958,0.007915811587457479,-0.001760578189452273,0.0013940885532758662,0.43388373911755823,-0.900968867902419,1.0,6.123233995736766e-17
2011-04-29,59.02000045776367,59.290000915527344,58.97999954223633,59.08000183105469,51.82845687866211,44831200.0,-0.0008460692387714,73.05999755859375,73.19999694824219,72.83000183105469,72.93000030517578,72.93000030517578,0.0,3.299000024795532,3.3329999446868896,3.2860000133514404,3.2960000038146973,3.2960000038146973,0.0,14.5600004196167,14.989999771118164,14.489999771118164,14.75,14.75,0.0,-0.0008460692387714143,0.005252480021799747,-0.0008457114231124052,58.21500053405762,57.567500114440925,57.029400177001946,52.970200023651124,58.25692719607039,57.64529867239689,0.6116285236735024,0.3889405488103761,67.92478733695734,96.30563819128955,96.56689902960872,4.289497334021617,-5.289647856467495,0.6488447856150098,55.57599188308381,59.55900834579804,6.918862995259863,0.10825140654036577,-0.0015209027820271396,0.0067774431770162395,0.0,-0.0017632227353672014,0.0005223109394818671,-0.433883739117558,-0.9009688679024191,1.0,6.123233995736766e-17
2011-05-02,59.16999816894531,59.34000015258789,58.81999969482422,58.970001220703125,51.73196029663086,48149400.0,-0.0018635809431918,73.05999755859375,73.29000091552734,72.72000122070312,72.94999694824219,72.94999694824219,0.0,3.312000036239624,3.312000036239624,3.263999938964844,3.2860000133514404,3.2860000133514404,0.0,15.06999969482422,16.1299991607666,15.06999969482422,15.989999771118164,15.989999771118164,0.0,-0.0018635809431918585,0.008788245290779612,-0.0018618455544058277,58.48700065612793,57.6525001525879,57.034200210571285,53.03285003662109,58.366630892167734,57.74342478708624,0.6232061050814934,0.43579366006459963,66.13929660124901,93.82539268154036,95.43770010786668,4.835557725694445,-9.203952481403356,0.6396416193399143,55.571356636123994,59.7336436690518,7.21961237051568,0.10753669405298963,-0.0008460692387714143,-0.0015209027820271396,0.00256796732976033,-0.007086233163094029,-0.0033119786711300375,0.0,1.0,0.8660254037844387,-0.4999999999999998
2011-05-03,58.93999862670898,59.0,58.33000183105469,58.68999862670898,51.4863166809082,38100000.0,-0.0047597012208527,73.05999755859375,73.31999969482422,72.8499984741211,73.13999938964844,73.13999938964844,0.0,3.263999938964844,3.2839999198913574,3.249000072479248,3.255000114440918,3.255000114440918,0.0,16.350000381469727,17.290000915527344,16.1299991607666,16.700000762939453,16.700000762939453,0.0,-0.004759701220852749,0.011367461563558626,-0.004748391793277018,58.69600067138672,57.731000137329104,57.06740020751953,53.09420003890991,58.416379774404845,57.81354136779904,0.6028384066058052,0.46920260937284075,61.69377903562274,89.77906977243249,93.30336688175413,3.6925798744384952,-16.169190344831684,0.6418099443117284,55.61625975618811,59.8457405184701,7.326186541409309,0.10887248879427446,-0.0018635809431918585,-0.0008460692387714143,0.00562617103290958,0.006202878360393164,-0.0026231235241234627,0.7818314824680298,0.6234898018587336,0.8660254037844387,-0.4999999999999998
2011-05-04,58.720001220703125,58.869998931884766,58.11000061035156,58.59999847412109,51.4073600769043,53097200.0,-0.0015347224822656,73.11000061035156,73.30000305175781,72.69999694824219,73.02999877929688,73.02999877929688,0.0,3.26200008392334,3.2690000534057617,3.2090001106262207,3.2230000495910645,3.2230000495910645,0.0,16.84000015258789,17.719999313354492,16.829999923706055,17.079999923706055,17.079999923706055,0.0,-0.0015347224822656659,0.01294275043824842,-0.0015335453979598013,58.7680004119873,57.7980001449585,57.10820014953613,53.15695003509522,58.44462880513042,57.871797449748826,0.5728313553815951,0.4899283585745916,60.29102571442539,85.40628577266736,89.67024940888007,1.2439485015878522,-18.40799985576288,0.6502519712561196,55.661296433919254,59.934703855997746,7.393694265131499,0.10925970413515064,-0.004759701220852749,-0.0018635809431918585,0.0067774431770162395,0.022363125002085225,0.002448168887348957,0.9749279121818236,-0.22252093395631434,0.8660254037844387,-0.4999999999999998
2011-05-05,58.310001373291016,58.970001220703125,58.08000183105469,58.27999877929688,51.12664413452149,72200000.0,-0.0054755814114546,73.12000274658203,74.22000122070312,72.80999755859375,74.19000244140625,74.19000244140625,0.0,3.191999912261963,3.1989998817443848,3.1640000343322754,3.1679999828338623,3.1679999828338623,0.0,17.68000030517578,19.11000061035156,16.739999771118164,18.200000762939453,18.200000762939453,0.0,-0.005475581411454625,0.015263237329575902,-0.005460617739616702,58.76200027465819,57.85100002288818,57.13660011291505,53.219800033569335,58.419301108848344,57.902034585270904,0.5172665235774403,0.4953959915751614,55.462338125386154,79.68487314551481,84.95674289687156,-0.10284774277352643,-26.368190362861,0.6673767868555708,55.72209132085797,59.97990872491839,7.359972001133697,0.11162561183215233,-0.0015347224822656659,-0.004759701220852749,-0.0015209027820271396,0.007915811587457479,-0.000698984874709225,0.43388373911755823,-0.900968867902419,0.8660254037844387,-0.4999999999999998
2011-05-06,58.86000061035156,59.20000076293945,58.310001373291016,58.470001220703125,51.2933349609375,72507000.0,0.0032550479909671,74.0999984741211,74.93000030517578,73.94000244140625,74.83999633789062,74.83999633789062,0.0,3.174999952316284,3.239000082015991,3.128000020980835,3.157000064849853,3.157000064849853,0.0,17.170000076293945,19.290000915527344,16.1200008392334,18.39999961853028,18.39999961853028,0.0,0.003255047990967119,0.015120614686026957,0.0032603514124147637,58.775000381469724,57.92700004577637,57.15300010681152,53.283100032806395,58.42710112605677,57.944106187895514,0.48299493816125505,0.49291578089238014,57.632079091217925,76.12400160216515,80.40505350678244,0.22283350664247073,-26.851804974880643,0.685421443768928,55.825169215316365,60.02883087623637,7.256826104576612,0.10985194021424283,-0.005475581411454625,-0.0015347224822656659,-0.0008460692387714143,0.0,-0.00472961535433561,-0.433883739117558,-0.9009688679024191,0.8660254037844387,-0.4999999999999998
2011-05-09,58.56999969482422,58.91999816894531,58.34000015258789,58.68999862670898,51.4863166809082,40022000.0,0.0037552559027531,74.80999755859375,75.16000366210938,74.44000244140625,74.73999786376953,74.73999786376953,0.0,3.174999952316284,3.180999994277954,3.134999990463257,3.1419999599456787,3.1419999599456787,0.0,18.59000015258789,18.59000015258789,17.040000915527344,17.15999984741211,17.15999984741211,0.0,0.0037552559027531143,0.00990264673688697,0.003762315710562847,58.79500007629394,58.023500061035165,57.17140007019042,53.34320003509521,58.46754689538788,57.99935747965947,0.46818941572841055,0.48797050785958623,60.058403972821225,70.28944846555342,75.36610773774446,0.3419335655717884,-35.911659265598104,0.6778911989538204,55.97061660800917,60.076383514061156,7.076041434475875,0.10874290779414816,0.003255047990967119,-0.005475581411454625,-0.0018635809431918585,0.00256796732976033,-0.003341841583226861,0.0,1.0,0.8660254037844387,-0.4999999999999998
2011-05-10,58.86000061035156,59.27999877929688,58.77999877929688,59.18999862670898,51.92496490478516,38053600.0,0.0084836170291012,74.62000274658203,75.0,74.52999877929688,74.61000061035156,74.61000061035156,0.0,3.1619999408721924,3.1989998817443848,3.1600000858306885,3.194999933242798,3.194999933242798,0.0,16.84000015258789,16.899999618530273,15.789999961853027,15.90999984741211,15.90999984741211,0.0,0.008483617029101232,0.00849473317728893,0.008519704887718582,58.83199996948241,58.16450004577637,57.21840003967285,53.40680002212524,58.578693315591124,58.08755312018166,0.4911401954094643,0.4886044453695619,64.96867526560162,75.11054563151532,73.84133189974463,0.6290359296232979,-11.904898864975245,0.6716132670705408,56.20452675131332,60.124473340239426,6.739414223179173,0.10634972636609007,0.0037552559027531143,0.003255047990967119,-0.004759701220852749,0.00562617103290958,-0.006894705675219192,0.7818314824680298,0.6234898018587336,0.8660254037844387,-0.4999999999999998
2011-05-11,59.09999847412109,59.310001373291016,58.36000061035156,58.7599983215332,51.5477294921875,61900000.0,-0.007291529154598,74.55000305175781,75.41999816894531,74.4000015258789,75.33000183105469,75.33000183105469,0.0,3.220999956130981,3.2239999771118164,3.1530001163482666,3.157000064849853,3.157000064849853,0.0,16.270000457763672,17.489999771118164,16.229999542236328,16.950000762939453,16.950000762939453,0.0,-0.007291529154598088,0.016074463408919423,-0.007265010449008513,58.78599967956543,58.260000038146984,57.25080001831054,53.465900020599356,58.606586393428366,58.13736387583733,0.46922251759103517,0.4847280598138566,58.32761070544054,68.71716306531869,71.3723857207958,-0.7767694861328478,-46.03195267347056,0.6914980882040345,56.38543894762449,60.134561128669475,6.43515650290107,0.10916967024489357,0.008483617029101232,0.0037552559027531143,-0.0015347224822656659,0.0067774431770162395,0.008478986902594502,0.9749279121818236,-0.22252093395631434,0.8660254037844387,-0.4999999999999998
2011-05-12,58.58000183105469,59.18999862670898,58.2400016784668,59.11000061035156,51.85478210449219,66100000.0,0.0059389952929427,75.27999877929688,75.63999938964844,75.05999755859375,75.23999786376953,75.23999786376953,0.0,3.177999973297119,3.247999906539917,3.1689999103546143,3.2300000190734863,3.2300000190734863,0.0,17.270000457763672,17.889999389648438,16.030000686645508,16.030000686645508,16.030000686645508,0.0,0.005938995292942756,0.01621708635281339,0.005956666090428442,58.783999633789065,58.37800006866456,57.267600021362306,53.52730001449584,58.68403473449348,58.2094110413569,0.4746236931365786,0.482707186478401,61.754505525069774,74.60306407387989,72.81025759023797,-0.03382455166985741,-18.253956239914505,0.7099622924924736,56.60954416748496,60.14645596984416,6.05863818253291,0.10939810607780263,-0.007291529154598088,0.008483617029101232,-0.005475581411454625,-0.0015209027820271396,-0.001760578189452273,0.43388373911755823,-0.900968867902419,0.8660254037844387,-0.4999999999999998
2011-05-13,58.970001220703125,59.06999969482422,58.38999938964844,58.40999984741211,51.240684509277344,63506600.0,-0.0119133241929851,75.22000122070312,75.94999694824219,74.80000305175781,75.76000213623047,75.76000213623047,0.0,3.2260000705718994,3.2300000190734863,3.131999969482422,3.187000036239624,3.187000036239624,0.0,16.020000457763672,17.559999465942383,15.979999542236328,17.06999969482422,17.06999969482422,0.0,-0.011913324192985119,0.011531292031532933,-0.011842641513320373,58.7169994354248,58.46599998474122,57.27639999389648,53.58555002212524,58.641875521096345,58.224269471435065,0.41760604966128057,0.46968695911497693,52.46242350195901,53.968148244580945,65.76279179459317,-1.1340588403475635,-73.80964635287208,0.7106793587932344,56.895516477506234,60.0364834919762,5.372296745612342,0.11953789972549193,0.005938995292942756,-0.007291529154598088,0.003255047990967119,-0.0008460692387714143,-0.0017632227353672014,-0.433883739117558,-0.9009688679024191,0.8660254037844387,-0.4999999999999998
2011-05-16,58.13999938964844,58.31999969482422,57.27000045776367,57.400001525878906,50.35466766357422,73115300.0,-0.0174425166156123,75.88999938964844,76.0,75.25,75.47000122070312,75.47000122070312,0.0,3.1689999103546143,3.1989998817443848,3.1470000743865967,3.1489999294281006,3.1489999294281006,0.0,17.860000610351562,18.25,16.610000610351562,18.239999771118164,18.239999771118164,0.0,-0.017442516615612372,0.018059842588293774,-0.017291276535205347,58.55999946594238,58.52350006103516,57.28060005187988,53.637150020599364,58.450817983370584,58.16321258657905,0.28760539679153396,0.43327064665028836,42.520886773073435,38.07221438986056,55.547808902773795,-2.66237012434218,-93.71975423763172,0.7413450752828918,57.235902606180105,59.81109751589021,4.400274944294841,0.1341924712804872,-0.011913324192985119,0.005938995292942756,0.0037552559027531143,-0.0018635809431918585,-0.007086233163094029,0.0,1.0,0.8660254037844387,-0.4999999999999998
2011-05-17,57.09999847412109,57.56999969482422,56.97999954223633,57.560001373291016,50.49502944946289,63136000.0,0.0027835854848891,75.61000061035156,75.83000183105469,75.33999633789062,75.4000015258789,75.4000015258789,0.0,3.1470000743865967,3.1489999294281006,3.0980000495910645,3.121000051498413,3.121000051498413,0.0,18.540000915527344,19.09000015258789,17.469999313354492,17.549999237060547,17.549999237060547,0.0,0.0027835854848891747,0.010332752510585285,0.0027874632561661894,58.44699974060058,58.57150020599365,57.2834001159668,53.69160003662109,58.31376927412757,58.118530274483646,0.19523899964392655,0.385664317249016,44.320921208693385,19.015647275659717,37.01866997003374,-1.9253659564812395,-75.42365758251705,0.7305347236618204,57.53964441074319,59.60335600124411,3.5234057233345966,0.13298160251990912,-0.017442516615612372,-0.011913324192985119,0.008483617029101232,-0.004759701220852749,0.006202878360393164,0.7818314824680298,0.6234898018587336,0.8660254037844387,-0.4999999999999998
2011-05-18,57.47999954223633,58.13999938964844,57.40999984741211,58.040000915527344,50.916107177734375,42351100.0,0.0083044163034451,75.26000213623047,75.58999633789062,75.12999725341797,75.47000122070312,75.47000122070312,0.0,3.0980000495910645,3.177999973297119,3.0980000495910645,3.1710000038146973,3.1710000038146973,0.0,17.559999465942383,17.68000030517578,16.030000686645508,16.229999542236328,16.229999542236328,0.0,0.008304416303445155,0.012700061726686761,0.008338993617043267,58.39099998474121,58.579500198364265,57.3036001586914,53.754800033569325,58.27165106511215,58.11271328493133,0.15893778018082116,0.34031900983537705,49.43670369509896,25.25729633042746,27.448385998649247,-0.9556272579785968,-55.08469918856884,0.7304964964171424,57.56793645258483,59.5910639441437,3.4536441668298146,0.11021928596239819,0.0027835854848891747,-0.017442516615612372,-0.007291529154598088,-0.0015347224822656659,0.022363125002085225,0.9749279121818236,-0.22252093395631434,0.8660254037844387,-0.4999999999999998
2011-05-19,58.220001220703125,58.34000015258789,57.84999847412109,58.209999084472656,51.06523895263672,35015800.0,0.0029246894037935,75.30999755859375,75.55999755859375,75.08000183105469,75.12000274658203,75.12000274658203,0.0,3.194999933242798,3.240999937057495,3.1689999103546143,3.1710000038146973,3.1710000038146973,0.0,15.899999618530272,16.559999465942383,15.5,15.520000457763672,15.520000457763672,0.0,0.00292468940379352,0.008416380422413296,0.002928970480436943,58.38400001525879,58.5730001449585,57.34500015258788,53.82065002441406,58.26216614501377,58.11991964045291,0.14224650456085897,0.30070450878047345,51.148629298437406,40.53675147361501,28.26989835990073,-0.12010929356623841,-47.88138880806905,0.7133182951349755,57.55331840479718,59.592681885119816,3.481746667023282,0.10692251461832233,0.008304416303445155,0.0027835854848891747,0.005938995292942756,-0.005475581411454625,0.007915811587457479,0.43388373911755823,-0.900968867902419,0.8660254037844387,-0.4999999999999998
2011-05-20,58.150001525878906,58.209999084472656,57.68999862670898,57.77000045776367,50.67924499511719,44703300.0,-0.0075875525508124,75.08000183105469,75.76000213623047,74.95999908447266,75.43000030517578,75.43000030517578,0.0,3.1600000858306885,3.188999891281128,3.1470000743865967,3.1519999504089355,3.1519999504089355,0.0,15.880000114440918,17.43000030517578,15.699999809265137,17.43000030517578,17.43000030517578,0.0,-0.007587552550812484,0.008942398007199698,-0.007558839739838286,58.31399993896485,58.54450016021728,57.37060012817382,53.88590002059936,58.1864483469753,58.093999700994445,0.092448645980852,0.25905333622054916,46.737899443202224,43.64650135015377,36.48018305139875,-1.1971964226530512,-66.09440795290081,0.6995098781798829,57.4671651381058,59.621835182328766,3.680397028459267,0.11016065144517219,0.00292468940379352,0.008304416303445155,-0.011913324192985119,0.003255047990967119,0.0,-0.433883739117558,-0.9009688679024191,0.8660254037844387,-0.4999999999999998
2011-05-23,56.97999954223633,57.150001525878906,56.650001525878906,56.91999816894531,49.93356704711914,43700000.0,-0.0148229949297408,75.83999633789062,76.37000274658203,75.72000122070312,76.0999984741211,76.0999984741211,0.0,3.0969998836517334,3.1410000324249268,3.094000101089477,3.134000062942505,3.134000062942505,0.0,20.030000686645508,20.030000686645508,17.469999313354492,18.270000457763672,18.270000457763672,0.0,-0.014822994929740861,0.008775008845505094,-0.014713675155774153,58.136999893188474,58.46599998474122,57.38320007324219,53.94650001525878,57.99160985804761,58.00703662454636,-0.015426766498748634,0.2041573156766896,39.62843566526237,32.05815118687545,38.74713467021474,-3.0158468208894504,-89.8497496784038,0.7295448105873745,57.16613099166532,59.765868977817114,4.446580896299197,0.12056145952209277,-0.007587552550812484,0.00292468940379352,-0.017442516615612372,0.0037552559027531143,0.00256796732976033,0.0,1.0,0.8660254037844387,-0.4999999999999998
2011-05-24,57.060001373291016,57.06999969482422,56.560001373291016,56.56999969482422,49.62652969360352,39314800.0,-0.0061678993281678,76.25,76.36000061035156,75.81999969482422,75.87999725341797,75.87999725341797,0.0,3.1540000438690186,3.1619999408721924,3.114000082015991,3.122999906539917,3.122999906539917,0.0,18.06999969482422,18.190000534057617,17.0,17.81999969482422,17.81999969482422,0.0,-0.006167899328167862,0.008937930411125545,-0.006148916884425426,57.87500000000001,58.35349998474121,57.404800033569344,54.00250001907348,57.772900602167084,57.90058944456694,-0.12768884239985567,0.13778808406138054,37.12430640084205,14.806472565725171,30.170375034251464,-4.426421680473746,-99.63642467151989,0.7138629185120766,56.815062058542786,59.89193791093964,5.272821430079467,0.11875157163251968,-0.014822994929740861,-0.007587552550812484,0.0027835854848891747,0.008483617029101232,0.00562617103290958,0.7818314824680298,0.6234898018587336,0.8660254037844387,-0.4999999999999998
2011-05-25,56.5,57.060001373291016,56.470001220703125,56.790000915527344,49.81954193115234,41369000.0,0.0038817517224014,75.94000244140625,76.2699966430664,75.75,75.93000030517578,75.93000030517578,0.0,3.115999937057495,3.140000104904175,3.0989999771118164,3.128999948501587,3.128999948501587,0.0,18.26000022888184,18.26000022888184,16.700000762939453,17.06999969482422,17.06999969482422,0.0,0.0038817517224014942,0.010442480576776825,0.0038892954784564004,57.67800025939942,58.23199996948242,57.45760002136231,54.05870002746581,57.621685265760966,57.81832362760104,-0.19663836184007266,0.07090279488108991,39.70350910653826,7.260473310955421,18.041699021185345,-3.3526165117059468,-88.73240571721006,0.7050155780889205,56.60068030194887,59.86331963701598,5.602828920141768,0.11634948118317491,-0.006167899328167862,-0.014822994929740861,0.008304416303445155,-0.007291529154598088,0.0067774431770162395,0.9749279121818236,-0.22252093395631434,0.8660254037844387,-0.4999999999999998
2011-05-26,56.619998931884766,57.29999923706055,56.61000061035156,57.13999938964844,50.12656021118164,40564100.0,0.0061436962352362,75.9000015258789,75.9800033569336,75.33999633789062,75.55000305175781,75.55000305175781,0.0,3.1470000743865967,3.1470000743865967,3.061000108718872,3.061000108718872,3.061000108718872,0.0,17.170000076293945,17.459999084472656,15.899999618530272,16.09000015258789,16.09000015258789,0.0,0.006143696235236216,0.01218648251016517,0.006162607445359125,57.481000137329104,58.13249988555909,57.5073999786377,54.12010002136229,57.547579746359034,57.7680773877527,-0.22049764139366346,0.012622707626139242,43.66285347618688,11.740884388587263,11.269276755089285,-3.332771443683814,-76.40851644550825,0.7039429387046393,56.48909057413325,59.775909196984934,5.6540121779076875,0.11997547293882353,0.0038817517224014942,-0.006167899328167862,0.00292468940379352,0.005938995292942756,-0.0015209027820271396,0.43388373911755823,-0.900968867902419,0.8660254037844387,-0.4999999999999998
2011-05-27,57.2400016784668,57.4900016784668,57.18999862670898,57.43000030517578,50.3809814453125,30127200.0,0.0050627400365608,75.56999969482422,75.58999633789062,74.75,74.94999694824219,74.94999694824219,0.0,3.0859999656677246,3.1010000705718994,3.055000066757202,3.063999891281128,3.063999891281128,0.0,16.110000610351562,16.270000457763672,15.359999656677246,15.979999542236328,15.979999542236328,0.0,0.005062740036560895,0.005241143308188934,0.005075577359766825,57.38300018310547,58.049999809265145,57.566999969482424,54.18265003204344,57.529490601561605,57.74303464089515,-0.2135440393335415,-0.03261064176579691,46.78113111188223,22.887286895217166,13.962881531586616,-1.6777941188091745,-66.19721715163018,0.6786614637127623,56.44157509740796,59.65842452112233,5.541514960006831,0.12235077507744146,0.006143696235236216,0.0038817517224014942,-0.007587552550812484,-0.011913324192985119,-0.0008460692387714143,-0.433883739117558,-0.9009688679024191,0.8660254037844387,-0.4999999999999998
2011-05-30,57.2400016784668,57.4900016784668,57.18999862670898,57.43000030517578,50.3809814453125,30127200.0,0.0,75.56999969482422,75.58999633789062,74.75,74.94999694824219,74.94999694824219,0.0,3.0859999656677246,3.1010000705718994,3.055000066757202,3.063999891281128,3.063999891281128,0.0,16.110000610351562,16.270000457763672,15.359999656677246,15.979999542236328,15.979999542236328,0.0,0.0,0.005241143308188934,0.0,57.38600006103516,57.97299976348877,57.60559997558594,54.24740003585815,57.514184402117635,57.71984691232334,-0.20566251020570547,-0.06722101545377862,46.781131111882225,30.399016417077124,21.675729233627184,0.0522626803125606,-66.19721715163018,0.6516144342874092,56.40303098054951,59.542968546428035,5.416206818154078,0.12243920655363756,0.005062740036560895,0.006143696235236216,-0.014822994929740861,-0.017442516615612372,-0.0018635809431918585,0.0,1.0,0.8660254037844387,-0.4999999999999998
2011-05-31,57.970001220703125,58.36000061035156,57.66999816894531,58.36000061035156,51.19682693481445,47590100.0,0.0160638046091023,74.7300033569336,74.76000213623047,74.44000244140625,74.63999938964844,74.63999938964844,0.0,3.0859999656677246,3.0989999771118164,3.04099988937378,3.049999952316284,3.049999952316284,0.0,15.850000381469728,16.5,15.149999618530272,15.449999809265137,15.449999809265137,0.0,0.01606380460910234,0.011902750161747898,0.01619352116805306,57.46599998474122,57.956499862670896,57.66479995727539,54.3209500312805,57.64430997261516,57.767265704769876,-0.12295573215471478,-0.07836795879396585,55.86647966182988,45.69696788045779,32.99442373091736,1.389852706695317,-30.51466205536627,0.6714991393508642,56.41152180094681,59.50147792439498,5.331509202194558,0.13622288108288305,0.0,0.005062740036560895,-0.006167899328167862,0.0027835854848891747,-0.004759701220852749,0.7818314824680298,0.6234898018587336,0.8660254037844387,-0.4999999999999998
2011-06-01,58.220001220703125,58.36000061035156,57.040000915527344,57.09000015258789,50.08271789550781,51795000.0,-0.022001559799938,74.44000244140625,74.94000244140625,74.30999755859375,74.68000030517578,74.68000030517578,0.0,3.015000104904175,3.0239999294281006,2.95199990272522,2.9660000801086426,2.9660000801086426,0.0,15.949999809265137,18.479999542236328,15.949999809265137,18.299999237060547,18.299999237060547,0.0,-0.02200155979993809,0.022672615375260843,-0.021761290806658007,57.37099990844727,57.88099994659424,57.692399978637695,54.38605003356933,57.55903153876481,57.71709788608973,-0.15806634732491887,-0.09430763650015646,44.65523557466324,42.37808251751123,39.491355605015386,-1.6368034940628353,-76.15387324046985,0.717820607598961,56.32092077914789,59.44107911404058,5.3906434542796555,0.15657222232267293,0.01606380460910234,0.0,0.0038817517224014942,0.008304416303445155,-0.0015347224822656659,0.9749279121818236,-0.22252093395631434,0.49999999999999994,-0.8660254037844387
2011-06-02,57.20000076293945,57.40999984741211,56.88999938964844,57.209999084472656,50.18799209594727,50198100.0,0.0020998004128891,74.83000183105469,74.88999938964844,74.2300033569336,74.33000183105469,74.33000183105469,0.0,2.9660000801086426,3.032999992370605,2.9660000801086426,3.0299999713897705,3.0299999713897705,0.0,17.920000076293945,18.71999931335449,17.389999389648438,18.09000015258789,18.09000015258789,0.0,0.0020998004128891658,0.009090916972514906,0.0021020065376464725,57.270999908447266,57.82749996185303,57.702599945068364,54.454400024414056,57.50533423810448,57.67953501189587,-0.17420077379139087,-0.11028626395840335,45.76277238758224,44.16160115787025,44.07888385194642,-1.717917910544594,-60.84666123055311,0.7036905968964404,56.251724770002234,59.403275153703824,5.44991636467177,0.15620473008174568,-0.02200155979993809,0.01606380460910234,0.006143696235236216,0.00292468940379352,-0.005475581411454625,0.43388373911755823,-0.900968867902419,0.49999999999999994,-0.8660254037844387
2011-06-03,56.54999923706055,56.9900016784668,56.27000045776367,56.34999847412109,49.43353271484375,57773700.0,-0.0151468029994907,74.3499984741211,74.45999908447266,73.69999694824219,73.77999877929688,73.77999877929688,0.0,3.0239999294281006,3.0239999294281006,2.947999954223633,2.996999979019165,2.996999979019165,0.0,18.229999542236328,19.8700008392334,17.1200008392334,17.950000762939453,17.950000762939453,0.0,-0.015146802999490732,0.012732117248752601,-0.01503266716989149,57.128999710083015,57.721499824523924,57.69279991149903,54.51580001831054,57.32759027441473,57.581050823912555,-0.2534605494978237,-0.13892112106628743,39.640327022069236,22.27570717818972,36.2717969511904,-2.458026609642777,-96.17234399440788,0.7205697418830507,56.0456620853116,59.39733756373625,5.806632690789228,0.16317315872628133,0.0020998004128891658,-0.02200155979993809,0.005062740036560895,-0.007587552550812484,0.003255047990967119,-0.433883739117558,-0.9009688679024191,0.49999999999999994,-0.8660254037844387
2011-06-06,56.220001220703125,56.52999877929688,55.86000061035156,55.88999938964844,49.02999877929688,50175600.0,-0.0081966630429776,73.6500015258789,74.05000305175781,73.63999938964844,73.94999694824219,73.94999694824219,0.0,3.002000093460083,3.04099988937378,3.0,3.002000093460083,3.002000093460083,0.0,18.420000076293945,18.64999961853028,17.649999618530273,18.489999771118164,18.489999771118164,0.0,-0.008196663042977663,0.011917434265344546,-0.00816316199521172,57.025999832153325,57.5814998626709,57.679999923706056,54.57720001220703,57.10642244598915,57.455787754707806,-0.349365308718653,-0.18100995859676056,36.804035155761426,14.72698198230467,27.05476343945488,-1.8095551869831694,-98.800048828125,0.7169574866732127,55.78299424115079,59.38000548419102,6.246817557060734,0.16324630894313685,-0.015146802999490732,0.0020998004128891658,0.0,-0.014822994929740861,0.0037552559027531143,0.0,1.0,0.49999999999999994,-0.8660254037844387
2011-06-07,56.040000915527344,56.2599983215332,55.75,55.790000915527344,48.94227981567383,46311100.0,-0.0017906899445597,73.94000244140625,74.04000091552734,73.51000213623047,73.5199966430664,73.5199966430664,0.0,3.032999992370605,3.055000066757202,3.009000062942505,3.010999917984009,3.010999917984009,0.0,18.1299991607666,18.479999542236328,17.389999389648438,18.06999969482422,18.06999969482422,0.0,-0.0017906899445597076,0.009100612298382294,-0.0017890876158882518,56.94799995422364,57.411499977111816,57.654199905395515,54.638850021362316,56.90389605668734,57.33239613699074,-0.4285000803034009,-0.23050798293808866,36.19769587128003,2.1867363155169426,13.06314182533711,-1.3788205471180863,-98.46739823091629,0.702174689163212,55.61040921301534,59.212590741208295,6.27432052747104,0.1581175903139997,-0.008196663042977663,-0.015146802999490732,0.01606380460910234,-0.006167899328167862,0.008483617029101232,0.7818314824680298,0.6234898018587336,0.49999999999999994,-0.8660254037844387
2011-06-08,55.66999816894531,55.77000045776367,55.22999954223633,55.38999938964844,48.59138107299805,46426400.0,-0.0071954698194013,73.56999969482422,73.97000122070312,73.54000091552734,73.93000030517578,73.93000030517578,0.0,2.970999956130981,2.9800000190734863,2.933000087738037,2.961999893188477,2.961999893188477,0.0,18.14999961853028,18.82999992370605,17.719999313354492,18.790000915527344,18.790000915527344,0.0,-0.0071954698194013535,0.009700034727656508,-0.007169644405559672,56.80799980163575,57.24300003051758,57.61499992370605,54.692000026702885,56.67098887714289,57.18851489644686,-0.5175260193039719,-0.28791159021126533,33.798990243473796,2.6147891359323534,6.509502477917988,-2.465225397621225,-94.88818553316165,0.692019452315198,55.345143626565616,59.14085643446954,6.630876798700875,0.15808303551323383,-0.0017906899445597076,-0.008196663042977663,-0.02200155979993809,0.0038817517224014942,-0.007291529154598088,0.9749279121818236,-0.22252093395631434,0.49999999999999994,-0.8660254037844387
2011-06-09,55.40999984741211,55.7599983215332,55.22999954223633,55.4900016784668,48.67910003662109,45307500.0,0.0018036096131443,73.87000274658203,74.30000305175781,73.69000244140625,74.19000244140625,74.19000244140625,0.0,2.930000066757202,3.0199999809265137,2.9189999103546143,2.997999906539917,2.997999906539917,0.0,18.200000762939453,18.309999465942383,17.260000228881836,17.770000457763672,17.770000457763672,0.0,0.0018036096131443357,0.00956503845436535,0.0018052370952630348,56.64300003051758,57.062000083923344,57.57619995117187,54.74315004348755,56.48929853888502,57.06269910252241,-0.5734005636373851,-0.3450093848964893,34.95940569660395,4.983730305526128,3.261751918991808,-2.8876404074315696,-91.69322531934367,0.6804465470996035,55.22432865338375,58.89967151446294,6.440963961434431,0.15566082305004755,-0.0071954698194013535,-0.0017906899445597076,0.0020998004128891658,0.006143696235236216,0.005938995292942756,0.43388373911755823,-0.900968867902419,0.49999999999999994,-0.8660254037844387
2011-06-10,55.22999954223633,55.34000015258789,54.59000015258789,54.63999938964844,47.93342971801758,53740600.0,-0.0154366131914019,74.18000030517578,74.91999816894531,74.0199966430664,74.79000091552734,74.79000091552734,0.0,2.9730000495910645,2.9800000190734863,2.937000036239624,2.970999956130981,2.970999956130981,0.0,17.93000030517578,19.15999984741211,17.93000030517578,18.86000061035156,18.86000061035156,0.0,-0.01543661319140192,0.013579576429770718,-0.015318079381963612,56.363999938964845,56.87350006103516,57.519799957275396,54.78630004882813,56.204790977464015,56.883239864531745,-0.6784488870677308,-0.41169728533073763,30.125693567245243,4.914942898762627,4.171154113407036,-4.858089675607924,-98.67376045120679,0.6961290455838394,54.85363757537837,58.89336254669195,7.103000460633242,0.1587601952666242,0.0018036096131443357,-0.0071954698194013535,-0.015146802999490732,0.005062740036560895,-0.011913324192985119,-0.433883739117558,-0.9009688679024191,0.49999999999999994,-0.8660254037844387
2011-06-13,54.66999816894531,54.93000030517578,54.45000076293945,54.63999938964844,47.93342971801758,37736800.0,0.0,74.9000015258789,74.95999908447266,74.44000244140625,74.51000213623047,74.51000213623047,0.0,2.993000030517578,3.013000011444092,2.9489998817443848,2.990999937057495,2.990999937057495,0.0,19.100000381469727,20.020000457763672,18.40999984741211,19.61000061035156,19.61000061035156,0.0,0.0,0.008779944362774583,0.0,56.08499984741211,56.73549995422364,57.467199935913094,54.8294500541687,55.96405381010777,56.71707390342928,-0.7530200933215099,-0.4799618469288921,30.125693567245246,4.830771444971566,4.909814883086773,-4.858089675607924,-95.14069989453485,0.68069122391616,54.50132981243994,58.96967009600734,7.875739681808792,0.15003790506479803,-0.01543661319140192,0.0018036096131443357,-0.008196663042977663,0.0,-0.017442516615612372,0.0,1.0,0.49999999999999994,-0.8660254037844387
2011-06-14,55.060001373291016,55.470001220703125,55.02999877929688,55.34000015258789,48.54752349853516,40565300.0,0.012730016713491,74.51000213623047,74.62999725341797,74.2300033569336,74.33000183105469,74.33000183105469,0.0,3.015000104904175,3.102999925613404,3.006999969482422,3.0989999771118164,3.0989999771118164,0.0,18.559999465942383,18.559999465942383,17.799999237060547,18.26000022888184,18.26000022888184,0.0,0.012730016713491023,0.007991326379074213,0.01281138829685613,55.782999801635754,56.62449989318848,57.431599960327155,54.877650051116944,55.86804555510471,56.615068440403995,-0.7470228852992875,-0.5333740546029713,38.27674025080159,9.649224423377659,6.464979589037283,-5.174777974947453,-77.2378663841254,0.6913562672831978,54.34272316662765,58.906276619749306,8.059326725586885,0.1585636142779072,0.0,-0.01543661319140192,-0.0017906899445597076,0.01606380460910234,0.0027835854848891747,0.7818314824680298,0.6234898018587336,0.49999999999999994,-0.8660254037844387
2011-06-15,54.810001373291016,55.150001525878906,54.18000030517578,54.290000915527344,47.62638854980469,59022400.0,-0.0191561952140978,74.44999694824219,75.66000366210938,74.44000244140625,75.5999984741211,75.5999984741211,0.0,3.0789999961853027,3.095000028610229,2.96399998664856,2.9730000495910645,2.9730000495910645,0.0,19.309999465942383,21.65999984741211,19.030000686645508,21.31999969482422,21.31999969482422,0.0,-0.01915619521409787,0.017697522284241502,-0.018973881309481633,55.502999877929696,56.43699989318848,57.37220001220704,54.917850055694586,55.62526945670819,56.44284121633906,-0.8175717596308729,-0.5902135956085517,32.20757396455686,10.084342359430456,8.188112742593226,-4.9045353469553685,-97.3684066430484,0.7248308087209772,54.03200438058241,58.84199540579455,8.522761724250817,0.1648095830243932,0.012730016713491023,0.0,-0.0071954698194013535,-0.02200155979993809,0.008304416303445155,0.9749279121818236,-0.22252093395631434,0.49999999999999994,-0.8660254037844387
2011-06-16,54.31999969482422,54.5,53.619998931884766,54.08000183105469,47.44216537475586,66316200.0,-0.0038755907822915,75.52999877929688,76.0199966430664,75.37999725341797,75.75,75.75,0.0,2.8970000743865967,2.9649999141693115,2.8929998874664307,2.9089999198913574,2.9089999198913574,0.0,21.3700008392334,24.64999961853028,20.809999465942383,22.729999542236328,22.729999542236328,0.0,-0.003875590782291556,0.016200314305213143,-0.003868090372969979,55.190000152587906,56.23050003051758,57.309400024414074,54.95610006332398,55.38753597583842,56.26781607668837,-0.8802801008499515,-0.6482268966568316,31.143967116084546,11.699475350152827,10.47768071098698,-5.4710667776736255,-90.29530092236772,0.7359143986777099,53.758207844953375,58.70279221608179,8.793420596375409,0.16314066074555347,-0.01915619521409787,0.012730016713491023,0.0018036096131443357,0.0020998004128891658,0.00292468940379352,0.43388373911755823,-0.900968867902419,0.49999999999999994,-0.8660254037844387
2011-06-17,54.400001525878906,54.59999847412109,53.630001068115234,53.790000915527344,47.293575286865234,70337000.0,-0.0031369408990033,75.41999816894531,75.75,74.88999938964844,74.98999786376953,74.98999786376953,0.0,2.9739999771118164,2.977999925613404,2.927000045776367,2.944000005722046,2.944000005722046,0.0,21.559999465942383,22.38999938964844,20.350000381469727,21.850000381469727,21.850000381469727,0.0,-0.0031369408990033756,0.017830834169083796,-0.003132025840660524,54.93400039672852,56.031500053405765,57.24620002746582,54.99205007553101,55.14176135117518,56.08427421289866,-0.9425128617234861,-0.7070840896701626,29.68602010319338,5.307610301286897,9.030476003623393,-4.543030395589859,-96.41346153072318,0.7526346134868629,53.44298124759074,58.62001885922079,9.239512786014336,0.1624902844651911,-0.003875590782291556,-0.01915619521409787,-0.01543661319140192,-0.015146802999490732,-0.007587552550812484,-0.433883739117558,-0.9009688679024191,0.49999999999999994,-0.8660254037844387
2011-06-20,53.63999938964844,54.22999954223633,53.63999938964844,54.06999969482422,47.53976058959961,37402900.0,0.0051919686992795,75.11000061035156,75.47000122070312,74.9000015258789,75.02999877929688,75.02999877929688,0.0,2.900000095367432,2.977999925613404,2.8980000019073486,2.963000059127808,2.963000059127808,0.0,22.989999771118164,23.07999992370605,19.989999771118164,19.989999771118164,19.989999771118164,0.0,0.005191968699279582,0.010999257257667868,0.005205470325326589,54.752000427246095,55.88900012969972,57.19240005493164,55.02615007400514,54.9768749425058,55.935068693041295,-0.9581937505354929,-0.7573060218432287,32.949717410848066,7.594973722325012,8.200686457921577,-3.2563959826439124,-90.50631637993406,0.7410178662797935,53.19479696350248,58.58320329589695,9.641264506235173,0.15942465061966538,-0.0031369408990033756,-0.003875590782291556,0.0,-0.008196663042977663,-0.014822994929740861,0.0,1.0,0.49999999999999994,-0.8660254037844387
2011-06-21,54.2599983215332,55.290000915527344,54.02999877929688,55.22999954223633,48.55965042114258,55892800.0,0.0212265218784646,74.91000366210938,74.98999786376953,74.5199966430664,74.54000091552734,74.54000091552734,0.0,2.9800000190734863,3.0,2.9539999961853027,2.984999895095825,2.984999895095825,0.0,19.459999084472656,19.459999084472656,17.719999313354492,18.86000061035156,18.86000061035156,0.0,0.021226521878464667,0.023221566074586975,0.021453406977528955,54.696000289916995,55.82200012207032,57.16960006713867,55.06505006790162,55.015817188618186,55.88284134853722,-0.8670241599190334,-0.7792496494583896,44.452857148119094,18.520146337903704,10.474243453838536,-1.0037665604969677,-57.519783075631636,0.7780881712762697,53.132460455933746,58.511539788206896,9.636127907474288,0.17937352641657503,0.005191968699279582,-0.0031369408990033756,0.012730016713491023,-0.0017906899445597076,-0.006167899328167862,0.7818314824680298,0.6234898018587336,0.49999999999999994,-0.8660254037844387
2011-06-22,55.0,55.31999969482422,54.81999969482422,54.83000183105469,48.20796585083008,36833300.0,-0.007268673803436,74.75,75.04000091552734,74.5,74.77999877929688,74.77999877929688,0.0,2.9560000896453857,2.99399995803833,2.940000057220459,2.993000030517578,2.993000030517578,0.0,18.86000061035156,18.89999961853028,17.719999313354492,18.520000457763672,18.520000457763672,0.0,-0.007268673803436005,0.00909090909090909,-0.007242320882923425,54.64000053405762,55.72400016784669,57.12920013427734,55.10045007705689,54.98723021053149,55.80485323613111,-0.817623025599616,-0.7869243246866349,41.790434914434286,29.293000606867437,18.469373555698716,-1.0110084216726045,-64.09489872383199,0.758224730470822,53.0401432641639,58.40785707152948,9.632678542813588,0.17964380956186268,0.021226521878464667,0.005191968699279582,-0.01915619521409787,-0.0071954698194013535,0.0038817517224014942,0.9749279121818236,-0.22252093395631434,0.49999999999999994,-0.8660254037844387
2011-06-23,54.2400016784668,55.369998931884766,54.060001373291016,55.34000015258789,48.65638732910156,80743300.0,0.0092588174489958,75.0199966430664,75.79000091552734,74.95999908447266,75.44999694824219,75.44999694824219,0.0,2.941999912261963,2.941999912261963,2.88700008392334,2.9089999198913574,2.9089999198913574,0.0,20.229999542236328,21.5,19.21999931335449,19.290000915527344,19.290000915527344,0.0,0.00925881744899585,0.0241518716455685,0.00930181289248,54.625000381469725,55.634000205993665,57.1010001373291,55.13745008468628,55.041502509309396,55.77041967438716,-0.7289171650777675,-0.7753228927648614,46.21371767285282,45.83063081933796,31.214592588036368,-0.2703217180422526,-40.89342574252248,0.7976370753367454,53.030558363465644,58.237442048521686,9.359175442673065,0.1817627555661196,-0.007268673803436005,0.021226521878464667,-0.003875590782291556,0.0018036096131443357,0.006143696235236216,0.43388373911755823,-0.900968867902419,0.49999999999999994,-0.8660254037844387
2011-06-24,55.08000183105469,55.130001068115234,54.27000045776367,54.380001068115234,47.81232070922852,56298300.0,-0.0174997297578806,75.22000122070312,75.75,75.05000305175781,75.66999816894531,75.66999816894531,0.0,2.907000064849853,2.936000108718872,2.8469998836517334,2.871000051498413,2.871000051498413,0.0,19.200000762939453,21.280000686645508,19.100000381469727,21.100000381469727,21.100000381469727,0.0,-0.017499729757880604,0.015613663430684294,-0.017347498780868165,54.59900054931641,55.48150024414063,57.05560012817383,55.16940008163452,54.939733056817985,55.667425703552205,-0.7276926467342193,-0.765796843558733,40.04511683368867,41.266547298314556,38.79672624150665,-0.4758388075356748,-71.21203363870185,0.8170915481572792,52.96516027487006,57.99784021341121,9.070915379712806,0.18849686783672587,0.00925881744899585,-0.007268673803436005,-0.0031369408990033756,-0.01543661319140192,0.005062740036560895,-0.433883739117558,-0.9009688679024191,0.49999999999999994,-0.8660254037844387
2011-06-27,54.43999862670898,55.52999877929688,54.31999969482422,55.25,48.577239990234375,49968900.0,0.0158717465481667,75.66999816894531,75.98999786376953,75.26000213623047,75.38999938964844,75.38999938964844,0.0,2.880000114440918,2.931999921798706,2.8550000190734863,2.927000045776367,2.927000045776367,0.0,21.600000381469727,21.81999969482422,20.270000457763672,20.559999465942383,20.559999465942383,0.0,0.015871746548166758,0.0222262879315912,0.015998371751451357,54.66000061035156,55.37250022888185,57.03560012817382,55.20150007247925,54.98746643269214,55.63650528106686,-0.6490388483747225,-0.742445244521931,46.95531103685348,54.56949666030775,47.22222492598675,1.116399372557693,-24.186050637852418,0.8451563721798067,53.028587067963,57.71641338980069,8.465982757615409,0.19951633759714446,-0.017499729757880604,0.00925881744899585,0.005191968699279582,0.0,0.0,0.0,1.0,0.49999999999999994,-0.8660254037844387
2011-06-28,55.369998931884766,56.08000183105469,55.290000915527344,56.06999969482422,49.29819869995117,47028800.0,0.0147324345992415,75.23999786376953,75.51000213623047,74.87000274658203,75.05999755859375,75.05999755859375,0.0,2.934000015258789,3.055000066757202,2.930000066757202,3.0450000762939453,3.0450000762939453,0.0,20.299999237060547,20.450000762939453,19.170000076293945,19.170000076293945,19.170000076293945,0.0,0.01473243459924154,0.014267670774189277,0.014841491815132724,54.7330005645752,55.258000183105466,57.02500015258788,55.237750072479244,55.15401001148169,55.66861597838222,-0.5146059669005325,-0.6968773889976513,52.511005124623594,68.06510843298162,54.63371746386797,1.319117347711447,-0.40659042450087446,0.844073904956584,53.344320670300604,57.17167969591033,6.926343720234554,0.19798335522995705,0.015871746548166758,-0.017499729757880604,0.021226521878464667,0.012730016713491023,0.01606380460910234,0.7818314824680298,0.6234898018587336,0.49999999999999994,-0.8660254037844387
2011-06-29,56.20000076293945,56.40999984741211,55.900001525878906,56.29999923706055,49.50043487548828,65407300.0,0.0040939120446657,75.08999633789062,75.13999938964844,74.61000061035156,74.69000244140625,74.69000244140625,0.0,3.072999954223633,3.131999969482422,3.055000066757202,3.1080000400543213,3.1080000400543213,0.0,18.6200008392334,18.82999992370605,16.31999969482422,17.270000457763672,17.270000457763672,0.0,0.004093912044665711,0.009074703106935126,0.00410230355003427,54.93400039672852,55.21850013732911,56.9934001159668,55.275800075530995,55.33031604618613,55.715385108654694,-0.38506906246856687,-0.6345157236918345,53.967337408786086,90.48822867508994,71.04094458945977,3.702336134900172,-3.9426729123768434,0.8202113632834853,53.43591554793468,57.00108472672354,6.456475945420906,0.1839993837093103,0.01473243459924154,0.015871746548166758,-0.007268673803436005,-0.01915619521409787,-0.02200155979993809,0.9749279121818236,-0.22252093395631434,0.49999999999999994,-0.8660254037844387
2011-06-30,56.5,57.09000015258789,56.470001220703125,57.04999923706055,50.159854888916016,50347200.0,0.0132335484568332,74.47000122070312,74.58000183105469,74.25,74.30000305175781,74.30000305175781,0.0,3.095000028610229,3.2160000801086426,3.088000059127808,3.157999992370605,3.157999992370605,0.0,16.670000076293945,16.770000457763672,15.880000114440918,16.520000457763672,16.520000457763672,0.0,0.013233548456833256,0.010973432422739215,0.013321499398670333,55.231000137329104,55.210500144958495,56.96760009765625,55.31770008087157,55.59488269093604,55.81424541446253,-0.2193627235264941,-0.5514851236587665,58.442751824502416,98.16599097747186,85.5731093618478,5.49185892279386,-1.1527637307066518,0.8180534741580467,53.464486457459806,56.95651383245718,6.324933419963321,0.1902906059246254,0.004093912044665711,0.01473243459924154,0.00925881744899585,-0.003875590782291556,0.0020998004128891658,0.43388373911755823,-0.900968867902419,0.49999999999999994,-0.8660254037844387
2011-07-01,57.08000183105469,57.9900016784668,56.91999816894531,57.90999984741211,50.91599655151367,53203900.0,0.0149621449229669,74.44000244140625,74.69000244140625,74.19999694824219,74.3499984741211,74.3499984741211,0.0,3.1470000743865967,3.2230000495910645,3.140000104904175,3.197000026702881,3.197000026702881,0.0,16.059999465942383,16.290000915527344,15.119999885559082,15.869999885559082,15.869999885559082,0.0,0.014962144922966934,0.018745681065121183,0.015074638159783493,55.64300003051758,55.288500213623045,56.95900009155273,55.35895008087157,55.95105456116313,55.96948648356991,-0.01843192240677638,-0.44487448340836844,62.897219366274264,97.69128633046805,95.44850199434327,7.659414132293614,-1.83070436551237,0.8360499052554351,53.21877661028192,57.35822381696417,7.486994927857153,0.18856824533857333,0.013233548456833256,0.004093912044665711,-0.017499729757880604,-0.0031369408990033756,-0.015146802999490732,-0.433883739117558,-0.9009688679024191,1.2246467991473532e-16,-1.0
2011-07-04,57.08000183105469,57.9900016784668,56.91999816894531,57.90999984741211,50.91599655151367,53203900.0,0.0,74.44000244140625,74.69000244140625,74.19999694824219,74.3499984741211,74.3499984741211,0.0,3.1470000743865967,3.2230000495910645,3.140000104904175,3.197000026702881,3.197000026702881,0.0,16.059999465942383,16.290000915527344,15.119999885559082,15.869999885559082,15.869999885559082,0.0,0.0,0.018745681065121183,0.0,56.027000045776376,55.389500236511225,56.947400054931634,55.401550083160394,56.2524307590476,56.11322821422488,0.13920254482271588,-0.3280590777621516,62.897219366274264,98.39527584608953,98.08418438467648,7.101905260331395,-1.83070436551237,0.8527608769887243,53.02065512587814,57.75834534714431,8.553408499871622,0.18520559095988232,0.014962144922966934,0.013233548456833256,0.015871746548166758,0.005191968699279582,-0.008196663042977663,0.0,1.0,1.2246467991473532e-16,-1.0
2011-07-05,57.970001220703125,58.2599983215332,57.83000183105469,58.20000076293945,51.17096328735352,43128800.0,0.0049950995970901,74.23999786376953,74.73999786376953,74.20999908447266,74.69000244140625,74.69000244140625,0.0,3.151000022888184,3.157999992370605,3.11899995803833,3.135999917984009,3.135999917984009,0.0,16.31999969482422,16.5,15.890000343322754,16.059999465942383,16.059999465942383,0.0,0.004995099597090115,0.0074175691120211456,0.005007595905186513,56.324000167846684,55.510000228881836,56.93500007629394,55.44570009231567,56.55205691349249,56.267803958574106,0.28425295491838654,-0.205596671226044,64.38998342134838,98.34851342237461,98.14502519964407,5.377514476406723,-1.2930510018514418,0.8225634208094237,52.830550699663156,58.189449758100515,9.653934491697454,0.1849845060357993,0.0,0.014962144922966934,0.01473243459924154,0.021226521878464667,-0.0017906899445597076,0.7818314824680298,0.6234898018587336,1.2246467991473532e-16,-1.0
2011-07-06,58.130001068115234,58.4900016784668,57.93999862670898,58.38999938964844,51.338016510009766,49282700.0,0.0032592924223835,74.61000061035156,75.18000030517578,74.45999908447266,75.12000274658203,75.12000274658203,0.0,3.0840001106262207,3.11899995803833,3.072999954223633,3.095000028610229,3.095000028610229,0.0,16.459999084472656,17.079999923706055,16.31999969482422,16.34000015258789,16.34000015258789,0.0,0.0032592924223835344,0.009461604019469055,0.0032646096912061218,56.679999923706056,55.660000228881835,56.918400039672846,55.49120008468627,56.83481729443956,56.42500362013517,0.4098136743043881,-0.08251460211995759,65.37294390105096,98.2728615424329,98.33888360363233,6.4927912451344,-2.057660005337436,0.8030948230200234,52.68882709825186,58.631173359511806,10.676152060409935,0.18161361366504009,0.004995099597090115,0.0,0.004093912044665711,-0.007268673803436005,-0.0071954698194013535,0.9749279121818236,-0.22252093395631434,1.2246467991473532e-16,-1.0
2011-07-07,58.83000183105469,59.36000061035156,58.7400016784668,59.18999862670898,52.0413932800293,54799800.0,0.0136078862390885,74.9800033569336,75.41000366210938,74.8499984741211,74.95999908447266,74.95999908447266,0.0,3.1619999408721924,3.174999952316284,3.1410000324249268,3.1489999294281006,3.1489999294281006,0.0,15.300000190734863,16.1299991607666,15.300000190734863,15.949999809265137,15.949999809265137,0.0,0.013607886239088547,0.010538822243542509,0.013700894928077023,57.06499977111817,55.84500007629396,56.91959999084472,55.5418000793457,57.19715288401947,56.629818065066566,0.5673348189529008,0.047455282094614096,69.22494587507639,97.89240899199453,98.171261318934,6.956990356894764,-2.9720620168274703,0.8150167085688164,52.483300264137135,59.20669988845078,12.039394064156706,0.18558850218435255,0.0032592924223835344,0.004995099597090115,0.013233548456833256,0.00925881744899585,0.0018036096131443357,0.43388373911755823,-0.900968867902419,1.2246467991473532e-16,-1.0
2011-07-08,58.68000030517578,59.040000915527344,58.369998931884766,59.02999877929688,51.90071868896485,69519500.0,-0.0027067888902721,74.9000015258789,75.41999816894531,74.83999633789062,75.18000030517578,75.18000030517578,0.0,3.1689999103546143,3.180999994277954,3.007999897003174,3.0160000324249268,3.0160000324249268,0.0,17.139999389648438,17.139999389648438,15.949999809265137,15.949999809265137,15.949999809265137,0.0,-0.0027067888902721758,0.011417893322394575,-0.0027031288402962206,57.529999542236325,56.06450004577638,56.91859992980957,55.59190008163452,57.47912917560061,56.807609229083624,0.6715199465169874,0.17226821497908876,67.60513141774427,96.25962538168781,97.47496530537174,8.550933467906995,-6.191401832771614,0.8153726361584874,52.46893385568611,59.660066235866644,12.826534392189373,0.17362222756429552,0.013607886239088547,0.0032592924223835344,0.014962144922966934,-0.017499729757880604,-0.01543661319140192,-0.433883739117558,-0.9009688679024191,1.2246467991473532e-16,-1.0
2011-07-11,58.40999984741211,58.709999084472656,57.7599983215332,57.959999084472656,50.9599494934082,52080800.0,-0.0182926174867913,75.33000183105469,76.16000366210938,75.25,75.98999786376953,75.98999786376953,0.0,2.947999954223633,2.9749999046325684,2.9130001068115234,2.9170000553131104,2.9170000553131104,0.0,17.440000534057617,19.059999465942383,17.15999984741211,18.38999938964844,18.38999938964844,0.0,-0.018292617486791365,0.016264351402520052,-0.018126323089947438,57.8009994506836,56.23050003051759,56.898399887084956,55.6393000793457,57.55310916158093,56.892971440593925,0.6601377209870023,0.26984211618067144,57.8553488345712,88.14046973937684,94.09750137101972,4.904975718502545,-26.415126932270404,0.8478460519874297,52.60541050951831,59.85558955151687,12.893676986802046,0.1904997967251523,-0.0027067888902721758,0.013607886239088547,0.0,0.015871746548166758,0.0,0.0,1.0,1.2246467991473532e-16,-1.0
2011-07-12,57.95000076293945,58.06999969482422,57.459999084472656,57.52000045776367,50.573089599609375,84000700.0,-0.0076204114316664,75.97000122070312,76.72000122070312,75.69999694824219,75.80999755859375,75.80999755859375,0.0,2.8970000743865967,2.937000036239624,2.875,2.907999992370605,2.907999992370605,0.0,19.549999237060547,20.1299991607666,18.25,19.8700008392334,19.8700008392334,0.0,-0.007620411431666423,0.01052632618327201,-0.007591449709911324,57.94599952697755,56.339500045776376,56.874999923706056,55.67860008239746,57.54801551483981,56.939418034458356,0.6085974803814551,0.3375931890208282,54.38219249318903,77.55882740877531,87.31964084327998,2.5860545226172023,-34.71698900863201,0.8308570918705821,52.696099294302954,59.9829007972498,12.933734763400897,0.1904966502742583,-0.018292617486791365,-0.0027067888902721758,0.004995099597090115,0.01473243459924154,0.012730016713491023,0.7818314824680298,0.6234898018587336,1.2246467991473532e-16,-1.0
2011-07-13,57.93999862670898,58.34000015258789,57.54999923706055,57.7599983215332,50.78410339355469,82378100.0,0.0041637715602784,76.0199966430664,76.05000305175781,74.77999877929688,75.20999908447266,75.20999908447266,0.0,2.937000036239624,2.95199990272522,2.890000104904175,2.8910000324249268,2.8910000324249268,0.0,19.07999992370605,20.15999984741211,18.09000015258789,19.90999984741211,19.90999984741211,0.0,0.004163771560278462,0.013634810739591077,0.0041724521008292825,58.09199943542481,56.512999916076666,56.8581999206543,55.72125007629395,57.5806282543311,57.00020175942686,0.5804264949042448,0.38615985019751153,55.93602854055449,69.14455178621175,78.2812829781213,2.5932488530329927,-31.43422870046233,0.8300815635101276,52.95096095276015,60.07503887939318,12.606086983901905,0.17328282917735294,-0.007620411431666423,-0.018292617486791365,0.0032592924223835344,0.004093912044665711,-0.01915619521409787,0.9749279121818236,-0.22252093395631434,1.2246467991473532e-16,-1.0
2011-07-14,57.90999984741211,58.18000030517578,56.869998931884766,57.09000015258789,50.19501876831055,98774200.0,-0.0116675862379741,74.8499984741211,75.33000183105469,74.6500015258789,75.25,75.25,0.0,2.9100000858306885,2.946000099182129,2.890000104904175,2.944000005722046,2.944000005722046,0.0,20.07999992370605,21.57999992370605,19.350000381469727,20.799999237060547,20.799999237060547,0.0,-0.011667586237974117,0.022621332701480867,-0.011599783906373062,58.09599952697754,56.663499832153335,56.834399948120115,55.759650077819835,57.50514700790907,57.0068534922536,0.49829351565547597,0.40858658328910447,50.73999302976794,62.93636628339014,69.87991515945907,0.07011554086289724,-45.03968344073521,0.8643615499230483,53.28464849873711,60.042351165569556,11.92602413696626,0.17960082004880062,0.004163771560278462,-0.007620411431666423,0.013607886239088547,0.013233548456833256,-0.003875590782291556,0.43388373911755823,-0.900968867902419,1.2246467991473532e-16,-1.0
2011-07-15,57.72999954223633,57.84999847412109,57.310001373291016,57.84999847412109,50.86322784423828,68281500.0,0.0132244292106644,75.13999938964844,75.41999816894531,74.97000122070312,75.12999725341797,75.12999725341797,0.0,2.953000068664551,2.983999967575073,2.8989999294281006,2.907999992370605,2.907999992370605,0.0,20.25,21.68000030517578,19.520000457763672,19.530000686645508,19.530000686645508,0.0,0.013224429210664497,0.009353838647356982,0.013312258712603331,58.08999938964843,56.86649971008302,56.821999893188476,55.80015007019044,57.558201079633996,57.06930867609564,0.48889240353835817,0.4246477473389552,55.7601555214196,62.141765162982395,64.74089441086142,-0.10361142021951512,-37.10079236985525,0.8569070336094874,53.73581535314922,59.99718406701682,11.010645539622322,0.18177996516375627,-0.011667586237974117,0.004163771560278462,-0.0027067888902721758,0.014962144922966934,-0.0031369408990033756,-0.433883739117558,-0.9009688679024191,1.2246467991473532e-16,-1.0
2011-07-18,57.52999877929688,57.790000915527344,56.97999954223633,57.540000915527344,50.590667724609375,59512200.0,-0.0053730962983391,75.23999786376953,75.75,75.19000244140625,75.4800033569336,75.4800033569336,0.0,2.877000093460083,2.930999994277954,2.875,2.9089999198913574,2.9089999198913574,0.0,21.25,21.93000030517578,20.89999961853028,20.950000762939453,20.950000762939453,0.0,-0.005373096298339156,0.014079634807545103,-0.005358687035427301,58.05299949645996,57.03999977111817,56.79899993896485,55.83900007247926,57.55540105438682,57.10417476790539,0.45122628648142893,0.42996345516745,53.37092339310942,55.08612100723832,60.054750817870286,-0.6389206231388035,-52.60116116769458,0.8578421692005782,54.189818883308405,59.89018065892793,9.993621666362396,0.18443143128737233,0.013224429210664497,-0.011667586237974117,-0.018292617486791365,0.0,0.005191968699279582,0.0,1.0,1.2246467991473532e-16,-1.0
2011-07-19,58.09000015258789,58.900001525878906,58.09000015258789,58.84999847412109,51.742462158203125,73904600.0,0.0225116357938094,75.31999969482422,75.5,74.9000015258789,75.22000122070312,75.22000122070312,0.0,2.947999954223633,2.9590001106262207,2.878000020980835,2.8910000324249268,2.8910000324249268,0.0,20.13999938964844,20.43000030517578,19.1200008392334,19.209999084472656,19.209999084472656,0.0,0.02251163579380949,0.013943903790038643,0.022766934800377614,58.11799926757812,57.22099971771241,56.79219993591309,55.8827000617981,57.75456988819209,57.233495042439884,0.521074845752203,0.4481857332844006,60.979803162531354,64.21696999797878,60.48161872273316,1.1168345406544025,-17.647136468513803,0.8937106292827914,54.39512127745243,60.04687815797239,9.877067699623723,0.18615407866937939,-0.005373096298339156,0.013224429210664497,-0.007620411431666423,0.004995099597090115,0.021226521878464667,0.7818314824680298,0.6234898018587336,1.2246467991473532e-16,-1.0
2011-07-20,59.18000030517578,59.18999862670898,58.5,58.59999847412109,51.52265548706055,57085500.0,-0.0042571394508048,75.12000274658203,75.2300033569336,74.70999908447266,74.79000091552734,74.79000091552734,0.0,2.914999961853028,2.941999912261963,2.8970000743865967,2.933000087738037,2.933000087738037,0.0,18.809999465942383,19.64999961853028,18.61000061035156,19.09000015258789,19.09000015258789,0.0,-0.004257139450804871,0.011659321107651822,-0.004248090677836602,58.13899917602539,57.40949954986573,56.78899993896484,55.923100051879885,57.88463582448885,57.334717518860714,0.5499183056281396,0.4685322477531484,59.00111069916389,66.40984959748525,61.90431353423411,0.35964906091415105,-30.522153571335842,0.8791597719560904,54.75756200604342,60.061437093688035,9.238671525150087,0.18421015005245509,0.02251163579380949,-0.005373096298339156,0.004163771560278462,0.0032592924223835344,-0.007268673803436005,0.9749279121818236,-0.22252093395631434,1.2246467991473532e-16,-1.0
2011-07-21,58.65999984741211,59.31999969482422,58.34000015258789,58.9900016784668,51.86555099487305,70148800.0,0.006633189156485,74.66999816894531,75.0999984741211,73.88999938964844,74.0199966430664,74.0199966430664,0.0,2.961999893188477,3.0360000133514404,2.953000068664551,3.009999990463257,3.009999990463257,0.0,18.61000061035156,18.6299991607666,17.149999618530273,17.559999465942383,17.559999465942383,0.0,0.006633189156485043,0.01670643615386171,0.006655237478949694,58.11899948120117,57.59199962615967,56.786599960327145,55.9659500694275,58.05469210971623,57.45733116031302,0.5973609494032104,0.4942979880831608,61.120569718896824,78.99044170726665,69.87242043424355,-0.33788976665381015,-14.859384838350397,0.8863626126903931,55.039201196208246,60.14479805611109,8.865114760807439,0.18332199437097838,-0.004257139450804871,0.02251163579380949,-0.011667586237974117,0.013607886239088547,0.00925881744899585,0.43388373911755823,-0.900968867902419,1.2246467991473532e-16,-1.0
2011-07-22,58.959999084472656,59.70000076293945,58.91999816894531,59.59999847412109,52.40188217163086,43620400.0,0.0102876975246411,74.05000305175781,74.37999725341797,73.95999908447266,74.19999694824219,74.19999694824219,0.0,2.990000009536743,2.990999937057495,2.961999893188477,2.96399998664856,2.96399998664856,0.0,17.219999313354492,17.950000762939453,17.139999389648438,17.520000457763672,17.520000457763672,0.0,0.010287697524641117,0.01322935220668206,0.010340797821868808,58.17599945068359,57.85299949645996,56.81039993286133,56.00650005340576,58.2924315503939,57.61604725763213,0.6763842927617674,0.5307152490188821,64.2348457056704,83.69493803169058,76.36507644548082,0.9656102094044359,-3.533647495241987,0.8787654684978037,55.63786446888161,60.06813452403831,7.657805288778133,0.16757961839942614,0.006633189156485043,-0.004257139450804871,0.013224429210664497,-0.0027067888902721758,-0.017499729757880604,-0.433883739117558,-0.9009688679024191,1.2246467991473532e-16,-1.0
2011-07-25,59.130001068115234,59.810001373291016,59.02000045776367,59.47999954223633,52.29637145996094,48916100.0,-0.0020155206744785,74.12000274658203,74.30999755859375,73.98999786376953,74.05999755859375,74.05999755859375,0.0,3.003999948501587,3.032000064849853,2.941999912261963,3.003999948501587,3.003999948501587,0.0,19.26000022888184,19.5,18.729999542236328,19.350000381469727,19.350000381469727,0.0,-0.002015520674478599,0.013360407597782663,-0.0020134908766128445,58.32799949645995,58.06449947357178,56.85199989318848,56.04740005493164,58.475134318369655,57.754117797232446,0.7210165211372086,0.5687755034425475,63.162994681203834,90.12747497023112,84.27095156972945,2.622499105889179,-11.22454275571425,0.872425143285628,56.10253010214706,60.0264688449965,6.75789644003637,0.1635787612583904,0.010287697524641117,0.006633189156485043,-0.005373096298339156,-0.018292617486791365,0.015871746548166758,0.0,1.0,1.2246467991473532e-16,-1.0
2011-07-26,59.43999862670898,59.83000183105469,59.31999969482422,59.630001068115234,52.42824935913086,40918900.0,0.0025185666531684,74.12000274658203,74.19999694824219,73.44999694824219,73.47000122070312,73.47000122070312,0.0,3.025000095367432,3.026000022888184,2.940000057220459,2.950999975204468,2.950999975204468,0.0,19.75,20.5,19.559999465942383,20.229999542236328,20.229999542236328,0.0,0.0025185666531684107,0.008580116891209055,0.002521740906458403,58.53899955749512,58.24249954223633,56.89339988708496,56.0914500617981,58.652806126022824,57.89307211359414,0.7597340124286873,0.6069672052397754,63.97228335139382,92.82834461174163,88.8835858712211,3.668290322599899,-6.756775913818858,0.846537785638831,56.40011130355526,60.0848877809174,6.326611162506867,0.1583021767651508,-0.002015520674478599,0.010287697524641117,0.02251163579380949,-0.007620411431666423,0.01473243459924154,0.7818314824680298,0.6234898018587336,1.2246467991473532e-16,-1.0
2011-07-27,59.2400016784668,59.290000915527344,57.93999862670898,58.09000015258789,51.074256896972656,83969500.0,-0.026164964620328,73.52999877929688,74.18000030517578,73.41999816894531,74.08999633789062,74.08999633789062,0.0,2.9579999446868896,3.009999990463257,2.944999933242798,2.9800000190734863,2.9800000190734863,0.0,20.8700008392334,23.200000762939453,20.8700008392334,22.979999542236328,22.979999542236328,0.0,-0.026164964620328076,0.022788694303988853,-0.02582562795266008,58.571999740600575,58.33199958801269,56.89439987182617,56.12595006942749,58.56622059164822,57.90765937574182,0.6585612159063956,0.6172860073730995,51.47013989810604,74.41163280581955,85.78915079593077,0.5713328266002757,-58.78378291300823,0.90678526105079,56.72850885845126,59.93549031757413,5.497808204370061,0.1891576754442579,0.0025185666531684107,-0.002015520674478599,-0.004257139450804871,0.004163771560278462,0.004093912044665711,0.9749279121818236,-0.22252093395631434,1.2246467991473532e-16,-1.0
2011-07-28,58.119998931884766,58.93000030517578,57.88999938964844,58.18999862670898,51.16217422485352,61031900.0,0.001719882992545,74.08000183105469,74.41000366210938,73.87999725341797,74.22000122070312,74.22000122070312,0.0,2.961999893188477,2.9660000801086426,2.933000087738037,2.950999975204468,2.950999975204468,0.0,22.82999992370605,23.989999771118164,21.200000762939453,23.739999771118164,23.739999771118164,0.0,0.0017198829925450436,0.017894028469377637,0.0017213628395653657,58.681999588012694,58.38899955749511,56.8939998626709,56.16045005798339,58.508340289349874,57.928573394331984,0.5797668950178902,0.6097821849020577,52.124420057734056,59.68466059322772,75.64154600359629,1.9267795956928608,-55.40545939348974,0.9163006649419725,56.900462556788156,59.87753655820207,5.098689862775288,0.1840846935508737,-0.026164964620328076,0.0025185666531684107,0.006633189156485043,-0.011667586237974117,0.013233548456833256,0.43388373911755823,-0.900968867902419,1.2246467991473532e-16,-1.0
2011-07-29,57.720001220703125,58.61000061035156,57.43999862670898,58.0,50.9951171875,82860500.0,-0.003270587619498,74.1500015258789,74.51000213623047,73.72000122070312,73.9000015258789,73.9000015258789,0.0,2.9200000762939453,2.9200000762939453,2.805000066757202,2.805000066757202,2.805000066757202,0.0,25.280000686645508,25.940000534057617,23.64999961853028,25.25,25.25,0.0,-0.00327058761949804,0.020270304208221786,-0.0032652450738179795,58.69699974060059,58.39349956512451,56.89859985351562,56.19225006103515,58.43013409098836,57.9338642540111,0.49626983697726246,0.5870797153170987,50.72509267432925,41.32881068767146,58.47503469557291,0.2592939150136984,-61.82432563048765,0.934422187706302,56.910525927721864,59.87647320252715,5.079242204857848,0.17696859591962133,0.0017198829925450436,-0.026164964620328076,0.010287697524641117,0.013224429210664497,0.014962144922966934,-0.433883739117558,-0.9009688679024191,1.2246467991473532e-16,-1.0
2011-08-01,58.70000076293945,58.81999969482422,57.02999877929688,57.72999954223633,50.75771713256836,85421100.0,-0.0046662186320853,73.91999816894531,74.52999877929688,73.58000183105469,74.26000213623047,74.26000213623047,0.0,2.7920000553131104,2.821000099182129,2.719000101089477,2.740000009536743,2.740000009536743,0.0,22.6299991607666,25.6299991607666,22.459999084472656,23.65999984741211,23.65999984741211,0.0,-0.004666218632085377,0.030494052679083828,-0.004655348747582333,58.715999603271484,58.38449954986572,56.91479988098145,56.221450061798095,58.322421083488045,57.91876316425,0.40365791923804295,0.5503953561012875,48.723324711978584,37.274753731032234,46.096075003977134,0.33020268280481146,-70.9459537829259,0.9955349539792331,56.88705670205378,59.88194239767766,5.129590419912688,0.17776906639358128,-0.00327058761949804,0.0017198829925450436,-0.002015520674478599,-0.005373096298339156,0.0,0.0,1.0,-0.4999999999999997,-0.8660254037844388
2011-08-02,57.459999084472656,57.720001220703125,56.209999084472656,56.27000045776367,49.47404479980469,90853300.0,-0.0256154835094307,74.3499984741211,74.7300033569336,74.19999694824219,74.51000213623047,74.51000213623047,0.0,2.686000108718872,2.7239999771118164,2.6040000915527344,2.624000072479248,2.624000072479248,0.0,24.21999931335449,24.790000915527344,22.64999961853028,24.790000915527344,24.790000915527344,0.0,-0.02561548350943074,0.026279188309950997,-0.02529019044357317,58.45799980163575,58.28799953460693,56.90879989624024,56.242650070190436,58.00666406414584,57.79663259339917,0.21003147074667083,0.4823225790303642,39.618668917954274,22.962405276252106,33.85532323165193,-4.384023930760088,-98.34250475783013,1.0329967756781215,56.516772591976554,60.05922647723731,6.077501224171399,0.1980550004315903,-0.004666218632085377,-0.00327058761949804,0.0025185666531684107,0.02251163579380949,0.004995099597090115,0.7818314824680298,0.6234898018587336,-0.4999999999999997,-0.8660254037844388
2011-08-03,56.34000015258789,56.880001068115234,55.34999847412109,56.810001373291016,49.9488410949707,103612300.0,0.0095511189457818,74.58000183105469,74.69000244140625,73.86000061035156,74.04000091552734,74.04000091552734,0.0,2.608999967575073,2.632999897003174,2.5460000038146973,2.5989999771118164,2.5989999771118164,0.0,23.57999992370605,25.229999542236328,22.76000022888184,23.3799991607666,23.3799991607666,0.0,0.0095511189457818,0.027156595489002133,0.009596876444755376,58.27900009155274,58.20899963378907,56.9091999053955,56.26575008392334,57.82256211170664,57.723548799317086,0.0990133123895518,0.40566072570220174,43.80156821544806,21.10028915581863,27.11248272103432,-3.0546026406819258,-67.41067399178809,1.0684971912721235,56.31990806158809,60.09809120599005,6.49071993707449,0.20137025245078324,-0.02561548350943074,-0.004666218632085377,-0.026164964620328076,-0.004257139450804871,0.0032592924223835344,0.9749279121818236,-0.22252093395631434,-0.4999999999999997,-0.8660254037844388
2011-08-04,56.0,56.09000015258789,54.16999816894531,54.16999816894531,47.6276741027832,132830000.0,-0.0475853225131544,73.91999816894531,75.31999969482422,73.87999725341797,75.12000274658203,75.12000274658203,0.0,2.575999975204468,2.601999998092652,2.4560000896453857,2.4579999446868896,2.4579999446868896,0.0,24.56999969482422,32.06999969482422,24.309999465942383,31.65999984741211,31.65999984741211,0.0,-0.047585322513154484,0.03428574970790318,-0.046470887838501174,57.79699974060059,57.957999610900885,56.84979988098144,56.27510007858276,57.26062919743566,57.46032282669696,-0.1996936292612972,0.284589854709502,32.09545135593071,11.415607083460594,18.492767171843774,-8.170882136592542,-100.0,1.1807476207773793,55.40159087668157,60.5144083451202,8.821590639365345,0.25182706977041497,0.0095511189457818,-0.02561548350943074,0.0017198829925450436,0.006633189156485043,0.013607886239088547,0.43388373911755823,-0.900968867902419,-0.4999999999999997,-0.8660254037844388
2011-08-05,54.720001220703125,55.02999877929688,52.31999969482422,53.83000183105469,47.32875442504883,214111800.0,-0.0062959542555569,75.41000366210938,75.41999816894531,74.45999908447266,74.5999984741211,74.5999984741211,0.0,2.4570000171661377,2.5810000896453857,2.427999973297119,2.558000087738037,2.558000087738037,0.0,28.479999542236328,39.25,27.540000915527344,32.0,32.0,0.0,-0.00629595425555693,0.04952483596523285,-0.006276176264440103,57.22000007629394,57.69799976348878,56.777799911499024,56.28335008621216,56.732840371838584,57.19141016035309,-0.45856978851450236,0.13595792606470114,30.948315945464262,17.565291122614262,16.69372912063116,-9.681202669110451,-79.89345264036913,1.2899798681841852,54.60024143245233,60.79575809452523,10.737836125115415,0.2518233590528321,-0.047585322513154484,0.0095511189457818,-0.00327058761949804,0.010287697524641117,-0.0027067888902721758,-0.433883739117558,-0.9009688679024191,-0.4999999999999997,-0.8660254037844388
2011-08-08,52.18000030517578,53.119998931884766,50.59000015258789,50.59000015258789,44.48003387451172,204804500.0,-0.0620776152455122,74.47000122070312,75.0199966430664,73.97000122070312,74.79000091552734,74.79000091552734,0.0,2.496999979019165,2.503000020980835,2.328000068664551,2.33899998664856,2.33899998664856,0.0,36.900001525878906,48.0,35.290000915527344,48.0,48.0,0.0,-0.062077615245512204,0.04848598628785217,-0.060190059619008696,56.3310001373291,57.32949981689453,56.64099990844727,56.27520008087158,55.787788030415406,56.70241682644455,-0.9146287960291417,-0.07415941835406743,22.64293443332963,6.702182453210288,11.894360219761715,-14.946199492378462,-100.0,1.4292671403472288,52.897067258444835,61.76193237534423,15.463007954391733,0.32165460312443944,-0.00629595425555693,-0.047585322513154484,-0.004666218632085377,-0.002015520674478599,-0.018292617486791365,0.0,1.0,-0.4999999999999997,-0.8660254037844388
2011-08-09,51.34999847412109,53.08000183105469,49.93000030517578,53.02999877929688,46.62535095214844,193707100.0,0.0471039935501813,74.80000305175781,74.94000244140625,73.8499984741211,74.61000061035156,74.61000061035156,0.0,2.3940000534057617,2.4059998989105225,2.1730000972747803,2.181999921798706,2.181999921798706,0.0,42.119998931884766,47.560001373291016,34.279998779296875,35.060001373291016,35.060001373291016,0.0,0.04710399355018133,0.061343751109679504,0.04823101267614027,55.670999908447264,57.10499973297119,56.534399871826174,56.276450080871584,55.36351276101255,56.430385859989165,-1.0668730989766146,-0.2727021544785769,36.470011194815825,17.139886144526596,13.802453240117046,-11.06825787455409,-68.68688892605107,1.5521767393137773,52.27609356383073,61.93390590211165,16.912376120202847,0.3741720167909971,-0.062077615245512204,-0.00629595425555693,-0.02561548350943074,0.0025185666531684107,-0.007620411431666423,0.7818314824680298,0.6234898018587336,-0.4999999999999997,-0.8660254037844388
2011-08-10,51.83000183105469,53.040000915527344,50.79999923706055,50.86000061035156,44.71744155883789,205917900.0,-0.0417807880719678,73.9800033569336,74.91999816894531,73.81999969482422,74.63999938964844,74.63999938964844,0.0,2.213000059127808,2.2160000801086426,2.0920000076293945,2.13700008392334,2.13700008392334,0.0,39.33000183105469,44.40999984741211,37.34000015258789,42.9900016784668,42.9900016784668,0.0,-0.0417807880719678,0.04321824424718943,-0.0409200006937992,54.94799995422363,56.75999984741211,56.40979988098145,56.26565008163453,54.67066473783394,56.01776473038638,-1.3470999925524438,-0.48758172209335027,31.139210423043984,13.569017367530506,12.470361988422463,-12.446203345231416,-90.60605897135741,1.6013070921104215,51.19786124462331,62.32213845020091,19.598797102683207,0.3956953995283957,0.04710399355018133,-0.062077615245512204,0.0095511189457818,-0.026164964620328076,0.004163771560278462,0.9749279121818236,-0.22252093395631434,-0.4999999999999997,-0.8660254037844388
2011-08-11,51.59000015258789,53.68999862670898,51.34000015258789,53.09999847412109,46.68691635131836,143825300.0,0.0431003446508042,74.86000061035156,75.05999755859375,74.33000183105469,74.68000030517578,74.68000030517578,0.0,2.134999990463257,2.359999895095825,2.130000114440918,2.3359999656677246,2.3359999656677246,0.0,41.93999862670898,42.880001068115234,37.5,39.0,39.0,0.0,0.04310034465080422,0.045551433750154864,0.044042653690039346,54.43899993896485,56.56049976348878,56.32759986877442,56.26280008316041,54.42902377418581,55.80163389658895,-1.3726101224031453,-0.6645874021553093,40.76445672120793,24.24241023068254,18.317104580913213,-8.74720789261473,-67.97982141054389,1.6890707295566354,50.76679561419424,62.35420391278332,20.486750200303295,0.43204108578251327,-0.0417807880719678,0.04710399355018133,-0.047585322513154484,0.0017198829925450436,-0.011667586237974117,0.43388373911755823,-0.900968867902419,-0.4999999999999997,-0.8660254037844388
2011-08-12,53.43000030517578,53.900001525878906,52.880001068115234,53.56999969482422,47.10014724731445,90483300.0,0.0088121656491168,74.66000366210938,74.88999938964844,74.37000274658203,74.61000061035156,74.61000061035156,0.0,2.282999992370605,2.312999963760376,2.2230000495910645,2.236999988555908,2.236999988555908,0.0,37.08000183105469,37.84999847412109,34.0099983215332,36.36000061035156,36.36000061035156,0.0,0.0088121656491168,0.019090407110944077,0.00885110708290382,53.99599990844727,56.34649982452393,56.27199989318848,56.2623000907898,54.29686622351479,55.63632765942119,-1.3394614359064008,-0.7995622089055276,42.578106501861924,26.060594851212677,21.290674149808574,-7.637931560647899,-63.23233506446066,1.641279995857138,50.4382958733032,62.254703775744666,20.97097058245056,0.43003837467208667,0.04310034465080422,-0.0417807880719678,-0.00629595425555693,-0.00327058761949804,0.013224429210664497,-0.433883739117558,-0.9009688679024191,-0.4999999999999997,-0.8660254037844388
2011-08-15,53.790000915527344,54.36000061035156,53.52999877929688,54.36000061035156,47.79473114013672,73554300.0,0.0146392789407229,74.5199966430664,74.61000061035156,73.76000213623047,73.83999633789062,73.83999633789062,0.0,2.2690000534057617,2.289999961853028,2.234999895095825,2.2850000858306885,2.2850000858306885,0.0,34.72999954223633,34.83000183105469,31.46999931335449,31.8700008392334,31.8700008392334,0.0,0.014639278940722972,0.0154304111717367,0.014746957990919407,53.6590000152588,56.18749980926514,56.24139991760254,56.26540008544922,54.30657920610506,55.54178491504566,-1.2352057089405974,-0.8866909089125417,45.59344170210388,38.70563450940775,29.66954653043432,-5.837517683365323,-52.670939996772184,1.5833315555141054,50.24348441400932,62.13151520452096,21.157785683411625,0.4349334349336488,0.0088121656491168,0.04310034465080422,-0.062077615245512204,-0.004666218632085377,-0.005373096298339156,0.0,1.0,-0.4999999999999997,-0.8660254037844388
2011-08-16,53.83000183105469,54.34999847412109,53.18000030517578,53.900001525878906,47.390281677246094,89219200.0,-0.0084982264544184,73.87999725341797,74.18000030517578,73.7699966430664,74.01000213623047,74.01000213623047,0.0,2.2669999599456787,2.3010001182556152,2.200000047683716,2.21399998664856,2.21399998664856,0.0,33.36000061035156,34.4900016784668,31.68000030517578,32.849998474121094,32.849998474121094,0.0,-0.008498226454418476,0.021735057201323186,-0.008462218601141602,53.42200012207033,55.93999996185303,56.20359992980958,56.267650089263924,54.24402879376258,55.42017133066294,-1.1761425369003575,-0.9445812345101049,44.13997778533053,42.735949871082106,35.83405974390084,-4.2118338592580775,-55.88887532552083,1.5545221804899394,50.050805733934894,61.82919418977117,21.055395895366956,0.4247676878017947,0.014639278940722972,0.0088121656491168,0.04710399355018133,-0.02561548350943074,0.02251163579380949,0.7818314824680298,0.6234898018587336,-0.4999999999999997,-0.8660254037844388
2011-08-17,53.970001220703125,54.41999816894531,53.02000045776367,53.58000183105469,47.10893249511719,84416600.0,-0.0059545471547118,74.04000091552734,74.20999908447266,73.44999694824219,73.66999816894531,73.66999816894531,0.0,2.24399995803833,2.259999990463257,2.1600000858306885,2.164999961853028,2.164999961853028,0.0,32.09000015258789,33.31999969482422,30.809999465942383,31.57999992370605,31.57999992370605,0.0,-0.005954547154711859,0.02594029422857592,-0.005936853974514156,53.09900016784669,55.68900012969971,56.1673999786377,56.26695009231568,54.14187079949983,55.283862478840106,-1.1419916793402791,-0.9840633234761398,43.11039526065322,44.16585749651843,41.869147292336095,-5.685617785876166,-58.942612188151685,1.5434847183964897,49.84945487190926,61.528545387490155,20.971988163515757,0.42480321422281103,-0.008498226454418476,0.014639278940722972,-0.0417807880719678,0.0095511189457818,-0.004257139450804871,0.9749279121818236,-0.22252093395631434,-0.4999999999999997,-0.8660254037844388
2011-08-18,52.130001068115234,52.13999938964844,50.47999954223633,50.95000076293945,44.79656982421875,130019400.0,-0.0503310625531312,73.79000091552734,74.44000244140625,73.7300033569336,74.23999786376953,74.23999786376953,0.0,2.0989999771118164,2.111000061035156,1.9780000448226929,2.0829999446868896,2.0829999446868896,0.0,36.77000045776367,45.27999877929688,36.68999862670898,42.66999816894531,42.66999816894531,0.0,-0.050331062553131294,0.03184346467292576,-0.049085439818406296,52.77700042724611,55.287000083923346,56.07659996032715,56.25480009078981,53.65081387079823,54.962835685069685,-1.3120218142714535,-1.0496550216352025,35.73318975015797,32.214028075842926,39.705278481147815,-5.944244996950777,-88.52642825879869,1.6546645448551947,49.299191506285204,61.27480866156149,21.66081924701611,0.45227683196859414,-0.005954547154711859,-0.008498226454418476,0.04310034465080422,-0.047585322513154484,0.006633189156485043,0.43388373911755823,-0.900968867902419,-0.4999999999999997,-0.8660254037844388
2011-08-19,50.41999816894531,51.66999816894531,49.9900016784668,50.02999877929688,43.98767852783203,96674600.0,-0.0182220088226847,74.33999633789062,74.45999908447266,73.62000274658203,73.98999786376953,73.98999786376953,0.0,2.108999967575073,2.122999906539917,2.069000005722046,2.071000099182129,2.071000099182129,0.0,45.34000015258789,45.400001525878906,39.9900016784668,43.04999923706055,43.04999923706055,0.0,-0.018222008822684748,0.0333200426713474,-0.018056991853635185,52.39700012207032,54.808500099182126,55.984399948120114,56.24240009307862,53.093765395182636,54.59744035871614,-1.5036749635335056,-1.140459010014863,33.569138248834975,17.938212287339535,31.43936595323363,-7.059266064459936,-98.71632269103101,1.6564739695425748,48.74288245255465,60.8741177458096,22.133857469739393,0.4488597130792416,-0.050331062553131294,-0.005954547154711859,0.0088121656491168,-0.00629595425555693,0.010287697524641117,-0.433883739117558,-0.9009688679024191,-0.4999999999999997,-0.8660254037844388
2011-08-22,51.22999954223633,51.2400016784668,50.060001373291016,50.209999084472656,44.14595031738281,77107700.0,0.0035916360591233,74.12000274658203,74.16999816894531,73.80999755859375,74.06999969482422,74.06999969482422,0.0,2.115000009536743,2.134000062942505,2.0829999446868896,2.088000059127808,2.088000059127808,0.0,38.79999923706055,43.58000183105469,38.77999877929688,42.43999862670898,42.43999862670898,0.0,0.0035916360591233157,0.023033385042350734,0.0035980937127799706,52.35900001525879,54.34500007629396,55.8957999420166,56.231900081634535,52.65010903968879,54.27244470877218,-1.622335669083384,-1.2368343418285672,34.40614340555007,5.595336007418316,18.582525456866925,-0.7511386973099183,-95.97124102791534,1.6245831788016705,48.36631307155341,60.32368708103451,22.002712287596577,0.4504143662577881,-0.018222008822684748,-0.050331062553131294,0.014639278940722972,-0.062077615245512204,-0.002015520674478599,0.0,1.0,-0.4999999999999997,-0.8660254037844388
2011-08-23,50.54999923706055,52.27999877929688,50.34000015258789,52.27999877929688,45.965938568115234,75688400.0,0.0403994589959378,73.87999725341797,74.16000366210938,73.56999969482422,73.87000274658203,73.87000274658203,0.0,2.1600000858306885,2.1619999408721924,2.063999891281128,2.13700008392334,2.13700008392334,0.0,41.88999938964844,42.540000915527344,35.83000183105469,36.27000045776367,36.27000045776367,0.0,0.04039945899593783,0.03837781713133417,0.041226618470047605,52.28400001525879,53.977499961853034,55.83459991455078,56.23605007171631,52.593168999628496,54.12485612140364,-1.5316871217751427,-1.2958048978178822,43.25994390047376,14.487254368210271,12.67360088765604,-1.414293828520326,-61.85067317642283,1.656398644231853,48.48263757444022,59.47236234926585,20.35982545059013,0.48166033195873853,0.0035916360591233157,-0.018222008822684748,-0.008498226454418476,0.04710399355018133,0.0025185666531684107,0.7818314824680298,0.6234898018587336,-0.4999999999999997,-0.8660254037844388
2011-08-24,52.130001068115234,52.790000915527344,51.709999084472656,52.68999862670898,46.32642364501953,80197700.0,0.0078118470797269,73.87999725341797,74.08999633789062,73.66999816894531,74.01000213623047,74.01000213623047,0.0,2.1459999084472656,2.2660000324249268,2.138999938964844,2.259999990463257,2.259999990463257,0.0,37.119998931884766,37.380001068115234,34.54999923706055,35.900001525878906,35.900001525878906,0.0,0.007811847079726927,0.020717471876578557,0.007842439165472559,52.46699981689453,53.70749988555909,55.80259986877441,56.24150007247926,52.60806586533318,54.01857038105589,-1.4105045157227067,-1.3187448213988473,44.847858149205145,32.098572044976805,17.393720806868462,3.5981085222105844,-45.88236966073141,1.6152274432906268,48.54271658314818,58.87228318797,19.23300586851417,0.47842282719843293,0.04039945899593783,0.0035916360591233157,-0.005954547154711859,-0.0417807880719678,-0.026164964620328076,0.9749279121818236,-0.22252093395631434,-0.4999999999999997,-0.8660254037844388
2011-08-25,52.65999984741211,52.900001525878906,51.650001525878906,51.83000183105469,45.57029342651367,93623700.0,-0.0164564590947662,74.05000305175781,74.4000015258789,73.66999816894531,74.27999877929688,74.27999877929688,0.0,2.2939999103546143,2.2939999103546143,2.2109999656677246,2.2219998836517334,2.2219998836517334,0.0,34.43000030517578,40.13999938964844,34.04999923706055,39.7599983215332,39.7599983215332,0.0,-0.016456459094766222,0.02373718199054323,-0.016321791302082334,52.3400001525879,53.38950004577637,55.75759986877441,56.23850008010865,52.48836370621341,53.856454192166915,-1.368090485953502,-1.3286139543097781,42.18127685511559,44.86108987724307,30.48230543014338,-2.391707494465084,-57.68368753111657,1.5891397687698678,48.61862542261119,58.16037466894156,17.871958415323675,0.4794473993398871,0.007811847079726927,0.04039945899593783,-0.050331062553131294,0.04310034465080422,0.0017198829925450436,0.43388373911755823,-0.900968867902419,-0.4999999999999997,-0.8660254037844388
2011-08-26,51.65999984741211,53.310001373291016,51.150001525878906,53.130001068115234,46.71328353881836,91573300.0,0.0247725240311186,74.26000213623047,74.45999908447266,73.70999908447266,73.80999755859375,73.80999755859375,0.0,2.193000078201294,2.220000028610229,2.121000051498413,2.187999963760376,2.187999963760376,0.0,41.18000030517578,43.84000015258789,34.33000183105469,35.59000015258789,35.59000015258789,0.0,0.024772524031118612,0.04181184385969978,0.025081912499595127,52.29600028991699,53.14600009918213,55.744399871826175,56.24180007934571,52.587077146506005,53.80264284964457,-1.2155657031385658,-1.3060043040755358,47.2838340951646,55.901160486318325,44.28694080284606,-0.8213526772737612,-28.730461349197046,1.629915488672885,48.89739171787841,57.39460848048585,15.988440798460392,0.4915798271305913,-0.016456459094766222,0.007811847079726927,-0.018222008822684748,0.0088121656491168,-0.00327058761949804,-0.433883739117558,-0.9009688679024191,-0.4999999999999997,-0.8660254037844388
2011-08-29,53.65999984741211,54.66999816894531,53.63999938964844,54.61000061035156,48.0145263671875,45985800.0,0.0274750294592585,73.73999786376953,74.45999908447266,73.5199966430664,73.72000122070312,73.72000122070312,0.0,2.2249999046325684,2.2960000038146973,2.2249999046325684,2.2709999084472656,2.2709999084472656,0.0,33.810001373291016,33.810001373291016,32.209999084472656,32.279998779296875,32.279998779296875,0.0,0.02747502945925859,0.01919490835307092,0.02785594866795904,52.321000289916995,52.99000015258789,55.755199890136716,56.2503000831604,52.898296140943785,53.86244712821546,-0.9641509872716725,-1.2376336407147632,52.43076911577925,70.76795034768878,57.17673357041672,0.45989697791208906,-1.282000076620049,1.6234927466841134,49.25160126845989,56.728399036715885,14.10982779151935,0.5044081408989081,0.024772524031118612,-0.016456459094766222,0.0035916360591233157,0.014639278940722972,-0.004666218632085377,0.0,1.0,-0.4999999999999997,-0.8660254037844388
2011-08-30,54.40999984741211,55.29999923706055,54.11000061035156,54.970001220703125,48.33106994628906,61617900.0,0.0065710261848922,73.68000030517578,74.18000030517578,73.5199966430664,73.94000244140625,73.94000244140625,0.0,2.200000047683716,2.2060000896453857,2.157999992370605,2.1760001182556152,2.1760001182556152,0.0,32.970001220703125,33.54999923706055,31.549999237060547,32.88999938964844,32.88999938964844,0.0,0.0065710261848922254,0.021870954420992964,0.006592662742954447,52.42800025939942,52.92500019073487,55.74999992370605,56.26480009078979,53.2170199993683,53.94448817210343,-0.7274681727351364,-1.135600547118838,53.61705544176271,87.92429460267871,71.53113514556193,1.9851570770558917,-6.214654766146732,1.592528880971604,49.386885115488674,56.46311526598107,13.370297827096026,0.4979783240618946,0.02747502945925859,0.024772524031118612,0.04039945899593783,-0.008498226454418476,-0.02561548350943074,0.7818314824680298,0.6234898018587336,-0.4999999999999997,-0.8660254037844388
2011-08-31,55.29999923706055,55.7400016784668,54.59999847412109,55.060001373291016,48.410186767578125,60900400.0,0.001635638022805,74.0,74.16999816894531,73.83000183105469,74.12999725341797,74.12999725341797,0.0,2.164999961853028,2.2230000495910645,2.138999938964844,2.2179999351501465,2.2179999351501465,0.0,31.200000762939453,32.529998779296875,30.15999984741211,31.6200008392334,31.6200008392334,0.0,0.0016356380228050125,0.02061488643894431,0.0016369764082810878,52.576000213623054,52.83750019073487,55.754599914550774,56.27450010299682,53.5005555953564,54.02711877959881,-0.5265631842424057,-1.0137930745435515,53.92639841067822,93.55908429776886,84.08377641604545,2.7622237619606205,-11.826092263926636,1.5602056183554687,49.63310854248402,56.04189183898573,12.129232596862142,0.4965088539053585,0.0065710261848922254,0.02747502945925859,0.007811847079726927,-0.005954547154711859,0.0095511189457818,0.9749279121818236,-0.22252093395631434,-0.4999999999999997,-0.8660254037844388
2011-09-01,55.20000076293945,55.63999938964844,54.459999084472656,54.560001373291016,47.97057723999024,57158400.0,-0.0091224131857558,74.4800033569336,74.4800033569336,74.4800033569336,74.4800033569336,74.4800033569336,0.0,2.20199990272522,2.2780001163482666,2.1440000534057617,2.1459999084472656,2.1459999084472656,0.0,31.90999984741211,32.380001068115234,30.76000022888184,31.81999969482422,31.81999969482422,0.0,-0.009122413185755865,0.02137681682729283,-0.009080930212033489,52.9370002746582,52.85700035095215,55.73899993896484,56.28170011520385,53.66354725350019,54.066591564316745,-0.40304431081655423,-0.8916433217981521,51.85719861195488,87.14583617736231,89.54307169260329,7.085378913237314,-20.521744437839672,1.533048095985491,49.613952659754815,56.10004804214948,12.27102434744545,0.4671266246559287,0.0016356380228050125,0.0065710261848922254,-0.016456459094766222,-0.050331062553131294,-0.047585322513154484,0.43388373911755823,-0.900968867902419,-0.8660254037844384,-0.5000000000000004
2011-09-02,53.58000183105469,54.61000061035156,52.9900016784668,53.27999877929688,46.84518432617188,58185700.0,-0.0237396345901931,74.51000213623047,74.76000213623047,74.13999938964844,74.75,74.75,0.0,2.122999906539917,2.1640000343322754,1.996000051498413,1.996000051498413,1.996000051498413,0.0,34.290000915527344,34.7400016784668,32.70000076293945,33.91999816894531,33.91999816894531,0.0,-0.02373963459019316,0.030235141405796345,-0.023460066119033174,53.262000274658206,52.82950019836426,55.71699989318847,56.28425010681152,53.60453979593045,54.00832543209305,-0.40378563616260266,-0.7940717846710423,46.89625074175666,74.95650139407839,85.22047395640318,6.496102497097993,-42.78265911599852,1.5392588699782965,49.611965258389255,56.04703513833926,12.18082672708922,0.4744685998138621,-0.009122413185755865,0.0016356380228050125,0.024772524031118612,-0.018222008822684748,-0.00629595425555693,-0.433883739117558,-0.9009688679024191,-0.8660254037844384,-0.5000000000000004
2011-09-05,53.58000183105469,54.61000061035156,52.9900016784668,53.27999877929688,46.84518432617188,58185700.0,0.0,74.51000213623047,74.76000213623047,74.13999938964844,74.75,74.75,0.0,2.122999906539917,2.1640000343322754,1.996000051498413,1.996000051498413,1.996000051498413,0.0,34.290000915527344,34.7400016784668,32.70000076293945,33.91999816894531,33.91999816894531,0.0,0.0,0.030235141405796345,0.0,53.569000244140625,52.964000129699706,55.67759986877442,56.28700010299682,53.554610408756055,53.9543753096637,-0.39976490090764827,-0.7152104079183635,46.896250741756674,64.63764577672109,75.57999444938726,6.114319360291757,-42.78265911599852,1.5450260172573302,49.9204458860004,56.00755437339901,11.492916835005532,0.4150893152233155,-0.02373963459019316,-0.009122413185755865,0.02747502945925859,0.0035916360591233157,-0.062077615245512204,0.0,1.0,-0.8660254037844384,-0.5000000000000004
2011-09-06,52.040000915527344,53.369998931884766,51.90999984741211,53.290000915527344,46.85397720336914,52992200.0,0.0001876831570216,75.26000213623047,76.0,74.66999816894531,75.91999816894531,75.91999816894531,0.0,1.9479999542236328,1.9889999628067017,1.9290000200271609,1.9789999723434448,1.9789999723434448,0.0,39.84000015258789,39.86000061035156,37.0,37.0,37.0,0.0,0.0001876831570216355,0.028055323958248272,0.00018770077060725754,53.67000045776367,52.97700023651122,55.62199989318848,56.29300010681152,53.51390125595164,53.90516239157953,-0.391261135627893,-0.6504205534602694,46.94225051795579,57.27532428243893,65.62315715107945,1.9319092574853447,-42.60870892068615,1.538952664915568,49.93003981156364,56.02396066145881,11.50295566507992,0.380309841724149,0.0,-0.02373963459019316,0.0065710261848922254,0.04039945899593783,0.04710399355018133,0.7818314824680298,0.6234898018587336,-0.8660254037844384,-0.5000000000000004
2011-09-07,54.04999923706055,54.650001525878906,53.900001525878906,54.63999938964844,48.04091644287109,48952200.0,0.0250171763300439,75.86000061035156,76.0,74.66999816894531,75.45999908447266,75.45999908447266,0.0,2.0190000534057617,2.059999942779541,2.005000114440918,2.0360000133514404,2.0360000133514404,0.0,34.2400016784668,34.70000076293945,33.380001068115234,33.380001068115234,33.380001068115234,0.0,0.025017176330043946,0.013876040898919131,0.025332731826586352,53.86500053405762,53.16600017547607,55.58879989624024,56.300250110626216,53.687147122674226,53.95959476180686,-0.27244763913263625,-0.5748259705947428,52.87561982701414,65.15938579172331,62.35745195029444,3.7008935543053694,-19.130474588145386,1.5261703753038534,50.20419750868554,56.127802842266604,11.141717101211334,0.35551577906973214,0.0001876831570216355,0.0,0.0016356380228050125,0.007811847079726927,-0.0417807880719678,0.9749279121818236,-0.22252093395631434,-0.8660254037844384,-0.5000000000000004
2011-09-08,54.36000061035156,55.16999816894531,54.209999084472656,54.38999938964844,47.82112121582031,61422800.0,-0.0045856653494825,75.5,76.30999755859375,75.2300033569336,76.23999786376953,76.23999786376953,0.0,1.991000056266785,2.0390000343322754,1.976999998092652,1.9859999418258667,1.9859999418258667,0.0,34.40999984741211,34.709999084472656,32.790000915527344,34.31999969482422,34.31999969482422,0.0,-0.0045856653494825185,0.017660027109893877,-0.004575167239204259,54.121000289917006,53.23050022125244,55.535599899292,56.30355010986328,53.79527824067026,53.99147658609142,-0.1961983454211662,-0.49910044556002753,51.72211284416158,71.4977239460863,64.64414467341618,4.939219502515801,-23.76764465290958,1.4857295688159107,50.21898131232623,56.242019130178655,11.31501262024156,0.3241270321531273,0.025017176330043946,0.0001876831570216355,-0.009122413185755865,-0.016456459094766222,0.04310034465080422,0.43388373911755823,-0.900968867902419,-0.8660254037844384,-0.5000000000000004
2011-09-09,54.0099983215332,54.2400016784668,52.84999847412109,53.18000030517578,46.75725173950195,63663500.0,-0.0224980472152042,76.16000366210938,77.2699966430664,75.48999786376953,77.19000244140625,77.19000244140625,0.0,2.013000011444092,2.0179998874664307,1.8960000276565552,1.914999961853028,1.914999961853028,0.0,35.529998779296875,40.7400016784668,35.529998779296875,38.52000045776367,38.52000045776367,0.0,-0.02249804721520425,0.02573603494802426,-0.022246853467049355,54.12600021362306,53.211000251770024,55.44099990844726,56.30010011672974,53.700620096748025,53.93136723194952,-0.23074713520149714,-0.4454297834883215,46.44132112584099,69.89815377204833,68.85175450328597,0.0941073518828758,-47.40741944280005,1.4896060935810136,50.203689701857655,56.21831080168239,11.30334154848868,0.33329924075822853,-0.0045856653494825185,0.025017176330043946,-0.02373963459019316,0.024772524031118612,0.0088121656491168,-0.433883739117558,-0.9009688679024191,-0.8660254037844384,-0.5000000000000004
2011-09-12,52.59000015258789,53.900001525878906,52.56999969482422,53.86000061035156,47.35512161254883,65973000.0,0.0127056176506929,77.37000274658203,77.77999877929688,77.04000091552734,77.56999969482422,77.56999969482422,0.0,1.8960000276565552,1.9490000009536743,1.8960000276565552,1.9299999475479128,1.9299999475479128,0.0,42.560001373291016,43.18000030517578,38.58000183105469,38.59000015258789,38.59000015258789,0.0,0.012705617650692913,0.025290013827642854,0.012786676949658515,54.05100021362305,53.18600025177003,55.35999992370605,56.300150127410895,53.725140175763954,53.92608081553486,-0.2009406397709057,-0.3965319547448384,49.558214741389364,62.62210277697603,68.00599349837022,-1.3733748244233388,-40.958627573362286,1.4782057891148475,50.210765482666716,56.16123502087335,11.188037284320135,0.3322135839895116,-0.02249804721520425,-0.0045856653494825185,0.0,0.02747502945925859,0.014639278940722972,0.0,1.0,-0.8660254037844384,-0.5000000000000004
2011-09-13,54.060001373291016,54.68999862670898,53.79999923706055,54.58000183105469,47.9881591796875,59020000.0,0.0132793179415106,77.2300033569336,77.77999877929688,76.81999969482422,76.91000366210938,76.91000366210938,0.0,1.94599997997284,2.00600004196167,1.940999984741211,1.99399995803833,1.99399995803833,0.0,38.68000030517578,39.43000030517578,36.68999862670898,36.90999984741211,36.90999984741211,0.0,0.013279317941510663,0.01646317734072691,0.013367879662902649,54.01200027465821,53.220000267028816,55.28759994506836,56.303650131225595,53.85665735350099,53.97451940927707,-0.11786205577607944,-0.34079797495108666,52.69718986477168,62.12054199788344,64.8802661823026,-0.7094767709438464,-25.27232699018733,1.4361910462958176,50.195280123855824,56.24472041020181,11.366855046962057,0.3342143331635325,0.012705617650692913,-0.02249804721520425,0.0001876831570216355,0.0065710261848922254,-0.008498226454418476,0.7818314824680298,0.6234898018587336,-0.8660254037844384,-0.5000000000000004
2011-09-14,54.86000061035156,55.97999954223633,54.31999969482422,55.36000061035156,48.6739616394043,90757300.0,0.0141899217869893,77.05999755859375,77.62000274658203,76.66999816894531,76.83000183105469,76.83000183105469,0.0,2.025000095367432,2.032000064849853,1.963000059127808,2.010999917984009,2.010999917984009,0.0,36.59000015258789,37.7599983215332,33.400001525878906,34.599998474121094,34.599998474121094,0.0,0.014189921786989329,0.03025883756732739,0.01429107662056528,54.04200019836426,53.30900020599366,55.22699996948243,56.310050125122075,54.087940931478,54.077147646393705,0.01079328508429711,-0.2704797229440099,55.89897017563232,73.64420778514184,66.12895085333378,0.5448587533201064,-12.836422081024834,1.4521773892326957,50.13844464129298,56.47955577069435,11.895010420188715,0.33659391986088094,0.013279317941510663,0.012705617650692913,0.025017176330043946,0.0016356380228050125,-0.005954547154711859,0.9749279121818236,-0.22252093395631434,-0.8660254037844384,-0.5000000000000004
2011-09-15,55.959999084472656,56.27999877929688,55.38999938964844,56.18000030517578,49.39492416381836,83536100.0,0.0147034506875593,76.80000305175781,77.4800033569336,76.05999755859375,76.23999786376953,76.23999786376953,0.0,2.0339999198913574,2.118000030517578,2.0309998989105225,2.0850000381469727,2.0850000381469727,0.0,33.43000030517578,33.97999954223633,31.75,31.96999931335449,31.96999931335449,0.0,0.014703450687559337,0.015904206651343473,0.014812078165225895,54.20400009155274,53.57050018310547,55.16680000305176,56.32030012130738,54.4097962197392,54.23291451000719,0.17688170973200812,-0.18100743640880632,59.037964755848705,86.53431858905643,74.09968945736057,2.9692061787187023,-2.2882951616185365,1.4141645877835973,50.35674272546238,56.784257640748564,11.99823577027796,0.27738167828439847,0.014189921786989329,0.013279317941510663,-0.0045856653494825185,-0.009122413185755865,-0.050331062553131294,0.43388373911755823,-0.900968867902419,-0.8660254037844384,-0.5000000000000004
2011-09-16,56.20000076293945,56.650001525878906,56.09000015258789,56.59000015258789,49.84770584106445,91902100.0,0.0091248049119126,76.30999755859375,76.7699966430664,76.27999877929688,76.58000183105469,76.58000183105469,0.0,2.0859999656677246,2.118000030517578,2.059999942779541,2.075999975204468,2.075999975204468,0.0,31.809999465942383,32.47999954223633,30.43000030517578,30.979999542236328,30.979999542236328,0.0,0.009124804911912678,0.009964437111899527,0.009166562858654137,54.535000228881835,53.89850025177002,55.11800003051758,56.33080011367799,54.74521220940823,54.407513446494654,0.3376987629135755,-0.07726619654432997,60.54993835765795,94.53647714946963,84.90500117455596,6.212465182294979,-1.2658513089477186,1.353152929605556,50.872658056416995,56.92434244712304,11.227927238118852,0.26381970895096607,0.014703450687559337,0.014189921786989329,-0.02249804721520425,-0.02373963459019316,-0.018222008822684748,-0.433883739117558,-0.9009688679024191,-0.8660254037844384,-0.5000000000000004
2011-09-19,55.88999938964844,56.90999984741211,55.43000030517578,56.61000061035156,49.86530303955078,73042900.0,0.00035295692842,77.44000244140625,77.5199966430664,76.93000030517578,77.38999938964844,77.38999938964844,0.0,1.9919999837875368,1.9919999837875368,1.9279999732971191,1.940000057220459,1.940000057220459,0.0,34.79999923706055,35.33000183105469,32.349998474121094,32.72999954223633,32.72999954223633,0.0,0.0003529569284200391,0.026480578965804094,0.0003530192250458253,54.86800041198731,54.21850032806395,55.09100006103515,56.34235012054444,55.032102732630285,54.570660643817384,0.46144208881290183,0.030475460527116395,60.6262885192251,96.81528959607425,92.62869511153343,6.250003579858613,-5.999984741210939,1.3622134019363255,51.496702661080974,56.94029799504693,10.040106792013773,0.2645026496177051,0.009124804911912678,0.014703450687559337,0.012705617650692913,0.0,0.0035916360591233157,0.0,1.0,-0.8660254037844384,-0.5000000000000004
2011-09-20,56.900001525878906,57.34999847412109,56.22999954223633,56.36000061035156,49.64508819580078,66570100.0,-0.0044259740214657,77.43000030517578,77.51000213623047,76.83999633789062,77.02999877929688,77.02999877929688,0.0,1.9700000286102293,1.9919999837875368,1.934999942779541,1.9470000267028809,1.9470000267028809,0.0,32.41999816894531,33.13999938964844,31.450000762939453,32.86000061035156,32.86000061035156,0.0,-0.0044259740214657025,0.019683636236378088,-0.004416193832720405,55.17500038146974,54.422500419616696,55.06780006408692,56.3521501159668,55.23639471381817,54.70320434504214,0.5331903687760331,0.13101844217689973,59.08693457102639,91.5118897376443,94.28788549439605,5.760930084596225,-18.198494736908433,1.3449123683612136,51.700860762027645,57.14414007720575,10.001891264106751,0.23341964779976657,0.0003529569284200391,0.009124804911912678,0.013279317941510663,0.0001876831570216355,0.04039945899593783,0.7818314824680298,0.6234898018587336,-0.8660254037844384,-0.5000000000000004
2011-09-21,56.650001525878906,56.93000030517578,55.369998931884766,55.380001068115234,48.7818489074707,79938000.0,-0.0175411619616999,77.05999755859375,77.83999633789062,76.79000091552734,77.33999633789062,77.33999633789062,0.0,1.932999968528748,1.9570000171661377,1.8559999465942385,1.875,1.875,0.0,33.0,37.31999969482422,32.45000076293945,37.31999969482422,37.31999969482422,0.0,-0.01754116196169995,0.027537534532604987,-0.01738821139616975,55.24900054931641,54.55700054168701,55.020200119018554,56.35825012207032,55.25848799909464,54.75333743564015,0.5051505634544924,0.20584486643241828,53.36664568681491,79.86277458990119,89.39665130787324,1.354322267080754,-36.21319675217707,1.3602758687133425,51.93168969713123,57.18231138624279,9.624102566085085,0.24478404457968853,-0.0044259740214657025,0.0003529569284200391,0.014189921786989329,0.025017176330043946,0.007811847079726927,0.9749279121818236,-0.22252093395631434,-0.8660254037844384,-0.5000000000000004
2011-09-22,53.970001220703125,54.459999084472656,52.75,53.58000183105469,47.1963005065918,151885500.0,-0.0330427846295773,77.73999786376953,78.79000091552734,77.7300033569336,78.37999725341797,78.37999725341797,0.0,1.758999943733215,1.7929999828338623,1.6990000009536743,1.715000033378601,1.715000033378601,0.0,41.0,43.869998931884766,39.33000183105469,41.34999847412109,41.34999847412109,0.0,-0.03304278462957731,0.031684251358080256,-0.03250283530430287,55.168000793457026,54.644500541687016,54.95000015258788,56.35325012207032,55.00025935785773,54.66642368715233,0.33383567070539755,0.23144302728701416,44.78964815671947,58.76229404544781,76.71231945766442,-1.4892398743948314,-69.30142637457107,1.4509705258134775,52.300275817060566,56.988725266313466,8.579910883577737,0.2678845329977397,-0.01754116196169995,-0.0044259740214657025,0.014703450687559337,-0.0045856653494825185,-0.016456459094766222,0.43388373911755823,-0.900968867902419,-0.8660254037844384,-0.5000000000000004
2011-09-23,53.130001068115234,54.380001068115234,53.09000015258789,54.150001525878906,47.69839477539063,85940600.0,0.0105822343984269,78.37000274658203,78.62000274658203,77.94999694824219,78.30000305175781,78.30000305175781,0.0,1.6970000267028809,1.815999984741211,1.6959999799728394,1.807999968528748,1.807999968528748,0.0,42.16999816894531,42.81999969482422,40.41999816894531,41.25,41.25,0.0,0.010582234398426933,0.024280084502040573,0.010638424270747793,55.26500091552735,54.695500564575205,54.87600021362305,56.3514001274109,54.86945046063022,54.62817019372467,0.24128026690554805,0.23341047521072095,47.65843993079368,45.220629570128914,61.28189940182597,1.8239962676508652,-58.823488162865125,1.439472696507325,52.44760559688671,56.9433955322637,8.21967051945913,0.2561920838971908,-0.03304278462957731,-0.01754116196169995,0.009124804911912678,-0.02249804721520425,0.024772524031118612,-0.433883739117558,-0.9009688679024191,-0.8660254037844384,-0.5000000000000004
2011-09-26,54.41999816894531,54.880001068115234,53.209999084472656,54.77999877929688,48.25334930419922,96261400.0,0.0115674961864101,78.08000183105469,78.86000061035156,77.94000244140625,78.36000061035156,78.36000061035156,0.0,1.8489999771118164,1.909000039100647,1.8329999446868896,1.9040000438690183,1.9040000438690183,0.0,40.9900016784668,43.34000015258789,39.02000045776367,39.02000045776367,39.02000045776367,0.0,0.011567496186410188,0.030687284818682006,0.011634658386762142,55.35700073242188,54.704000473022475,54.82080017089845,56.35250011444092,54.855688663502015,54.63941675561891,0.21627190788310457,0.2299827617451977,50.707117157020136,39.369795913297,47.7842398429579,1.7081287755657797,-53.76569772267281,1.455939074159843,52.45618114521991,56.95181980082504,8.218116804496187,0.2401448008308616,0.010582234398426933,-0.03304278462957731,0.0003529569284200391,0.012705617650692913,0.02747502945925859,0.0,1.0,-0.8660254037844384,-0.5000000000000004
2011-09-27,55.709999084472656,56.20000076293945,54.97999954223633,55.34999847412109,48.75542068481445,81148600.0,0.0103511437900555,78.08000183105469,78.86000061035156,77.38999938964844,77.51000213623047,77.51000213623047,0.0,1.975000023841858,2.0160000324249268,1.955000042915344,2.0160000324249268,2.0160000324249268,0.0,36.59000015258789,38.56999969482422,35.31999969482422,37.709999084472656,37.709999084472656,0.0,0.0103511437900555,0.021899142716790325,0.01040490220585677,55.43400039672852,54.72300033569337,54.750800170898444,56.35480010986329,54.931736326674184,54.692052438470924,0.2396838882032597,0.2319229870368101,53.3543756171985,48.5232664150398,44.371230632821906,1.4107669791764095,-41.84101486934265,1.453372139122895,52.459345961683354,56.98665470970339,8.273136926425197,0.24183380326882792,0.011567496186410188,0.010582234398426933,-0.0044259740214657025,0.013279317941510663,0.0065710261848922254,0.7818314824680298,0.6234898018587336,-0.8660254037844384,-0.5000000000000004
2011-09-28,55.59000015258789,55.970001220703125,54.400001525878906,54.52999877929688,48.033111572265625,76757100.0,-0.0149257872863812,77.80000305175781,78.23999786376953,77.30000305175781,77.8499984741211,77.8499984741211,0.0,1.9759999513626096,2.065000057220459,1.9730000495910645,2.002000093460083,2.002000093460083,0.0,37.70000076293945,41.2400016784668,36.650001525878906,41.08000183105469,41.08000183105469,0.0,-0.014925787286381218,0.02824248408913038,-0.014814949853848791,55.35100021362305,54.69650020599365,54.669400177001954,56.353050098419196,54.8699305501546,54.68004846371729,0.18988208643730786,0.22351480691690967,49.25614584290121,48.46582094221463,45.452961090183805,-1.4992807476585928,-58.99582458134065,1.4617026788158467,52.437051851914035,56.95594856007327,8.261765727497226,0.24781643868717748,0.0103511437900555,0.011567496186410188,-0.01754116196169995,0.014189921786989329,0.0016356380228050125,0.9749279121818236,-0.22252093395631434,-0.8660254037844384,-0.5000000000000004
2011-09-29,55.36000061035156,55.43000030517578,52.970001220703125,53.880001068115234,47.46056365966797,116900200.0,-0.0119914700528891,78.05999755859375,78.1500015258789,77.41999816894531,77.91999816894531,77.91999816894531,0.0,1.9709999561309808,2.0280001163482666,1.9520000219345093,1.9570000171661377,1.9570000171661377,0.0,38.619998931884766,42.0,38.02999877929688,38.84000015258789,38.84000015258789,0.0,-0.011991470052889168,0.044436399157348816,-0.011919858902670888,55.121000289917,54.66250019073486,54.567200164794926,56.34875009536745,54.71763370676393,54.6207856936727,0.09684801309122548,0.19818144815177285,46.22513643766719,42.18968467289368,46.39292401004937,-4.093982243799759,-72.59410653063566,1.5330095649341904,52.37412331260752,56.9508770688622,8.37274866734036,0.2493616128048885,-0.014925787286381218,0.0103511437900555,-0.03304278462957731,0.014703450687559337,-0.009122413185755865,0.43388373911755823,-0.900968867902419,-0.8660254037844384,-0.5000000000000004
2011-09-30,53.15999984741211,53.61000061035156,52.459999084472656,52.4900016784668,46.236175537109375,104870100.0,-0.0261366154867,77.95999908447266,78.80000305175781,77.41999816894531,78.55000305175781,78.55000305175781,0.0,1.950000047683716,1.955000042915344,1.89300000667572,1.924000024795532,1.924000024795532,0.0,40.93000030517578,42.9900016784668,39.880001068115234,42.959999084472656,42.959999084472656,0.0,-0.026136615486700085,0.021632835387129703,-0.025798010561747242,54.71100044250488,54.623000335693355,54.42500022888184,56.337500095367446,54.3749210870259,54.462949840694485,-0.08802875366858132,0.14093940778770203,40.487473869954215,23.007872981345002,37.887792865484435,-7.2450935908569685,-99.38644994398868,1.5249375948419324,52.21025298879364,57.03574768259307,8.834180957002854,0.2524461631185851,-0.011991470052889168,-0.014925787286381218,0.010582234398426933,0.009124804911912678,-0.02373963459019316,-0.433883739117558,-0.9009688679024191,-0.8660254037844384,-0.5000000000000004
2011-10-03,52.02000045776367,52.84999847412109,51.11000061035156,51.13999938964844,45.04701614379883,99149500.0,-0.0260557644321314,78.93000030517578,79.56999969482422,78.79000091552734,79.44999694824219,79.44999694824219,0.0,1.883000016212464,1.8910000324249268,1.7760000228881836,1.784999966621399,1.784999966621399,0.0,44.25,45.54999923706055,41.5099983215332,45.45000076293945,45.45000076293945,0.0,-0.026055764432131475,0.033448632227180995,-0.025719242119325414,54.164000320434575,54.516000366210925,54.25820022583008,56.31935009002687,53.87724082589091,54.216805362839224,-0.33956453694831623,0.044838618840498376,35.83514367560922,9.500064452725642,24.899207368988108,-9.662605832409927,-99.51925016719872,1.5402990426224747,51.696889871927624,57.335110860494225,10.342323264164436,0.2680131029735422,-0.026136615486700085,-0.011991470052889168,0.011567496186410188,0.0003529569284200391,0.0,0.0,1.0,-1.0,-1.8369701987210297e-16
2011-10-04,50.619998931884766,52.290000915527344,50.09999847412109,52.18999862670898,45.9719123840332,137013700.0,0.0203238621108133,79.5999984741211,79.5999984741211,79.5999984741211,79.5999984741211,79.5999984741211,0.0,1.7350000143051147,1.840000033378601,1.7170000076293943,1.781000018119812,1.781000018119812,0.0,46.18000030517578,46.880001068115234,40.02000045776367,40.81999969482422,40.81999969482422,0.0,0.020323862110813367,0.0432635813436734,0.020531798094726827,53.747000122070325,54.46100025177002,54.10940017700196,56.30695009231569,53.61766510293984,54.066671530533284,-0.4490064275934458,-0.05393039044629045,41.46863540938985,9.973962733456563,14.160633389175734,-7.3988678823340654,-71.17241168844288,1.5867064282498877,51.501740632862266,57.42025987067777,10.867444979810386,0.2794378080004719,-0.026055764432131475,-0.026136615486700085,0.0103511437900555,-0.0044259740214657025,0.0001876831570216355,0.7818314824680298,0.6234898018587336,-1.0,-1.8369701987210297e-16
2011-10-05,52.060001373291016,53.68000030517578,51.65999984741211,53.52999877929688,47.15225982666016,108825700.0,0.0253513267364012,79.0999984741211,79.83000183105469,78.80000305175781,78.91000366210938,78.91000366210938,0.0,1.8639999628067017,1.9119999408721924,1.843000054359436,1.9049999713897705,1.9049999713897705,0.0,40.72999954223633,41.20000076293945,37.5099983215332,37.810001373291016,37.810001373291016,0.0,0.025351326736401277,0.038801390789052446,0.025675404424483128,53.561999893188485,54.40550022125244,54.018200149536135,56.30065008163453,53.604177976225536,54.02691799340466,-0.42274001717912313,-0.127692315792857,47.77085976476871,25.539562393755304,15.004529859979169,-3.340560225961213,-52.68965096309248,1.6176560017865866,51.41886680339661,57.392133639108266,10.979159848581478,0.279851862728895,0.020323862110813367,-0.026055764432131475,-0.014925787286381218,-0.01754116196169995,0.025017176330043946,0.9749279121818236,-0.22252093395631434,-1.0,-1.8369701987210297e-16
2011-10-06,53.459999084472656,54.43999862670898,53.209999084472656,54.43000030517578,47.94504165649414,71939200.0,0.0166734530583584,78.94999694824219,79.5,78.5199966430664,78.52999877929688,78.52999877929688,0.0,1.919999957084656,1.9859999418258667,1.914999961853028,1.9859999418258667,1.9859999418258667,0.0,38.2400016784668,38.7400016784668,36.150001525878906,36.27000045776367,36.27000045776367,0.0,0.01667345305835846,0.023007848172477276,0.016813230855708294,53.6469997406006,54.40750026702881,53.94300018310547,56.29950008392335,53.7312275652948,54.05677594242474,-0.325548377129941,-0.16726352806027384,51.54458768598628,45.287366845141975,26.933630657451282,1.5864099385462116,-40.27583681303869,1.5899662546758535,51.42085698155113,57.394143552506485,10.978792522425792,0.2862728021946348,0.025351326736401277,0.020323862110813367,-0.011991470052889168,-0.03304278462957731,-0.0045856653494825185,0.43388373911755823,-0.900968867902419,-1.0,-1.8369701987210297e-16
2011-10-07,54.400001525878906,54.65999984741211,53.720001220703125,54.06999969482422,47.62791442871094,72525200.0,-0.0066363625164236,78.62000274658203,79.5,78.05999755859375,78.72000122070312,78.72000122070312,0.0,2.013999938964844,2.118000030517578,2.006999969482422,2.068000078201294,2.068000078201294,0.0,35.66999816894531,37.81999969482422,35.189998626708984,36.20000076293945,36.20000076293945,0.0,-0.006636362516423633,0.017279386035712017,-0.006614390494334876,53.638999557495126,54.45200023651124,53.864400177001954,56.29755008697511,53.78334635445317,54.05775547963952,-0.2744091251863452,-0.1886926474854881,49.9887139597772,53.93104991693619,41.585993051944484,-0.14774114275223743,-45.24136247306024,1.5435399955353628,51.51627736923135,57.38772310379113,10.782791649631365,0.27495753313922594,0.01667345305835846,0.025351326736401277,-0.026136615486700085,0.010582234398426933,-0.02249804721520425,-0.433883739117558,-0.9009688679024191,-1.0,-1.8369701987210297e-16
2011-10-10,54.9900016784668,55.93999862670898,54.88999938964844,55.93999862670898,49.27513122558594,48230200.0,0.0340004892342826,78.73999786376953,78.7699966430664,77.33999633789062,77.5999984741211,77.5999984741211,0.0,2.075999975204468,2.075999975204468,2.075999975204468,2.075999975204468,2.075999975204468,0.0,35.45000076293945,35.45000076293945,32.959999084472656,33.02000045776367,33.02000045776367,0.0,0.034000489234282685,0.01909436633953955,0.03458511288249966,53.754999542236334,54.55600013732911,53.8286001586914,56.300700073242204,54.11513901172329,54.19718089794096,-0.08204188621766662,-0.16736249523192384,57.21344098767393,66.66263482529095,55.29368386245636,2.117560922346162,-14.494896238028199,1.5668584909888912,51.56179230277364,57.550207971884575,10.976639882023633,0.2965996942436543,-0.006636362516423633,0.01667345305835846,-0.026055764432131475,0.011567496186410188,0.012705617650692913,0.0,1.0,-1.0,-1.8369701987210297e-16
2011-10-11,55.790000915527344,56.459999084472656,55.70000076293945,56.31999969482422,49.60984420776367,66449100.0,0.0067697698063539,77.61000061035156,78.69000244140625,77.33999633789062,77.58000183105469,77.58000183105469,0.0,2.1480000019073486,2.180000066757202,2.134000062942505,2.1600000858306885,2.1600000858306885,0.0,33.95000076293945,34.2400016784668,32.619998931884766,32.86000061035156,32.86000061035156,0.0,0.006769769806353942,0.01362248268617042,0.006792736495117246,53.851999664306646,54.64300003051759,53.829600143432614,56.305950069427496,54.45434834758497,54.35442673474713,0.09992161283783929,-0.11390567361797121,58.52464911161219,79.35416441174888,66.64928305132534,1.752486445246528,-2.2012480536648615,1.5092256217420563,51.54648853419132,57.73951152684386,11.333607212623392,0.294203058285144,0.034000489234282685,-0.006636362516423633,0.020323862110813367,0.0103511437900555,0.013279317941510663,0.7818314824680298,0.6234898018587336,-1.0,-1.8369701987210297e-16
2011-10-12,56.86000061035156,57.22999954223633,56.560001373291016,56.59999847412109,49.85649490356445,85627600.0,0.0049594908904311,77.61000061035156,77.94000244140625,76.79000091552734,76.98999786376953,76.98999786376953,0.0,2.2260000705718994,2.2690000534057617,2.190000057220459,2.2260000705718994,2.2260000705718994,0.0,31.56999969482422,31.93000030517578,29.790000915527344,31.26000022888184,31.26000022888184,0.0,0.004959490890431148,0.01178329514163489,0.004971809521671089,54.058999633789064,54.70499992370606,53.82540008544922,56.31025005340577,54.784448367052065,54.52076538210816,0.2636829849439053,-0.03838794190559592,59.50928513075612,91.48931247435638,79.16870390379873,3.796075080071541,-8.835918285237753,1.4664237807184888,51.500276609781324,57.9097232376308,11.716381750824176,0.29079452494227503,0.006769769806353942,0.034000489234282685,0.025351326736401277,-0.014925787286381218,0.014189921786989329,0.9749279121818236,-0.22252093395631434,-1.0,-1.8369701987210297e-16
2011-10-13,56.4900016784668,57.18999862670898,56.43000030517578,57.119998931884766,50.31452560424805,63443700.0,0.0091450379663716,77.01000213623047,77.91999816894531,76.79000091552734,76.98999786376953,76.98999786376953,0.0,2.197999954223633,2.203000068664551,2.122999906539917,2.1689999103546143,2.1689999103546143,0.0,31.989999771118164,32.7599983215332,30.479999542236328,30.700000762939453,30.700000762939453,0.0,0.009145037966371606,0.013453678508614682,0.009186981587244514,54.382999420166016,54.751999855041504,53.88440010070801,56.316250057220465,55.14376383856479,54.71330120061013,0.4304626379546548,0.05538217406645422,61.34467064256073,95.80668277776253,88.88338655462259,6.013358944951611,-1.5427853278097814,1.4159648193481107,51.430741091524965,58.07325861855804,12.132008957881824,0.2880273818620468,0.004959490890431148,0.006769769806353942,0.01667345305835846,-0.011991470052889168,0.014703450687559337,0.43388373911755823,-0.900968867902419,-1.0,-1.8369701987210297e-16
2011-10-14,57.81999969482422,58.18999862670898,57.5099983215332,58.18000030517578,51.24822998046875,65643600.0,0.0183872656301837,77.19000244140625,77.43000030517578,76.5,76.62000274658203,76.62000274658203,0.0,2.234999895095825,2.263999938964844,2.211999893188477,2.2320001125335693,2.2320001125335693,0.0,29.06999969482422,29.959999084472656,28.07999992370605,28.239999771118164,28.239999771118164,0.0,0.01838726563018376,0.011760641798077433,0.018557352275659245,54.95199928283692,54.8314998626709,53.971400070190434,56.32780006408692,55.610877141120326,54.97009372687425,0.6407834142460729,0.17246242210237797,64.84307585969215,96.49923591413202,94.5984103887503,10.840157067556767,-0.12358864455642715,1.3912530247392607,51.25842376214537,58.404575963196436,13.032932199463946,0.29335322032135885,0.009145037966371606,0.004959490890431148,-0.006636362516423633,-0.026136615486700085,0.009124804911912678,-0.433883739117558,-0.9009688679024191,-1.0,-1.8369701987210297e-16
2011-10-17,57.90999984741211,58.09000015258789,56.970001220703125,57.27999877929688,50.455474853515625,65161300.0,-0.0155898191571015,76.58000183105469,77.23999786376953,76.44000244140625,77.13999938964844,77.13999938964844,0.0,2.2330000400543213,2.24399995803833,2.151000022888184,2.1549999713897705,2.1549999713897705,0.0,30.350000381469727,33.38999938964844,30.1200008392334,33.38999938964844,33.38999938964844,0.0,-0.015589819157101573,0.01934033733095954,-0.015468926970848562,55.56599922180177,54.86499977111817,54.10520004272461,56.333800048828124,55.86766508545519,55.141197804831485,0.7264672806237016,0.28326339380664267,59.88724400726846,95.6950577477843,96.00032547989295,12.006256282614034,-11.248452784280815,1.3783063147202175,51.21008863954406,58.51991090269228,13.323288605928747,0.2994917639277875,0.01838726563018376,0.009145037966371606,0.034000489234282685,-0.026055764432131475,0.0003529569284200391,0.0,1.0,-1.0,-1.8369701987210297e-16
2011-10-18,57.18999862670898,58.290000915527344,56.65999984741211,57.9900016784668,51.08087158203125,91434600.0,0.0123188327983654,77.16999816894531,77.55000305175781,76.44000244140625,77.12999725341797,77.12999725341797,0.0,2.1040000915527344,2.16599988937378,2.1040000915527344,2.151000022888184,2.151000022888184,0.0,33.369998931884766,34.709999084472656,29.690000534057617,31.559999465942383,31.559999465942383,0.0,0.012318832798365405,0.028501505634832947,0.01239502215232946,56.14599952697755,54.94649982452393,54.20440010070801,56.342950057983394,56.194178407456974,55.352220313989655,0.8419580934673192,0.395002333738778,62.3330128000878,94.98832177186091,95.72753847792575,11.113246224133038,-3.6629932555799827,1.39628451139129,51.08440202284817,58.8085976261997,14.057666326370873,0.3016636966130122,-0.015589819157101573,0.01838726563018376,0.006769769806353942,0.020323862110813367,-0.0044259740214657025,0.7818314824680298,0.6234898018587336,-1.0,-1.8369701987210297e-16
2011-10-19,57.66999816894531,57.84999847412109,56.68000030517578,56.869998931884766,50.09431076049805,67639400.0,-0.0195026501289346,77.13999938964844,77.19000244140625,76.56999969482422,77.11000061035156,77.11000061035156,0.0,2.190999984741211,2.2249999046325684,2.134000062942505,2.1589999198913574,2.1589999198913574,0.0,32.91999816894531,35.470001220703125,31.90999984741211,34.439998626708984,34.439998626708984,0.0,-0.01950265012893464,0.02028781352684934,-0.01931370375990704,56.479999542236335,55.02099971771241,54.324600067138675,56.34450004577636,56.29815079583048,55.464648359759664,0.8335024360708161,0.4827023542051857,56.482542435292736,89.25010585669357,93.31116179211293,6.2394923010527945,-17.33823639005848,1.3901214300984133,51.06729477711388,58.974704658310934,14.371621602236162,0.30337488463300916,0.012318832798365405,-0.015589819157101573,0.004959490890431148,0.025351326736401277,-0.01754116196169995,0.9749279121818236,-0.22252093395631434,-1.0,-1.8369701987210297e-16
2011-10-20,56.86000061035156,56.91999816894531,55.790000915527344,56.59000015258789,49.84770584106445,80378300.0,-0.0049349698615692,77.02999877929688,77.48999786376953,76.56999969482422,76.97000122070312,76.97000122070312,0.0,2.1730000972747803,2.2070000171661377,2.114000082015991,2.180000066757202,2.180000066757202,0.0,34.439998626708984,36.869998931884766,34.15999984741211,34.779998779296875,34.779998779296875,0.0,-0.004934969861569288,0.019873324679709006,-0.004922812904096352,56.695999526977545,55.17149963378906,54.39440010070801,56.344550037384025,56.34305069687008,55.54800775182102,0.7950429450490617,0.545170472373961,55.09044172983206,86.08058215647551,90.10633659500999,3.9683994769456463,-20.757023884934956,1.3715411317640958,51.21959799806071,59.12340126951741,14.325880797005045,0.27634145488854506,-0.01950265012893464,0.012318832798365405,0.009145037966371606,0.01667345305835846,-0.03304278462957731,0.43388373911755823,-0.900968867902419,-1.0,-1.8369701987210297e-16
2011-10-21,57.18999862670898,57.65999984741211,56.77999877929688,57.29999923706055,50.47309875488281,60455800.0,0.012468022317856,76.94999694824219,77.20999908447266,76.23999786376953,76.30000305175781,76.30000305175781,0.0,2.2070000171661377,2.239000082015991,2.180000066757202,2.203000068664551,2.203000068664551,0.0,32.7599983215332,32.97999954223633,31.31999969482422,31.31999969482422,31.31999969482422,0.0,0.012468022317856067,0.015387324519085538,0.012546072146476961,57.01899948120117,55.328999519348145,54.469000091552736,56.34605003356933,56.490273549207075,55.6777848988758,0.8124886503312752,0.5986341079654238,57.92244192202955,83.27227024878589,86.20098608731831,5.973736934467776,-12.087928978648865,1.3500024576969618,51.298218506994004,59.359780531702285,14.57022916506779,0.2771318416441916,-0.004934969861569288,-0.01950265012893464,0.01838726563018376,-0.006636362516423633,0.010582234398426933,-0.433883739117558,-0.9009688679024191,-1.0,-1.8369701987210297e-16
2011-10-24,57.5099983215332,58.650001525878906,57.310001373291016,58.4900016784668,51.52130126953125,61449500.0,0.0205548426136532,76.47000122070312,76.54000091552734,75.9800033569336,76.0199966430664,76.0199966430664,0.0,2.181999921798706,2.239000082015991,2.174999952316284,2.233999967575073,2.233999967575073,0.0,31.670000076293945,31.700000762939453,28.84000015258789,29.26000022888184,29.26000022888184,0.0,0.020554842613653264,0.02330029893404049,0.020767548268413538,57.273999786376955,55.51449966430664,54.55160011291504,56.35350004196166,56.79792403063165,55.886097252919576,0.9118267777120721,0.6612726419147535,62.22239452913249,88.28868853525596,85.88051364683912,4.5584610553427884,-2.288981530648271,1.3500024456342044,51.255107424063205,59.77389190455008,15.345152225093496,0.2826720745458678,0.012468022317856067,-0.004934969861569288,-0.015589819157101573,0.034000489234282685,0.011567496186410188,0.0,1.0,-1.0,-1.8369701987210297e-16
2011-10-25,58.29999923706055,58.31999969482422,57.220001220703125,57.34000015258789,50.50833511352539,65299200.0,-0.0198569646231585,76.13999938964844,76.44000244140625,75.94000244140625,76.25,76.25,0.0,2.25,2.256999969482422,2.114000082015991,2.128000020980835,2.128000020980835,0.0,30.68000030517578,32.459999084472656,30.31999969482422,32.220001220703125,32.220001220703125,0.0,-0.01985696462315854,0.01886789860233547,-0.019661113579150014,57.375999832153326,55.613999748229986,54.62040008544922,56.354400043487544,56.88132035708645,55.993793764006114,0.887526593080338,0.7065234321478704,56.24101278037069,87.18073090021898,86.2472298947536,1.8110803680586836,-24.08089679004589,1.3442880179291663,51.27849414973416,59.949505346725815,15.59141805345088,0.29280095584972055,0.020554842613653264,0.012468022317856067,0.012318832798365405,0.006769769806353942,0.0103511437900555,0.7818314824680298,0.6234898018587336,-1.0,-1.8369701987210297e-16
2011-10-26,57.65999984741211,57.77999877929688,56.209999084472656,57.27000045776367,50.4466667175293,98193800.0,-0.0012217008082387,76.26000213623047,76.66000366210938,75.87999725341797,76.19999694824219,76.19999694824219,0.0,2.1410000324249268,2.21399998664856,2.111999988555908,2.203000068664551,2.203000068664551,0.0,30.440000534057617,33.29999923706055,29.6299991607666,29.86000061035156,29.86000061035156,0.0,-0.0012217008082387295,0.027228576118261825,-0.0012209548356223454,57.44300003051758,55.750999832153326,54.694200057983394,56.358200054168705,56.94111729565218,56.08832759317335,0.8527897024788302,0.7357766862140624,55.88883474269237,81.87940511223165,85.7829415159022,1.1837491196204302,-27.99190634261086,1.3604102805645277,51.386651648741825,60.11534801556483,15.6565736813726,0.28641034902741264,-0.01985696462315854,0.020554842613653264,-0.01950265012893464,0.004959490890431148,-0.014925787286381218,0.9749279121818236,-0.22252093395631434,-1.0,-1.8369701987210297e-16
2011-10-27,58.63999938964844,59.20000076293945,58.02999877929688,58.84999847412109,51.838417053222656,104455500.0,0.0272148427325373,76.29000091552734,76.66000366210938,74.72000122070312,74.87000274658203,74.87000274658203,0.0,2.296999931335449,2.407000064849853,2.2709999084472656,2.3949999809265137,2.3949999809265137,0.0,24.71999931335449,26.459999084472656,24.700000762939453,25.459999084472656,25.459999084472656,0.0,0.027214842732537364,0.01995228505833014,0.027588548981567262,57.615999984741215,55.99949970245361,54.852200012207035,56.37190004348755,57.23479132310893,56.29289580657688,0.9418955165320497,0.7770004522776599,61.71616521848575,79.9354988993424,82.99854497059768,3.028710739822202,-8.12070016931602,1.4010952823224745,51.519276398319015,60.47972300658821,16.00094046532454,0.2939018844707248,-0.0012217008082387295,-0.01985696462315854,-0.004934969861569288,0.009145037966371606,-0.011991470052889168,0.43388373911755823,-0.900968867902419,-1.0,-1.8369701987210297e-16
2011-10-28,58.52000045776367,59.0099983215332,58.5,58.93999862670898,51.91769790649414,42950000.0,0.0015282158305931,75.0,75.16000366210938,74.9000015258789,75.08999633789062,75.08999633789062,0.0,2.36899995803833,2.372999906539917,2.2929999828338623,2.305999994277954,2.305999994277954,0.0,26.020000457763672,26.020000457763672,24.440000534057617,24.530000686645508,24.530000686645508,0.0,0.0015282158305931861,0.008714940491179424,0.001529384147476609,57.69199981689453,56.321999549865716,55.03040000915527,56.388200035095224,57.497130908278166,56.488977496957034,1.008153411321132,0.8232310440863544,62.02391847436281,85.48625367478175,82.43371922878526,1.3062879297812335,-7.4286324637278796,1.337445499408955,51.97897759511457,60.66502150461686,15.422115654491174,0.271300454366294,0.027214842732537364,-0.0012217008082387295,0.012468022317856067,0.01838726563018376,-0.026136615486700085,-0.433883739117558,-0.9009688679024191,-1.0,-1.8369701987210297e-16
2011-10-31,58.43000030517578,58.63999938964844,57.90999984741211,57.95000076293945,51.04564666748047,60520200.0,-0.0169394670525457,75.08999633789062,76.56999969482422,74.9800033569336,76.16999816894531,76.16999816894531,0.0,2.236000061035156,2.236999988555908,2.174999952316284,2.174999952316284,2.174999952316284,0.0,27.09000015258789,29.96999931335449,27.01000022888184,29.959999084472656,29.959999084472656,0.0,-0.016939467052545776,0.012493574164360635,-0.016796800978815973,57.759000015258785,56.66249961853027,55.18520004272461,56.395700035095224,57.566803193610674,56.59720144258536,0.9696017510253157,0.8525051854741467,56.63107603709402,82.59792474368741,82.67322577260384,1.1696962254208962,-36.65689313589384,1.3154850194009489,53.018551645984225,60.306447591076314,12.861938661648342,0.25874487079577546,0.0015282158305931861,0.027214842732537364,0.020554842613653264,-0.015589819157101573,-0.026055764432131475,0.0,1.0,-1.0,-1.8369701987210297e-16
2011-11-01,56.52000045776367,57.90999984741211,56.119998931884766,56.43999862670898,49.71555709838867,99933000.0,-0.0264023609067769,76.55000305175781,77.66999816894531,74.9800033569336,77.26000213623047,77.26000213623047,0.0,2.0290000438690186,2.046999931335449,1.955999970436096,2.000999927520752,2.000999927520752,0.0,36.02999877929688,37.52999877929688,33.869998931884766,34.77000045776367,34.77000045776367,0.0,-0.026402360906776962,0.03167022117887238,-0.02605686588233891,57.60399971008301,56.87499961853027,55.268400039672855,56.395250034332285,57.39344864485657,56.58555678955748,0.8078918552990899,0.8435825194391353,49.55383781610678,58.32533057008895,75.46983632951937,-2.672879818752232,-80.93848269011141,1.3522362202333589,53.89381965094146,59.856179586119076,10.483270286009882,0.27751690937316265,-0.016939467052545776,0.0015282158305931861,-0.01985696462315854,0.012318832798365405,0.020323862110813367,0.7818314824680298,0.6234898018587336,-0.8660254037844386,0.5000000000000001
2011-11-02,57.02999877929688,57.15999984741211,56.380001068115234,56.91999816894531,50.13835525512695,65003800.0,0.0084683849328721,77.54000091552734,77.66999816894531,76.44999694824219,77.01000213623047,77.01000213623047,0.0,2.049999952316284,2.062999963760376,1.991000056266785,2.00600004196167,2.00600004196167,0.0,33.529998779296875,34.27000045776367,32.54999923706055,32.7400016784668,32.7400016784668,0.0,0.008468384932872155,0.013676990987066817,0.008504343135520953,57.608999633789054,57.0444995880127,55.353000030517585,56.395700016021735,57.32061011010099,56.61033022506769,0.7102798850333016,0.8169219925579687,51.62346309863891,38.51412500797052,59.81246010724895,0.08791847722809482,-66.86224915008317,1.3113621173093244,54.5124440070998,59.576555168925594,8.877474950959096,0.2664707914614916,-0.026402360906776962,-0.016939467052545776,-0.0012217008082387295,-0.01950265012893464,0.025351326736401277,0.9749279121818236,-0.22252093395631434,-0.8660254037844386,0.5000000000000001
2011-11-03,57.369998931884766,58.18000030517578,56.709999084472656,58.09999847412109,51.17778015136719,78994200.0,0.0205191672864708,77.2300033569336,77.5,76.56999969482422,76.66999816894531,76.66999816894531,0.0,2.0450000762939453,2.0799999237060547,2.0169999599456787,2.065999984741211,2.065999984741211,0.0,31.3799991607666,34.650001525878906,30.209999084472656,30.5,30.5,0.0,0.020519167286470817,0.025623169741530817,0.02073113270172433,57.75999946594238,57.227999496459965,55.47839996337891,56.40030000686646,57.44051601225793,56.72067602129387,0.7198399909640614,0.7975055922391873,56.36308412485543,39.9803783598142,45.60661131262456,2.668312983674984,-32.258133080362796,1.322693481837453,54.977445037124205,59.478553955795725,7.8652214969526435,0.2694081150418602,0.008468384932872155,-0.026402360906776962,0.027214842732537364,-0.004934969861569288,0.01667345305835846,0.43388373911755823,-0.900968867902419,-0.8660254037844386,0.5000000000000001
2011-11-04,57.81999969482422,58.04999923706055,57.220001220703125,57.79999923706055,50.91353225708008,61527800.0,-0.0051767085400191,76.70999908447266,77.30000305175781,76.62000274658203,76.91000366210938,76.91000366210938,0.0,2.0840001106262207,2.13700008392334,2.0239999294281006,2.049999952316284,2.049999952316284,0.0,31.459999084472656,32.560001373291016,30.13999938964844,30.15999984741211,30.15999984741211,0.0,-0.005176708540019191,0.014354860268733614,-0.005163332475647597,57.80999946594238,57.41449947357178,55.57179992675782,56.41065000534058,57.49582112376602,56.80062588912843,0.6951952346375876,0.7770435207188674,54.89066962779013,53.27461757005631,43.92304031261368,0.8726003606586604,-41.05576505938511,1.2910723226646321,55.715130912485925,59.113868034657635,5.919649484597819,0.268745793073781,0.020519167286470817,0.008468384932872155,0.0015282158305931861,0.012468022317856067,-0.006636362516423633,-0.433883739117558,-0.9009688679024191,-0.8660254037844386,0.5000000000000001
2011-11-07,57.7599983215332,58.25,57.16999816894531,58.209999084472656,51.274658203125,65559000.0,0.0070678900909521,76.91999816894531,77.37999725341797,76.7300033569336,76.95999908447266,76.95999908447266,0.0,2.0339999198913574,2.055999994277954,1.9609999656677248,1.99399995803833,1.99399995803833,0.0,31.39999961853028,32.150001525878906,29.850000381469727,29.850000381469727,29.850000381469727,0.0,0.007067890090952116,0.01869809318626759,0.007092926576405478,57.78199920654298,57.52799949645997,55.64379989624023,56.42170000076294,57.60569465618243,56.90502390359838,0.7006707525840525,0.7617689670919046,56.56085558001059,65.88459775824057,53.04653122937036,-0.4787187313369904,-29.03230858553033,1.2759958589782074,55.943978900164744,59.112020092755195,5.506955257127268,0.24383627041481573,-0.005176708540019191,0.020519167286470817,-0.016939467052545776,0.020554842613653264,0.034000489234282685,0.0,1.0,-0.8660254037844386,0.5000000000000001
2011-11-08,58.630001068115234,58.97999954223633,57.970001220703125,58.880001068115234,51.864845275878906,62906900.0,0.0114445676900102,77.01000213623047,77.18000030517578,76.55999755859375,76.66999816894531,76.66999816894531,0.0,2.046999931335449,2.068000078201294,1.9989999532699585,2.065000057220459,2.065000057220459,0.0,29.34000015258789,30.489999771118164,27.46999931335449,27.479999542236328,27.479999542236328,0.0,0.011444567690010215,0.017226646821305803,0.011510307302603051,57.9359992980957,57.65599956512451,55.721999893188475,56.43085000991822,57.80174179647979,57.0513185083774,0.7504232881023896,0.7594998312940017,59.218165914548486,73.50925688724418,64.22282407184701,2.6857358064688457,-9.384155693352024,1.256996034874993,56.06925909203215,59.24274003821687,5.504164302277276,0.24561014194800107,0.007067890090952116,-0.005176708540019191,-0.026402360906776962,-0.01985696462315854,0.006769769806353942,0.7818314824680298,0.6234898018587336,-0.8660254037844386,0.5000000000000001
2011-11-09,57.7400016784668,57.83000183105469,56.630001068115234,56.810001373291016,50.04147720336914,69539000.0,-0.035789000056593,76.66999816894531,78.0,76.51000213623047,77.93000030517578,77.93000030517578,0.0,1.986999988555908,2.01200008392334,1.9290000200271609,1.955000042915344,1.955000042915344,0.0,31.31999969482422,36.43000030517578,30.979999542236328,36.15999984741211,36.15999984741211,0.0,-0.035789000056593065,0.02078283214506684,-0.035156145994669874,57.88999938964844,57.66649971008301,55.75699989318847,56.43010002136231,57.64916634675844,57.03344316503767,0.6157231817207744,0.7307445013793563,49.20351109930341,61.32873302393567,66.90752922314013,-0.8032112463695599,-77.59733664931063,1.3279248895267792,56.106630627316484,59.226368792849534,5.40996623900785,0.2797991242323604,0.011444567690010215,0.007067890090952116,0.008468384932872155,-0.0012217008082387295,0.004959490890431148,0.9749279121818236,-0.22252093395631434,-0.8660254037844386,0.5000000000000001
2011-11-10,57.369998931884766,57.41999816894531,56.22999954223633,56.77999877929688,50.01505279541016,66052400.0,-0.0005281895858997,77.97000122070312,78.16999816894531,77.4000015258789,77.63999938964844,77.63999938964844,0.0,2.0290000438690186,2.1080000400543213,2.01200008392334,2.055999994277954,2.055999994277954,0.0,33.09000015258789,35.5,32.119998931884766,32.810001373291016,32.810001373291016,0.0,-0.0005281895858997058,0.020742524818971434,-0.0005280501183365649,57.68299942016602,57.64949970245362,55.8013998413086,56.42870000839234,57.51544825945666,57.01466950683464,0.5007787526220184,0.6847513516278888,49.0739706384151,44.81568713083949,59.88455901400644,-3.517416734912022,-78.57144626481886,1.3180730136112224,56.05747347399095,59.24152593091628,5.523122444009367,0.27779037231004516,-0.035789000056593065,0.011444567690010215,0.020519167286470817,0.027214842732537364,0.009145037966371606,0.43388373911755823,-0.900968867902419,-0.8660254037844386,0.5000000000000001
2011-11-11,57.27000045776367,58.02000045776367,57.20000076293945,57.84999847412109,50.95756912231445,54471000.0,0.0186692924166062,77.66000366210938,78.16000366210938,76.72000122070312,76.94000244140625,76.94000244140625,0.0,2.055999994277954,2.055999994277954,2.055999994277954,2.055999994277954,2.055999994277954,0.0,29.90999984741211,30.420000076293945,29.450000762939453,30.040000915527344,30.040000915527344,0.0,0.018669292416606222,0.014318136690586623,0.01884465324388862,57.57399940490723,57.63299961090088,55.89279983520508,56.43104999542237,57.566917523251185,57.07654572663364,0.49037179661754493,0.64587544062582,53.7505220236122,33.333333333333336,46.49258449603616,-1.8493386121219746,-43.8312170858705,1.3124964896723346,56.057367775058935,59.20863144674283,5.467811311156973,0.2780436723562329,-0.0005281895858997058,-0.035789000056593065,-0.005176708540019191,0.0015282158305931861,0.01838726563018376,-0.433883739117558,-0.9009688679024191,-0.8660254037844386,0.5000000000000001
2011-11-14,57.68999862670898,58.0099983215332,57.27999877929688,57.4900016784668,50.64045333862305,44617600.0,-0.0062425784643694,76.76000213623047,77.6500015258789,76.63999938964844,77.55999755859375,77.55999755859375,0.0,2.0969998836517334,2.0969998836517334,2.026000022888184,2.0429999828338623,2.0429999828338623,0.0,31.420000076293945,32.849998474121094,31.1299991607666,31.1299991607666,31.1299991607666,0.0,-0.006242578464369488,0.012653831853245185,-0.006223134053554014,57.527999496459955,57.64349975585938,55.97699989318848,56.43024999618531,57.555084316361274,57.10717209343609,0.44791222292518285,0.6062827970856927,52.019696182247785,40.692639620314,39.613886694828935,-0.7937861577507308,-55.51941778836864,1.2708895648554766,56.07499002059117,59.21200949112759,5.442104458998505,0.27315601486564495,0.018669292416606222,-0.0005281895858997058,0.007067890090952116,-0.016939467052545776,-0.015589819157101573,0.0,1.0,-0.8660254037844386,0.5000000000000001
2011-11-15,57.31999969482422,58.36000061035156,57.2599983215332,58.130001068115234,51.204200744628906,52203900.0,0.0110708444930738,77.4800033569336,78.08999633789062,77.43000030517578,77.87999725341797,77.87999725341797,0.0,2.009999990463257,2.072999954223633,1.995000004768372,2.056999921798706,2.056999921798706,0.0,31.739999771118164,32.54999923706055,30.39999961853028,31.21999931335449,31.21999931335449,0.0,0.011070844493073865,0.019190549453504017,0.011132353066355627,57.69699974060059,57.6504997253418,56.07379989624023,56.4307500076294,57.64353304740035,57.18293720267158,0.4605958447287648,0.5771454066143071,54.80593113020744,55.303045315604,43.10967275641711,2.9943346607497983,-34.74022917894884,1.2586833308528254,56.07424846272708,59.22675098795653,5.4683004314768935,0.2724556490450851,-0.006242578464369488,0.018669292416606222,0.011444567690010215,-0.026402360906776962,0.012318832798365405,0.7818314824680298,0.6234898018587336,-0.8660254037844386,0.5000000000000001
2011-11-16,57.709999084472656,58.15999984741211,57.060001373291016,57.16999816894531,50.35858154296875,68342800.0,-0.0166525320369115,78.05999755859375,78.38999938964844,77.83000183105469,78.16000366210938,78.16000366210938,0.0,2.0380001068115234,2.052000045776367,2.006999969482422,2.0239999294281006,2.0239999294281006,0.0,32.65999984741211,33.5099983215332,30.540000915527344,33.5099983215332,33.5099983215332,0.0,-0.016652532036911565,0.019060795210046316,-0.01651464507526479,57.72199974060058,57.665499687194824,56.12439987182617,56.426949996948245,57.57068152763803,57.1819787557289,0.3887027719091307,0.5394568796732719,50.10569674402863,48.69083807911171,48.2288410050099,0.43921294455767607,-63.667838795347386,1.2473486982291302,56.11502278373648,59.21597659065317,5.377485366012165,0.2699089762529112,0.011070844493073865,-0.006242578464369488,-0.035789000056593065,0.008468384932872155,-0.01950265012893464,0.9749279121818236,-0.22252093395631434,-0.8660254037844386,0.5000000000000001
2011-11-17,57.02000045776367,57.040000915527344,55.47999954223633,55.83000183105469,49.17822265625,101706900.0,-0.0237181458653621,78.36000061035156,78.47000122070312,77.93000030517578,78.29000091552734,78.29000091552734,0.0,1.9859999418258667,2.039999961853028,1.937999963760376,1.9579999446868896,1.9579999446868896,0.0,33.150001525878906,36.459999084472656,32.88999938964844,34.5099983215332,34.5099983215332,0.0,-0.023718145865362143,0.027358845330886183,-0.023439081295639763,57.49500007629395,57.62749977111817,56.153199920654295,56.4160000038147,57.30288465124059,57.08183231686414,0.2210523343764521,0.475775970613908,44.38389136783845,37.19733247350469,47.06373862274013,-3.9070511233791194,-89.99993460518974,1.2789665502634056,55.9352653875594,59.31973415467694,5.8730099007588255,0.28264138547440926,-0.016652532036911565,0.011070844493073865,-0.0005281895858997058,0.020519167286470817,-0.004934969861569288,0.43388373911755823,-0.900968867902419,-0.8660254037844386,0.5000000000000001
2011-11-18,55.84000015258789,55.900001525878906,55.29999923706055,55.400001525878906,48.79946899414063,60417000.0,-0.0077314650388595,78.30999755859375,78.36000061035156,77.54000091552734,78.0199966430664,78.0199966430664,0.0,2.005000114440918,2.0360000133514404,1.9839999675750728,2.01200008392334,2.01200008392334,0.0,33.15999984741211,33.9900016784668,31.920000076293945,32.0,32.0,0.0,-0.007731465038859588,0.010745026632858139,-0.007701654139817382,57.255000305175784,57.53249988555909,56.19759994506837,56.40080001831055,57.010133401184945,56.95725225827264,0.05288114291230528,0.39119700507358746,42.69884468957343,16.349893291536088,34.07935461471749,-4.152245229862903,-97.28254672485461,1.230469103017331,55.57095570277167,59.49404406834651,6.818908222966953,0.27925678160765577,-0.023718145865362143,-0.016652532036911565,0.018669292416606222,-0.005176708540019191,0.012468022317856067,-0.433883739117558,-0.9009688679024191,-0.8660254037844386,0.5000000000000001
2011-11-21,54.650001525878906,54.72999954223633,53.77999877929688,54.34000015258789,47.8657455444336,52283700.0,-0.0193193072721253,77.9800033569336,78.51000213623047,77.97000122070312,78.30000305175781,78.30000305175781,0.0,1.9570000171661377,1.9739999771118164,1.9429999589920044,1.962000012397766,1.962000012397766,0.0,34.59000015258789,35.290000915527344,32.529998779296875,32.90999984741211,32.90999984741211,0.0,-0.019319307272125337,0.01738336205699068,-0.019133885449022947,56.86800041198731,57.324999809265144,56.20719993591309,56.379600009918214,56.59934367063155,56.76338173192562,-0.16403806129407172,0.2801499918000556,38.78934360839472,7.828924756191047,20.458716840410606,-6.648340478873288,-89.23074440138251,1.2582929347005232,54.954546455413386,59.6954531631169,8.270225422551624,0.2729343864577301,-0.007731465038859588,-0.023718145865362143,-0.006242578464369488,0.007067890090952116,0.020554842613653264,0.0,1.0,-0.8660254037844386,0.5000000000000001
2011-11-22,54.20000076293945,54.68000030517578,53.869998931884766,54.52000045776367,48.02430725097656,51940100.0,0.0033071595319912,78.31999969482422,78.44000244140625,77.9800033569336,78.2300033569336,78.2300033569336,0.0,1.9579999446868896,1.9880000352859497,1.9359999895095823,1.9390000104904173,1.9390000104904173,0.0,33.119998931884766,33.38999938964844,31.280000686645508,31.96999931335449,31.96999931335449,0.0,0.003307159531991203,0.014944674573600254,0.003312634217632171,56.43200035095216,57.18399982452394,56.20599990844727,56.359700012207036,56.27944471480572,56.597205341246955,-0.3177606264412347,0.16056786815179758,39.79737061977041,9.239169431603056,11.13932915977673,-7.404892206621571,-85.7692005789537,1.2262721088855584,54.50226198750299,59.865737661544884,9.37932934124995,0.2670464727686298,-0.019319307272125337,-0.007731465038859588,0.011070844493073865,0.011444567690010215,-0.01985696462315854,0.7818314824680298,0.6234898018587336,-0.8660254037844386,0.5000000000000001
2011-11-23,54.11000061035156,54.16999816894531,53.2599983215332,53.290000915527344,46.94086456298828,48437300.0,-0.0228186750687583,78.2300033569336,79.18000030517578,78.16999816894531,79.0,79.0,0.0,1.924000024795532,1.96399998664856,1.878999948501587,1.878999948501587,1.878999948501587,0.0,32.90999984741211,34.56999969482422,32.68000030517578,33.97999954223633,33.97999954223633,0.0,-0.022818675068758336,0.016817590780770036,-0.022560298107501597,56.08000030517579,56.98499984741211,56.164599914550784,56.33175001144409,55.819530284147504,56.3522272356381,-0.5326969514905926,0.02191490422331953,35.49569896853846,8.508191927249813,8.525428705014638,-6.196092893281614,-99.47547923791434,1.228681396553052,53.78880239443574,60.18119730038848,11.217679956250878,0.27648898161825436,0.003307159531991203,-0.019319307272125337,-0.016652532036911565,-0.035789000056593065,-0.0012217008082387295,0.9749279121818236,-0.22252093395631434,-0.8660254037844386,0.5000000000000001
2011-11-24,54.11000061035156,54.16999816894531,53.2599983215332,53.290000915527344,46.94086456298828,48437300.0,0.0,78.2300033569336,79.18000030517578,78.16999816894531,79.0,79.0,0.0,1.924000024795532,1.96399998664856,1.878999948501587,1.878999948501587,1.878999948501587,0.0,32.90999984741211,34.56999969482422,32.68000030517578,33.97999954223633,33.97999954223633,0.0,0.0,0.016817590780770036,0.0,55.73100051879883,56.70699996948242,56.106799926757816,56.30390001296997,55.4303719197444,56.125395656370635,-0.6950237366262328,-0.12147282394659094,35.49569896853846,5.093280315072533,7.6135472246418,-6.146526838324028,-99.47547923791434,1.2059184287572706,53.23823438170872,60.17576555725611,12.233994355689617,0.2520551059294936,-0.022818675068758336,0.003307159531991203,-0.023718145865362143,-0.0005281895858997058,0.027214842732537364,0.43388373911755823,-0.900968867902419,-0.8660254037844386,0.5000000000000001
2011-11-25,53.060001373291016,53.66999816894531,52.869998931884766,52.880001068115234,46.57969284057617,25448100.0,-0.0077239385230329,79.16999816894531,79.69999694824219,79.12999725341797,79.61000061035156,79.61000061035156,0.0,1.919999957084656,1.968999981880188,1.9129999876022337,1.9670000076293943,1.9670000076293943,0.0,34.61000061035156,34.77000045776367,33.119998931884766,34.470001220703125,34.470001220703125,0.0,-0.007723938523032918,0.015077256244913049,-0.007694185562506339,55.234000778198244,56.40400009155273,56.03259994506836,56.27465002059937,55.03800717333991,55.884996057240606,-0.8469888839006927,-0.2665760359374113,34.07196712741609,0.40424753059565405,4.668573257639333,-8.591179839406836,-99.83629893238434,1.1769242007789331,52.70543567855293,60.10256450455253,13.114546510873122,0.2510327978090714,0.0,-0.022818675068758336,-0.007731465038859588,0.018669292416606222,0.0015282158305931861,-0.433883739117558,-0.9009688679024191,-0.8660254037844386,0.5000000000000001
2011-11-28,54.16999816894531,54.790000915527344,54.13999938964844,54.720001220703125,48.20048522949219,46710700.0,0.0342044178074307,79.23999786376953,79.4000015258789,78.76000213623047,79.29000091552734,79.29000091552734,0.0,2.063999891281128,2.0799999237060547,1.950999975204468,1.9579999446868896,1.9579999446868896,0.0,31.93000030517578,33.11000061035156,29.46999931335449,32.130001068115234,32.130001068115234,0.0,0.03420441780743072,0.011999290157841291,0.03479611586240705,54.95700073242188,56.242500114440915,55.9947999572754,56.254600028991696,54.989083180626565,55.79870014342302,-0.8096169627964542,-0.3751842213092199,44.77706820733908,11.461961758742374,5.653163201470187,-4.8182299128392465,-66.30233655347419,1.2292867469670172,52.546096793566406,59.938903435315424,13.14451993902531,0.28346729753579764,-0.007723938523032918,0.0,-0.019319307272125337,-0.006242578464369488,-0.016939467052545776,0.0,1.0,-0.8660254037844386,0.5000000000000001
2011-11-29,54.68999862670898,55.09999847412109,54.220001220703125,54.380001068115234,47.90099334716797,52056700.0,-0.0062328458692529,79.33999633789062,79.4000015258789,78.5199966430664,79.0,79.0,0.0,1.995000004768372,2.046999931335449,1.965000033378601,1.996000051498413,1.996000051498413,0.0,31.76000022888184,32.02000045776367,30.559999465942383,30.63999938964844,30.63999938964844,0.0,-0.0062328458692529915,0.01609064318001641,-0.0062134619786144984,54.582000732421875,56.13950023651124,55.95519996643067,56.24135004043579,54.895378240240206,55.69361132302985,-0.7982330827896433,-0.4597939936053046,43.37550985548304,20.45531625016103,10.773841846499685,-6.451057854972077,-72.49541576365839,1.204337497427799,52.3525738140508,59.92642665897168,13.491129798115125,0.2699774949489493,0.03420441780743072,-0.007723938523032918,0.003307159531991203,0.011070844493073865,-0.026402360906776962,0.7818314824680298,0.6234898018587336,-0.8660254037844386,0.5000000000000001
2011-11-30,55.86000061035156,56.43999862670898,55.66999816894531,56.38999938964844,49.671512603759766,66918600.0,0.0362953395824587,79.05000305175781,79.37999725341797,77.91999816894531,78.38999938964844,78.38999938964844,0.0,2.059000015258789,2.1070001125335693,2.0450000762939453,2.068000078201294,2.068000078201294,0.0,27.71999931335449,28.5,27.030000686645508,27.799999237060547,27.799999237060547,0.0,0.03629533958245871,0.013784469197105128,0.03696205721162715,54.50400085449219,56.11300029754639,55.97539993286133,56.24050003051758,55.125319955533776,55.74519562426085,-0.6198756687270759,-0.4918103286296589,52.784470639940544,41.772937336841835,24.563405115248415,-1.364349841313393,-35.883435672341925,1.2654560732253664,52.34168519588062,59.88431539921216,13.441858683969446,0.300445851296097,-0.0062328458692529915,0.03420441780743072,-0.022818675068758336,-0.016652532036911565,0.008468384932872155,0.9749279121818236,-0.22252093395631434,-0.8660254037844386,0.5000000000000001
2011-12-01,56.380001068115234,56.93000030517578,56.34999847412109,56.77999877929688,50.01505279541016,45362200.0,0.0068924343071115,78.37000274658203,79.37000274658203,77.91999816894531,78.31999969482422,78.31999969482422,0.0,2.128000020980835,2.140000104904175,2.072000026702881,2.117000102996826,2.117000102996826,0.0,27.6299991607666,27.88999938964844,26.63999938964844,27.40999984741211,27.40999984741211,0.0,0.006892434307111588,0.010287368216860587,0.006916241798209155,54.59900054931641,56.04700031280518,56.03939987182617,56.2401000213623,55.37988592842041,55.821847709819075,-0.4419617813986676,-0.48184061918346066,54.36882358426953,54.28050824629831,38.83625394443372,1.7015886030542302,-28.77962382510474,1.2164950559274612,52.377266668592156,59.71673395701821,13.095200898288192,0.2915841272835806,0.03629533958245871,-0.0062328458692529915,0.0,-0.023718145865362143,0.020519167286470817,0.43388373911755823,-0.900968867902419,-0.5000000000000004,0.8660254037844384
2011-12-02,57.34000015258789,57.34000015258789,56.56999969482422,56.619998931884766,49.874114990234375,36938900.0,-0.0028218855322259,78.30999755859375,78.7699966430664,77.97000122070312,78.62999725341797,78.62999725341797,0.0,2.13100004196167,2.1559998989105225,2.0380001068115234,2.0420000553131104,2.0420000553131104,0.0,26.26000022888184,27.6200008392334,25.290000915527344,27.520000457763672,27.520000457763672,0.0,-0.0028218855322259097,0.013428679032344229,-0.0028179077557370924,54.721000289916994,55.9880002975464,56.088799819946296,56.23495000839233,55.570672544338,55.88097002256468,-0.31029747822667986,-0.4475319909921045,53.57455755225475,67.88097684940385,54.64480747751466,2.2021613220280583,-31.694009954341773,1.1846025846300479,52.39990034601088,59.57610024908192,12.817389199352286,0.29127235926415546,0.006892434307111588,0.03629533958245871,-0.007723938523032918,-0.007731465038859588,-0.005176708540019191,-0.433883739117558,-0.9009688679024191,-0.5000000000000004,0.8660254037844384
2011-12-05,57.470001220703125,57.619998931884766,56.91999816894531,57.2400016784668,50.42024993896485,40492200.0,0.010890748390927,78.56999969482422,78.68000030517578,78.19000244140625,78.61000061035156,78.61000061035156,0.0,2.0820000171661377,2.109999895095825,2.0420000553131104,2.053999900817871,2.053999900817871,0.0,26.739999771118164,28.309999465942383,26.0,27.84000015258789,27.84000015258789,0.0,0.010890748390927036,0.012180280982616079,0.010950268467669222,55.01100044250489,55.9395004272461,56.13799987792969,56.23230001449585,55.82749241112705,55.98163903411299,-0.15414662298594095,-0.3888549173908718,56.24221529386688,74.04503316536716,65.40217275368977,5.336771287699006,-17.39126672445199,1.1714166857279016,52.45307939714615,59.42592145734606,12.464970203423002,0.2929932408309413,-0.0028218855322259097,0.006892434307111588,0.03420441780743072,-0.019319307272125337,0.007067890090952116,0.0,1.0,-0.5000000000000004,0.8660254037844384
2011-12-06,57.290000915527344,57.45000076293945,56.88999938964844,57.08000183105469,50.27930450439453,38670000.0,-0.0027993277108235,78.58999633789062,78.87999725341797,78.44999694824219,78.51000213623047,78.51000213623047,0.0,2.068000078201294,2.095999956130981,2.053999900817871,2.0929999351501465,2.0929999351501465,0.0,27.90999984741211,28.1299991607666,27.40999984741211,28.1299991607666,28.1299991607666,0.0,-0.0027993277108235683,0.009774853627890902,-0.002795413246482026,55.26700057983399,55.84950046539307,56.17259994506836,56.23350002288819,56.02018616803899,56.06299924129385,-0.04281307325486239,-0.3196465485636699,55.35818621955286,79.8487877679103,73.9249325942271,4.695527057587305,-11.368360017475332,1.1277441634109813,52.597648372352715,59.101352558433426,11.645053459539367,0.2894128308289353,0.010890748390927036,-0.0028218855322259097,-0.0062328458692529915,0.003307159531991203,0.011444567690010215,0.7818314824680298,0.6234898018587336,-0.5000000000000004,0.8660254037844384
2011-12-07,56.91999816894531,57.34000015258789,56.34999847412109,57.08000183105469,50.27930450439453,44576200.0,0.0,78.5199966430664,78.87000274658203,78.27999877929688,78.4800033569336,78.4800033569336,0.0,2.072999954223633,2.086999893188477,2.013999938964844,2.0169999599456787,2.0169999599456787,0.0,28.61000061035156,29.57999992370605,28.440000534057617,28.670000076293945,28.670000076293945,0.0,0.0,0.017392862092657866,0.0,55.64600067138672,55.86300048828125,56.22360000610351,56.233200035095216,56.183234731579866,56.13833276646132,0.04490196511854805,-0.24673684582722633,55.35818621955286,86.62400441353245,80.17260844893663,7.112030118999368,-11.368360017475332,1.1179054144863971,52.5921724498477,59.1338285267148,11.710176717484742,0.25960736687755076,-0.0027993277108235683,0.010890748390927036,0.03629533958245871,-0.022818675068758336,-0.035789000056593065,0.9749279121818236,-0.22252093395631434,-0.5000000000000004,0.8660254037844384
2011-12-08,56.709999084472656,57.150001525878906,56.0099983215332,56.119998931884766,49.43368148803711,51692600.0,-0.0169615478112499,78.45999908447266,79.01000213623047,78.0999984741211,78.80999755859375,78.80999755859375,0.0,2.059000015258789,2.095999956130981,1.972000002861023,1.972000002861023,1.972000002861023,0.0,29.6299991607666,30.90999984741211,29.020000457763672,30.59000015258789,30.59000015258789,0.0,-0.016961547811249915,0.020102331559688543,-0.016818510611727233,55.92900047302246,55.830000495910646,56.268399963378904,56.222450027465825,56.173506147011395,56.136974704640835,0.03653144237055983,-0.19008318818766912,49.900241639834135,81.89477753220943,82.78918990455072,5.310561020337368,-31.57894736842105,1.1194838280477761,52.58491080888067,59.07509018294062,11.624895784364773,0.2667063353216404,0.0,-0.0027993277108235683,0.006892434307111588,0.0,-0.0005281895858997058,0.43388373911755823,-0.900968867902419,-0.5000000000000004,0.8660254037844384
2011-12-09,56.2599983215332,57.18999862670898,56.2400016784668,57.02000045776367,50.22646713256836,55757900.0,0.0159101181105818,78.79000091552734,79.0999984741211,78.0999984741211,78.62999725341797,78.62999725341797,0.0,1.996000051498413,2.059000015258789,1.972000002861023,2.052000045776367,2.052000045776367,0.0,29.61000061035156,29.61000061035156,26.290000915527344,26.3799991607666,26.3799991607666,0.0,0.015910118110581867,0.016885833213375237,0.01603735794436245,56.343000411987305,55.788500595092785,56.35899993896484,56.21770002365113,56.303736040973284,56.202384019686974,0.10135202128630993,-0.1317961462928733,54.43575862445594,81.47371526350054,83.3308324030808,7.829045586280652,-12.631546823601969,1.1159492471032357,52.63216538319034,58.94483580699523,11.315361331579071,0.2642328275839228,-0.016961547811249915,0.0,-0.0028218855322259097,-0.007723938523032918,0.018669292416606222,-0.433883739117558,-0.9009688679024191,-0.5000000000000004,0.8660254037844384
2011-12-12,56.41999816894531,57.0099983215332,55.900001525878906,56.380001068115234,49.6627197265625,55411700.0,-0.0112875759484699,78.72000122070312,79.63999938964844,78.62999725341797,79.56999969482422,79.56999969482422,0.0,2.0280001163482666,2.0299999713897705,1.9889999628067017,2.009000062942505,2.009000062942505,0.0,26.780000686645508,27.729999542236328,25.63999938964844,25.670000076293945,25.670000076293945,0.0,-0.011287575948469939,0.01967381835657806,-0.011224110278708177,56.50900039672852,55.7330005645752,56.463799972534176,56.213650035858166,56.315469122072045,56.21554083808907,0.09992828398297604,-0.08545126023770344,50.906485424101994,76.56142920778508,79.97664066783167,3.0336253844673786,-26.105218184621716,1.1162385103019166,52.664834348597566,58.80116678055283,11.01023158594411,0.26622997579267466,0.015910118110581867,-0.016961547811249915,0.010890748390927036,0.03420441780743072,-0.006242578464369488,0.0,1.0,-0.5000000000000004,0.8660254037844384
2011-12-13,56.75,56.97999954223633,55.52999877929688,55.7599983215332,49.11658477783203,68557700.0,-0.0110577922437569,79.55999755859375,80.38999938964844,79.29000091552734,80.25,80.25,0.0,2.0439999103546143,2.059000015258789,1.9490000009536743,1.962000012397766,1.962000012397766,0.0,24.71999931335449,26.280000686645508,23.270000457763672,25.40999984741211,25.40999984741211,0.0,-0.011057792243756961,0.025550674236818432,-0.01099687958568174,56.64700012207031,55.6145004272461,56.53519996643066,56.2053500366211,56.2300120758353,56.18179694797382,0.04821512786147508,-0.058717982617867745,47.68134775198084,74.03510913514253,77.3567512021427,2.537692582406193,-39.157907586348685,1.1400786712045974,52.760543599627184,58.468457254865015,10.263355080757801,0.2645328560166095,-0.011287575948469939,0.015910118110581867,-0.0027993277108235683,-0.0062328458692529915,0.011070844493073865,0.7818314824680298,0.6234898018587336,-0.5000000000000004,0.8660254037844384
2011-12-14,55.54999923706055,55.59000015258789,54.58000183105469,54.88999938964844,48.3502311706543,63682800.0,-0.0157257502027854,80.25,80.7300033569336,80.12000274658203,80.52999877929688,80.52999877929688,0.0,1.963000059127808,1.9700000286102293,1.8980000019073489,1.901000022888184,1.901000022888184,0.0,26.15999984741211,27.549999237060547,25.76000022888184,26.040000915527344,26.040000915527344,0.0,-0.015725750202785486,0.018181788216108132,-0.015602746213812857,56.49700012207032,55.50050048828125,56.5623999786377,56.19465003967285,56.02385627796039,56.08610823994972,-0.06225196198933247,-0.05942477849216069,43.51527661237049,59.08773321854441,69.89475718715734,-2.6600461362575514,-57.47367457339638,1.1429299440098772,52.7271502709276,58.27385070563489,9.993964713666786,0.2638754103295778,-0.011057792243756961,-0.011287575948469939,0.0,0.03629533958245871,-0.016652532036911565,0.9749279121818236,-0.22252093395631434,-0.5000000000000004,0.8660254037844384
2011-12-15,55.36000061035156,55.41999816894531,54.65999984741211,54.7400016784668,48.21809768676758,58732900.0,-0.0027365818154061,80.51000213623047,80.62000274658203,80.11000061035156,80.23999786376953,80.23999786376953,0.0,1.902999997138977,1.9420000314712524,1.8960000276565552,1.9129999876022337,1.9129999876022337,0.0,24.3799991607666,25.280000686645508,23.8799991607666,25.11000061035156,25.11000061035156,0.0,-0.002736581815406192,0.013728293228939991,-0.002732840788709945,56.29300041198731,55.446000480651854,56.568600006103516,56.18765005111695,55.82634018573061,55.98639664280284,-0.16005645707222982,-0.07955111420817453,42.82060184825656,40.20328839640147,57.77537691669613,-3.592809342528392,-82.75855265105052,1.1155776852615433,52.65711760406899,58.234883357234715,10.059816226261638,0.25121499956548055,-0.015725750202785486,-0.011057792243756961,-0.016961547811249915,0.006892434307111588,-0.023718145865362143,0.43388373911755823,-0.900968867902419,-0.5000000000000004,0.8660254037844384
2011-12-16,54.869998931884766,55.61000061035156,54.77000045776367,54.86000061035156,48.466339111328125,60978900.0,0.0051350967803241,80.20999908447266,80.61000061035156,79.93000030517578,80.25,80.25,0.0,1.924999952316284,1.924999952316284,1.8350000381469729,1.8539999723434448,1.8539999723434448,0.0,24.15999984741211,25.020000457763672,23.51000022888184,24.290000915527344,24.290000915527344,0.0,0.0051350967803241885,0.01530891505266222,0.005148303986879821,56.11700057983399,55.419000434875485,56.584400024414066,56.179500045776365,55.677672558749215,55.9029598996583,-0.22528734090908387,-0.1086983595483564,43.59635645735072,26.197098969152147,41.829373528032676,-3.1084393407540043,-81.17647586809666,1.0980363457346307,52.61781378909483,58.22018708065614,10.109120062792945,0.25078393469704835,-0.002736581815406192,-0.015725750202785486,0.015910118110581867,-0.0028218855322259097,-0.007731465038859588,-0.433883739117558,-0.9009688679024191,-0.5000000000000004,0.8660254037844384
2011-12-19,55.06999969482422,55.20000076293945,54.16999816894531,54.31999969482422,47.98927307128906,46733900.0,-0.0098920097936727,80.19000244140625,80.48999786376953,80.11000061035156,80.25,80.25,0.0,1.8580000400543213,1.878000020980835,1.8009999990463257,1.812999963760376,1.812999963760376,0.0,25.13999938964844,25.3799991607666,24.3799991607666,24.920000076293945,24.920000076293945,0.0,-0.009892009793672746,0.018703515520283286,-0.009843244791879813,55.825000381469735,55.41800041198731,56.55200004577637,56.169650039672845,55.46879981045306,55.78570358818911,-0.3169037777360444,-0.150339443185894,40.90679171254972,13.470946944895825,26.623778103483147,-5.101331058732407,-95.65213064616535,1.0931767920388815,52.61517805687845,58.220822767096166,10.115205652575614,0.24344780620584672,0.0051350967803241885,-0.002736581815406192,-0.011287575948469939,0.010890748390927036,-0.019319307272125337,0.0,1.0,-0.5000000000000004,0.8660254037844384
2011-12-20,55.20000076293945,56.0,55.16999816894531,55.93000030517578,49.41164779663086,81758800.0,0.0292086735062232,80.30999755859375,80.48999786376953,79.58999633789062,79.87999725341797,79.87999725341797,0.0,1.847000002861023,1.9290000200271609,1.847000002861023,1.924999952316284,1.924999952316284,0.0,23.559999465942383,23.57999992370605,22.540000915527344,23.21999931335449,23.21999931335449,0.0,0.02920867350622328,0.015036264847516809,0.029639430529169175,55.710000228881846,55.48850040435791,56.5442000579834,56.1718500328064,55.5397537327181,55.79639223389182,-0.25663850117372533,-0.17159925478346028,50.676881667929464,24.72864562587779,21.46556384664192,-2.014718796405577,-48.98545660810463,1.135092757262946,52.70995676927553,58.267044039440286,10.014844931236093,0.2643931579714244,-0.009892009793672746,0.0051350967803241885,-0.011057792243756961,-0.0027993277108235683,0.003307159531991203,0.7818314824680298,0.6234898018587336,-0.5000000000000004,0.8660254037844384
2011-12-21,55.59999847412109,55.63999938964844,54.4900016784668,55.130001068115234,48.70488739013672,78552300.0,-0.0144067996176734,79.66999816894531,80.0999984741211,79.23999786376953,80.0199966430664,80.0199966430664,0.0,1.9079999923706048,1.9789999723434448,1.8969999551773071,1.9670000076293943,1.9670000076293943,0.0,22.520000457763672,23.940000534057617,21.1200008392334,21.43000030517578,21.43000030517578,0.0,-0.0144067996176734,0.020683412639245034,-0.014303518259561665,55.5150001525879,55.5805004119873,56.51480010986328,56.176750030517574,55.47671486124074,55.74702992531578,-0.27031506407504224,-0.19134241664177667,46.55778905344552,27.729525860877466,21.97637281055036,-3.416259110697058,-72.17383516309762,1.1568717479376631,52.99319174239128,58.16780908158332,9.31013089273303,0.2557066888830822,0.02920867350622328,-0.009892009793672746,-0.015725750202785486,0.0,-0.022818675068758336,0.9749279121818236,-0.22252093395631434,-0.5000000000000004,0.8660254037844384
2011-12-22,55.25,55.630001068115234,55.16999816894531,55.59999847412109,49.120113372802734,40334100.0,0.00848920977435,80.02999877929688,80.12999725341797,79.63999938964844,79.91999816894531,79.91999816894531,0.0,1.955999970436096,1.965000033378601,1.919999957084656,1.950999975204468,1.950999975204468,0.0,21.07999992370605,21.32999992370605,20.34000015258789,21.15999984741211,21.15999984741211,0.0,0.008489209774350054,0.008325844328867365,0.008525345297279108,55.46300010681153,55.69600028991699,56.48440010070801,56.181500015258784,55.495681570914634,55.736138706708765,-0.24045713579413075,-0.20116536047224748,49.17168306806924,40.09666109020699,30.851610858987414,-0.9265867207068654,-58.55072495817676,1.1099523373706872,53.343645276609756,58.04835530322422,8.447123675173831,0.2566682371533254,-0.0144067996176734,0.02920867350622328,-0.002736581815406192,-0.016961547811249915,0.0,0.43388373911755823,-0.900968867902419,-0.5000000000000004,0.8660254037844384
2011-12-23,55.709999084472656,56.08000183105469,55.58000183105469,56.08000183105469,49.54415130615234,26594600.0,0.008595625691943,79.9000015258789,80.05999755859375,79.72000122070312,80.01000213623047,80.01000213623047,0.0,1.972000002861023,2.0369999408721924,1.9579999446868896,2.0299999713897705,2.0299999713897705,0.0,21.100000381469727,21.209999084472656,20.71999931335449,20.729999542236328,20.729999542236328,0.0,0.00859562569194301,0.00897504951026572,0.008632674157962983,55.36900024414062,55.85600032806396,56.44240013122558,56.18965002059936,55.58557699555156,55.76161004925291,-0.17603305370134592,-0.19613889911806717,51.76638155129061,42.50240426425607,36.776197071780174,-1.6485419487242339,-41.768227085957385,1.066384313272781,53.90987963411282,57.80212102201511,6.968349622317467,0.25477126428708935,0.008489209774350054,-0.0144067996176734,0.0051350967803241885,0.015910118110581867,-0.007723938523032918,-0.433883739117558,-0.9009688679024191,-0.5000000000000004,0.8660254037844384
2011-12-26,55.709999084472656,56.08000183105469,55.58000183105469,56.08000183105469,49.54415130615234,26594600.0,0.0,79.9000015258789,80.05999755859375,79.72000122070312,80.01000213623047,80.01000213623047,0.0,1.972000002861023,2.0369999408721924,1.9579999446868896,2.0299999713897705,2.0299999713897705,0.0,21.100000381469727,21.209999084472656,20.71999931335449,20.729999542236328,20.729999542236328,0.0,0.0,0.00897504951026572,0.0,55.33900032043457,55.92400035858155,56.41840019226075,56.192550029754635,55.66164235485974,55.785194625682664,-0.12355227082292686,-0.18162157345903912,51.766381551290614,53.311163902389,45.30340975228402,-0.5321022195407626,-39.74755624869886,1.025928290896154,54.05135601621837,57.79664470094473,6.697104392947179,0.22674758124650288,0.00859562569194301,0.008489209774350054,-0.009892009793672746,-0.011287575948469939,0.03420441780743072,0.0,1.0,-0.5000000000000004,0.8660254037844384
2011-12-27,55.9900016784668,56.41999816894531,55.93000030517578,56.2400016784668,49.72895812988281,21443500.0,0.0037232043655496,79.93000030517578,80.05000305175781,79.7699966430664,79.79000091552734,79.79000091552734,0.0,2.0299999713897705,2.0309998989105225,2.002000093460083,2.009000062942505,2.009000062942505,0.0,22.57999992370605,22.65999984741211,21.68000030517578,21.90999984741211,21.90999984741211,0.0,0.0037232043655496838,0.008751524362928883,0.0037301441009349734,55.38700065612793,56.01700038909913,56.383400192260744,56.19675003051758,55.75062071233775,55.81888403700001,-0.06826332466226148,-0.15894992369968358,52.699826190514884,62.342456280896464,52.71867481584718,0.8608381839714434,-31.456847822654332,0.9876475461013953,54.28797706464768,57.746023713550585,6.1732092487691315,0.2250650286267607,0.0,0.00859562569194301,0.02920867350622328,-0.011057792243756961,-0.0062328458692529915,0.7818314824680298,0.6234898018587336,-0.5000000000000004,0.8660254037844384
2011-12-28,56.16999816894531,56.2599983215332,55.43999862670898,55.59000015258789,49.15422058105469,38180100.0,-0.0116247076300155,79.80999755859375,80.5999984741211,79.69999694824219,80.48999786376953,80.48999786376953,0.0,2.006999969482422,2.009000062942505,1.9079999923706048,1.9079999923706048,1.9079999923706048,0.0,22.1200008392334,23.559999465942383,22.11000061035156,23.520000457763672,23.520000457763672,0.0,-0.011624707630015574,0.014598535188800821,-0.011557401772364084,55.457000732421875,55.9770004272461,56.357800216674796,56.19615003585815,55.72590985699162,55.80192967519171,-0.07601981820008774,-0.14236390259976442,48.58614478720049,58.60517401156263,58.08626473161603,1.2752792325070865,-52.9800738939589,0.9756726995815974,54.24729531839896,57.70670553609323,6.180056436197402,0.18929285274140556,0.0037232043655496838,0.0,-0.0144067996176734,-0.015725750202785486,0.03629533958245871,0.9749279121818236,-0.22252093395631434,-0.5000000000000004,0.8660254037844384
2011-12-29,55.68000030517578,56.02999877929688,55.5,55.9900016784668,49.507904052734375,28077900.0,0.0071696203185818,80.6500015258789,80.8499984741211,79.69999694824219,80.4800033569336,80.4800033569336,0.0,1.914000034332276,1.940999984741211,1.8849999904632568,1.8969999551773071,1.8969999551773071,0.0,23.520000457763672,23.520000457763672,22.64999961853028,22.64999961853028,22.64999961853028,0.0,0.007169620318581875,0.009518656185201486,0.007195383580469228,55.58200073242188,55.93750057220459,56.34580024719237,56.192600040435785,55.766539367987804,55.81586093469357,-0.04932156670576404,-0.12375543542096436,51.11502812751946,59.88256848573107,60.27673292606339,2.283522034475413,-35.91537282619354,0.9438388481326893,54.24942556856179,57.62557557584739,6.035575370278906,0.1894393810235676,-0.011624707630015574,0.0037232043655496838,0.008489209774350054,-0.002736581815406192,0.006892434307111588,0.43388373911755823,-0.900968867902419,-0.5000000000000004,0.8660254037844384
2011-12-30,55.869998931884766,56.119998931884766,55.81999969482422,55.83000183105469,49.36643600463867,21832400.0,-0.0028615744903913,80.4000015258789,80.8499984741211,79.9800033569336,80.16999816894531,80.16999816894531,0.0,1.9040000438690183,1.9040000438690183,1.85699999332428,1.871000051498413,1.871000051498413,0.0,22.86000061035156,23.459999084472656,22.64999961853028,23.39999961853028,23.39999961853028,0.0,-0.002861574490391322,0.0053695944656504836,-0.0028574840887025665,55.679000854492195,55.898000717163086,56.316400299072264,56.187550048828115,55.77630282384425,55.816908408498094,-0.04060558465384645,-0.10712546526754078,50.05447090928657,56.726462609771005,58.40473503568823,1.7681392816464807,-40.92516545053453,0.8978503044846791,54.240473454067214,57.55552798025896,5.9305422084154795,0.18944585855993687,0.007169620318581875,-0.011624707630015574,0.00859562569194301,0.0051350967803241885,-0.0028218855322259097,-0.433883739117558,-0.9009688679024191,-0.5000000000000004,0.8660254037844384
2012-01-02,55.869998931884766,56.119998931884766,55.81999969482422,55.83000183105469,49.36643600463867,21832400.0,0.0,80.4000015258789,80.8499984741211,79.9800033569336,80.16999816894531,80.16999816894531,0.0,1.9040000438690183,1.9040000438690183,1.85699999332428,1.871000051498413,1.871000051498413,0.0,22.86000061035156,23.459999084472656,22.64999961853028,23.39999961853028,23.39999961853028,0.0,0.0,0.0053695944656504836,0.0,55.83000106811524,55.827500724792486,56.26320030212402,56.18405006408691,55.78456420956893,55.81787829165043,-0.033314082081503216,-0.09236318863033328,50.05447090928657,65.64580075382212,60.7516106164414,2.779827217808962,-26.222059461805557,0.8551466568115268,54.295086992529036,57.359914457055936,5.489816711722933,0.18463522828522408,-0.002861574490391322,0.007169620318581875,0.0,-0.009892009793672746,0.010890748390927036,0.0,1.0,0.0,1.0
2012-01-03,56.90999984741211,57.18999862670898,56.75,56.900001525878906,50.31256103515625,39514100.0,0.0189840081290416,80.2300033569336,80.38999938964844,79.51000213623047,79.61000061035156,79.61000061035156,0.0,1.950999975204468,1.965000033378601,1.914000034332276,1.9600000381469729,1.9600000381469729,0.0,22.950000762939453,23.100000381469727,22.540000915527344,22.96999931335449,22.96999931335449,0.0,0.018984008129041673,0.0077314817762907705,0.019165350126322256,55.92700119018555,55.818500709533694,56.25440032958985,56.18315006256103,55.956169950539696,55.89803556825994,0.05813438227975354,-0.062263674448315924,56.97775319279314,74.41674117852372,65.59633484737228,1.7343129186669444,-9.602551552088713,0.8912073810145813,54.31522252229437,57.32177889677302,5.386308009460983,0.19764046066853316,0.0,-0.002861574490391322,0.0037232043655496838,0.02920867350622328,-0.0027993277108235683,0.7818314824680298,0.6234898018587336,0.0,1.0
2012-01-04,56.810001373291016,57.220001220703125,56.560001373291016,57.13999938964844,50.52477264404297,29403400.0,0.0042089951098956,79.6500015258789,80.31999969482422,79.55000305175781,80.08999633789062,80.08999633789062,0.0,1.937000036239624,2.01200008392334,1.932999968528748,1.995000004768372,1.995000004768372,0.0,23.440000534057617,23.729999542236328,22.21999931335449,22.21999931335449,22.21999931335449,0.0,0.0042089951098956005,0.0116176699781318,0.004217865370407914,56.12800102233888,55.821500587463376,56.251800308227544,56.18210006713867,56.138297556556424,55.99003288836279,0.14826466819363304,-0.02015800591992613,58.371595345959044,87.18412691879121,75.74888961704568,3.6459246918021515,-2.6230082297320934,0.8746925571858334,54.30742216978449,57.335579005142264,5.424714139694505,0.1981950492299231,0.018984008129041673,0.0,-0.011624707630015574,-0.0144067996176734,0.0,0.9749279121818236,-0.22252093395631434,0.0,1.0
2012-01-05,57.02000045776367,57.65999984741211,56.79999923706055,57.61000061035156,50.94036865234375,41260600.0,0.0081919431075001,80.1500015258789,81.01000213623047,80.08999633789062,80.94000244140625,80.94000244140625,0.0,1.991000056266785,2.0209999084472656,1.944000005722046,1.993000030517578,1.993000030517578,0.0,22.75,23.09000015258789,21.34000015258789,21.479999542236328,21.479999542236328,0.0,0.008191943107500111,0.015082437801602427,0.008225588885450996,56.32900123596192,55.89600067138672,56.22700035095215,56.183000068664555,56.36471341098645,56.110030497398995,0.25468291358745176,0.03481017798154945,61.03404913634102,95.44726600382359,85.68271136704617,3.6151118550228514,-1.432642206708401,0.873643132411957,54.186110879256866,57.60589046351658,6.118111391125531,0.18913897565946672,0.0042089951098956005,0.018984008129041673,0.007169620318581875,0.008489209774350054,-0.016961547811249915,0.43388373911755823,-0.900968867902419,0.0,1.0
2012-01-06,57.619998931884766,57.93999862670898,57.400001525878906,57.810001373291016,51.11721420288086,46325200.0,0.0034656068189898,80.9000015258789,81.37000274658203,80.77999877929688,81.23999786376953,81.23999786376953,0.0,2.003000020980835,2.0439999103546143,1.94599997997284,1.9609999656677248,1.9609999656677248,0.0,21.239999771118164,21.71999931335449,20.57999992370605,20.6299991607666,20.6299991607666,0.0,0.003465606818989873,0.00937169577993964,0.003471618977554769,56.50200119018555,55.935500717163094,56.204400405883796,56.18475008010865,56.587065405187154,56.23595426598359,0.3511111392035673,0.09807037022595302,62.14360436158711,97.39210329983958,93.3411654074848,3.08487782765786,-3.7680396640407787,0.8498112730132509,54.08552189363536,57.78547954069083,6.614685842832163,0.18157194665313373,0.008191943107500111,0.0042089951098956005,-0.002861574490391322,0.00859562569194301,0.015910118110581867,-0.433883739117558,-0.9009688679024191,0.0,1.0
2012-01-09,57.959999084472656,57.97999954223633,57.43000030517578,57.619998931884766,50.94919967651367,39195500.0,-0.0032922618075843,81.43000030517578,81.5,80.91999816894531,81.05000305175781,81.05000305175781,0.0,1.975000023841858,1.9859999418258667,1.919000029563904,1.9600000381469729,1.9600000381469729,0.0,21.670000076293945,21.780000686645508,21.0,21.06999969482422,21.06999969482422,0.0,-0.00329226180758431,0.009489289954248642,-0.0032868482562518064,56.65600090026855,55.997500610351565,56.197800369262694,56.18650007247925,56.74597825544832,56.33847609308737,0.4075021623609487,0.15995672865295218,60.384461719685774,94.82803602676822,95.8891351101438,2.7460717734450824,-10.315210048946199,0.8283961275880578,54.00701922113271,57.98798199957042,7.109179400949554,0.17661673983869589,0.003465606818989873,0.008191943107500111,0.0,0.0,-0.011287575948469939,0.0,1.0,0.0,1.0
2012-01-10,58.22999954223633,58.400001525878906,57.63999938964844,58.040000915527344,51.32057571411133,35949900.0,0.0072627062803068,80.91999816894531,81.47000122070312,80.70999908447266,80.80000305175781,80.80000305175781,0.0,1.9889999628067017,2.009000062942505,1.9529999494552608,1.972000002861023,1.972000002861023,0.0,20.13999938964844,20.690000534057617,20.049999237060547,20.690000534057617,20.690000534057617,0.0,0.007262706280306838,0.013051728356604429,0.0072891436952022826,56.836000823974615,56.11150074005127,56.229800415039065,56.19110008239746,56.945058664691246,56.46451496882367,0.48054369586757417,0.2240741220958766,62.88552555150122,91.59041071276162,94.6035166797898,3.200567537944672,-11.145518148728161,0.8249394466170638,53.92662178004383,58.29637970005871,7.787633305797203,0.17154387779689528,-0.00329226180758431,0.003465606818989873,0.018984008129041673,0.0037232043655496838,-0.011057792243756961,0.7818314824680298,0.6234898018587336,0.0,1.0
2012-01-11,58.02999877929688,58.290000915527344,57.810001373291016,58.15999984741211,51.42668533325195,37144100.0,0.0020654498384032,80.98999786376953,81.48999786376953,80.70999908447266,81.3499984741211,81.3499984741211,0.0,1.950999975204468,1.950999975204468,1.8980000019073489,1.9040000438690183,1.9040000438690183,0.0,21.18000030517578,21.21999931335449,20.979999542236328,21.049999237060547,21.049999237060547,0.0,0.002065449838403289,0.008271575949223965,0.0020675843492428125,57.09300079345704,56.275000762939456,56.2546004486084,56.19560009002686,57.131972692802144,56.590106441311704,0.5418662514904398,0.28763254797478927,63.59275087393726,90.14370497692892,92.18738390548624,4.62313309546659,-8.108156871538885,0.8003008820184397,53.98798044332434,58.56202108255457,8.128015241614213,0.1579817346242367,0.007262706280306838,-0.00329226180758431,0.0042089951098956005,-0.011624707630015574,-0.015725750202785486,0.9749279121818236,-0.22252093395631434,0.0,1.0
2012-01-12,58.290000915527344,58.470001220703125,57.86000061035156,58.38999938964844,51.63006210327149,26188300.0,0.003946894096599,81.25,81.48999786376953,80.69000244140625,80.7699966430664,80.7699966430664,0.0,1.919000029563904,1.9420000314712524,1.8919999599456787,1.932999968528748,1.932999968528748,0.0,21.01000022888184,22.030000686645508,20.459999084472656,20.46999931335449,20.46999931335449,0.0,0.003946894096599025,0.010464927101915175,0.003954693340658233,57.3330005645752,56.45750064849854,56.260400466918945,56.20145008087158,57.32551526154773,56.723431844892204,0.6020834166555247,0.35052272171093635,64.97053832540968,92.70200092762401,91.47870553910485,4.286475512117471,-2.640322196860867,0.7867080054708057,54.10464943021053,58.81035186678655,8.334946433200217,0.15648987738057946,0.002065449838403289,0.007262706280306838,0.008191943107500111,0.007169620318581875,-0.002736581815406192,0.43388373911755823,-0.900968867902419,0.0,1.0
2012-01-13,58.08000183105469,58.20000076293945,57.68000030517578,58.18000030517578,51.44436264038086,35980400.0,-0.0036032151383087,80.81999969482422,81.77999877929688,80.52999877929688,81.43000030517578,81.43000030517578,0.0,1.9049999713897705,1.9049999713897705,1.8359999656677248,1.8530000448226929,1.8530000448226929,0.0,21.40999984741211,22.43000030517578,20.90999984741211,20.90999984741211,20.90999984741211,0.0,-0.0036032151383087367,0.008953175643421447,-0.0035967313484766006,57.56800041198731,56.62350063323975,56.268000488281245,56.20760007858276,57.456974499028966,56.83132580491321,0.6256486941157533,0.4055479161918998,62.63966382482593,93.22684727140572,92.02418439198621,4.209203648662498,-9.570979117383027,0.7812287968280808,54.27674718220017,58.97025408427933,8.288973393714782,0.1582823145142395,0.003946894096599025,0.002065449838403289,0.003465606818989873,-0.002861574490391322,0.0051350967803241885,-0.433883739117558,-0.9009688679024191,0.0,1.0
2012-01-16,58.08000183105469,58.20000076293945,57.68000030517578,58.18000030517578,51.44436264038086,35980400.0,0.0,80.81999969482422,81.77999877929688,80.52999877929688,81.43000030517578,81.43000030517578,0.0,1.9049999713897705,1.9049999713897705,1.8359999656677248,1.8530000448226929,1.8530000448226929,0.0,21.40999984741211,22.43000030517578,20.90999984741211,20.90999984741211,20.90999984741211,0.0,0.0,0.008953175643421447,0.0,57.803000259399425,56.81650066375733,56.26740051269531,56.214700088500976,57.56820923843617,56.93122761974748,0.6369816186886865,0.4518346566912572,62.63966382482593,92.73923985612434,92.88936268505135,4.209203648662498,-9.570979117383027,0.7625696297520516,54.63857116513037,58.99443016238429,7.6665386751501865,0.15135460319316937,-0.0036032151383087367,0.003946894096599025,-0.00329226180758431,0.0,-0.009892009793672746,0.0,1.0,0.0,1.0
2012-01-17,58.68999862670898,58.959999084472656,58.4900016784668,58.709999084472656,51.91301345825195,41790800.0,0.0090686131433859,81.41999816894531,81.69999694824219,80.7699966430664,81.18000030517578,81.18000030517578,0.0,1.899999976158142,1.9049999713897705,1.8459999561309808,1.850000023841858,1.850000023841858,0.0,20.89999961853028,22.25,20.690000534057617,22.200000762939453,22.200000762939453,0.0,0.009068613143385985,0.008008134554495804,0.009109857597948468,57.9840000152588,56.955500602722175,56.26400047302246,56.226400089263905,57.74386921474948,57.06298846898639,0.6808807457630905,0.4976438745056239,66.1900366462868,91.21086877578281,92.39231863443761,3.1810149561604812,-7.225435437885464,0.7638145690052534,54.66391076146891,59.24709044397544,8.046948291219959,0.11946413289882532,0.0,-0.0036032151383087367,0.007262706280306838,0.018984008129041673,0.02920867350622328,0.7818314824680298,0.6234898018587336,0.0,1.0
2012-01-18,58.81999969482422,59.4900016784668,58.68000030517578,59.4900016784668,52.60271453857422,48692700.0,0.0131982258609352,81.08000183105469,81.44999694824219,80.47000122070312,80.5999984741211,80.5999984741211,0.0,1.85699999332428,1.9040000438690183,1.8359999656677248,1.8969999551773071,1.8969999551773071,0.0,23.200000762939453,23.440000534057617,20.780000686645508,20.88999938964844,20.88999938964844,0.0,0.013198225860935288,0.013770849668370375,0.013285706884978321,58.21900024414063,57.17350063323975,56.31760047912598,56.23960010528564,58.0125049783983,57.2427672252442,0.7697377531540965,0.5520626502353185,70.61575331489705,94.40119514824383,92.78376792671699,4.11270968484485,0.0,0.7671136264542364,54.785599511751194,59.5614017547283,8.353174442847624,0.10731152099021822,0.009068613143385985,0.0,0.002065449838403289,0.0042089951098956005,-0.0144067996176734,0.9749279121818236,-0.22252093395631434,0.0,1.0
2012-01-19,59.7599983215332,59.970001220703125,59.650001525878906,59.86000061035156,52.92988586425781,47774500.0,0.0062004039057017,80.4800033569336,81.12000274658203,80.04000091552734,80.20999908447266,80.20999908447266,0.0,1.9259999990463257,1.9980000257492063,1.9170000553131104,1.972000002861023,1.972000002861023,0.0,20.489999771118164,20.8700008392334,19.450000762939453,19.8700008392334,19.8700008392334,0.0,0.006200403905701704,0.005354747386412056,0.006219666200756091,58.444000244140625,57.38650074005126,56.37920051574707,56.25515010833739,58.296735075621875,57.43663636488178,0.8600987107400968,0.6136698623362742,72.45750586379492,96.70798280659744,94.10668224354136,3.9055719079366096,-2.650616142322171,0.7466054775815287,54.8351818629226,59.93781961717992,8.891703952069125,0.10630179138359316,0.013198225860935288,0.009068613143385985,0.003946894096599025,0.008191943107500111,0.008489209774350054,0.43388373911755823,-0.900968867902419,0.0,1.0
2012-01-20,59.59999847412109,59.79999923706055,59.560001373291016,59.77000045776367,52.850284576416016,41041700.0,-0.0015050326074488,80.08999633789062,80.58000183105469,79.98999786376953,80.22000122070312,80.22000122070312,0.0,1.993000030517578,2.032999992370605,1.9839999675750728,2.0280001163482666,2.0280001163482666,0.0,19.90999984741211,19.940000534057617,18.15999984741211,18.280000686645508,18.280000686645508,0.0,-0.001505032607448852,0.0040268098978851604,-0.0015039006138410915,58.64000015258789,57.57100067138671,56.417600555419924,56.27075010299681,58.52339128825908,57.6094781495397,0.91391313871938,0.6737185176128954,71.28705058752394,97.16141952744759,96.09019916076295,3.3904152186687226,-5.865125275335014,0.71470503183003,54.88724211009769,60.25475923267574,9.323300029498624,0.10622257276813711,0.006200403905701704,0.013198225860935288,-0.0036032151383087367,0.003465606818989873,0.00859562569194301,-0.433883739117558,-0.9009688679024191,0.0,1.0
2012-01-23,59.77999877929688,60.209999084472656,59.43999862670898,59.790000915527344,52.867977142333984,40958300.0,0.0003347116344045,80.37000274658203,80.38999938964844,79.5999984741211,79.69000244140625,79.69000244140625,0.0,2.059999942779541,2.094000101089477,2.0460000038146973,2.066999912261963,2.066999912261963,0.0,19.21999931335449,19.309999465942383,18.549999237060547,18.670000076293945,18.670000076293945,0.0,0.0003347116344045492,0.01288056998138225,0.00033476765659390395,58.85700035095215,57.75650062561035,56.46360054016113,56.28845010757445,58.718254307838805,57.77099835442767,0.9472559534111369,0.7284260047725437,71.3976250690569,93.32581740584752,95.7317399132975,3.766056966102753,-11.506806364800248,0.7186547051110049,54.99492823011483,60.51807302110587,9.562810646706616,0.10609415144967872,-0.001505032607448852,0.006200403905701704,0.0,-0.00329226180758431,0.0,0.0,1.0,0.0,1.0
2012-01-24,59.52000045776367,59.84000015258789,59.40999984741211,59.68000030517578,52.77070617675781,38440200.0,-0.0018415790505994,79.75,80.38999938964844,79.5999984741211,79.86000061035156,79.86000061035156,0.0,2.049000024795532,2.0850000381469727,2.0369999408721924,2.063999891281128,2.063999891281128,0.0,19.76000022888184,20.0,18.6299991607666,18.90999984741211,18.90999984741211,0.0,-0.0018415790505994542,0.007224467437309854,-0.0018398843843465684,59.02100028991699,57.9285005569458,56.494600524902346,56.30385011672971,58.86621523050603,57.91240590633493,0.9538093241710968,0.7735026686522544,69.80539458386002,89.02852715599764,93.17192136309757,2.8256363952084143,-15.542486891871787,0.6980365336870604,55.136284218360906,60.72071689553069,9.640216169034254,0.10759093586221424,0.0003347116344045492,-0.001505032607448852,0.009068613143385985,0.007262706280306838,0.0037232043655496838,0.7818314824680298,0.6234898018587336,0.0,1.0
2012-01-25,60.2599983215332,60.58000183105469,59.83000183105469,60.43000030517578,53.43388366699219,61591800.0,0.0124888408476583,79.80000305175781,80.3499984741211,79.37999725341797,79.56999969482422,79.56999969482422,0.0,2.049000024795532,2.069000005722046,1.9170000553131104,2.006999969482422,2.006999969482422,0.0,19.350000381469727,19.549999237060547,17.149999618530273,18.309999465942383,18.309999465942383,0.0,0.012488840847658375,0.012446067389484084,0.01256715208648207,59.24800033569336,58.17050056457519,56.55980056762696,56.316600112915026,59.10679754968599,58.098894380323145,1.007903169362848,0.8203827687943732,74.05397508455009,89.41122602677308,90.5885235295394,3.9030269321169504,-4.7170286630087155,0.7124626045579066,55.39273625483188,60.948264874318504,9.550422577710876,0.09781529687633839,-0.0018415790505994542,0.0003347116344045492,0.013198225860935288,0.002065449838403289,-0.011624707630015574,0.9749279121818236,-0.22252093395631434,0.0,1.0
2012-01-26,60.68999862670898,60.79999923706055,59.93000030517578,60.220001220703125,53.24819946289063,37852700.0,-0.0034810792246004,79.48999786376953,79.54000091552734,79.05999755859375,79.41000366210938,79.41000366210938,0.0,1.9579999446868896,1.9789999723434448,1.9229999780654907,1.930999994277954,1.930999994277954,0.0,17.959999084472656,19.170000076293945,16.799999237060547,18.56999969482422,18.56999969482422,0.0,-0.003481079224600419,0.014335128547883819,-0.00347502729277116,59.431000518798825,58.382000541687006,56.64760055541993,56.32600011825561,59.278059652919396,58.25601340553648,1.0220462473829173,0.860715464512082,71.03987610721211,87.50995178648618,88.64990165641896,3.134101473169592,-17.210629085660923,0.7237151993669679,55.65969069029894,61.104310393075075,9.325853263435995,0.10075139075851254,0.012488840847658375,-0.0018415790505994542,0.006200403905701704,0.003946894096599025,0.007169620318581875,0.43388373911755823,-0.900968867902419,0.0,1.0
2012-01-27,60.09000015258789,60.5099983215332,60.060001373291016,60.400001525878906,53.407352447509766,45532300.0,0.0029844316568142,79.44999694824219,79.54000091552734,78.7699966430664,78.9000015258789,78.9000015258789,0.0,1.963000059127808,1.9700000286102293,1.888000011444092,1.8980000019073489,1.8980000019073489,0.0,19.15999984741211,19.15999984741211,18.26000022888184,18.530000686645508,18.530000686645508,0.0,0.002984431656814214,0.007488716044258614,0.002988889506584158,59.65300064086915,58.61050052642822,56.74760055541993,56.33630012512206,59.45066609491317,58.414827340376654,1.0358387545365133,0.8957401225169683,72.08853045130871,88.47139540765386,88.4641910736377,3.8157463201416144,-12.658156028368793,0.7041638957151979,56.02644017208671,61.19456088076973,8.817738566065733,0.09784167577957789,-0.003481079224600419,0.012488840847658375,-0.001505032607448852,-0.0036032151383087367,-0.002861574490391322,-0.433883739117558,-0.9009688679024191,0.0,1.0
2012-01-30,59.88999938964844,60.540000915527344,59.65999984741211,60.45000076293945,53.45158386230469,42797800.0,0.0008278468577072,78.9000015258789,79.44999694824219,78.7699966430664,79.16000366210938,79.16000366210938,0.0,1.8420000076293943,1.8489999771118164,1.8140000104904173,1.837000012397766,1.837000012397766,0.0,20.32999992370605,20.32999992370605,19.3799991607666,19.39999961853028,19.39999961853028,0.0,0.0008278468577072809,0.014693622926757558,0.0008281896174948677,59.880000686645516,58.84150047302246,56.86980056762696,56.346100120544435,59.60440988999413,58.565580927233164,1.0388289627609666,0.924357890565768,72.38762638269715,86.30443707800256,87.42859475738086,3.90168519397847,-11.217903651962558,0.716723693743772,56.48832272393511,61.1946782221098,7.99836078335978,0.09744353073642073,0.002984431656814214,-0.003481079224600419,0.0003347116344045492,0.0,0.0,0.0,1.0,0.0,1.0
2012-01-31,60.75,60.86000061035156,60.13999938964844,60.52999877929688,53.52230453491211,51449600.0,0.0013222045859974,79.0999984741211,79.4800033569336,78.73999786376953,79.27999877929688,79.27999877929688,0.0,1.8509999513626096,1.8559999465942385,1.7970000505447388,1.7990000247955322,1.7990000247955322,0.0,19.06999969482422,19.84000015258789,18.1299991607666,19.440000534057617,19.440000534057617,0.0,0.0013222045859974721,0.011851871945730452,0.0013230790838603124,60.06200065612793,59.02300033569336,56.99000053405762,56.3546501159668,59.74680818065609,58.71109336071937,1.0357148199367217,0.9466292764399588,72.88822118890387,88.58217508155283,87.78600252240308,3.0999824956658375,-10.377415075010155,0.7169578028122973,56.741466660389534,61.30453401099719,7.730998635540728,0.07996278492472661,0.0008278468577072809,0.002984431656814214,-0.0018415790505994542,0.009068613143385985,0.018984008129041673,0.7818314824680298,0.6234898018587336,0.0,1.0
2012-02-01,60.880001068115234,61.2400016784668,60.65999984741211,61.02000045776367,53.95557022094727,46146700.0,0.0080624599991459,79.30999755859375,79.56999969482422,78.62000274658203,78.91999816894531,78.91999816894531,0.0,1.807000041007996,1.8530000448226929,1.7999999523162842,1.8459999561309808,1.8459999561309808,0.0,18.68000030517578,18.81999969482422,17.989999771118164,18.549999237060547,18.549999237060547,0.0,0.008062459999145986,0.009526968148468918,0.008095049153807432,60.21500053405762,59.21700038909913,57.144600524902344,56.3636501121521,59.94268391559572,58.88212351605598,1.060560399539746,0.9694155010599163,75.78413491495046,90.7416246955373,88.54274561836422,2.571858692434158,-6.179807186415398,0.7164610239806984,56.949833035670245,61.48416774252801,7.657150272833575,0.08182484406534427,0.0013222045859974721,0.0008278468577072809,0.012488840847658375,0.013198225860935288,0.0042089951098956005,0.9749279121818236,-0.22252093395631434,0.49999999999999994,0.8660254037844387
2012-02-02,61.220001220703125,61.40999984741211,60.970001220703125,61.209999084472656,54.12358093261719,46373600.0,0.0031090334298619,78.83999633789062,79.19999694824219,78.70999908447266,78.97000122070312,78.97000122070312,0.0,1.819000005722046,1.8489999771118164,1.812999963760376,1.825000047683716,1.825000047683716,0.0,18.3799991607666,18.5,17.979999542236328,17.979999542236328,17.979999542236328,0.0,0.0031090334298619726,0.007187171152165666,0.0031138714868903516,60.350000381469734,59.39700031280518,57.30300048828125,56.37405010223389,60.137655480038326,59.0545587433461,1.0830967366922266,0.9921517481863784,76.8181190050926,92.69360877716093,90.67246951808369,2.255259706575478,-5.3619514070916585,0.6967137098898617,57.0956586834924,61.69834194211796,7.749016338175726,0.0797446667211695,0.008062459999145986,0.0013222045859974721,-0.003481079224600419,0.006200403905701704,0.008191943107500111,0.43388373911755823,-0.900968867902419,0.49999999999999994,0.8660254037844387
2012-02-03,61.77999877929688,62.119998931884766,61.68000030517578,62.04999923706055,54.86634063720703,36453800.0,0.013630089699551,79.01000213623047,79.36000061035156,78.75,78.94000244140625,78.94000244140625,0.0,1.815999984741211,1.955999970436096,1.812000036239624,1.9490000009536743,1.9490000009536743,0.0,16.84000015258789,17.31999969482422,16.100000381469727,17.100000381469727,17.100000381469727,0.0,0.013630089699551071,0.0071220238815613655,0.013723402845694288,60.578000259399424,59.60900020599365,57.48640045166016,56.38890008926392,60.4318622118879,59.276443224361984,1.1554189875259198,1.0248051960542868,80.73467090939059,95.50995789960766,92.98173045743529,3.8146206488789147,-1.9283677076699646,0.7119484339985936,57.147602155925306,62.070398256062,8.258477886099001,0.08819445126058167,0.0031090334298619726,0.008062459999145986,0.002984431656814214,-0.001505032607448852,0.003465606818989873,-0.433883739117558,-0.9009688679024191,0.49999999999999994,0.8660254037844387
2012-02-06,61.81999969482422,62.02000045776367,61.65999984741211,62.0,54.82210540771485,28541300.0,-0.0008065613742424,79.06999969482422,79.5199966430664,78.9800033569336,79.08999633789062,79.08999633789062,0.0,1.924000024795532,1.945000052452088,1.8860000371932983,1.901000022888184,1.901000022888184,0.0,17.979999542236328,18.020000457763672,16.110000610351562,17.760000228881836,17.760000228881836,0.0,-0.0008065613742424025,0.005823368038316295,-0.0008062361910498028,60.79900016784669,59.82800025939942,57.6320004272461,56.40405008316041,60.67311417928977,59.47818817070554,1.1949260085842255,1.0588293585602746,79.86969120853567,96.40711281649556,94.87022649775471,3.696268691474002,-3.4883424357517123,0.6889520736878681,57.33255956662941,62.32344095216942,8.342049481682121,0.08605630573429895,0.013630089699551071,0.0031090334298619726,0.0008278468577072809,0.0003347116344045492,-0.00329226180758431,0.0,1.0,0.49999999999999994,0.8660254037844387
2012-02-07,61.95000076293945,62.25,61.66999816894531,62.130001068115234,54.93706893920898,37935700.0,0.0020948330600992,79.05999755859375,79.51000213623047,78.4800033569336,78.56999969482422,78.56999969482422,0.0,1.914000034332276,1.991000056266785,1.914000034332276,1.965999960899353,1.965999960899353,0.0,17.93000030517578,18.100000381469727,17.5,17.649999618530273,17.649999618530273,0.0,0.00209483306009927,0.009362418465080373,0.0020970287558117473,61.04400024414063,60.03250026702881,57.787000427246106,56.42125009536745,60.89725062372446,59.67461875569885,1.2226318680256085,1.0915898604533414,80.45600145546773,96.78599186020395,96.23435419210239,4.105229139429102,-4.225314275966463,0.6811699134997838,57.48422216107434,62.580778372983275,8.489661748617982,0.08513965528906164,-0.0008065613742424025,0.013630089699551071,0.0013222045859974721,-0.0018415790505994542,0.007262706280306838,0.7818314824680298,0.6234898018587336,0.49999999999999994,0.8660254037844387
2012-02-08,62.13999938964844,62.459999084472656,61.90999984741211,62.459999084472656,55.22886657714844,41171100.0,0.0052974328036981,78.58000183105469,79.26000213623047,78.43000030517578,78.63999938964844,78.63999938964844,0.0,1.9980000257492063,2.0,1.9609999656677248,1.975000023841858,1.975000023841858,0.0,17.790000915527344,18.459999084472656,17.530000686645508,18.15999984741211,18.15999984741211,0.0,0.005297432803698199,0.008850969463513839,0.005311489010495718,61.247000122070325,60.24750022888183,57.90840042114258,56.4405500984192,61.13767346383957,59.88094322449691,1.2567302393426587,1.1246179362312048,81.89734778831394,97.42878109609393,96.87396192426446,3.3592566093748757,0.0,0.6718005794684098,57.63952988616202,62.85547057160164,8.657522163781275,0.08523818672653861,0.00209483306009927,-0.0008065613742424025,0.008062459999145986,0.012488840847658375,0.002065449838403289,0.9749279121818236,-0.22252093395631434,0.49999999999999994,0.8660254037844387
2012-02-09,62.70000076293945,62.97999954223633,62.31999969482422,62.90999984741211,55.626766204833984,46856400.0,0.0071787301462993,78.70999908447266,78.80000305175781,78.36000061035156,78.55999755859375,78.55999755859375,0.0,2.0309998989105225,2.0799999237060547,2.0280001163482666,2.046999931335449,2.046999931335449,0.0,18.1200008392334,18.71999931335449,18.06999969482422,18.6299991607666,18.6299991607666,0.0,0.007178730146299354,0.010526313227769852,0.0072045589986846625,61.515999984741214,60.47350025177001,58.03100044250488,56.46370010375977,61.41033906131227,60.1053177891573,1.305021272154974,1.1606986034159585,83.6663367668019,97.93796993034515,97.38424762888101,4.46695212916101,-1.9607759329980934,0.670957670035817,57.761955970100225,63.1850445334398,8.967710717523493,0.08619611009879292,0.005297432803698199,0.00209483306009927,0.0031090334298619726,-0.003481079224600419,0.003946894096599025,0.43388373911755823,-0.900968867902419,0.49999999999999994,0.8660254037844387
2012-02-10,62.459999084472656,62.63999938964844,62.25,62.470001220703125,55.23770904541016,58090500.0,-0.0070186370460872,78.63999938964844,79.19000244140625,78.36000061035156,79.11000061035156,79.11000061035156,0.0,1.9809999465942385,1.995000004768372,1.955000042915344,1.968999981880188,1.968999981880188,0.0,20.100000381469727,21.979999542236328,19.020000457763672,20.790000915527344,20.790000915527344,0.0,-0.007018637046087262,0.006243986477185044,-0.00699406393661639,61.722999954223646,60.68800029754639,58.148000488281255,56.483700103759766,61.573364008910865,60.280479524827356,1.2928844840835083,1.1871357795494686,75.86046888676916,94.58451852532554,96.65042318392152,3.427151726043102,-14.285668491025305,0.6701749684198379,58.0630226001743,63.31297799491848,8.650730571124836,0.09077967308188871,0.007178730146299354,0.005297432803698199,0.013630089699551071,0.002984431656814214,-0.0036032151383087367,-0.433883739117558,-0.9009688679024191,0.49999999999999994,0.8660254037844387
2012-02-13,62.93999862670898,63.130001068115234,62.650001525878906,63.04999923706055,55.75056457519531,36810200.0,0.0092416822650358,78.83000183105469,79.11000061035156,78.5999984741211,78.94000244140625,78.94000244140625,0.0,2.0,2.0160000324249268,1.9589999914169312,1.9900000095367432,1.9900000095367432,0.0,19.63999938964844,19.68000030517578,17.920000076293945,19.040000915527344,19.040000915527344,0.0,0.009241682265035868,0.007626303665545956,0.009284518468416936,61.98299980163575,60.93150024414062,58.264200439453134,56.505500106811525,61.800538659395436,60.485629133140925,1.3149095262545103,1.212690528890477,78.68367534383941,93.81600937152109,95.44616594239726,4.301072690333355,-2.3055274614133037,0.6694481740621431,58.38372337506697,63.47927711321427,8.36275771600964,0.0918969367965278,-0.007018637046087262,0.007178730146299354,-0.0008065613742424025,0.0008278468577072809,0.0,0.0,1.0,0.49999999999999994,0.8660254037844387
2012-02-14,62.90999984741211,63.220001220703125,62.68999862670898,63.209999084472656,55.89204025268555,51648200.0,0.0025344402065458,79.12000274658203,79.62999725341797,78.5999984741211,79.58000183105469,79.58000183105469,0.0,1.968999981880188,1.9709999561309808,1.9170000553131104,1.924000024795532,1.924000024795532,0.0,19.450000762939453,20.76000022888184,18.950000762939453,19.540000915527344,19.540000915527344,0.0,0.0025344402065458006,0.008424775000471568,0.0025376546151278934,62.250999832153326,61.156500244140624,58.386800384521486,56.52560010910034,62.01737872479193,60.68743431472105,1.3299444100708797,1.2361413051265577,79.39944052391348,94.37594842435485,94.25882544040049,4.427557176975224,-0.28095877449683115,0.6594877754858577,58.64015231855791,63.67284816972334,8.229208393342633,0.09004348878610507,0.009241682265035868,-0.007018637046087262,0.00209483306009927,0.0013222045859974721,0.009068613143385985,0.7818314824680298,0.6234898018587336,0.49999999999999994,0.8660254037844387
2012-02-15,63.5099983215332,63.86000061035156,62.66999816894531,62.77000045776367,55.50299072265625,105709100.0,-0.0069850712095807,78.94000244140625,79.7300033569336,78.94000244140625,79.66999816894531,79.66999816894531,0.0,1.934000015258789,1.945000052452088,1.899999976158142,1.930999994277954,1.930999994277954,0.0,19.739999771118164,21.770000457763672,19.440000534057617,21.13999938964844,21.13999938964844,0.0,-0.006985071209580753,0.01873724567558014,-0.006960732302317529,62.42599983215333,61.32050018310547,58.50060035705567,56.545650119781484,62.13316668371066,60.84169847346495,1.2914682102457107,1.2472066861503883,72.21787116289592,90.48704463099071,92.89300080895555,2.8679121384328745,-25.95237987111775,0.6973816801944571,58.834104416554354,63.80689594965659,8.109509084650783,0.09028535225772688,0.0025344402065458006,0.009241682265035868,0.005297432803698199,0.008062459999145986,0.013198225860935288,0.9749279121818236,-0.22252093395631434,0.49999999999999994,0.8660254037844387
2012-02-16,62.790000915527344,63.70000076293945,62.630001068115234,63.630001068115234,56.263404846191406,83642300.0,0.0136074148750853,79.73999786376953,80.11000061035156,79.08999633789062,79.33999633789062,79.33999633789062,0.0,1.919000029563904,2.0160000324249268,1.9170000553131104,1.993000030517578,1.993000030517578,0.0,21.59000015258789,21.76000022888184,19.21999931335449,19.21999931335449,19.21999931335449,0.0,0.013607414875085313,0.017040924975677434,0.013700417106077722,62.66800003051758,61.50900020599365,58.65080039978028,56.5682501220703,62.36344889669598,61.04823940640201,1.3152094902939666,1.260807246979104,76.66123529102605,89.43016092403005,91.43105132645853,3.953605652407971,-5.476178582295265,0.7239972526680115,58.919329683324754,64.09867072866255,8.420460465935369,0.09764087612621529,-0.006985071209580753,0.0025344402065458006,0.007178730146299354,0.0031090334298619726,0.006200403905701704,0.43388373911755823,-0.900968867902419,0.49999999999999994,0.8660254037844387
2012-02-17,63.63999938964844,63.68999862670898,63.150001525878906,63.43000030517578,56.08657836914063,76112300.0,-0.0031477819221279,79.4000015258789,80.11000061035156,79.1500015258789,79.33000183105469,79.33000183105469,0.0,2.0299999713897705,2.0380001068115234,2.006999969482422,2.009999990463257,2.009999990463257,0.0,18.729999542236328,18.790000915527344,17.540000915527344,17.780000686645508,17.780000686645508,0.0,-0.0031477819221279843,0.008485183941059338,-0.0031428328508409376,62.80600013732911,61.692000198364255,58.77900039672853,56.593350124359134,62.5275337287698,61.22466613964451,1.3028675891252846,1.2692193154083402,73.70878096066147,85.67076578369254,88.52932377957109,2.224014641552167,-11.559144195509319,0.7108543846795872,59.10247839579275,64.28152200093575,8.395000305534463,0.09882509738764607,0.013607414875085313,-0.006985071209580753,-0.007018637046087262,0.013630089699551071,-0.001505032607448852,-0.433883739117558,-0.9009688679024191,0.49999999999999994,0.8660254037844387
2012-02-20,63.63999938964844,63.68999862670898,63.150001525878906,63.43000030517578,56.08657836914063,76112300.0,0.0,79.4000015258789,80.11000061035156,79.1500015258789,79.33000183105469,79.33000183105469,0.0,2.0299999713897705,2.0380001068115234,2.006999969482422,2.009999990463257,2.009999990463257,0.0,18.729999542236328,18.790000915527344,17.540000915527344,17.780000686645508,17.780000686645508,0.0,0.0,0.008485183941059338,0.0,62.9490001678467,61.874000167846674,58.920000381469734,56.62350011825561,62.66637474052456,61.38802422598016,1.2783505145443996,1.2710455552355522,73.70878096066147,89.84239029640113,88.31443900137458,2.306452105122228,-13.437506332992,0.6986502929760503,59.336190363683755,64.41180997200959,8.203154143189572,0.09895061479359772,-0.0031477819221279843,0.013607414875085313,0.009241682265035868,-0.0008065613742424025,0.0003347116344045492,0.0,1.0,0.49999999999999994,0.8660254037844387
2012-02-21,63.5,63.88999938964844,63.209999084472656,63.61000061035156,56.245723724365234,38141300.0,0.002833476368501,79.12000274658203,79.26000213623047,78.79000091552734,79.04000091552734,79.04000091552734,0.0,2.0230000019073486,2.0799999237060547,2.0209999084472656,2.0450000762939453,2.0450000762939453,0.0,18.40999984741211,18.940000534057617,17.649999618530273,18.190000534057617,18.190000534057617,0.0,0.0028334763685010926,0.01070866622324065,0.00283749445682302,63.09700012207032,62.070500183105466,59.077000427246105,56.65375011444092,62.81154795126717,61.55261506926693,1.258932882000245,1.268623020588491,74.72482493280505,88.47144805583282,87.99486804530883,2.382101266365269,-9.589005304000208,0.6973181509903168,59.64172139622752,64.49927896998341,7.825871483919562,0.09732310156964516,0.0,-0.0031477819221279843,0.0025344402065458006,0.00209483306009927,-0.0018415790505994542,0.7818314824680298,0.6234898018587336,0.49999999999999994,0.8660254037844387
2012-02-22,63.4900016784668,63.68000030517578,63.22999954223633,63.31999969482422,55.98931503295898,43174700.0,-0.0045691459696389,79.11000061035156,79.37999725341797,78.79000091552734,79.20999908447266,79.20999908447266,0.0,2.053999900817871,2.053999900817871,1.9980000257492063,2.005000114440918,2.005000114440918,0.0,18.850000381469727,18.940000534057617,17.739999771118164,18.190000534057617,18.190000534057617,0.0,-0.004569145969638995,0.0070877421805467505,-0.004558723302464762,63.18300018310548,62.21500015258789,59.245600433349615,56.6801501083374,62.88977129642979,61.68353244893784,1.206238847491953,1.2561461859691834,70.02921665523971,83.8043195614953,87.3727193045764,1.3768822013405309,-25.56052967852188,0.679652623272398,59.854246716400525,64.57575358877526,7.589016894309751,0.09449807340522738,0.0028334763685010926,0.0,-0.006985071209580753,0.005297432803698199,0.012488840847658375,0.9749279121818236,-0.22252093395631434,0.49999999999999994,0.8660254037844387
2012-02-23,63.400001525878906,63.810001373291016,63.09000015258789,63.7400016784668,56.36069107055664,54250000.0,0.0066110791285456,79.19999694824219,79.37999725341797,78.5999984741211,78.80999755859375,78.80999755859375,0.0,2.0380001068115234,2.0450000762939453,1.9739999771118164,1.9839999675750728,1.9839999675750728,0.0,18.729999542236328,18.96999931335449,16.639999389648438,16.799999237060547,16.799999237060547,0.0,0.006611079128545665,0.011356485857642,0.006632980549575285,63.266000366210946,62.39100017547607,59.425600433349615,56.70780012130738,63.020575970589334,61.83586350297703,1.1847124676123073,1.2418594422978082,72.70441516140558,86.04136962507177,86.1057124141333,1.3193480099632058,-6.7263561422625795,0.6825346659460213,60.13391386132241,64.64808648962973,7.2352945386531875,0.0930376034898396,-0.004569145969638995,0.0028334763685010926,0.013607414875085313,0.007178730146299354,-0.003481079224600419,0.43388373911755823,-0.900968867902419,0.49999999999999994,0.8660254037844387
2012-02-24,63.91999816894531,64.06999969482422,63.79999923706055,63.959999084472656,56.5551986694336,41364900.0,0.0034451801551287,78.62999725341797,79.27999877929688,78.22000122070312,78.3499984741211,78.3499984741211,0.0,1.9859999418258667,1.991000056266785,1.968999981880188,1.976999998092652,1.976999998092652,0.0,16.68000030517578,17.6200008392334,16.420000076293945,17.309999465942383,17.309999465942383,0.0,0.0034451801551287032,0.004224037320058123,0.0034511216094468278,63.4150001525879,62.569000053405766,59.60760040283203,56.73875011444092,63.16510260349446,61.99320687938411,1.1718957241103496,1.2278666986603166,74.01289410160267,87.70991944286209,85.85186954314305,2.3851414033200506,-4.5833558506292675,0.6573534766896928,60.413830683425054,64.72416942338647,6.888936592054096,0.09306143606183324,0.006611079128545665,-0.004569145969638995,-0.0031477819221279843,-0.007018637046087262,0.002984431656814214,-0.433883739117558,-0.9009688679024191,0.49999999999999994,0.8660254037844387
2012-02-27,63.61000061035156,64.26000213623047,63.33000183105469,64.05000305175781,56.63479995727539,42678500.0,0.0014065076761243,78.38999938964844,78.7699966430664,78.22000122070312,78.55999755859375,78.55999755859375,0.0,1.9390000104904173,1.940999984741211,1.9119999408721924,1.9220000505447388,1.9220000505447388,0.0,19.100000381469727,19.25,17.579999923706055,18.190000534057617,18.190000534057617,0.0,0.001406507676124399,0.014620347370731479,0.0014074972719495538,63.51500053405763,62.74900016784668,59.80220046997071,56.77440013885498,63.30124113399652,62.145562151411795,1.1556789825847247,1.2134291554451981,74.55040101317934,93.25138848547516,89.000892517803,1.5860488926215042,-8.936122550682668,0.6768282501529848,60.74280988577911,64.75519044991425,6.394333859348301,0.09291611387931124,0.0034451801551287032,0.006611079128545665,0.0,0.009241682265035868,0.0008278468577072809,0.0,1.0,0.49999999999999994,0.8660254037844387
2012-02-28,64.11000061035156,64.69999694824219,64.02999877929688,64.69999694824219,57.20953750610352,43717500.0,0.0100969875965739,78.47000122070312,78.66999816894531,78.18000030517578,78.2699966430664,78.2699966430664,0.0,1.9259999990463257,1.934000015258789,1.8960000276565552,1.9290000200271609,1.9290000200271609,0.0,18.670000076293945,18.670000076293945,17.8799991607666,17.959999084472656,17.959999084472656,0.0,0.010096987596573912,0.010450759047990569,0.01014813417301208,63.664000320434575,62.95750007629395,59.97760040283204,56.81505012512207,63.516434336188155,62.334779543769606,1.1816547924185485,1.2070742828398682,78.07701644626465,95.49350719956269,92.1516050426333,2.357218613115824,0.0,0.6763403872095797,61.05842692753376,64.85657322505413,6.032873435123152,0.09611497599327293,0.001406507676124399,0.0034451801551287032,0.0028334763685010926,0.0025344402065458006,0.0013222045859974721,0.7818314824680298,0.6234898018587336,0.49999999999999994,0.8660254037844387
2012-02-29,64.75,64.95999908447266,64.19999694824219,64.41000366210938,56.95310592651367,59784400.0,-0.0044923979183878,78.18000030517578,78.87000274658203,78.08999633789062,78.7300033569336,78.7300033569336,0.0,1.919000029563904,2.009000062942505,1.9170000553131104,1.976999998092652,1.976999998092652,0.0,17.799999237060547,18.75,17.530000686645508,18.43000030517578,18.43000030517578,0.0,-0.004492397918387838,0.011737484729428089,-0.0044823221925626155,63.82800064086914,63.127000236511236,60.16320045471191,56.853150138854986,63.65390654017603,62.48849984883181,1.1654066913442236,1.1987407645407393,73.20318521226366,90.25627885247933,93.00039151250573,2.612718165342725,-20.295040891879335,0.6823162264253575,61.35517214550628,64.89882832751618,5.6135348879770355,0.09822654899373462,0.010096987596573912,0.001406507676124399,-0.004569145969638995,-0.006985071209580753,0.008062459999145986,0.9749279121818236,-0.22252093395631434,0.49999999999999994,0.8660254037844387
2012-03-01,64.6500015258789,64.9800033569336,64.45999908447266,64.91999816894531,57.40406036376953,67558900.0,0.0078868126834147,78.7699966430664,78.93000030517578,78.08999633789062,78.77999877929688,78.77999877929688,0.0,2.032999992370605,2.063999891281128,2.0190000534057617,2.0369999408721924,2.0369999408721924,0.0,18.020000457763672,18.030000686645508,17.260000228881836,17.260000228881836,17.260000228881836,0.0,0.007886812683414783,0.008043376027652276,0.007917995514375109,63.95700035095215,63.31250019073487,60.3496004486084,56.892050132751464,63.84868986767899,62.66861083550688,1.1800790321721095,1.1950084180670135,76.0362954437803,92.38384978007753,92.71121194403983,2.0273410013763007,-2.5534097678880707,0.6742936170252761,61.61025562095991,65.01474476050983,5.37727799296122,0.09993743307502889,-0.004492397918387838,0.010096987596573912,0.006611079128545665,0.013607414875085313,0.0031090334298619726,0.43388373911755823,-0.900968867902419,0.8660254037844386,0.5000000000000001
2012-03-02,64.83000183105469,65.08000183105469,64.66000366210938,64.87000274658203,57.3598518371582,33358200.0,-0.0007704256146411,78.7300033569336,79.44999694824219,78.62999725341797,79.4000015258789,79.4000015258789,0.0,2.006999969482422,2.013999938964844,1.9700000286102293,1.9859999418258667,1.9859999418258667,0.0,17.649999618530273,17.649999618530273,17.139999389648438,17.290000915527344,17.290000915527344,0.0,-0.0007704256146411939,0.006478453757256045,-0.0007701289130277456,64.10100059509277,63.453500366210946,60.525400466918946,56.929250144958495,64.00581492597176,62.831676902993934,1.1741380229778287,1.1908343390491765,75.1969706167077,89.52672026881017,90.72228296712234,2.27022297726325,-8.571388533802104,0.6561296564481359,61.724609130609274,65.18239160181261,5.449317139712296,0.09229159786380522,0.007886812683414783,-0.004492397918387838,0.0034451801551287032,-0.0031477819221279843,0.013630089699551071,-0.433883739117558,-0.9009688679024191,0.8660254037844386,0.5000000000000001
2012-03-05,64.83000183105469,64.91000366210938,63.9900016784668,64.19999694824219,56.76741027832031,45788800.0,-0.0103822148971599,79.45999908447266,79.56999969482422,79.2300033569336,79.31999969482422,79.31999969482422,0.0,1.993000030517578,2.006999969482422,1.9700000286102293,2.005000114440918,2.005000114440918,0.0,18.270000457763672,18.89999961853028,18.020000457763672,18.049999237060547,18.049999237060547,0.0,-0.010382214897159972,0.014190991171650428,-0.010328505738121607,64.17800025939941,63.56350021362305,60.6878003692627,56.963100128173835,64.03568908324414,62.933033943382696,1.1026551398614401,1.1731984992116293,64.86357607373458,84.31888207935947,88.74315070941572,1.2139313248648618,-35.9185554602314,0.6749776798191676,61.947745359864406,65.17925506738169,5.08390774053802,0.102188089707413,-0.0007704256146411939,0.007886812683414783,0.001406507676124399,0.0,-0.0008065613742424025,0.0,1.0,0.8660254037844386,0.5000000000000001
2012-03-06,63.56999969482422,63.720001220703125,63.22999954223633,63.56999969482422,56.21035003662109,54638600.0,-0.0098614940605063,79.33999633789062,79.86000061035156,79.2300033569336,79.86000061035156,79.86000061035156,0.0,1.976999998092652,1.976999998092652,1.930999994277954,1.944000005722046,1.944000005722046,0.0,20.56999969482422,21.239999771118164,20.299999237060547,20.8700008392334,20.8700008392334,0.0,-0.009861494060506352,0.00770806482333037,-0.009813028971518367,64.17400016784669,63.63550014495849,60.834400329589855,56.9891501235962,63.96404456194877,62.98021659163762,0.9838279703111468,1.135324393431533,56.9402614433684,64.62577831477627,79.49046022098196,-0.06288463314498728,-61.63272106163771,0.6960505174039313,62.16708922862749,65.1039110612895,4.615068359598136,0.11014616551611348,-0.010382214897159972,-0.0007704256146411939,0.010096987596573912,0.0028334763685010926,0.00209483306009927,0.7818314824680298,0.6234898018587336,0.8660254037844386,0.5000000000000001
2012-03-07,63.869998931884766,64.20999908447266,63.77000045776367,64.05999755859375,56.64362335205078,42741800.0,0.0076785146542729,79.77999877929688,79.91999816894531,79.29000091552734,79.70999908447266,79.70999908447266,0.0,1.950000047683716,1.9839999675750728,1.950000047683716,1.972000002861023,1.972000002861023,0.0,20.43000030517578,20.440000534057617,19.06999969482422,19.06999969482422,19.06999969482422,0.0,0.007678514654272973,0.006888971881434166,0.0077080700466625185,64.24799995422363,63.71550006866454,61.00380027770997,57.024000110626226,63.97880656143261,63.060200366967706,0.9186061944649069,1.0919807536382078,60.9370507652937,50.39742353561825,66.447361309918,1.1686637197346965,-51.25645287127612,0.692046865421396,62.345713992679585,65.08528614464949,4.299694970639069,0.11165056013753773,-0.009861494060506352,-0.010382214897159972,-0.004492397918387838,-0.004569145969638995,0.005297432803698199,0.9749279121818236,-0.22252093395631434,0.8660254037844386,0.5000000000000001
2012-03-08,64.44000244140625,64.94000244140625,64.30000305175781,64.75,57.25376129150391,43711100.0,0.0107139207407183,79.75,79.77999877929688,79.06999969482422,79.16000366210938,79.16000366210938,0.0,2.0,2.0239999294281006,1.9789999723434448,2.013999938964844,2.013999938964844,0.0,18.07999992370605,18.459999084472656,17.760000228881836,17.950000762939453,17.950000762939453,0.0,0.01071392074071833,0.009931709581022652,0.0107715203114922,64.34899978637696,63.807500076293934,61.17900024414063,57.06170011520386,64.0974517058276,63.18537071015528,0.9120809956723122,1.0560008020450287,65.75710053582921,56.842611156119794,57.28860433550477,1.5845596092514844,-16.582992598726776,0.7054724380921892,62.41847766582411,65.19652248676375,4.353790412753929,0.11479507925057263,0.007678514654272973,-0.009861494060506352,0.007886812683414783,0.006611079128545665,0.007178730146299354,0.43388373911755823,-0.900968867902419,0.8660254037844386,0.5000000000000001
2012-03-09,64.86000061035156,65.13999938964844,64.81999969482422,65.0199966430664,57.49248123168945,43117200.0,0.0041608383741532,79.16999816894531,80.05999755859375,79.06999969482422,80.04000091552734,80.04000091552734,0.0,2.0190000534057617,2.059000015258789,2.0190000534057617,2.0380001068115234,2.0380001068115234,0.0,17.15999984741211,17.540000915527344,16.6299991607666,17.110000610351562,17.110000610351562,0.0,0.0041608383741532995,0.004933698609511688,0.004169506680445245,64.45499954223634,63.9349998474121,61.362800140380855,57.10505010604859,64.23938169617203,63.32126892740796,0.9181127687640753,1.028423195388838,67.44962483478095,75.43558661173984,60.891873767825956,1.6572820102667605,-5.853794694777581,0.6829386489176354,62.59566054660465,65.27433914821955,4.189690479405437,0.1106518306057045,0.01071392074071833,0.007678514654272973,-0.0007704256146411939,0.0034451801551287032,-0.007018637046087262,-0.433883739117558,-0.9009688679024191,0.8660254037844386,0.5000000000000001
2012-03-12,65.0,65.11000061035156,64.72000122070312,65.05000305175781,57.51900863647461,32687300.0,0.0004613000889906,79.9800033569336,80.12999725341797,79.8499984741211,79.87000274658203,79.87000274658203,0.0,2.003000020980835,2.032999992370605,1.9889999628067017,2.0309998989105225,2.0309998989105225,0.0,15.789999961853027,16.670000076293945,15.229999542236328,15.640000343322754,15.640000343322754,0.0,0.00046130008899065994,0.005999990609975961,0.0004614065042392035,64.55499954223633,64.03500003814696,61.547200164794916,57.15085012435913,64.36409267395446,63.44932330698943,0.9147693669650323,1.005692429704077,67.64105004862832,91.05771526990216,74.44530434592059,1.5612801754153165,-4.390066896789135,0.6620144161126927,62.67537960541746,65.39462047087646,4.246491549682349,0.1073715702967569,0.0041608383741532995,0.01071392074071833,-0.010382214897159972,0.001406507676124399,0.009241682265035868,0.0,1.0,0.8660254037844386,0.5000000000000001
2012-03-13,65.4000015258789,66.26000213623047,65.2699966430664,66.26000213623047,58.58893203735352,61559100.0,0.0184303275071992,79.83999633789062,80.31999969482422,79.66999816894531,80.19000244140625,80.19000244140625,0.0,2.052000045776367,2.11899995803833,2.052000045776367,2.1070001125335693,2.1070001125335693,0.0,14.0,16.079999923706055,13.989999771118164,14.800000190734863,14.800000190734863,0.0,0.018430327507199203,0.01513769831904844,0.01860121421147798,64.71100006103516,64.18750019073487,61.73440017700195,57.203200130462655,64.65577105276616,63.657521738785064,0.9982493139810913,1.0042038065594798,74.2239253485117,96.58537946947774,87.69289378370658,2.411136416646561,0.0,0.7011561781384045,62.55974238466315,65.81525799680658,5.071884093428745,0.12297440858774614,0.00046130008899065994,0.0041608383741532995,-0.009861494060506352,0.010096987596573912,0.0025344402065458006,0.7818314824680298,0.6234898018587336,0.8660254037844386,0.5000000000000001
2012-03-14,66.33000183105469,66.73999786376953,66.08000183105469,66.48999786376953,58.79228591918945,59926900.0,0.0034648487861625,80.12000274658203,80.62000274658203,79.66999816894531,80.55999755859375,80.55999755859375,0.0,2.187000036239624,2.289999961853028,2.1689999103546143,2.2739999294281006,2.2739999294281006,0.0,14.420000076293944,16.190000534057617,14.390000343322754,15.3100004196167,15.3100004196167,0.0,0.003464848786162597,0.009950188670217158,0.0034708583134146487,64.91899948120117,64.37350006103516,61.92140014648437,57.25870012283326,64.93795979292052,63.86733478508021,1.070625007840313,1.0174880468156466,75.25440294661381,96.16247419158334,94.60185631032107,3.2293030327581853,-7.1225105284608015,0.6982161677510074,62.585478542640395,66.16152157942993,5.5551477446448345,0.11793751491586464,0.018430327507199203,0.00046130008899065994,0.007678514654272973,-0.004492397918387838,-0.006985071209580753,0.9749279121818236,-0.22252093395631434,0.8660254037844386,0.5000000000000001
2012-03-15,66.69000244140625,66.81999969482422,66.3499984741211,66.68000030517578,58.96031188964844,65531200.0,0.0028538832709995,80.55000305175781,80.7300033569336,80.02999877929688,80.1500015258789,80.1500015258789,0.0,2.3320000171661377,2.336999893188477,2.253000020980835,2.2809998989105225,2.2809998989105225,0.0,15.31999969482422,16.059999465942383,14.579999923706056,15.420000076293944,15.420000076293944,0.0,0.002853883270999524,0.007047551409464521,0.002857959472607252,65.09499969482422,64.52600002288818,62.10280014038086,57.3146501159668,65.20596602557518,64.07568037916137,1.1302856464138102,1.0400475667352793,76.10429868480949,96.32592839675297,96.35792735260468,2.71103232574084,-3.8997042812802474,0.68191510010473,62.50048502040517,66.55151502537119,6.278135950669597,0.11093203047298608,0.003464848786162597,0.018430327507199203,0.01071392074071833,0.007886812683414783,0.013607414875085313,0.43388373911755823,-0.900968867902419,0.8660254037844386,0.5000000000000001
2012-03-16,66.66999816894531,66.66999816894531,66.36000061035156,66.5199966430664,58.91867065429688,53023100.0,-0.0007065082542284,80.25,80.7300033569336,79.68000030517578,79.77999877929688,79.77999877929688,0.0,2.3320000171661377,2.36299991607666,2.2920000553131104,2.2980000972747803,2.2980000972747803,0.0,14.43000030517578,15.239999771118164,13.65999984741211,14.470000267028809,14.470000267028809,0.0,-0.0007065082542284349,0.0046497310200639234,-0.0007062587360374684,65.25999908447267,64.68049983978271,62.27700004577636,57.37405010223389,65.4081245821123,64.25674084315433,1.1513837389579606,1.0623148011798156,73.8054439120711,93.54038485908718,95.34292914914116,2.543539119198376,-8.356630612997385,0.6560639997275506,62.538917510768364,66.82208216879707,6.622033949394866,0.1096611410665272,0.002853883270999524,0.003464848786162597,0.0041608383741532995,-0.0007704256146411939,-0.0031477819221279843,-0.433883739117558,-0.9009688679024191,0.8660254037844386,0.5000000000000001
2012-03-19,66.62999725341797,67.1500015258789,66.44999694824219,66.98999786376953,59.33497619628906,60966200.0,0.0070409204777222,79.76000213623047,79.87999725341797,79.3499984741211,79.44999694824219,79.44999694824219,0.0,2.2709999084472656,2.390000104904175,2.2669999599456787,2.378999948501587,2.378999948501587,0.0,15.420000076293944,15.43000030517578,14.539999961853027,15.039999961853027,15.039999961853027,0.0,0.0070409204777222316,0.010505847313400724,0.007065766035945442,65.53899917602541,64.8584997177124,62.464400024414054,57.435800094604495,65.65148970236726,64.45920432616288,1.1922853762043815,1.0883089161847288,76.09016251880395,94.5539803656612,94.80676454050044,4.345796025156563,-4.081724008738763,0.6592026124353483,62.56794090069008,67.14905853473472,7.063249464577988,0.11040913771769964,-0.0007065082542284349,0.002853883270999524,0.00046130008899065994,-0.010382214897159972,0.0,0.0,1.0,0.8660254037844386,0.5000000000000001
2012-03-20,66.63999938964844,67.18000030517578,66.45999908447266,67.11000061035156,59.44126892089844,47290600.0,0.0017897981684661,79.4800033569336,79.87999725341797,79.3499984741211,79.58999633789062,79.58999633789062,0.0,2.3340001106262207,2.3970000743865967,2.3320000171661377,2.371999979019165,2.371999979019165,0.0,15.81999969482422,15.949999809265137,15.109999656677246,15.579999923706056,15.579999923706056,0.0,0.001789798168466113,0.010804340145521773,0.0017914008132022818,65.89299926757813,65.03349971771242,62.645800018310545,57.49465009689332,65.8758759959033,64.65555960647315,1.2203163894301525,1.1147104108338135,76.65015545999088,95.26316718259568,94.45251080244802,5.568665931290803,-1.7721438304768133,0.6635453701687609,62.61342404268385,67.45357539274099,7.442550948459688,0.11046897410733177,0.0070409204777222316,-0.0007065082542284349,0.018430327507199203,-0.009861494060506352,0.0028334763685010926,0.7818314824680298,0.6234898018587336,0.8660254037844386,0.5000000000000001
2012-03-21,67.12000274658203,67.48999786376953,67.02999877929688,67.12000274658203,59.45011520385742,39648100.0,0.0001488128520066,79.55999755859375,79.83000183105469,79.30999755859375,79.62999725341797,79.62999725341797,0.0,2.345000028610229,2.3469998836517334,2.282999992370605,2.2939999103546143,2.2939999103546143,0.0,14.720000267028809,15.3100004196167,14.1899995803833,15.130000114440918,15.130000114440918,0.0,0.00014881285200660338,0.006853382980471956,0.00014882392518833498,66.19899978637696,65.2234998703003,62.82500007629395,57.55880010604859,66.06728011139234,64.83811095018491,1.2291691612074231,1.1376021609085354,76.69914057487334,95.1535991164433,94.9902488882334,4.776780057147811,-8.685334811454481,0.6490063497618963,62.77336341019145,67.67363633040915,7.5130481037695045,0.1075464956599039,0.001789798168466113,0.0070409204777222316,0.003464848786162597,0.007678514654272973,-0.004569145969638995,0.9749279121818236,-0.22252093395631434,0.8660254037844386,0.5000000000000001
2012-03-22,66.72000122070312,67.13999938964844,66.68000030517578,66.9800033569336,59.32611083984375,56953900.0,-0.0020880341663961,79.73999786376953,79.73999786376953,79.73999786376953,79.73999786376953,79.73999786376953,0.0,2.257999897003174,2.2939999103546143,2.249000072479248,2.275000095367432,2.275000095367432,0.0,16.040000915527344,16.579999923706055,15.5600004196167,15.56999969482422,15.56999969482422,0.0,-0.002088034166396118,0.0068944705643968,-0.002085855739529796,66.42200012207032,65.38549995422363,62.99680015563965,57.623300113677985,66.20769907224484,64.99676964698111,1.2109294252637284,1.152267613779574,74.34805829333817,92.52360486757954,94.3134570555395,3.444020628468871,-11.971706755330057,0.6355058308126649,62.91996026665894,67.85103964178833,7.541548781582523,0.10810274420386902,0.00014881285200660338,0.001789798168466113,0.002853883270999524,0.01071392074071833,0.006611079128545665,0.43388373911755823,-0.900968867902419,0.8660254037844386,0.5000000000000001
2012-03-23,67.05999755859375,67.08000183105469,66.55999755859375,66.94000244140625,59.29068756103516,45541700.0,-0.0005972725674474,79.88999938964844,79.94000244140625,79.20999908447266,79.33999633789062,79.33999633789062,0.0,2.253000020980835,2.259999990463257,2.2100000381469727,2.236999988555908,2.236999988555908,0.0,15.649999618530272,16.389999389648438,14.6899995803833,14.81999969482422,14.81999969482422,0.0,-0.0005972725674474645,0.007754313918764807,-0.0005970942356935405,66.6140007019043,65.53450012207031,63.17200019836426,57.689050121307375,66.3203611290389,65.14071281693853,1.179648312100369,1.157743753443733,73.65335661645548,88.81075422683845,92.16265273695376,2.952946627911875,-12.910695752700063,0.6272557195018271,63.07150611521077,67.99749412892986,7.516633230654867,0.10861676712215533,-0.002088034166396118,0.00014881285200660338,-0.0007065082542284349,0.0041608383741532995,0.0034451801551287032,-0.433883739117558,-0.9009688679024191,0.8660254037844386,0.5000000000000001
2012-03-26,67.38999938964844,68.11000061035156,67.33000183105469,68.11000061035156,60.32698440551758,40855300.0,0.0173272519840063,79.31999969482422,79.72000122070312,78.87000274658203,78.93000030517578,78.93000030517578,0.0,2.2690000534057617,2.2869999408721924,2.240999937057495,2.24399995803833,2.24399995803833,0.0,14.510000228881836,15.029999732971191,14.260000228881836,14.260000228881836,14.260000228881836,0.0,0.01732725198400632,0.011574399560191836,0.01747823962094608,66.92000045776368,65.73750000000001,63.37060020446778,57.75925012588501,66.59569028001007,65.36066006089506,1.2350302191150178,1.1732010465779898,79.64450758334961,91.70586583065662,91.0134083083582,4.704069815583293,0.0,0.666023037319219,63.12496323222024,68.35003676777978,7.948391002942833,0.12078040410451209,-0.0005972725674474645,-0.002088034166396118,0.0070409204777222316,0.00046130008899065994,0.001406507676124399,0.0,1.0,0.8660254037844386,0.5000000000000001
2012-03-27,68.16000366210938,68.48999786376953,68.12999725341797,68.20999908447266,60.41557312011719,37278200.0,0.00146739860926,78.93000030517578,79.72000122070312,78.7699966430664,79.04000091552734,79.04000091552734,0.0,2.2320001125335693,2.236999988555908,2.181999921798706,2.187000036239624,2.187000036239624,0.0,14.520000457763672,15.59000015258789,14.140000343322754,15.59000015258789,15.59000015258789,0.0,0.001467398609260045,0.005281698811757684,0.0014684757654073177,67.1150001525879,65.91300010681154,63.560600204467775,57.82415012359619,66.84404548069662,65.57172221078969,1.2723232699069342,1.1930254912437788,80.06182192965305,93.46891584705435,91.32851196818314,2.942947306631528,-6.682556706136844,0.6455926241834153,63.12803150206549,68.69796871155759,8.450438002315265,0.11805831738263961,0.01732725198400632,-0.0005972725674474645,0.001789798168466113,0.018430327507199203,0.010096987596573912,0.7818314824680298,0.6234898018587336,0.8660254037844386,0.5000000000000001
2012-03-28,68.25,68.51000213623047,67.54000091552734,67.94000244140625,60.17642211914063,44421900.0,-0.0039662883762369,79.12000274658203,79.33999633789062,78.87999725341797,79.16000366210938,79.16000366210938,0.0,2.211999893188477,2.2249999046325684,2.1589999198913574,2.196000099182129,2.196000099182129,0.0,15.579999923706056,17.270000457763672,15.399999618530272,15.470000267028809,15.470000267028809,0.0,-0.003966288376236939,0.014212472098214286,-0.003958433043432019,67.26000061035155,66.08950004577638,63.72960021972656,57.88970012664795,67.01265424388272,65.74715037602054,1.2655038678621793,1.2075211665674588,75.55770031624179,92.75929238086661,92.64469135285918,2.1807860192861095,-15.039566151263283,0.668764666791966,63.25854581954528,68.92045427200746,8.567031750188004,0.11764570263763315,0.001467398609260045,0.01732725198400632,0.00014881285200660338,0.003464848786162597,-0.004492397918387838,0.9749279121818236,-0.22252093395631434,0.8660254037844386,0.5000000000000001
2012-03-29,67.5999984741211,67.93000030517578,67.19999694824219,67.68000030517578,59.94613265991211,53975300.0,-0.0038342464790958,79.1500015258789,79.33999633789062,78.87000274658203,79.18000030517578,79.18000030517578,0.0,2.193000078201294,2.197999954223633,2.1480000019073486,2.1589999198913574,2.1589999198913574,0.0,16.84000015258789,17.200000762939453,15.390000343322754,15.479999542236328,15.479999542236328,0.0,-0.0038342464790958705,0.010798866470582194,-0.003826905141893988,67.36000061035156,66.2275001525879,63.886000213623035,57.951400127410885,67.11532286869704,65.89032444484685,1.224998423850181,1.2110166180240034,71.39245856945846,85.45936599075034,90.56252473955709,1.4997000531242932,-21.899779170348843,0.6738532972471157,63.36765070704882,69.08734959812696,8.636440871088267,0.11821689627023636,-0.003966288376236939,0.001467398609260045,-0.002088034166396118,0.002853883270999524,0.007886812683414783,0.43388373911755823,-0.900968867902419,0.8660254037844386,0.5000000000000001
2012-03-30,67.9800033569336,68.0199966430664,67.27999877929688,67.55000305175781,59.83097457885742,39480900.0,-0.0019228735639383,79.06999969482422,79.08000183105469,78.72000122070312,78.93000030517578,78.93000030517578,0.0,2.1519999504089355,2.236999988555908,2.1410000324249268,2.2160000801086426,2.2160000801086426,0.0,14.880000114440918,15.979999542236328,14.670000076293944,15.5,15.5,0.0,-0.001922873563938362,0.010885522612938434,-0.0019210260269499901,67.4630012512207,66.36150016784669,64.04160026550292,58.0172501373291,67.18219674301407,66.01326360091433,1.1689331420997462,1.202599922839152,69.33442551142579,77.81036784677949,85.34300873946547,1.5484162066607188,-29.629551138049425,0.678577909141574,63.518369788838854,69.20463054685452,8.568613945787135,0.1186665644302485,-0.0038342464790958705,-0.003966288376236939,-0.0005972725674474645,-0.0007065082542284349,-0.0007704256146411939,-0.433883739117558,-0.9009688679024191,0.8660254037844386,0.5000000000000001
2012-04-02,67.4800033569336,68.33999633789062,67.36000061035156,68.25,60.45098876953125,40031600.0,0.0103094373403214,78.80999755859375,79.12999725341797,78.77999877929688,78.81999969482422,78.81999969482422,0.0,2.200000047683716,2.2070000171661377,2.1619999408721924,2.193000078201294,2.193000078201294,0.0,16.350000381469727,16.579999923706055,15.020000457763672,15.640000343322754,15.640000343322754,0.0,0.010309437340321427,0.01452275753982113,0.010362762683342908,67.58900146484376,66.56400032043457,64.21080024719238,58.082250137329105,67.34647416716575,66.17894777862438,1.1675263885413756,1.1955852159795968,73.72645577099026,79.25699821575131,80.84224401776038,1.8808809918053764,-10.699675044347812,0.7001077533128232,63.793086985016174,69.33491365585297,8.32556133068749,0.11234015379880427,-0.001922873563938362,-0.0038342464790958705,0.01732725198400632,0.0070409204777222316,-0.010382214897159972,0.0,1.0,1.0,6.123233995736766e-17
2012-04-03,68.30999755859375,68.55000305175781,67.8499984741211,68.2300033569336,60.43327713012695,45539900.0,-0.0002930346542492,78.86000061035156,79.48999786376953,78.66000366210938,79.4800033569336,79.4800033569336,0.0,2.1610000133514404,2.2839999198913574,2.150000095367432,2.2839999198913574,2.2839999198913574,0.0,15.609999656677246,16.649999618530273,15.5600004196167,15.65999984741211,15.65999984741211,0.0,-0.00029303465424920496,0.010247468930682967,-0.0002929917237883828,67.70100173950196,66.79700050354005,64.38180030822754,58.143050155639656,67.48240173482235,66.3308778214621,1.1515239133602506,1.1867729554557276,73.40303058187446,81.70845446968318,79.59194017740465,1.6689058804885086,-14.545410408553227,0.7001003836216728,64.31777914662283,69.27622186045727,7.423151753006724,0.10233780502382195,0.010309437340321427,-0.001922873563938362,0.001467398609260045,0.001789798168466113,-0.009861494060506352,0.7818314824680298,0.6234898018587336,1.0,6.123233995736766e-17
2012-04-04,67.72000122070312,67.76000213623047,66.91000366210938,67.30000305175781,59.60955047607422,54088100.0,-0.0137240949679128,79.41000366210938,79.91999816894531,79.37000274658203,79.76000213623047,79.76000213623047,0.0,2.259000062942505,2.263000011444092,2.226999998092652,2.243000030517578,2.243000030517578,0.0,17.06999969482422,17.739999771118164,16.309999465942383,16.440000534057617,16.440000534057617,0.0,-0.013724094967912884,0.012551660643816338,-0.013630348926454205,67.71900177001953,66.95900077819826,64.51920036315919,58.19805017471315,67.45434039896627,66.40266487555807,1.0516755234081927,1.1597534690462208,60.180440706850604,72.55911753541297,77.84152340694915,0.26817684417473814,-57.077561940860065,0.7443789058504261,64.83480420131477,69.08319735508175,6.344767849567811,0.11807491892872815,-0.00029303465424920496,0.010309437340321427,-0.003966288376236939,0.00014881285200660338,0.007678514654272973,0.9749279121818236,-0.22252093395631434,1.0,6.123233995736766e-17
2012-04-05,67.18000030517578,67.77999877929688,67.12999725341797,67.72000122070312,59.9815559387207,42979900.0,0.0062213098224647,79.7300033569336,80.16999816894531,79.37999725341797,80.06999969482422,80.06999969482422,0.0,2.174999952316284,2.2090001106262207,2.140000104904175,2.174999952316284,2.174999952316284,0.0,17.020000457763672,17.1299991607666,16.290000915527344,16.700000762939453,16.700000762939453,0.0,0.006221309822464782,0.009675521329654234,0.006240702365232442,67.79300155639649,67.10750083923341,64.66920036315918,58.25140018463136,67.49521129461809,66.50024534556883,0.9949659490492593,1.1267959650468284,63.38800194525283,62.9510819356799,72.40621798025867,1.1048041604687806,-39.523781843547,0.737637664423889,65.2329401420779,68.98206153638893,5.5867397048396175,0.11499261669056227,-0.013724094967912884,-0.00029303465424920496,-0.0038342464790958705,-0.002088034166396118,0.01071392074071833,0.43388373911755823,-0.900968867902419,1.0,6.123233995736766e-17
2012-04-06,67.18000030517578,67.77999877929688,67.12999725341797,67.72000122070312,59.9815559387207,42979900.0,0.0,79.7300033569336,80.16999816894531,79.37999725341797,80.06999969482422,80.06999969482422,0.0,2.174999952316284,2.2090001106262207,2.140000104904175,2.174999952316284,2.174999952316284,0.0,17.020000457763672,17.1299991607666,16.290000915527344,16.700000762939453,16.700000762939453,0.0,0.0,0.009675521329654234,0.0,67.87100143432617,67.24250106811525,64.81560035705567,58.300450191497816,67.52979436016963,66.59059763261581,0.9391967275538207,1.0892761175482268,63.38800194525284,54.56190844300505,63.357369304699304,1.1652207213162586,-39.712930886577766,0.7313779402421046,65.63041668367809,68.8545854525524,4.794837666148514,0.11506110245027242,0.006221309822464782,-0.013724094967912884,-0.001922873563938362,-0.0005972725674474645,0.0041608383741532995,-0.433883739117558,-0.9009688679024191,1.0,6.123233995736766e-17
2012-04-09,66.87999725341797,67.4800033569336,66.76000213623047,67.20999908447266,59.52985000610352,36908200.0,-0.0075592464166945,79.9000015258789,80.08999633789062,79.6500015258789,79.7300033569336,79.7300033569336,0.0,2.032000064849853,2.0439999103546143,2.0190000534057617,2.0369999408721924,2.0369999408721924,0.0,18.940000534057617,18.940000534057617,17.93000030517578,18.809999465942383,18.809999465942383,0.0,-0.007559246416694526,0.010765568933487488,-0.007530747169657626,67.78100128173828,67.35050086975097,64.95080032348633,58.34695018768312,67.48059508698547,66.63647922164225,0.8441158653432268,1.0402440671072268,56.92979319613308,51.142196788954706,56.218395722546546,-1.3213940945731268,-67.33669690301112,0.7477080219728582,66.11037303413022,68.59062870537173,3.68260909601559,0.12000966993691978,0.0,0.006221309822464782,0.010309437340321427,0.01732725198400632,0.00046130008899065994,0.0,1.0,1.0,6.123233995736766e-17
2012-04-10,67.18000030517578,67.44000244140625,65.91999816894531,66.12999725341797,58.573219299316406,69254200.0,-0.0162002839480594,79.7300033569336,80.08999633789062,79.5999984741211,79.88999938964844,79.88999938964844,0.0,2.046999931335449,2.046999931335449,1.965000033378601,1.9880000352859497,1.9880000352859497,0.0,19.100000381469727,21.059999465942383,18.6200008392334,20.38999938964844,20.38999938964844,0.0,-0.016200283948059464,0.022625844977018125,-0.016069765112612155,67.5730010986328,67.34400062561035,65.06280029296876,58.386600170135516,67.27281080489816,66.59896203881082,0.6738487660873318,0.9669650069032478,46.196133468036535,33.64503781655925,46.44971434950634,-3.049408970785604,-92.01525876073336,0.802872039864864,66.07869828957976,68.60930296164094,3.7577284517587835,0.11900011976518825,-0.007559246416694526,0.0,-0.00029303465424920496,0.001467398609260045,0.018430327507199203,0.7818314824680298,0.6234898018587336,1.0,6.123233995736766e-17
2012-04-11,66.70999908447266,66.88999938964844,66.27999877929688,66.44999694824219,58.8566780090332,62950000.0,0.0048277187796025,79.87999725341797,79.94000244140625,79.5,79.77999877929688,79.77999877929688,0.0,2.026000022888184,2.046999931335449,2.0169999599456787,2.0280001163482666,2.0280001163482666,0.0,19.21999931335449,20.1200008392334,18.729999542236328,20.020000457763672,20.020000457763672,0.0,0.004827718779602542,0.009144065638183251,0.004839390989733516,67.4240005493164,67.342000579834,65.17140022277833,58.42690015792848,67.14622405772032,66.58792758765759,0.5582964700627286,0.885231299535144,49.249363107873556,20.266683920857517,35.017972842123825,-2.193119575538864,-79.84799257368299,0.7998099038909786,66.07090123287938,68.6130999267886,3.7750566838231205,0.11962515496757792,-0.016200283948059464,-0.007559246416694526,-0.013724094967912884,-0.003966288376236939,0.003464848786162597,0.9749279121818236,-0.22252093395631434,1.0,6.123233995736766e-17
2012-04-12,66.58000183105469,67.27999877929688,66.4800033569336,67.20999908447266,59.52985000610352,57407400.0,0.0113725651684569,79.69999694824219,79.94000244140625,79.19999694824219,79.27999877929688,79.27999877929688,0.0,2.0369999408721924,2.062999963760376,2.01200008392334,2.049000024795532,2.049000024795532,0.0,19.6299991607666,19.739999771118164,17.200000762939453,17.200000762939453,17.200000762939453,0.0,0.011372565168456996,0.012015551222020875,0.011437478631855624,67.3770004272461,67.36850051879883,65.29140022277832,58.467000160217296,67.1560356002976,66.63400695779204,0.5220286425055605,0.8125907681292274,55.681832260358675,25.72870735669529,26.54680969803735,-0.6944462449524871,-50.950626595497795,0.8019664701169579,66.13393863550304,68.60306240209461,3.6651012677691543,0.12592480206111775,0.004827718779602542,-0.016200283948059464,0.006221309822464782,-0.0038342464790958705,0.002853883270999524,0.43388373911755823,-0.900968867902419,1.0,6.123233995736766e-17
2012-04-13,66.9800033569336,67.19999694824219,66.16000366210938,66.19000244140625,58.62639617919922,55227500.0,-0.015292825620404,79.3499984741211,79.91000366210938,79.19999694824219,79.87999725341797,79.87999725341797,0.0,2.013999938964844,2.026000022888184,1.9809999465942385,1.9980000257492063,1.9980000257492063,0.0,17.950000762939453,19.6200008392334,17.850000381469727,19.549999237060547,19.549999237060547,0.0,-0.015292825620404092,0.015526921976858264,-0.015176484180821403,67.24100036621094,67.35200080871583,65.37420028686523,58.50280017852785,67.00741511431431,66.60111773435605,0.40629737995826076,0.7313320904950341,47.06071840224067,26.48922797246074,24.161539750004515,-2.0133242766984183,-89.73369691343699,0.8196828238488382,66.0621102756092,68.64189134182246,3.830296108856525,0.1378302694157361,0.011372565168456996,0.004827718779602542,0.0,-0.001922873563938362,-0.0007065082542284349,-0.433883739117558,-0.9009688679024191,1.0,6.123233995736766e-17
2012-04-16,66.5199966430664,66.55999755859375,65.23999786376953,65.44999694824219,57.97096633911133,57588000.0,-0.0112427370522078,79.9000015258789,80.16999816894531,79.48999786376953,79.55000305175781,79.55000305175781,0.0,1.9700000286102293,1.9980000257492063,1.94599997997284,1.9739999771118164,1.9739999771118164,0.0,18.8700008392334,20.420000076293945,18.600000381469727,19.549999237060547,19.549999237060547,0.0,-0.011242737052207855,0.01984365245697598,-0.011179773665167536,66.96100006103515,67.27500076293946,65.44320022583008,58.54025016784669,66.76781231953399,66.51584952797725,0.2519627915567355,0.6354582307073745,41.98221136657479,21.886683254597912,24.701539527917976,-4.1025685740041204,-93.65562672727147,0.8554197432042225,65.73458892790065,68.81541259797827,4.579447989801865,0.1402634546230703,-0.015292825620404092,0.011372565168456996,-0.007559246416694526,0.010309437340321427,0.0070409204777222316,0.0,1.0,1.0,6.123233995736766e-17
2012-04-17,65.7300033569336,66.98999786376953,65.62999725341797,66.77999877929688,59.148963928222656,47362400.0,0.0201167694105156,79.55999755859375,80.16999816894531,79.38999938964844,79.47000122070312,79.47000122070312,0.0,2.002000093460083,2.0160000324249268,1.991000056266785,2.009000062942505,2.009000062942505,0.0,18.65999984741211,18.65999984741211,17.579999923706055,18.459999084472656,18.459999084472656,0.0,0.02011676941051562,0.020690712625805786,0.020320475291379925,66.8159996032715,67.25850067138671,65.53620018005371,58.586550159454355,66.76968715949751,66.53541613918611,0.23427102031139668,0.555220788628179,52.006659323565735,21.04543695141418,23.140449392824276,-2.1251714880494257,-53.47436550504899,0.9043183983701597,65.7036452673607,68.81335607541273,4.623520859088924,0.15918954245629258,-0.011242737052207855,-0.015292825620404092,-0.016200283948059464,-0.00029303465424920496,0.001789798168466113,0.7818314824680298,0.6234898018587336,1.0,6.123233995736766e-17
2012-04-18,66.58999633789062,67.0,66.41000366210938,66.61000061035156,58.99839019775391,42536100.0,-0.0025489155149583,79.55999755859375,79.86000061035156,79.38999938964844,79.52999877929688,79.52999877929688,0.0,1.9880000352859497,1.991000056266785,1.972000002861023,1.98199999332428,1.98199999332428,0.0,19.020000457763672,19.170000076293945,17.700000762939453,18.63999938964844,18.63999938964844,0.0,-0.002548915514958356,0.008860134709977586,-0.002545669788087346,66.74699935913087,67.23300056457519,65.61920021057128,58.63080017089844,66.74511999809044,66.540940914828,0.20417908326244572,0.48501244755503237,50.79849276998098,31.41991798989971,24.7840127319706,-1.0252636108732358,-58.610253797980405,0.8818668226216215,65.6520715671798,68.81392956197058,4.702836357502613,0.15938858866226333,0.02011676941051562,-0.011242737052207855,0.004827718779602542,-0.013724094967912884,0.00014881285200660338,0.9749279121818236,-0.22252093395631434,1.0,6.123233995736766e-17
2012-04-19,66.37000274658203,67.16999816894531,65.62000274658203,65.86000061035156,58.33409118652344,81110900.0,-0.0113234818096657,79.58000183105469,79.86000061035156,79.38999938964844,79.55999755859375,79.55999755859375,0.0,1.976999998092652,1.9789999723434448,1.9490000009536743,1.9520000219345093,1.9520000219345093,0.0,18.51000022888184,19.690000534057617,17.690000534057617,18.36000061035156,18.36000061035156,0.0,-0.011323481809665723,0.02335385502817542,-0.011259612491185678,66.5609992980957,67.1770004272461,65.67820022583007,58.67465017318726,66.60894778459216,66.49050089227418,0.11844689231797645,0.41169933650762125,45.74896434381636,35.54885071380441,29.3380685517061,-2.7466045139156456,-81.26882855555735,0.9295902940317401,65.4830328435177,68.8709680109745,5.0432962857964805,0.16400464282201685,-0.002548915514958356,0.02011676941051562,0.011372565168456996,0.006221309822464782,-0.002088034166396118,0.43388373911755823,-0.900968867902419,1.0,6.123233995736766e-17
2012-04-20,66.22000122070312,66.51000213623047,65.58000183105469,65.68000030517578,58.17465591430664,59906900.0,-0.0027368824351011,79.52999877929688,79.61000061035156,79.12000274658203,79.18000030517578,79.18000030517578,0.0,1.995000004768372,1.996000051498413,1.963000059127808,1.9700000286102293,1.9700000286102293,0.0,17.920000076293945,18.049999237060547,16.969999313354492,17.440000534057617,17.440000534057617,0.0,-0.0027368824351011382,0.014044099789068329,-0.0027331405868140646,66.35699920654297,67.11400032043457,65.74240020751952,58.71380018234253,66.46603278775888,66.43046381174838,0.035568976010495135,0.3364732644081961,44.60302669909706,24.47134064309625,30.480036448933454,-3.0124053141683667,-86.7068957171735,0.9296195805420288,65.2938956166243,68.93410502424484,5.423919584945663,0.16413789996421843,-0.011323481809665723,-0.002548915514958356,-0.015292825620404092,0.0,-0.0005972725674474645,-0.433883739117558,-0.9009688679024191,1.0,6.123233995736766e-17
2012-04-23,65.05999755859375,65.18000030517578,64.48999786376953,65.08000183105469,57.64324569702149,70514400.0,-0.0091767151563067,79.23999786376953,79.63999938964844,79.13999938964844,79.41999816894531,79.41999816894531,0.0,1.9229999780654907,1.937000036239624,1.909999966621399,1.932999968528748,1.932999968528748,0.0,20.21999931335449,20.270000457763672,18.950000762939453,18.96999931335449,18.96999931335449,0.0,-0.009176715156306723,0.010605632758974918,-0.009134737609242327,66.14399948120118,66.96250038146974,65.78300025939942,58.751500186920175,66.25279725595823,66.33042959095626,-0.0776323349980288,0.2536521445269511,40.923328057589,16.652507340714674,25.55756623253844,-3.1691672108801683,-82.06675370512514,0.9482183563180445,64.9931671238411,68.93183363909837,5.881898813245628,0.15146713712236756,-0.0027368824351011382,-0.011323481809665723,-0.011242737052207855,-0.007559246416694526,0.01732725198400632,0.0,1.0,1.0,6.123233995736766e-17
2012-04-24,64.95999908447266,65.2300033569336,64.44999694824219,64.7300033569336,57.333229064941406,49661500.0,-0.0053927098396307,79.36000061035156,79.63999938964844,79.08999633789062,79.22000122070312,79.22000122070312,0.0,1.9539999961853027,1.963000059127808,1.937000036239624,1.9609999656677248,1.9609999656677248,0.0,19.21999931335449,19.21999931335449,18.09000015258789,18.100000381469727,18.100000381469727,0.0,-0.005392709839630706,0.012007487987755385,-0.005378195282575882,66.00400009155274,66.78850059509278,65.81340034484863,58.780900211334234,66.0185212714929,66.21187949954717,-0.19335822805426517,0.16425007001070788,38.90693307334297,13.21164893856723,18.11183230745938,-2.1170330479818906,-91.59140376199969,0.9362032172018561,64.67368715474576,68.9033140354398,6.3328669501599935,0.1511760161186272,-0.009176715156306723,-0.0027368824351011382,0.02011676941051562,-0.016200283948059464,0.001467398609260045,0.7818314824680298,0.6234898018587336,1.0,6.123233995736766e-17
2012-04-25,66.06999969482422,66.48999786376953,65.97000122070312,66.44999694824219,58.8566780090332,57526900.0,0.0262249328493019,79.19000244140625,79.43000030517578,78.98999786376953,79.01000213623047,79.01000213623047,0.0,1.9880000352859497,2.0369999408721924,1.965999960899353,1.9839999675750728,1.9839999675750728,0.0,17.049999237060547,17.3799991607666,16.81999969482422,16.81999969482422,16.81999969482422,0.0,0.026224932849301996,0.007870389669566498,0.026571832233035053,66.00400009155274,66.71400032043458,65.8870002746582,58.820150203704834,66.08490214483894,66.22951782908014,-0.1446156842412023,0.10247691916032584,51.54287607812419,28.800623189317346,19.55492648953308,0.0,-39.93997296492313,0.995045452175719,64.66606462737148,68.76193601349767,6.1394480415704,0.18237236843387483,-0.005392709839630706,-0.009176715156306723,-0.002548915514958356,0.004827718779602542,-0.003966288376236939,0.9749279121818236,-0.22252093395631434,1.0,6.123233995736766e-17
2012-04-26,66.44000244140625,66.98999786376953,66.3499984741211,66.83999633789062,59.202110290527344,41799500.0,0.0058518856958275,78.81999969482422,79.30999755859375,78.81999969482422,78.91000366210938,78.91000366210938,0.0,1.9539999961853027,1.968000054359436,1.9299999475479128,1.9589999914169312,1.9589999914169312,0.0,16.969999313354492,17.040000915527344,15.75,16.239999771118164,16.239999771118164,0.0,0.005851885695827537,0.009632741814133074,0.005869041427059907,65.96699981689453,66.67200012207032,65.9512001800537,58.85940017700196,66.2010704822315,66.2747384593624,-0.07366797713089568,0.06724793990208154,53.872559299628385,49.115441361872854,30.375904496585807,-0.5505174105373735,-21.122299187458616,0.9696850191380562,64.67362543740278,68.67037480673785,5.994644471468376,0.18368872963217914,0.026224932849301996,-0.005392709839630706,-0.011323481809665723,0.011372565168456996,-0.0038342464790958705,0.43388373911755823,-0.900968867902419,1.0,6.123233995736766e-17
2012-04-27,67.12000274658203,67.44999694824219,66.7699966430664,67.23999786376953,59.55638885498047,46003800.0,0.0059663875505752,79.16000366210938,79.25,78.66999816894531,78.69999694824219,78.69999694824219,0.0,1.950999975204468,1.9579999446868896,1.9259999990463257,1.932999968528748,1.932999968528748,0.0,15.829999923706056,16.469999313354492,15.829999923706056,16.31999969482422,16.31999969482422,0.0,0.005966387550575257,0.010131112594604431,0.0059842218919992085,66.07199935913087,66.6564998626709,66.02740013122558,58.897600173950195,66.36090546400658,66.34623915598515,0.014666308021432428,0.05673161352595173,56.198560962965125,77.31258612173212,51.742883557640766,1.5863353733711894,-6.999969482421875,0.9489932538550365,64.6821347449564,68.6308649803854,5.9239987751597685,0.18507851257640276,0.005851885695827537,0.026224932849301996,-0.0027368824351011382,-0.015292825620404092,-0.001922873563938362,-0.433883739117558,-0.9009688679024191,1.0,6.123233995736766e-17
2012-04-30,67.04000091552734,67.16999816894531,66.70999908447266,66.76000213623047,59.13124084472656,37787700.0,-0.0071641809637418,78.7699966430664,78.91000366210938,78.62999725341797,78.79000091552734,78.79000091552734,0.0,1.919000029563904,1.924000024795532,1.906999945640564,1.914999961853028,1.914999961853028,0.0,17.040000915527344,17.40999984741211,16.920000076293945,17.149999618530273,17.149999618530273,0.0,-0.007164180963741843,0.006861561428859027,-0.007138579393877298,66.20299987792968,66.58199996948242,66.09400016784667,58.934000186920166,66.42230495204102,66.37688826563294,0.045416686408074725,0.05446862810237633,52.76045244759754,82.95930142102074,69.7957763015419,2.0015359038507405,-22.99982706705729,0.9190650771008821,64.75376964672483,68.41023029224002,5.491665385826657,0.18225268155782642,0.005966387550575257,0.005851885695827537,-0.009176715156306723,-0.011242737052207855,0.010309437340321427,0.0,1.0,1.0,6.123233995736766e-17
2012-05-01,66.69000244140625,67.62999725341797,66.58999633789062,66.87000274658203,59.22868728637695,37643800.0,0.0016466124169986,78.77999877929688,78.97000122070312,78.5999984741211,78.86000061035156,78.86000061035156,0.0,1.919000029563904,1.9609999656677248,1.899999976158142,1.955999970436096,1.955999970436096,0.0,17.270000457763672,17.489999771118164,16.010000228881836,16.600000381469727,16.600000381469727,0.0,0.0016466124169986038,0.015594555067546851,0.0016479688276165305,66.21200027465821,66.51399993896484,66.15920021057129,58.9702001953125,66.49118153581655,66.41341526422177,0.07776627159478267,0.059128156800857604,53.46309474613659,82.03366913862875,80.76851889379387,0.13477683277984615,-23.899196034634574,0.9277033512742008,64.85007468833182,68.17792518959787,5.003233160417036,0.18249699438501793,-0.007164180963741843,0.005966387550575257,-0.005392709839630706,0.02011676941051562,-0.00029303465424920496,0.7818314824680298,0.6234898018587336,0.8660254037844387,-0.4999999999999998
2012-05-02,66.54000091552734,67.11000061035156,66.37999725341797,67.05999755859375,59.3969612121582,38299300.0,0.0028370599575989,78.83000183105469,79.30999755859375,78.5999984741211,79.12999725341797,79.12999725341797,0.0,1.909999966621399,1.937999963760376,1.899999976158142,1.9220000505447388,1.9220000505447388,0.0,17.25,17.6299991607666,16.780000686645508,16.8799991607666,16.8799991607666,0.0,0.002837059957598924,0.010970894903658544,0.002841088220774335,66.25699996948242,66.50199966430664,66.23400016784667,59.015050182342534,66.57869169316689,66.46131024899006,0.11738144417682861,0.0707788142760518,54.71596194305048,78.39215330443673,81.12837462136207,0.6755696503810803,-17.92451698499793,0.9135819231070146,64.8586073599217,68.14539196869157,4.942384628073022,0.17656200781995324,0.0016466124169986038,-0.007164180963741843,0.026224932849301996,-0.002548915514958356,-0.013724094967912884,0.9749279121818236,-0.22252093395631434,0.8660254037844387,-0.4999999999999998
2012-05-03,67.0999984741211,67.1500015258789,66.18000030517578,66.3499984741211,58.7680892944336,51297600.0,-0.0106440584996276,79.16999816894531,79.41999816894531,78.80999755859375,79.22000122070312,79.22000122070312,0.0,1.924000024795532,1.955999970436096,1.914999961853028,1.924000024795532,1.924000024795532,0.0,16.899999618530273,17.920000076293945,16.729999542236328,17.559999465942383,17.559999465942383,0.0,-0.010644058499627672,0.014456054288544162,-0.010587610963435523,66.30599975585938,66.43349952697754,66.28620010375975,59.05585018157959,66.543508121006,66.4530649323331,0.09044318867289292,0.07471168915542004,49.36727227413938,72.64158563434731,77.68913602580426,0.7439991789075625,-40.25153007732558,0.9176118729353082,64.89287504947832,67.97412400447676,4.6380952033803355,0.17859146587356345,0.002837059957598924,0.0016466124169986038,0.005851885695827537,-0.011323481809665723,0.006221309822464782,0.43388373911755823,-0.900968867902419,0.8660254037844387,-0.4999999999999998
2012-05-04,65.73999786376953,66.3499984741211,64.69000244140625,64.69999694824219,57.30665588378906,107554000.0,-0.0251822330107151,79.19999694824219,79.5199966430664,79.08000183105469,79.47000122070312,79.47000122070312,0.0,1.9359999895095823,1.9539999961853027,1.8730000257492063,1.8799999952316284,1.8799999952316284,0.0,18.030000686645508,19.280000686645508,17.809999465942383,19.15999984741211,19.15999984741211,0.0,-0.025182233010715163,0.025250929215951446,-0.024867805439830137,66.20799942016602,66.28249931335449,66.30100006103515,59.089350166320806,66.25989101750388,66.32320804462266,-0.06331702711878506,0.04710594590057902,39.66358901899367,49.89519580111434,66.97631157996612,-1.492087929933165,-92.13836553433347,0.9706393129195608,64.68196247904447,67.88303614766451,4.829440201834835,0.19799624365925295,-0.010644058499627672,0.002837059957598924,0.005966387550575257,-0.0027368824351011382,0.0,-0.433883739117558,-0.9009688679024191,0.8660254037844387,-0.4999999999999998
2012-05-07,64.30999755859375,65.06999969482422,64.29000091552734,64.76000213623047,57.359806060791016,50267800.0,0.0009270396924618,79.91000366210938,80.02999877929688,79.5,79.5999984741211,79.5999984741211,0.0,1.8730000257492063,1.8819999694824217,1.8589999675750728,1.8769999742507928,1.8769999742507928,0.0,19.799999237060547,19.8700008392334,18.40999984741211,18.940000534057617,18.940000534057617,0.0,0.0009270396924618796,0.0121287328394968,0.0009274695265717448,66.17599945068359,66.15999946594239,66.31520004272461,59.12450017929078,66.02913888192334,66.20741501437138,-0.1782761324480333,0.0020295302308565508,40.124519712402524,27.227337550921998,49.92137299546121,-0.4917020372170952,-85.92809173557494,0.957022131946512,64.48505853519912,67.83494039668567,5.063303942756214,0.19728594885645961,-0.025182233010715163,-0.010644058499627672,-0.007164180963741843,-0.009176715156306723,-0.007559246416694526,0.0,1.0,0.8660254037844387,-0.4999999999999998
2012-05-08,64.3499984741211,64.73999786376953,63.47999954223633,64.5199966430664,57.14722442626953,72659700.0,-0.0037129926056703,79.58000183105469,80.02999877929688,79.52999877929688,79.7300033569336,79.7300033569336,0.0,1.8539999723434448,1.8609999418258667,1.815999984741211,1.837000012397766,1.837000012397766,0.0,19.440000534057617,20.90999984741211,17.950000762939453,19.049999237060547,19.049999237060547,0.0,-0.0037129926056703433,0.019580393961313336,-0.003706107972125783,66.15499877929688,66.07949943542481,66.3116000366211,59.16575016021729,65.79696315286843,66.08242106094139,-0.28545790807295646,-0.055467957429906053,38.84625050706457,15.664575885228851,30.929036412421727,-0.3244348879594064,-74.93981507440502,0.980092164949914,64.25078790425874,67.90821096659087,5.534883123481118,0.1900928726827656,0.0009270396924618796,-0.025182233010715163,0.0016466124169986038,-0.005392709839630706,-0.016200283948059464,0.7818314824680298,0.6234898018587336,0.8660254037844387,-0.4999999999999998
2012-05-09,63.77000045776367,64.68000030517578,63.5099983215332,64.31999969482422,56.97006988525391,85715300.0,-0.0031047823976849,79.9000015258789,80.2699966430664,79.55999755859375,80.08000183105469,80.08000183105469,0.0,1.7999999523162842,1.8450000286102293,1.7929999828338623,1.8350000381469729,1.8350000381469729,0.0,20.64999961853028,21.59000015258789,19.3799991607666,20.07999992370605,20.07999992370605,0.0,-0.003104782397684978,0.018347216171301382,-0.0030999675451286457,65.94199905395509,65.97299957275392,66.30979995727539,59.203300151824955,65.56973800547702,65.95187133011788,-0.38213332464086136,-0.12080103087209712,37.76654188341547,19.79102396187115,20.89431246600733,-3.2054136211278093,-79.75902130440657,0.9936571519993901,63.99328085960114,67.9527182859067,6.001602855633621,0.1888200003751713,-0.0037129926056703433,0.0009270396924618796,0.002837059957598924,0.026224932849301996,0.004827718779602542,0.9749279121818236,-0.22252093395631434,0.8660254037844387,-0.4999999999999998
2012-05-10,64.61000061035156,64.62999725341797,63.95000076293945,64.19000244140625,56.854923248291016,49448900.0,-0.002023223073803,80.11000061035156,80.2699966430664,79.86000061035156,80.11000061035156,80.11000061035156,0.0,1.8949999809265137,1.9210000038146973,1.883000016212464,1.883999943733216,1.883999943733216,0.0,19.25,19.8799991607666,18.770000457763672,18.82999992370605,18.82999992370605,0.0,-0.0020232230738030893,0.010524632163052003,-0.0020211777376228923,65.67699966430663,65.82199974060059,66.2952000427246,59.25340017318726,65.35747099561998,65.82136252354665,-0.46389152792667687,-0.1894191302830131,37.0457801844958,20.803225550458052,18.752941799186015,-3.96468288700688,-82.89148696981424,0.9712528190336134,63.779838792129894,67.86416068907128,6.205101505632443,0.18246657683120893,-0.003104782397684978,-0.0037129926056703433,-0.010644058499627672,0.005851885695827537,0.011372565168456996,0.43388373911755823,-0.900968867902419,0.8660254037844387,-0.4999999999999998
2012-05-11,63.970001220703125,64.86000061035156,63.90999984741211,64.18000030517578,56.84607696533203,47099900.0,-0.0001556060713663,80.19999694824219,80.33000183105469,80.06999969482422,80.27999877929688,80.27999877929688,0.0,1.8509999513626096,1.861999988555908,1.838000059127808,1.840999960899353,1.840999960899353,0.0,19.93000030517578,19.940000534057617,18.6200008392334,19.88999938964844,19.88999938964844,0.0,-0.00015560607136636418,0.014850722914039851,-0.00015559396536957149,65.37099990844727,65.72149963378907,66.28139999389647,59.30515016555786,65.17632165862857,65.69978013700066,-0.5234584783720919,-0.25622699990082887,36.987290366636174,18.072329764061607,19.555526425463604,-4.550859095494629,-83.13250243359435,0.9697348150268876,63.56117645664118,67.88182281093695,6.574174932664535,0.17596473253657352,-0.0020232230738030893,-0.003104782397684978,-0.025182233010715163,0.005966387550575257,-0.015292825620404092,-0.433883739117558,-0.9009688679024191,0.8660254037844387,-0.4999999999999998
2012-05-14,63.630001068115234,64.08000183105469,63.47999954223633,63.58000183105469,56.31464385986328,46360000.0,-0.0093926056418301,80.41000366210938,80.72000122070312,80.22000122070312,80.5999984741211,80.5999984741211,0.0,1.781000018119812,1.7979999780654907,1.7669999599456787,1.787999987602234,1.787999987602234,0.0,21.46999931335449,21.8700008392334,20.940000534057617,21.8700008392334,21.8700008392334,0.0,-0.009392605641830108,0.009429550192464452,-0.00934863290201804,65.0529998779297,65.62799987792968,66.26900009155274,59.37010017395019,64.93073399284798,65.54275952174541,-0.6120255288974334,-0.3273867057001498,33.56390299266825,12.128568544019638,17.001374619513097,-4.763331640832893,-97.59030496453249,0.9504680970206424,63.26576689618851,67.99023285967085,7.198857152846365,0.17473015389052712,-0.00015560607136636418,-0.0020232230738030893,0.0009270396924618796,-0.007164180963741843,-0.011242737052207855,0.0,1.0,0.8660254037844387,-0.4999999999999998
2012-05-15,63.75,64.2699966430664,63.2599983215332,63.369998931884766,56.12863159179688,66908600.0,-0.0033085560163879,80.66000366210938,81.29000091552734,80.3499984741211,81.22000122070312,81.22000122070312,0.0,1.7929999828338623,1.809999942779541,1.7669999599456787,1.7769999504089355,1.7769999504089355,0.0,21.43000030517578,22.700000762939453,20.76000022888184,21.96999931335449,21.96999931335449,0.0,-0.00330855601638791,0.01584311092601103,-0.0033030887761500427,64.70299949645997,65.45749988555909,66.26500007629394,59.421800174713134,64.69062090654594,65.38181429286685,-0.6911933863209043,-0.40014804182430075,32.432433391189065,7.26478988512411,12.488562731068452,-5.234041679288197,-97.48282294650082,0.9547202559143967,62.95715258375678,67.9578471873614,7.639605258904554,0.15506090474817225,-0.009392605641830108,-0.00015560607136636418,-0.0037129926056703433,0.0016466124169986038,0.02011676941051562,0.7818314824680298,0.6234898018587336,0.8660254037844387,-0.4999999999999998
2012-05-16,63.59000015258789,63.77999877929688,62.810001373291016,62.93999862670898,55.747779846191406,52825900.0,-0.0068084632303287,81.2300033569336,81.56999969482422,80.4800033569336,81.37000274658203,81.37000274658203,0.0,1.809999942779541,1.819000005722046,1.7519999742507937,1.7649999856948853,1.7649999856948853,0.0,21.540000915527344,22.690000534057617,20.82999992370605,22.270000457763672,22.270000457763672,0.0,-0.006808463230328757,0.015253929921030059,-0.006785338156384602,64.29099960327149,65.27399978637696,66.24260009765625,59.48220016479492,64.42129440195563,65.20093905833663,-0.7796446563809951,-0.4760473647356397,30.188354929231448,2.5413042823016,7.3115542371484485,-6.143750494898122,-97.30295924206189,0.9558114809209303,62.59732243010857,67.95067714264535,8.201358473598628,0.15577031155684404,-0.00330855601638791,-0.009392605641830108,-0.003104782397684978,0.002837059957598924,-0.002548915514958356,0.9749279121818236,-0.22252093395631434,0.8660254037844387,-0.4999999999999998
2012-05-17,62.959999084472656,63.060001373291016,61.59999847412109,61.61000061035156,54.56974792480469,62253900.0,-0.021357924272979,81.38999938964844,81.68000030517578,81.16999816894531,81.37999725341797,81.37999725341797,0.0,1.7710000276565552,1.7760000228881836,1.7020000219345093,1.7020000219345093,1.7020000219345093,0.0,21.989999771118164,24.51000022888184,21.8700008392334,24.489999771118164,24.489999771118164,0.0,-0.021357924272979015,0.023189372941557082,-0.02113145895023838,63.81699981689452,65.06149978637697,66.17980010986328,59.52475017547607,63.988787664785775,64.93494361774515,-0.9461559529593728,-0.5700690823803863,24.53388667260267,1.7933635836647897,3.8664859170301664,-7.143930629656762,-99.83412706044292,0.9918251536530016,61.942450473504294,68.18054909924965,9.588003114326497,0.16671198599298942,-0.006808463230328757,-0.00330855601638791,-0.0020232230738030893,-0.010644058499627672,-0.011323481809665723,0.43388373911755823,-0.900968867902419,0.8660254037844387,-0.4999999999999998
2012-05-18,61.79999923706055,61.959999084472656,60.7599983215332,60.810001373291016,53.86114883422852,79496500.0,-0.0130702447236481,81.5,81.75,81.01000213623047,81.29000091552734,81.29000091552734,0.0,1.718000054359436,1.743000030517578,1.7000000476837158,1.7020000219345093,1.7020000219345093,0.0,23.270000457763672,25.13999938964844,23.06999969482422,25.100000381469727,25.100000381469727,0.0,-0.013070244723648117,0.019417488313168627,-0.012985199996756291,63.42800025939941,64.81799983978271,66.09560020446777,59.56095018386841,63.499743619940425,64.62939234037817,-1.1296487204377499,-0.6819850099918591,21.87923404495998,1.1969200900047174,1.843862651990369,-6.012358204689,-99.27215342748103,1.0066948400306053,61.18432467220423,68.4516750073612,11.211932415564242,0.17021824237825084,-0.021357924272979015,-0.006808463230328757,-0.00015560607136636418,-0.025182233010715163,-0.0027368824351011382,-0.433883739117558,-0.9009688679024191,0.8660254037844387,-0.4999999999999998
2012-05-21,60.93000030517578,62.56999969482422,60.84999847412109,62.5099983215332,55.36690521240234,61473000.0,0.0275726192499774,81.22000122070312,81.93000030517578,80.88999938964844,81.08000183105469,81.08000183105469,0.0,1.7350000143051147,1.746999979019165,1.7230000495910645,1.7350000143051147,1.7350000143051147,0.0,24.8799991607666,24.8799991607666,22.01000022888184,22.01000022888184,22.01000022888184,0.0,0.027572619249977472,0.028229135271430884,0.02795626180956834,63.20299987792968,64.68949966430664,66.04480010986329,59.601700172424316,63.347475112493164,64.4724001908341,-1.1249250783409295,-0.7705730236616732,37.38413458546418,9.426749083268827,4.139010918979444,-3.474372669049812,-72.61347226226955,1.0605022315665051,60.91576614027567,68.4632331883376,11.667221244913026,0.20199028939178326,-0.013070244723648117,-0.021357924272979015,-0.009392605641830108,0.0009270396924618796,-0.009176715156306723,0.0,1.0,0.8660254037844387,-0.4999999999999998
2012-05-22,62.68999862670898,62.95000076293945,61.9900016784668,62.43999862670898,55.304908752441406,62954800.0,-0.0011203659581392,80.95999908447266,81.76000213623047,80.94999694824219,81.66999816894531,81.66999816894531,0.0,1.7929999828338623,1.8049999475479128,1.781000018119812,1.7929999828338623,1.7929999828338623,0.0,21.76000022888184,23.190000534057617,19.979999542236328,22.479999542236328,22.479999542236328,0.0,-0.0011203659581392354,0.015313432852168705,-0.001119738582517793,62.995000076293934,64.57499942779542,65.96840003967286,59.64440015792848,63.20786334544944,64.32185192682482,-1.1139885813753807,-0.8392561352044148,37.0579848879676,18.13514857143398,9.586272581569174,-3.223803664876592,-73.70892859594747,1.053323435345516,60.66976769640871,68.48023115918213,12.095181621343547,0.20161155413674467,0.027572619249977472,-0.013070244723648117,-0.00330855601638791,-0.0037129926056703433,-0.005392709839630706,0.7818314824680298,0.6234898018587336,0.8660254037844387,-0.4999999999999998
2012-05-23,61.90999984741211,62.709999084472656,61.369998931884766,62.560001373291016,55.41117858886719,56951100.0,0.0019196825251506,81.72000122070312,82.22000122070312,80.94999694824219,82.08999633789062,82.08999633789062,0.0,1.743000030517578,1.7450000047683716,1.7070000171661377,1.7209999561309814,1.7209999561309814,0.0,23.31999969482422,24.6200008392334,21.989999771118164,22.32999992370605,22.32999992370605,0.0,0.001919682525150623,0.021644324921507873,0.0019215262952783085,62.81900024414063,64.38049964904786,65.88980010986327,59.68930015563966,63.10819227280969,64.19134447841492,-1.0831522056052307,-0.888035349284578,38.05570942944901,28.626003545912656,18.729300400205155,-2.736315811386468,-67.79958850404502,1.0738003437199715,60.48098648538492,68.28001281271081,12.11395744028096,0.17326720869632972,-0.0011203659581392354,0.027572619249977472,-0.006808463230328757,-0.003104782397684978,0.026224932849301996,0.9749279121818236,-0.22252093395631434,0.8660254037844387,-0.4999999999999998
2012-05-24,62.650001525878906,62.709999084472656,61.68999862670898,62.150001525878906,55.04804992675781,83131200.0,-0.0065749141134515,81.98999786376953,82.37000274658203,81.83999633789062,82.29000091552734,82.29000091552734,0.0,1.753000020980835,1.7769999504089355,1.75,1.758999943733215,1.758999943733215,0.0,22.0,23.21999931335449,21.479999542236328,21.540000915527344,21.540000915527344,0.0,-0.006574914113451513,0.016280932688283276,-0.006553346659591397,62.61500015258789,64.14599990844727,65.79920013427734,59.74530015945435,62.96077831174341,64.04013388933818,-1.079355577594768,-0.9262993949466161,35.9584681985871,30.247375672396206,25.669509263247612,-3.17806642457989,-67.74935588281892,1.0699574947230934,60.305614533385246,67.98638528350928,11.973888880189653,0.17042310529358257,0.001919682525150623,-0.0011203659581392354,-0.021357924272979015,-0.0020232230738030893,0.005851885695827537,0.43388373911755823,-0.900968867902419,0.8660254037844387,-0.4999999999999998
2012-05-25,62.209999084472656,62.31999969482422,61.88999938964844,62.06999969482422,54.9771842956543,32078900.0,-0.0012881706892748,82.29000091552734,82.45999908447266,81.83999633789062,82.4000015258789,82.4000015258789,0.0,1.7619999647140503,1.7640000581741333,1.7400000095367432,1.7450000047683716,1.7450000047683716,0.0,22.049999237060547,22.290000915527344,21.299999237060547,21.76000022888184,21.76000022888184,0.0,-0.0012881706892748216,0.006912077021443124,-0.0012873413535593459,62.40400009155274,63.8875,65.7102001953125,59.80550016403199,62.823735447602,63.89419802307789,-1.0704625754758936,-0.9551320310524716,35.54681623703443,32.13409692783624,30.335825382048366,-3.2876294800849384,-68.04876482962734,1.0242462668982855,60.232476962451976,67.54252303754802,11.44205998841095,0.16691017856152465,-0.006574914113451513,0.001919682525150623,-0.013070244723648117,-0.00015560607136636418,0.005966387550575257,-0.433883739117558,-0.9009688679024191,0.8660254037844387,-0.4999999999999998
2012-05-28,62.209999084472656,62.31999969482422,61.88999938964844,62.06999969482422,54.9771842956543,32078900.0,0.0,82.29000091552734,82.45999908447266,81.83999633789062,82.4000015258789,82.4000015258789,0.0,1.7619999647140503,1.7640000581741333,1.7400000095367432,1.7450000047683716,1.7450000047683716,0.0,22.049999237060547,22.290000915527344,21.299999237060547,21.76000022888184,21.76000022888184,0.0,0.0,0.006912077021443124,0.0,62.252999877929696,63.65299987792969,65.61180023193359,59.86480016708375,62.7077761010208,63.75907222098503,-1.0512961199642348,-0.9743648488348242,35.54681623703443,32.051038152642136,31.477503584291526,-2.3749639709713426,-68.04876482962734,0.9818001267752494,60.17651037919296,67.12948937666641,10.923254223379105,0.16704622258131702,-0.0012881706892748216,-0.006574914113451513,0.027572619249977472,-0.009392605641830108,-0.007164180963741843,0.0,1.0,0.8660254037844387,-0.4999999999999998
2012-05-29,62.650001525878906,63.150001525878906,62.27999877929688,62.86000061035156,55.676902770996094,44216700.0,0.0126471207799138,82.23999786376953,82.61000061035156,82.02999877929688,82.44000244140625,82.44000244140625,0.0,1.72599995136261,1.7400000095367432,1.7070000171661377,1.7309999465942385,1.7309999465942385,0.0,21.700000762939453,22.46999931335449,20.989999771118164,21.030000686645508,21.030000686645508,0.0,0.012647120779913859,0.01388671548910739,0.012727433831075663,62.20200004577637,63.45249977111817,65.52680023193359,59.917700176239016,62.731195256302456,63.69247432390107,-0.9612790675986105,-0.9717476925875815,43.01760929803907,38.37400325582679,34.18637944543505,-0.8047945875482668,-48.78046057326494,0.9888145342237807,60.310789345577746,66.5942101966586,9.902558407857855,0.17598985932714986,0.0,-0.0012881706892748216,-0.0011203659581392354,-0.00330855601638791,0.0016466124169986038,0.7818314824680298,0.6234898018587336,0.8660254037844387,-0.4999999999999998
2012-05-30,62.290000915527344,62.54999923706055,61.68000030517578,62.33000183105469,55.20746994018555,56431800.0,-0.0084671198272953,82.5,83.0999984741211,82.02999877929688,83.01000213623047,83.01000213623047,0.0,1.687999963760376,1.687999963760376,1.61899995803833,1.625,1.625,0.0,22.68000030517578,24.13999938964844,22.65999984741211,24.13999938964844,24.13999938964844,0.0,-0.008467119827295339,0.0139669115282979,-0.00843137472537514,62.14100036621094,63.21599998474122,65.43100021362305,59.96590019226075,62.66947319087973,63.591550435542075,-0.9220772446623471,-0.9618136030025347,39.693511373201424,40.4878405817193,36.97096066339607,-0.969171923997205,-61.707252851949825,1.0024706607203522,60.540125145014684,65.89187482446775,8.465815111276962,0.175512473273873,0.012647120779913859,0.0,0.001919682525150623,-0.006808463230328757,0.002837059957598924,0.9749279121818236,-0.22252093395631434,0.8660254037844387,-0.4999999999999998
2012-05-31,62.25,62.40999984741211,61.59000015258789,62.060001373291016,54.96833038330078,55260100.0,-0.004341060953993,83.0999984741211,83.20999908447266,82.47000122070312,83.04000091552734,83.04000091552734,0.0,1.6169999837875366,1.6169999837875366,1.5329999923706057,1.5809999704360962,1.5809999704360962,0.0,23.82999992370605,25.459999084472656,22.780000686645508,24.059999465942383,24.059999465942383,0.0,-0.004341060953993014,0.01317268586063002,-0.004331652168517386,62.18600044250489,63.00150012969971,65.3326001739502,60.017050189971926,62.57570829586608,63.47810235685681,-0.9023940609907299,-0.9499296946001738,38.07919157655371,42.183142755830005,40.34832886445869,0.7304021400445256,-62.9628583072952,0.9894370202991999,60.72550934478084,65.27749091461858,7.225195527831378,0.1736002160780063,-0.008467119827295339,0.012647120779913859,-0.006574914113451513,-0.021357924272979015,-0.010644058499627672,0.43388373911755823,-0.900968867902419,0.8660254037844387,-0.4999999999999998
2012-06-01,60.93999862670898,61.31999969482422,60.38999938964844,60.40999984741211,53.50687789916992,71430800.0,-0.026947003674848,83.06999969482422,83.54000091552734,82.6500015258789,82.88999938964844,82.88999938964844,0.0,1.5210000276565552,1.5260000228881836,1.440000057220459,1.4670000076293943,1.4670000076293943,0.0,25.8700008392334,26.709999084472656,23.940000534057617,26.65999984741211,26.65999984741211,0.0,-0.02694700367484803,0.015260917724539916,-0.02658717253989662,62.146000289917005,62.7870002746582,65.20200012207032,60.053450183868414,62.242522380719315,63.25083550430534,-1.0083131235860279,-0.9616063803973447,30.03909264836009,25.281788307069913,35.98425721487307,-0.6577890426665819,-99.48452391954523,1.0380488033951556,60.380149733033775,65.19385081628262,7.666716138996257,0.17663147029856283,-0.004341060953993014,-0.008467119827295339,-0.0012881706892748216,-0.013070244723648117,-0.025182233010715163,-0.433883739117558,-0.9009688679024191,0.49999999999999994,-0.8660254037844387
2012-06-04,60.58000183105469,60.959999084472656,60.040000915527344,60.869998931884766,53.914310455322266,74119500.0,0.0075857382728131,82.47000122070312,83.06999969482422,82.47000122070312,82.55000305175781,82.55000305175781,0.0,1.5,1.531999945640564,1.4869999885559082,1.5269999504089355,1.5269999504089355,0.0,26.350000381469727,27.729999542236328,25.71999931335449,26.1200008392334,26.1200008392334,0.0,0.007585738272813131,0.015186499523572159,0.00761458287512351,61.982000350952156,62.59250011444092,65.05720008850098,60.08475017547608,62.03136492705246,63.07447723968159,-1.043112312629134,-0.9779075668437026,34.2096416616095,19.915030259857026,29.126653774252315,-2.62357932120356,-77.8075269935885,1.029616615220167,60.22865103108933,64.9563491977925,7.55313840805096,0.18035238740885837,-0.02694700367484803,-0.004341060953993014,0.0,0.027572619249977472,0.0009270396924618796,0.0,1.0,0.49999999999999994,-0.8660254037844387
2012-06-05,60.65999984741211,61.2400016784668,60.630001068115234,61.119998931884766,54.13573455810547,47916900.0,0.0040985529013883,82.5,82.94000244140625,82.30000305175781,82.80000305175781,82.80000305175781,0.0,1.5470000505447388,1.5740000009536743,1.531999945640564,1.555999994277954,1.555999994277954,0.0,25.89999961853028,25.89999961853028,24.5,24.68000030517578,24.68000030517578,0.0,0.004098552901388347,0.010056060202538667,0.004106963455772883,61.85000038146973,62.42250022888184,64.91540008544922,60.11550016403199,61.89115477394974,62.92970106873368,-1.0385462947839414,-0.9900353124317504,36.427702370930135,19.14485553059497,21.44722469917397,-2.114029026034565,-65.27338249508136,0.9996440434438381,60.1552512831069,64.68974917465677,7.264204213101726,0.1821216063662185,0.007585738272813131,-0.02694700367484803,0.012647120779913859,-0.0011203659581392354,-0.0037129926056703433,0.7818314824680298,0.6234898018587336,0.49999999999999994,-0.8660254037844387
2012-06-06,61.58000183105469,62.56999969482422,61.52000045776367,62.52000045776367,55.375762939453125,58781800.0,0.0226475102818601,82.81999969482422,82.94000244140625,82.12000274658203,82.31999969482422,82.31999969482422,0.0,1.590000033378601,1.6710000038146973,1.5540000200271606,1.6510000228881836,1.6510000228881836,0.0,23.76000022888184,23.88999938964844,21.799999237060547,22.15999984741211,22.15999984741211,0.0,0.022647510281860166,0.017050977684950865,0.022905912175564813,61.846000289917,62.33250026702881,64.80700004577636,60.15280015945435,61.987900263767266,62.89935287532849,-0.9114526115612236,-0.9743187722576451,47.16933793697638,45.55394180522687,28.20460919855962,-0.06394008096109394,-20.257265095649522,1.0318123805506678,60.24675987475775,64.41824065929988,6.6923046030108715,0.20310711171579715,0.004098552901388347,0.007585738272813131,-0.008467119827295339,0.001919682525150623,-0.003104782397684978,0.9749279121818236,-0.22252093395631434,0.49999999999999994,-0.8660254037844387
2012-06-07,63.18000030517578,63.18000030517578,62.220001220703125,62.27000045776367,55.154327392578125,38414800.0,-0.0040067974695659,82.2300033569336,82.80999755859375,81.91000366210938,82.05000305175781,82.05000305175781,0.0,1.6749999523162842,1.684999942779541,1.631999969482422,1.6540000438690186,1.6540000438690186,0.0,21.0,22.479999542236328,20.739999771118164,21.71999931335449,21.71999931335449,0.0,-0.0040067974695659515,0.015194667297176508,-0.003998780966993021,61.858000183105474,62.236500167846685,64.69880004882812,60.19135015487671,62.031300293612865,62.852734177731094,-0.8214338841182283,-0.9437417946297618,45.68486913712072,61.82948663857335,42.17609465813173,0.1930795316791726,-28.980892493549028,1.0266828594022386,60.34283993092601,64.13016040476737,6.085368656057564,0.2033072948094572,0.022647510281860166,0.004098552901388347,-0.004341060953993014,-0.006574914113451513,-0.0020232230738030893,0.43388373911755823,-0.900968867902419,0.49999999999999994,-0.8660254037844387
2012-06-08,62.16999816894531,62.95000076293945,61.959999084472656,62.869998931884766,55.6857795715332,39730800.0,0.0095896019269759,82.22000122070312,82.88999938964844,81.91000366210938,82.51000213623047,82.51000213623047,0.0,1.565999984741211,1.6399999856948853,1.562000036239624,1.6369999647140503,1.6369999647140503,0.0,22.540000915527344,23.100000381469727,20.290000915527344,21.229999542236328,21.229999542236328,0.0,0.00958960192697592,0.01592410660486902,0.00963572948995095,61.93800010681153,62.17100009918213,64.60519996643067,60.23930015563965,62.160330853347006,62.85401304840914,-0.6936821950621379,-0.8937298747162371,49.77055084003538,80.29639509713623,62.55994118031215,1.2888661849425718,-9.872657119392759,1.024062775049707,60.48068210284087,63.86131809552339,5.437641323590332,0.20708150514689241,-0.0040067974695659515,0.022647510281860166,-0.02694700367484803,-0.0012881706892748216,-0.00015560607136636418,-0.433883739117558,-0.9009688679024191,0.49999999999999994,-0.8660254037844387
2012-06-11,63.34999847412109,63.380001068115234,61.77000045776367,61.810001373291016,54.74689865112305,51008900.0,-0.0170040889648423,81.8499984741211,82.68000030517578,81.72000122070312,82.51000213623047,82.51000213623047,0.0,1.633999943733215,1.656999945640564,1.5829999446868896,1.600000023841858,1.600000023841858,0.0,19.8700008392334,23.559999465942383,19.6299991607666,23.559999465942383,23.559999465942383,0.0,-0.017004088964842384,0.025414374887621487,-0.01686033539683296,61.912000274658205,62.08250007629395,64.4763999938965,60.281950168609626,62.10643401026147,62.776678850252246,-0.6702448399907794,-0.8490328677711456,43.53943417410532,71.38015788252449,71.16867987274469,-0.41887920543180446,-47.005976739484744,1.0659154775712683,60.52247510819164,63.64252504439625,5.025651242089705,0.21284019642608673,0.00958960192697592,-0.0040067974695659515,0.007585738272813131,0.0,-0.009392605641830108,0.0,1.0,0.49999999999999994,-0.8660254037844387
2012-06-12,62.09999847412109,62.59000015258789,61.68000030517578,62.560001373291016,55.41117858886719,48802600.0,0.0120606315303193,82.5999984741211,82.72000122070312,82.31999969482422,82.41000366210938,82.41000366210938,0.0,1.6100000143051147,1.6679999828338623,1.6100000143051147,1.6610000133514404,1.6610000133514404,0.0,23.14999961853028,23.89999961853028,22.09000015258789,22.09000015258789,22.09000015258789,0.0,0.012060631530319376,0.014653782121932472,0.012133654218064338,61.882000350952154,62.042000198364256,64.36299995422362,60.328300170898444,62.176213604573704,62.760628666773634,-0.5844150621999304,-0.7961093066569026,48.45652480863639,72.85682606537878,74.84445968167982,-0.4772498156978129,-24.550887944986133,1.0547786468456142,60.58399006097426,63.500010335754254,4.700074571188433,0.2179538754568783,-0.017004088964842384,0.00958960192697592,0.004098552901388347,0.012647120779913859,-0.00330855601638791,0.7818314824680298,0.6234898018587336,0.49999999999999994,-0.8660254037844387
2012-06-13,62.380001068115234,62.84999847412109,61.91999816894531,62.130001068115234,55.03033065795898,50840100.0,-0.0068968532418753,82.4000015258789,82.72000122070312,81.91000366210938,82.05000305175781,82.05000305175781,0.0,1.6799999475479126,1.6859999895095823,1.5959999561309814,1.5989999771118164,1.5989999771118164,0.0,22.93000030517578,24.93000030517578,22.65999984741211,24.270000457763672,24.270000457763672,0.0,-0.0068968532418753805,0.014908629196082721,-0.006873124532036701,61.862000274658214,62.00150032043457,64.25959991455078,60.36575017929077,62.1691039835801,62.71391551131745,-0.5448115277373518,-0.7458497508729924,45.98388513764556,63.67266244156603,69.30321546315643,-0.3208739885513796,-37.42514799083102,1.0458659081549113,60.60480816906988,63.39819247179927,4.5053495291125145,0.21798726027155818,0.012060631530319376,-0.017004088964842384,0.022647510281860166,-0.008467119827295339,-0.006808463230328757,0.9749279121818236,-0.22252093395631434,0.49999999999999994,-0.8660254037844387
2012-06-14,62.119998931884766,62.61000061035156,61.79999923706055,62.36000061035156,55.23404312133789,65170600.0,0.0036949866610444,82.13999938964844,82.29000091552734,81.80999755859375,81.9000015258789,81.9000015258789,0.0,1.6109999418258667,1.6449999809265137,1.590999960899353,1.6109999418258667,1.6109999418258667,0.0,24.190000534057617,24.809999465942383,21.549999237060547,21.68000030517578,21.68000030517578,0.0,0.0036949866610444908,0.013039301146466386,0.0037018215399264864,61.89200019836426,62.039000320434575,64.15239990234376,60.405600185394285,62.19847269539109,62.687699592727384,-0.48922689733629454,-0.6945251801656529,47.52627221424175,69.16167653272207,68.56372167988896,0.4834019181792326,-30.53893446601664,1.0290184413789187,60.64629881677733,63.43170182409182,4.489761267795641,0.2041165555591733,-0.0068968532418753805,0.012060631530319376,-0.0040067974695659515,-0.004341060953993014,-0.021357924272979015,0.43388373911755823,-0.900968867902419,0.49999999999999994,-0.8660254037844387
2012-06-15,62.38999938964844,63.08000183105469,62.36000061035156,62.9900016784668,55.9202995300293,41536100.0,0.0123479679136504,81.86000061035156,81.94000244140625,81.4800033569336,81.58999633789062,81.58999633789062,0.0,1.5989999771118164,1.6059999465942385,1.5640000104904177,1.587000012397766,1.587000012397766,0.0,22.46999931335449,23.09000015258789,20.61000061035156,21.11000061035156,21.11000061035156,0.0,0.012347967913650486,0.011540330625850038,0.012424518827706343,62.15000038146973,62.14800033569336,64.05779991149903,60.45465019226074,62.32024638509505,62.71009233981919,-0.3898459547241444,-0.6335893350773513,51.60279013645653,73.4530965480037,68.7624785074306,4.270819131884523,-11.676627899141234,1.0069457827592192,60.82059462479911,63.475406046587615,4.271756786137132,0.20145395787707518,0.0036949866610444908,-0.0068968532418753805,0.00958960192697592,-0.02694700367484803,-0.013070244723648117,-0.433883739117558,-0.9009688679024191,0.49999999999999994,-0.8660254037844387
2012-06-18,62.72999954223633,63.7400016784668,62.630001068115234,63.58000183105469,56.44407653808594,32191200.0,0.0093228978812474,81.30999755859375,82.05999755859375,81.16000366210938,81.94000244140625,81.94000244140625,0.0,1.5670000314712524,1.5989999771118164,1.559999942779541,1.5839999914169312,1.5839999914169312,0.0,21.76000022888184,21.979999542236328,18.239999771118164,18.31999969482422,18.31999969482422,0.0,0.009322897881247497,0.0176948926901266,0.009366491461215709,62.42100067138672,62.20150051116944,63.98519996643066,60.50325019836426,62.51405491524268,62.774530079910704,-0.2604751646680228,-0.5589665009954855,55.119230481880734,84.4867061087296,75.70049306315178,4.452115897361016,-4.32431930865328,1.0143068418729582,60.73382289765958,63.669178124679306,4.719106778609993,0.17983445246453394,0.012347967913650486,0.0036949866610444908,-0.017004088964842384,0.007585738272813131,0.027572619249977472,0.0,1.0,0.49999999999999994,-0.8660254037844387
2012-06-19,63.900001525878906,64.51000213623047,63.84999847412109,64.23999786376953,57.02998733520508,36476500.0,0.010326870900935,81.87999725341797,82.05999755859375,81.18000030517578,81.37000274658203,81.37000274658203,0.0,1.5820000171661377,1.6399999856948853,1.5770000219345093,1.6200000047683716,1.6200000047683716,0.0,17.65999984741211,18.6200008392334,17.360000610351562,18.3799991607666,18.3799991607666,0.0,0.01032687090093504,0.010328695561017894,0.010380377057348067,62.73300056457519,62.29150047302247,63.9473999786377,60.55155017852784,62.779584599631434,62.88308324908543,-0.10349864945399645,-0.4678729306871877,58.73146444418901,92.65289680153273,83.53089981942202,5.104710383522505,-6.040362387607267,1.0082849463945884,60.56441234041852,64.01858860562642,5.5451807051972555,0.18264385561116533,0.009322897881247497,0.012347967913650486,0.012060631530319376,0.004098552901388347,-0.0011203659581392354,0.7818314824680298,0.6234898018587336,0.49999999999999994,-0.8660254037844387
2012-06-20,64.37999725341797,64.56999969482422,63.810001373291016,64.29000091552734,57.07438278198242,51389700.0,0.0007781551043481,81.43000030517578,81.73999786376953,81.22000122070312,81.48999786376953,81.48999786376953,0.0,1.6449999809265137,1.6829999685287476,1.60099995136261,1.6419999599456787,1.6419999599456787,0.0,17.959999084472656,20.049999237060547,17.09000015258789,17.239999771118164,17.239999771118164,0.0,0.000778155104348136,0.011804882789007176,0.0007784579455787366,62.91000061035156,62.37800045013429,63.9042000579834,60.596200180053714,63.0119563405385,62.98729937252557,0.02465696801292694,-0.3693669509471648,59.000699676505306,94.48477604423091,90.54145965149775,2.8310947613626816,-6.180990171046696,0.9905501874759182,60.434551259220456,64.32144964104812,6.231200669753587,0.18265697912499462,0.01032687090093504,0.009322897881247497,-0.0068968532418753805,0.022647510281860166,0.001919682525150623,0.9749279121818236,-0.22252093395631434,0.49999999999999994,-0.8660254037844387
2012-06-21,64.23999786376953,64.30999755859375,62.619998931884766,62.68999862670898,55.6539421081543,42492700.0,-0.0252024654645833,81.4800033569336,82.38999938964844,81.44000244140625,82.31999969482422,82.31999969482422,0.0,1.6349999904632568,1.64900004863739,1.5959999561309814,1.618000030517578,1.618000030517578,0.0,16.889999389648438,20.479999542236328,16.770000457763672,20.07999992370605,20.07999992370605,0.0,-0.025202465464583306,0.02630757601039897,-0.024887534557387014,62.9520004272461,62.40500030517578,63.81380004882813,60.62875017166138,62.96242438456473,62.96527709505767,-0.0028527104929452207,-0.2960641028563209,48.17118610376966,82.09250297551169,89.74339194042511,0.674479148639449,-41.501138514810954,1.04051079027828,60.45988471623152,64.35011589412005,6.233845299037488,0.20424261645979286,0.000778155104348136,0.01032687090093504,0.0036949866610444908,-0.0040067974695659515,-0.006574914113451513,0.43388373911755823,-0.900968867902419,0.49999999999999994,-0.8660254037844387
2012-06-22,62.900001525878906,63.43000030517578,62.72999954223633,63.34999847412109,56.2398681640625,29504200.0,0.0104729905972377,82.29000091552734,82.45999908447266,82.1500015258789,82.22000122070312,82.22000122070312,0.0,1.6430000066757202,1.6759999990463257,1.6399999856948853,1.6720000505447388,1.6720000505447388,0.0,18.64999961853028,19.3700008392334,17.899999618530273,18.11000061035156,18.11000061035156,0.0,0.010472990597237794,0.011128787694090155,0.010528024318017692,63.000000381469725,62.469000244140624,63.75699996948242,60.662550163269046,63.022051167573395,62.9937749749883,0.028276192585096283,-0.23119604376803746,52.07859819673232,73.78445417801404,83.45391106591887,0.7634794820918748,-30.964508780100232,1.0190458537203175,60.486424519440654,64.4515759688406,6.3473905999830125,0.20708766804548887,-0.025202465464583306,0.000778155104348136,0.012347967913650486,0.00958960192697592,-0.0012881706892748216,-0.433883739117558,-0.9009688679024191,0.49999999999999994,-0.8660254037844387
2012-06-25,62.83000183105469,62.84999847412109,61.95000076293945,62.130001068115234,55.15680694580078,33136400.0,-0.0194457392153103,82.33999633789062,82.62999725341797,82.31999969482422,82.45999908447266,82.45999908447266,0.0,1.625,1.628000020980835,1.6039999723434448,1.6080000400543213,1.6080000400543213,0.0,20.46999931335449,21.36000061035156,19.88999938964844,20.3799991607666,20.3799991607666,0.0,-0.019445739215310343,0.014324330494238438,-0.01925789041863013,63.032000350952146,62.47200031280518,63.69060005187988,60.69015016555787,62.88481269073368,62.92979172262733,-0.04497903189364649,-0.19395264139315926,45.28265712523172,49.17812590650112,68.35169435334228,0.5177150747686202,-79.99997498558544,1.0462567006818402,60.49178661410034,64.45221401151002,6.339523910838972,0.2196257784477121,0.010472990597237794,-0.025202465464583306,0.009322897881247497,-0.017004088964842384,0.0,0.0,1.0,0.49999999999999994,-0.8660254037844387
2012-06-26,62.34000015258789,62.70000076293945,62.060001373291016,62.52000045776367,55.5030517578125,30611100.0,0.0062578417503209,82.43000030517578,82.68000030517578,82.23999786376953,82.37000274658203,82.37000274658203,0.0,1.6130000352859497,1.6519999504089355,1.6109999418258667,1.628000020980835,1.628000020980835,0.0,20.01000022888184,20.56999969482422,19.420000076293945,19.71999931335449,19.71999931335449,0.0,0.006257841750320993,0.010266271865285993,0.006277462949440649,63.02800025939942,62.45500030517579,63.60540008544922,60.72095016479492,62.828687731815215,62.89943681411891,-0.07074908230369203,-0.16931192957526583,47.635106295646885,39.36709053244367,54.109890205652945,-0.06394008096109394,-70.9342446369833,1.0172383213223115,60.48299092826903,64.42700968208254,6.31497675853291,0.21594908625565443,-0.019445739215310343,0.010472990597237794,0.01032687090093504,0.012060631530319376,0.012647120779913859,0.7818314824680298,0.6234898018587336,0.49999999999999994,-0.8660254037844387
2012-06-27,62.7599983215332,63.18000030517578,62.68999862670898,62.900001525878906,55.84039306640625,35705800.0,0.00605949171625,82.41999816894531,82.69000244140625,82.30000305175781,82.55999755859375,82.55999755859375,0.0,1.6330000162124634,1.649999976158142,1.6139999628067017,1.621000051498413,1.621000051498413,0.0,19.549999237060547,20.1200008392334,19.3799991607666,19.450000762939453,19.450000762939453,0.0,0.006059491716250014,0.007807547666850119,0.006077887573925356,63.10500030517578,62.483500289917,63.531200103759765,60.75855016708373,62.83965908474809,62.89947864461964,-0.05981955987154919,-0.14741345563452252,49.895467459452824,30.426788134582022,39.65733485784227,1.2393375897732468,-57.78541597368518,0.9917212874715828,60.50264156317731,64.46435901665669,6.340421767502481,0.21468685770595375,0.006257841750320993,-0.019445739215310343,0.000778155104348136,-0.0068968532418753805,-0.008467119827295339,0.9749279121818236,-0.22252093395631434,0.49999999999999994,-0.8660254037844387
2012-06-28,62.43000030517578,62.470001220703125,61.540000915527344,62.20000076293945,55.21895217895508,49793400.0,-0.0111912666523738,82.52999877929688,82.87000274658203,82.2300033569336,82.66999816894531,82.66999816894531,0.0,1.5950000286102295,1.5989999771118164,1.5679999589920044,1.5770000219345093,1.5770000219345093,0.0,20.32999992370605,21.190000534057617,19.600000381469727,19.709999084472656,19.709999084472656,0.0,-0.01119126665237381,0.014896689101868853,-0.011128877382939328,63.08900032043458,62.49050025939941,63.458000106811525,60.80165016174316,62.74125011216215,62.84766546819888,-0.10641535603673447,-0.13921383571496493,45.959835692341215,31.020840448895818,33.60490637197383,-0.25657448018938905,-78.21781804264405,1.0180269533915813,60.51496052978324,64.46603998901558,6.322688157130012,0.21811485802157407,0.006059491716250014,0.006257841750320993,-0.025202465464583306,0.0036949866610444908,-0.004341060953993014,0.43388373911755823,-0.900968867902419,0.49999999999999994,-0.8660254037844387
2012-06-29,63.400001525878906,64.16000366210938,63.209999084472656,64.16000366210938,56.958984375,44761300.0,0.0310252055178627,82.73999786376953,82.73999786376953,81.43000030517578,81.6500015258789,81.6500015258789,0.0,1.6430000066757202,1.6759999990463257,1.6349999904632568,1.659000039100647,1.659000039100647,0.0,17.520000457763672,19.709999084472656,16.8700008392334,17.079999923706055,17.079999923706055,0.0,0.031025205517862767,0.014984298971174969,0.031511503340479585,63.20600051879883,62.678000450134284,63.4276001739502,60.851700172424316,62.9595198890771,62.94487570478484,0.014644184292258444,-0.10844223171352026,56.343394167634045,50.155179443501225,37.200936008993025,1.857440788166457,-13.531227653167077,1.0853109495186057,60.82590462292686,64.5300962773417,5.909875279703342,0.21938847008316506,-0.01119126665237381,0.006059491716250014,0.010472990597237794,0.012347967913650486,-0.02694700367484803,-0.433883739117558,-0.9009688679024191,0.49999999999999994,-0.8660254037844387
2012-07-02,64.25,64.37999725341797,63.869998931884766,64.3499984741211,57.12764358520508,33425600.0,0.0029566888966558,81.63999938964844,81.95999908447266,81.51000213623047,81.87000274658203,81.87000274658203,0.0,1.6430000066757202,1.6430000066757202,1.555999994277954,1.5800000429153442,1.5800000429153442,0.0,17.6200008392334,18.190000534057617,16.65999984741211,16.799999237060547,16.799999237060547,0.0,0.0029566888966558492,0.00793771706666464,0.002961064212358089,63.28300018310548,62.8520004272461,63.41300010681152,60.899550170898436,63.173439671391556,63.04895887288382,0.12448079850773297,-0.06185762566926961,57.20186221798554,66.99672833972893,49.39091607737532,1.211067349624254,-7.260769285002066,1.0442171903767914,61.06226842207816,64.64173243241403,5.695067756004446,0.21875484884545138,0.031025205517862767,-0.01119126665237381,-0.019445739215310343,0.009322897881247497,0.007585738272813131,0.0,1.0,1.2246467991473532e-16,-1.0
2012-07-03,64.38999938964844,64.88999938964844,64.29000091552734,64.88999938964844,57.607059478759766,15895100.0,0.0083569952407419,81.88999938964844,82.0199966430664,81.52999877929688,81.77999877929688,81.77999877929688,0.0,1.5880000591278076,1.6360000371932983,1.587000012397766,1.63100004196167,1.63100004196167,0.0,16.670000076293945,16.920000076293945,16.270000457763672,16.65999984741211,16.65999984741211,0.0,0.008356995240741981,0.009318193505334178,0.008392012403586113,63.34800033569336,63.04050045013428,63.41620002746582,60.94725017547607,63.43752578189261,63.18533224449602,0.2521935373965931,0.0009526069439029367,59.63156694364968,93.06933435394362,70.07374737905792,1.0118330440441967,0.0,1.012487282072813,61.22490233164902,64.85609856861954,5.760100587784578,0.2195863723029678,0.0029566888966558492,0.031025205517862767,0.006257841750320993,0.01032687090093504,0.004098552901388347,0.7818314824680298,0.6234898018587336,1.2246467991473532e-16,-1.0
2012-07-04,64.38999938964844,64.88999938964844,64.29000091552734,64.88999938964844,57.607059478759766,15895100.0,0.0,81.88999938964844,82.0199966430664,81.52999877929688,81.77999877929688,81.77999877929688,0.0,1.5880000591278076,1.6360000371932983,1.587000012397766,1.63100004196167,1.63100004196167,0.0,16.670000076293945,16.920000076293945,16.270000457763672,16.65999984741211,16.65999984741211,0.0,0.0,0.009318193505334178,0.0,63.408000183105464,63.159000396728516,63.38500007629395,60.999050178527824,63.66098326000889,63.31160388487768,0.349379375131214,0.07063796058136515,59.63156694364967,97.57974357166596,85.8819354217795,0.9332687285375072,0.0,0.9830237957905474,61.18406456322729,65.13393623022975,6.253853991025254,0.20722475022247744,0.008356995240741981,0.0029566888966558492,0.006059491716250014,0.000778155104348136,0.022647510281860166,0.9749279121818236,-0.22252093395631434,1.2246467991473532e-16,-1.0
2012-07-05,64.83000183105469,65.25,64.4800033569336,64.93000030517578,57.64254379272461,37016200.0,0.0006157819910671,82.19000244140625,82.94999694824219,82.08000183105469,82.80999755859375,82.80999755859375,0.0,1.6239999532699585,1.6239999532699585,1.5829999446868896,1.597000002861023,1.597000002861023,0.0,17.610000610351562,18.21999931335449,17.18000030517578,17.5,17.5,0.0,0.0006157819910671255,0.011877165221636081,0.0006159716237195134,63.63200035095215,63.29200038909912,63.34680015563965,61.05430017471313,63.85621665157302,63.43148510119606,0.4247315503769613,0.14145667854048438,59.827497564035134,97.12488972334697,95.9246558829855,3.5731404171900154,-8.625330829959054,0.9678075705959659,61.21358476426149,65.37041601393676,6.567704013335638,0.20610150368946192,0.0,0.008356995240741981,-0.01119126665237381,-0.025202465464583306,-0.0040067974695659515,0.43388373911755823,-0.900968867902419,1.2246467991473532e-16,-1.0
2012-07-06,64.62999725341797,64.69000244140625,63.650001525878906,64.12000274658203,56.92345428466797,40684100.0,-0.012553444538183,82.83000183105469,83.43000030517578,82.75,83.29000091552734,83.29000091552734,0.0,1.5880000591278076,1.590000033378601,1.5369999408721924,1.5440000295639038,1.5440000295639038,0.0,18.200000762939453,18.25,16.950000762939453,17.100000381469727,17.100000381469727,0.0,-0.012553444538183007,0.016091613178466337,-0.012474978735192432,63.709000778198245,63.35450057983398,63.2844002532959,61.112450180053706,63.89679912772825,63.482486408261686,0.4143127194665652,0.19602788672570054,54.1012969439458,86.97217155379889,93.89226828293727,1.2154763867523954,-30.458154508644252,0.9901069426460309,61.25445136398351,65.45454979568444,6.629518650231203,0.21052084967982226,0.0006157819910671255,0.0,0.031025205517862767,0.010472990597237794,0.00958960192697592,-0.433883739117558,-0.9009688679024191,1.2246467991473532e-16,-1.0
2012-07-09,64.05000305175781,64.26000213623047,63.68000030517578,64.0,56.8169174194336,35628300.0,-0.0018733347675015,83.33000183105469,83.5,83.08999633789062,83.16000366210938,83.16000366210938,0.0,1.52400004863739,1.5390000343322754,1.506999969482422,1.5130000114440918,1.5130000114440918,0.0,18.170000076293945,18.31999969482422,17.729999542236328,17.979999542236328,17.979999542236328,0.0,-0.00187333476750158,0.009055453605302672,-0.0018715811711212949,63.89600067138672,63.46400051116943,63.22920021057129,61.17675018310547,63.91267618500083,63.52082074839045,0.3918554366103777,0.23519339670263598,53.287560585711994,75.7412613249924,86.61277420071275,3.00981635238445,-33.692730686419466,0.9608137203895064,61.477738808430445,65.45026221390842,6.259491008258804,0.19984419545458712,-0.012553444538183007,0.0006157819910671255,0.0029566888966558492,-0.019445739215310343,-0.017004088964842384,0.0,1.0,1.2246467991473532e-16,-1.0
2012-07-10,64.3499984741211,64.51000213623047,63.119998931884766,63.369998931884766,56.25763320922852,47365700.0,-0.0098923898971411,83.08999633789062,83.4800033569336,82.97000122070312,83.36000061035156,83.36000061035156,0.0,1.524999976158142,1.5269999504089355,1.4980000257492063,1.4980000257492063,1.4980000257492063,0.0,17.510000228881836,19.190000534057617,17.290000915527344,18.71999931335449,18.71999931335449,0.0,-0.009892389897141148,0.021600671908402685,-0.0098436211538252,63.98100051879883,63.50450038909912,63.15920013427735,61.232650184631346,63.829187376829125,63.509648761982625,0.3195386148465005,0.2520624403314089,49.111258625859286,61.72507302079541,74.81283529986223,1.3595624886396522,-50.67389574255004,0.9914701121006634,61.56332950401196,65.44567127418628,6.1134907705545,0.2001684335519653,-0.00187333476750158,-0.012553444538183007,0.008356995240741981,0.006257841750320993,0.012060631530319376,0.7818314824680298,0.6234898018587336,1.2246467991473532e-16,-1.0
2012-07-11,63.290000915527344,63.459999084472656,62.5,63.02000045776367,55.94691467285156,43432000.0,-0.0055384445015718,83.56999969482422,83.56999969482422,83.56999969482422,83.56999969482422,83.56999969482422,0.0,1.5080000162124634,1.5149999856948853,1.4520000219345093,1.4980000257492063,1.4980000257492063,0.0,17.979999542236328,19.170000076293945,17.84000015258789,17.950000762939453,17.950000762939453,0.0,-0.0055384445015718925,0.015168258343904267,-0.005523135593375583,63.99300041198731,63.54900035858154,63.07840019226075,61.28010019302368,63.70469708158828,63.47337851722567,0.2313185643626099,0.24791366513764912,46.91159728775905,51.841851455034885,63.102728600274226,0.1907773115639664,-60.107819205925836,0.9892221815558058,61.70197870033374,65.39602201682933,5.812905467673117,0.19953651245040246,-0.009892389897141148,-0.00187333476750158,0.0,0.006059491716250014,-0.0068968532418753805,0.9749279121818236,-0.22252093395631434,1.2246467991473532e-16,-1.0
2012-07-12,62.52000045776367,62.68999862670898,61.86000061035156,62.43000030517578,55.42314147949219,57680400.0,-0.0094060661033183,83.44999694824219,83.81999969482422,83.0999984741211,83.6500015258789,83.6500015258789,0.0,1.491000056266785,1.5010000467300415,1.4780000448226929,1.4789999723434448,1.4789999723434448,0.0,18.81999969482422,19.51000022888184,17.75,18.32999992370605,18.32999992370605,0.0,-0.009406066103318386,0.013275719934105446,-0.009361967436848473,64.01600036621093,63.552500343322755,63.000000228881845,61.32010019302368,63.50858988521713,63.396091242259004,0.11249864295812273,0.22083066070174387,43.38403000981629,37.73583094957538,50.43425180846856,0.3697741791240756,-76.010792202798,1.0014205862598273,61.71472316772,65.3902775189255,5.783492909562097,0.20243614901805304,-0.0055384445015718925,-0.009892389897141148,0.0006157819910671255,-0.01119126665237381,0.0036949866610444908,0.43388373911755823,-0.900968867902419,1.2246467991473532e-16,-1.0
2012-07-13,62.59999847412109,63.52000045776367,62.560001373291016,63.380001068115234,56.26651763916016,32357200.0,0.0151024221266945,83.61000061035156,83.77999877929688,83.26000213623047,83.30000305175781,83.30000305175781,0.0,1.4830000400543213,1.5160000324249268,1.4830000400543213,1.4989999532699585,1.4989999532699585,0.0,17.780000686645508,17.81999969482422,16.360000610351562,16.739999771118164,16.739999771118164,0.0,0.01510242212669458,0.01533544900755103,0.015217039979230407,63.93800010681153,63.57200031280517,62.9736003112793,61.36665019989013,63.48880699027837,63.39489937750761,0.09390761277075654,0.19544605111554642,49.914755066830416,37.82569742485593,42.46779327648873,-1.2157146968100667,-50.404296316708376,1.0077476981404034,61.75115523573235,65.392845389878,5.728449846200795,0.204855352984256,-0.009406066103318386,-0.0055384445015718925,-0.012553444538183007,0.031025205517862767,0.012347967913650486,-0.433883739117558,-0.9009688679024191,1.2246467991473532e-16,-1.0
2012-07-16,63.2400016784668,63.52000045776367,62.95000076293945,63.20000076293945,56.106719970703125,27621400.0,-0.002844053968152,83.25,83.63999938964844,83.0199966430664,83.08999633789062,83.08999633789062,0.0,1.4769999980926514,1.4769999980926514,1.4420000314712524,1.4639999866485596,1.4639999866485596,0.0,17.309999465942383,17.31999969482422,16.459999084472656,17.110000610351562,17.110000610351562,0.0,-0.002844053968152097,0.009013277667547935,-0.002840013478030201,63.82300033569336,63.55300025939942,62.94240028381348,61.40295021057129,63.44437526299546,63.38046244309516,0.0639128199002954,0.16913940487249624,48.766914170146045,39.4429512397255,38.33482653805227,-1.7870982726504991,-55.2560577613171,0.9764799836178188,61.72459201435795,65.38140850444088,5.753963581824908,0.20229098332863085,0.01510242212669458,-0.009406066103318386,-0.00187333476750158,0.0029566888966558492,0.009322897881247497,0.0,1.0,1.2246467991473532e-16,-1.0
2012-07-17,63.59999847412109,63.7400016784668,62.630001068115234,63.52999877929688,56.39967346191406,42467800.0,0.0052077778759158,83.13999938964844,83.63999938964844,82.91000366210938,83.02999877929688,83.02999877929688,0.0,1.4889999628067017,1.5080000162124634,1.468999981880188,1.5010000467300415,1.5010000467300415,0.0,16.719999313354492,17.459999084472656,16.09000015258789,16.479999542236328,16.479999542236328,0.0,0.005207777875915859,0.017452840204127098,0.005221361921778911,63.68700027465821,63.51750030517579,62.92260032653809,61.43900020599365,63.45754811165722,63.39153920873973,0.0660089029174884,0.1485133044814947,50.99197908602393,49.32613853146807,42.19826239868317,-2.0958554833466514,-46.36123032757031,0.9860171712416577,61.7179112994816,65.31708931086997,5.666435225088812,0.19952150743049035,-0.002844053968152097,0.01510242212669458,-0.009892389897141148,0.008356995240741981,0.01032687090093504,0.7818314824680298,0.6234898018587336,1.2246467991473532e-16,-1.0
2012-07-18,63.40999984741211,64.58000183105469,63.38999938964844,64.38999938964844,57.16315460205078,44489700.0,0.0134461717131278,83.02999877929688,83.33999633789062,82.91999816894531,82.94999694824219,82.94999694824219,0.0,1.4809999465942385,1.491000056266785,1.472000002861023,1.4789999723434448,1.4789999723434448,0.0,16.809999465942383,16.809999465942383,15.6899995803833,16.15999984741211,16.15999984741211,0.0,0.01344617171312783,0.018766794579243583,0.01353697802261733,63.637000274658206,63.52250022888184,62.924000320434565,61.47795021057129,63.6010021544251,63.46549922214037,0.1355029322847301,0.1459112300421418,56.31651284139586,57.67131925856997,48.81346967658784,-0.7705347583648805,-25.36875413540265,1.0005875476819857,61.71334396875487,65.33165648900881,5.696111625355696,0.2056187819308196,0.005207777875915859,-0.002844053968152097,-0.0055384445015718925,0.0,0.000778155104348136,0.9749279121818236,-0.22252093395631434,1.2246467991473532e-16,-1.0
2012-07-19,64.83999633789062,65.30999755859375,64.72000122070312,65.0999984741211,57.79347229003906,53017800.0,0.0109662926240639,83.0,83.1500015258789,82.7300033569336,82.9000015258789,82.9000015258789,0.0,1.5130000114440918,1.5230000019073486,1.4869999885559082,1.5149999856948853,1.5149999856948853,0.0,16.059999465942383,16.700000762939453,15.449999809265137,15.449999809265137,15.449999809265137,0.0,0.01096629262406393,0.009099265441288253,0.011026642815224585,63.65400009155274,63.64300022125245,62.94220024108886,61.51785020828247,63.83161697283987,63.58657324080561,0.24504373203425445,0.16573773044056433,60.16445791258683,74.06102672266908,60.35282817090237,0.26181760071817123,-6.086935369019764,0.994831163486509,61.74829807233519,65.53770237016971,5.954157228070335,0.18576258224303066,0.01344617171312783,0.005207777875915859,-0.009406066103318386,0.0006157819910671255,-0.025202465464583306,0.43388373911755823,-0.900968867902419,1.2246467991473532e-16,-1.0
2012-07-20,65.08000183105469,65.0999984741211,64.20999908447266,64.23999786376953,57.02998733520508,40573100.0,-0.0132986100461514,82.93000030517578,83.55000305175781,82.7300033569336,83.47000122070312,83.47000122070312,0.0,1.4739999771118164,1.4769999980926514,1.4470000267028809,1.4600000381469729,1.4600000381469729,0.0,16.649999618530273,17.049999237060547,15.970000267028809,16.270000457763672,16.270000457763672,0.0,-0.013298610046151437,0.013675466573569611,-0.013210574215067106,63.665999603271494,63.687500190734866,62.94340019226074,61.54815019607543,63.894444802213656,63.63497506472887,0.2594697374847854,0.18448413184940857,53.96377477145344,79.17659971773367,70.30298189965757,0.18714147231363998,-31.014511342376572,0.9873431796409324,61.78001033711209,65.59499004435764,5.990154576361519,0.1902977301622019,0.01096629262406393,0.01344617171312783,0.01510242212669458,-0.012553444538183007,0.010472990597237794,-0.433883739117558,-0.9009688679024191,1.2246467991473532e-16,-1.0
2012-07-23,62.9900016784668,63.68000030517578,62.5099983215332,63.459999084472656,56.33753967285156,48657800.0,-0.0122161308796826,83.66000366210938,84.0,82.87000274658203,83.70999908447266,83.70999908447266,0.0,1.4040000438690186,1.4429999589920044,1.4040000438690186,1.434999942779541,1.434999942779541,0.0,20.40999984741211,20.489999771118164,18.34000015258789,18.6200008392334,18.6200008392334,0.0,-0.012216130879682631,0.01857440788166457,-0.012141816870544164,63.61199951171876,63.75400009155273,62.941000137329105,61.57905019760131,63.82760699948427,63.62201388100619,0.20559311847807749,0.18870592917514237,49.028328118383264,69.75845389261636,74.33202677767304,-0.8437514305114746,-53.62319161075458,1.0403900626834606,61.987620098866834,65.52038008423862,5.5412365973878295,0.18168327791774083,-0.013298610046151437,0.01096629262406393,-0.002844053968152097,-0.00187333476750158,-0.019445739215310343,0.0,1.0,1.2246467991473532e-16,-1.0
2012-07-24,63.56999969482422,63.65999984741211,62.54999923706055,62.959999084472656,55.893672943115234,57269700.0,-0.0079099037363383,83.75,84.0999984741211,83.61000061035156,84.01000213623047,84.01000213623047,0.0,1.440000057220459,1.465000033378601,1.3940000534057615,1.4040000438690186,1.4040000438690186,0.0,18.3799991607666,21.0,18.3700008392334,20.46999931335449,20.46999931335449,0.0,-0.00790990373633838,0.017461076225896807,-0.00787870276753,63.570999526977545,63.77600002288819,62.93280014038087,61.60390018463135,63.694128858713256,63.57297574792963,0.12115311078362367,0.17519536549683862,46.11665444715229,49.08211299769865,66.00572220268289,-0.6469936157846722,-68.11595805377291,1.0453622446597537,62.06421613425085,65.48778391152553,5.368113045731958,0.18325978087717937,-0.012216130879682631,-0.013298610046151437,0.005207777875915859,-0.009892389897141148,0.006257841750320993,0.7818314824680298,0.6234898018587336,1.2246467991473532e-16,-1.0
2012-07-25,62.470001220703125,62.95000076293945,62.150001525878906,62.540000915527344,55.52078628540039,46264400.0,-0.0066937101806156,83.9800033569336,84.0999984741211,83.5,83.5199966430664,83.5199966430664,0.0,1.4279999732971191,1.4329999685287476,1.3969999551773071,1.406000018119812,1.406000018119812,0.0,19.790000915527344,20.670000076293945,18.989999771118164,19.34000015258789,19.34000015258789,0.0,-0.006693710180615679,0.01280613448740289,-0.0066713572052125025,63.52299957275391,63.75799999237062,62.924800186157235,61.632250194549556,63.516570713607734,63.496459093677615,0.020111619930119673,0.14417861638349483,43.76545670339142,32.657007181220024,50.49919135717833,-0.7616622322274121,-80.28982879181244,1.028550481369325,62.00047123741808,65.51552874732316,5.513123859477546,0.18358156643669915,-0.00790990373633838,-0.012216130879682631,0.01344617171312783,-0.0055384445015718925,0.006059491716250014,0.9749279121818236,-0.22252093395631434,1.2246467991473532e-16,-1.0
2012-07-26,63.43999862670898,63.72999954223633,62.970001220703125,63.369998931884766,56.25763320922852,41928200.0,0.0131842550760285,82.80999755859375,82.80999755859375,82.80999755859375,82.80999755859375,82.80999755859375,0.0,1.4259999990463257,1.4450000524520874,1.4160000085830688,1.4279999732971191,1.4279999732971191,0.0,17.68000030517578,18.46999931335449,17.06999969482422,17.530000686645508,17.530000686645508,0.0,0.013184255076028526,0.011979797257013732,0.01327155058720586,63.61699943542481,63.81649990081788,62.960000152587895,61.66615018844603,63.494021208727276,63.48709167428555,0.006929534441724172,0.1167287999951407,49.26987735625252,31.787439720358485,37.84218663309238,1.5056841616434422,-56.2318939933392,1.0400824917507292,62.205547372550846,65.42745242908492,5.04870223459683,0.1847648893731147,-0.006693710180615679,-0.00790990373633838,0.01096629262406393,-0.009406066103318386,-0.01119126665237381,0.43388373911755823,-0.900968867902419,1.2246467991473532e-16,-1.0
2012-07-27,63.83000183105469,64.98999786376953,63.63999938964844,64.87000274658203,57.58928298950195,42621000.0,0.0233947578053377,82.8499984741211,83.7300033569336,82.33999633789062,82.70999908447266,82.70999908447266,0.0,1.4709999561309814,1.5889999866485596,1.4700000286102295,1.5549999475479126,1.5549999475479126,0.0,17.110000610351562,17.299999237060547,16.520000457763672,16.700000762939453,16.700000762939453,0.0,0.023394757805337764,0.021149904988163264,0.023670561740855245,63.76599960327148,63.85199985504151,63.041200180053714,61.704000205993644,63.70571067608955,63.5895295314927,0.11618114459685103,0.11661926891548277,57.387760493914264,50.24159770719906,38.22868153625919,2.3509019459710556,-12.753484093251188,1.0815050946174463,62.17907511035465,65.52492459972838,5.2400073560257505,0.1696482902199209,0.013184255076028526,-0.006693710180615679,-0.013298610046151437,0.01510242212669458,0.031025205517862767,-0.433883739117558,-0.9009688679024191,1.2246467991473532e-16,-1.0
2012-07-30,65.02999877929688,65.30999755859375,64.5999984741211,64.81999969482422,57.544898986816406,37821300.0,-0.0007709961389796,82.69000244140625,82.98999786376953,82.52999877929688,82.79000091552734,82.79000091552734,0.0,1.5410000085830688,1.5449999570846558,1.503999948501587,1.503999948501587,1.503999948501587,0.0,17.549999237060547,18.07999992370605,17.229999542236328,18.030000686645508,18.030000686645508,0.0,-0.0007709961389796963,0.010918023955102602,-0.0007706989978263357,63.92799949645997,63.87549991607666,63.087400207519536,61.73565019607543,63.87713975589489,63.68067546951726,0.19646428637762625,0.1325882724079115,57.05996932628598,72.27059090634339,51.43320944463365,2.56328941824117,-14.202849194379452,1.0549689510356757,62.16044627478434,65.59055355736898,5.369988942695258,0.16946290085116975,0.023394757805337764,0.013184255076028526,-0.012216130879682631,-0.002844053968152097,0.0029566888966558492,0.0,1.0,1.2246467991473532e-16,-1.0
2012-07-31,64.91999816894531,65.18000030517578,64.73999786376953,64.80000305175781,57.52714538574219,34588300.0,-0.0003085649744364,82.80999755859375,82.98999786376953,82.51000213623047,82.63999938964844,82.63999938964844,0.0,1.4780000448226929,1.5210000276565552,1.465999960899353,1.4919999837875366,1.4919999837875366,0.0,18.39999961853028,19.09000015258789,18.26000022888184,18.93000030517578,18.93000030517578,0.0,-0.0003085649744364135,0.00677761019433803,-0.0003085173731608437,64.05499992370606,63.871000099182126,63.134600296020515,61.77295021057128,64.01911872448918,63.7635886237573,0.25553010073187465,0.15717663807270413,56.9199500760099,86.08706805425942,69.53308555593395,1.999062327819214,-14.782462549591113,1.011042771776431,62.16671542976875,65.5752847685955,5.336646261266842,0.16681273919615872,-0.0007709961389796963,0.023394757805337764,-0.00790990373633838,0.005207777875915859,0.008356995240741981,0.7818314824680298,0.6234898018587336,1.2246467991473532e-16,-1.0
2012-08-01,65.26000213623047,65.27999877929688,64.3499984741211,64.61000061035156,57.35846328735352,30920200.0,-0.0029365248015227,82.70999908447266,83.16000366210938,82.4800033569336,83.05999755859375,83.05999755859375,0.0,1.4919999837875366,1.5390000343322754,1.47599995136261,1.5390000343322754,1.5390000343322754,0.0,18.799999237060547,19.18000030517578,18.200000762939453,18.959999084472656,18.959999084472656,0.0,-0.002936524801522788,0.01425069375931681,-0.002932217429833961,64.07700004577637,63.85700016021728,63.17560028076173,61.809650211334215,64.11002363000647,63.82628580794947,0.2837378220569988,0.18248887486956308,55.525711431968084,82.95428609516962,80.4373150185908,0.3416698598982953,-22.151829970520566,1.0052540241620989,62.18364067456194,65.53035964587262,5.240958646528584,0.1671219175691153,-0.0003085649744364135,-0.0007709961389796963,-0.006693710180615679,0.01344617171312783,0.0,0.9749279121818236,-0.22252093395631434,-0.4999999999999997,-0.8660254037844388
2012-08-02,64.12000274658203,65.0199966430664,63.90999984741211,64.37999725341797,57.154273986816406,40534900.0,-0.00356623240007,83.05000305175781,83.51000213623047,82.19999694824219,83.33000183105469,83.33000183105469,0.0,1.5460000038146973,1.5750000476837158,1.4490000009536743,1.4780000448226929,1.4780000448226929,0.0,19.049999237060547,19.25,17.559999465942383,17.56999969482422,17.56999969482422,0.0,-0.0035662324000700885,0.017311240613031104,-0.00355988094580173,64.00499992370607,63.82950000762939,63.22020019531251,61.83730020523071,64.15155803360824,63.86730147057676,0.2842565630314766,0.20284241250194582,53.80750578097995,77.87842704219149,82.30659373054017,-1.1059926844535086,-29.430426353313845,1.0127356506972558,62.213286217076494,65.44571379818228,5.064159331844091,0.16750463045465513,-0.002936524801522788,-0.0003085649744364135,0.013184255076028526,0.01096629262406393,0.0006157819910671255,0.43388373911755823,-0.900968867902419,-0.4999999999999997,-0.8660254037844388
2012-08-03,65.41999816894531,65.87999725341797,65.19000244140625,65.5999984741211,58.23734664916992,42117400.0,0.0187726710764695,83.33000183105469,83.51000213623047,82.19999694824219,82.37999725341797,82.37999725341797,0.0,1.5119999647140503,1.5920000076293943,1.5119999647140503,1.5770000219345093,1.5770000219345093,0.0,16.049999237060547,16.450000762939453,15.640000343322754,15.640000343322754,15.640000343322754,0.0,0.01877267107646952,0.010547154254419672,0.01894998548320892,64.14099998474121,63.90349979400635,63.290800170898436,61.87060020446777,64.37439502445638,63.99564939676523,0.3787456276911456,0.23802305553978578,60.7461421844596,80.30368846384454,80.37880053373522,2.1170620416825763,-7.506678284631974,1.0475402470760233,62.10593114716506,65.70106844084765,5.625884818940365,0.1741965902499234,-0.0035662324000700885,-0.002936524801522788,0.023394757805337764,-0.013298610046151437,-0.012553444538183007,-0.433883739117558,-0.9009688679024191,-0.4999999999999997,-0.8660254037844388
2012-08-06,65.94000244140625,66.38999938964844,65.80000305175781,66.0999984741211,58.68123626708984,23523600.0,0.0075931770570627,82.33000183105469,82.56999969482422,82.08000183105469,82.2699966430664,82.2699966430664,0.0,1.5579999685287476,1.5579999685287476,1.5299999713897705,1.5579999685287476,1.5579999685287476,0.0,15.850000381469728,16.270000457763672,15.81999969482422,15.949999809265137,15.949999809265137,0.0,0.007593177057062737,0.008947472187537314,0.007622078330490778,64.40499992370606,64.0084997177124,63.371400146484376,61.91135019302367,64.63987247825095,64.151527106199,0.4883453720519526,0.28808751884221917,63.18676740330362,85.40774922730436,81.19662157778012,4.160099949157407,-6.83964768014107,1.029144580536832,61.959456478954046,66.05754295647074,6.40240982930377,0.17526172472162274,0.01877267107646952,-0.0035662324000700885,-0.0007709961389796963,-0.012216130879682631,-0.00187333476750158,0.0,1.0,-0.4999999999999997,-0.8660254037844388
2012-08-07,66.37999725341797,66.91999816894531,66.27999877929688,66.6500015258789,59.16951751708984,28223300.0,0.0082864814748413,82.31999969482422,82.56999969482422,82.04000091552734,82.20999908447266,82.20999908447266,0.0,1.5959999561309814,1.6419999599456787,1.5959999561309814,1.628000020980835,1.628000020980835,0.0,15.550000190734863,16.030000686645508,15.479999542236328,15.989999771118164,15.989999771118164,0.0,0.008286481474841354,0.009641449474683178,0.008320909392187437,64.7740001678467,64.17249984741211,63.44720016479492,61.962400207519536,64.94912310096294,64.33659928543454,0.612523815528391,0.35297477817945355,65.71221281686545,93.33112102306805,86.34751957140564,5.860868003596091,-5.660310966022775,1.0142056601287883,61.834026475805146,66.51097321901908,7.288085635333933,0.1712655110231429,0.007593177057062737,0.01877267107646952,-0.0003085649744364135,-0.00790990373633838,-0.009892389897141148,0.7818314824680298,0.6234898018587336,-0.4999999999999997,-0.8660254037844388
2012-08-08,66.4800033569336,66.76000213623047,66.37000274658203,66.62000274658203,59.14286804199219,20723500.0,-0.0004504934191364,82.30999755859375,82.52999877929688,82.04000091552734,82.38999938964844,82.38999938964844,0.0,1.621000051498413,1.656000018119812,1.6080000400543213,1.6399999856948853,1.6399999856948853,0.0,16.459999084472656,16.469999313354492,15.270000457763672,15.31999969482422,15.31999969482422,0.0,-0.0004504934191364052,0.005866416515572606,-0.0004503919622118602,65.18200035095215,64.35249996185304,63.53300018310547,62.01090023040772,65.20618150798126,64.50574028255659,0.7004412254246688,0.42246806762849665,65.44848448210011,93.73694157295512,90.82527060777585,6.523827584469559,-6.289216634970806,0.9696194979516204,61.83982938024485,66.86517054346123,7.8090845984154615,0.16902666291419258,0.008286481474841354,0.007593177057062737,-0.002936524801522788,-0.006693710180615679,-0.0055384445015718925,0.9749279121818236,-0.22252093395631434,-0.4999999999999997,-0.8660254037844388
2012-08-09,66.61000061035156,66.91000366210938,66.48999786376953,66.81999969482422,59.3204345703125,20726200.0,0.0029978340530328,82.31999969482422,82.79000091552734,82.2300033569336,82.63999938964844,82.63999938964844,0.0,1.6929999589920044,1.7289999723434448,1.6759999990463257,1.687999963760376,1.687999963760376,0.0,15.390000343322754,15.670000076293944,15.279999732971191,15.279999732971191,15.279999732971191,0.0,0.0029978340530328615,0.006305446546934463,0.0030023320511651796,65.52700042724611,64.57199993133545,63.628200149536134,62.05450023651124,65.45446122903402,64.67716690568753,0.7772943233464957,0.4934333187720965,66.41619415110549,95.31802228467205,94.12869496023174,5.444217801940939,-2.096405544990265,0.9303613765507792,62.0001632267824,67.1438366358885,7.965795413764146,0.16278761302184266,-0.0004504934191364052,0.008286481474841354,-0.0035662324000700885,0.013184255076028526,-0.009406066103318386,0.43388373911755823,-0.900968867902419,-0.4999999999999997,-0.8660254037844388
2012-08-10,66.58000183105469,66.87999725341797,66.41000366210938,66.86000061035156,59.35593795776367,20312000.0,0.0005983227790675,82.62000274658203,82.87000274658203,82.2300033569336,82.55000305175781,82.55000305175781,0.0,1.6449999809265137,1.659000039100647,1.6299999952316284,1.64900004863739,1.64900004863739,0.0,15.34000015258789,15.5,14.729999542236328,14.739999771118164,14.739999771118164,0.0,0.0005983227790675157,0.007059080480369951,0.0005985018098457751,65.72600021362307,64.74599990844726,63.75720016479493,62.099800243377686,65.67069805692903,64.8388582912182,0.831839765710825,0.5611146081598423,66.617579120491,96.7855221607143,95.28016200611381,3.0676703861776593,-1.257811337896042,0.8974779633191946,62.04603109216448,67.44596872473004,8.340187255121897,0.15699435322032437,0.0029978340530328615,-0.0004504934191364052,0.01877267107646952,0.023394757805337764,0.01510242212669458,-0.433883739117558,-0.9009688679024191,-0.4999999999999997,-0.8660254037844388
2012-08-13,66.83999633789062,67.02999877929688,66.5,67.0199966430664,59.497989654541016,19890300.0,0.0023903587751647,82.58000183105469,82.87000274658203,82.22000122070312,82.44000244140625,82.44000244140625,0.0,1.6610000133514404,1.6690000295639038,1.6299999952316284,1.6540000438690186,1.6540000438690186,0.0,14.09000015258789,14.670000076293944,13.670000076293944,13.699999809265137,13.699999809265137,0.0,0.0023903587751647267,0.00792936577401376,0.002393217960407368,65.94599990844728,64.93699970245362,63.88020011901856,62.14385023117065,65.8782824547963,65.0004240950588,0.8778583597375018,0.6244633584753742,67.4581292595994,98.81360706458491,96.97238383665707,3.3940095010797324,-0.20496192335893726,0.8712294501747432,62.15820672301619,67.71579268189105,8.558427374748053,0.1556485336436726,0.0005983227790675157,0.0029978340530328615,0.007593177057062737,-0.0007709961389796963,-0.002844053968152097,0.0,1.0,-0.4999999999999997,-0.8660254037844388
2012-08-14,67.2699966430664,67.41000366210938,66.86000061035156,67.05000305175781,59.52462005615234,24218700.0,0.0004474847614319,82.43000030517578,82.70999908447266,82.19999694824219,82.4800033569336,82.4800033569336,0.0,1.684999942779541,1.7309999465942385,1.680999994277954,1.72599995136261,1.72599995136261,0.0,13.90999984741211,15.0600004196167,13.90999984741211,14.850000381469728,14.850000381469728,0.0,0.00044748476143193335,0.008176052909235605,0.000447584897673714,66.17099990844727,65.11299991607666,63.99880020141602,62.18470024108887,66.05854716202116,65.152244758518,0.9063024035031617,0.6808311674809318,67.62278420732456,96.80970311412014,97.46961077980644,3.4722220586978274,-8.108117396384628,0.8482847074306767,62.26441247075865,67.96158736139468,8.749673487597018,0.15564354751258996,0.0023903587751647267,0.0005983227790675157,0.008286481474841354,-0.0003085649744364135,0.005207777875915859,0.7818314824680298,0.6234898018587336,-0.4999999999999997,-0.8660254037844388
2012-08-15,67.0,67.31999969482422,66.98999786376953,67.22000122070312,59.675537109375,29100400.0,0.0025321633368523,82.52999877929688,82.77999877929688,82.19999694824219,82.6500015258789,82.6500015258789,0.0,1.7769999504089355,1.812000036239624,1.75,1.8049999475479128,1.8049999475479128,0.0,14.81999969482422,14.979999542236328,14.359999656677246,14.630000114440918,14.630000114440918,0.0,0.002532163336852361,0.0049254004635027986,0.0025353719701242117,66.43199996948243,65.25450000762939,64.0928002166748,62.23675024032593,66.23723240181837,65.30541190386505,0.9318204979533249,0.7310290335754105,68.59236155260874,95.54902461153762,97.05744493008089,4.039623255990804,-5.039846845643559,0.811264501975249,62.278811895152224,68.23018812010655,9.120254119269175,0.1503781930244318,0.00044748476143193335,0.0023903587751647267,-0.0004504934191364052,-0.002936524801522788,0.01344617171312783,0.9749279121818236,-0.22252093395631434,-0.4999999999999997,-0.8660254037844388
2012-08-16,67.47000122070312,68.16999816894531,67.38999938964844,68.0199966430664,60.3857421875,35699900.0,0.0118308478162785,82.68000030517578,82.87999725341797,82.31999969482422,82.36000061035156,82.36000061035156,0.0,1.812000036239624,1.8609999418258667,1.7860000133514404,1.8359999656677248,1.8359999656677248,0.0,14.880000114440918,15.149999618530272,14.279999732971191,14.289999961853027,14.289999961853027,0.0,0.011830847816278594,0.011560675339924744,0.011901109106455365,66.79599990844727,65.40049991607667,64.20780014038087,62.292950229644774,66.51150382354885,65.506492254917,1.0050115686318435,0.7858255405866971,72.73085624608679,94.44362393043133,95.60078388536301,5.653929085023669,-3.5211639666777983,0.8211739624228875,62.180244933382866,68.62075489877047,9.84779928846447,0.15108008645657528,0.002532163336852361,0.00044748476143193335,0.0029978340530328615,-0.0035662324000700885,0.01096629262406393,0.43388373911755823,-0.900968867902419,-0.4999999999999997,-0.8660254037844388
2012-08-17,68.16999816894531,68.33000183105469,68.01000213623047,68.31999969482422,60.65207290649414,22584800.0,0.0044007924072684,82.37999725341797,82.87999725341797,82.31999969482422,82.5999984741211,82.5999984741211,0.0,1.8229999542236328,1.825999975204468,1.7970000505447388,1.815999984741211,1.815999984741211,0.0,14.229999542236328,14.300000190734863,13.300000190734863,13.449999809265137,13.449999809265137,0.0,0.004400792407268404,0.004694142634875321,0.004410490114821641,67.06800003051758,65.6045000076294,64.31680015563965,62.34530023574829,66.78973395759121,65.71490021342865,1.0748337441625608,0.8436271813018699,74.10865137895365,97.07089887144616,95.68784913780503,4.146343420687964,-0.22629257334011443,0.7853758004515541,62.18314006173351,69.02585995352528,10.430259953198345,0.1396376258590182,0.011830847816278594,0.002532163336852361,0.0005983227790675157,0.01877267107646952,-0.013298610046151437,-0.433883739117558,-0.9009688679024191,-0.4999999999999997,-0.8660254037844388
2012-08-20,68.2699966430664,68.43000030517578,68.0,68.41999816894531,60.740848541259766,26924000.0,0.0014626165930097,82.58999633789062,82.72000122070312,82.37999725341797,82.45999908447266,82.45999908447266,0.0,1.8350000381469729,1.837000012397766,1.7949999570846558,1.8140000104904173,1.8140000104904173,0.0,14.109999656677246,14.779999732971191,13.380000114440918,14.020000457763672,14.020000457763672,0.0,0.0014626165930097259,0.006298525359887398,0.0014636867383326368,67.3,65.85249996185303,64.44900009155275,62.39995021820069,67.04054383626107,65.91527783976322,1.1252659964978449,0.8999549443410649,74.56987758961729,98.67708576086791,96.73053618758179,3.5098332048109278,-0.22128617737834366,0.7599918365032846,62.367187635197105,69.33781228850896,10.585208849094247,0.12769691451860146,0.004400792407268404,0.011830847816278594,0.0023903587751647267,0.007593177057062737,-0.012216130879682631,0.0,1.0,-0.4999999999999997,-0.8660254037844388
2012-08-21,68.5999984741211,68.87999725341797,67.87999725341797,68.1500015258789,60.50114440917969,41391000.0,-0.0039541488648796,82.43000030517578,82.72000122070312,81.79000091552734,81.91000366210938,81.91000366210938,0.0,1.837000012397766,1.8630000352859497,1.8040000200271609,1.8049999475479128,1.8049999475479128,0.0,14.100000381469728,15.4399995803833,13.460000038146973,15.020000457763672,15.020000457763672,0.0,-0.003954148864879665,0.014577259799462583,-0.00394634151212514,67.45,66.11200008392333,64.5608000946045,62.4500502204895,67.21122963466381,66.08081292762364,1.130416707040169,0.9460472968808857,70.89755969612816,94.95479025850477,96.90092496360627,2.250562589135994,-14.688050473767223,0.7771352767530499,62.76330653153515,69.46069363631152,10.130365283571255,0.12360758349736502,0.0014626165930097259,0.004400792407268404,0.00044748476143193335,0.008286481474841354,-0.00790990373633838,0.7818314824680298,0.6234898018587336,-0.4999999999999997,-0.8660254037844388
2012-08-22,68.0,68.55999755859375,67.80999755859375,68.43000030517578,60.749732971191406,44555700.0,0.0041004059629504,81.91999816894531,82.47000122070312,81.44999694824219,81.48999786376953,81.48999786376953,0.0,1.7690000534057615,1.7690000534057615,1.7100000381469729,1.718999981880188,1.718999981880188,0.0,15.31999969482422,15.520000457763672,14.75,15.109999656677246,15.109999656677246,0.0,0.0041004059629504526,0.011029411764705883,0.004108824129515076,67.63099975585938,66.40650005340576,64.6868000793457,62.50635023117066,67.39873281474257,66.25482680744231,1.1439060073002594,0.9856190389647606,72.4147372883048,90.96520231845027,94.86569277927431,2.7168980545960917,-12.195056393503634,0.7751970426992607,63.35795777058195,69.45504233622958,9.181457478927825,0.11703111565821828,-0.003954148864879665,0.0014626165930097259,0.002532163336852361,-0.0004504934191364052,-0.006693710180615679,0.9749279121818236,-0.22252093395631434,-0.4999999999999997,-0.8660254037844388
2012-08-23,68.12000274658203,68.33999633789062,67.69000244140625,67.87000274658203,60.2525520324707,28800400.0,-0.0082177578159319,81.45999908447266,82.12000274658203,81.22000122070312,81.36000061035156,81.36000061035156,0.0,1.7020000219345093,1.7089999914169312,1.659000039100647,1.6660000085830688,1.6660000085830688,0.0,15.0,16.450000762939453,15.0,15.960000038146973,15.960000038146973,0.0,-0.008217757815931955,0.009541894748631508,-0.008184084347440224,67.73600006103516,66.63150024414062,64.79700012207032,62.5665502357483,67.47123588117941,66.37446946960081,1.0967664115785993,1.0078485134875284,65.10448145582131,80.10826731877957,88.67608663191153,1.571390386940011,-32.79209117639045,0.7726828156328516,63.87646095342437,69.38653953485688,8.2694799925611,0.12057203691933258,0.0041004059629504526,-0.003954148864879665,0.011830847816278594,0.0029978340530328615,0.013184255076028526,0.43388373911755823,-0.900968867902419,-0.4999999999999997,-0.8660254037844388
2012-08-24,67.70999908447266,68.44999694824219,67.5999984741211,68.29000091552734,60.62543487548828,38384800.0,0.0061695935767289,81.41000366210938,81.72000122070312,81.22000122070312,81.58999633789062,81.58999633789062,0.0,1.64900004863739,1.6829999685287476,1.631999969482422,1.6779999732971191,1.6779999732971191,0.0,15.989999771118164,16.0,15.18000030517578,15.18000030517578,15.18000030517578,0.0,0.00616959357672892,0.012553514777937968,0.006188664719406933,67.87900009155274,66.80250015258788,64.90300010681152,62.63100023269654,67.59719973261755,66.5163606878176,1.0808390447999585,1.0224466197500144,67.73523447009379,77.44022409021716,82.83789790914899,2.1387979242022057,-22.692180159454445,0.778205362667726,64.08349961009321,69.52150069508255,8.140415512245875,0.09567595416105455,-0.008217757815931955,0.0041004059629504526,0.004400792407268404,0.0005983227790675157,0.023394757805337764,-0.433883739117558,-0.9009688679024191,-0.4999999999999997,-0.8660254037844388
2012-08-27,68.58000183105469,68.66999816894531,68.25,68.4000015258789,60.72307968139648,20671400.0,0.0016093287559267,81.56999969482422,81.72000122070312,81.48999786376953,81.66000366210938,81.66000366210938,0.0,1.6779999732971191,1.6779999732971191,1.6440000534057615,1.64900004863739,1.64900004863739,0.0,16.149999618530273,16.3799991607666,15.75,16.350000381469727,16.350000381469727,0.0,0.0016093287559267996,0.0061242076076342,0.0016106244204059372,68.01700057983399,66.98150024414062,64.99940010070802,62.701300239563004,67.72070770081162,66.6558896387851,1.064818062026518,1.030920908205315,68.40702416403471,75.13078368463113,77.5597583645426,2.0590942284913845,-19.123377610261706,0.7526191345446964,64.34182479837973,69.6211756899015,7.881804486730047,0.09494416157203524,0.00616959357672892,-0.008217757815931955,0.0014626165930097259,0.0023903587751647267,-0.0007709961389796963,0.0,1.0,-0.4999999999999997,-0.8660254037844388
2012-08-28,68.33999633789062,68.58999633789062,68.11000061035156,68.4000015258789,60.72307968139648,27337900.0,0.0,81.66000366210938,81.81999969482422,81.26000213623047,81.37000274658203,81.37000274658203,0.0,1.6349999904632568,1.6440000534057615,1.6150000095367432,1.6299999952316284,1.6299999952316284,0.0,16.31999969482422,16.920000076293945,16.010000228881836,16.489999771118164,16.489999771118164,0.0,0.0,0.007023642863043765,0.0,68.1520004272461,67.16150016784667,65.0826001739502,62.77070024490358,67.82521444312967,66.78508311190316,1.0401313312265046,1.032762992809553,68.40702416403471,79.58378880085138,77.38493219189988,2.013420451418908,-19.433075827729674,0.733146034044294,64.66086121306722,69.66213912262612,7.446644129538426,0.0948212370992754,0.0016093287559267996,0.00616959357672892,-0.003954148864879665,0.00044748476143193335,-0.0003085649744364135,0.7818314824680298,0.6234898018587336,-0.4999999999999997,-0.8660254037844388
2012-08-29,68.4000015258789,68.56999969482422,68.11000061035156,68.4000015258789,60.72307968139648,26672400.0,0.0,81.36000061035156,81.81999969482422,81.26000213623047,81.55000305175781,81.55000305175781,0.0,1.6399999856948853,1.6749999523162842,1.6369999647140503,1.6540000438690186,1.6540000438690186,0.0,16.610000610351562,17.059999465942383,16.5,17.059999465942383,17.059999465942383,0.0,0.0,0.0067251326639023125,0.0,68.27000045776367,67.35100021362305,65.16480018615722,62.84625024795533,67.91364322509109,66.90470669812359,1.0089365269675028,1.027997699641143,68.40702416403471,80.6701569114263,78.46157646563626,1.755430353685195,-19.433075827729674,0.7136355376463199,65.10280995241867,69.59919047482744,6.676041199309895,0.09306127157590374,0.0,0.0016093287559267996,0.0041004059629504526,0.002532163336852361,-0.002936524801522788,0.9749279121818236,-0.22252093395631434,-0.4999999999999997,-0.8660254037844388
2012-08-30,68.0999984741211,68.12999725341797,67.5999984741211,67.70999908447266,60.11054611206055,24425400.0,-0.010138548970522,81.55999755859375,81.75,81.4000015258789,81.68000030517578,81.68000030517578,0.0,1.6419999599456787,1.6419999599456787,1.6100000143051147,1.6200000047683716,1.6200000047683716,0.0,17.479999542236328,18.049999237060547,17.440000534057617,17.829999923706055,17.829999923706055,0.0,-0.010138548970522063,0.007782654789607398,-0.010087327134094437,68.2390007019043,67.51750030517579,65.2652001953125,62.91835023880005,67.88231335730364,66.96435798600129,0.9179553713023552,1.0059892339733856,58.813248211794026,70.65806822751841,76.97067131326536,-0.4557447425651255,-49.15964366198538,0.7198046457971409,65.7549791814376,69.28002142891397,5.220931212712772,0.10160360921962194,0.0,0.0,-0.008217757815931955,0.011830847816278594,-0.0035662324000700885,0.43388373911755823,-0.900968867902419,-0.4999999999999997,-0.8660254037844388
2012-08-31,68.19999694824219,68.44999694824219,67.47000122070312,68.16000366210938,60.51003646850586,42128000.0,0.0066239410983967,81.68000030517578,81.72000122070312,80.95999908447266,81.25,81.25,0.0,1.6440000534057615,1.64900004863739,1.562000036239624,1.562000036239624,1.562000036239624,0.0,17.25,18.040000915527344,16.559999465942383,17.469999313354492,17.469999313354492,0.0,0.006623941098396753,0.01436943946321278,0.006645927915886363,68.22300109863282,67.6455005645752,65.36140029907227,62.99475025177002,67.92503494265837,67.05292433237966,0.8721106102787104,0.9792135092344505,62.50639880564426,65.2546580606772,72.19429439987397,-0.23418623160059046,-35.64330632825335,0.738389723064421,66.11241977612082,69.17858135302959,4.532691090047851,0.08334174733654755,-0.010138548970522063,0.0,0.00616959357672892,0.004400792407268404,0.01877267107646952,-0.433883739117558,-0.9009688679024191,-0.4999999999999997,-0.8660254037844388
2012-09-03,68.19999694824219,68.44999694824219,67.47000122070312,68.16000366210938,60.51003646850586,42128000.0,0.0,81.68000030517578,81.72000122070312,80.95999908447266,81.25,81.25,0.0,1.6440000534057615,1.64900004863739,1.562000036239624,1.562000036239624,1.562000036239624,0.0,17.25,18.040000915527344,16.559999465942383,17.469999313354492,17.469999313354492,0.0,0.0,0.01436943946321278,0.0,68.19700164794922,67.74850082397462,65.48200035095215,63.061950263977046,67.96118397642006,67.13493020865593,0.8262537677641291,0.9486215609403863,62.506398805644245,59.03404623215181,64.98225750678247,-0.379997827819213,-38.094911313305836,0.7556472948126096,66.38521879340087,69.11178285454838,4.0245378539544685,0.08079880342695399,0.006623941098396753,-0.010138548970522063,0.0016093287559267996,0.0014626165930097259,0.007593177057062737,0.0,1.0,-0.8660254037844384,-0.5000000000000004
2012-09-04,68.02999877929688,68.3499984741211,67.41999816894531,68.08999633789062,60.44788360595703,32017200.0,-0.0010276775258808,81.23999786376953,81.37999725341797,81.05000305175781,81.31999969482422,81.31999969482422,0.0,1.565000057220459,1.5889999866485596,1.5479999780654907,1.5809999704360962,1.5809999704360962,0.0,18.64999961853028,18.959999084472656,17.850000381469727,17.979999542236328,17.979999542236328,0.0,-0.0010276775258808624,0.013670444243177059,-0.001027149646177783,68.19100112915038,67.8205005645752,65.59340026855469,63.13050024032593,67.98100126280015,67.2056758478585,0.7753254149416478,0.9139623317406387,61.51124568226339,57.747170223226526,60.678624838685174,-0.08804869647067463,-53.02027168876122,0.7681010812671218,66.55273882156989,69.08826230758051,3.738579728700797,0.07715774500282684,0.0,0.006623941098396753,0.0,-0.003954148864879665,0.008286481474841354,0.7818314824680298,0.6234898018587336,-0.8660254037844384,-0.5000000000000004
2012-09-05,68.05999755859375,68.3499984741211,67.83999633789062,68.0199966430664,60.3857421875,26129300.0,-0.0010285452170666,81.38999938964844,81.66999816894531,81.05000305175781,81.23999786376953,81.23999786376953,0.0,1.5720000267028809,1.5980000495910645,1.569000005722046,1.593999981880188,1.593999981880188,0.0,17.3799991607666,17.84000015258789,16.989999771118164,17.739999771118164,17.739999771118164,0.0,-0.0010285452170666308,0.007493419843152377,-0.0010280164457387997,68.15000076293946,67.89050025939942,65.69580017089844,63.18865022659301,67.98700055207189,67.26599590676278,0.7210046453091081,0.8753707944543325,60.474493348019955,49.99354288891113,55.59158644809648,-0.5991577674717092,-58.90418833119955,0.7496654423359324,66.75403308760413,69.0269674311947,3.347941663275475,0.07733578293884953,-0.0010276775258808624,0.0,0.0,0.0041004059629504526,-0.0004504934191364052,0.9749279121818236,-0.22252093395631434,-0.8660254037844384,-0.5000000000000004
2012-09-06,68.44000244140625,69.55000305175781,68.41999816894531,69.52999877929688,61.726261138916016,43100000.0,0.0219564460199931,81.25,81.44999694824219,81.0199966430664,81.08000183105469,81.08000183105469,0.0,1.6440000534057615,1.6820000410079956,1.633999943733215,1.6729999780654907,1.6729999780654907,0.0,17.299999237060547,17.299999237060547,15.600000381469728,15.600000381469728,15.600000381469728,0.0,0.021956446019993137,0.016510883145860997,0.022199262654645446,68.31600036621094,68.02600021362305,65.84240013122559,63.25240022659301,68.22438489472188,67.4336998232468,0.7906850714750817,0.8584336498584825,71.59604556840812,62.37879147060394,56.70650152758053,2.445846420417954,-0.9391655682274069,0.8054040827898948,66.7854843666933,69.2665160605528,3.6471814983510513,0.10721148433369372,-0.0010285452170666308,-0.0010276775258808624,-0.010138548970522063,-0.008217757815931955,0.0029978340530328615,0.43388373911755823,-0.900968867902419,-0.8660254037844384,-0.5000000000000004
2012-09-07,69.37000274658203,69.55000305175781,69.2300033569336,69.43000030517578,61.6374626159668,32958600.0,-0.0014396215610672,81.13999938964844,81.44999694824219,80.1500015258789,80.25,80.25,0.0,1.72599995136261,1.7330000400543213,1.5889999866485596,1.6610000133514404,1.6610000133514404,0.0,15.600000381469728,15.600000381469728,14.329999923706056,14.380000114440918,14.380000114440918,0.0,-0.0014396215610672973,0.004612940495234241,-0.0014385858030405707,68.43000030517578,68.15450019836425,65.94780006408692,63.31645023345946,68.40986418863787,67.58157393301931,0.8282902556185547,0.8524049710104971,70.18757208787774,78.17424241711844,63.51552559221116,1.6693503797994997,-5.633918849217723,0.7707323407923465,66.890330472794,69.41866992393449,3.7097175443759824,0.10780420147589245,0.021956446019993137,-0.0010285452170666308,0.006623941098396753,0.00616959357672892,0.0005983227790675157,-0.433883739117558,-0.9009688679024191,-0.8660254037844384,-0.5000000000000004
2012-09-10,69.25,69.4000015258789,68.48999786376953,68.54000091552734,60.84737777709961,25490000.0,-0.0129011197582491,80.16999816894531,80.43000030517578,80.16999816894531,80.36000061035156,80.36000061035156,0.0,1.6799999475479126,1.690000057220459,1.659000039100647,1.6829999685287476,1.6829999685287476,0.0,14.270000457763672,16.280000686645508,13.970000267028809,16.280000686645508,16.280000686645508,0.0,-0.01290111975824911,0.013140847106272563,-0.012818257036144143,68.44400024414062,68.23050041198731,66.03160011291503,63.372950229644765,68.42988522354395,67.65256852431621,0.7773166992277396,0.8373873166539456,59.052803882246295,82.00302787170229,74.18535391980822,0.20467746568027373,-47.41783196744799,0.7828230622647683,67.07545782557582,69.38554299839879,3.385707504524048,0.11984726461154004,-0.0014396215610672973,0.021956446019993137,0.0,0.0016093287559267996,0.0023903587751647267,0.0,1.0,-0.8660254037844384,-0.5000000000000004
2012-09-11,68.55000305175781,68.81999969482422,68.31999969482422,68.43000030517578,60.749732971191406,29810100.0,-0.0016060386023276,80.37999725341797,80.43000030517578,79.79000091552734,79.86000061035156,79.86000061035156,0.0,1.6759999990463257,1.7039999961853027,1.6699999570846558,1.6950000524520874,1.6950000524520874,0.0,16.110000610351562,16.40999984741211,15.460000038146973,16.40999984741211,16.40999984741211,0.0,-0.001606038602327615,0.007293945700082337,-0.0016047496124796945,68.4470001220703,68.2995002746582,66.1024001312256,63.42970022201537,68.42990292841039,67.71015606363913,0.7197468647712526,0.8138592262774071,57.83163287383101,64.78869371692743,74.98865466858271,0.043857863490726776,-52.582168032552005,0.762621414960142,67.28506835098278,69.31393219833362,2.9705398124320137,0.12022148474410509,-0.01290111975824911,-0.0014396215610672973,-0.0010276775258808624,0.0,0.00044748476143193335,0.7818314824680298,0.6234898018587336,-0.8660254037844384,-0.5000000000000004
2012-09-12,68.68000030517578,68.80999755859375,68.20999908447266,68.62999725341797,60.92728042602539,42203400.0,0.0029183421894904,79.87999725341797,80.38999938964844,79.5199966430664,79.73999786376953,79.73999786376953,0.0,1.7330000400543213,1.7730000019073486,1.7319999933242798,1.7649999856948853,1.7649999856948853,0.0,15.59000015258789,16.309999465942383,15.43000030517578,15.800000190734863,15.800000190734863,0.0,0.002918342189490453,0.008736145478378476,0.002922604695533071,68.46999969482422,68.37000007629396,66.17720008850098,63.487450199127196,68.46068667071924,67.77829244806719,0.6823942226520501,0.7875662255523358,59.472591943331885,52.269112843142864,66.35361147725752,0.33625105615245404,-43.19266147057138,0.7510054906144957,67.4835407428506,69.25645940973733,2.5931236871556846,0.1202937609841892,-0.001606038602327615,-0.01290111975824911,-0.0010285452170666308,0.0,0.002532163336852361,0.9749279121818236,-0.22252093395631434,-0.8660254037844384,-0.5000000000000004
2012-09-13,68.69000244140625,69.86000061035156,68.62000274658203,69.55999755859375,61.75290298461914,45417800.0,0.0134599574351841,79.70999908447266,80.0199966430664,79.18000030517578,79.26000213623047,79.26000213623047,0.0,1.7350000143051147,1.8359999656677248,1.7139999866485596,1.75600004196167,1.75600004196167,0.0,15.600000381469728,16.540000915527344,13.90999984741211,14.050000190734863,14.050000190734863,0.0,0.013459957435184196,0.018052086471059173,0.013550950458000033,68.65499954223634,68.44700012207032,66.26980003356934,63.55465019226074,68.62981142269993,67.9102706044025,0.7195408182974319,0.773961144101355,66.08229346400867,63.97665858663429,60.34482171556819,2.73223822055159,-12.295194736973759,0.7859335172684269,67.43054501519411,69.46345522894653,2.9700501265605013,0.12235373670893025,0.002918342189490453,-0.001606038602327615,0.021956446019993137,-0.010138548970522063,0.011830847816278594,0.43388373911755823,-0.900968867902419,-0.8660254037844384,-0.5000000000000004
2012-09-14,69.80999755859375,70.43000030517578,69.79000091552734,70.18000030517578,62.303314208984375,38880300.0,0.0088736356547314,79.23999786376953,79.83000183105469,78.5999984741211,78.8499984741211,78.8499984741211,0.0,1.825999975204468,1.8919999599456787,1.7960000038146973,1.870000004768372,1.870000004768372,0.0,13.81999969482422,14.710000038146973,13.510000228881836,14.510000228881836,14.510000228881836,0.0,0.008873635654731454,0.009167732588892669,0.008913123072162632,68.85699920654297,68.5400001525879,66.39099998474121,63.6204501914978,68.86830202000391,68.0783987303857,0.7899032896182092,0.7771495732047258,69.63750671854547,78.73550061550992,64.99375734842903,2.9636099391663273,-8.305641945925125,0.7919384622193987,67.26499426298352,69.81500604219227,3.720472386244171,0.12494737942464258,0.013459957435184196,0.002918342189490453,-0.0014396215610672973,0.006623941098396753,0.004400792407268404,-0.433883739117558,-0.9009688679024191,-0.8660254037844384,-0.5000000000000004
2012-09-17,70.22000122070312,70.23999786376953,69.95999908447266,70.20999908447266,62.32994842529297,31798400.0,0.0004274014199915,78.87000274658203,79.05999755859375,78.72000122070312,79.01000213623047,79.01000213623047,0.0,1.847000002861023,1.8639999628067017,1.82099997997284,1.838000059127808,1.838000059127808,0.0,14.670000076293944,14.920000076293944,14.380000114440918,14.59000015258789,14.59000015258789,0.0,0.0004274014199915598,0.003987450504548302,0.00042749276899223254,69.0619987487793,68.62950019836425,66.51519996643067,63.68960018157959,69.0747169529991,68.23629505291066,0.8384219000884343,0.7894040385814676,69.80243901199283,90.6967192832649,77.80295949513636,3.007622230370988,-7.3090054673064175,0.7553713420106469,67.15436731367848,70.10463308305003,4.29883032929602,0.12498826768429809,0.008873635654731454,0.013459957435184196,-0.01290111975824911,0.0,0.0014626165930097259,0.0,1.0,-0.8660254037844384,-0.5000000000000004
2012-09-18,70.02999877929688,70.30000305175781,70.0199966430664,70.2699966430664,62.38321685791016,27169800.0,0.0008542552141246,78.97000122070312,79.27999877929688,78.72000122070312,79.25,79.25,0.0,1.7999999523162842,1.812000036239624,1.7799999713897705,1.812000036239624,1.812000036239624,0.0,14.510000228881836,14.880000114440918,13.970000267028809,14.18000030517578,14.18000030517578,0.0,0.0008542552141246811,0.003998378031875465,0.0008546201940313747,69.27999877929688,68.73549995422363,66.6531999206543,63.76215017318726,69.25860613608637,68.38693961514443,0.8716665209419432,0.8058565350535628,70.15166221892096,93.02320669223315,87.48514219700266,3.201645502164108,-5.315732510069015,0.7214167039164154,67.10857702564068,70.36242288280657,4.733865119673061,0.12346796367459736,0.0004274014199915598,0.008873635654731454,-0.001606038602327615,-0.0010276775258808624,-0.003954148864879665,0.7818314824680298,0.6234898018587336,-0.8660254037844384,-0.5000000000000004
2012-09-19,70.26000213623047,70.58000183105469,70.05999755859375,70.4000015258789,62.49861907958984,36484600.0,0.001848183183125,79.19000244140625,79.4000015258789,78.91999816894531,79.05999755859375,79.05999755859375,0.0,1.7910000085830688,1.8009999990463257,1.7649999856948853,1.781999945640564,1.781999945640564,0.0,13.949999809265137,14.079999923706056,13.609999656677246,13.880000114440918,13.880000114440918,0.0,0.0018481831831250986,0.007401142280819696,0.0018498921263154777,69.51799926757813,68.83400001525878,66.80079994201661,63.83970018386841,69.43420542682368,68.53605531223587,0.898150114587807,0.8243152509604117,70.93598988440837,93.89301881160794,92.53764826236866,3.4989782420918494,-5.696205587800707,0.7070301016695956,67.05364749369969,70.61435253681788,5.172887006899019,0.12310478868652551,0.0008542552141246811,0.0004274014199915598,0.002918342189490453,-0.0010285452170666308,0.0041004059629504526,0.9749279121818236,-0.22252093395631434,-0.8660254037844384,-0.5000000000000004
2012-09-20,70.05999755859375,70.4000015258789,69.87000274658203,70.33000183105469,62.43647003173828,42520200.0,-0.0009949014871648,79.0999984741211,79.66000366210938,79.0,79.41000366210938,79.41000366210938,0.0,1.74399995803833,1.7860000133514404,1.7230000495910645,1.7769999504089355,1.7769999504089355,0.0,14.630000114440918,14.670000076293944,14.06999969482422,14.06999969482422,14.06999969482422,0.0,-0.0009949014871648816,0.007564927173364766,-0.0009944067367698706,69.5979995727539,68.95699996948241,66.9587999725342,63.91765018463134,69.57202025824384,68.6689402395558,0.9030800186880441,0.8400682045059382,69.8713621900318,93.69222622184412,93.5361505752284,1.1505868917058286,-7.911383236597869,0.6943850072144012,67.11812086845534,70.79587907050949,5.333408071235375,0.11817676427105858,0.0018481831831250986,0.0008542552141246811,0.013459957435184196,0.021956446019993137,-0.008217757815931955,0.43388373911755823,-0.900968867902419,-0.8660254037844384,-0.5000000000000004
2012-09-21,70.4800033569336,70.54000091552734,70.08000183105469,70.1500015258789,62.45429611206055,23678500.0,0.0002854667481628,79.38999938964844,79.66000366210938,79.05000305175781,79.33000183105469,79.33000183105469,0.0,1.781999945640564,1.7929999828338623,1.7510000467300415,1.7599999904632568,1.7599999904632568,0.0,13.9399995803833,14.18000030517578,13.6899995803833,13.979999542236328,13.979999542236328,0.0,0.000285466748162817,0.006526660933074474,0.00028550749767242145,69.66999969482423,69.05000000000001,67.09419998168946,63.99410018920898,69.66094045326462,68.77864848298714,0.8822919702774783,0.8485129576602463,67.08327000976251,90.92827411706762,92.83783971683988,1.0370174528854945,-13.607588824398587,0.6776431555899909,67.1655820378704,70.93441796212963,5.458125885965583,0.11711911321338768,-0.0009949014871648816,0.0018481831831250986,0.008873635654731454,-0.0014396215610672973,0.00616959357672892,-0.433883739117558,-0.9009688679024191,-0.8660254037844384,-0.5000000000000004
2012-09-24,69.56999969482422,69.86000061035156,69.41999816894531,69.73999786376953,62.08924865722656,32341600.0,-0.0058621825951701,79.4000015258789,79.7699966430664,79.05000305175781,79.5199966430664,79.5199966430664,0.0,1.725000023841858,1.7319999933242798,1.7059999704360962,1.718000054359436,1.718000054359436,0.0,15.0600004196167,15.0600004196167,13.869999885559082,14.149999618530272,14.149999618530272,0.0,-0.005862182595170127,0.00632460030668916,-0.00584503352946264,69.78999938964844,69.11699981689455,67.22499992370605,64.07120018005371,69.67310313180383,68.84985954823028,0.823243583573543,0.8434590828429056,61.102387438133086,82.60800343410969,89.07616792434047,1.750797975216156,-30.657017636674478,0.6813831699716768,67.23460397271626,70.99939566107284,5.446983662963244,0.11998260215445432,0.000285466748162817,-0.0009949014871648816,0.0004274014199915598,-0.01290111975824911,0.0016093287559267996,0.0,1.0,-0.8660254037844384,-0.5000000000000004
2012-09-25,69.91999816894531,70.08000183105469,68.7300033569336,68.76000213623047,61.21677780151367,41299600.0,-0.014151545407137,79.52999877929688,79.7699966430664,79.33000183105469,79.55000305175781,79.55000305175781,0.0,1.6990000009536743,1.7339999675750732,1.6820000410079956,1.6820000410079956,1.6820000410079956,0.0,14.1899995803833,15.720000267028809,14.029999732971191,15.43000030517578,15.43000030517578,0.0,-0.014151545407137003,0.019307759002783986,-0.01405188296816895,69.82299957275391,69.13499984741212,67.32959999084474,64.13535018920898,69.53262605556176,68.8432034436377,0.6894226119240585,0.8126517886591362,49.69716422764345,59.647415488539075,77.72789767990545,0.4822473032047136,-76.79314707330971,0.7291414059823496,67.27471702708833,70.9952826677359,5.381594921326737,0.13166920698507423,-0.005862182595170127,0.000285466748162817,0.0008542552141246811,-0.001606038602327615,0.0,0.7818314824680298,0.6234898018587336,-0.8660254037844384,-0.5000000000000004
2012-09-26,68.66999816894531,68.70999908447266,67.8499984741211,68.19999694824219,60.71820068359375,32770400.0,-0.008177799392727,79.69000244140625,80.01000213623047,79.33000183105469,79.88999938964844,79.88999938964844,0.0,1.6390000581741333,1.6469999551773071,1.6150000095367432,1.618000030517578,1.618000030517578,0.0,15.829999923706056,17.079999923706055,15.829999923706056,16.809999465942383,16.809999465942383,0.0,-0.008177799392727012,0.012523673121932326,-0.008144452155526505,69.77999954223633,69.12499961853028,67.4057999420166,64.20070016860961,69.32760619289722,68.79555851805286,0.5320476748443639,0.7565309658961819,44.57673448405051,35.12342548430805,59.126281468985596,-0.6265486265255038,-87.17955883709166,0.7420601385628515,67.24602421955366,71.0039750175069,5.436456880566625,0.1351563925724611,-0.014151545407137003,-0.005862182595170127,0.0018481831831250986,0.002918342189490453,0.0,0.9749279121818236,-0.22252093395631434,-0.8660254037844384,-0.5000000000000004
2012-09-27,68.37000274658203,69.30000305175781,68.25,69.13999938964844,61.55509567260742,25339500.0,0.013689138722868,79.81999969482422,80.01000213623047,79.48999786376953,79.55000305175781,79.55000305175781,0.0,1.6399999856948853,1.6579999923706057,1.621000051498413,1.6399999856948853,1.6399999856948853,0.0,16.3799991607666,16.5,14.829999923706056,14.84000015258789,14.84000015258789,0.0,0.013689138722868099,0.015357657007119318,0.013783263989899597,69.7379997253418,69.19649963378906,67.48659996032714,64.26840017318725,69.29874360778203,68.82107265668957,0.47767095109246327,0.7007589629354382,53.27859828990335,27.760005591341447,40.84361552139619,-0.6037926734996328,-52.747277315574294,0.7676277074880495,67.43935727365655,70.95364199392156,5.078703025245173,0.13789623049624555,-0.008177799392727012,-0.014151545407137003,-0.0009949014871648816,0.013459957435184196,-0.010138548970522063,0.43388373911755823,-0.900968867902419,-0.8660254037844384,-0.5000000000000004
2012-09-28,68.91000366210938,69.12000274658203,68.51000213623047,68.56999969482422,61.04759979248047,30112600.0,-0.0082787540151768,79.55999755859375,80.0,79.36000061035156,79.94000244140625,79.94000244140625,0.0,1.618000030517578,1.6510000228881836,1.5989999771118164,1.6369999647140503,1.6369999647140503,0.0,15.229999542236328,15.770000457763672,14.949999809265137,15.729999542236328,15.729999542236328,0.0,-0.00827875401517683,0.008852134348194433,-0.008244579503639549,69.57699966430664,69.2169994354248,67.57319999694823,64.3308501625061,69.18662915963468,68.80247465951436,0.38415450012031727,0.637438070372414,48.323949055567816,28.8156008350404,30.566343970229966,-2.294101743161185,-73.62636134221286,0.7577969607687581,67.50170400361813,70.93229486723146,4.956283704285481,0.14023037010927375,0.013689138722868099,-0.008177799392727012,0.000285466748162817,0.008873635654731454,0.006623941098396753,-0.433883739117558,-0.9009688679024191,-0.8660254037844384,-0.5000000000000004
2012-10-01,68.9000015258789,69.33000183105469,68.25,68.47000122070312,60.95859146118164,37715300.0,-0.0014590791856567,80.0,80.1500015258789,79.36000061035156,79.81999969482422,79.81999969482422,0.0,1.6200000047683716,1.64900004863739,1.6130000352859497,1.625,1.625,0.0,16.030000686645508,16.530000686645508,15.130000114440918,16.31999969482422,16.31999969482422,0.0,-0.0014590791856567583,0.015674917374987832,-0.0014580152471415087,69.40299987792969,69.2324993133545,67.67340003967286,64.39280015945434,69.07637870749136,68.7778469973802,0.2985317101111633,0.5696567983201639,47.489573020687786,32.112352244706706,29.56265289036285,-2.478276437058581,-77.28930460809273,0.7808115943606102,67.55217391686199,70.912824709847,4.854152061987982,0.1403869550217337,-0.00827875401517683,0.013689138722868099,-0.005862182595170127,0.0004274014199915598,0.0,0.0,1.0,-1.0,-1.8369701987210297e-16
2012-10-02,68.7699966430664,68.9800033569336,68.12999725341797,68.66999816894531,61.13664627075195,33254300.0,0.0029166565232551,79.80999755859375,80.1500015258789,79.4800033569336,79.73999786376953,79.73999786376953,0.0,1.6469999551773071,1.64900004863739,1.6109999418258667,1.6150000095367432,1.6150000095367432,0.0,15.850000381469728,16.5,15.699999809265137,15.710000038146973,15.710000038146973,0.0,0.0029166565232551503,0.012360130071364852,0.0029209141041866005,69.24300003051758,69.26149940490723,67.78760002136231,64.45495014190674,69.01385862463812,68.76985819527391,0.24400042936420618,0.5045255245289724,49.372362424282194,26.37363865778714,29.10053057917808,-2.2769297716751304,-69.96341807633297,0.7857540593002541,67.64540481327228,70.87759399654217,4.666646276850444,0.14056444598411996,-0.0014590791856567583,-0.00827875401517683,-0.014151545407137003,0.0008542552141246811,-0.0010276775258808624,0.7818314824680298,0.6234898018587336,-1.0,-1.8369701987210297e-16
2012-10-03,68.86000061035156,69.23999786376953,68.58999633789062,69.11000061035156,61.52839660644531,38236000.0,0.006387340001571,79.80000305175781,80.0,79.4800033569336,79.97000122070312,79.97000122070312,0.0,1.621000051498413,1.6399999856948853,1.6130000352859497,1.6230000257492063,1.6230000257492063,0.0,15.630000114440918,16.020000457763672,15.130000114440918,15.43000030517578,15.43000030517578,0.0,0.0063873400015710515,0.009439464422270031,0.006407782559063602,69.11399993896485,69.3159996032715,67.9190000152588,64.52255014419555,69.02864969936327,68.7950539297241,0.23359576963916595,0.4503395735510111,53.336509996372605,32.96704832223393,30.48434640824259,-1.8323876243854085,-53.8461323488725,0.7760574497701579,67.80616618213982,70.82583302440317,4.356377834188846,0.14190678228494005,0.0029166565232551503,-0.0014590791856567583,-0.008177799392727012,0.0018481831831250986,-0.0010285452170666308,0.9749279121818236,-0.22252093395631434,-1.0,-1.8369701987210297e-16
2012-10-04,69.22000122070312,69.54000091552734,69.0,69.3499984741211,61.74204635620117,26128600.0,0.0034663615794609,79.86000061035156,80.0,79.2699966430664,79.3499984741211,79.3499984741211,0.0,1.6399999856948853,1.6649999618530271,1.628000020980835,1.6649999618530271,1.6649999618530271,0.0,15.229999542236328,15.329999923706056,14.529999732971191,14.550000190734863,14.550000190734863,0.0,0.003466361579460973,0.007801226610869142,0.0034723763585524647,69.0159996032715,69.3069995880127,68.03860000610352,64.58935012817383,69.07808797240294,68.83616093301278,0.2419270393901627,0.40865706671884144,55.388367695480206,43.71181231898841,34.35083309966983,-1.393435705131557,-45.055012617829284,0.759196268752814,67.80039477283349,70.81360440319192,4.347626716305859,0.11889456370310238,0.0063873400015710515,0.0029166565232551503,0.013689138722868099,-0.0009949014871648816,0.021956446019993137,0.43388373911755823,-0.900968867902419,-1.0,-1.8369701987210297e-16
2012-10-05,69.69999694824219,69.80000305175781,68.80000305175781,68.9800033569336,61.41261291503906,25207900.0,-0.0053499271380738,79.37999725341797,79.91000366210938,79.0999984741211,79.33999633789062,79.33999633789062,0.0,1.6799999475479126,1.741000056266785,1.6779999732971191,1.7319999933242798,1.7319999933242798,0.0,13.68000030517578,14.779999732971191,13.670000076293944,14.329999923706056,14.329999923706056,0.0,-0.005349927138073865,0.014347202923732979,-0.005335641764471988,68.89899978637696,69.28449974060058,68.12080001831053,64.65510013580322,69.0629980315615,68.84681592737728,0.21618210418422734,0.37016207421191866,51.61993490693437,47.49697479508254,41.39194514543496,-1.6678519508138439,-58.60793064805059,0.7763965352704701,67.77219941367638,70.79680006752479,4.365479530302504,0.12032967113283617,0.003466361579460973,0.0063873400015710515,-0.00827875401517683,0.000285466748162817,-0.0014396215610672973,-0.433883739117558,-0.9009688679024191,-1.0,-1.8369701987210297e-16
2012-10-08,68.58000183105469,68.72000122070312,68.19000244140625,68.3499984741211,60.851749420166016,30911500.0,-0.0091746673905058,79.38999938964844,79.70999908447266,79.31999969482422,79.54000091552734,79.54000091552734,0.0,1.746000051498413,1.746000051498413,1.746000051498413,1.746000051498413,1.746000051498413,0.0,15.1899995803833,15.460000038146973,15.039999961853027,15.109999656677246,15.109999656677246,0.0,-0.00917466739050583,0.00772818263555191,-0.00913270854716719,68.75999984741212,69.27499961853029,68.19139999389648,64.71770011901856,68.95330579195529,68.81001463454349,0.1432911574117952,0.32478789085189397,45.89418382089145,38.21735084272567,43.14204598559887,-1.9931164786722095,-81.68500420594309,0.7773682767173897,67.74077892525165,70.80922031180893,4.429363267346029,0.11574540276038955,-0.005349927138073865,0.003466361579460973,-0.0014590791856567583,-0.005862182595170127,-0.01290111975824911,0.0,1.0,-1.0,-1.8369701987210297e-16
2012-10-09,68.16999816894531,68.33999633789062,67.0999984741211,67.26000213623047,59.88132858276367,67974000.0,-0.0160758220092134,79.5999984741211,80.06999969482422,79.4000015258789,79.94999694824219,79.94999694824219,0.0,1.7200000286102295,1.7289999723434448,1.6920000314712524,1.7200000286102295,1.7200000286102295,0.0,15.279999732971191,16.399999618530273,15.18000030517578,16.3700008392334,16.3700008392334,0.0,-0.016075822009213425,0.018189788720493313,-0.01594729562665209,68.60999984741211,69.21649971008301,68.24059997558595,64.76950012207031,68.69279753722839,68.69519889392771,-0.002401356699323287,0.2593500413416505,38.03369824861387,21.452777030772232,35.722367556193475,-2.1815008048256472,-95.34873405368961,0.8111276855232905,67.47182639589802,70.961173024268,5.041206421857939,0.1290462834518953,-0.00917466739050583,-0.005349927138073865,0.0029166565232551503,-0.014151545407137003,-0.001606038602327615,0.7818314824680298,0.6234898018587336,-1.0,-1.8369701987210297e-16
2012-10-10,67.23999786376953,67.43000030517578,66.80000305175781,66.91999816894531,59.57863998413086,45134300.0,-0.0050676264197703,80.05000305175781,80.19000244140625,79.5,79.91999816894531,79.91999816894531,0.0,1.746000051498413,1.75,1.6790000200271606,1.690999984741211,1.690999984741211,0.0,16.520000457763672,16.790000915527344,16.1299991607666,16.290000915527344,16.290000915527344,0.0,-0.005067626419770315,0.009369382412747308,-0.005054807663702032,68.48199996948242,69.13099975585938,68.28679992675782,64.8184001159668,68.42005917287715,68.56370254392901,-0.14364337105186564,0.1787513588629473,35.96446721052552,8.724896388740117,22.798341420746006,-1.8768311386704046,-96.79157257414694,0.7981897975157676,67.11829364474443,71.14370586697433,5.822875752478494,0.12917352100555574,-0.016075822009213425,-0.00917466739050583,0.0063873400015710515,-0.008177799392727012,0.002918342189490453,0.9749279121818236,-0.22252093395631434,-1.0,-1.8369701987210297e-16
2012-10-11,67.41999816894531,67.47000122070312,66.66999816894531,66.70999908447266,59.39167785644531,30469400.0,-0.0031430071800723,80.05999755859375,80.20999908447266,79.69999694824219,79.77999877929688,79.77999877929688,0.0,1.6979999542236328,1.7319999933242798,1.6720000505447388,1.6749999523162842,1.6749999523162842,0.0,15.329999923706056,15.800000190734863,15.3100004196167,15.59000015258789,15.59000015258789,0.0,-0.0031430071800723617,0.011865960745847457,-0.003138073103638228,68.23899993896485,68.98849983215332,68.33339996337891,64.8639001083374,68.1569730054303,68.42639117656188,-0.2694181711315764,0.08911745286404255,34.708455144310875,3.0109131628532304,11.062862194121859,-3.514608514068917,-98.82695388360375,0.7983193156759136,66.71678526765427,71.26021439665237,6.585777542709448,0.11721011115091937,-0.005067626419770315,-0.016075822009213425,0.003466361579460973,0.013689138722868099,0.013459957435184196,0.43388373911755823,-0.900968867902419,-1.0,-1.8369701987210297e-16
2012-10-12,66.69999694824219,67.05999755859375,66.55000305175781,66.68000030517578,59.36495971679688,24891200.0,-0.0004499645770578,79.80000305175781,79.83000183105469,79.51000213623047,79.69000244140625,79.69000244140625,0.0,1.6790000200271606,1.6790000200271606,1.633999943733215,1.662999987602234,1.662999987602234,0.0,15.40999984741211,16.18000030517578,14.960000038146973,16.139999389648438,16.139999389648438,0.0,-0.00044996457705785605,0.007646094905096962,-0.0004498633581797584,68.05,68.81349983215334,68.35499999999999,64.90825010299682,67.92974643616037,68.29702888979254,-0.36728245363217127,-0.00216252843520022,34.522974220821546,2.688038851874479,4.807949467822609,-2.756306545223884,-96.31735698662585,0.7777246864730583,66.3938321631068,71.23316750119989,7.032537728638963,0.11025776440302229,-0.0031430071800723617,-0.005067626419770315,-0.005349927138073865,-0.00827875401517683,0.008873635654731454,-0.433883739117558,-0.9009688679024191,-1.0,-1.8369701987210297e-16
2012-10-15,66.93000030517578,67.26000213623047,66.52999877929688,67.16999816894531,59.80119705200195,22220100.0,0.0073215297989497,79.70999908447266,79.97000122070312,79.51000213623047,79.73999786376953,79.73999786376953,0.0,1.6770000457763672,1.6890000104904177,1.6510000228881836,1.662999987602234,1.662999987602234,0.0,16.049999237060547,16.209999084472656,15.229999542236328,15.270000457763672,15.270000457763672,0.0,0.007321529798949746,0.01090696778133948,0.00734839772967355,67.91999969482421,68.66149978637696,68.37639999389647,64.95600009918212,67.81286208735806,68.21354513269276,-0.4006830453347021,-0.0818666318151006,40.14910593383265,8.14250344539769,4.613818486708466,-1.8986461641317065,-80.42817879357732,0.7743160200773822,66.22930054276802,71.09369902998591,7.084608554069243,0.11521953985138045,-0.00044996457705785605,-0.0031430071800723617,-0.00917466739050583,-0.0014590791856567583,0.0004274014199915598,0.0,1.0,-1.0,-1.8369701987210297e-16
2012-10-16,67.2699966430664,68.19999694824219,67.25,68.12000274658203,60.64697647094727,33960600.0,0.0140441037125526,79.72000122070312,79.76000213623047,79.30999755859375,79.37000274658203,79.37000274658203,0.0,1.6959999799728394,1.72599995136261,1.6959999799728394,1.7200000286102295,1.7200000286102295,0.0,14.84000015258789,15.229999542236328,14.5,15.220000267028809,15.220000267028809,0.0,0.014044103712552684,0.014122149481928133,0.01414318543172044,67.86500015258788,68.55400009155274,68.40580001831054,65.0064001083374,67.86011449646944,68.20661606705492,-0.34650157058548814,-0.1347936195691781,49.253361236908695,23.95945840810304,11.596666901791735,-0.8009253488112166,-51.37608899548769,0.792579074307346,66.23365979294918,70.87434039015629,6.769379745907687,0.12841732602567232,0.007321529798949746,-0.00044996457705785605,-0.016075822009213425,0.0029166565232551503,0.0008542552141246811,0.7818314824680298,0.6234898018587336,-1.0,-1.8369701987210297e-16
2012-10-17,67.7699966430664,68.30000305175781,67.68000030517578,68.08000183105469,60.61138153076172,33439400.0,-0.0005870925814029,79.16999816894531,79.76000213623047,78.94000244140625,79.0199966430664,79.0199966430664,0.0,1.7549999952316284,1.8109999895095823,1.7549999952316284,1.8109999895095823,1.8109999895095823,0.0,15.43000030517578,15.630000114440918,14.899999618530272,15.06999969482422,15.06999969482422,0.0,-0.0005870925814029481,0.009148631803060065,-0.0005869202762747161,67.76200027465819,68.43800010681151,68.435,65.05600011825562,67.89394331717486,68.1972372347586,-0.30329391758374413,-0.16849367917209132,48.91595489750646,38.532125075243925,23.544695642914885,-1.4903758793233144,-52.599356985203194,0.7802521937555378,66.27994377578202,70.59605643784101,6.306602553147112,0.1278873495257545,0.014044103712552684,0.007321529798949746,-0.005067626419770315,0.0063873400015710515,0.0018481831831250986,0.9749279121818236,-0.22252093395631434,-1.0,-1.8369701987210297e-16
2012-10-18,67.86000061035156,68.08000183105469,67.04000091552734,67.29000091552734,59.90804672241211,61707600.0,-0.011671857446828,79.0999984741211,79.41000366210938,78.94000244140625,79.37000274658203,79.37000274658203,0.0,1.809999942779541,1.825999975204468,1.7829999923706057,1.825999975204468,1.825999975204468,0.0,15.25,15.5,14.68000030517578,15.029999732971191,15.029999732971191,0.0,-0.01167185744682809,0.01532568385165471,-0.011604005561111519,67.55600051879884,68.28600006103515,68.44440002441407,65.10050012588502,67.80102910153678,68.13003454444518,-0.3290054429083966,-0.20059603191935238,42.695254096208146,39.75539306495942,34.082325516102124,-2.970436343069952,-76.75837482443083,0.7988056738820953,66.26516723647792,70.30683288559239,5.91873245687543,0.13281233279333324,-0.0005870925814029481,0.014044103712552684,-0.0031430071800723617,0.003466361579460973,-0.0009949014871648816,0.43388373911755823,-0.900968867902419,-1.0,-1.8369701987210297e-16
2012-10-19,67.20999908447266,67.2699966430664,65.5999984741211,65.68000030517578,58.47465133666992,75362600.0,-0.0242174821851442,79.33000183105469,79.66000366210938,79.31999969482422,79.63999938964844,79.63999938964844,0.0,1.7990000247955322,1.819000005722046,1.7610000371932983,1.7680000066757202,1.7680000066757202,0.0,14.90999984741211,17.600000381469727,14.899999618530272,17.059999465942383,17.059999465942383,0.0,-0.024217482185144246,0.024847466027285332,-0.02392659190482238,67.22600021362304,68.0625,68.42080001831054,65.13800012588503,67.47471697901972,67.94855052672152,-0.4738335477018012,-0.2552435350758422,33.37893453765647,24.182357205199025,34.15662511513412,-4.783999552279102,-98.09519657476889,0.8624625858481064,65.924346693558,70.200653306442,6.282911460619304,0.15386711173840215,-0.01167185744682809,-0.0005870925814029481,-0.00044996457705785605,-0.005349927138073865,0.000285466748162817,-0.433883739117558,-0.9009688679024191,-1.0,-1.8369701987210297e-16
2012-10-22,65.6500015258789,66.19000244140625,65.5,66.0199966430664,58.777374267578125,38621500.0,0.0051636396382469,79.62000274658203,79.68000030517578,79.47000122070312,79.6500015258789,79.6500015258789,0.0,1.8029999732971191,1.815000057220459,1.784000039100647,1.7979999780654907,1.7979999780654907,0.0,17.440000534057617,17.979999542236328,16.6200008392334,16.6200008392334,16.6200008392334,0.0,0.005163639638246973,0.010510318741337035,0.005176994201560259,66.99300003051759,67.87649993896484,68.40080001831055,65.17720010757448,67.25091385041151,67.80569468348781,-0.5547808330763075,-0.31515099467593527,36.52867811807,12.41312173529985,25.450290668486097,-3.408927407565167,-87.90706339490073,0.8501440041022595,65.70581130969902,70.04718856823067,6.395994581976761,0.15638147653940296,-0.024217482185144246,-0.01167185744682809,0.007321529798949746,-0.00917466739050583,-0.005862182595170127,0.0,1.0,-1.0,-1.8369701987210297e-16
2012-10-23,65.4800033569336,65.94999694824219,65.19000244140625,65.38999938964844,58.21647644042969,52591200.0,-0.0095885744625923,79.54000091552734,80.05999755859375,79.47000122070312,79.9800033569336,79.9800033569336,0.0,1.774999976158142,1.774999976158142,1.75,1.7640000581741333,1.7640000581741333,0.0,18.229999542236328,19.64999961853028,18.170000076293945,18.82999992370605,18.82999992370605,0.0,-0.009588574462592368,0.011606512948589559,-0.009542750661079347,66.80599975585939,67.70799980163575,68.36759994506838,65.21060010910035,66.96461931798642,67.62675429135156,-0.6621349733651414,-0.3845477904137765,33.37953096045075,6.112022683740889,14.235833874746588,-2.7802597192823018,-95.66167197910771,0.8487047324992522,65.31433552106452,70.10166408220698,7.070550858344515,0.152762440312764,0.005163639638246973,-0.024217482185144246,0.014044103712552684,-0.016075822009213425,-0.014151545407137003,0.7818314824680298,0.6234898018587336,-1.0,-1.8369701987210297e-16
2012-10-24,65.76000213623047,65.87000274658203,65.05999755859375,65.16000366210938,58.01171112060547,39872400.0,-0.0035235089864136,79.94000244140625,80.1500015258789,79.81999969482422,79.97000122070312,79.97000122070312,0.0,1.777999997138977,1.7920000553131104,1.7630000114440918,1.774999976158142,1.774999976158142,0.0,18.21999931335449,18.670000076293945,17.93000030517578,18.32999992370605,18.32999992370605,0.0,-0.0035235089864136,0.012317596740800726,-0.003517308713002376,66.63000030517578,67.55600013732911,68.32639999389649,65.23895011901855,66.68698614015918,67.4440320225188,-0.7570458823596198,-0.4590474088029452,32.285249742795024,6.180365196140286,8.235169871727008,-2.629997840694316,-97.8901690375707,0.8459404793198971,64.92005902129573,70.19194125336249,7.803721684750395,0.15136011008053044,-0.009588574462592368,0.005163639638246973,-0.0005870925814029481,-0.005067626419770315,-0.008177799392727012,0.9749279121818236,-0.22252093395631434,-1.0,-1.8369701987210297e-16
2012-10-25,65.61000061035156,65.72000122070312,64.97000122070312,65.16000366210938,58.01171112060547,52688700.0,0.0,79.95999908447266,80.1500015258789,79.69999694824219,80.04000091552734,80.04000091552734,0.0,1.838000059127808,1.851999998092652,1.7979999780654907,1.8279999494552608,1.8279999494552608,0.0,17.559999465942383,18.63999938964844,17.299999237060547,18.1200008392334,18.1200008392334,0.0,0.0,0.01143118416434932,0.0,66.47500076293946,67.35700035095215,68.26920013427733,65.26545013427734,66.45206575892074,67.27484473656254,-0.8227789776418035,-0.5317937225707169,32.28524974279503,3.838296918051641,5.376894932644271,-2.3234829015670853,-94.93326822916667,0.8390875879399046,64.625368541651,70.0886321602533,8.11090694380227,0.13954319027657888,-0.0035235089864136,-0.009588574462592368,-0.01167185744682809,-0.0031430071800723617,0.013689138722868099,0.43388373911755823,-0.900968867902419,-1.0,-1.8369701987210297e-16
2012-10-26,65.16000366210938,65.62000274658203,64.6500015258789,65.3499984741211,58.18084716796875,54213100.0,0.0029113080788808,80.11000061035156,80.2699966430664,79.69999694824219,80.06999969482422,80.06999969482422,0.0,1.781999945640564,1.7960000038146973,1.7489999532699585,1.75,1.75,0.0,18.030000686645508,18.63999938964844,17.520000457763672,17.809999465942383,17.809999465942383,0.0,0.0029113080788808004,0.014886451292009087,0.002915550051810323,66.34200057983398,67.196000289917,68.20980010986327,65.29335012435914,66.28251694587465,67.13226353193726,-0.8497465860626079,-0.5953842952690951,34.34726962289704,8.715565467641285,6.2447425272777375,-1.994603816688122,-81.02986633033878,0.848438561708706,64.38692187371242,70.00507870612157,8.36085006275614,0.13954416036134468,0.0,-0.0035235089864136,-0.024217482185144246,-0.00044996457705785605,-0.00827875401517683,-0.433883739117558,-0.9009688679024191,-1.0,-1.8369701987210297e-16
2012-10-29,65.16000366210938,65.62000274658203,64.6500015258789,65.3499984741211,58.18084716796875,54213100.0,0.0,80.11000061035156,80.2699966430664,79.69999694824219,80.06999969482422,80.06999969482422,0.0,1.781999945640564,1.7960000038146973,1.7489999532699585,1.75,1.75,0.0,18.030000686645508,18.63999938964844,17.520000457763672,17.809999465942383,17.809999465942383,0.0,0.0,0.014886451292009087,0.0,66.16000061035157,67.0400001525879,68.14840011596678,65.3211501121521,66.13905256560487,67.00024389802495,-0.8611913324200771,-0.6485457026992916,34.34726962289703,14.40495200171074,8.986271462467888,-2.7095425702507443,-80.82200943536233,0.857121608779736,64.18269922411938,69.89730108105641,8.524167428296822,0.13977125380120364,0.0029113080788808004,0.0,0.005163639638246973,0.007321529798949746,-0.0014590791856567583,0.0,1.0,-1.0,-1.8369701987210297e-16
2012-10-30,65.16000366210938,65.62000274658203,64.6500015258789,65.3499984741211,58.18084716796875,54213100.0,0.0,80.11000061035156,80.2699966430664,79.69999694824219,80.06999969482422,80.06999969482422,0.0,1.781999945640564,1.7960000038146973,1.7489999532699585,1.75,1.75,0.0,18.030000686645508,18.63999938964844,17.520000457763672,17.809999465942383,17.809999465942383,0.0,0.0,0.014886451292009087,0.0,65.88300018310548,66.87400016784667,68.09240005493163,65.34950010299684,66.01765962845352,66.8780034962543,-0.8603438678007791,-0.6909053357195891,34.34726962289703,19.108704932978853,14.076407467443627,-4.066359601842389,-80.82200943536233,0.8651844382028352,64.02969309021404,69.71830724547931,8.506466101904252,0.13869793343242973,0.0,0.0029113080788808004,-0.009588574462592368,0.014044103712552684,0.0029166565232551503,0.7818314824680298,0.6234898018587336,-1.0,-1.8369701987210297e-16
2012-10-31,65.2699966430664,65.38999938964844,64.7300033569336,64.94999694824219,57.82474899291992,38524500.0,-0.0061393468129956,79.91999816894531,80.27999877929688,79.66999816894531,79.91999816894531,79.91999816894531,0.0,1.7330000400543213,1.7350000143051147,1.6859999895095823,1.6859999895095823,1.6859999895095823,0.0,17.68000030517578,18.84000015258789,17.559999465942383,18.600000381469727,18.600000381469727,0.0,-0.0061393468129956955,0.010111782850611725,-0.006120539531175417,65.56999969482422,66.66599998474122,68.02279998779296,65.37210008621217,65.85340383149793,66.73518819640155,-0.8817843649036234,-0.729081141556396,31.800891915263453,15.525010120265684,16.346222351651758,-4.597539363438661,-91.78095076847828,0.8505281235251216,63.902908582625585,69.42909138685685,8.289357101815204,0.1351611079848133,0.0,0.0,-0.0035235089864136,-0.0005870925814029481,0.0063873400015710515,0.9749279121818236,-0.22252093395631434,-1.0,-1.8369701987210297e-16
2012-11-01,65.36000061035156,66.0,65.16999816894531,65.87000274658203,58.64384460449219,26945000.0,0.0140657509591054,79.94000244140625,80.11000061035156,79.66999816894531,80.05000305175781,80.05000305175781,0.0,1.715000033378601,1.7380000352859497,1.7050000429153442,1.715000033378601,1.715000033378601,0.0,17.770000457763672,17.790000915527344,16.450000762939453,16.690000534057617,16.690000534057617,0.0,0.01406575095910545,0.012698926305138893,0.014165139076912414,65.4279998779297,66.49200019836425,67.98279998779297,65.40035009384157,65.85595751074163,66.6711003853038,-0.81514287456217,-0.7462934881575509,42.38140787252577,20.273905600391295,18.302540217878608,-2.1102662351393193,-66.5753229949855,0.8647763326845995,64.0173307507051,68.9666696460234,7.443510317862363,0.14673604237042392,-0.0061393468129956955,0.0,0.0,-0.01167185744682809,0.003466361579460973,0.43388373911755823,-0.900968867902419,-0.8660254037844386,0.5000000000000001
2012-11-02,66.16999816894531,66.20999908447266,65.11000061035156,65.16999816894531,58.02062225341797,44083000.0,-0.0106841148169078,80.0199966430664,80.61000061035156,79.86000061035156,80.58999633789062,80.58999633789062,0.0,1.718999981880188,1.7790000438690186,1.7170000076293943,1.72599995136261,1.72599995136261,0.0,16.059999465942383,17.600000381469727,16.049999237060547,17.59000015258789,17.59000015258789,0.0,-0.010684114816907866,0.01662382506513868,-0.010627242386262004,65.37699966430664,66.30149993896485,67.92039993286133,65.4242000770569,65.75042530431142,66.55990762853651,-0.8094823242250868,-0.7589312553710582,37.601414122144,18.63006788416424,18.142994534940406,-0.7764953317003548,-85.7535225840435,0.8815779142157777,64.05741204176496,68.54558783616474,6.769342772835393,0.1492740650866618,0.01406575095910545,-0.0061393468129956955,0.0029113080788808004,-0.024217482185144246,-0.005349927138073865,-0.433883739117558,-0.9009688679024191,-0.8660254037844386,0.5000000000000001
2012-11-05,65.18000030517578,65.7300033569336,65.04000091552734,65.5999984741211,58.40343475341797,28094700.0,0.0065761989308015,80.62999725341797,80.83999633789062,80.5,80.75,80.75,0.0,1.690999984741211,1.6950000524520874,1.6740000247955322,1.684000015258789,1.684000015258789,0.0,18.32999992370605,18.700000762939453,18.1299991607666,18.420000076293945,18.420000076293945,0.0,0.006576198930801597,0.010586106753231461,0.0065978696044999285,65.33499984741212,66.16399993896485,67.8643998718262,65.44995006561281,65.72728271505137,66.48880324672795,-0.761520531676581,-0.7594491106321628,41.93380733855439,24.566152396917865,21.156708627157798,-0.6361681161785121,-73.97269723021739,0.86789395187224,64.12035495559012,68.20764492233958,6.177513406867663,0.1508718810392736,-0.010684114816907866,0.01406575095910545,0.0,0.005163639638246973,-0.00917466739050583,0.0,1.0,-0.8660254037844386,0.5000000000000001
2012-11-06,65.70999908447266,66.16999816894531,65.45999908447266,65.72000122070312,58.51028060913086,29608400.0,0.0018277733305633,80.70999908447266,80.83999633789062,80.5,80.61000061035156,80.61000061035156,0.0,1.7029999494552612,1.7489999532699585,1.690999984741211,1.7419999837875366,1.7419999837875366,0.0,18.15999984741211,18.170000076293945,17.190000534057617,17.579999923706055,17.579999923706055,0.0,0.0018277733305633811,0.01080503872112258,0.0018294447263931257,65.36800003051758,66.08699989318848,67.81079986572266,65.47590007781983,65.72616248515165,66.4318549485039,-0.7056924633522499,-0.7486977811761802,43.120708094805146,23.823034596642344,22.33975162590815,0.504667126678286,-68.80467639581207,0.8566157470579842,64.10202279984267,68.07197698653428,6.007163576963627,0.14192104586390433,0.006576198930801597,-0.010684114816907866,0.0,-0.009588574462592368,-0.016075822009213425,0.7818314824680298,0.6234898018587336,-0.8660254037844386,0.5000000000000001
2012-11-07,65.0199966430664,65.0999984741211,63.900001525878906,64.16999816894531,57.13030242919922,70737800.0,-0.0238678092816802,80.63999938964844,80.91999816894531,80.27999877929688,80.76000213623047,80.76000213623047,0.0,1.6410000324249268,1.6510000228881836,1.618000030517578,1.631999969482422,1.631999969482422,0.0,17.719999313354492,19.39999961853028,17.6200008392334,19.07999992370605,19.07999992370605,0.0,-0.023867809281680235,0.018455813752647317,-0.02358522580245992,65.26899948120118,65.94949989318847,67.72619979858399,65.49165006637574,65.48675259035068,66.26431000186993,-0.7775574115192541,-0.754469707244795,33.574572517206015,21.744802602071992,23.3779965318774,-1.5193453614548398,-91.98821856775456,0.9254288861841438,63.830983964097996,68.06801582227895,6.424661089232267,0.16292540117226578,0.0018277733305633811,0.006576198930801597,-0.0061393468129956955,-0.0035235089864136,-0.005067626419770315,0.9749279121818236,-0.22252093395631434,-0.8660254037844386,0.5000000000000001
2012-11-08,64.3499984741211,64.5,63.15999984741211,63.15999984741211,56.23112106323242,58585800.0,-0.0158643072172918,80.86000061035156,81.0,80.27999877929688,80.79000091552734,80.79000091552734,0.0,1.6759999990463257,1.6970000267028809,1.6169999837875366,1.631999969482422,1.631999969482422,0.0,18.690000534057617,18.690000534057617,17.959999084472656,18.489999771118164,18.489999771118164,0.0,-0.015864307217291828,0.02082362368861257,-0.015739131909570103,65.06899909973146,65.77199993133546,67.63519981384279,65.50140007019043,65.12879062989859,66.03436110153972,-0.905570471641127,-0.7846898601240615,29.060058726800936,13.069035012144461,19.545624070286266,-3.06937339210168,-100.0,0.9550411194986972,63.34880725572476,68.19519260694615,7.368462805268068,0.17010690281256224,-0.023867809281680235,0.0018277733305633811,0.01406575095910545,0.0,-0.0031430071800723617,0.43388373911755823,-0.900968867902419,-0.8660254037844386,0.5000000000000001
2012-11-09,63.20000076293945,64.11000061035156,63.15999984741211,63.43000030517578,56.47150802612305,51542100.0,0.0042658690284769,80.8499984741211,81.08999633789062,80.61000061035156,81.02999877929688,81.02999877929688,0.0,1.593000054359436,1.6419999599456787,1.5889999866485596,1.6130000352859497,1.6130000352859497,0.0,18.799999237060547,18.809999465942383,17.670000076293945,18.61000061035156,18.61000061035156,0.0,0.004265869028476964,0.015031657459987477,0.004274980799694683,64.87699928283692,65.60949993133545,67.54059974670409,65.50830007553098,64.86743827224893,65.84144548699425,-0.9740072147453134,-0.8225533310483119,31.70383875660786,5.621419223892806,13.478418946036419,-2.9380232804529305,-91.14752376056703,0.9546810940301798,63.01299537409455,68.20600448857635,7.915026207967781,0.17176237299704583,-0.015864307217291828,-0.023867809281680235,-0.010684114816907866,0.0029113080788808004,-0.00044996457705785605,-0.433883739117558,-0.9009688679024191,-0.8660254037844386,0.5000000000000001
2012-11-12,63.79999923706055,63.869998931884766,63.25,63.41999816894531,56.46259689331055,32663700.0,-0.0001578111915324,81.0,81.0999984741211,80.91000366210938,81.04000091552734,81.04000091552734,0.0,1.6109999418258667,1.6109999418258667,1.6109999418258667,1.6109999418258667,1.6109999418258667,0.0,18.14999961853028,18.14999961853028,16.450000762939453,16.68000030517578,16.68000030517578,0.0,-0.0001578111915324056,0.009717851713148873,-0.00015779874000132477,64.68399925231934,65.42199993133545,67.44579963684082,65.51540006637572,64.64475517943299,65.66207901899062,-1.0173238395576334,-0.8615074327501762,31.656772021872154,5.792337834677233,8.160930690238166,-2.953328768538641,-91.47546273540128,0.9307752253055074,62.75922105766365,68.08477880500725,8.140316335381227,0.16810382683209407,0.004265869028476964,-0.015864307217291828,0.006576198930801597,0.0,0.007321529798949746,0.0,1.0,-0.8660254037844386,0.5000000000000001
2012-11-13,62.93000030517578,63.58000183105469,62.77999877929688,62.97999954223633,56.07085418701172,43288300.0,-0.0069622727279169,81.11000061035156,81.23999786376953,80.91000366210938,81.08000183105469,81.08000183105469,0.0,1.60099995136261,1.6080000400543213,1.5789999961853027,1.5889999866485596,1.5889999866485596,0.0,17.360000610351562,17.3799991607666,16.1200008392334,16.649999618530273,16.649999618530273,0.0,-0.0069622727279169795,0.012712586173180232,-0.0069380922567031655,64.44699935913086,65.16499977111816,67.34359970092773,65.51965005874632,64.38863892755658,65.46340646515696,-1.0747675376003798,-0.9041594537202169,29.57662481152303,7.735979672819837,6.3832455771299585,-3.626624310975763,-94.1690744855722,0.9214343557663858,62.60858271099619,67.72141683124013,7.8459819507434565,0.15618145816541326,-0.0001578111915324056,0.004265869028476964,0.0018277733305633811,0.0,0.014044103712552684,0.7818314824680298,0.6234898018587336,-0.8660254037844386,0.5000000000000001
2012-11-14,63.290000915527344,63.36000061035156,62.13999938964844,62.2400016784668,55.41204833984375,82655300.0,-0.0118190951495173,81.05000305175781,81.23999786376953,80.9000015258789,81.05999755859375,81.05999755859375,0.0,1.6150000095367432,1.6299999952316284,1.5859999656677246,1.5889999866485596,1.5889999866485596,0.0,16.31999969482422,18.049999237060547,15.93000030517578,17.920000076293945,17.920000076293945,0.0,-0.011819095149517327,0.01927636598285803,-0.011749524003516476,64.17599983215332,64.87299976348876,67.22799980163573,65.5185500717163,64.05807935077354,65.22463574021695,-1.1665563894434143,-0.9566388408648564,26.431013311533,5.604173885528977,6.377497131008682,-4.172433251898304,-97.54294112243961,0.9427605604047243,62.38531977799561,67.36067974898192,7.6693847812268094,0.15807725814001247,-0.0069622727279169795,-0.0001578111915324056,-0.023867809281680235,-0.0061393468129956955,-0.0005870925814029481,0.9749279121818236,-0.22252093395631434,-0.8660254037844386,0.5000000000000001
2012-11-15,62.27999877929688,62.4900016784668,61.79999923706055,62.02999877929688,55.22507858276367,55124200.0,-0.0033798769051424,81.1500015258789,81.20999908447266,80.9000015258789,81.08000183105469,81.08000183105469,0.0,1.6100000143051147,1.6130000352859497,1.5720000267028809,1.5889999866485596,1.5889999866485596,0.0,17.739999771118164,18.63999938964844,17.6200008392334,17.989999771118164,17.989999771118164,0.0,-0.0033798769051424753,0.01107903749085526,-0.003374171550803995,63.79199943542481,64.60999965667725,67.07799980163574,65.51415006637573,63.746066955161744,64.98799596533398,-1.2419290101722353,-1.0136968747263322,25.598946736820874,4.501131231149646,5.947094929832819,-5.829670270485006,-94.78459069853928,0.9247064090476905,62.0863014710748,67.13369784227969,7.812097814619407,0.1558005419011567,-0.011819095149517327,-0.0069622727279169795,-0.015864307217291828,0.01406575095910545,-0.01167185744682809,0.43388373911755823,-0.900968867902419,-0.8660254037844386,0.5000000000000001
2012-11-16,62.08000183105469,62.47999954223633,61.310001373291016,62.29999923706055,55.4654655456543,70873100.0,0.0043434123970805,81.02999877929688,81.45999908447266,80.93000030517578,81.26000213623047,81.26000213623047,0.0,1.5880000591278076,1.5989999771118164,1.555999994277954,1.5740000009536743,1.5740000009536743,0.0,17.649999618530273,18.5,16.40999984741211,16.40999984741211,16.40999984741211,0.0,0.004343412397080567,0.01884661943357155,0.004352858684127936,63.50499954223634,64.44099960327148,66.93539978027344,65.51330005645752,63.5235949985308,64.78888509657298,-1.2652900980421862,-1.0640155193895031,28.706496647295147,9.292171884187173,6.465825666955265,-4.403865294647764,-79.79595252645962,0.9422272490403778,61.77057760953969,67.11142159700326,8.287959560441744,0.13888001640263867,-0.0033798769051424753,-0.011819095149517327,0.004265869028476964,-0.010684114816907866,-0.024217482185144246,-0.433883739117558,-0.9009688679024191,-0.8660254037844386,0.5000000000000001
2012-11-19,62.97999954223633,63.83000183105469,62.959999084472656,63.77999877929688,56.78310775756836,55306400.0,0.0234782982024169,81.16000366210938,81.19999694824219,80.79000091552734,80.87000274658203,80.87000274658203,0.0,1.6109999418258667,1.6269999742507937,1.6059999465942385,1.6109999418258667,1.6109999418258667,0.0,15.880000114440918,15.979999542236328,15.100000381469728,15.239999771118164,15.239999771118164,0.0,0.02347829820241692,0.013813952888306717,0.023756083158258168,63.322999572753915,64.32899971008301,66.84019973754884,65.5169500541687,63.56304173403328,64.71415277677475,-1.1511110427414764,-1.0814346240598978,42.80775676760778,25.275863549194177,13.023055554843666,-2.7743898432287213,-49.59186612741859,0.9842112022513609,61.75112663195264,66.90687278821339,8.014653079476746,0.16524526912192278,0.004343412397080567,-0.0033798769051424753,-0.0001578111915324056,0.006576198930801597,0.005163639638246973,0.0,1.0,-0.8660254037844386,0.5000000000000001
2012-11-20,63.7599983215332,63.88999938964844,63.18999862670898,63.79999923706055,56.80089569091797,52012700.0,0.0003132119480733,81.0,81.19999694824219,80.79000091552734,80.95999908447266,80.95999908447266,0.0,1.6230000257492063,1.6610000133514404,1.618000030517578,1.656000018119812,1.656000018119812,0.0,15.109999656677246,15.649999618530272,15.0600004196167,15.079999923706056,15.079999923706056,0.0,0.0003132119480733273,0.010978682267359064,0.0003132610040570416,63.130999374389646,64.24949970245363,66.74759971618651,65.51990005493164,63.59949673449901,64.64643769975889,-1.0469409652598785,-1.074535892299894,42.971913917055915,40.47616267226161,25.014732701880984,-2.921488052312663,-49.18369332933699,0.9639104565862252,61.71163873868833,66.78736066621893,7.900017822764095,0.1627150220932966,0.02347829820241692,0.004343412397080567,-0.0069622727279169795,0.0018277733305633811,-0.009588574462592368,0.7818314824680298,0.6234898018587336,-0.8660254037844386,0.5000000000000001
2012-11-21,63.869998931884766,64.0199966430664,63.59999847412109,63.93000030517578,56.91665267944336,19611700.0,0.0020358692245191,80.91000366210938,81.2699966430664,80.79000091552734,80.93000030517578,80.93000030517578,0.0,1.6759999990463257,1.6950000524520874,1.6710000038146973,1.687000036239624,1.687000036239624,0.0,14.960000038146973,15.43000030517578,14.770000457763672,15.3100004196167,15.3100004196167,0.0,0.002035869224519196,0.006575828651464888,0.002037943013351029,63.10699958801269,64.18799953460693,66.65359977722167,65.52570005416868,63.65034343768005,64.5933682631231,-0.9430248254430467,-1.0482336789285247,44.09513169299722,51.564610491979444,39.10554557114507,-0.3740032267691053,-46.53060906730608,0.9250595788975892,61.68364863517416,66.69235043403971,7.803174791520201,0.16287264851569488,0.0003132119480733273,0.02347829820241692,-0.011819095149517327,-0.023867809281680235,-0.0035235089864136,0.9749279121818236,-0.22252093395631434,-0.8660254037844386,0.5000000000000001
2012-11-22,63.869998931884766,64.0199966430664,63.59999847412109,63.93000030517578,56.91665267944336,19611700.0,0.0,80.91000366210938,81.2699966430664,80.79000091552734,80.93000030517578,80.93000030517578,0.0,1.6759999990463257,1.6950000524520874,1.6710000038146973,1.687000036239624,1.687000036239624,0.0,14.960000038146973,15.43000030517578,14.770000457763672,15.3100004196167,15.3100004196167,0.0,0.0,0.006575828651464888,0.0,63.18399963378907,64.12649936676026,66.54099983215332,65.52720005035398,63.693367571140925,64.54422989586774,-0.850862324726819,-1.0087594080881837,44.09513169299722,52.731725396803654,48.25749952034823,1.2191267568459654,-46.09052141294596,0.8889837639009985,61.6625679790374,66.59043075448311,7.684596577245959,0.16287264851569488,0.002035869224519196,0.0003132119480733273,-0.0033798769051424753,-0.015864307217291828,0.0,0.43388373911755823,-0.900968867902419,-0.8660254037844386,0.5000000000000001
2012-11-23,64.29000091552734,64.91999816894531,64.25,64.9000015258789,57.78023147583008,16462900.0,0.0150587371548306,80.7300033569336,80.88999938964844,80.12999725341797,80.19000244140625,80.19000244140625,0.0,1.6759999990463257,1.6950000524520874,1.6749999523162842,1.6929999589920044,1.6929999589920044,0.0,15.0,15.260000228881836,15.0,15.140000343322754,15.140000343322754,0.0,0.015058737154830663,0.010421498824142873,0.015172691220097345,63.330999755859374,64.10399951934815,66.43539985656739,65.5345500564575,63.87900356417754,64.57058334994264,-0.6915797857651,-0.945323483623567,52.23599773837279,60.41574470675863,54.904026865180576,2.3175172846139422,-26.131635399472064,0.8961990567487509,61.6792030283561,66.5287960103402,7.565195648237793,0.17213915709237307,0.0,0.002035869224519196,0.004343412397080567,0.004265869028476964,0.0029113080788808004,-0.433883739117558,-0.9009688679024191,-0.8660254037844386,0.5000000000000001
2012-11-26,64.73999786376953,65.22000122070312,64.54000091552734,65.18000030517578,58.02952194213867,26430900.0,0.004305178864333,80.26000213623047,80.30999755859375,80.02999877929688,80.25,80.25,0.0,1.662999987602234,1.6660000085830688,1.6399999856948853,1.6640000343322754,1.6640000343322754,0.0,15.630000114440918,15.84000015258789,15.470000267028809,15.5,15.5,0.0,0.004305178864333085,0.010503557732681515,0.004314459460289077,63.50699996948242,64.09549961090089,66.33479988098145,65.54330005645751,64.0791569089465,64.61572534662658,-0.5365684376800743,-0.8635724744348685,54.30453168752193,75.58493394327428,62.91080134894552,2.7751532435273454,-1.0230413577591024,0.880756288779253,61.68796320094987,66.5030360208519,7.512341504680476,0.17293027041984058,0.015058737154830663,0.0,0.02347829820241692,-0.0001578111915324056,0.0,0.0,1.0,-0.8660254037844386,0.5000000000000001
2012-11-27,65.16999816894531,65.4000015258789,64.8499984741211,64.95999908447266,57.83365631103516,25828600.0,-0.003380984720698,80.0999984741211,80.47000122070312,80.0199966430664,80.4000015258789,80.4000015258789,0.0,1.659000039100647,1.6749999523162842,1.6390000581741333,1.6449999809265137,1.6449999809265137,0.0,15.300000190734863,15.93000030517578,15.010000228881836,15.920000076293944,15.920000076293944,0.0,-0.003380984720698045,0.008439513076738108,-0.0033752756277882767,63.704999923706055,64.07599964141848,66.22859992980958,65.55005004882813,64.21467108979668,64.64122710498555,-0.426556015188865,-0.7761691825856678,52.38488384971723,87.36243924725679,74.4543726324299,3.1438544881355224,-10.758005500998447,0.8571310575634359,61.70520866079051,66.44679062204644,7.399934433782886,0.17331252482247766,0.004305178864333085,0.015058737154830663,0.0003132119480733273,-0.0069622727279169795,0.0,0.7818314824680298,0.6234898018587336,-0.8660254037844386,0.5000000000000001
2012-11-28,64.6500015258789,65.56999969482422,64.25,65.5199966430664,58.33220291137695,37295800.0,0.0085834110734659,80.37999725341797,80.58999633789062,80.0199966430664,80.33999633789062,80.33999633789062,0.0,1.6150000095367432,1.628000020980835,1.60099995136261,1.6169999837875366,1.6169999837875366,0.0,16.43000030517578,16.979999542236328,15.470000267028809,15.510000228881836,15.510000228881836,0.0,0.008583411073465982,0.020417628208343242,0.008620354169906808,64.03299942016602,64.10449962615968,66.13099983215332,65.56105003356934,64.41549040568434,64.70632114484339,-0.29083073915904833,-0.6791014939003439,56.59126257273803,95.68172404035673,86.2096990769626,5.269914646763884,-1.1737810201722376,0.8901931030820633,61.67645740132498,66.53254185099438,7.575263012719518,0.17460702725599642,-0.003380984720698045,0.004305178864333085,0.002035869224519196,-0.011819095149517327,-0.0061393468129956955,0.9749279121818236,-0.22252093395631434,-0.8660254037844386,0.5000000000000001
2012-11-29,65.87000274658203,66.13999938964844,65.58000183105469,65.91000366210938,58.67942810058594,41136100.0,0.0059349007513103,80.31999969482422,80.58999633789062,80.0199966430664,80.19999694824219,80.19999694824219,0.0,1.6419999599456787,1.6440000534057615,1.6109999418258667,1.6200000047683716,1.6200000047683716,0.0,15.210000038146973,15.510000228881836,15.020000457763672,15.0600004196167,15.0600004196167,0.0,0.005934900751310391,0.008501556630386023,0.005952547167411337,64.42099990844727,64.10649967193604,66.0425998687744,65.57190004348755,64.64541552205742,64.79548281278902,-0.15006729073159875,-0.5732946532665949,59.28868886428825,94.43546507267729,92.49320945343027,6.2550458796840775,-4.761818260797456,0.8708937919034896,61.67227607288012,66.54072327099195,7.594311377202035,0.16846694641137375,0.008583411073465982,-0.003380984720698045,0.0,-0.0033798769051424753,0.01406575095910545,0.43388373911755823,-0.900968867902419,-0.8660254037844386,0.5000000000000001
2012-11-30,65.91999816894531,65.97000122070312,65.61000061035156,65.80000305175781,58.58149719238281,33497400.0,-0.0016703080028885,80.20999908447266,80.3499984741211,80.0199966430664,80.1500015258789,80.1500015258789,0.0,1.6050000190734863,1.6230000257492063,1.5959999561309814,1.6059999465942385,1.6059999465942385,0.0,15.260000228881836,16.170000076293945,14.890000343322754,15.869999885559082,15.869999885559082,0.0,-0.001670308002888541,0.005461174459212251,-0.001668913814825479,64.771000289917,64.13799991607665,65.95559989929198,65.58110006332397,64.82304437278056,64.8698917193793,-0.04684734659873868,-0.4680051919330237,58.19036388719051,95.67504539133671,95.26407816812358,5.617983719998523,-7.039264545020163,0.8344014217926377,61.63062381407755,66.64537601807575,7.818691275936117,0.16383830178751557,0.005934900751310391,0.008583411073465982,0.015058737154830663,0.004343412397080567,-0.010684114816907866,-0.433883739117558,-0.9009688679024191,-0.8660254037844386,0.5000000000000001
2012-12-03,66.30999755859375,66.37000274658203,65.63999938964844,65.66999816894531,58.46575164794922,28240000.0,-0.0019777582695681,80.18000030517578,80.2699966430664,79.80000305175781,79.87999725341797,79.87999725341797,0.0,1.6440000534057615,1.656000018119812,1.625,1.628000020980835,1.628000020980835,0.0,15.8100004196167,16.690000534057617,15.760000228881836,16.639999389648438,16.639999389648438,0.0,-0.0019777582695681604,0.0110089486323467,-0.001975803794387221,64.96000022888184,64.14149990081786,65.87419990539551,65.58920003890991,64.9533449568059,64.9291588637916,0.02418609301430763,-0.36956693494355747,56.8499517042671,91.45494612892668,93.85515219764689,2.963310482630376,-13.834078807402317,0.8269444171598488,61.62535101724842,66.6576487843873,7.845619099834488,0.1624250812144616,-0.001670308002888541,0.005934900751310391,0.004305178864333085,0.02347829820241692,0.006576198930801597,0.0,1.0,-0.5000000000000004,0.8660254037844384
2012-12-04,65.69999694824219,65.7699966430664,65.19999694824219,65.62999725341797,58.430152893066406,49584500.0,-0.0006090676336878,79.88999938964844,80.19000244140625,79.61000061035156,79.63999938964844,79.63999938964844,0.0,1.6299999952316284,1.6299999952316284,1.5989999771118164,1.6080000400543213,1.6080000400543213,0.0,16.65999984741211,17.3700008392334,16.3799991607666,17.1200008392334,17.1200008392334,0.0,-0.0006090676336878016,0.008675794844758652,-0.0006088821896478303,65.14300003051758,64.13699970245362,65.81159980773926,65.59385004043578,65.05744531013084,64.98107281857874,0.07637249155210668,-0.28037904964442467,56.4193159742416,88.16734870910291,91.76578007645543,2.8683354831364967,-14.624610520268778,0.8085912227073038,61.63244269208113,66.64155671282612,7.810022364599883,0.16230227040585607,-0.0019777582695681604,-0.001670308002888541,-0.003380984720698045,0.0003132119480733273,0.0018277733305633811,0.7818314824680298,0.6234898018587336,-0.5000000000000004,0.8660254037844384
2012-12-05,65.52999877929688,65.54000091552734,64.55000305175781,64.9000015258789,57.78023147583008,54076200.0,-0.0111853720622669,79.58999633789062,79.91999816894531,79.56999969482422,79.7699966430664,79.7699966430664,0.0,1.5980000495910645,1.6030000448226929,1.5750000476837158,1.590999960899353,1.590999960899353,0.0,16.950000762939453,17.530000686645508,16.270000457763672,16.459999084472656,16.459999084472656,0.0,-0.011185372062266977,0.015107551994679799,-0.01112304837582323,65.2400001525879,64.1734998703003,65.745599899292,65.59630002975463,65.0332231894767,64.97506753763801,0.05815565183868898,-0.21267210934780195,49.108414317295676,80.82997034438063,86.81742172747008,1.51728643214881,-29.051399639187036,0.8279771497753647,61.64574799726824,66.70125174333238,7.877868210837358,0.14269599450613524,-0.0006090676336878016,-0.0019777582695681604,0.008583411073465982,0.002035869224519196,-0.023867809281680235,0.9749279121818236,-0.22252093395631434,-0.5000000000000004,0.8660254037844384
2012-12-06,64.69999694824219,65.4800033569336,64.52999877929688,65.31999969482422,58.15414047241211,47512300.0,0.0064503785503055,79.80000305175781,80.31999969482422,79.56999969482422,80.26000213623047,80.26000213623047,0.0,1.5809999704360962,1.5820000171661377,1.5640000104904177,1.5809999704360962,1.5809999704360962,0.0,16.59000015258789,16.850000381469727,16.309999465942383,16.579999923706055,16.579999923706055,0.0,0.006450378550305574,0.014683224458212732,0.006471227044814398,65.37900009155274,64.28149986267091,65.66919990539552,65.59830003738404,65.07734265183785,65.00061806779995,0.07672458403790472,-0.15479277067066063,52.8907581249502,75.17738151941151,81.39156685763169,2.174252124218906,-30.791845282309673,0.8366933946226044,61.7515002845815,66.81149944076031,7.871625844121315,0.13004214507586306,-0.011185372062266977,-0.0006090676336878016,0.005934900751310391,0.0,-0.015864307217291828,0.43388373911755823,-0.900968867902419,-0.5000000000000004,0.8660254037844384
2012-12-07,65.63999938964844,65.70999908447266,64.70999908447266,64.93000030517578,57.80693054199219,30089400.0,-0.0059884056776983,80.2699966430664,80.66000366210938,79.7300033569336,80.41999816894531,80.41999816894531,0.0,1.5770000219345093,1.6330000162124634,1.5720000267028809,1.6269999742507937,1.6269999742507937,0.0,16.1200008392334,16.649999618530273,15.729999542236328,15.899999618530272,15.899999618530272,0.0,-0.005988405677698366,0.015234613182487354,-0.005970510914603544,65.38199996948242,64.35649986267092,65.59639991760254,65.598600025177,65.05467459850523,64.99538712242038,0.05928747608484741,-0.11197672131955903,49.231764638676935,64.95790603452613,73.65508596610609,0.04622307949393957,-45.2830369749249,0.8483581521495612,61.84390983026905,66.86908989507278,7.8083489243928135,0.13241162107786913,0.006450378550305574,-0.011185372062266977,-0.001670308002888541,0.015058737154830663,0.004265869028476964,-0.433883739117558,-0.9009688679024191,-0.5000000000000004,0.8660254037844384
2012-12-10,64.75,65.45999908447266,64.75,65.12000274658203,57.9760856628418,33219600.0,0.0029219353018073,80.48999786376953,80.66000366210938,80.2300033569336,80.33000183105469,80.33000183105469,0.0,1.6100000143051147,1.6269999742507937,1.5989999771118164,1.616000056266785,1.616000056266785,0.0,16.469999313354492,16.469999313354492,15.960000038146973,16.049999237060547,16.049999237060547,0.0,0.0029219353018073504,0.010965236825832529,0.0029262083155709995,65.37600021362304,64.44150009155274,65.52939994812012,65.60320005416871,65.06472508282474,65.00461790939532,0.060107173429415184,-0.07755994236976418,51.00992089574253,59.59961118504778,66.5782995796618,-0.09204903085737749,-45.126284187622105,0.838475361601211,61.94735255697734,66.93564762612813,7.74081152993624,0.13245370613556565,-0.005988405677698366,0.006450378550305574,-0.0019777582695681604,0.004305178864333085,-0.0001578111915324056,0.0,1.0,-0.5000000000000004,0.8660254037844384
2012-12-11,65.56999969482422,66.33999633789062,65.5199966430664,65.97000122070312,58.73284912109375,40750800.0,0.0129685711878904,80.30000305175781,80.56999969482422,80.0,80.05999755859375,80.05999755859375,0.0,1.6399999856948853,1.659000039100647,1.6399999856948853,1.64900004863739,1.64900004863739,0.0,15.9399995803833,16.010000228881836,15.420000076293944,15.56999969482422,15.56999969482422,0.0,0.012968571187890486,0.012505714482852828,0.01305302780620421,65.4770004272461,64.59100017547608,65.47540000915528,65.6152000617981,65.20399833480602,65.076127784307,0.12787055049901142,-0.03647384379600907,58.08304430896223,65.05007093720593,63.20252938559327,1.5548062661101374,-14.440466025835196,0.8657266637231669,62.10728508950268,67.07471526144948,7.690591813800147,0.1347925814333682,0.0029219353018073504,-0.005988405677698366,-0.0006090676336878016,-0.003380984720698045,-0.0069622727279169795,0.7818314824680298,0.6234898018587336,-0.5000000000000004,0.8660254037844384
2012-12-12,66.31999969482422,66.31999969482422,65.6500015258789,65.83000183105469,58.60821533203125,45917700.0,-0.002124300414564,80.05000305175781,80.12999725341797,79.70999908447266,79.88999938964844,79.88999938964844,0.0,1.656000018119812,1.7039999961853027,1.6349999904632568,1.6970000267028809,1.6970000267028809,0.0,15.600000381469728,16.09000015258789,15.40999984741211,15.949999809265137,15.949999809265137,0.0,-0.0021243004145640176,0.010102505609595183,-0.0021220456852950598,65.50800094604492,64.77050018310547,65.40980003356934,65.6240500831604,65.30030656499812,65.13197030628831,0.1683362587098145,0.004488176705155646,56.63272628699268,71.65384716271579,65.4345097616565,0.47314591555475494,-25.471708298395313,0.8517460569533202,62.49174155986597,67.04925880634497,7.036408910838954,0.1253690902122272,0.012968571187890486,0.0029219353018073504,-0.011185372062266977,0.008583411073465982,-0.011819095149517327,0.9749279121818236,-0.22252093395631434,-0.5000000000000004,0.8660254037844384
2012-12-13,65.69999694824219,66.16000366210938,65.02999877929688,65.30999755859375,58.145263671875,45467700.0,-0.0079304546714563,79.87000274658203,80.12999725341797,79.70999908447266,79.93000030517578,79.93000030517578,0.0,1.7020000219345093,1.74399995803833,1.7020000219345093,1.7280000448226929,1.7280000448226929,0.0,15.869999885559082,16.670000076293945,15.710000038146973,16.559999465942383,16.559999465942383,0.0,-0.007930454671456323,0.017199466290732202,-0.00789909157843327,65.44800033569337,64.93450012207032,65.32900001525879,65.62685007095337,65.30179748708976,65.14515751016279,0.15663997692696796,0.034918536749518114,51.489905179525756,70.02921524581744,68.91104444857972,-0.9103414810771117,-50.000179938317146,0.871621687371833,63.047798239309216,66.82120200483142,5.811092344483418,0.12932428082244563,-0.0021243004145640176,0.012968571187890486,0.006450378550305574,0.005934900751310391,-0.0033798769051424753,0.43388373911755823,-0.900968867902419,-0.5000000000000004,0.8660254037844384
2012-12-14,64.87000274658203,65.08000183105469,64.47000122070312,64.69000244140625,57.59328079223633,39630300.0,-0.0095385174799083,79.94999694824219,79.9800033569336,79.5,79.5999984741211,79.5999984741211,0.0,1.7280000448226929,1.7280000448226929,1.6950000524520874,1.7079999446868896,1.7079999446868896,0.0,16.68000030517578,17.149999618530273,16.610000610351562,17.0,17.0,0.0,-0.009538517479908387,0.00940343123977597,-0.009493170118784144,65.33700027465821,65.0540002822876,65.24319999694825,65.62520009994508,65.20767517236922,65.11144231988452,0.09623285248470381,0.04718139989655526,46.113099914352425,48.427639005348965,63.3702338046274,-1.6869309405326987,-79.24519474724065,0.869362733837461,63.621895654357296,66.4861049102179,4.402818033375347,0.1360227848181427,-0.007930454671456323,-0.0021243004145640176,-0.005988405677698366,-0.001670308002888541,0.004343412397080567,-0.433883739117558,-0.9009688679024191,-0.5000000000000004,0.8660254037844384
2012-12-17,64.75,65.56999969482422,64.66000366210938,65.55000305175781,58.35893630981445,42302900.0,0.013206589146835,79.62999725341797,79.69999694824219,79.47000122070312,79.56999969482422,79.56999969482422,0.0,1.7059999704360962,1.7630000114440918,1.7059999704360962,1.7630000114440918,1.7630000114440918,0.0,17.200000762939453,17.200000762939453,16.209999084472656,16.34000015258789,16.34000015258789,0.0,0.013206589146835049,0.01405399278324083,0.013294181318480147,65.32500076293945,65.14250049591064,65.18720008850097,65.62770009994507,65.26034099996747,65.14392830002328,0.1164126999441919,0.061027659906082596,53.384640422856606,44.025148179204166,54.16066747679018,-0.18272441074049625,-38.6791807768297,0.8722651123287026,63.82795189843572,66.45704909338556,4.035916912822354,0.11809875152309275,-0.009538517479908387,-0.007930454671456323,0.0029219353018073504,-0.0019777582695681604,0.02347829820241692,0.0,1.0,-0.5000000000000004,0.8660254037844384
2012-12-18,65.87999725341797,66.6500015258789,65.69999694824219,66.55000305175781,59.24920272827149,55596000.0,0.0151398267301418,79.56999969482422,79.69999694824219,79.26000213623047,79.36000061035156,79.36000061035156,0.0,1.784000039100647,1.847000002861023,1.7719999551773071,1.8270000219345093,1.8270000219345093,0.0,16.389999389648438,16.43000030517578,15.460000038146973,15.56999969482422,15.56999969482422,0.0,0.015139826730141883,0.014420227948437428,0.015255014480229923,65.41700134277343,65.28000068664551,65.17300010681153,65.62915010452271,65.45875054639676,65.24808198533695,0.21066856105980492,0.09095584013682706,60.12296611069185,59.16284638307104,50.538544522541386,1.4018068518080433,-4.587085326716522,0.8885317810281592,63.981515063638064,66.57848630965296,3.9782034600164526,0.12767945490898186,0.013206589146835049,-0.009538517479908387,0.012968571187890486,-0.0006090676336878016,0.0003132119480733273,0.7818314824680298,0.6234898018587336,-0.5000000000000004,0.8660254037844384
2012-12-19,66.73999786376953,66.76000213623047,66.22000122070312,66.26000213623047,58.99103546142578,34832500.0,-0.004366832832079,79.3499984741211,79.37999725341797,79.01000213623047,79.25,79.25,0.0,1.819000005722046,1.8240000009536743,1.774999976158142,1.7999999523162842,1.7999999523162842,0.0,16.049999237060547,17.459999084472656,16.040000915527344,17.360000610351562,17.360000610351562,0.0,-0.004366832832079037,0.008091113767033675,-0.00435731208113832,65.5530014038086,65.39650077819825,65.15980018615723,65.62800012588501,65.5820200217558,65.32303903355128,0.2589809882045131,0.12456086975036428,57.52597192722489,78.29989383006566,60.49596279744695,2.095532478237711,-21.834052406256767,0.8636367192066724,64.1934113584056,66.59959019799089,3.6793694019595944,0.12973498914605353,0.015139826730141883,0.013206589146835049,-0.0021243004145640176,-0.011185372062266977,0.002035869224519196,0.9749279121818236,-0.22252093395631434,-0.5000000000000004,0.8660254037844384
2012-12-20,66.37999725341797,66.41000366210938,65.93000030517578,66.26000213623047,58.99103546142578,40754300.0,0.0,79.36000061035156,79.45999908447266,79.01000213623047,79.26000213623047,79.26000213623047,0.0,1.7910000085830688,1.807000041007996,1.7699999809265137,1.7999999523162842,1.7999999523162842,0.0,17.260000228881836,17.959999084472656,17.110000610351562,17.670000076293945,17.670000076293945,0.0,0.0,0.007231144573584295,0.0,65.64700164794921,65.51300086975097,65.15080024719238,65.62590013504027,65.6863249624442,65.39244370782382,0.2938812546203877,0.15842494672436896,57.525971927224894,83.91493662025664,73.79255894446445,1.439072942127912,-21.834052406256767,0.8362343361871668,64.4668218316978,66.55917990780414,3.1938058833028236,0.12973498914605353,-0.004366832832079037,0.015139826730141883,-0.007930454671456323,0.006450378550305574,0.0,0.43388373911755823,-0.900968867902419,-0.5000000000000004,0.8660254037844384
2012-12-21,64.87999725341797,65.27999877929688,64.5999984741211,65.19999694824219,58.37062454223633,51152900.0,-0.010572732158438,79.33000183105469,79.6500015258789,79.30000305175781,79.62000274658203,79.62000274658203,0.0,1.7599999904632568,1.7599999904632568,1.7369999885559082,1.753999948501587,1.753999948501587,0.0,19.850000381469727,19.93000030517578,17.760000228881836,17.84000015258789,17.84000015258789,0.0,-0.010572732158438097,0.010480892940234486,-0.01051703728094655,65.67400131225587,65.52800064086914,65.12120018005372,65.61930013656617,65.61150526795159,65.37818839229925,0.23331687565233494,0.17340333250996215,48.622734637809394,62.73647504344977,74.98376849792402,0.4158272628945051,-68.12247005713714,0.8950750023244674,64.51062179511281,66.54537948662546,3.1051728598653368,0.1268361415297197,0.0,-0.004366832832079037,-0.009538517479908387,-0.005988405677698366,0.015058737154830663,-0.433883739117558,-0.9009688679024191,-0.5000000000000004,0.8660254037844384
2012-12-24,65.02999877929688,65.13999938964844,64.91999816894531,65.06999969482422,58.25423431396485,11418300.0,-0.0019959769821595,79.62000274658203,79.70999908447266,79.37000274658203,79.63999938964844,79.63999938964844,0.0,1.7669999599456787,1.7790000438690186,1.7669999599456787,1.77400004863739,1.77400004863739,0.0,18.459999084472656,18.65999984741211,17.84000015258789,17.84000015258789,17.84000015258789,0.0,-0.0019959769821595854,0.003383072809977742,-0.0019939863447453465,65.66900100708008,65.52250061035156,65.07920021057129,65.60970014572143,65.52819671823968,65.35535959989369,0.17283711834599558,0.17329008967716886,47.648762620532736,45.41475793062473,64.02205653144371,-0.0767860099029818,-73.79920374473188,0.851140986393925,64.4960515164529,66.54894970425022,3.1331194149708606,0.12630538379920062,-0.010572732158438097,0.0,0.013206589146835049,0.0029219353018073504,0.004305178864333085,0.0,1.0,-0.5000000000000004,0.8660254037844384
2012-12-25,65.02999877929688,65.13999938964844,64.91999816894531,65.06999969482422,58.25423431396485,11418300.0,0.0,79.62000274658203,79.70999908447266,79.37000274658203,79.63999938964844,79.63999938964844,0.0,1.7669999599456787,1.7790000438690186,1.7669999599456787,1.77400004863739,1.77400004863739,0.0,18.459999084472656,18.65999984741211,17.84000015258789,17.84000015258789,17.84000015258789,0.0,0.0,0.003383072809977742,0.0,65.5790008544922,65.52800064086914,65.01820014953613,65.5995001411438,65.45770486848346,65.33422182914781,0.12348303933565319,0.1633286796088657,47.648762620532736,28.093040817799693,45.41475793062473,-1.3642587679632512,-73.79920374473188,0.8060595745588679,64.5131287659941,66.54287251574418,3.0975212579340505,0.12560464266223587,-0.0019959769821595854,-0.010572732158438097,0.015139826730141883,0.012968571187890486,-0.003380984720698045,0.7818314824680298,0.6234898018587336,-0.5000000000000004,0.8660254037844384
2012-12-26,65.12000274658203,65.18000030517578,64.29000091552734,64.5,57.74393844604492,21751300.0,-0.0087983999693404,79.68000030517578,79.77999877929688,79.37000274658203,79.62000274658203,79.62000274658203,0.0,1.7790000438690186,1.7790000438690186,1.746000051498413,1.7580000162124634,1.7580000162124634,0.0,18.709999084472656,19.6299991607666,18.61000061035156,19.479999542236328,19.479999542236328,0.0,-0.008798399969340436,0.013667066217916447,-0.008759807315802282,65.44600067138673,65.47700080871583,64.94660011291505,65.5864001274109,65.31036565794754,65.27242761958131,0.037938038366235105,0.1382505513603396,43.243813488252535,20.30119184478986,31.269663531071426,-2.020358186329674,-91.49801697616665,0.8120552756366943,64.36278312446504,66.59121849296662,3.4033864425337965,0.12566931275910398,0.0,-0.0019959769821595854,-0.004366832832079037,-0.0021243004145640176,0.008583411073465982,0.9749279121818236,-0.22252093395631434,-0.5000000000000004,0.8660254037844384
2012-12-27,64.55999755859375,64.63999938964844,63.59999847412109,64.4000015258789,57.6544189453125,52933200.0,-0.0015514868792418,79.55999755859375,79.79000091552734,79.36000061035156,79.62000274658203,79.62000274658203,0.0,1.7649999856948853,1.7719999551773071,1.7020000219345093,1.715000033378601,1.715000033378601,0.0,19.38999938964844,20.89999961853028,19.11000061035156,19.46999931335449,19.46999931335449,0.0,-0.0015514868792418385,0.016109060639035194,-0.00155028394566592,65.35500106811524,65.40150070190431,64.88880012512207,65.57350011825564,65.17030963762929,65.20780346449224,-0.037493826862956325,0.10310167571568041,42.50148385639854,20.006434070239074,22.800222244276206,-1.3933487471017412,-74.68347706838424,0.8283371070574556,64.20893905048025,66.59406235332837,3.6468938437962577,0.12336824190794952,-0.008798399969340436,0.0,0.0,-0.007930454671456323,0.005934900751310391,0.43388373911755823,-0.900968867902419,-0.5000000000000004,0.8660254037844384
2012-12-28,63.90999984741211,64.43000030517578,63.75,63.77999877929688,57.09934997558594,33082100.0,-0.0096741624085729,79.66000366210938,79.93000030517578,79.58999633789062,79.68000030517578,79.68000030517578,0.0,1.7059999704360962,1.7230000495910645,1.6990000009536743,1.7109999656677246,1.7109999656677246,0.0,20.31999969482422,23.229999542236328,19.940000534057617,22.71999931335449,22.71999931335449,0.0,-0.009674162408572948,0.010639967247681292,-0.009627518235038823,65.26400070190431,65.30050048828126,64.8508000946045,65.55770009994508,64.95641565942431,65.10204015447778,-0.1456244950534682,0.053356441561850695,38.130942131443405,13.171570514416752,17.826398809815228,-1.4067145273856105,-94.30379441219885,0.8177416212087646,63.92233166978814,66.67866930677438,4.221005377257234,0.12725743974449943,-0.0015514868792418385,-0.008798399969340436,-0.010572732158438097,-0.009538517479908387,-0.001670308002888541,-0.433883739117558,-0.9009688679024191,-0.5000000000000004,0.8660254037844384
2012-12-31,63.709999084472656,65.25,63.58000183105469,65.12999725341797,58.30796051025391,57544000.0,0.0209458953183894,79.62000274658203,79.93000030517578,79.58000183105469,79.7699966430664,79.7699966430664,0.0,1.6959999799728394,1.7649999856948853,1.694000005722046,1.75600004196167,1.75600004196167,0.0,22.13999938964844,22.71999931335449,17.8799991607666,18.020000457763672,18.020000457763672,0.0,0.020945895318389494,0.026212497142419876,0.02116680023826434,65.22200012207033,65.27350044250488,64.83300010681153,65.54280008316042,64.98312052003871,65.10411105069556,-0.12099053065685439,0.018487047118109678,50.15112081061635,26.584906085240995,19.92097022329894,-0.6407410812905839,-51.25801026369392,0.8786170889042323,63.90468444195927,66.64231644305049,4.194094054297915,0.14964017408175762,-0.009674162408572948,-0.0015514868792418385,-0.0019959769821595854,0.013206589146835049,-0.0019777582695681604,0.0,1.0,-0.5000000000000004,0.8660254037844384
2013-01-01,63.709999084472656,65.25,63.58000183105469,65.12999725341797,58.30796051025391,57544000.0,0.0,79.62000274658203,79.93000030517578,79.58000183105469,79.7699966430664,79.7699966430664,0.0,1.6959999799728394,1.7649999856948853,1.694000005722046,1.75600004196167,1.75600004196167,0.0,22.13999938964844,22.71999931335449,17.8799991607666,18.020000457763672,18.020000457763672,0.0,0.0,0.026212497142419876,0.0,65.07999954223634,65.24850044250488,64.82780006408692,65.52740007400514,65.0057169405586,65.10602854719352,-0.1003116066349179,-0.005272683632495837,50.15112081061635,34.39339502013776,24.71662387326517,-2.1337426494713534,-51.25801026369392,0.9351443089071666,63.888866196408735,66.60813468860103,4.167557068362719,0.14963020643990907,0.020945895318389494,-0.009674162408572948,0.0,0.015139826730141883,-0.0006090676336878016,0.7818314824680298,0.6234898018587336,0.0,1.0
2013-01-02,66.7300033569336,67.2300033569336,66.4800033569336,67.19999694824219,60.16111755371094,70695900.0,0.0312876278769366,79.75,79.93000030517578,79.27999877929688,79.8499984741211,79.8499984741211,0.0,1.8420000076293943,1.8600000143051147,1.825000047683716,1.83899998664856,1.83899998664856,0.0,15.239999771118164,15.93000030517578,14.600000381469728,14.68000030517578,14.68000030517578,0.0,0.031287627876936674,0.011239322078080954,0.03178223054348006,65.17399902343752,65.36350021362306,64.86859992980958,65.5237000465393,65.34329848020224,65.26113731764157,0.08216116256066641,0.012214085606136613,62.95131567534414,65.5539621424939,42.17742108262422,1.4186459126262791,-0.8220930451304675,1.0183487228077708,63.76065647334083,66.96634395390528,4.904399963416158,0.18065144864268012,0.0,0.020945895318389494,-0.008798399969340436,-0.004366832832079037,-0.011185372062266977,0.9749279121818236,-0.22252093395631434,0.0,1.0
2013-01-03,67.19999694824219,67.33999633789062,66.6500015258789,66.8499984741211,59.84780883789063,47366500.0,-0.0052214353892148,79.80999755859375,80.45999908447266,79.80000305175781,80.43000030517578,80.43000030517578,0.0,1.843999981880188,1.9110000133514404,1.8350000381469729,1.89900004863739,1.89900004863739,0.0,14.770000457763672,14.920000076293944,14.239999771118164,14.5600004196167,14.5600004196167,0.0,-0.00522143538921488,0.010267780406941932,-0.0052078273901842165,65.23299865722657,65.4400001525879,64.9023998260498,65.51955003738404,65.57509847926667,65.37883073664005,0.19626774262661684,0.04902481701023266,60.13940906632179,78.29600652443511,59.41445456235559,0.8904260773755989,-13.03187711787026,0.9948948720366242,63.70527716636215,67.17472313881365,5.301720605687212,0.18160245740586675,0.031287627876936674,0.0,-0.0015514868792418385,0.0,0.006450378550305574,0.43388373911755823,-0.900968867902419,0.0,1.0
2013-01-04,66.87999725341797,66.87999725341797,66.47000122070312,66.62999725341797,59.650840759277344,33972500.0,-0.0032965771187399,80.55000305175781,80.87000274658203,79.80000305175781,80.5,80.5,0.0,1.9520000219345093,1.965000033378601,1.9110000133514404,1.914999961853028,1.914999961853028,0.0,14.229999542236328,14.3100004196167,13.640000343322754,13.829999923706056,13.829999923706056,0.0,-0.003296577118739941,0.006130323707420465,-0.003291149374354152,65.37599868774414,65.525,64.92799980163574,65.51495000839233,65.73739059836687,65.47150973788287,0.2658808604840033,0.09239602570498678,58.37434006412237,89.08768262522462,77.6458837640512,2.193252104460926,-18.882981961325406,0.9531163835136399,63.729948497476165,67.32005150252385,5.4789820756164636,0.1803903010471167,-0.00522143538921488,0.031287627876936674,-0.009674162408572948,-0.010572732158438097,-0.005988405677698366,-0.433883739117558,-0.9009688679024191,0.0,1.0
2013-01-07,66.45999908447266,66.76000213623047,66.25,66.6500015258789,59.66875457763672,26766200.0,0.0003002661623747,80.51000213623047,80.87000274658203,80.12000274658203,80.26000213623047,80.26000213623047,0.0,1.9040000438690183,1.9170000553131104,1.8919999599456787,1.902999997138977,1.902999997138977,0.0,14.529999732971191,14.529999732971191,13.710000038146973,13.789999961853027,13.789999961853027,0.0,0.0003002661623747518,0.007673820993922084,0.0003003112467712121,65.53399887084962,65.60149993896485,64.9539998626709,65.5069500160217,65.87779227952257,65.55880542588258,0.31898685363998425,0.13771419129198628,58.493628858866984,83.24472941988108,83.54280618984694,2.4281571207389505,-18.350952661161045,0.9214653658505563,63.74961283008836,67.45338704784133,5.645868190817185,0.18036973957302765,-0.003296577118739941,-0.00522143538921488,0.020945895318389494,-0.0019959769821595854,0.0029219353018073504,0.0,1.0,0.0,1.0
2013-01-08,66.63999938964844,66.81999969482422,66.16999816894531,66.5199966430664,59.5523567199707,28734900.0,-0.0019526389811771,80.1500015258789,80.68000030517578,80.11000061035156,80.3499984741211,80.3499984741211,0.0,1.8940000534057613,1.8940000534057613,1.8639999628067017,1.871000051498413,1.871000051498413,0.0,13.880000114440918,14.289999961853027,13.619999885559082,13.619999885559082,13.619999885559082,0.0,-0.001952638981177149,0.00975392454730236,-0.001950733821912909,65.67899856567384,65.62899971008301,64.9773998260498,65.49839998245238,65.976592950837,65.6300047753036,0.34658817553339816,0.17948898814026867,57.34350570844626,80.31917699815352,84.21719634775307,2.2283647687761134,-21.80853438305298,0.902075091566867,63.738147710158906,67.5198517100071,5.762245374078419,0.17542815684665675,0.0003002661623747518,-0.003296577118739941,0.0,0.0,0.012968571187890486,0.7818314824680298,0.6234898018587336,0.0,1.0
2013-01-09,66.62000274658203,66.94999694824219,66.55000305175781,66.7699966430664,59.77616500854492,25600300.0,0.0037511325501396,80.30000305175781,80.63999938964844,80.11000061035156,80.55999755859375,80.55999755859375,0.0,1.871000051498413,1.8760000467300413,1.8459999561309808,1.851999998092652,1.851999998092652,0.0,13.31999969482422,13.93000030517578,13.220000267028809,13.8100004196167,13.8100004196167,0.0,0.0037511325501396655,0.006004111077658232,0.00375817685312807,65.90599822998047,65.67599945068359,65.01379981994629,65.49574995040892,66.09865505733383,65.7144486173601,0.38420643997372395,0.22043247850695974,59.01249034900246,81.5603081522364,81.70807152342367,3.519374640413033,-15.15958849907676,0.8683554639675037,63.71855381426471,67.63344508710247,5.9609161726993944,0.17541647186686718,-0.001952638981177149,0.0003002661623747518,0.031287627876936674,-0.008798399969340436,-0.0021243004145640176,0.9749279121818236,-0.22252093395631434,0.0,1.0
2013-01-10,67.2300033569336,67.2699966430664,66.55000305175781,67.16999816894531,60.13426971435547,37528000.0,0.0059728875350073,80.58999633789062,80.66999816894531,79.66999816894531,79.73999786376953,79.73999786376953,0.0,1.8890000581741333,1.9079999923706048,1.875,1.8940000534057613,1.8940000534057613,0.0,13.329999923706056,13.880000114440918,13.329999923706056,13.489999771118164,13.489999771118164,0.0,0.005972887535007354,0.010709408825789373,0.005990760795031802,66.18299789428711,65.76899948120118,65.03979972839355,65.49299993515014,66.26347707450483,65.82226710266272,0.4412099718421132,0.2645879771739904,61.60124362490301,86.17021420503352,82.68323311847448,4.301236921482515,-4.5212345027697225,0.8577581873490102,63.71063204357023,67.82736691883213,6.259384980363869,0.17296792701922728,0.0037511325501396655,-0.001952638981177149,-0.00522143538921488,-0.0015514868792418385,-0.007930454671456323,0.43388373911755823,-0.900968867902419,0.0,1.0
2013-01-11,67.13999938964844,67.29000091552734,67.0,67.26000213623047,60.21483612060547,21158600.0,0.0013388785521303,79.79000091552734,80.66999816894531,79.44000244140625,79.55999755859375,79.55999755859375,0.0,1.8910000324249268,1.9299999475479128,1.868000030517578,1.875,1.875,0.0,13.550000190734863,13.789999961853027,13.220000267028809,13.359999656677246,13.359999656677246,0.0,0.001338878552130321,0.004319346412923199,0.0013397752501642657,66.53099822998048,65.89749946594237,65.08159980773925,65.49069993972778,66.41678862246262,65.92876599403812,0.4880226284245026,0.30927490742409286,62.180065046541365,92.7305561755575,86.82035951094247,5.456261247316303,-2.1275084714810433,0.8172040965046056,63.80220283836651,67.99279609351824,6.359259894705926,0.1678428896694348,0.005972887535007354,0.0037511325501396655,-0.003296577118739941,-0.009674162408572948,-0.009538517479908387,-0.433883739117558,-0.9009688679024191,0.0,1.0
2013-01-14,66.91999816894531,67.1500015258789,66.66999816894531,66.95999908447266,59.946285247802734,36768500.0,-0.0044698537575612,79.52999877929688,79.6500015258789,79.3499984741211,79.48999786376953,79.48999786376953,0.0,1.8359999656677248,1.8639999628067017,1.8339999914169312,1.85699999332428,1.85699999332428,0.0,13.65999984741211,13.850000381469728,13.40999984741211,13.520000457763672,13.520000457763672,0.0,-0.004469853757561226,0.007172793934061143,-0.00445987882894594,66.71399841308595,65.96799926757812,65.10879981994628,65.48944993972778,66.50035946277185,66.0051536303666,0.4952058324052473,0.34646109242032375,58.9882225727112,94.41497744320219,91.10524927459772,2.809768015088701,-10.106324696142687,0.8009755158460735,63.82753596115595,68.1084625740003,6.489398890938219,0.16419294574279916,0.001338878552130321,0.005972887535007354,0.0003002661623747518,0.020945895318389494,0.013206589146835049,0.0,1.0,0.0,1.0
2013-01-15,66.62999725341797,66.7300033569336,66.33000183105469,66.62999725341797,59.650840759277344,31675300.0,-0.0049406720609139,79.5,79.87000274658203,79.3499984741211,79.77999877929688,79.77999877929688,0.0,1.8220000267028809,1.8329999446868896,1.8109999895095823,1.830999970436096,1.830999970436096,0.0,13.970000267028809,13.989999771118164,13.329999923706056,13.550000190734863,13.550000190734863,0.0,-0.004940672060913954,0.006003324964243295,-0.004928487016403027,66.86399841308594,65.97199897766113,65.12699974060058,65.49194993972777,66.52030373825588,66.05143834318523,0.46886539507065095,0.3709419529503892,55.6068433479244,89.62772829035028,92.25775396970332,2.3030862325443766,-18.882981961325406,0.7887627828154946,63.826663130366974,68.1173348249553,6.503776997936942,0.15713149873899973,-0.004469853757561226,0.001338878552130321,-0.001952638981177149,0.0,0.015139826730141883,0.7818314824680298,0.6234898018587336,0.0,1.0
2013-01-16,66.72000122070312,67.12999725341797,66.5999984741211,66.9000015258789,59.89255905151367,33822300.0,0.0040440312396061,79.69000244140625,79.9000015258789,79.38999938964844,79.80000305175781,79.80000305175781,0.0,1.8359999656677248,1.8359999656677248,1.8029999732971191,1.8240000009536743,1.8240000009536743,0.0,13.699999809265137,13.760000228881836,13.199999809265137,13.420000076293944,13.420000076293944,0.0,0.004044031239606191,0.007943626642686828,0.004052219367901122,66.83399887084961,66.00399894714356,65.18159980773926,65.49419996261597,66.57871878250558,66.11429487523661,0.46442390726896576,0.3896383438141045,57.74128284575945,86.43622885511567,90.15964486288938,-0.4464217797425488,-11.702006777184826,0.7702796397070218,63.82179938256991,68.18619851171721,6.612325311747158,0.15662700581145586,-0.004940672060913954,-0.004469853757561226,0.0037511325501396655,0.031287627876936674,-0.004366832832079037,0.9749279121818236,-0.22252093395631434,0.0,1.0
2013-01-17,67.16999816894531,67.4800033569336,67.05999755859375,67.22000122070312,60.17903900146485,32024200.0,0.0047718277794287,79.83000183105469,79.9000015258789,79.56999969482422,79.6500015258789,79.6500015258789,0.0,1.838000059127808,1.8910000324249268,1.838000059127808,1.875,1.875,0.0,13.449999809265137,13.699999809265137,13.15999984741211,13.56999969482422,13.56999969482422,0.0,0.004771827779428732,0.006252877918553002,0.004783231080588424,66.87099914550782,66.05199890136717,65.26279983520507,65.49424997329712,66.67737761915134,66.19619904897488,0.4811785701764677,0.4079463890865772,60.184614162106044,87.58276414268109,87.88224042938234,0.5534820568848126,-6.666718833446472,0.7566883676604266,63.80482430352724,68.2991734992071,6.8042591752462975,0.15723528680077214,0.004044031239606191,-0.004940672060913954,0.005972887535007354,-0.00522143538921488,0.0,0.43388373911755823,-0.900968867902419,0.0,1.0
2013-01-18,67.0199966430664,67.13999938964844,66.7699966430664,67.06999969482422,60.044734954833984,31992000.0,-0.0022342353443006,79.68000030517578,80.19000244140625,79.6500015258789,80.05000305175781,80.05000305175781,0.0,1.866000056266785,1.866000056266785,1.8350000381469729,1.843000054359436,1.843000054359436,0.0,13.520000457763672,13.529999732971191,12.289999961853027,12.460000038146973,12.460000038146973,0.0,-0.0022342353443006824,0.005520781335644995,-0.0022317412982881812,66.91499938964844,66.14549903869629,65.33559982299805,65.4986499595642,66.73778101540871,66.2609250227415,0.4768559926672111,0.42172830980270404,58.47779375125566,90.3727880298315,88.13059367587609,0.6603668911057607,-10.512910299874212,0.7347823826587332,63.89198282846974,68.39901524892284,6.813815733427909,0.15178910045076652,0.004771827779428732,0.004044031239606191,0.001338878552130321,-0.003296577118739941,-0.010572732158438097,-0.433883739117558,-0.9009688679024191,0.0,1.0
2013-01-21,67.0199966430664,67.13999938964844,66.7699966430664,67.06999969482422,60.044734954833984,31992000.0,0.0,79.68000030517578,80.19000244140625,79.6500015258789,80.05000305175781,80.05000305175781,0.0,1.866000056266785,1.866000056266785,1.8350000381469729,1.843000054359436,1.843000054359436,0.0,13.520000457763672,13.529999732971191,12.289999961853027,12.460000038146973,12.460000038146973,0.0,0.0,0.005520781335644995,0.0,66.95699920654297,66.2454990386963,65.40859985351562,65.50674997329712,66.78889158147264,66.32085647993281,0.46803510153982586,0.43098966815012846,58.477793751255675,83.84083511383511,87.26546242878257,0.6301547776892928,-31.297865525173997,0.7087266943675402,64.01555472285422,68.47544335453837,6.73236475896872,0.15135914825728722,-0.0022342353443006824,0.004771827779428732,-0.004469853757561226,0.0003002661623747518,-0.0019959769821595854,0.0,1.0,0.0,1.0
2013-01-22,67.13999938964844,67.2300033569336,66.7300033569336,67.18000030517578,60.14322280883789,32123100.0,0.0016388975714573,80.05999755859375,80.08999633789062,79.69000244140625,79.87000274658203,79.87000274658203,0.0,1.8650000095367432,1.8739999532699585,1.8289999961853027,1.8350000381469729,1.8350000381469729,0.0,13.279999732971191,13.31999969482422,12.43000030517578,12.43000030517578,12.43000030517578,0.0,0.0016388975714573795,0.007447125477291699,0.001640241298058731,67.02299957275392,66.35099906921387,65.49259986877442,65.50874998092651,66.84906215435005,66.38449676328415,0.46456539106590355,0.43770481273328354,59.45570817302812,78.42943951731186,84.21435422032616,0.9921883575112437,-22.90090562301622,0.6938176447698587,64.15583768554501,68.54616045288273,6.6168148617596065,0.15125353119713222,0.0,-0.0022342353443006824,-0.004940672060913954,-0.001952638981177149,0.0,0.7818314824680298,0.6234898018587336,0.0,1.0
2013-01-23,67.55999755859375,67.79000091552734,67.45999908447266,67.58999633789062,60.51027297973633,31975700.0,0.0060843873746298,79.87999725341797,80.12999725341797,79.69000244140625,79.91999816894531,79.91999816894531,0.0,1.8420000076293943,1.8420000076293943,1.812999963760376,1.8329999446868896,1.8329999446868896,0.0,12.670000076293944,12.670000076293944,12.300000190734863,12.460000038146973,12.460000038146973,0.0,0.0060843873746298325,0.0048845743484298085,0.0061029348571008946,67.10499954223634,66.5054988861084,65.59959976196289,65.5136499595642,66.96305202874092,66.4737930280698,0.4892590006711117,0.4480156503208492,62.95749732721234,77.81842940028781,80.02956801047826,1.2280960551903366,-12.345940650946375,0.6878307137399805,64.4270127499827,68.5839850222341,6.250569264009705,0.14685059453691426,0.0016388975714573795,0.0,0.004044031239606191,0.0037511325501396655,-0.008798399969340436,0.9749279121818236,-0.22252093395631434,0.0,1.0
2013-01-24,66.66000366210938,67.27999877929688,66.55999755859375,66.66000366210938,59.677696228027344,42596300.0,-0.0138547988670033,79.9800033569336,80.1500015258789,79.69999694824219,79.94999694824219,79.94999694824219,0.0,1.812000036239624,1.870000004768372,1.812000036239624,1.843999981880188,1.843999981880188,0.0,12.729999542236328,13.5,12.399999618530272,12.6899995803833,12.6899995803833,0.0,-0.0138547988670033,0.010801097827007552,-0.01375926286083351,67.05400009155275,66.61849899291992,65.69219985961914,65.51764997482299,66.9164292031053,66.48758640836904,0.428842794736255,0.4441810792039304,51.98880892629123,65.0001183695817,73.74932909572712,-0.7592593728426259,-69.75279861729233,0.7122712898511873,64.79145829997852,68.44553968586133,5.485085135693566,0.15729692985450336,0.0060843873746298325,0.0016388975714573795,0.004771827779428732,0.005972887535007354,-0.0015514868792418385,0.43388373911755823,-0.900968867902419,0.0,1.0
2013-01-25,66.87000274658203,67.19000244140625,66.73999786376953,67.0,59.98208999633789,39240100.0,0.0050876645279183,80.01000213623047,80.1500015258789,79.68000030517578,79.75,79.75,0.0,1.9170000553131104,1.950000047683716,1.9040000438690183,1.9470000267028809,1.9470000267028809,0.0,12.630000114440918,12.989999771118164,12.5,12.890000343322754,12.890000343322754,0.0,0.005087664527918314,0.006729543280297235,0.0051006286695025604,67.0279998779297,66.77949905395508,65.78619987487794,65.52424997329712,66.92928624878141,66.52554297071208,0.40374327806932797,0.43609351897701,55.07069339398791,56.37861826561864,66.39905534516271,-0.3865627831885174,-48.76540593490536,0.6992518248115935,65.52915946155773,68.02983864635243,3.7446809578105102,0.15173835452542206,-0.0138547988670033,0.0060843873746298325,-0.0022342353443006824,0.001338878552130321,-0.009674162408572948,-0.433883739117558,-0.9009688679024191,0.0,1.0
2013-01-28,67.01000213623047,67.37999725341797,66.93000030517578,67.1500015258789,60.11636734008789,32926100.0,0.0022361219732481,79.79000091552734,79.93000030517578,79.72000122070312,79.77999877929688,79.77999877929688,0.0,1.9579999446868896,2.00600004196167,1.9579999446868896,1.9739999771118164,1.9739999771118164,0.0,13.289999961853027,13.90999984741211,13.289999961853027,13.56999969482422,13.56999969482422,0.0,0.0022361219732481793,0.006715369853702579,0.0022386239585550083,67.04700012207032,66.88049926757813,65.85359992980956,65.53459997177124,66.96324244525795,66.5717991599837,0.3914432852742493,0.4271634722364579,56.40041982785884,45.88206444206741,55.75360035908925,0.28375514337530755,-43.83560212160008,0.681447905056636,65.89232676652892,67.86867176862734,2.955039247227168,0.13513688017565578,0.005087664527918314,-0.0138547988670033,0.0,-0.004469853757561226,0.020945895318389494,0.0,1.0,0.0,1.0
2013-01-29,67.06999969482422,67.30999755859375,66.62999725341797,67.16000366210938,60.125335693359375,35554700.0,0.0001491720935726,79.77999877929688,79.93000030517578,79.5199966430664,79.55999755859375,79.55999755859375,0.0,1.9609999656677248,1.9989999532699585,1.9490000009536743,1.9880000352859497,1.9880000352859497,0.0,13.869999885559082,13.880000114440918,13.039999961853027,13.3100004196167,13.3100004196167,0.0,0.00014917209357266973,0.010138665696583516,0.00014918322028267816,67.10000076293946,66.9819995880127,65.92080001831054,65.54674997329712,66.99351340169663,66.61536986384486,0.3781435378517699,0.41735948535952033,56.49288424815422,54.749489358497875,52.336724022061304,0.7954471417364768,-43.150523868000946,0.6813445050651464,66.43023260053958,67.53376657548581,1.64750825853775,0.13511555702535524,0.0022361219732481793,0.005087664527918314,0.0016388975714573795,-0.004940672060913954,0.0,0.7818314824680298,0.6234898018587336,0.0,1.0
2013-01-30,67.27999877929688,67.4800033569336,66.87000274658203,67.0199966430664,60.0,34445000.0,-0.0020867494457746,79.58000183105469,79.86000061035156,79.18000030517578,79.27999877929688,79.27999877929688,0.0,2.009999990463257,2.0369999408721924,1.9739999771118164,2.00600004196167,2.00600004196167,0.0,13.640000343322754,14.329999923706056,13.600000381469728,14.31999969482422,14.31999969482422,0.0,-0.0020867494457746365,0.009066596632270888,-0.002084573697826664,67.1120002746582,66.9729995727539,65.98259994506836,65.54959997177124,66.99758774652275,66.64534221786127,0.3522455286614843,0.4043366940199131,54.742791714343916,53.424607425600286,51.35205374205519,0.17936489454500584,-52.7400517335981,0.6762485125856047,66.43040866126543,67.51559048424238,1.620327340718998,0.07713888947064045,0.00014917209357266973,0.0022361219732481793,0.0060843873746298325,0.004044031239606191,0.031287627876936674,0.9749279121818236,-0.22252093395631434,0.0,1.0
2013-01-31,66.98999786376953,67.3499984741211,66.80999755859375,66.87000274658203,59.865699768066406,34870500.0,-0.0022408460200254,79.25,79.37000274658203,79.12999725341797,79.20999908447266,79.20999908447266,0.0,1.9739999771118164,2.00600004196167,1.9709999561309808,1.9850000143051147,1.9850000143051147,0.0,14.43000030517578,14.43000030517578,14.039999961853027,14.279999732971191,14.279999732971191,0.0,-0.0022408460200254443,0.008060918536308756,-0.0022383371988932144,67.07700042724609,66.97399978637696,66.04139999389648,65.54975000381471,66.97795928499342,66.66198373850726,0.31597554648615755,0.38666446451316205,52.853708073625384,47.03193722293348,51.735344669010544,-0.5206760900999471,-63.01361272960051,0.6665165413671575,66.43229053648601,67.51570903626792,1.6176702947974289,0.07523376234733939,-0.0020867494457746365,0.00014917209357266973,-0.0138547988670033,0.004771827779428732,-0.00522143538921488,0.43388373911755823,-0.900968867902419,0.0,1.0
2013-02-01,67.33999633789062,67.77999877929688,67.06999969482422,67.66000366210938,60.57294845581055,53120800.0,0.0117446820905939,79.0999984741211,79.37000274658203,78.91999816894531,79.12999725341797,79.12999725341797,0.0,2.009999990463257,2.0360000133514404,1.9259999990463257,2.009999990463257,2.009999990463257,0.0,13.369999885559082,13.380000114440918,12.720000267028809,12.899999618530272,12.899999618530272,0.0,0.011744682090593926,0.010543497521296368,0.011813921669406424,67.13600082397461,67.02550010681152,66.0966000366211,65.55185003280641,67.0828891891651,66.73591114025557,0.3469780489095342,0.3787271813924365,60.571204642600655,58.44746949546678,52.96800471466684,0.8796838675558943,-8.903927050401062,0.683907933606278,66.42847233808884,67.6225278755342,1.781494409653824,0.08479077177687058,-0.0022408460200254443,-0.0020867494457746365,0.005087664527918314,-0.0022342353443006824,-0.003296577118739941,-0.433883739117558,-0.9009688679024191,0.49999999999999994,0.8660254037844387
2013-02-04,67.2699966430664,67.45999908447266,66.45999908447266,66.4800033569336,59.51655960083008,48483700.0,-0.0175938118438647,79.19000244140625,79.61000061035156,78.91999816894531,79.55000305175781,79.55000305175781,0.0,2.003000020980835,2.006999969482422,1.950999975204468,1.9730000495910645,1.9730000495910645,0.0,14.0,14.75,13.800000190734863,14.670000076293944,14.670000076293944,0.0,-0.017593811843864774,0.014865468260775826,-0.017439944429172516,67.07700119018556,67.01700019836426,66.12260009765625,65.55045003890993,66.99013752266794,66.71695500815764,0.27318251451029596,0.3576182480160084,47.94641265148667,43.1955129284816,49.558306548960616,-0.8796724922844378,-98.49592143455365,0.7207719796084523,66.3932217635189,67.64077863320962,1.861552838829059,0.1069837162326416,0.011744682090593926,-0.0022408460200254443,0.0022361219732481793,0.0,0.0003002661623747518,0.0,1.0,0.49999999999999994,0.8660254037844387
2013-02-05,66.7699966430664,67.66999816894531,66.61000061035156,67.45999908447266,60.39389419555664,35120300.0,0.0146334239045401,79.58000183105469,79.79000091552734,79.18000030517578,79.48999786376953,79.48999786376953,0.0,2.006999969482422,2.0199999809265137,2.0,2.0160000324249268,2.0160000324249268,0.0,14.210000038146973,14.210000038146973,13.390000343322754,13.720000267028809,13.720000267028809,0.0,0.014633423904540135,0.015875357374363793,0.01474101662815741,67.10500106811523,67.06400032043456,66.17260009765624,65.5534000205994,67.06242391679174,66.7719953101069,0.2904286066848414,0.344180319749775,56.125374602549826,55.92933930875062,52.524107244232994,0.4167888925646565,-24.812133588793404,0.7542878962086856,66.4564551227105,67.67154551815862,1.8118370357306115,0.11878059156312581,-0.017593811843864774,0.011744682090593926,0.00014917209357266973,0.0016388975714573795,-0.001952638981177149,0.7818314824680298,0.6234898018587336,0.49999999999999994,0.8660254037844387
2013-02-06,67.23999786376953,67.55000305175781,67.04000091552734,67.23999786376953,60.19693374633789,43593200.0,-0.0032665937819866,79.54000091552734,79.86000061035156,79.44999694824219,79.72000122070312,79.72000122070312,0.0,1.9780000448226929,1.996000051498413,1.962000012397766,1.968000054359436,1.968000054359436,0.0,14.0600004196167,14.079999923706056,13.34000015258789,13.40999984741211,13.40999984741211,0.0,-0.0032665937819866078,0.007584802980864901,-0.003261264269215469,67.07000122070313,67.08750038146972,66.20700012207031,65.55430002212526,67.08974298555755,66.80666216593376,0.28308081962379106,0.3319604197245782,54.071374212365896,45.112796331776856,48.07921618966969,-0.51782585158225,-41.35355598132235,0.7368389133530987,66.49158976292478,67.68341100001467,1.7765175782567846,0.11900284509280173,0.014633423904540135,-0.017593811843864774,-0.0020867494457746365,0.0060843873746298325,0.0037511325501396655,0.9749279121818236,-0.22252093395631434,0.49999999999999994,0.8660254037844387
2013-02-07,67.31999969482422,67.37000274658203,66.55999755859375,67.30000305175781,60.25065994262695,46017900.0,0.0008921091440151,79.75,80.27999877929688,79.48999786376953,80.19000244140625,80.19000244140625,0.0,1.9800000190734863,1.9800000190734863,1.937000036239624,1.950999975204468,1.950999975204468,0.0,13.470000267028809,14.40999984741211,13.43000030517578,13.5,13.5,0.0,0.0008921091440151036,0.012032162680632886,0.0008925071917360583,67.13400115966797,67.09400062561035,66.23480010986327,65.55905004501344,67.1220906880499,66.84320593525406,0.27888475279583247,0.32134528633882903,54.5598348407017,65.66413883566803,55.568758158731825,0.9600950412371841,-36.84189392288012,0.7420650758270403,66.49150120056359,67.69650005065711,1.795985988102726,0.11717172718361997,-0.0032665937819866078,0.014633423904540135,-0.0022408460200254443,-0.0138547988670033,0.005972887535007354,0.43388373911755823,-0.900968867902419,0.49999999999999994,0.8660254037844387
2013-02-08,67.63999938964844,68.12999725341797,67.62999725341797,67.98999786376953,60.86839294433594,39837200.0,0.0102005150017509,80.25,80.27999877929688,79.54000091552734,80.25,80.25,0.0,1.9390000104904173,1.991000056266785,1.9359999895095823,1.9539999961853027,1.9539999961853027,0.0,13.199999809265137,13.199999809265137,12.890000343322754,13.020000457763672,13.020000457763672,0.0,0.010200515001750952,0.007392075761557732,0.01025271760171953,67.23300094604492,67.1305004119873,66.2786000061035,65.57550004959107,67.25561486892984,66.92815348551447,0.32746138341536835,0.3225685057541369,59.847892328680516,71.14044797305971,60.63912771350153,1.4776087518948227,-8.383206176618396,0.7483457276722628,66.40896896207457,67.85203186190003,2.1496382284791964,0.12251805154526842,0.0008921091440151036,-0.0032665937819866078,0.011744682090593926,0.005087664527918314,0.001338878552130321,-0.433883739117558,-0.9009688679024191,0.49999999999999994,0.8660254037844387
2013-02-11,68.02999877929688,68.05999755859375,67.77999877929688,68.01000213623047,60.88628387451172,17650400.0,0.0002938848966133,80.20999908447266,80.4000015258789,80.11000061035156,80.30999755859375,80.30999755859375,0.0,1.965999960899353,1.965999960899353,1.945000052452088,1.94599997997284,1.94599997997284,0.0,13.369999885559082,13.420000076293944,12.90999984741211,12.9399995803833,12.9399995803833,0.0,0.0002938848966133445,0.004115813381170973,0.00029392808501027545,67.31900100708008,67.1830005645752,66.32540008544922,65.59175004959107,67.37167444851455,67.00829042260455,0.3633840259100083,0.3307316097853112,59.99325440250975,82.52985188789006,73.11147956553926,1.2807156974078806,-7.185344236831281,0.7148923742168779,66.36707828788583,67.99892284126456,2.4289545564584074,0.12109322805553893,0.010200515001750952,0.0008921091440151036,-0.017593811843864774,0.0022361219732481793,-0.004469853757561226,0.0,1.0,0.49999999999999994,0.8660254037844387
2013-02-12,67.91999816894531,68.05000305175781,67.66000366210938,67.7300033569336,60.63560104370117,22057900.0,-0.004125729066254,80.36000061035156,80.51000213623047,79.91999816894531,80.11000061035156,80.11000061035156,0.0,1.972000002861023,1.9859999418258667,1.963000059127808,1.98199999332428,1.98199999332428,0.0,12.81999969482422,13.130000114440918,12.630000114440918,12.640000343322754,12.640000343322754,0.0,-0.004125729066254045,0.0057420406384338625,-0.004117229938473632,67.37600097656251,67.23800086975098,66.36740020751954,65.60780008316041,67.42680197288671,67.06175063996226,0.3650513329244518,0.3375955544131393,56.88878433648911,86.82656433216074,80.16562139770349,0.8487189751983347,-23.951756590068072,0.6916857324619893,66.43078183094532,68.04521990855663,2.401079830940682,0.12061640017894229,0.0002938848966133445,0.010200515001750952,0.014633423904540135,0.00014917209357266973,-0.004940672060913954,0.7818314824680298,0.6234898018587336,0.49999999999999994,0.8660254037844387
2013-02-13,67.93000030517578,68.2300033569336,67.7699966430664,67.97000122070312,60.85047912597656,23494700.0,0.0035374967412753,80.05000305175781,80.51000213623047,79.83999633789062,80.08999633789062,80.08999633789062,0.0,2.010999917984009,2.032999992370605,1.9989999532699585,2.0190000534057617,2.0190000534057617,0.0,12.880000114440918,13.1899995803833,12.670000076293944,12.979999542236328,12.979999542236328,0.0,0.003537496741275366,0.006771775530702276,0.0035437610673723086,67.47100143432618,67.29150085449218,66.42880020141601,65.6260500907898,67.51037108793538,67.12902846075788,0.3813426271775029,0.3463449689660121,58.85416576878804,84.72451613427846,84.69364411810975,1.417494218473677,-14.689350770265264,0.67799389442899,66.43809304441984,68.14490866456453,2.5364505152521635,0.12045003814591917,-0.004125729066254045,0.0002938848966133445,-0.0032665937819866078,-0.0020867494457746365,0.004044031239606191,0.9749279121818236,-0.22252093395631434,0.49999999999999994,0.8660254037844387
2013-02-14,67.66000366210938,68.05000305175781,67.62000274658203,67.94999694824219,60.83257675170898,24478800.0,-0.0002942459698702,79.83999633789062,80.62000274658203,79.83999633789062,80.45999908447266,80.45999908447266,0.0,2.0350000858306885,2.053999900817871,1.995000004768372,2.0,2.0,0.0,13.300000190734863,13.31999969482422,12.640000343322754,12.65999984741211,12.65999984741211,0.0,-0.00029424596987026293,0.006355310107921084,-0.00029420268377056136,67.5790008544922,67.32800064086915,66.48140014648438,65.644850063324,67.57800583567489,67.18984094131227,0.3881648943626175,0.3547089540453332,58.61430442448344,81.84645323755288,84.46584456799735,1.6150652868267732,-15.819532927007995,0.6602800666251895,66.42638706409865,68.22961421763965,2.678272243905628,0.1195698539065224,0.003537496741275366,-0.004125729066254045,0.0008921091440151036,-0.0022408460200254443,0.004771827779428732,0.43388373911755823,-0.900968867902419,0.49999999999999994,0.8660254037844387
2013-02-15,67.94000244140625,68.11000061035156,67.55999755859375,67.75,60.653541564941406,25333600.0,-0.0029474201474067,80.43000030517578,80.62000274658203,80.05000305175781,80.58000183105469,80.58000183105469,0.0,2.0,2.0369999408721924,2.0,2.006999969482422,2.006999969482422,0.0,12.470000267028809,12.890000343322754,12.239999771118164,12.460000038146973,12.460000038146973,0.0,-0.002947420147406797,0.00809542290246683,-0.0029430807690148386,67.58800048828125,67.36200065612793,66.53780014038087,65.66270006179812,67.60446647634029,67.23133420491877,0.3731322714215253,0.35839361752057164,56.15041443877677,80.79078267916103,82.45391735033078,0.13301261161625433,-27.118768265243666,0.6524031369918054,66.45012492604125,68.27387638621461,2.707389095349632,0.11981587310781518,-0.00029424596987026293,0.003537496741275366,0.010200515001750952,0.011744682090593926,-0.0022342353443006824,-0.433883739117558,-0.9009688679024191,0.49999999999999994,0.8660254037844387
2013-02-18,67.94000244140625,68.11000061035156,67.55999755859375,67.75,60.653541564941406,25333600.0,0.0,80.43000030517578,80.62000274658203,80.05000305175781,80.58000183105469,80.58000183105469,0.0,2.0,2.0369999408721924,2.0,2.006999969482422,2.006999969482422,0.0,12.470000267028809,12.890000343322754,12.239999771118164,12.460000038146973,12.460000038146973,0.0,0.0,0.00809542290246683,0.0,67.7150001525879,67.39600067138672,66.59040008544923,65.68355005264284,67.62685624921102,67.2697538934433,0.3571023557677222,0.3581353651700018,56.15041443877677,76.64764351416822,79.76162647696071,1.9103438311333218,-27.118768265243666,0.6450888451893774,66.4792712091976,68.31273013357583,2.7204268890047416,0.11981587310781518,-0.002947420147406797,-0.00029424596987026293,0.0002938848966133445,-0.017593811843864774,0.0,0.0,1.0,0.49999999999999994,0.8660254037844387
2013-02-19,67.87999725341797,68.26000213623047,67.86000061035156,68.23999786376953,61.09218978881836,23436500.0,0.0072060041386223,80.63999938964844,80.7300033569336,80.43000030517578,80.47000122070312,80.47000122070312,0.0,2.006999969482422,2.0280001163482666,1.9880000352859497,2.026000022888184,2.026000022888184,0.0,12.8100004196167,12.850000381469728,12.079999923706056,12.3100004196167,12.3100004196167,0.0,0.00720600413862238,0.0058927746326443015,0.007232029862712874,67.79300003051759,67.44900054931641,66.63580001831055,65.70790004730226,67.72118572837387,67.34162381717117,0.3795619112026998,0.3624206743765414,60.829076641829005,81.55037229455364,79.66293282929429,1.1562389414209289,-1.1113465858517357,0.6354397945494553,66.46477104368353,68.43323005494929,2.9184405924984675,0.1221224250904329,0.0,-0.002947420147406797,-0.004125729066254045,0.014633423904540135,0.0016388975714573795,0.7818314824680298,0.6234898018587336,0.49999999999999994,0.8660254037844387
2013-02-20,68.22000122070312,68.25,67.18000030517578,67.19000244140625,60.15217971801758,38200300.0,-0.0155063515074679,80.41999816894531,81.12000274658203,80.2699966430664,81.08999633789062,81.08999633789062,0.0,2.0350000858306885,2.052000045776367,2.009000062942505,2.0209999084472656,2.0209999084472656,0.0,12.31999969482422,14.68000030517578,12.31999969482422,14.68000030517578,14.68000030517578,0.0,-0.01550635150746799,0.015684545231281814,-0.015386747046556737,67.78800048828126,67.4290008544922,66.66300003051758,65.72915006637575,67.63946522268654,67.33039260415154,0.3090726185349979,0.35175106320823274,48.810626151059424,70.77518614727681,76.32440065199955,-0.07435369415771494,-59.44432670707413,0.6664797874262242,66.4405877594655,68.4174139495189,2.931715085500489,0.13323341187512516,0.00720600413862238,0.0,0.003537496741275366,-0.0032665937819866078,0.0060843873746298325,0.9749279121818236,-0.22252093395631434,0.49999999999999994,0.8660254037844387
2013-02-21,66.94000244140625,67.01000213623047,66.2300033569336,66.47000122070312,59.507598876953125,45855600.0,-0.0107736631878632,81.08000183105469,81.51000213623047,80.2699966430664,81.45999908447266,81.45999908447266,0.0,1.993000030517578,1.993000030517578,1.9570000171661377,1.9759999513626096,1.9759999513626096,0.0,14.68000030517578,16.209999084472656,14.670000076293944,15.220000267028809,15.220000267028809,0.0,-0.010773663187863288,0.011652207213162586,-0.010715835138246477,67.70500030517577,67.4195007324219,66.68620010375977,65.7534500694275,67.45954768391987,67.26665990908128,0.19288777483858155,0.3199784055343025,42.59573056855536,50.42229622728275,67.58261822303773,-1.2332864686742515,-88.17743802522587,0.6874454515009693,66.39690540783954,68.44209605700425,3.0335298050956667,0.1294706355392659,-0.01550635150746799,0.00720600413862238,-0.00029424596987026293,0.0008921091440151036,-0.0138547988670033,0.43388373911755823,-0.900968867902419,0.49999999999999994,0.8660254037844387
2013-02-22,66.8499984741211,67.1500015258789,66.58999633789062,67.13999938964844,60.10741424560547,21968000.0,0.0100291824690399,81.37000274658203,81.58999633789062,81.02999877929688,81.4800033569336,81.4800033569336,0.0,1.9809999465942385,1.9880000352859497,1.9579999446868896,1.9670000076293943,1.9670000076293943,0.0,14.600000381469728,15.020000457763672,14.15999984741211,14.170000076293944,14.170000076293944,0.0,0.01002918246903991,0.008377041148401371,0.010079643271989625,67.62000045776368,67.4265007019043,66.73520004272461,65.78510005950928,67.41038640787811,67.25727764838255,0.15310875949555225,0.28660447632655245,49.091556025462104,32.40188433265752,51.199788902405686,-1.2501816455770776,-55.17258226972744,0.6869136553348845,66.41413080544419,68.43887059836442,3.0028842841358445,0.13325133994434438,-0.010773663187863288,-0.01550635150746799,-0.002947420147406797,0.010200515001750952,0.005087664527918314,-0.433883739117558,-0.9009688679024191,0.49999999999999994,0.8660254037844387
2013-02-25,67.56999969482422,67.80999755859375,66.25,66.30999755859375,59.36432266235352,40927600.0,-0.012439781744725,81.62000274658203,81.91999816894531,81.06999969482422,81.66999816894531,81.66999816894531,0.0,1.9789999723434448,2.002000093460083,1.8739999532699585,1.8949999809265137,1.8949999809265137,0.0,13.6899995803833,19.280000686645508,13.56999969482422,18.989999771118164,18.989999771118164,0.0,-0.012439781744725043,0.02308713283468083,-0.012362727503392401,67.45,67.38450050354004,66.75039993286134,65.80410005569458,67.24109581568052,67.18710875284265,0.053987062837876465,0.24008099362881727,42.652467041482744,20.196861047219592,34.34034720238662,-2.4996390593128472,-96.0593965633879,0.7492767912819462,66.26030835140259,68.50869265567749,3.3366490624305936,0.14014222912926677,0.01002918246903991,-0.010773663187863288,0.0,0.0002938848966133445,0.0022361219732481793,0.0,1.0,0.49999999999999994,0.8660254037844387
2013-02-26,66.4000015258789,66.68000030517578,65.95999908447266,66.55999755859375,59.58815383911133,42088800.0,0.0037633758878773,81.83000183105469,81.94999694824219,81.06999969482422,81.87000274658203,81.87000274658203,0.0,1.8639999628067017,1.8949999809265137,1.843000054359436,1.878999948501587,1.878999948501587,0.0,17.5,18.229999542236328,16.75,16.8700008392334,16.8700008392334,0.0,0.0037633758878773673,0.010843391628876844,0.0037704662787259036,67.33299942016602,67.35450019836426,66.75059982299804,65.82470005035398,67.1363114684364,67.14065607178718,-0.004344603350773468,0.19119587423289913,44.9928266747391,24.951625577562144,25.850123652479752,-1.7274556922343176,-73.91314443419822,0.7471856790977448,66.17444722148879,68.53455317523974,3.5040063348406556,0.14099318366793454,-0.012439781744725043,0.01002918246903991,0.00720600413862238,-0.004125729066254045,0.00014917209357266973,0.7818314824680298,0.6234898018587336,0.49999999999999994,0.8660254037844387
2013-02-27,66.55999755859375,67.6500015258789,66.47000122070312,67.23999786376953,60.19693374633789,36339500.0,0.0101646233443929,81.86000061035156,81.94999694824219,81.5,81.5999984741211,81.5999984741211,0.0,1.8600000143051147,1.902999997138977,1.843000054359436,1.902999997138977,1.902999997138977,0.0,16.56999969482422,16.600000381469727,14.420000076293944,14.729999542236328,14.729999542236328,0.0,0.010164623344392984,0.01772837061986082,0.010216458608035994,67.25999908447267,67.36550025939943,66.77019973754882,65.84810003280637,67.15226322156458,67.14801472304512,0.004248498519459076,0.15380639909021113,50.86637381561068,28.55983533314061,24.56944065264078,-1.0740081562794506,-44.34795300299205,0.7781010095318903,66.19450949460413,68.53649102419472,3.476529559748663,0.1457324880138556,0.0037633758878773673,-0.012439781744725043,-0.01550635150746799,0.003537496741275366,-0.0020867494457746365,0.9749279121818236,-0.22252093395631434,0.49999999999999994,0.8660254037844387
2013-02-28,67.25,67.73999786376953,67.08999633789062,67.0999984741211,60.07160568237305,28557300.0,-0.0020841378788677,81.51000213623047,81.98999786376953,81.47000122070312,81.9800033569336,81.9800033569336,0.0,1.8760000467300413,1.906999945640564,1.871999979019165,1.888000011444092,1.888000011444092,0.0,15.0,15.600000381469728,14.15999984741211,15.510000228881836,15.510000228881836,0.0,-0.0020841378788677835,0.009665450198942844,-0.00208196757152046,67.17499923706056,67.37700004577638,66.78699966430662,65.87285001754758,67.14422249118866,67.14445796386556,-0.00023547267690560147,0.12299802473678778,49.689982810821284,43.76800921718093,32.42649004262789,-1.2509176045563937,-50.434874911266945,0.7689510464138201,66.22209102457816,68.5319090669746,3.4281995945606627,0.1456992500350408,0.010164623344392984,0.0037633758878773673,-0.010773663187863288,-0.00029424596987026293,-0.0022408460200254443,0.43388373911755823,-0.900968867902419,0.49999999999999994,0.8660254037844387
2013-03-01,66.87000274658203,67.5,66.54000091552734,67.37999725341797,60.322261810302734,31617200.0,0.0041639411593724,81.91999816894531,82.51000213623047,81.47000122070312,82.30999755859375,82.30999755859375,0.0,1.850000023841858,1.86899995803833,1.840999960899353,1.8530000448226929,1.8530000448226929,0.0,16.100000381469727,16.81999969482422,15.140000343322754,15.359999656677246,15.359999656677246,0.0,0.004163941159372402,0.014356199267865669,0.004172622407581761,67.13799896240235,67.3629997253418,66.83059967041015,65.89940000534055,67.18049553153163,67.16190531864721,0.01859021288441909,0.10211646236631405,52.077125898538384,55.65204699700795,42.65996384910983,-0.5461295152502307,-38.26103109471715,0.7825973348465941,66.21577256191783,68.51022688876576,3.4061047402922564,0.14008982248241078,-0.0020841378788677835,0.010164623344392984,0.01002918246903991,-0.002947420147406797,0.011744682090593926,-0.433883739117558,-0.9009688679024191,0.8660254037844386,0.5000000000000001
2013-03-04,67.16000366210938,67.69000244140625,67.06999969482422,67.68000030517578,60.59085464477539,19380500.0,0.004442748382274,82.30000305175781,82.47000122070312,82.16000366210938,82.22000122070312,82.22000122070312,0.0,1.83899998664856,1.878999948501587,1.83899998664856,1.8769999742507928,1.8769999742507928,0.0,16.15999984741211,16.15999984741211,14.010000228881836,14.010000228881836,14.010000228881836,0.0,0.004442748382274009,0.009231725919810025,0.004452632020286451,67.13099899291993,67.42299957275391,66.88279968261719,65.92745000839233,67.25734241978458,67.20028272505674,0.05705969472784034,0.09310510883861932,54.5646759830228,62.02888551279413,53.81631390899433,-0.10332058276637454,-25.217437455633473,0.7709834356848396,66.34690278307781,68.49909636243001,3.1920762840428663,0.12482233284467155,0.004163941159372402,-0.0020841378788677835,-0.012439781744725043,0.0,-0.017593811843864774,0.0,1.0,0.8660254037844386,0.5000000000000001
2013-03-05,68.08000183105469,68.7699966430664,68.08000183105469,68.68000030517578,61.48611831665039,35581900.0,0.0146674626716481,82.12999725341797,82.47000122070312,81.9000015258789,82.08999633789062,82.08999633789062,0.0,1.89900004863739,1.909999966621399,1.8860000371932983,1.8940000534057613,1.8940000534057613,0.0,13.4399995803833,13.65999984741211,13.239999771118164,13.479999542236328,13.479999542236328,0.0,0.014667462671648148,0.010135058658253116,0.014775557749162616,67.17499923706055,67.48399963378907,66.95499969482422,65.95655000686645,67.47621286369092,67.30989143469519,0.16632142899572955,0.10774837287004138,61.70101194192761,77.77293733870853,65.15128994950354,0.6447867162666768,-3.2027194335237485,0.7937700715566814,66.2696393164043,68.69835995117384,3.598957749910088,0.12487207291901753,0.004442748382274009,0.004163941159372402,0.0037633758878773673,0.00720600413862238,0.014633423904540135,0.7818314824680298,0.6234898018587336,0.8660254037844386,0.5000000000000001
2013-03-06,68.88999938964844,68.91000366210938,68.41999816894531,68.51000213623047,61.33391189575195,29071100.0,-0.0024785289264878,82.02999877929688,82.5999984741211,81.9000015258789,82.45999908447266,82.45999908447266,0.0,1.932000041007996,1.944000005722046,1.919000029563904,1.937999963760376,1.937999963760376,0.0,13.18000030517578,13.770000457763672,13.170000076293944,13.529999732971191,13.529999732971191,0.0,-0.002478528926487804,0.007112868304622047,-0.0024754599097406293,67.30699920654297,67.54749984741211,67.03519973754882,65.98745000839232,67.63525736715854,67.3987885236978,0.2364688434607416,0.13349246698818143,59.9764015827908,86.0068301309476,75.26955099415008,1.9645775366288138,-13.559352717999918,0.7720726016714945,66.25646306407012,68.8385366307541,3.8226042007725214,0.12455456410161163,0.014667462671648148,0.004442748382274009,0.010164623344392984,-0.01550635150746799,-0.0032665937819866078,0.9749279121818236,-0.22252093395631434,0.8660254037844386,0.5000000000000001
2013-03-07,68.58999633789062,68.80000305175781,68.44999694824219,68.69000244140625,61.49506378173828,21775900.0,0.0026240059002984,82.55999755859375,82.5999984741211,81.93000030517578,82.08000183105469,82.08000183105469,0.0,1.9390000104904173,1.995000004768372,1.9390000104904173,1.991000056266785,1.991000056266785,0.0,13.449999809265137,13.5600004196167,13.029999732971191,13.0600004196167,13.0600004196167,0.0,0.0026240059002984126,0.005102873920438948,0.0026274516169819684,67.52899932861328,67.61699981689455,67.12099975585939,66.0206000137329,67.79752584011973,67.49443399908361,0.30309184103612097,0.16741234179776934,61.21264102140115,91.92675697413975,85.23550814793197,3.339854340203729,-7.457656926057055,0.741924994660361,66.23557122880268,68.99842840498641,4.086039285483666,0.12469817917849371,-0.002478528926487804,0.014667462671648148,-0.0020841378788677835,-0.010773663187863288,0.0008921091440151036,0.43388373911755823,-0.900968867902419,0.8660254037844386,0.5000000000000001
2013-03-08,68.91999816894531,69.0199966430664,68.5,68.7699966430664,61.56665802001953,26159900.0,0.0011635502138334,82.0999984741211,82.91999816894531,81.95999908447266,82.69999694824219,82.69999694824219,0.0,2.01200008392334,2.0859999656677246,2.003000020980835,2.055999994277954,2.055999994277954,0.0,12.670000076293944,13.300000190734863,12.489999771118164,12.59000015258789,12.59000015258789,0.0,0.0011635502138334004,0.007544931179361402,0.0011642274010050802,67.69199905395507,67.65599975585938,67.22079971313477,66.06239999771118,67.94713673288076,67.58892012086011,0.35821661202065513,0.2055731958423465,61.777673651652094,90.27101639902398,89.40153450137043,2.42775881476889,-8.169941158871053,0.7260729695465071,66.18885123488101,69.12314827683775,4.337083263192209,0.11991008162196988,0.0026240059002984126,-0.002478528926487804,0.004163941159372402,0.01002918246903991,0.010200515001750952,-0.433883739117558,-0.9009688679024191,0.8660254037844386,0.5000000000000001
2013-03-11,68.68000030517578,68.98999786376953,68.47000122070312,68.97000122070312,61.7457275390625,23187900.0,0.0029043253701338,82.80999755859375,82.86000061035156,82.5199966430664,82.56999969482422,82.56999969482422,0.0,2.0439999103546143,2.062999963760376,2.0420000553131104,2.055999994277954,2.055999994277954,0.0,12.3100004196167,12.34000015258789,11.5,11.5600004196167,11.5600004196167,0.0,0.002904325370133806,0.007571296458296883,0.002908547009076612,67.95799942016602,67.70399971008302,67.29759979248047,66.10290000915528,68.10450050023805,67.69122242455218,0.4132780756858665,0.2471141718110505,63.22031199401371,94.24618775979607,92.14798704431993,4.011466988456614,-1.6338386356836487,0.7113532319407857,66.12921852430803,69.27878089585802,4.651959094051769,0.12018796610782673,0.0011635502138334004,0.0026240059002984126,0.004442748382274009,-0.012439781744725043,0.0002938848966133445,0.0,1.0,0.8660254037844386,0.5000000000000001
2013-03-12,68.7699966430664,68.93000030517578,68.38999938964844,68.72000122070312,61.521881103515625,27575400.0,-0.0036318816283837,82.66000366210938,82.83000183105469,82.41000366210938,82.58000183105469,82.58000183105469,0.0,2.0380001068115234,2.039999961853028,2.01200008392334,2.0230000019073486,2.0230000019073486,0.0,11.789999961853027,12.93000030517578,11.739999771118164,12.270000457763672,12.270000457763672,0.0,-0.003631881628383732,0.00785227485657858,-0.003625294323486017,68.17399978637695,67.7534996032715,67.36939987182618,66.14090002059936,68.19919291877113,67.7674282613041,0.43176465746702775,0.284044268942246,60.16357049631738,93.46414680363019,92.66045032081674,3.245197928692668,-9.803779794554702,0.7019709890203502,66.11435521407543,69.39264399246755,4.838552691134837,0.11993745155527857,0.002904325370133806,0.0011635502138334004,0.014667462671648148,0.0037633758878773673,-0.004125729066254045,0.7818314824680298,0.6234898018587336,0.8660254037844386,0.5000000000000001
2013-03-13,68.80999755859375,68.88999938964844,68.38999938964844,68.62999725341797,61.441349029541016,34297300.0,-0.0013098563757913,82.5999984741211,83.05999755859375,82.33000183105469,82.88999938964844,82.88999938964844,0.0,2.006999969482422,2.052000045776367,2.005000114440918,2.0209999084472656,2.0209999084472656,0.0,12.18000030517578,12.550000190734863,11.789999961853027,11.829999923706056,11.829999923706056,0.0,-0.0013098563757913892,0.007266385957567216,-0.0013089988883647763,68.3129997253418,67.78649940490723,67.39799987792968,66.17145000457764,68.2654705087168,67.83132226071994,0.434148247996859,0.31406506475316864,59.05649791342117,91.93909776935607,93.21647744426076,2.067221049686263,-12.745088261693427,0.6875444898046109,66.10302752227217,69.4699712875423,4.9669827986815624,0.11966404456437418,-0.003631881628383732,0.002904325370133806,-0.002478528926487804,0.010164623344392984,0.003537496741275366,0.9749279121818236,-0.22252093395631434,0.8660254037844386,0.5000000000000001
2013-03-14,68.87000274658203,69.01000213623047,68.70999908447266,68.86000061035156,61.647274017333984,31530800.0,0.0033459660984874,82.9000015258789,83.16999816894531,82.33000183105469,82.61000061035156,82.61000061035156,0.0,2.053999900817871,2.068000078201294,2.0190000534057617,2.032999992370605,2.032999992370605,0.0,11.699999809265137,11.75,11.050000190734863,11.300000190734863,11.300000190734863,0.0,0.003345966098487474,0.004356077243988515,0.0033515700915673907,68.48899993896485,67.8319995880127,67.4381999206543,66.20440000534057,68.35693667819908,67.90752065698895,0.44941602121012636,0.3411352560445602,61.02996762238139,90.74083308400651,92.04802588566426,2.6229540629710453,-5.228632691732327,0.6655773750194602,66.08204400593762,69.5819551700878,5.159675647787748,0.1200474065509583,-0.0013098563757913892,-0.003631881628383732,0.0026240059002984126,-0.0020841378788677835,-0.00029424596987026293,0.43388373911755823,-0.900968867902419,0.8660254037844386,0.5000000000000001
2013-03-15,68.75,68.79000091552734,68.33999633789062,68.51000213623047,61.47587966918945,30752600.0,-0.0027841141771193,82.55000305175781,83.16999816894531,82.05000305175781,82.26000213623047,82.26000213623047,0.0,2.0350000858306885,2.0420000553131104,1.991000056266785,1.996000051498413,1.996000051498413,0.0,11.520000457763672,11.989999771118164,11.210000038146973,11.300000190734863,11.300000190734863,0.0,-0.00278411417711934,0.006545521129261363,-0.0027802421254885523,68.6020004272461,67.86999969482423,67.47580001831054,66.2326000213623,68.38048521020391,67.95214891471055,0.4283362954933665,0.35857546393432144,56.562220461476485,88.45325953259533,90.37773012865263,1.6770628211255656,-16.66650044878827,0.65517929626528,66.09471795754114,69.64528143210732,5.231418138398718,0.11998360892818517,0.003345966098487474,-0.0013098563757913892,0.0011635502138334004,0.004163941159372402,-0.002947420147406797,-0.433883739117558,-0.9009688679024191,0.8660254037844386,0.5000000000000001
2013-03-18,67.87999725341797,68.63999938964844,67.7300033569336,68.36000061035156,61.34126663208008,36163000.0,-0.0021920895423403,82.79000091552734,82.87999725341797,82.44000244140625,82.69000244140625,82.69000244140625,0.0,1.993000030517578,1.993000030517578,1.940999984741211,1.955999970436096,1.955999970436096,0.0,13.470000267028809,13.640000343322754,12.56999969482422,13.359999656677246,13.359999656677246,0.0,-0.0021920895423403514,0.01340595270382134,-0.0021896886686899597,68.67000045776366,67.9004997253418,67.51,66.2653500175476,68.37733373330354,67.9823601514247,0.394973581878844,0.365855087523226,54.713570384306756,84.07420767852005,87.75610009837396,1.0047285787671292,-25.88224382391924,0.6733804917259631,66.11298066514455,69.68801878553906,5.2651131211928845,0.12039836486671059,-0.00278411417711934,0.003345966098487474,0.002904325370133806,0.004442748382274009,0.0,0.0,1.0,0.8660254037844386,0.5000000000000001
2013-03-19,68.56999969482422,68.69999694824219,67.62000274658203,68.2300033569336,61.22461318969727,33125100.0,-0.001903522869104,82.72000122070312,83.0999984741211,82.44000244140625,82.98999786376953,82.98999786376953,0.0,1.944000005722046,1.9479999542236328,1.8919999599456787,1.9079999923706048,1.9079999923706048,0.0,13.029999732971191,15.399999618530272,12.920000076293944,14.390000343322754,14.390000343322754,0.0,-0.0019035228691040241,0.01575024364104928,-0.0019017123184378315,68.62500076293945,67.9,67.54420013427735,66.29370002746582,68.35466752155432,68.0007040925735,0.3539634289808191,0.36347675581474465,53.094010621094796,75.19887761999627,82.57544827703721,-0.6552081337254674,-31.854622867303682,0.7024243281498341,66.11287502172208,69.68712497827794,5.2639910994931665,0.1180521353146679,-0.0021920895423403514,-0.00278411417711934,-0.003631881628383732,0.014667462671648148,0.00720600413862238,0.7818314824680298,0.6234898018587336,0.8660254037844386,0.5000000000000001
2013-03-20,68.70999908447266,68.86000061035156,68.38999938964844,68.70999908447266,61.65535736083984,28035400.0,0.0070108404735974,83.04000091552734,83.0999984741211,82.56999969482422,82.77999877929688,82.77999877929688,0.0,1.940999984741211,1.9529999494552608,1.9290000200271609,1.937000036239624,1.937000036239624,0.0,13.18000030517578,13.18000030517578,12.300000190734863,12.670000076293944,12.670000076293944,0.0,0.007010840473597463,0.006840361329728756,0.0070354739491444995,68.64500045776367,67.97599983215332,67.58300018310547,66.3266000175476,68.40933391584944,68.05324446234381,0.35608945350563204,0.3619992953529222,58.033606803728944,76.58773673937621,78.62027401263083,0.29192372209316014,-12.499923090648435,0.6972509656689867,66.18672729477547,69.76527236953117,5.264424331516816,0.10487243744688733,-0.0019035228691040241,-0.0021920895423403514,-0.0013098563757913892,-0.002478528926487804,-0.01550635150746799,0.9749279121818236,-0.22252093395631434,0.8660254037844386,0.5000000000000001
2013-03-21,68.08000183105469,68.25,67.7699966430664,67.93000030517578,60.955413818359375,30050800.0,-0.0114174495330965,82.87999725341797,83.0199966430664,82.68000030517578,82.80000305175781,82.80000305175781,0.0,1.9490000009536743,1.9579999446868896,1.9220000505447388,1.932000041007996,1.932000041007996,0.0,13.06999969482422,14.210000038146973,12.619999885559082,13.989999771118164,13.989999771118164,0.0,-0.011417449533096525,0.007050577908689777,-0.011352517809344986,68.56900024414062,68.04899978637697,67.5982002258301,66.35445001602173,68.33559028343811,68.04411526551655,0.29147501792155595,0.3478944398666489,49.0028223911751,66.58270615517955,72.78977350485067,-1.106423219126777,-55.897335576509256,0.7145903567930769,66.40521651955947,69.69278305319446,4.831175394135829,0.10587025387827066,0.007010840473597463,-0.0019035228691040241,0.003345966098487474,0.0026240059002984126,-0.010773663187863288,0.43388373911755823,-0.900968867902419,0.8660254037844386,0.5000000000000001
2013-03-22,68.20999908447266,68.63999938964844,68.12999725341797,68.58999633789062,61.54764175415039,28837200.0,0.0096688616755154,82.80999755859375,83.0199966430664,82.29000091552734,82.52999877929688,82.52999877929688,0.0,1.9129999876022337,1.944000005722046,1.9110000133514404,1.914999961853028,1.914999961853028,0.0,13.34000015258789,13.850000381469728,13.1899995803833,13.56999969482422,13.56999969482422,0.0,0.009668861675515483,0.0074769409628472755,0.009715756135390885,68.55100021362306,68.12149963378907,67.62480010986329,66.38244998931887,68.3747296764308,68.08455090050722,0.29017877592357877,0.3363513070780349,55.33617809489046,66.96276663864953,70.04440317773509,-0.26174249521928605,-30.714441416893735,0.7142624087701898,66.519140696782,69.72385857079614,4.704414746067273,0.1054787932511652,-0.011417449533096525,0.007010840473597463,-0.00278411417711934,0.0011635502138334004,0.01002918246903991,-0.433883739117558,-0.9009688679024191,0.8660254037844386,0.5000000000000001
2013-03-25,68.80999755859375,68.95999908447266,68.01000213623047,68.33999633789062,61.32332992553711,24909800.0,-0.0036511809867024,82.44999694824219,82.94999694824219,82.1500015258789,82.87000274658203,82.87000274658203,0.0,1.9670000076293943,1.972000002861023,1.8949999809265137,1.914999961853028,1.914999961853028,0.0,12.850000381469728,14.609999656677246,12.390000343322754,13.739999771118164,13.739999771118164,0.0,-0.0036511809867024996,0.01380608896887748,-0.00364452353039435,68.48799972534181,68.2229995727539,67.65240005493163,66.40624996185305,68.36938608588616,68.10347278475784,0.2659133011283217,0.3222637058880923,52.667981763661665,54.93885362708547,62.828108806971514,-0.9134476898100848,-48.571662125340595,0.7311005901610468,66.86528953756502,69.5807096079428,3.9802120800654843,0.09446116454947621,0.009668861675515483,-0.011417449533096525,-0.0021920895423403514,0.002904325370133806,-0.012439781744725043,0.0,1.0,0.8660254037844386,0.5000000000000001
2013-03-26,68.5999984741211,68.7300033569336,68.44999694824219,68.70999908447266,61.65535736083984,19725200.0,0.0053997688442834,82.88999938964844,82.9800033569336,82.1500015258789,82.87999725341797,82.87999725341797,0.0,1.9299999475479128,1.944000005722046,1.901000022888184,1.906000018119812,1.906000018119812,0.0,12.949999809265137,13.210000038146973,12.6899995803833,12.770000457763672,12.770000457763672,0.0,0.0053997688442834505,0.004081726165009127,0.005414373872160816,68.48699951171875,68.33049964904787,67.69400009155274,66.42859996795656,68.42178808566871,68.14840065881079,0.27338742685792283,0.3124884500820584,56.04596142128582,66.1903723887375,62.69733088482417,-0.014554912766001855,-22.14277929155314,0.7067367636526126,67.20692396021008,69.45407533788566,3.2886505868055522,0.09512909604824984,-0.0036511809867024996,0.009668861675515483,-0.0019035228691040241,-0.003631881628383732,0.0037633758878773673,0.7818314824680298,0.6234898018587336,0.8660254037844386,0.5000000000000001
2013-03-27,68.23999786376953,68.8499984741211,68.13999938964844,68.80000305175781,61.736106872558594,22539500.0,0.0013088348330698,82.87000274658203,83.30000305175781,82.83999633789062,83.20999908447266,83.20999908447266,0.0,1.85699999332428,1.86899995803833,1.8329999446868896,1.8509999513626096,1.8509999513626096,0.0,13.720000267028809,13.970000267028809,12.970000267028809,13.149999618530272,13.149999618530272,0.0,0.0013088348330698417,0.010404441774603484,0.0013096917311852252,68.50400009155274,68.40849990844727,67.73200012207032,66.4511499786377,68.47997500352857,68.19666750273278,0.2833075007957859,0.3066522602248039,56.85263471072524,71.19055404178019,64.10659335253439,0.24771354384889907,-15.713896457765664,0.7069697865683301,67.39220482565275,69.42479499124178,2.9712538183256347,0.08972444820616625,0.0053997688442834505,-0.0036511809867024996,0.007010840473597463,-0.0013098563757913892,0.010164623344392984,0.9749279121818236,-0.22252093395631434,0.8660254037844386,0.5000000000000001
2013-03-28,68.80000305175781,69.05999755859375,68.63999938964844,68.97000122070312,61.88862991333008,23662800.0,0.0024675177820413,83.19999694824219,83.30000305175781,82.83000183105469,82.98999786376953,82.98999786376953,0.0,1.8639999628067017,1.868000030517578,1.843000054359436,1.851999998092652,1.851999998092652,0.0,12.90999984741211,13.06999969482422,12.539999961853027,12.699999809265137,12.699999809265137,0.0,0.002467517782041316,0.006104624277841245,0.002470564609561965,68.51500015258789,68.50200004577637,67.76700012207033,66.48254999160768,68.55536365232466,68.2539514818417,0.301412170482962,0.30560424227643557,58.40539070646322,85.2978520157857,74.22625948210111,0.15974529389566455,-6.249768203324102,0.6864718138809717,67.66416740840603,69.33983268314671,2.4461552562274376,0.08892392394241974,0.0013088348330698417,0.0053997688442834505,-0.011417449533096525,0.003345966098487474,-0.0020841378788677835,0.43388373911755823,-0.900968867902419,0.8660254037844386,0.5000000000000001
2013-03-29,68.80000305175781,69.05999755859375,68.63999938964844,68.97000122070312,61.88862991333008,23662800.0,0.0,83.19999694824219,83.30000305175781,82.83000183105469,82.98999786376953,82.98999786376953,0.0,1.8639999628067017,1.868000030517578,1.843000054359436,1.851999998092652,1.851999998092652,0.0,12.90999984741211,13.06999969482422,12.539999961853027,12.699999809265137,12.699999809265137,0.0,0.0,0.006104624277841245,0.0,68.56100006103516,68.58150024414063,67.80500015258791,66.51065000534058,68.6191540474598,68.30699220323883,0.3121618442209666,0.3069157626653418,58.40539070646324,90.59552237852871,82.36130947869819,0.6714334697552035,-6.249768203324102,0.6674379820998532,67.90590211351035,69.2570983747709,1.9702051667730847,0.08849054298459846,0.002467517782041316,0.0013088348330698417,0.009668861675515483,-0.00278411417711934,0.004163941159372402,-0.433883739117558,-0.9009688679024191,0.8660254037844386,0.5000000000000001
2013-04-01,69.0199966430664,69.08999633789062,68.30999755859375,68.5,61.46689224243164,28112800.0,-0.0068377857226536,83.04000091552734,83.18000030517578,82.6500015258789,82.7300033569336,82.7300033569336,0.0,1.8849999904632568,1.888000011444092,1.830999970436096,1.840000033378601,1.840000033378601,0.0,13.460000038146973,14.050000190734863,13.260000228881836,13.579999923706056,13.579999923706056,0.0,-0.00683778572265367,0.011301055016426633,-0.006814461258700444,68.575,68.62250022888183,67.83360015869143,66.5425,68.60082265554291,68.32128907707299,0.2795335784699233,0.3014393258262581,52.363140215101645,82.45482777189405,86.11606738873616,0.20479723288246693,-40.135980277669645,0.6754780390424977,68.09367309825889,69.15132735950478,1.541264538188221,0.09213070600319825,0.0,0.002467517782041316,-0.0036511809867024996,-0.0021920895423403514,0.004442748382274009,0.0,1.0,1.0,6.123233995736766e-17
2013-04-02,68.83000183105469,69.2699966430664,68.7699966430664,69.04000091552734,61.95144271850586,29431900.0,0.0078522039029295,82.72000122070312,82.94999694824219,82.48999786376953,82.94000244140625,82.94000244140625,0.0,1.8350000381469729,1.868000030517578,1.8350000381469729,1.8609999418258667,1.8609999418258667,0.0,13.109999656677246,13.18000030517578,12.760000228881836,12.779999732971191,12.779999732971191,0.0,0.007852203902929558,0.007264274105749192,0.007883113305340084,68.65599975585938,68.64050025939942,67.87080017089845,66.57510000228882,68.66838854169436,68.37452699103257,0.2938615506617879,0.2999237707933641,57.76891805718143,79.89168831806283,84.31401282282853,1.1871574362328348,-13.93918656481773,0.6822293679013482,68.07988092527972,69.20111959351911,1.6334943131272512,0.08094087603064404,-0.00683778572265367,0.0,0.0053997688442834505,-0.0019035228691040241,0.014667462671648148,0.7818314824680298,0.6234898018587336,1.0,6.123233995736766e-17
2013-04-03,69.08000183105469,69.18000030517578,68.23999786376953,68.41000366210938,61.386138916015625,35131200.0,-0.0091668371241822,82.48999786376953,83.06999969482422,82.48999786376953,82.72000122070312,82.72000122070312,0.0,1.85699999332428,1.85699999332428,1.7970000505447388,1.812000036239624,1.812000036239624,0.0,12.649999618530272,14.65999984741211,12.619999885559082,14.210000038146973,14.210000038146973,0.0,-0.009166837124182271,0.013607446677624074,-0.009124949762007173,68.62600021362306,68.63550033569337,67.88720031738282,66.60265001296997,68.62863702175821,68.37715489259381,0.25148212916440116,0.2902354424675715,50.56027764590705,64.60128454403632,75.64926687799773,-0.43661101202237584,-52.12097952540367,0.7006417302945556,68.06823624311397,69.20276442827276,1.6529757627027641,0.08730223003399491,0.007852203902929558,-0.00683778572265367,0.0013088348330698417,0.007010840473597463,-0.002478528926487804,0.9749279121818236,-0.22252093395631434,1.0,6.123233995736766e-17
2013-04-04,68.37999725341797,68.5999984741211,68.05999755859375,68.43000030517578,61.404083251953125,32287400.0,0.0002922763025984,82.62000274658203,83.48999786376953,82.62000274658203,82.68000030517578,82.68000030517578,0.0,1.7949999570846558,1.7949999570846558,1.756999969482422,1.758999943733215,1.758999943733215,0.0,14.100000381469728,14.789999961853027,13.890000343322754,13.890000343322754,13.890000343322754,0.0,0.00029227630259843123,0.007897059625874024,0.00029231901947857075,68.67600021362304,68.62250022888183,67.92260025024414,66.63380001068114,68.59807752689937,68.38106936759988,0.21700815929949613,0.27558998583395644,50.770263366395156,61.01025887633244,68.50107724614386,0.736051814741275,-50.909057280781255,0.6891673863826119,68.04861681078508,69.19638364697859,1.6725809062119243,0.08677855076125968,-0.009166837124182271,0.007852203902929558,0.002467517782041316,-0.011417449533096525,0.0026240059002984126,0.43388373911755823,-0.900968867902419,1.0,6.123233995736766e-17
2013-04-05,67.3499984741211,67.95999908447266,67.19000244140625,67.86000061035156,60.8926010131836,55610800.0,-0.0083646621182528,82.2699966430664,83.48999786376953,82.2699966430664,82.5,82.5,0.0,1.75,1.756999969482422,1.6770000457763672,1.694000005722046,1.694000005722046,0.0,15.640000343322754,15.649999618530272,13.859999656677246,13.920000076293944,13.920000076293944,0.0,-0.008364662118252887,0.01143276407589339,-0.00832977567095683,68.60300064086915,68.5770004272461,67.93980026245119,66.65229999542237,68.48452723204586,68.34247168187778,0.1420555501680809,0.24888309870078135,44.91427333116721,43.06050113960316,56.22401485332397,-1.064288914585926,-67.78845977500559,0.7285124204816776,67.91484745072117,69.23915340377104,1.9311225991210268,0.09144197559368361,0.00029227630259843123,-0.009166837124182271,0.0,0.009668861675515483,0.0011635502138334004,-0.433883739117558,-0.9009688679024191,1.0,6.123233995736766e-17
2013-04-08,67.88999938964844,68.23999786376953,67.69000244140625,68.22000122070312,61.21566390991211,17891600.0,0.005291429711564,82.48999786376953,82.83000183105469,82.48999786376953,82.75,82.75,0.0,1.7230000495910645,1.7319999933242798,1.7079999446868896,1.7319999933242798,1.7319999933242798,0.0,14.039999961853027,14.5,13.1899995803833,13.1899995803833,13.1899995803833,0.0,0.005291429711564084,0.008101273049166385,0.0053054540511179304,68.59100112915038,68.5395004272461,67.96120025634767,66.67165000915527,68.44383092260853,68.33339979586485,0.11043112674367705,0.2211927043093605,48.92148661968121,43.60726435632048,49.226008124085354,-0.17558548963657108,-50.48068987525171,0.7157612063303637,67.88616969124973,69.19283116324246,1.9064356522115773,0.09301716242190529,-0.008364662118252887,0.00029227630259843123,-0.00683778572265367,-0.0036511809867024996,0.002904325370133806,0.0,1.0,1.0,6.123233995736766e-17
2013-04-09,68.4000015258789,68.95999908447266,68.08999633789062,68.68000030517578,61.62842559814453,30931400.0,0.006720115607392,82.27999877929688,82.83000183105469,82.27999877929688,82.30999755859375,82.30999755859375,0.0,1.75,1.7519999742507937,1.7230000495910645,1.746999979019165,1.746999979019165,0.0,13.109999656677246,13.68000030517578,12.75,12.84000015258789,12.84000015258789,0.0,0.006720115607392021,0.012719338116576922,0.006742746249388976,68.5880012512207,68.53750038146973,67.991600189209,66.69060001373292,68.48016467377272,68.35907390766566,0.12109076610705927,0.20117231666890026,53.56928384147101,51.121854241478346,45.929873245800664,-0.04365999082607212,-28.365287625307655,0.7267784592054828,67.88625466570471,69.18874609723474,1.9004069659391605,0.09551710233662382,0.005291429711564084,-0.008364662118252887,0.007852203902929558,0.0053997688442834505,-0.003631881628383732,0.7818314824680298,0.6234898018587336,1.0,6.123233995736766e-17
2013-04-10,68.91999816894531,70.16999816894531,68.87999725341797,70.0199966430664,62.8308219909668,55271300.0,0.0193225304902603,82.2300033569336,82.69999694824219,82.2300033569336,82.52999877929688,82.52999877929688,0.0,1.7669999599456787,1.8049999475479128,1.7660000324249268,1.8049999475479128,1.8049999475479128,0.0,12.65999984741211,12.880000114440918,12.31999969482422,12.359999656677246,12.359999656677246,0.0,0.01932253049026039,0.018717367234472822,0.019510418790553485,68.71000061035157,68.60700035095215,68.051600189209,66.71625,68.7170618998179,68.48210522139905,0.23495667841885393,0.20792918901889101,63.87998450349092,72.04013567723904,55.589751425012615,1.7732464203392553,-5.033615467723518,0.7812941309600576,67.6771209875141,69.5368797143902,2.7107419321099706,0.11714539053166562,0.006720115607392021,0.005291429711564084,-0.009166837124182271,0.0013088348330698417,-0.0013098563757913892,0.9749279121818236,-0.22252093395631434,1.0,6.123233995736766e-17
2013-04-11,69.8499984741211,70.1500015258789,69.7699966430664,69.98999786376953,62.80390548706055,37233600.0,-0.0004284882827923,82.06999969482422,82.58000183105469,82.06999969482422,82.25,82.25,0.0,1.7979999780654907,1.8049999475479128,1.781000018119812,1.7910000085830688,1.7910000085830688,0.0,12.550000190734863,12.619999885559082,12.149999618530272,12.239999771118164,12.239999771118164,0.0,-0.0004284882827923945,0.005440299085379207,-0.00042839649479864406,68.81200027465822,68.66350021362304,68.11400009155275,66.74154998779296,68.91289820196431,68.59380097268576,0.31909722927855455,0.2301627970708237,63.53980095959333,86.85360318325472,70.00519770065736,1.478898977835929,-6.040287357204665,0.7526306132352322,67.54975475043476,69.77724567681132,3.244068419824919,0.11695936383266776,0.01932253049026039,0.006720115607392021,0.00029227630259843123,0.002467517782041316,0.003345966098487474,0.43388373911755823,-0.900968867902419,1.0,6.123233995736766e-17
2013-04-12,69.81999969482422,69.98999786376953,69.41000366210938,69.94000244140625,62.759056091308594,32783700.0,-0.0007143730459286,82.05000305175781,82.58000183105469,82.05000305175781,82.30999755859375,82.30999755859375,0.0,1.756999969482422,1.7599999904632568,1.718999981880188,1.7209999561309814,1.7209999561309814,0.0,12.609999656677246,13.119999885559082,11.989999771118164,12.0600004196167,12.0600004196167,0.0,-0.000714373045928651,0.00830699232591305,-0.0007141179422542887,68.90900039672853,68.73500022888184,68.15960006713867,66.7706499862671,69.07091423880154,68.69351959999838,0.37739463880315327,0.2596091654172896,62.93824714559097,93.73603622516816,84.20992502855397,1.4064103284544442,-7.71798849956733,0.7402994409798697,67.4872073328744,69.98279312488928,3.630735118505543,0.11631675172644429,-0.0004284882827923945,0.01932253049026039,-0.008364662118252887,0.0,-0.00278411417711934,-0.433883739117558,-0.9009688679024191,1.0,6.123233995736766e-17
2013-04-15,69.68000030517578,69.79000091552734,68.4800033569336,68.55999755859375,61.52073287963867,48795800.0,-0.0199286497845348,81.95999908447266,82.44000244140625,81.95999908447266,82.41999816894531,82.41999816894531,0.0,1.7089999914169312,1.7280000448226929,1.6979999542236328,1.7020000219345093,1.7020000219345093,0.0,13.119999885559082,17.270000457763672,12.65999984741211,17.270000457763672,17.270000457763672,0.0,-0.019928649784534836,0.018800194501383264,-0.019731386811622453,68.9150001525879,68.74500007629396,68.20119995117187,66.79344997406008,68.99231167261573,68.68362907841285,0.30868259420287814,0.26942385117440737,49.115800405696206,77.40492685499521,85.9981887544727,0.08758767677919709,-54.02694357824237,0.7917065583722115,67.50669137738272,69.9833087752052,3.602614582986257,0.13787920732269135,-0.000714373045928651,-0.0004284882827923945,0.005291429711564084,-0.00683778572265367,-0.0021920895423403514,0.0,1.0,1.0,6.123233995736766e-17
2013-04-16,68.94999694824219,69.55000305175781,68.80999755859375,69.47000122070312,62.33727645874024,27682600.0,0.0131853468876777,81.72000122070312,82.5199966430664,81.72000122070312,81.75,81.75,0.0,1.7280000448226929,1.7339999675750732,1.7089999914169312,1.718999981880188,1.718999981880188,0.0,14.720000267028809,14.869999885559082,13.90999984741211,13.960000038146973,13.960000038146973,0.0,0.013185346887677724,0.010732494937157909,0.013272656889492529,68.95800018310547,68.80699996948243,68.24139999389647,66.82394998550416,69.06580237232149,68.74187886673064,0.32392350559084093,0.2803237820576941,55.981061348992654,71.58840125552364,80.90978811189566,0.6228277802341,-23.48986415561939,0.8058707680002009,67.5531876470974,70.06081229186746,3.644432464549033,0.14511724084289265,-0.019928649784534836,-0.000714373045928651,0.006720115607392021,0.007852203902929558,-0.0019035228691040241,0.7818314824680298,0.6234898018587336,1.0,6.123233995736766e-17
2013-04-17,68.87000274658203,68.88999938964844,67.70999908447266,68.11000061035156,61.11695098876953,60204800.0,-0.0197703269231118,81.81999969482422,82.69999694824219,81.81999969482422,82.66000366210938,82.66000366210938,0.0,1.7070000171661377,1.722000002861023,1.6729999780654907,1.7039999961853027,1.7039999961853027,0.0,15.350000381469728,17.899999618530273,14.979999542236328,16.510000228881836,16.510000228881836,0.0,-0.01977032692311182,0.017133733964230805,-0.019576175593401413,68.9279998779297,68.77700004577636,68.2588000488281,66.84939998626709,68.91875594740304,68.69507306996182,0.22368287744122028,0.26899560113439935,45.99365591745635,51.1185527683477,66.70396029295551,-0.4385368158136452,-69.12753396109514,0.8740230085880771,67.4852762370724,70.06872385448033,3.756266798040689,0.16048461982835863,0.013185346887677724,-0.019928649784534836,0.01932253049026039,-0.009166837124182271,0.007010840473597463,0.9749279121818236,-0.22252093395631434,1.0,6.123233995736766e-17
2013-04-18,68.29000091552734,68.33000183105469,66.87999725341797,67.16999816894531,60.27344131469727,56798200.0,-0.013897693791486,82.63999938964844,82.66000366210938,82.3499984741211,82.55000305175781,82.55000305175781,0.0,1.712000012397766,1.712000012397766,1.6790000200271606,1.684999942779541,1.684999942779541,0.0,16.34000015258789,18.200000762939453,16.31999969482422,17.559999465942383,17.559999465942383,0.0,-0.013897693791486051,0.021233043757465025,-0.013801566675458954,68.80199966430665,68.73899993896485,68.25619995117187,66.87309997558593,68.64971628917878,68.58210455877541,0.06761173040337098,0.2287188269881937,40.60187537020319,38.73240564120795,53.81311988835975,-1.8413007900208456,-91.18538495966162,0.9151645492344087,67.30543385181475,70.17256602611495,4.1710414420430855,0.16295749407001833,-0.01977032692311182,0.013185346887677724,-0.0004284882827923945,0.00029227630259843123,-0.011417449533096525,0.43388373911755823,-0.900968867902419,1.0,6.123233995736766e-17
2013-04-19,67.30000305175781,68.2300033569336,67.19999694824219,68.08999633789062,61.09897232055664,43062800.0,0.0136034822377743,82.30999755859375,82.77999877929688,82.30999755859375,82.70999908447266,82.70999908447266,0.0,1.7000000476837158,1.712000012397766,1.690999984741211,1.7029999494552612,1.7029999494552612,0.0,16.670000076293945,16.979999542236328,14.869999885559082,14.970000267028809,14.970000267028809,0.0,0.013603482237774314,0.015304700772439318,0.013696430597833986,68.82499923706055,68.71399993896485,68.25819992065429,66.89664995193482,68.56360552744215,68.54565209796912,0.017953429473024585,0.18656574748515992,47.13398567294442,25.488386172911884,38.44644819415584,0.3389267985122568,-63.22192256050758,0.9255103091453996,67.252329351794,70.17567052613569,4.2543603587891,0.16678750435295575,-0.013897693791486051,-0.01977032692311182,-0.000714373045928651,-0.008364662118252887,0.009668861675515483,-0.433883739117558,-0.9009688679024191,1.0,6.123233995736766e-17
2013-04-22,68.33000183105469,69.04000091552734,68.08000183105469,68.79000091552734,61.72713088989258,34412100.0,0.0102285105450749,82.30999755859375,82.91000366210938,82.30999755859375,82.68000030517578,82.68000030517578,0.0,1.715000033378601,1.715000033378601,1.680999994277954,1.6979999542236328,1.6979999542236328,0.0,15.079999923706056,16.0,14.039999961853027,14.390000343322754,14.390000343322754,0.0,0.010228510545074981,0.014049452052500237,0.010281000571340071,68.88199920654297,68.73650016784669,68.27379989624023,66.92459995269776,68.59843558714756,68.56375201038084,0.0346835767667244,0.15618931334147282,51.50402247770897,34.54916629369991,32.923319369273244,0.835531639731542,-41.945193598731066,0.9279737930973465,67.28525340443552,70.18774693125785,4.222637928516535,0.17039899124207783,0.013603482237774314,-0.013897693791486051,-0.019928649784534836,0.005291429711564084,-0.0036511809867024996,0.0,1.0,1.0,6.123233995736766e-17
2013-04-23,69.18000030517578,69.69999694824219,68.81999969482422,69.44999694824219,62.319374084472656,53078300.0,0.0095488009877764,82.63999938964844,83.05999755859375,82.5199966430664,83.02999877929688,83.02999877929688,0.0,1.6740000247955322,1.7079999446868896,1.6430000066757202,1.6979999542236328,1.6979999542236328,0.0,13.8100004196167,14.869999885559082,13.460000038146973,13.479999542236328,13.479999542236328,0.0,0.009548800987776489,0.01272039967528203,0.00959453624430573,68.95899887084961,68.77350006103515,68.3081997680664,66.95419994354249,68.72944502731598,68.62939978355575,0.10004524376022061,0.14496049942522238,55.25925525193732,57.649451449004815,39.229001305205536,1.121136633146431,-21.884529493746918,0.9266896673557392,67.28777485758631,70.25922526448399,4.320632808073705,0.17265831099797824,0.010228510545074981,0.013603482237774314,0.013185346887677724,0.006720115607392021,0.0053997688442834505,0.7818314824680298,0.6234898018587336,1.0,6.123233995736766e-17
2013-04-24,69.27999877929688,69.66999816894531,69.12000274658203,69.41999816894531,62.29244995117188,44500700.0,-0.0004321280733687,83.01000213623047,83.19000244140625,82.8499984741211,82.93000030517578,82.93000030517578,0.0,1.712000012397766,1.7130000591278076,1.6929999589920044,1.6979999542236328,1.6979999542236328,0.0,13.56999969482422,13.75,13.359999656677246,13.609999656677246,13.609999656677246,0.0,-0.00043212807336874586,0.007938733141658742,-0.0004320347194802787,68.89899902343751,68.80449981689453,68.33719970703125,66.97934993743897,68.83568397218203,68.68796262691795,0.147721345264074,0.1455126685929927,55.05059482000906,71.12464355586887,54.44108709952452,-0.856895891011882,-22.7963462399154,0.8997829355705637,67.29083644936027,70.3181631844288,4.39989643573455,0.1726654970522891,0.009548800987776489,0.010228510545074981,-0.01977032692311182,0.01932253049026039,0.0013088348330698417,0.9749279121818236,-0.22252093395631434,1.0,6.123233995736766e-17
2013-04-25,69.5999984741211,70.05000305175781,69.58999633789062,69.79000091552734,62.624473571777344,26437100.0,0.0053159234654577,82.4000015258789,83.19000244140625,82.4000015258789,82.73999786376953,82.73999786376953,0.0,1.7100000381469729,1.7269999980926514,1.7100000381469729,1.7109999656677246,1.7109999656677246,0.0,13.609999656677246,13.869999885559082,13.130000114440918,13.619999885559082,13.619999885559082,0.0,0.005315923465457706,0.0066092920108069934,0.005330078057063314,68.87899932861328,68.84549980163575,68.37399978637696,67.00279994964599,68.98250196346592,68.76959509274087,0.21290687072504966,0.1589915090194041,57.1973935937753,81.25635299583126,70.01014933356831,-0.2857507563173056,-11.550065278843856,0.8805130746592734,67.2698100459521,70.42118955731941,4.577466240273316,0.17340170259114446,-0.00043212807336874586,0.009548800987776489,-0.013897693791486051,-0.0004284882827923945,0.002467517782041316,0.43388373911755823,-0.900968867902419,1.0,6.123233995736766e-17
2013-04-26,69.62000274658203,69.7699966430664,69.2699966430664,69.56999969482422,62.42702102661133,24079800.0,-0.0031579424123328,82.80999755859375,82.83999633789062,82.38999938964844,82.4800033569336,82.4800033569336,0.0,1.6890000104904177,1.6890000104904177,1.6619999408721924,1.662999987602234,1.662999987602234,0.0,13.9399995803833,14.18000030517578,13.489999771118164,13.609999656677246,13.609999656677246,0.0,-0.0031579424123328683,0.007181844014284348,-0.003152961356868045,68.84199905395508,68.8754997253418,68.41039978027344,67.02944995880127,69.07288622982874,68.82888432252483,0.24400190730391103,0.1759935886763055,55.50006583531245,82.47218595619785,78.28439416929933,-0.529028787055032,-18.237030612647164,0.8547624459308208,67.26731728853711,70.48368216214648,4.669824373594994,0.17390604099437468,0.005315923465457706,-0.00043212807336874586,0.013603482237774314,-0.000714373045928651,0.0,-0.433883739117558,-0.9009688679024191,1.0,6.123233995736766e-17
2013-04-29,69.79000091552734,70.4800033569336,69.76000213623047,70.20999908447266,63.00132751464844,31664000.0,0.0091575869127331,82.04000091552734,82.48999786376953,82.04000091552734,82.1500015258789,82.1500015258789,0.0,1.662999987602234,1.6679999828338623,1.6510000228881836,1.6679999828338623,1.6679999828338623,0.0,13.720000267028809,13.9399995803833,13.359999656677246,13.710000038146973,13.710000038146973,0.0,0.009157586912733197,0.010316681634301775,0.009199645900006992,69.00699920654297,68.96099967956543,68.45959976196289,67.06319995880126,69.24782666900472,68.93118911970615,0.31663754929857646,0.20412238080075967,59.28519725234841,87.57093271495856,83.76649055566256,2.4066534198294827,-7.500105963633286,0.8587082470864319,67.25785245565024,70.66414690348063,4.939450506312404,0.17430440839245195,-0.0031579424123328683,0.005315923465457706,0.010228510545074981,-0.019928649784534836,-0.00683778572265367,0.0,1.0,1.0,6.123233995736766e-17
2013-04-30,70.30000305175781,70.7300033569336,70.04000091552734,70.72000122070312,63.45896530151367,30135800.0,0.0072376834564602,82.16000366210938,82.2699966430664,81.5999984741211,81.7300033569336,81.7300033569336,0.0,1.6510000228881836,1.6790000200271606,1.6380000114440918,1.6749999523162842,1.6749999523162842,0.0,13.710000038146973,14.279999732971191,13.510000228881836,13.520000457763672,13.520000457763672,0.0,0.007237683456460238,0.00981511253844813,0.007263938791747249,69.13199920654297,69.04499969482423,68.50919982910158,67.10199996948242,69.4743150615737,69.06369371978,0.4106213417936999,0.24542217299934774,62.05502632070048,91.3343560297782,87.12582490031153,1.7993378120561783,-0.25979533438493796,0.8466578323949904,67.16854728106495,70.92145210858351,5.43544767051377,0.1740082849491759,0.009157586912733197,-0.0031579424123328683,0.009548800987776489,0.013185346887677724,0.007852203902929558,0.7818314824680298,0.6234898018587336,1.0,6.123233995736766e-17
2013-05-01,70.73999786376953,70.8499984741211,70.25,70.38999938964844,63.162841796875,28537200.0,-0.0046772992944158,81.70999908447266,81.73999786376953,81.33000183105469,81.63999938964844,81.63999938964844,0.0,1.6579999923706057,1.6579999923706057,1.6139999628067017,1.6390000581741333,1.6390000581741333,0.0,13.880000114440918,14.670000076293944,13.869999885559082,14.489999771118164,14.489999771118164,0.0,-0.004677299294415837,0.008481742892847772,-0.004666377764460772,69.35999908447266,69.14399948120118,68.5731997680664,67.141249961853,69.6151895735852,69.16193858421471,0.45325098937048836,0.2869879362735759,59.24641434743604,93.5510745208847,90.81878775520715,3.3475242385335613,-11.58687513932769,0.8290393068039978,67.20086663617734,71.08713232622502,5.620539337045834,0.1711665816699931,0.007237683456460238,0.009157586912733197,-0.00043212807336874586,-0.01977032692311182,-0.009166837124182271,0.9749279121818236,-0.22252093395631434,0.8660254037844387,-0.4999999999999998
2013-05-02,70.51000213623047,71.43000030517578,70.44999694824219,71.27999877929688,63.96144485473633,31744200.0,0.0125642956919335,81.62000274658203,82.3499984741211,81.51000213623047,82.20999908447266,82.20999908447266,0.0,1.6430000066757202,1.6649999618530271,1.6239999532699585,1.63100004196167,1.63100004196167,0.0,14.479999542236328,14.479999542236328,13.579999923706056,13.59000015258789,13.59000015258789,0.0,0.01256429569193354,0.013898784955929454,0.012643558065825289,69.77099914550782,69.28649940490723,68.66939971923829,67.18079996109007,69.87131406677162,69.31883193199857,0.5524821347730438,0.3400867759734695,63.98121674868893,94.9521983016522,93.27920961743837,6.118804112535674,-3.296734621330766,0.8441079931413797,67.15495889123984,71.41803991857462,6.152830730300749,0.17557428520127638,-0.004677299294415837,0.007237683456460238,0.005315923465457706,-0.013897693791486051,0.00029227630259843123,0.43388373911755823,-0.900968867902419,0.8660254037844387,-0.4999999999999998
2013-05-03,71.97000122070312,72.33999633789062,71.91000366210938,72.12000274658203,64.71524810791016,34061700.0,0.0117163700572097,82.22000122070312,82.5199966430664,81.91000366210938,82.0999984741211,82.0999984741211,0.0,1.6269999742507937,1.7519999742507937,1.6269999742507937,1.7519999742507937,1.7519999742507937,0.0,12.920000076293944,13.149999618530272,12.770000457763672,12.850000381469728,12.850000381469728,0.0,0.011716370057209779,0.005974609816423859,0.011785275565394215,70.17399978637695,69.49949951171875,68.76899978637695,67.21704996109007,70.21726617135783,69.52632606641217,0.6909401049456676,0.4102574417679091,67.78542866888013,93.69573430324263,94.06633570859317,5.91864682837234,-4.029187329613649,0.8595286763879777,67.13004831907362,71.86895070436388,6.818613685831224,0.17425507316517302,0.01256429569193354,-0.004677299294415837,-0.0031579424123328683,0.013603482237774314,-0.008364662118252887,-0.433883739117558,-0.9009688679024191,0.8660254037844387,-0.4999999999999998
2013-05-06,72.25,72.51000213623047,72.19000244140625,72.4000015258789,64.9664535522461,19244300.0,0.0038741897325904,81.9800033569336,82.41000366210938,81.9800033569336,82.31999969482422,82.31999969482422,0.0,1.746999979019165,1.7760000228881836,1.7380000352859497,1.7710000276565552,1.7710000276565552,0.0,13.0600004196167,13.1899995803833,12.65999984741211,12.65999984741211,12.65999984741211,0.0,0.0038741897325904433,0.004429061520058391,0.003881704106535544,70.53499984741211,69.70849952697755,68.89079986572266,67.25494997024535,70.55307161051492,69.73919091526156,0.8138806952533599,0.49098209246499935,68.96218433425416,96.90675002493798,95.18489420994426,5.247856610417212,-1.953827974241673,0.8259908701922962,67.08993841293328,72.32706064102182,7.512889050296864,0.17408520327754165,0.011716370057209779,0.01256429569193354,0.009157586912733197,0.010228510545074981,0.005291429711564084,0.0,1.0,0.8660254037844387,-0.4999999999999998
2013-05-07,72.5199966430664,72.56999969482422,72.08999633789062,72.36000061035156,64.93059539794922,25838100.0,-0.0005521011523743,82.31999969482422,82.3499984741211,82.06999969482422,82.30000305175781,82.30000305175781,0.0,1.7760000228881836,1.7899999618530271,1.7730000019073486,1.7829999923706057,1.7829999923706057,0.0,12.630000114440918,12.960000038146973,12.489999771118164,12.829999923706056,12.829999923706056,0.0,-0.0005521011523743867,0.0066189103578714326,-0.0005519487725774708,70.82600021362305,69.89249954223634,69.00679992675782,67.29274995803831,70.83106068741287,69.93332496674971,0.8977357206631638,0.5723328181046322,68.5767862542874,96.77543898560145,95.79264110459401,4.1900702519512905,-3.690667739340303,0.8012774763881032,67.06907783327509,72.71592125119759,8.079326758817784,0.1739231136793525,0.0038741897325904433,0.011716370057209779,0.007237683456460238,0.009548800987776489,0.006720115607392021,0.7818314824680298,0.6234898018587336,0.8660254037844387,-0.4999999999999998
2013-05-08,72.31999969482422,72.7699966430664,72.19999694824219,72.70999908447266,65.24462127685547,24252100.0,0.0048246739444223,81.72000122070312,82.3499984741211,81.72000122070312,81.9000015258789,81.9000015258789,0.0,1.7899999618530271,1.7920000553131104,1.75,1.7599999904632568,1.7599999904632568,0.0,12.869999885559082,13.039999961853027,12.619999885559082,12.65999984741211,12.65999984741211,0.0,0.00482467394442239,0.00788163298160263,0.004836331424063367,71.15500030517578,70.02699966430666,69.1161999511719,67.33324995040893,71.12012813311438,70.13900453102549,0.9811236020888856,0.6540909749014829,70.14874806249725,97.75944959229513,97.1472128676115,4.739269666243104,-1.0771555095326346,0.7847576348478258,66.93453460431417,73.11946472429915,8.832207790758018,0.16269701047636298,-0.0005521011523743867,0.0038741897325904433,-0.004677299294415837,-0.00043212807336874586,0.01932253049026039,0.9749279121818236,-0.22252093395631434,0.8660254037844387,-0.4999999999999998
2013-05-09,72.56999969482422,73.0999984741211,72.47000122070312,72.61000061035156,65.15491485595703,29337200.0,-0.0013758704625821,81.72000122070312,82.81999969482422,81.72000122070312,82.79000091552734,82.79000091552734,0.0,1.781999945640564,1.8170000314712524,1.7760000228881836,1.812999963760376,1.812999963760376,0.0,12.90999984741211,13.529999732971191,12.779999732971191,13.130000114440918,13.130000114440918,0.0,-0.0013758704625821344,0.00868123544256954,-0.0013749243867595684,71.4370002746582,70.15799980163575,69.22639999389648,67.3743999671936,71.34933928345856,70.32204127764223,1.0272980058163341,0.7287323810844533,69.08536593036104,95.15708553432562,96.56399137074072,4.040693018814399,-9.760920148150177,0.7737033218885504,66.85718109190312,73.45881851136839,9.409671652741956,0.16291029034305887,0.00482467394442239,-0.0005521011523743867,0.01256429569193354,0.005315923465457706,-0.0004284882827923945,0.43388373911755823,-0.900968867902419,0.8660254037844387,-0.4999999999999998
2013-05-10,72.76000213623047,73.08000183105469,72.62999725341797,73.05000305175781,65.54974365234375,20663700.0,0.0060415596788096,81.77999877929688,83.44000244140625,81.77999877929688,83.13999938964844,83.13999938964844,0.0,1.8480000495910645,1.9279999732971191,1.838000059127808,1.899999976158142,1.899999976158142,0.0,13.079999923706056,13.449999809265137,12.539999961853027,12.59000015258789,12.59000015258789,0.0,0.006041559678809663,0.0061847796100138,0.0060598467093326835,71.78500061035156,70.31349983215333,69.33980010986328,67.41164999008178,71.6109798631969,70.52411252016931,1.086867343027592,0.8003593734730811,71.15719233822037,95.99793555474022,96.30482356045366,5.002160948970788,-1.168117678096503,0.75201031466102,66.77169760005066,73.855302064256,10.074316427307334,0.16327135182463545,-0.0013758704625821344,0.00482467394442239,0.011716370057209779,-0.0031579424123328683,-0.000714373045928651,-0.433883739117558,-0.9009688679024191,0.8660254037844387,-0.4999999999999998
2013-05-13,72.93000030517578,73.31999969482422,72.86000061035156,73.13999938964844,65.63048553466797,29730100.0,0.0012310070354478,83.23999786376953,83.36000061035156,83.06999969482422,83.26000213623047,83.26000213623047,0.0,1.9119999408721924,1.9420000314712524,1.9119999408721924,1.9229999780654907,1.9229999780654907,0.0,12.56999969482422,12.869999885559082,12.489999771118164,12.550000190734863,12.550000190734863,0.0,0.001231007035447803,0.006307405492222526,0.0012317650356110654,72.07800064086913,70.54249992370606,69.44900009155272,67.44684999465942,71.84621363649714,70.7178819179085,1.1283317185886403,0.865953842496193,71.5767745317029,94.92841250263429,95.3611445305667,4.173195190688683,-4.285724665850443,0.7311523696475655,66.88761902910055,74.19738081831157,10.362209727634776,0.14103991756292003,0.006041559678809663,-0.0013758704625821344,0.0038741897325904433,0.009157586912733197,-0.019928649784534836,0.0,1.0,0.8660254037844387,-0.4999999999999998
2013-05-14,73.16000366210938,73.73999786376953,73.12999725341797,73.5199966430664,65.97145080566406,36009800.0,0.0051817783751644,83.19999694824219,83.5999984741211,82.95999908447266,83.56999969482422,83.56999969482422,0.0,1.906999945640564,1.96399998664856,1.8949999809265137,1.9520000219345093,1.9520000219345093,0.0,12.609999656677246,13.210000038146973,12.539999961853027,12.770000457763672,12.770000457763672,0.0,0.005181778375164476,0.008337897482466784,0.005195227007973147,72.35800018310547,70.74499969482423,69.54580001831053,67.48119997024534,72.10371871443087,70.9254459716239,1.1782727428069677,0.928417622558348,73.34027463611541,96.54147715586959,95.8226084044147,3.9592694768557055,-4.921726188444286,0.7224986725549939,66.89665505328986,74.5933443363586,10.87948168247972,0.1363323420267256,0.001231007035447803,0.006041559678809663,-0.0005521011523743867,0.007237683456460238,0.013185346887677724,0.7818314824680298,0.6234898018587336,0.8660254037844387,-0.4999999999999998
2013-05-15,73.37999725341797,73.73999786376953,73.19999694824219,73.66999816894531,66.1060562133789,27214400.0,0.0020382797549002,82.95999908447266,84.08999633789062,82.95999908447266,83.83000183105469,83.83000183105469,0.0,1.955999970436096,1.975000023841858,1.9210000038146973,1.9429999589920044,1.9429999589920044,0.0,12.979999542236328,13.43000030517578,12.779999732971191,12.8100004196167,12.8100004196167,0.0,0.0020382797549002023,0.0073589661452623046,0.0020403584591668356,72.68600006103516,71.0229995727539,69.64899993896485,67.51644994735716,72.34468478435618,71.12874613438845,1.2159386499677254,0.9859218280402235,74.02537057412502,96.40885362494313,95.95958109448233,4.6597511120013335,-1.5659882708758621,0.7094631184815903,67.17283045723414,74.87316868827367,10.842034661112166,0.10725259304294632,0.005181778375164476,0.001231007035447803,0.00482467394442239,-0.004677299294415837,-0.01977032692311182,0.9749279121818236,-0.22252093395631434,0.8660254037844387,-0.4999999999999998
2013-05-16,73.7300033569336,74.0999984741211,73.55000305175781,73.58999633789062,66.0343017578125,27253400.0,-0.0010860340280708,83.80000305175781,84.0,83.44999694824219,83.7699966430664,83.7699966430664,0.0,1.9490000009536743,1.9579999446868896,1.8580000400543213,1.8650000095367432,1.8650000095367432,0.0,13.06999969482422,13.460000038146973,12.789999961853027,13.06999969482422,13.06999969482422,0.0,-0.0010860340280708447,0.00745958764847336,-0.0010854445065485718,72.91699981689453,71.34399948120118,69.74699981689453,67.55029993057249,72.53627117720762,71.3110609642775,1.2252102129301221,1.0337795050182033,72.94865268162853,93.92035810977595,95.62356296352954,3.2407373711469307,-11.751211211351986,0.6980725687588539,67.78706128615656,74.9009376762458,9.97123295837055,0.08668784693290914,0.0020382797549002023,0.005181778375164476,-0.0013758704625821344,0.01256429569193354,-0.013897693791486051,0.43388373911755823,-0.900968867902419,0.8660254037844387,-0.4999999999999998
2013-05-17,73.97000122070312,74.33000183105469,73.7300033569336,74.30000305175781,66.67135620117188,31114500.0,0.0096010878034412,83.7300033569336,84.37000274658203,83.72000122070312,84.27999877929688,84.27999877929688,0.0,1.88100004196167,1.955999970436096,1.88100004196167,1.9490000009536743,1.9490000009536743,0.0,12.729999542236328,12.9399995803833,12.260000228881836,12.449999809265137,12.449999809265137,0.0,0.009601087803441242,0.00811137574989201,0.009647326107813381,73.1349998474121,71.65449981689453,69.85759994506837,67.58749994277952,72.80761454252304,71.53246408186864,1.2751504606544017,1.082053696145443,76.25027329973341,95.32784280744038,95.21901818071981,3.022740186014618,-0.6992720954509979,0.7010677776449402,68.21120562400765,75.09779400978141,9.610824726111701,0.08220053609041979,-0.0010860340280708447,0.0020382797549002023,0.006041559678809663,0.011716370057209779,0.013603482237774314,-0.433883739117558,-0.9009688679024191,0.8660254037844387,-0.4999999999999998
2013-05-20,74.16000366210938,74.43000030517578,73.88999938964844,74.19000244140625,66.57269287109375,25132400.0,-0.0014809419076853,84.20999908447266,84.26000213623047,83.69999694824219,83.80999755859375,83.80999755859375,0.0,1.934999942779541,1.975000023841858,1.919000029563904,1.965000033378601,1.965000033378601,0.0,13.279999732971191,13.279999732971191,12.84000015258789,13.020000457763672,13.020000457763672,0.0,-0.001480941907685334,0.0072815653837844515,-0.0014798458543489046,73.31399993896484,71.92449989318848,69.96199996948243,67.62334997177122,73.0202896038897,71.72931877516773,1.2909708287219672,1.1238371226607478,74.7285278318143,93.93598047470495,94.39472713064042,2.4723769030412517,-5.741575269082155,0.6895630017793977,68.58155053204209,75.26744925433488,9.29571805465688,0.08162700773437431,0.009601087803441242,-0.0010860340280708447,0.001231007035447803,0.0038741897325904433,0.010228510545074981,0.0,1.0,0.8660254037844387,-0.4999999999999998
2013-05-21,74.1500015258789,74.54000091552734,73.88999938964844,74.2699966430664,66.64449310302734,25900000.0,0.0010779425846747,83.6500015258789,84.26000213623047,83.6500015258789,83.86000061035156,83.86000061035156,0.0,1.9609999656677248,1.9980000257492063,1.924999952316284,1.944000005722046,1.944000005722046,0.0,13.079999923706056,13.4399995803833,12.890000343322754,13.369999885559082,13.369999885559082,0.0,0.0010779425846747027,0.008766035232676979,0.0010785237735932984,73.50499954223632,72.16549987792969,70.07299987792969,67.65944993972778,73.2125522253015,71.9175171357528,1.2950350895486906,1.1580767160383365,75.11743315601227,95.65252919504944,94.97211749239825,2.639574373416474,-6.601565050318515,0.6867371820722197,68.87918711854391,75.45181263731547,9.107711482480369,0.07918653183490029,-0.001480941907685334,0.009601087803441242,0.005181778375164476,-0.0005521011523743867,0.009548800987776489,0.7818314824680298,0.6234898018587336,0.8660254037844387,-0.4999999999999998
2013-05-22,74.36000061035156,74.94999694824219,73.23999786376953,73.62000274658203,66.06120300292969,59843200.0,-0.0087907885418322,83.79000091552734,84.41999816894531,83.45999908447266,84.25,84.25,0.0,1.9279999732971191,2.0420000553131104,1.888000011444092,2.026000022888184,2.026000022888184,0.0,13.449999809265137,14.449999809265137,13.050000190734863,13.81999969482422,13.81999969482422,0.0,-0.008790788541832262,0.02299622203384718,-0.008752262534219235,73.59599990844727,72.37550010681153,70.17279998779297,67.69144994735717,73.27523692088312,72.04362718099942,1.2316097398836945,1.172783320807408,66.2024077544951,81.30231793113472,90.2969425336297,1.251552294825579,-43.74990588719514,0.7598273179579652,69.29773290817866,75.4532673054444,8.504997393014794,0.08938978262121573,0.0010779425846747027,-0.001480941907685334,0.0020382797549002023,0.00482467394442239,-0.00043212807336874586,0.9749279121818236,-0.22252093395631434,0.8660254037844387,-0.4999999999999998
2013-05-23,72.97000122070312,73.69999694824219,72.83000183105469,73.44999694824219,65.9086685180664,48222100.0,-0.0023116572143458,83.80000305175781,83.80000305175781,83.80000305175781,83.80000305175781,83.80000305175781,0.0,2.01200008392334,2.0510001182556152,1.98199999332428,2.0230000019073486,2.0230000019073486,0.0,14.9399995803833,15.109999656677246,13.869999885559082,14.06999969482422,14.06999969482422,0.0,-0.0023116572143458414,0.011922640847382418,-0.002308987392441453,73.67999954223635,72.55849990844727,70.26459991455079,67.71859994888305,73.30212307893837,72.1478027193137,1.1543203596246627,1.1690907285708592,64.06092686805847,65.73366260258155,80.89616990958856,1.1568603922733913,-52.447541254741694,0.7676964464743605,69.70063722680649,75.41636259008806,7.877402882492803,0.09078702451295134,-0.008790788541832262,0.0010779425846747027,-0.0010860340280708447,-0.0013758704625821344,0.005315923465457706,0.43388373911755823,-0.900968867902419,0.8660254037844387,-0.4999999999999998
2013-05-24,72.95999908447266,73.43000030517578,72.76000213623047,73.41000366210938,65.87279510498047,26430300.0,-0.0005444379351357,83.43000030517578,84.5,83.43000030517578,83.69999694824219,83.69999694824219,0.0,2.010999917984009,2.0299999713897705,1.9809999465942385,2.010999917984009,2.010999917984009,0.0,14.59000015258789,14.789999961853027,13.989999771118164,13.989999771118164,13.989999771118164,0.0,-0.000544437935135755,0.009183089053627764,-0.0005442897556958703,73.7159996032715,72.75050010681153,70.36259994506835,67.7440499687195,73.31872009173391,72.24129908544671,1.0774210062871958,1.1507567841141264,63.54021540297281,49.9855484179153,65.6738429838772,0.49281395662159355,-53.845907604317276,0.762146329727029,70.24359619325666,75.2574040203664,6.891784688419336,0.08906312309477651,-0.0023116572143458414,-0.008790788541832262,0.009601087803441242,0.006041559678809663,-0.0031579424123328683,-0.433883739117558,-0.9009688679024191,0.8660254037844387,-0.4999999999999998
2013-05-27,72.95999908447266,73.43000030517578,72.76000213623047,73.41000366210938,65.87279510498047,26430300.0,0.0,83.43000030517578,84.5,83.43000030517578,83.69999694824219,83.69999694824219,0.0,2.010999917984009,2.0299999713897705,1.9809999465942385,2.010999917984009,2.010999917984009,0.0,14.59000015258789,14.789999961853027,13.989999771118164,13.989999771118164,13.989999771118164,0.0,0.0,0.009183089053627764,0.0,73.74300003051758,72.91050033569337,70.46360000610352,67.7689999961853,73.33276371794551,72.32786979482913,1.0048939231163843,1.121584211914578,63.54021540297281,45.90226509385534,53.87382537145073,0.36916088968295974,-55.999755859375,0.7555643182426207,70.69474372825722,75.12625694312952,6.078017836208494,0.08612156362524447,-0.000544437935135755,-0.0023116572143458414,-0.001480941907685334,0.001231007035447803,0.009157586912733197,0.0,1.0,0.8660254037844387,-0.4999999999999998
2013-05-28,74.2699966430664,74.54000091552734,73.66000366210938,73.88999938964844,66.3034896850586,27057100.0,0.0065169951645275,83.66999816894531,84.23999786376953,83.63999938964844,84.13999938964844,84.13999938964844,0.0,2.0420000553131104,2.13700008392334,2.04099988937378,2.134999990463257,2.134999990463257,0.0,13.670000076293944,14.5600004196167,13.5600004196167,14.479999542236328,14.479999542236328,0.0,0.006516995164527559,0.011848623848027632,0.006538276983567126,73.78000030517579,73.06900024414064,70.5767999267578,67.79769998550417,73.41849228282288,72.44358309814908,0.9749091846738054,1.0922492064664235,67.24605935611199,49.13747528730167,48.3417629330241,0.503268176654529,-42.74191067440272,0.7823095278980028,71.07009633473082,75.06790415355046,5.471277567042146,0.08560202226961233,0.0,-0.000544437935135755,0.0010779425846747027,0.005181778375164476,0.007237683456460238,0.7818314824680298,0.6234898018587336,0.8660254037844387,-0.4999999999999998
2013-05-29,73.5999984741211,73.80000305175781,73.12000274658203,73.54000091552734,65.98941040039062,32090300.0,-0.0047482498994925,84.30000305175781,84.37000274658203,83.4800033569336,83.63999938964844,83.63999938964844,0.0,2.1470000743865967,2.1670000553131104,2.121000051498413,2.124000072479248,2.124000072479248,0.0,15.300000190734863,15.649999618530272,14.59000015258789,14.829999923706056,14.829999923706056,0.0,-0.004748249899492598,0.009239134772738888,-0.004736994782021942,73.76700057983399,73.22650032043457,70.6733999633789,67.82324998855593,73.43718591862357,72.5247992327697,0.9123866858538747,1.0562767023439137,62.27551641971797,46.82754480213791,47.28909506109831,-0.17645887966475815,-60.77569905980854,0.7814300361243173,71.668644130941,74.78435650992813,4.2548972917631795,0.0856778788090945,0.006516995164527559,0.0,-0.008790788541832262,0.0020382797549002023,-0.004677299294415837,0.9749279121818236,-0.22252093395631434,0.8660254037844387,-0.4999999999999998
2013-05-30,73.56999969482422,74.27999877929688,73.55000305175781,73.93000030517578,66.33938598632812,32390500.0,0.005289497244503,83.63999938964844,83.70999908447266,82.9800033569336,83.01000213623047,83.01000213623047,0.0,2.1470000743865967,2.157999992370605,2.094000101089477,2.124000072479248,2.124000072479248,0.0,14.899999618530272,14.979999542236328,14.270000457763672,14.529999732971191,14.529999732971191,0.0,0.005289497244503087,0.009922464735179536,0.0053035113333188555,73.8010009765625,73.35900039672852,70.79339996337892,67.8535499763489,73.51300351655468,72.62888820109607,0.884115315458601,1.0218444249668512,65.3490281144737,49.96903025012612,48.644683446521896,0.4620247101576389,-46.57529951541037,0.7784705952418326,72.07077279886981,74.64722799458723,3.5121187336030184,0.07749418253389398,-0.004748249899492598,0.006516995164527559,-0.0023116572143458414,-0.0010860340280708447,0.01256429569193354,0.43388373911755823,-0.900968867902419,0.8660254037844387,-0.4999999999999998
2013-05-31,73.6500015258789,74.20999908447266,73.16999816894531,73.25,65.72918701171875,38347600.0,-0.0092407043228636,82.95999908447266,83.70999908447266,82.95999908447266,83.37999725341797,83.37999725341797,0.0,2.0920000076293945,2.2109999656677246,2.0840001106262207,2.1640000343322754,2.1640000343322754,0.0,15.020000457763672,16.350000381469727,14.359999656677246,16.299999237060547,16.299999237060547,0.0,-0.009240704322863603,0.014120853957646036,-0.009198140222991036,73.69600067138673,73.41550025939942,70.8866000366211,67.87834997177126,73.47254143708473,72.67489648249637,0.7976449545883639,0.9770045308911538,56.678253636449895,38.34112870247629,45.045901251580105,-1.4131938204987344,-77.62561531735221,0.7971513324050834,72.26423639068041,74.56676412811844,3.1362964623308316,0.07772127257392669,0.005289497244503087,-0.004748249899492598,-0.000544437935135755,0.009601087803441242,0.011716370057209779,-0.433883739117558,-0.9009688679024191,0.8660254037844387,-0.4999999999999998
2013-06-03,73.26000213623047,73.4000015258789,72.43000030517578,73.37999725341797,65.84583282470703,47613100.0,0.001773069746709,83.30999755859375,83.37999725341797,82.43000030517578,82.68000030517578,82.68000030517578,0.0,2.1679999828338623,2.1689999103546143,2.0859999656677246,2.134000062942505,2.134000062942505,0.0,16.399999618530273,17.579999923706055,16.149999618530273,16.280000686645508,16.280000686645508,0.0,0.0017730697467090682,0.013240529517039345,0.0017746425643068164,73.6150001525879,73.46450004577636,70.98740005493164,67.90324995040895,73.45830387036676,72.72712616923131,0.7311777011354508,0.9278391649400133,57.83019430202832,37.832475660910994,42.04754487117113,-1.0917983034547099,-62.30165818450444,0.8094977529978007,72.4164247614588,74.51257533009392,2.8532836503739833,0.07696503792007106,-0.009240704322863603,0.005289497244503087,0.0,-0.001480941907685334,0.0038741897325904433,0.0,1.0,0.49999999999999994,-0.8660254037844387
2013-06-04,73.52999877929688,73.81999969482422,72.69999694824219,73.0,65.5048599243164,35251900.0,-0.0051918061360808,82.70999908447266,82.9800033569336,82.5999984741211,82.7699966430664,82.7699966430664,0.0,2.134999990463257,2.1640000343322754,2.11899995803833,2.13700008392334,2.13700008392334,0.0,16.15999984741211,17.25,15.81999969482422,16.270000457763672,16.270000457763672,0.0,-0.005191806136080834,0.015231915751063217,-0.005178352004421516,73.48800048828124,73.4965000152588,71.07320007324218,67.92624994277955,73.38779558261803,72.74733904558454,0.6404565370334865,0.870362639358708,53.363374774515904,27.563930712757198,34.57917835871483,-1.7099726679265561,-77.38093435987176,0.83167668111096,72.55695310471069,74.43604692580692,2.556711980442756,0.07965891233859929,0.0017730697467090682,-0.009240704322863603,0.006516995164527559,0.0010779425846747027,-0.0005521011523743867,0.7818314824680298,0.6234898018587336,0.49999999999999994,-0.8660254037844387
2013-06-05,72.76000213623047,73.04000091552734,71.98999786376953,72.05000305175781,64.65237426757812,48654200.0,-0.0130995077198031,82.80000305175781,82.88999938964844,82.48999786376953,82.56999969482422,82.56999969482422,0.0,2.1070001125335693,2.128000020980835,2.0840001106262207,2.0999999046325684,2.0999999046325684,0.0,16.860000610351562,17.84000015258789,16.56999969482422,17.5,17.5,0.0,-0.013099507719803121,0.014431047566379453,-0.013014082584456133,73.33100051879883,73.46350021362305,71.13820007324217,67.94449995040894,73.18198134710107,72.6956845275233,0.48629681957777393,0.7935494754025212,44.176610346389396,20.781536793179537,28.725981055615907,-2.1325721763805685,-97.9727970760852,0.8472714218714494,72.37334861629914,74.55365181094696,2.967872737220197,0.09115373769075473,-0.005191806136080834,0.0017730697467090682,-0.004748249899492598,-0.008790788541832262,0.00482467394442239,0.9749279121818236,-0.22252093395631434,0.49999999999999994,-0.8660254037844387
2013-06-06,72.1500015258789,72.41000366210938,71.47000122070312,72.4000015258789,64.9664535522461,62524100.0,0.0048462079876667,82.52999877929688,82.68000030517578,81.08000183105469,81.5199966430664,81.5199966430664,0.0,2.0820000171661377,2.127000093460083,1.9989999532699585,2.075000047683716,2.075000047683716,0.0,17.700000762939453,18.51000022888184,16.600000381469727,16.6299991607666,16.6299991607666,0.0,0.004846207987666712,0.013028446590802746,0.004857969846058241,73.22600097656252,73.45300025939943,71.2068000793457,67.96794996261596,73.06167675922073,72.67378208295705,0.38789467626368435,0.7124185155747539,47.74579611440463,17.12348269142347,21.822983399120066,-1.4295377344987212,-73.27582048977266,0.8538950661239353,72.32485247095406,74.5811480478448,3.0717541406377373,0.09297833070170373,-0.013099507719803121,-0.005191806136080834,0.005289497244503087,-0.0023116572143458414,-0.0013758704625821344,0.43388373911755823,-0.900968867902419,0.49999999999999994,-0.8660254037844387
2013-06-07,72.69999694824219,73.47000122070312,72.5199966430664,73.38999938964844,65.85480499267578,31969800.0,0.013581356810222,81.55999755859375,81.8499984741211,81.08999633789062,81.69000244140625,81.69000244140625,0.0,2.0929999351501465,2.1700000762939453,2.046999931335449,2.1610000133514404,2.1610000133514404,0.0,15.899999618530272,16.209999084472656,14.960000038146973,15.140000343322754,15.140000343322754,0.0,0.01358135681022209,0.013067463789758645,0.013674002379016725,73.22400054931641,73.47000007629394,71.2952000427246,67.99409994125364,73.11218793313269,72.72683521678604,0.38535271634664525,0.6470053557291322,56.263946954319394,27.974603782317363,21.95987442230679,-0.027250063292481103,-44.82757108719005,0.8693311110310984,72.35728028942168,74.5827198631662,3.0290452857405,0.10294930479492331,0.004846207987666712,-0.013099507719803121,-0.009240704322863603,-0.000544437935135755,0.006041559678809663,-0.433883739117558,-0.9009688679024191,0.49999999999999994,-0.8660254037844387
2013-06-10,73.52999877929688,73.76000213623047,73.26000213623047,73.41999816894531,65.88172912597656,25390000.0,0.0004087572799116,81.5999984741211,82.08999633789062,81.5999984741211,81.6500015258789,81.6500015258789,0.0,2.186000108718872,2.2309999465942383,2.174999952316284,2.2149999141693115,2.2149999141693115,0.0,15.15999984741211,15.600000381469728,15.100000381469728,15.4399995803833,15.4399995803833,0.0,0.00040875727991163466,0.006799945713324017,0.0004088408325524373,73.225,73.4840000152588,71.39360000610351,68.02039991378781,73.15954335402694,72.77818062064969,0.38136273337724447,0.5938768312587547,56.4953736966791,45.977024094008286,30.358370189249705,0.013614638792200703,-43.96553614101243,0.84295031738602,72.38176591449678,74.58623411602082,2.9999295099154697,0.102884847896508,0.01358135681022209,0.004846207987666712,0.0017730697467090682,0.0,0.001231007035447803,0.0,1.0,0.49999999999999994,-0.8660254037844387
2013-06-11,72.69000244140625,73.33999633789062,72.44000244140625,72.69000244140625,65.22669219970703,40278900.0,-0.0099923768429046,81.69000244140625,81.75,81.04000091552734,81.05999755859375,81.05999755859375,0.0,2.2690000534057617,2.2690000534057617,2.174000024795532,2.194999933242798,2.194999933242798,0.0,16.90999984741211,17.139999389648438,16.0,17.06999969482422,17.06999969482422,0.0,-0.009992376842904644,0.012381261057321322,-0.009942618916649826,73.10500030517578,73.44250030517578,71.4666000366211,68.04339994430538,73.08730629054683,72.77164890366869,0.3156573868781436,0.5382329423826325,49.61532915073725,50.315450055076084,41.42235931046724,-1.6240316120645417,-60.26054260656923,0.8527392752540945,72.28486551752303,74.60013509282854,3.152492855887071,0.1071338482279003,0.00040875727991163466,0.01358135681022209,-0.005191806136080834,0.006516995164527559,0.005181778375164476,0.7818314824680298,0.6234898018587336,0.49999999999999994,-0.8660254037844387
2013-06-12,73.11000061035156,73.13999938964844,71.73999786376953,71.8499984741211,64.47294616699219,42081900.0,-0.0116230781805901,81.08999633789062,81.30999755859375,80.75,80.95999908447266,80.95999908447266,0.0,2.190000057220459,2.2300000190734863,2.1670000553131104,2.2300000190734863,2.2300000190734863,0.0,16.510000228881836,18.600000381469727,16.43000030517578,18.59000015258789,18.59000015258789,0.0,-0.011623078180590123,0.019149247903038336,-0.011555791153828099,72.93600006103517,73.35150032043457,71.53539993286134,68.06254995346066,72.89695124186595,72.70337850147999,0.19357274038596017,0.4693009019832981,43.10957290989763,36.05056106016442,44.11434506974959,-2.29807236927763,-87.62223807192507,0.8918294360130097,71.99936759633903,74.70363304453011,3.6867213845354905,0.11351157077896783,-0.009992376842904644,0.00040875727991163466,-0.013099507719803121,-0.004748249899492598,0.0020382797549002023,0.9749279121818236,-0.22252093395631434,0.49999999999999994,-0.8660254037844387
2013-06-13,71.75,72.91999816894531,71.55000305175781,72.76000213623047,65.28950500488281,28221500.0,0.0125856071443598,80.9000015258789,80.98999786376953,80.5,80.62000274658203,80.62000274658203,0.0,2.2300000190734863,2.2300000190734863,2.164999961853028,2.174000024795532,2.174000024795532,0.0,18.3799991607666,18.57999992370605,16.3700008392334,16.40999984741211,16.40999984741211,0.0,0.012585607144359886,0.019094008601916377,0.012665139200799702,72.81900024414064,73.31000061035157,71.62199996948243,68.07869997024532,72.87588214869126,72.70757284479484,0.16830930389642162,0.40910258236592284,50.657829366995934,31.378932431391355,39.24831451554395,-1.582575631158765,-57.98042202733163,0.9259841275254733,71.9378878311298,74.68211338957333,3.7433167856992755,0.12369203621780883,-0.011623078180590123,-0.009992376842904644,0.004846207987666712,0.005289497244503087,-0.0010860340280708447,0.43388373911755823,-0.900968867902419,0.49999999999999994,-0.8660254037844387
2013-06-14,72.76000213623047,72.83999633789062,72.16999816894531,72.27999877929688,64.85877990722656,27690700.0,-0.0066190141575806,80.5,81.01000213623047,80.5,80.66999816894531,80.66999816894531,0.0,2.121999979019165,2.1470000743865967,2.0989999771118164,2.125999927520752,2.125999927520752,0.0,16.6299991607666,17.260000228881836,16.030000686645508,17.149999618530273,17.149999618530273,0.0,-0.006619014157580641,0.009208330803658545,-0.006597156734823417,72.72200012207031,73.20900039672851,71.71039993286134,68.09294996261593,72.78420778416904,72.675900691795,0.1083070923740479,0.34894348436754785,47.10738837786569,26.927209273235896,31.452234254930552,-1.3242337484001707,-73.61571208103561,0.9076994161983191,71.84637351419688,74.57162727926014,3.7225665564271804,0.11933018633915567,0.012585607144359886,-0.011623078180590123,0.01358135681022209,-0.009240704322863603,0.009601087803441242,-0.433883739117558,-0.9009688679024191,0.49999999999999994,-0.8660254037844387
2013-06-17,72.8499984741211,73.4000015258789,72.5999984741211,72.9800033569336,65.48692321777344,32441900.0,0.0096381876513969,80.62000274658203,80.87999725341797,80.54000091552734,80.56999969482422,80.56999969482422,0.0,2.117000102996826,2.174999952316284,2.115000009536743,2.1710000038146973,2.1710000038146973,0.0,16.530000686645508,17.6200008392334,16.329999923706055,16.799999237060547,16.799999237060547,0.0,0.009638187651396991,0.010981510892440196,0.009684784564948146,72.68200073242188,73.14850044250488,71.80559997558593,68.11514997482298,72.81433017997898,72.6984268151386,0.11590336484037778,0.30233546046211385,52.352090879397934,40.71354780211618,33.006563168914475,-0.5450993614826602,-46.26322248528422,0.9228639397971556,71.86406390062183,74.43293698438794,3.5118602134369863,0.12556742562322282,-0.006619014157580641,0.012585607144359886,0.00040875727991163466,0.0017730697467090682,-0.001480941907685334,0.0,1.0,0.49999999999999994,-0.8660254037844387
2013-06-18,73.08000183105469,73.72000122070312,73.05999755859375,73.58000183105469,66.0252914428711,24853100.0,0.0081873951233044,80.62999725341797,80.98999786376953,80.55999755859375,80.62000274658203,80.62000274658203,0.0,2.197999954223633,2.2179999351501465,2.1710000038146973,2.181999921798706,2.181999921798706,0.0,16.809999465942383,16.950000762939453,16.459999084472656,16.610000610351562,16.610000610351562,0.0,0.008187395123304422,0.009031248571054529,0.00822100350183419,72.74000091552736,73.1140007019043,71.90360000610352,68.14089998245238,72.93212581860601,72.76372866816942,0.16839715043658998,0.27554779845700905,56.3475645682554,51.736706788456175,39.79248795460275,0.794523056239298,-24.91094506831165,0.909802077223754,71.9227097681948,74.3052916356138,3.258721783168591,0.12946961050015784,0.009638187651396991,-0.006619014157580641,-0.009992376842904644,-0.005191806136080834,0.0010779425846747027,0.7818314824680298,0.6234898018587336,0.49999999999999994,-0.8660254037844387
2013-06-19,73.5999984741211,73.68000030517578,72.68000030517578,72.76000213623047,65.28950500488281,43145100.0,-0.0112065686171206,80.5,81.5,80.5,81.43000030517578,81.43000030517578,0.0,2.174999952316284,2.3289999961853027,2.1670000553131104,2.311000108718872,2.311000108718872,0.0,16.889999389648438,17.18000030517578,15.359999656677246,16.639999389648438,16.639999389648438,0.0,-0.011206568617120627,0.013586956803424604,-0.011144008938225203,72.81100082397462,73.07100067138673,71.9584001159668,68.16155000686643,72.9056452520867,72.76345262876654,0.14219262332015603,0.24887676342963846,50.15733051716488,58.63539817887903,50.36188425648379,0.9854254745313773,-52.919637909767026,0.9162447859934858,71.89462141063983,74.24737993213363,3.219825238297434,0.1317927688765537,0.008187395123304422,0.009638187651396991,-0.011623078180590123,-0.013099507719803121,-0.008790788541832262,0.9749279121818236,-0.22252093395631434,0.49999999999999994,-0.8660254037844387
2013-06-20,71.91999816894531,72.16000366210938,70.79000091552734,71.02999877929688,63.73715591430664,60908400.0,-0.0240636157998559,81.41000366210938,82.1500015258789,81.2699966430664,81.83999633789062,81.83999633789062,0.0,2.4170000553131104,2.447000026702881,2.361999988555908,2.4189999103546143,2.4189999103546143,0.0,18.39999961853028,21.31999969482422,18.010000228881836,20.489999771118164,20.489999771118164,0.0,-0.024063615799855973,0.01904898194468519,-0.023776395462947297,72.67400054931642,72.95000076293945,71.97920013427735,68.16890001296997,72.61708425627288,72.63504863991693,-0.01796438364405617,0.19550853401489957,40.13861137372464,43.363380596504754,51.245161854613315,-1.8922689471109095,-92.07927523240707,0.99151310275846,71.47725861785541,74.4227429080235,4.037675475480552,0.15596737829251828,-0.011206568617120627,0.008187395123304422,0.012585607144359886,0.004846207987666712,-0.0023116572143458414,0.43388373911755823,-0.900968867902419,0.49999999999999994,-0.8660254037844387
2013-06-21,70.77999877929688,70.97000122070312,69.83999633789062,70.43000030517578,63.39867782592773,51558900.0,-0.0053246811404483,81.2699966430664,82.5199966430664,81.2699966430664,82.31999969482422,82.31999969482422,0.0,2.3919999599456787,2.513999938964844,2.384999990463257,2.513999938964844,2.513999938964844,0.0,18.96999931335449,20.93000030517578,18.25,18.89999961853028,18.89999961853028,0.0,-0.005324681140448341,0.015965031114736697,-0.005310530153463278,72.37800064086913,72.80100059509277,71.98900009155274,68.17015001296998,72.28060980225794,72.4717117262324,-0.19110192397445758,0.11818644241702816,37.35198133013406,23.27509821262828,41.75795899600402,-4.033245822441253,-85.17579221994107,1.0056909126618736,70.96582480184547,74.63617638834008,5.041622445422829,0.15643008001805825,-0.024063615799855973,-0.011206568617120627,-0.006619014157580641,0.01358135681022209,-0.000544437935135755,-0.433883739117558,-0.9009688679024191,0.49999999999999994,-0.8660254037844387
2013-06-24,69.8499984741211,70.2699966430664,69.1500015258789,69.7300033569336,62.7685432434082,41492300.0,-0.0099889625325204,82.30999755859375,82.83999633789062,82.30999755859375,82.43000030517578,82.43000030517578,0.0,2.6530001163482666,2.657000064849853,2.5179998874664307,2.5480000972747803,2.5480000972747803,0.0,20.8700008392334,21.90999984741211,18.57999992370605,20.11000061035156,20.11000061035156,0.0,-0.009988962532520478,0.016034289787457186,-0.009939238547681861,72.00900115966797,72.617000579834,72.01240020751952,68.16775003433229,71.88820881066958,72.26862221739545,-0.38041340672586443,0.018466472588449648,34.355294677421135,11.77543850116248,26.137972436765168,-5.025871566382697,-87.41861704416442,1.0252843317072309,70.35145068253756,74.88255047713044,6.239723148040872,0.15880932979431042,-0.005324681140448341,-0.024063615799855973,0.009638187651396991,0.00040875727991163466,0.0,0.0,1.0,0.49999999999999994,-0.8660254037844387
2013-06-25,70.4000015258789,70.5199966430664,69.80999755859375,70.23999786376953,63.227638244628906,28897400.0,0.0072874753436402,82.23999786376953,82.83999633789062,82.23999786376953,82.58000183105469,82.58000183105469,0.0,2.5,2.6080000400543213,2.5,2.58899998664856,2.58899998664856,0.0,18.64999961853028,19.21999931335449,17.81999969482422,18.46999931335449,18.46999931335449,0.0,0.007287475343640295,0.010085214049486375,0.007314093612789341,71.7640007019043,72.43450050354005,72.02780014038085,68.1676000404358,71.63463789576188,72.11835374675648,-0.48371585099459935,-0.08196999212816015,38.242785898098155,17.016586597995705,17.355707770595487,-3.3704835539269813,-76.35583094190739,1.0084778284519154,70.0177217432518,74.8512792638283,6.673004558567057,0.15940641793501847,-0.009988962532520478,-0.005324681140448341,0.008187395123304422,-0.009992376842904644,0.006516995164527559,0.7818314824680298,0.6234898018587336,0.49999999999999994,-0.8660254037844387
2013-06-26,70.83999633789062,71.0,70.58999633789062,70.87000274658203,63.79472732543945,23742300.0,0.0089290235774605,82.69000244140625,83.02999877929688,82.51000213623047,82.94999694824219,82.94999694824219,0.0,2.566999912261963,2.5820000171661377,2.506999969482422,2.5390000343322754,2.5390000343322754,0.0,17.229999542236328,18.059999465942383,17.079999923706055,17.209999084472656,17.209999084472656,0.0,0.008929023577460565,0.005787742565001712,0.008969006221875242,71.66600112915039,72.30100059509277,72.08300018310547,68.16995004653933,71.51700171896499,72.02588330229912,-0.50888158333413,-0.16735231036935416,42.75288826119367,24.51192292712743,17.767982675428534,-1.3639467617971308,-62.689783232545906,0.9907295647218121,69.84666091344312,74.75534027674243,6.789227428247344,0.16403184307623697,0.007287475343640295,-0.009988962532520478,-0.011206568617120627,-0.011623078180590123,-0.004748249899492598,0.9749279121818236,-0.22252093395631434,0.49999999999999994,-0.8660254037844387
2013-06-27,71.23999786376953,71.62000274658203,71.12999725341797,71.16999816894531,64.06477355957031,23545000.0,0.0042241152796806,82.93000030517578,83.16999816894531,82.7699966430664,82.91000366210938,82.91000366210938,0.0,2.497999906539917,2.5220000743865967,2.4660000801086426,2.4830000400543213,2.4830000400543213,0.0,16.600000381469727,16.969999313354492,16.34000015258789,16.860000610351562,16.860000610351562,0.0,0.004224115279680608,0.006878235652127443,0.004233049429825941,71.50700073242187,72.16300048828126,72.16300018310548,68.17415002822878,71.4636165574235,71.96248440353217,-0.4988678461086664,-0.23365541751721663,44.81941210835937,34.92403154144642,25.484180355523183,-2.1852720184204366,-56.182291201207455,0.9735345958131113,69.78513694524094,74.54086403132158,6.590256854484502,0.1634731424466849,0.008929023577460565,0.007287475343640295,-0.024063615799855973,0.012585607144359886,0.005289497244503087,0.43388373911755823,-0.900968867902419,0.49999999999999994,-0.8660254037844387
2013-06-28,70.94999694824219,71.69000244140625,70.79000091552734,71.2699966430664,64.15483093261719,28301100.0,0.0014047366346607,83.0,83.33999633789062,82.76000213623047,83.16999816894531,83.16999816894531,0.0,2.496999979019165,2.5510001182556152,2.477999925613404,2.477999925613404,2.477999925613404,0.0,17.25,17.690000534057617,16.190000534057617,16.860000610351562,16.860000610351562,0.0,0.001404736634660726,0.012685011481190826,0.0014057237393203525,71.40600051879883,72.06400032043457,72.22660018920898,68.17975000381472,71.43382887829165,71.91118901386804,-0.4773601355763901,-0.2823963611290513,45.525315058280505,42.50577284561753,33.98057577139713,-1.3973466426230257,-53.61060702939404,0.9682822336749539,69.71195826685023,74.41604237401891,6.5276477662242485,0.16135224030402767,0.004224115279680608,0.008929023577460565,-0.005324681140448341,-0.006619014157580641,-0.009240704322863603,-0.433883739117558,-0.9009688679024191,0.49999999999999994,-0.8660254037844387
2013-07-01,71.75,72.30000305175781,71.63999938964844,71.70999908447266,64.55084228515625,24942800.0,0.0061537707289334,83.19999694824219,83.2300033569336,82.97000122070312,82.9800033569336,82.9800033569336,0.0,2.5209999084472656,2.532999992370605,2.4730000495910645,2.490000009536743,2.490000009536743,0.0,16.899999618530273,16.899999618530273,16.0,16.3700008392334,16.3700008392334,0.0,0.0061537707289334035,0.00919865731162892,0.006172744075266801,71.27900009155275,71.98050041198731,72.28500015258788,68.18960000991824,71.4763166023195,71.89628605613505,-0.41996945381555406,-0.30991097966635184,48.638755811398966,48.74151918604646,42.057107857703464,-1.7402085695304075,-43.982544211259125,0.9726911033189863,69.70794062610635,74.25306019786827,6.314376179308962,0.1631663085991718,0.001404736634660726,0.004224115279680608,-0.009988962532520478,0.009638187651396991,0.0017730697467090682,0.0,1.0,1.2246467991473532e-16,-1.0
2013-07-02,71.68000030517578,72.18000030517578,71.3499984741211,71.73999786376953,64.5778579711914,23067900.0,0.0004184303934863,82.97000122070312,83.61000061035156,82.97000122070312,83.54000091552734,83.54000091552734,0.0,2.476999998092652,2.494999885559082,2.4600000381469727,2.469000101089477,2.469000101089477,0.0,16.489999771118164,16.93000030517578,15.880000114440918,16.440000534057617,16.440000534057617,0.0,0.0004184303934863118,0.011579266566977898,0.00041851794769476314,71.09499969482422,71.91750030517579,72.33080017089844,68.20449998855592,71.51688295023489,71.88470915299688,-0.3678262027619894,-0.32149402428547935,48.85338852929013,53.02691100764219,48.09140101310206,-2.500684862049808,-43.326115736420256,0.9624990124429651,69.69462451474521,74.14037609560637,6.181738188891421,0.1624653396332686,0.0061537707289334035,0.001404736634660726,0.007287475343640295,0.008187395123304422,-0.005191806136080834,0.7818314824680298,0.6234898018587336,1.2246467991473532e-16,-1.0
2013-07-03,71.4800033569336,72.37000274658203,71.41999816894531,72.02999877929688,64.83892822265625,18847500.0,0.0040345709900467,82.97000122070312,83.72000122070312,82.97000122070312,83.2300033569336,83.2300033569336,0.0,2.4790000915527344,2.500999927520752,2.450999975204468,2.500999927520752,2.500999927520752,0.0,17.219999313354492,17.31999969482422,16.200000762939453,16.200000762939453,16.200000762939453,0.0,0.004034570990046722,0.01329049430639916,0.004042720828264512,71.02199935913087,71.91650009155275,72.38300018310547,68.2236499977112,71.59582384701365,71.89547134753761,-0.2996475005239603,-0.31712471953317556,50.985761263152426,58.57032593821803,53.44625204396889,-1.0033030999185366,-36.98036223766651,0.9616065528139476,69.69385734857771,74.13914283452779,6.181176058750139,0.15641026296929714,0.0004184303934863118,0.0061537707289334035,0.008929023577460565,-0.011206568617120627,-0.013099507719803121,0.9749279121818236,-0.22252093395631434,1.2246467991473532e-16,-1.0
2013-07-04,71.4800033569336,72.37000274658203,71.41999816894531,72.02999877929688,64.83892822265625,18847500.0,0.0,82.97000122070312,83.72000122070312,82.97000122070312,83.2300033569336,83.2300033569336,0.0,2.4790000915527344,2.500999927520752,2.450999975204468,2.500999927520752,2.500999927520752,0.0,17.219999313354492,17.31999969482422,16.200000762939453,16.200000762939453,16.200000762939453,0.0,0.0,0.01329049430639916,0.0,71.12199935913087,71.89799995422365,72.42780014038087,68.23809999465944,71.66261999044184,71.90543634248273,-0.24281635204089014,-0.3022630460347185,50.985761263152426,60.90438659608224,57.50054118064749,1.4078558597574835,-36.98036223766651,0.9607778403012884,69.68616899859705,74.10983090985025,6.152691193175984,0.15542078604868956,0.004034570990046722,0.0004184303934863118,0.004224115279680608,-0.024063615799855973,0.004846207987666712,0.43388373911755823,-0.900968867902419,1.2246467991473532e-16,-1.0
2013-07-05,72.44000244140625,72.61000061035156,71.86000061035156,72.58000183105469,65.33403015136719,28795900.0,0.0076068689272058,83.86000061035156,84.52999877929688,83.83000183105469,84.41999816894531,84.41999816894531,0.0,2.569000005722046,2.7249999046325684,2.5510001182556152,2.7149999141693115,2.7149999141693115,0.0,15.59000015258789,16.280000686645508,14.890000343322754,14.890000343322754,14.890000343322754,0.0,0.007606868927205833,0.01035339556492484,0.0076358746555891255,71.33699951171874,71.85750007629397,72.48800018310546,68.2581500053406,71.80375565822843,71.95540415645102,-0.15164849822259896,-0.2721401364722946,55.10293594494601,67.03133060322304,62.1686810458411,3.0526785695908996,-24.945283714997856,0.9457222802797679,69.73274912966419,73.98225102292376,5.913790333295357,0.14979123032628758,0.0,0.004034570990046722,0.001404736634660726,-0.005324681140448341,0.01358135681022209,-0.433883739117558,-0.9009688679024191,1.2246467991473532e-16,-1.0
2013-07-08,72.95999908447266,72.98999786376953,72.37999725341797,72.6500015258789,65.39704132080078,20558500.0,0.0009639816090162,84.48999786376953,84.58999633789062,84.1500015258789,84.19999694824219,84.19999694824219,0.0,2.7230000495910645,2.7230000495910645,2.6429998874664307,2.6449999809265137,2.6449999809265137,0.0,14.65999984741211,15.270000457763672,14.65999984741211,14.779999732971191,14.779999732971191,0.0,0.0009639816090162156,0.008360754084512903,0.0009644463886218091,71.62899932861328,71.81900024414064,72.53680023193357,68.27905000686647,71.93394733017466,72.00685581344568,-0.0729084832710214,-0.23229380583203998,55.61395746264766,71.77902267470691,66.57157995800407,4.187577840773132,-22.73728602321492,0.9217421609991818,69.7876043125726,73.85039617570868,5.656987495405225,0.1498437976740741,0.007606868927205833,0.0,0.0061537707289334035,-0.009988962532520478,0.00040875727991163466,0.0,1.0,1.2246467991473532e-16,-1.0
2013-07-09,72.98999786376953,73.25,72.6500015258789,73.08999633789062,65.79312896728516,26108600.0,0.0060383921925265,84.08999633789062,84.75,84.08999633789062,84.58000183105469,84.58000183105469,0.0,2.635999917984009,2.651000022888184,2.617000102996826,2.630000114440918,2.630000114440918,0.0,14.329999923706056,14.649999618530272,14.260000228881836,14.350000381469728,14.350000381469728,0.0,0.006038392192526588,0.00822028348652574,0.006056660033615158,71.91399917602538,71.83899993896485,72.58420013427734,68.30114999771118,72.11180102366941,72.08708844488605,0.024712578783365302,-0.18089252890895893,58.789142158174165,82.80496682175627,73.87177336656207,4.057515035306046,-3.9025297965183947,0.8987604690793184,69.76408757388666,73.91391230404304,5.776562499035505,0.14696615723948087,0.0009639816090162156,0.007606868927205833,0.0004184303934863118,0.007287475343640295,-0.009992376842904644,0.7818314824680298,0.6234898018587336,1.2246467991473532e-16,-1.0
2013-07-10,73.0199966430664,73.62000274658203,72.9800033569336,73.51000213623047,66.17115783691406,25598900.0,0.0057292758948212,83.16999816894531,84.75,83.16999816894531,84.04000091552734,84.04000091552734,0.0,2.625,2.690999984741211,2.622999906539917,2.680000066757202,2.680000066757202,0.0,14.460000038146973,14.619999885559082,14.0600004196167,14.210000038146973,14.210000038146973,0.0,0.005729275894821239,0.008764714038222411,0.005745719584439923,72.17799911499023,71.92200012207032,72.64660018920898,68.32315000534058,72.32690888714035,72.19248945905971,0.13441942808063345,-0.11783013751104048,61.61212993296626,90.29977369534816,81.62792106393711,3.7251295150764774,-2.460863094222143,0.8802775348342555,69.71653618707596,74.12746405706467,6.132932708353802,0.14086848846318456,0.006038392192526588,0.0009639816090162156,0.004034570990046722,0.008929023577460565,-0.011623078180590123,0.9749279121818236,-0.22252093395631434,1.2246467991473532e-16,-1.0
2013-07-11,74.30000305175781,75.02999877929688,74.25,74.97000122070312,67.48539733886719,47768900.0,0.0196665529700052,82.27999877929688,84.7300033569336,82.27999877929688,82.75,82.75,0.0,2.586999893188477,2.614000082015991,2.565999984741211,2.5739998817443848,2.5739998817443848,0.0,13.56999969482422,14.199999809265137,13.56999969482422,14.010000228881836,14.010000228881836,0.0,0.01966655297000521,0.010497964296899467,0.019861213630147034,72.55799942016603,72.03250007629396,72.7204002380371,68.35125001907349,72.73353847691924,72.39823107103331,0.3353074058859278,-0.027202628831646827,69.44701988402888,97.5387466632964,90.21449572680027,5.339332794047936,-1.0203671193702357,0.9259717568508378,69.45943323630357,74.60556691628435,7.144183076431053,0.15031797425148216,0.005729275894821239,0.006038392192526588,0.0,0.004224115279680608,0.012585607144359886,0.43388373911755823,-0.900968867902419,1.2246467991473532e-16,-1.0
2013-07-12,75.0199966430664,75.3499984741211,74.81999969482422,75.30000305175781,67.78250122070312,31412600.0,0.0043928287903633,82.41999816894531,83.25,82.41999816894531,82.98999786376953,82.98999786376953,0.0,2.54099988937378,2.6050000190734863,2.5199999809265137,2.6010000705718994,2.6010000705718994,0.0,13.899999618530272,14.039999961853027,13.739999771118164,13.84000015258789,13.84000015258789,0.0,0.004392828790363358,0.00706476676903263,0.0044024914063123255,72.96100006103516,72.18350028991699,72.78400024414061,68.3828500175476,73.12837918074055,72.61317714367956,0.5152020370609875,0.08127830434688005,70.89307124008157,98.53877516285094,95.45909850716515,5.6545623663691735,-0.9024442978548208,0.8976879727398405,69.22385965131451,75.14314092851947,8.200324524899493,0.1473322827876363,0.01966655297000521,0.005729275894821239,0.007606868927205833,0.001404736634660726,-0.006619014157580641,-0.433883739117558,-0.9009688679024191,1.2246467991473532e-16,-1.0
2013-07-15,75.37999725341797,75.5199966430664,75.16999816894531,75.47000122070312,67.93550109863281,19783600.0,0.0022546742529405,82.87000274658203,83.45999908447266,82.87000274658203,83.04000091552734,83.04000091552734,0.0,2.634999990463257,2.63700008392334,2.5429999828338623,2.555999994277954,2.555999994277954,0.0,13.979999542236328,14.109999656677246,13.5,13.789999961853027,13.789999961853027,0.0,0.0022546742529405512,0.004643121343510313,0.0022572179423050454,73.33700027465821,72.30800018310546,72.84540023803712,68.4184500312805,73.48862872535018,72.82479374197762,0.663834983372567,0.19778964015201744,71.63777411184556,99.02102757175341,98.36618313263357,5.243344281459656,-1.0141058675147252,0.8585672942670728,69.01641083303434,75.59958953317658,9.104357309663753,0.14469893286068733,0.004392828790363358,0.01966655297000521,0.0009639816090162156,0.0061537707289334035,0.009638187651396991,0.0,1.0,1.2246467991473532e-16,-1.0
2013-07-16,75.52999877929688,75.58999633789062,75.18000030517578,75.37000274658203,67.84549713134766,31747100.0,-0.0013257227688788,83.12999725341797,83.1500015258789,82.4000015258789,82.43000030517578,82.43000030517578,0.0,2.5209999084472656,2.549999952316284,2.5209999084472656,2.532000064849853,2.532000064849853,0.0,13.779999732971191,14.5600004196167,13.779999732971191,14.420000076293944,14.420000076293944,0.0,-0.0013257227688788997,0.005428254194904417,-0.0013248443866555881,73.70000076293945,72.39750022888184,72.90560028076172,68.45900003433225,73.77807088246277,73.01332774231868,0.7647431401440912,0.3111803401504322,70.4952113242096,97.8334152149391,98.46440598318114,5.059945624344299,-4.583204189813161,0.826526489870485,68.87130268007944,75.92369777768424,9.741213543712052,0.14309145338107768,0.0022546742529405512,0.004392828790363358,0.006038392192526588,0.0004184303934863118,0.008187395123304422,0.7818314824680298,0.6234898018587336,1.2246467991473532e-16,-1.0
2013-07-17,75.5999984741211,75.73999786376953,75.3499984741211,75.55999755859375,68.01652526855469,24631500.0,0.0025176752785967,82.33999633789062,83.11000061035156,82.33999633789062,82.70999908447266,82.70999908447266,0.0,2.5429999828338623,2.553999900817871,2.4609999656677246,2.490999937057495,2.490999937057495,0.0,14.199999809265137,14.4399995803833,13.760000228881836,13.779999732971191,13.779999732971191,0.0,0.0025176752785967815,0.005158722189418292,0.0025208472844693297,74.05300064086914,72.5375,72.96260025024414,68.5022000312805,74.05221344802138,73.20196995093166,0.8502434970897212,0.41899297153829007,71.42764319511956,96.92210596641898,97.92551625103715,4.900734192864488,-3.636372043415137,0.7953459827117674,68.73889051793266,76.33610948206733,10.473505378782932,0.13517994988463342,-0.0013257227688788997,0.0022546742529405512,0.005729275894821239,0.004034570990046722,-0.011206568617120627,0.9749279121818236,-0.22252093395631434,1.2246467991473532e-16,-1.0
2013-07-18,75.55000305175781,75.73999786376953,75.25,75.37000274658203,67.84549713134766,36278800.0,-0.0025176752785967,82.33999633789062,83.02999877929688,82.33999633789062,82.81999969482422,82.81999969482422,0.0,2.4820001125335693,2.5420000553131104,2.4800000190734863,2.5339999198913574,2.5339999198913574,0.0,13.630000114440918,13.800000190734863,13.199999809265137,13.770000457763672,13.770000457763672,0.0,-0.0025176752785967724,0.006485742474872482,-0.0025145085923126143,74.38700103759766,72.75450019836427,73.01780029296874,68.54550004959104,74.25495026318455,73.36256497283168,0.8923852903528768,0.5136714353012074,69.076706644831,94.45076260237295,96.40209459457701,4.636962409952383,-8.428135959652838,0.7735354027873219,68.82489484402306,76.68410555270547,10.802370557497293,0.09591850317154546,0.0025176752785967815,-0.0013257227688788997,0.01966655297000521,0.0,-0.024063615799855973,0.43388373911755823,-0.900968867902419,1.2246467991473532e-16,-1.0
2013-07-19,74.72000122070312,74.73999786376953,74.37000274658203,74.58999633789062,67.14335632324219,37732400.0,-0.0104030388058418,82.80000305175781,82.94000244140625,82.5199966430664,82.58000183105469,82.58000183105469,0.0,2.5350000858306885,2.5350000858306885,2.483999967575073,2.490999937057495,2.490999937057495,0.0,13.890000343322754,13.970000267028809,12.539999961853027,12.539999961853027,12.539999961853027,0.0,-0.01040303880584189,0.004951754699449646,-0.010349114352366517,74.58800048828125,72.96249999999999,73.0486001586914,68.58505002975463,74.30649581313934,73.4534858146879,0.8530099984514408,0.5815391479312542,60.30173878104033,87.24651794152689,92.87312883677293,2.7693503115563773,-26.19593817235135,0.7897114454453703,69.11134816630572,76.81365183369427,10.556523786038786,0.10326341908074585,-0.0025176752785967724,0.0025176752785967815,0.004392828790363358,0.007606868927205833,-0.005324681140448341,-0.433883739117558,-0.9009688679024191,1.2246467991473532e-16,-1.0
2013-07-22,74.87000274658203,74.9800033569336,74.58000183105469,74.80999755859375,67.34140014648438,21135900.0,0.0029452254902249,82.61000061035156,82.61000061035156,82.05000305175781,82.22000122070312,82.22000122070312,0.0,2.4749999046325684,2.49399995803833,2.4649999141693115,2.48799991607666,2.48799991607666,0.0,13.229999542236328,13.369999885559082,12.289999961853027,12.289999961853027,12.289999961853027,0.0,0.0029452254902249384,0.0053426140136901105,0.002949566927943792,74.80400009155274,73.21649971008301,73.08200012207031,68.62325002670288,74.38395762013232,73.55396816608832,0.8299894540439965,0.6312292091538027,61.776612010522626,81.28271316839543,87.65999790409842,2.9731534581529555,-21.527786362809522,0.7618750226191943,69.6000779471151,76.83292147305093,9.878707059987686,0.09143078568489421,-0.01040303880584189,-0.0025176752785967724,0.0022546742529405512,0.0009639816090162156,-0.009988962532520478,0.0,1.0,1.2246467991473532e-16,-1.0
2013-07-23,74.94999694824219,74.95999908447266,74.19999694824219,74.26000213623047,66.8463134765625,24739500.0,-0.007379049885028,82.18000030517578,82.37999725341797,81.93000030517578,82.01000213623047,82.01000213623047,0.0,2.5220000743865967,2.532999992370605,2.496000051498413,2.5160000324249268,2.5160000324249268,0.0,12.149999618530272,13.0600004196167,12.06999969482422,12.65999984741211,12.65999984741211,0.0,-0.007379049885028072,0.01014012231054925,-0.007351891538413757,74.92100067138672,73.41749992370606,73.0968002319336,68.65395002365112,74.36488754568587,73.60626697869145,0.7586205669944235,0.6567074807219269,56.15935862604143,72.67237089499476,80.40053400163902,1.6007741920398761,-34.25916277985487,0.7617412450199996,70.06005046564978,76.77494938176234,9.146183025968663,0.09799321727699593,0.0029452254902249384,-0.01040303880584189,-0.0013257227688788997,0.006038392192526588,0.007287475343640295,0.7818314824680298,0.6234898018587336,1.2246467991473532e-16,-1.0
2013-07-24,74.98999786376953,75.0199966430664,74.33000183105469,74.5,67.06233978271484,24426900.0,0.0032264754860829,82.0199966430664,82.41000366210938,81.94000244140625,82.30000305175781,82.30000305175781,0.0,2.555999994277954,2.625999927520752,2.553999900817871,2.588000059127808,2.588000059127808,0.0,12.6899995803833,13.489999771118164,12.6899995803833,13.18000030517578,13.18000030517578,0.0,0.0032264754860829906,0.009201157909954828,0.003231686160644953,75.02000045776367,73.59899978637695,73.11340026855468,68.68605001449585,74.38567407711882,73.67246942471431,0.7132046524045137,0.6680069150584442,57.95590297289479,70.75144013507168,74.90217473282061,1.3467525982856645,-31.958730452120598,0.7616164780068523,70.43447809986594,76.76352147288796,8.599360577442946,0.09530307429625114,-0.007379049885028072,0.0029452254902249384,0.0025176752785967815,0.005729275894821239,0.008929023577460565,0.9749279121818236,-0.22252093395631434,1.2246467991473532e-16,-1.0
2013-07-25,74.8499984741211,75.05999755859375,74.45999908447266,74.97000122070312,67.48539733886719,23162200.0,0.0062886074401367,81.62000274658203,82.41000366210938,81.62000274658203,81.97000122070312,81.97000122070312,0.0,2.5999999046325684,2.634000062942505,2.588000059127808,2.6070001125335693,2.6070001125335693,0.0,13.470000267028809,13.539999961853027,12.90999984741211,12.970000267028809,12.970000267028809,0.0,0.00628860744013674,0.00801601184171753,0.006308422245973944,75.02000045776367,73.78899993896485,73.14100036621093,68.72445001602173,74.47557056074717,73.76858289108385,0.7069876696633202,0.6758030659794195,61.3004921365106,70.28851472431364,71.23744191812669,0.0,-22.91656259508358,0.7500723348721553,70.78636835416552,76.79163152376418,8.138426018195075,0.09607772029428181,0.0032264754860829906,-0.007379049885028072,-0.0025176752785967724,0.01966655297000521,0.004224115279680608,0.43388373911755823,-0.900968867902419,1.2246467991473532e-16,-1.0
2013-07-26,74.66999816894531,75.37999725341797,74.55000305175781,75.37000274658203,67.84549713134766,20885600.0,0.0053217802744252,81.7699966430664,81.83000183105469,81.55000305175781,81.62000274658203,81.62000274658203,0.0,2.5810000896453857,2.5810000896453857,2.5450000762939453,2.561000108718872,2.561000108718872,0.0,13.40999984741211,13.729999542236328,12.710000038146973,12.720000267028809,12.720000267028809,0.0,0.005321780274425212,0.01111549781723906,0.005335966100522338,75.0270004272461,73.99400024414062,73.16240036010741,68.77290002822876,74.61317551241407,73.88720658408371,0.7259689283303601,0.6858362384496076,63.93032034470175,77.71691358310844,72.91895614749791,0.09296107833635031,-11.97396620347051,0.7557810396427268,71.16041509335157,76.82758539492967,7.65895921680064,0.09643636960245885,0.00628860744013674,0.0032264754860829906,-0.01040303880584189,0.004392828790363358,0.001404736634660726,-0.433883739117558,-0.9009688679024191,1.2246467991473532e-16,-1.0
2013-07-29,75.22000122070312,75.54000091552734,75.02999877929688,75.2300033569336,67.71942901611328,20958400.0,-0.001859893339056,81.5,81.83000183105469,81.5,81.66000366210938,81.66000366210938,0.0,2.562999963760376,2.6040000915527344,2.562999963760376,2.5850000381469727,2.5850000381469727,0.0,13.539999961853027,13.859999656677246,13.380000114440918,13.390000343322754,13.390000343322754,0.0,-0.0018598933390560684,0.006780139962163397,-0.0018581648092328429,75.00300064086913,74.17000045776366,73.18320037841796,68.81895006179809,74.7080721038786,73.98667301170222,0.7213990921763838,0.6929488091949629,62.33372737687853,82.21045752767749,76.73862861169985,-0.31800431944831403,-18.47809861841342,0.7382254036847083,71.50126357042573,76.83873734510159,7.196270381197177,0.09693040736940446,0.005321780274425212,0.00628860744013674,0.0029452254902249384,0.0022546742529405512,0.0061537707289334035,0.0,1.0,1.2246467991473532e-16,-1.0
2013-07-30,75.5,75.94999694824219,75.3499984741211,75.62999725341797,68.07951354980469,24104600.0,0.0053032132770322,81.70999908447266,81.9800033569336,81.58000183105469,81.83000183105469,81.83000183105469,0.0,2.5910000801086426,2.6080000400543213,2.572000026702881,2.602999925613404,2.602999925613404,0.0,13.449999809265137,14.140000343322754,13.350000381469728,13.390000343322754,13.390000343322754,0.0,0.005303213277032223,0.00794699965723303,0.005317300203546038,75.02900009155273,74.3645004272461,73.210400390625,68.87015005111694,74.84990674226927,74.10840073331079,0.7415060089584813,0.7026602491476667,65.0215453599973,83.75407944367262,81.22715018481951,0.34495753928803996,-18.285696847098208,0.7369231313721287,71.88085637275633,76.84814448173587,6.679649672143298,0.09715919863189582,-0.0018598933390560684,0.005321780274425212,-0.007379049885028072,-0.0013257227688788997,0.0004184303934863118,0.7818314824680298,0.6234898018587336,1.2246467991473532e-16,-1.0
2013-07-31,75.77999877929688,76.20999908447266,75.62999725341797,75.7699966430664,68.20553588867188,25007600.0,0.0018493939768962,81.41000366210938,82.19000244140625,81.41000366210938,81.44999694824219,81.44999694824219,0.0,2.6559998989105225,2.70199990272522,2.5899999141693115,2.5929999351501465,2.5929999351501465,0.0,13.550000190734863,13.829999923706056,12.9399995803833,13.449999809265137,13.449999809265137,0.0,0.0018493939768962845,0.00765375878064997,0.0018511051606588946,75.05000000000001,74.55150032043457,73.25340026855469,68.92320001602172,74.9914590346996,74.2314819118112,0.7599771228884009,0.7141236238958136,65.93772024547181,80.44851969107138,82.13768555414049,0.2779236252751469,-21.890645461274218,0.7257144670637401,72.25154794257428,76.85145269829486,6.170103533730967,0.09705283470265498,0.005303213277032223,-0.0018598933390560684,0.0032264754860829906,0.0025176752785967815,0.004034570990046722,0.9749279121818236,-0.22252093395631434,1.2246467991473532e-16,-1.0
2013-08-01,76.29000091552734,76.6500015258789,76.20999908447266,76.54000091552734,68.89867401123047,16880000.0,0.0101111997710527,81.41000366210938,82.41000366210938,81.41000366210938,82.33999633789062,82.33999633789062,0.0,2.6010000705718994,2.7230000495910645,2.5989999771118164,2.7230000495910645,2.7230000495910645,0.0,12.890000343322754,13.25,12.81999969482422,12.9399995803833,12.9399995803833,0.0,0.010111199771052725,0.0057674981796558885,0.010162490676562719,75.16699981689453,74.7770004272461,73.3152003479004,68.98010000228882,75.22969624713464,74.40248331949388,0.8272129276407583,0.7367414846448026,70.51247450007341,85.11128174994036,83.10462696156145,1.5523392945588965,-4.489812441806517,0.7367352110457944,72.63933726150422,76.91466359298796,5.717434915891547,0.10014284746597789,0.0018493939768962845,0.005303213277032223,0.00628860744013674,-0.0025176752785967724,0.0,0.43388373911755823,-0.900968867902419,-0.4999999999999997,-0.8660254037844388
2013-08-02,76.55000305175781,76.98999786376953,76.37999725341797,76.97000122070312,69.28575897216797,18105300.0,0.0056024541266862,81.61000061035156,82.48999786376953,81.61000061035156,81.91000366210938,81.91000366210938,0.0,2.736999988555908,2.736999988555908,2.5980000495910645,2.601999998092652,2.601999998092652,0.0,12.65999984741211,12.739999771118164,11.979999542236328,11.979999542236328,11.979999542236328,0.0,0.005602454126686267,0.007968655598081718,0.005618177221732967,75.40500030517578,74.99650039672852,73.38640029907226,69.03820001602173,75.49743547383748,74.59266983069458,0.904765643142909,0.770346316344424,72.71620812611314,90.96760559139136,85.5091356774677,3.190782946323182,-0.7167253227451598,0.7276827395676351,72.90771011400571,77.08529067945133,5.570367341604459,0.09917766562034586,0.010111199771052725,0.0018493939768962845,0.005321780274425212,-0.01040303880584189,0.007606868927205833,-0.433883739117558,-0.9009688679024191,-0.4999999999999997,-0.8660254037844388
2013-08-05,76.93000030517578,77.08000183105469,76.77999877929688,77.0199966430664,69.33074188232422,15462800.0,0.000649026796348,81.75,82.48999786376953,81.75,81.87999725341797,81.87999725341797,0.0,2.617000102996826,2.6610000133514404,2.617000102996826,2.640000104904175,2.640000104904175,0.0,12.289999961853027,12.420000076293944,11.829999923706056,11.84000015258789,11.84000015258789,0.0,0.0006490267963480226,0.0038996886853986997,0.0006492374598121575,75.62600021362304,75.21500015258789,73.45860015869141,69.09655000686645,75.73167565371885,74.7724718167962,0.9592038369226543,0.8081178204600701,72.96915340510337,97.56998409868649,91.21629048000607,2.9541493872416043,-2.0835099393888057,0.6971341904383621,73.24907461689251,77.18092568828327,5.227482634333906,0.09926700002454897,0.005602454126686267,0.010111199771052725,-0.0018598933390560684,0.0029452254902249384,0.0009639816090162156,0.0,1.0,-0.4999999999999997,-0.8660254037844388
2013-08-06,76.91999816894531,76.98999786376953,76.25,76.55999755859375,68.91668701171875,23675400.0,-0.0059900731894239,81.51000213623047,82.08999633789062,81.51000213623047,81.5999984741211,81.5999984741211,0.0,2.634999990463257,2.664999961853028,2.632999897003174,2.6419999599456787,2.6419999599456787,0.0,12.1899995803833,12.93000030517578,12.0600004196167,12.720000267028809,12.720000267028809,0.0,-0.005990073189423907,0.009620357272295002,-0.005972168469050132,75.85599975585939,75.38850021362305,73.51200012207032,69.1526000022888,75.85910979293038,74.90488113100344,0.9542286619269476,0.8373399887534456,66.83004874938553,93.0480304816467,93.86187339057484,3.097219709398775,-18.055673292925867,0.7023386513403652,73.60852791090403,77.16847251634206,4.722132149267423,0.10335448285851469,0.0006490267963480226,0.005602454126686267,0.005303213277032223,-0.007379049885028072,0.006038392192526588,0.7818314824680298,0.6234898018587336,-0.4999999999999997,-0.8660254037844388
2013-08-07,76.33999633789062,76.56999969482422,75.87000274658203,76.41999816894531,68.7906723022461,20281200.0,-0.0018301817023429,81.2300033569336,81.95999908447266,81.2300033569336,81.29000091552734,81.29000091552734,0.0,2.6419999599456787,2.6419999599456787,2.586999893188477,2.5999999046325684,2.5999999046325684,0.0,13.170000076293944,13.90999984741211,12.960000038146973,12.979999542236328,12.979999542236328,0.0,-0.0018301817023429214,0.009169465310738438,-0.001828507941062596,76.04799957275391,75.53400001525878,73.56960006713868,69.20995000839233,75.94540031231729,75.01711202270283,0.9282882896144571,0.855529648925648,65.03664643077443,85.6480205993303,92.08867839322116,2.5771787502621644,-22.9167549696944,0.7021713868333526,73.93391706989765,77.13408296061992,4.236722390017479,0.10352954393578358,-0.005990073189423907,0.0006490267963480226,0.0018493939768962845,0.0032264754860829906,0.005729275894821239,0.9749279121818236,-0.22252093395631434,-0.4999999999999997,-0.8660254037844388
2013-08-08,76.83999633789062,76.9800033569336,76.30000305175781,76.80000305175781,69.1327133178711,19994000.0,0.0049598799403393,81.26000213623047,81.36000061035156,80.87000274658203,81.01000213623047,81.01000213623047,0.0,2.5989999771118164,2.611999988555908,2.575000047683716,2.586999893188477,2.586999893188477,0.0,12.5,13.130000114440918,12.369999885559082,12.729999542236328,12.729999542236328,0.0,0.004959879940339349,0.00884956191545868,0.004972200505937385,76.23099975585937,75.62550010681153,73.62700012207031,69.26460000991821,76.0768776568466,75.14917802485506,0.927699631991544,0.8699636455388273,67.57978246581486,83.10180279461422,87.26595129186373,2.440978793194055,-9.722163353537061,0.700587738143526,73.95353407119259,77.29746614243047,4.42169911804218,0.08080010496659697,-0.0018301817023429214,-0.005990073189423907,0.010111199771052725,0.00628860744013674,0.01966655297000521,0.43388373911755823,-0.900968867902419,-0.4999999999999997,-0.8660254037844388
2013-08-09,76.66999816894531,76.94000244140625,76.2699966430664,76.48999786376953,68.85367584228516,18558500.0,-0.0040444257965491,80.87000274658203,81.36000061035156,80.87000274658203,81.12999725341797,81.12999725341797,0.0,2.586999893188477,2.611000061035156,2.57699990272522,2.5799999237060547,2.5799999237060547,0.0,12.880000114440918,13.65999984741211,12.710000038146973,13.40999984741211,13.40999984741211,0.0,-0.004044425796549136,0.008738826325043858,-0.004036258121432712,76.34299926757812,75.68499984741212,73.69180007934571,69.32120000839232,76.14043461175783,75.2484980129228,0.8919365988350307,0.8743582361980681,63.52062639407861,82.2916225151528,83.6804819696991,1.4859958556101962,-20.48621413131013,0.6984033138718344,73.97748776552177,77.39251192930246,4.512154549336971,0.0819288644815628,0.004959879940339349,-0.0018301817023429214,0.005602454126686267,0.005321780274425212,0.004392828790363358,-0.433883739117558,-0.9009688679024191,-0.4999999999999997,-0.8660254037844388
2013-08-12,76.19999694824219,76.80999755859375,76.19000244140625,76.66999816894531,69.01570129394531,20515900.0,0.002350420805807,81.06999969482422,81.51000213623047,81.06999969482422,81.33000183105469,81.33000183105469,0.0,2.5910000801086426,2.6070001125335693,2.552000045776367,2.6050000190734863,2.6050000190734863,0.0,13.520000457763672,13.56999969482422,12.800000190734863,12.8100004196167,12.8100004196167,0.0,0.0023504208058070107,0.008136419186586362,0.0023531852102027795,76.4869987487793,75.74499969482422,73.75760009765627,69.37655000686644,76.2219059282482,75.35379432077632,0.8681116074718886,0.8731089104528322,64.84113949598225,84.96079947948274,83.45140826308325,1.9141230197472818,-14.909224076704541,0.6928027283943821,73.98574830967532,77.50425107997312,4.64519477783855,0.0819523619279006,-0.004044425796549136,0.004959879940339349,0.0006490267963480226,-0.0018598933390560684,0.0022546742529405512,0.0,1.0,-0.4999999999999997,-0.8660254037844388
2013-08-13,76.7699966430664,77.2699966430664,76.22000122070312,77.0999984741211,69.40274810791016,23917000.0,0.0055924311301975,81.51000213623047,81.87999725341797,81.4000015258789,81.7300033569336,81.7300033569336,0.0,2.6670000553131104,2.727999925613404,2.6670000553131104,2.7149999141693115,2.7149999141693115,0.0,12.859999656677246,13.369999885559082,12.289999961853027,12.3100004196167,12.3100004196167,0.0,0.0055924311301975,0.013677158633275947,0.005608097964785896,76.63399887084961,75.83149948120118,73.83960006713869,69.43344999313352,76.35699708915172,75.48314277657963,0.8738543125720923,0.8732579908766842,67.83643533533773,86.18493321127168,84.47911840196906,1.9436748302099016,-6.049762158170246,0.7183164922493035,73.98207052002681,77.68092844237555,4.877732799238254,0.08325382977966217,0.0023504208058070107,-0.004044425796549136,-0.005990073189423907,0.005303213277032223,-0.0013257227688788997,0.7818314824680298,0.6234898018587336,-0.4999999999999997,-0.8660254037844388
2013-08-14,77.06999969482422,77.18000030517578,76.69999694824219,76.80999755859375,69.14168548583984,29921000.0,-0.0037686527604499,81.7699966430664,81.8499984741211,81.61000061035156,81.69999694824219,81.69999694824219,0.0,2.719000101089477,2.720999956130981,2.697000026702881,2.711999893188477,2.711999893188477,0.0,12.479999542236328,13.09000015258789,12.350000381469728,13.039999961853027,13.039999961853027,0.0,-0.0037686527604499248,0.006228147902352065,-0.0037615603011050824,76.73799896240234,75.89399948120118,73.9347999572754,69.49664999008178,76.42668946906588,75.58142831598809,0.8452611530777858,0.8676586233169046,63.8835924643875,87.37641429063163,86.17404899379535,1.3725761668256753,-16.911770893230294,0.7012941254410385,73.99927213044862,77.78872683195374,4.9930886860742705,0.08484400922032759,0.0055924311301975,0.0023504208058070107,-0.0018301817023429214,0.0018493939768962845,0.0025176752785967815,0.9749279121818236,-0.22252093395631434,-0.4999999999999997,-0.8660254037844388
2013-08-15,75.94999694824219,75.98999786376953,75.29000091552734,75.51000213623047,67.97151947021484,39406600.0,-0.0170690259436118,81.69000244140625,81.94000244140625,81.11000061035156,81.12999725341797,81.12999725341797,0.0,2.755000114440918,2.821000099182129,2.734999895095825,2.755000114440918,2.755000114440918,0.0,14.140000343322754,14.850000381469728,13.90999984741211,14.729999542236328,14.729999542236328,0.0,-0.017069025943611853,0.009216550050939645,-0.016924175443548406,76.63499908447265,75.9009994506836,73.99699996948243,69.55840000152587,76.28566064862966,75.57613748785789,0.7095231607717665,0.8360315308078771,49.85831990625933,66.15573622543945,79.90569457578093,-1.3456999829848755,-78.57125827228109,0.7597728766999934,74.01340214044892,77.78859676091828,4.973840460325273,0.10561681559071283,-0.0037686527604499248,0.0055924311301975,0.004959879940339349,0.010111199771052725,-0.0025176752785967724,0.43388373911755823,-0.900968867902419,-0.4999999999999997,-0.8660254037844388
2013-08-16,75.5199966430664,75.87000274658203,75.3499984741211,75.4800033569336,67.94449615478516,23825000.0,-0.0003976472627086,81.05000305175781,81.94000244140625,81.05000305175781,81.26000213623047,81.26000213623047,0.0,2.799000024795532,2.864000082015991,2.7669999599456787,2.8289999961853027,2.8289999961853027,0.0,14.5600004196167,14.880000114440918,13.619999885559082,14.369999885559082,14.369999885559082,0.0,-0.00039764726270863533,0.006885650100312601,-0.0003975682115143764,76.4859992980957,75.94549980163575,74.03880004882814,69.61865001678464,76.16171337298411,75.56901644112276,0.5926969318613544,0.7873646110185726,49.58777271816784,38.0376914801162,63.856613998729095,-1.9358163442106804,-90.40389639413999,0.7426465478257751,74.14823491759799,77.7427646856735,4.733038530873026,0.09813568883690976,-0.017069025943611853,-0.0037686527604499248,-0.004044425796549136,0.005602454126686267,-0.01040303880584189,-0.433883739117558,-0.9009688679024191,-0.4999999999999997,-0.8660254037844388
2013-08-19,75.48999786376953,76.12999725341797,75.33000183105469,75.3499984741211,67.82746124267578,29586900.0,-0.0017239928382837,81.13999938964844,81.38999938964844,81.13999938964844,81.2300033569336,81.2300033569336,0.0,2.845999956130981,2.8989999294281006,2.8359999656677246,2.884000062942505,2.884000062942505,0.0,14.9399995803833,15.199999809265137,14.350000381469728,15.100000381469728,15.100000381469728,0.0,-0.0017239928382837162,0.010597369784099954,-0.0017225076162571407,76.31899948120119,75.97249984741211,74.07740005493166,69.67830001831052,76.03683415777442,75.55279288801152,0.48404126976289774,0.7266999427674377,48.362989333251754,11.351677199699274,38.515034968418306,-2.1682656994709846,-96.96981373448108,0.7467428960070255,74.23172316118038,77.71327653364384,4.582649484295001,0.09805090916272252,-0.00039764726270863533,-0.017069025943611853,0.0023504208058070107,0.0006490267963480226,0.0029452254902249384,0.0,1.0,-0.4999999999999997,-0.8660254037844388
2013-08-20,75.48999786376953,76.02999877929688,75.43000030517578,75.68000030517578,68.12454986572266,18842800.0,0.004370499465539,80.75,81.38999938964844,80.75,80.91000366210938,80.91000366210938,0.0,2.811000108718872,2.838000059127808,2.811000108718872,2.813999891281128,2.813999891281128,0.0,15.220000267028809,15.25,14.289999961853027,14.90999984741211,14.90999984741211,0.0,0.004370499465539095,0.007948052604318,0.004380064027222463,76.23099975585937,76.04349975585937,74.13720001220703,69.74180002212522,75.98193664199,75.56221565965332,0.41972098233668476,0.6653041506812871,51.62895435231153,10.774423748275675,20.054597476030384,-1.149421736520406,-80.30301862655189,0.741975568090508,74.49118201029148,77.59581750142726,4.0827098977602745,0.0945595754618417,-0.0017239928382837162,-0.00039764726270863533,0.0055924311301975,-0.005990073189423907,-0.007379049885028072,0.7818314824680298,0.6234898018587336,-0.4999999999999997,-0.8660254037844388
2013-08-21,75.44000244140625,76.08999633789062,75.13999938964844,75.41999816894531,67.89046478271484,30705100.0,-0.0034420510813055,80.94999694824219,81.41000366210938,80.9000015258789,81.31999969482422,81.31999969482422,0.0,2.818000078201294,2.884000062942505,2.811000108718872,2.8550000190734863,2.8550000190734863,0.0,16.0,16.559999465942383,14.670000076293944,15.9399995803833,15.9399995803833,0.0,-0.003442051081305553,0.012592748111057444,-0.003436134014378145,76.13099975585938,76.08949966430663,74.20860000610351,69.80770000457761,75.8954845692139,75.55168103071199,0.34380353850191625,0.601004028245413,48.99937531091027,11.957555728619734,11.361218892198227,-1.3085580004716209,-86.85450045310782,0.7568342381013423,74.68199554848748,77.49700378012578,3.699601448370168,0.0953866829753879,0.004370499465539095,-0.0017239928382837162,-0.0037686527604499248,-0.0018301817023429214,0.0032264754860829906,0.9749279121818236,-0.22252093395631434,-0.4999999999999997,-0.8660254037844388
2013-08-22,75.75,76.20999908447266,75.70999908447266,76.16000366210938,68.55663299560547,17269500.0,0.0097645683464545,81.37999725341797,81.72000122070312,81.37999725341797,81.48999786376953,81.48999786376953,0.0,2.91599988937378,2.9200000762939453,2.872999906539917,2.901000022888184,2.901000022888184,0.0,15.260000228881836,15.260000228881836,14.65999984741211,14.760000228881836,14.760000228881836,0.0,0.009764568346454568,0.006600660066006601,0.009812397293533337,76.06699981689454,76.14899978637695,74.2766000366211,69.87835002899169,75.93617981427475,75.59674196637106,0.3394378479036959,0.5486907921770696,55.886077284318056,26.91002239962481,16.54733395884007,-0.8333325054910777,-52.11241372146584,0.7592032864889139,74.843871361224,77.45412821152989,3.427828149586362,0.0988641125298642,-0.003442051081305553,0.004370499465539095,-0.017069025943611853,0.004959879940339349,0.00628860744013674,0.43388373911755823,-0.900968867902419,-0.4999999999999997,-0.8660254037844388
2013-08-23,76.69999694824219,76.7699966430664,76.4000015258789,76.66999816894531,69.01570129394531,20697300.0,0.0066738709441686,81.41999816894531,81.66000366210938,81.22000122070312,81.33999633789062,81.33999633789062,0.0,2.9100000858306885,2.91599988937378,2.803999900817871,2.818000078201294,2.818000078201294,0.0,14.289999961853027,14.81999969482422,13.979999542236328,13.979999542236328,13.979999542236328,0.0,0.006673870944168671,0.004823926100507877,0.006696190846613881,76.08499984741212,76.21399955749511,74.36440002441408,69.9502000236511,76.04907494576253,75.676242425821,0.3728325199415252,0.5135191377299607,59.904424689097475,44.28803568507634,27.718537937773625,0.23532528461612195,-28.168978770197327,0.7485454075223508,74.94318841985219,77.48481069513804,3.334849620860627,0.09979867624229805,0.009764568346454568,-0.003442051081305553,-0.00039764726270863533,-0.004044425796549136,0.005321780274425212,-0.433883739117558,-0.9009688679024191,-0.4999999999999997,-0.8660254037844388
2013-08-26,76.7300033569336,77.27999877929688,76.55000305175781,76.70999908447266,69.05168914794922,27525500.0,0.0005213085393117,81.33999633789062,81.51000213623047,81.2699966430664,81.37000274658203,81.37000274658203,0.0,2.8239998817443848,2.8289999961853027,2.7839999198913574,2.805000066757202,2.805000066757202,0.0,14.369999885559082,15.010000228881836,13.899999618530272,14.989999771118164,14.989999771118164,0.0,0.0005213085393117338,0.009513823740411678,0.0005214444442234178,76.08899993896486,76.28799934387207,74.43899993896486,70.01485002517698,76.15075558248715,75.75281699312853,0.3979385893586169,0.490403028055692,60.21057071710488,64.36103338448527,45.18636382306214,0.05217284007128862,-26.635507354881028,0.7472204303806873,75.08805968387479,77.48793900386936,3.1458149913946345,0.09929617918963951,0.006673870944168671,0.009764568346454568,-0.0017239928382837162,0.0023504208058070107,-0.0018598933390560684,0.0,1.0,-0.4999999999999997,-0.8660254037844388
2013-08-27,75.80000305175781,76.18000030517578,74.95999908447266,75.13999938964844,67.63846588134766,40068900.0,-0.0206784991038133,81.11000061035156,81.56999969482422,81.11000061035156,81.16999816894531,81.16999816894531,0.0,2.763000011444092,2.765000104904175,2.7070000171661377,2.720999956130981,2.720999956130981,0.0,16.559999465942383,17.1299991607666,15.81999969482422,16.770000457763672,16.770000457763672,0.0,-0.020678499103813384,0.01609500226365536,-0.020466165043024676,75.89300003051758,76.2634994506836,74.47019989013673,70.07155002593993,75.99525462974273,75.70742309657446,0.2878315331682728,0.4498887290782082,45.519742091524904,50.984716246428704,53.21126177199677,-2.542151910846713,-92.24136513563552,0.8188475424963525,74.98928188768608,77.53771701368112,3.3416183945807623,0.1240231422897306,0.0005213085393117338,0.006673870944168671,0.004370499465539095,0.0055924311301975,0.005303213277032223,0.7818314824680298,0.6234898018587336,-0.4999999999999997,-0.8660254037844388
2013-08-28,75.05000305175781,75.75,75.05000305175781,75.43000030517578,67.89948272705078,20490400.0,0.0038515732465587,81.12999725341797,81.5999984741211,81.11000061035156,81.41999816894531,81.41999816894531,0.0,2.750999927520752,2.7950000762939453,2.744999885559082,2.782000064849853,2.782000064849853,0.0,16.959999084472656,17.110000610351562,16.100000381469727,16.489999771118164,16.489999771118164,0.0,0.0038515732465587344,0.00932707421423339,0.0038590000867406715,75.75500030517578,76.24649963378907,74.52359985351563,70.12905002593993,75.9082924259632,75.68687326017455,0.22141916578864596,0.4041948164202958,48.04156228137976,33.79393449350163,49.713228041471865,-1.7966375436547195,-79.74132402897855,0.8103582143353408,74.93600432214534,77.5569949454328,3.4375225562826515,0.12469054254253178,-0.020678499103813384,0.0005213085393117338,-0.003442051081305553,-0.0037686527604499248,0.0018493939768962845,0.9749279121818236,-0.22252093395631434,-0.4999999999999997,-0.8660254037844388
2013-08-29,75.41000366210938,76.33999633789062,75.30000305175781,75.95999908447266,68.37660217285156,27287900.0,0.0070022762343757,81.11000061035156,82.06999969482422,81.11000061035156,81.94999694824219,81.94999694824219,0.0,2.7980000972747803,2.8299999237060547,2.743000030517578,2.750999927520752,2.750999927520752,0.0,16.790000915527344,16.979999542236328,15.989999771118164,16.809999465942383,16.809999465942383,0.0,0.007002276234375744,0.013791184665534887,0.007026849493371845,75.8,76.21749954223634,74.62219985961914,70.1892000198364,75.91624729650312,75.70710480271515,0.20914249378796512,0.3651843518938297,52.37991915869614,23.70692159371057,36.16185744454697,0.5959434982273354,-56.8965460542542,0.8267607194637318,74.90868249700922,77.52631658746346,3.434426616165301,0.12172558432847873,0.0038515732465587344,-0.020678499103813384,0.009764568346454568,-0.017069025943611853,0.010111199771052725,0.43388373911755823,-0.900968867902419,-0.4999999999999997,-0.8660254037844388
2013-08-30,76.04000091552734,76.04000091552734,75.19999694824219,75.47000122070312,67.93550109863281,26228500.0,-0.0064719508143437,81.37999725341797,82.26000213623047,81.37999725341797,82.08999633789062,82.08999633789062,0.0,2.7690000534057617,2.7839999198913574,2.74399995803833,2.749000072479248,2.749000072479248,0.0,16.75,17.809999465942383,16.700000762939453,17.010000228881836,17.010000228881836,0.0,-0.0064719508143437155,0.011046869505147884,-0.006451052848512107,75.79899978637695,76.14249954223632,74.72299987792968,70.24205001831052,75.84759405407235,75.68954157441797,0.15805247965437275,0.3237579774459383,48.359639660330885,28.448327836003074,28.649727974405092,-0.013251372265009251,-78.01714640875802,0.8277066657366907,74.84336989516568,77.44162918930697,3.4123640670609046,0.12139963198096237,0.007002276234375744,0.0038515732465587344,0.006673870944168671,-0.00039764726270863533,0.005602454126686267,-0.433883739117558,-0.9009688679024191,-0.4999999999999997,-0.8660254037844388
2013-09-02,76.04000091552734,76.04000091552734,75.19999694824219,75.47000122070312,67.93550109863281,26228500.0,0.0,81.37999725341797,82.26000213623047,81.37999725341797,82.08999633789062,82.08999633789062,0.0,2.7690000534057617,2.7839999198913574,2.74399995803833,2.749000072479248,2.749000072479248,0.0,16.75,17.809999465942383,16.700000762939453,17.010000228881836,17.010000228881836,0.0,0.0,0.011046869505147884,0.0,75.81100006103516,76.06499977111815,74.83779983520508,70.29350002288815,75.78950284893862,75.67327932599466,0.11622352294396876,0.2822510865455444,48.35963966033088,29.023053709409915,27.05943437970785,0.15926044991659305,-78.01714640875802,0.828585044418724,74.80184721713212,77.32815232510418,3.3212451397801765,0.12130565938241804,-0.0064719508143437155,0.007002276234375744,0.0005213085393117338,-0.0017239928382837162,0.0006490267963480226,0.0,1.0,-0.8660254037844384,-0.5000000000000004
2013-09-03,76.08999633789062,76.44000244140625,75.54000091552734,75.9000015258789,68.32257080078125,27241500.0,0.0056814357920694,82.0199966430664,82.5199966430664,82.0199966430664,82.36000061035156,82.36000061035156,0.0,2.836999893188477,2.9110000133514404,2.8320000171661377,2.8480000495910645,2.8480000495910645,0.0,16.469999313354492,17.3700008392334,16.110000610351562,16.610000610351562,16.610000610351562,0.0,0.005681435792069466,0.01182811892751704,0.0056976057567672544,75.83300018310548,76.03199996948241,74.95099990844727,70.34820003509519,75.80650264539098,75.69007356302312,0.11642908236785843,0.24908668571000725,52.10125791243027,28.16101970817562,28.5441337511962,0.2906992862261908,-59.4826480579571,0.8386861998676098,74.78897266718558,77.27502727177925,3.2697477451487846,0.12203136066710525,0.0,-0.0064719508143437155,-0.020678499103813384,0.004370499465539095,-0.005990073189423907,0.7818314824680298,0.6234898018587336,-0.8660254037844384,-0.5000000000000004
2013-09-04,76.16000366210938,76.83999633789062,75.93000030517578,76.70999908447266,69.05168914794922,27142900.0,0.0106151646451531,82.08000183105469,82.5199966430664,82.08000183105469,82.16999816894531,82.16999816894531,0.0,2.874000072479248,2.907999992370605,2.8489999771118164,2.8970000743865967,2.8970000743865967,0.0,16.8799991607666,17.010000228881836,15.770000457763672,15.880000114440918,15.880000114440918,0.0,0.010615164645153111,0.011948476745774882,0.010671705391384734,75.96200027465822,76.04650001525879,75.06779983520508,70.40415004730221,75.94550209755738,75.76562360164901,0.17987849590836902,0.23524504774967964,58.23939548090746,45.97708331278,34.38705224345517,1.7104228942536759,-24.568955594944864,0.8459225293064748,74.7779127095228,77.31508732099478,3.336346328842086,0.12799196825411743,0.005681435792069466,0.0,0.0038515732465587344,-0.003442051081305553,-0.0018301817023429214,0.9749279121818236,-0.22252093395631434,-0.8660254037844384,-0.5000000000000004
2013-09-05,76.76000213623047,77.05999755859375,76.7300033569336,76.83999633789062,69.16871643066406,17809700.0,0.001693343471085,82.19999694824219,82.66999816894531,82.0999984741211,82.62999725341797,82.62999725341797,0.0,2.8980000019073486,2.983999967575073,2.8980000019073486,2.9790000915527344,2.9790000915527344,0.0,16.1200008392334,16.1200008392334,15.630000114440918,15.770000457763672,15.770000457763672,0.0,0.0016933434710850652,0.004299038463736572,0.0016947779867355628,76.02999954223633,76.04849967956542,75.18119979858399,70.45880001068112,76.08311659607018,75.84520676729653,0.23790982877365252,0.23577800395447424,59.14429502288211,65.66092379264268,46.59967560453276,0.8928474830412272,-18.96562496917,0.8104993825075191,74.77479559609581,77.32220376303503,3.3497152181474537,0.12689770493316474,0.010615164645153111,0.005681435792069466,0.007002276234375744,0.009764568346454568,0.004959879940339349,0.43388373911755823,-0.900968867902419,-0.8660254037844384,-0.5000000000000004
2013-09-06,77.0999984741211,77.33999633789062,76.05000305175781,76.93000030517578,69.24974822998047,27715100.0,0.0011708236870244,82.62999725341797,82.62999725341797,82.04000091552734,82.1500015258789,82.1500015258789,0.0,2.9570000171661377,2.9719998836517334,2.864000082015991,2.937999963760376,2.937999963760376,0.0,15.350000381469728,16.809999465942383,15.170000076293944,15.850000381469728,15.850000381469728,0.0,0.0011708236870244745,0.01673143076086835,0.00117150936865551,76.05599975585938,76.07049980163573,75.29439987182617,70.51444999694822,76.21340639747105,75.92556184417647,0.28784455329457614,0.24619131382249462,59.79388286074231,79.74622516404156,63.79474408982141,0.33911848498749664,-17.226743943760404,0.8447489470521828,74.75033453789447,77.390665065377,3.470899408269359,0.12602626728286306,0.0016933434710850652,0.010615164645153111,-0.0064719508143437155,0.006673870944168671,-0.004044425796549136,-0.433883739117558,-0.9009688679024191,-0.8660254037844384,-0.5000000000000004
2013-09-09,77.26000213623047,77.95999908447266,77.2300033569336,77.83000183105469,70.05986785888672,25161900.0,0.0116306222613542,81.69999694824219,82.62999725341797,81.69999694824219,81.79000091552734,81.79000091552734,0.0,2.9049999713897705,2.9119999408721924,2.875,2.8970000743865967,2.8970000743865967,0.0,15.859999656677246,16.020000457763672,15.220000267028809,15.630000114440918,15.630000114440918,0.0,0.011630622261354284,0.009448559504980091,0.011698520927698075,76.16800003051758,76.1284999847412,75.41679992675782,70.57525001525877,76.46211338725314,76.0666314728341,0.3954819144190367,0.27604943394180304,65.67155761682696,86.49146310215687,77.29953735294703,1.4600479206741874,-4.3332417805989625,0.8579810779268037,74.61035421742707,77.64664575205532,3.9883769353616927,0.13219591856579688,0.0011708236870244745,0.0016933434710850652,0.0,0.0005213085393117338,0.0023504208058070107,0.0,1.0,-0.8660254037844384,-0.5000000000000004
2013-09-10,78.27999877929688,78.31999969482422,77.91999816894531,78.20999908447266,70.40196228027344,27619400.0,0.0048710044208411,81.69999694824219,82.30999755859375,81.69999694824219,81.81999969482422,81.81999969482422,0.0,2.9489998817443848,2.9660000801086426,2.924999952316284,2.9590001106262207,2.9590001106262207,0.0,14.890000343322754,15.09000015258789,14.5,14.529999732971191,14.529999732971191,0.0,0.004871004420841166,0.005109881605985625,0.004882887048484941,76.475,76.18400001525879,75.54619995117187,70.63815002441405,76.73101887913307,76.2253994440666,0.5056194350664782,0.3219634341667381,67.81119494853877,91.72206239376803,85.98658355332215,4.0857063079070945,-3.2738270943365344,0.8316965626298557,74.45043870785946,77.91756132265812,4.550985264759305,0.13186988071475647,0.011630622261354284,0.0011708236870244745,0.005681435792069466,-0.020678499103813384,0.0055924311301975,0.7818314824680298,0.6234898018587336,-0.8660254037844384,-0.5000000000000004
2013-09-11,77.69000244140625,78.11000061035156,77.58999633789062,78.05999755859375,70.26692199707031,28132900.0,-0.0019199743479893,81.44999694824219,81.9800033569336,81.44999694824219,81.5199966430664,81.5199966430664,0.0,2.940000057220459,2.9679999351501465,2.907999992370605,2.9200000762939453,2.9200000762939453,0.0,14.739999771118164,14.739999771118164,13.81999969482422,13.81999969482422,13.81999969482422,0.0,-0.0019199743479893163,0.006693322900242208,-0.001918132376275583,76.73799972534181,76.24650001525879,75.6667999267578,70.70395000457762,76.93547713751164,76.36129560069823,0.5741815368134127,0.37240705469607305,66.06082454538922,94.88492457144507,91.03281668912332,3.486672733365356,-7.7381574107292845,0.8165755757692968,74.33673374742885,78.15626628308873,5.009452938686356,0.1311978210112881,0.004871004420841166,0.011630622261354284,0.010615164645153111,0.0038515732465587344,-0.0037686527604499248,0.9749279121818236,-0.22252093395631434,-0.8660254037844384,-0.5000000000000004
2013-09-12,78.08000183105469,78.25,77.8499984741211,78.01000213623047,70.22191619873047,18332700.0,-0.0006407028552217,81.36000061035156,81.94000244140625,81.36000061035156,81.48999786376953,81.48999786376953,0.0,2.8940000534057617,2.9119999408721924,2.861999988555908,2.907000064849853,2.907000064849853,0.0,13.93000030517578,14.390000343322754,13.729999542236328,14.289999961853027,14.289999961853027,0.0,-0.0006407028552217089,0.0051229702420398,-0.0006404976489751135,76.94300003051758,76.37150001525879,75.78639999389647,70.76740001678466,77.10078867577607,76.48342201073766,0.6173666650384178,0.42139897676454197,65.45438632117074,93.25396645186291,93.28698447235865,2.6987928863428112,-9.22611613934542,0.7868202864914118,74.34124232904053,78.40175770147705,5.316794054883363,0.11324018962887826,-0.0019199743479893163,0.004871004420841166,0.0016933434710850652,0.007002276234375744,-0.017069025943611853,0.43388373911755823,-0.900968867902419,-0.8660254037844384,-0.5000000000000004
2013-09-13,78.08999633789062,78.13999938964844,77.63999938964844,78.05999755859375,70.26692199707031,16932500.0,0.0006407028552217,81.36000061035156,81.73999786376953,81.36000061035156,81.44999694824219,81.44999694824219,0.0,2.9200000762939453,2.9200000762939453,2.878999948501587,2.8980000019073486,2.8980000019073486,0.0,14.270000457763672,14.550000190734863,14.109999656677246,14.15999984741211,14.15999984741211,0.0,0.000640702855221728,0.006402868785350312,0.0006409081491378643,77.20199966430664,76.5004997253418,75.89599990844725,70.83305000305177,77.24835927313264,76.60020538465292,0.6481538884797118,0.466749959107576,65.792566193544,91.76585634639866,93.30158245656888,3.431822308199633,-7.7381574107292845,0.7663331231705967,74.38277085485994,78.61822859582365,5.536509900157762,0.11305359703084061,-0.0006407028552217089,-0.0019199743479893163,0.0011708236870244745,-0.0064719508143437155,-0.00039764726270863533,-0.433883739117558,-0.9009688679024191,-0.8660254037844384,-0.5000000000000004
2013-09-16,78.72000122070312,78.72000122070312,77.66999816894531,77.8499984741211,70.07788848876953,25704300.0,-0.002693845564525,81.2300033569336,81.30999755859375,80.97000122070312,81.25,81.25,0.0,2.809000015258789,2.875,2.7769999504089355,2.874000072479248,2.874000072479248,0.0,14.100000381469728,14.489999771118164,13.869999885559082,14.380000114440918,14.380000114440918,0.0,-0.002693845564525045,0.013338453194556923,-0.0026902204184874323,77.43999938964845,76.6254997253418,75.99999984741211,70.89669998168947,77.34091915020778,76.69278265053946,0.6481364996683254,0.5030272672197259,63.00268477932784,86.44330590430431,90.48770956752196,3.1535672650354774,-23.705808737012358,0.7865952609268263,74.498595491433,78.7524039592506,5.551426722259633,0.11349252690734325,0.000640702855221728,-0.0006407028552217089,0.011630622261354284,0.0,-0.0017239928382837162,0.0,1.0,-0.8660254037844384,-0.5000000000000004
2013-09-17,78.0199966430664,78.47000122070312,77.9800033569336,78.37000274658203,70.5459976196289,27174300.0,0.0066576294092385,81.27999877929688,81.3499984741211,81.11000061035156,81.16999816894531,81.16999816894531,0.0,2.8489999771118164,2.874000072479248,2.8310000896453857,2.852999925613404,2.852999925613404,0.0,14.4399995803833,14.609999656677246,14.279999732971191,14.529999732971191,14.529999732971191,0.0,0.006657629409238523,0.00628041380226177,0.006679840688042393,77.68699951171877,76.75999984741212,76.10559997558593,70.95869998931886,77.49923970349613,76.81702117617225,0.682218527323883,0.5388655192405574,66.76129434841944,86.2043024838503,88.13782157818441,3.254283492815151,-9.943126400707447,0.7746957956164838,74.54639627538727,78.97360341943697,5.767596603504893,0.11451028630421071,-0.002693845564525045,0.000640702855221728,0.004871004420841166,0.005681435792069466,0.004370499465539095,0.7818314824680298,0.6234898018587336,-0.8660254037844384,-0.5000000000000004
2013-09-18,78.48999786376953,79.47000122070312,78.33000183105469,79.30999755859375,71.39215087890625,31714700.0,0.0119229860630241,80.05999755859375,81.3499984741211,80.05999755859375,80.23999786376953,80.23999786376953,0.0,2.8550000190734863,2.8980000019073486,2.70199990272522,2.7079999446868896,2.7079999446868896,0.0,14.68000030517578,14.68000030517578,13.229999542236328,13.59000015258789,13.59000015258789,0.0,0.01192298606302418,0.014524135822083565,0.011994348195905502,77.94699935913086,76.95449981689454,76.22159988403321,71.02609996795655,77.7778178350496,77.00168609338866,0.7761317416609472,0.5863187637246354,72.24950706077225,87.53463674945907,86.72741504587123,3.38938665773935,-3.747154613902992,0.8007889094759091,74.56040740593347,79.3485922278556,6.222098556049525,0.11820569077184771,0.006657629409238523,-0.002693845564525045,-0.0019199743479893163,0.010615164645153111,-0.003442051081305553,0.9749279121818236,-0.22252093395631434,-0.8660254037844384,-0.5000000000000004
2013-09-19,79.55999755859375,79.69000244140625,79.36000061035156,79.5,71.56314849853516,26435700.0,0.0023923240611331,80.23999786376953,80.44999694824219,80.06999969482422,80.36000061035156,80.36000061035156,0.0,2.697000026702881,2.752000093460083,2.693000078201294,2.747999906539917,2.747999906539917,0.0,13.020000457763672,13.390000343322754,13.020000457763672,13.15999984741211,13.15999984741211,0.0,0.002392324061133149,0.004147836113389146,0.0023951879516692642,78.2129997253418,77.12149963378907,76.31219985961916,71.09704998016358,78.04276893734966,77.18674638276727,0.8560225545823954,0.6402595218961875,73.21231662757499,94.02601465100662,89.25498462810532,3.4617436086442117,-4.2316750323696635,0.7707329075713799,74.50511236934183,79.73788689823631,6.785104742182499,0.11506348534424198,0.01192298606302418,0.006657629409238523,-0.0006407028552217089,0.0016933434710850652,0.009764568346454568,0.43388373911755823,-0.900968867902419,-0.8660254037844384,-0.5000000000000004
2013-09-20,79.44999694824219,79.54000091552734,78.94999694824219,78.98999786376953,71.31758117675781,26328900.0,-0.0034373783522595,80.36000061035156,80.58000183105469,80.30000305175781,80.44000244140625,80.44000244140625,0.0,2.7739999294281006,2.7739999294281006,2.7170000076293945,2.7320001125335693,2.7320001125335693,0.0,13.300000190734863,13.470000267028809,12.520000457763672,13.119999885559082,13.119999885559082,0.0,-0.003437378352259589,0.007426104341697019,-0.003431477330575694,78.41899948120117,77.23749961853026,76.38599975585937,71.16854995727539,78.18849646449118,77.32032056654522,0.8681758979459602,0.685842797106142,66.53897583234952,91.71786545720256,91.09283895255608,2.677755817524877,-16.867573982119644,0.7578236975509354,74.50237321360358,79.97262602345695,7.082379461881226,0.11538352753007101,0.002392324061133149,0.01192298606302418,0.000640702855221728,0.0011708236870244745,0.006673870944168671,-0.433883739117558,-0.9009688679024191,-0.8660254037844384,-0.5000000000000004
2013-09-23,79.31999969482422,79.41000366210938,78.45999908447266,78.83000183105469,71.17312622070312,30319400.0,-0.0020275708947128,80.29000091552734,80.52999877929688,80.29000091552734,80.44999694824219,80.44999694824219,0.0,2.739000082015991,2.739000082015991,2.6989998817443848,2.71399998664856,2.71399998664856,0.0,14.039999961853027,14.710000038146973,14.020000457763672,14.3100004196167,14.3100004196167,0.0,-0.0020275708947128683,0.011976860581086315,-0.0020255167613811853,78.51899948120118,77.34349975585938,76.4531997680664,71.23494995117187,78.28718959780865,77.43214880836074,0.8550407894479122,0.7196823955744961,64.55112020220102,85.34280244068806,90.36222751629907,1.2848515694123925,-22.872343663446493,0.7715509032713486,74.53121695795515,80.15578255376361,7.272189147844137,0.11606414271234367,-0.003437378352259589,0.002392324061133149,-0.002693845564525045,0.011630622261354284,0.0005213085393117338,0.0,1.0,-0.8660254037844384,-0.5000000000000004
2013-09-24,79.0,79.25,78.56999969482422,78.83000183105469,71.17312622070312,21871300.0,0.0,80.29000091552734,80.62000274658203,80.29000091552734,80.55999755859375,80.55999755859375,0.0,2.691999912261963,2.694999933242798,2.6440000534057617,2.6530001163482666,2.6530001163482666,0.0,14.170000076293944,14.369999885559082,13.75,14.079999923706056,14.079999923706056,0.0,0.0,0.008607598799693434,0.0,78.58099975585938,77.5279998779297,76.52239974975586,71.29634994506836,78.3706991721542,77.53569347670843,0.8350056954457727,0.7427470555487515,64.55112020220102,78.87789599950332,85.31285463246465,0.7927410226822555,-23.626394355923885,0.765011574835951,74.84311400569548,80.21288575016392,6.926235363898608,0.08176840240403209,-0.0020275708947128683,-0.003437378352259589,0.006657629409238523,0.004871004420841166,-0.020678499103813384,0.7818314824680298,0.6234898018587336,-0.8660254037844384,-0.5000000000000004
2013-09-25,78.88999938964844,79.0,78.4000015258789,78.55999755859375,70.92932891845703,22746400.0,-0.0034312924601952,80.29000091552734,80.62999725341797,80.29000091552734,80.33000183105469,80.33000183105469,0.0,2.657000064849853,2.66599988937378,2.614000082015991,2.614000082015991,2.614000082015991,0.0,14.239999771118164,14.619999885559082,13.890000343322754,14.010000228881836,14.010000228881836,0.0,-0.0034312924601952208,0.0076055073997100655,-0.00342541230365645,78.63099975585938,77.6844997406006,76.58239974975587,71.35784992218015,78.39982200083722,77.61156785314438,0.7882541476928395,0.7518484739775692,60.985259346841374,74.1523888626767,79.4576957676227,0.6405329434255845,-31.04409539259949,0.7532249247848898,75.1540751636535,80.2149243175477,6.51461896619413,0.08427535282698351,0.0,-0.0020275708947128683,0.01192298606302418,-0.0019199743479893163,0.0038515732465587344,0.9749279121818236,-0.22252093395631434,-0.8660254037844384,-0.5000000000000004
2013-09-26,78.87999725341797,79.36000061035156,78.8499984741211,79.16999816894531,71.48011779785156,22421700.0,0.0077353242846474,80.29000091552734,80.6500015258789,80.29000091552734,80.5199966430664,80.5199966430664,0.0,2.63700008392334,2.6589999198913574,2.634000062942505,2.6429998874664307,2.6429998874664307,0.0,13.800000190734863,14.399999618530272,13.579999923706056,14.0600004196167,14.0600004196167,0.0,0.007735324284647481,0.006465544548537237,0.007765319195783382,78.74699935913085,77.84499969482424,76.65839965820314,71.42239990234373,78.51831064208463,77.7270071357963,0.7913035062883296,0.7597394804397213,65.60765123087431,74.73037244170216,75.92021910129407,1.4869837212529733,-21.13839292637011,0.75656621956867,75.36849626310742,80.32150312654106,6.36265255681279,0.08486943642144575,-0.0034312924601952208,0.0,0.002392324061133149,-0.0006407028552217089,0.007002276234375744,0.43388373911755823,-0.900968867902419,-0.8660254037844384,-0.5000000000000004
2013-09-27,78.70999908447266,79.20999908447266,78.58999633789062,79.06999969482422,71.38982391357422,25151600.0,-0.0012640013038095,80.54000091552734,80.58999633789062,80.11000061035156,80.2699966430664,80.2699966430664,0.0,2.634000062942505,2.6410000324249268,2.6040000915527344,2.61899995803833,2.61899995803833,0.0,14.619999885559082,15.789999961853027,14.619999885559082,15.460000038146973,15.460000038146973,0.0,-0.001264001303809536,0.007877051884051425,-0.0012632027906375187,78.8479995727539,78.02499961853029,76.7479997253418,71.49174991607664,78.60318588096764,77.82648806609467,0.7766978148729748,0.763131147326372,64.26349373825613,72.76455239226476,73.88243789888121,1.2938792823716607,-29.523854504236112,0.7468116857839101,75.76113767732683,80.28886155973375,5.802914328155435,0.07964843399594244,0.007735324284647481,-0.0034312924601952208,-0.003437378352259589,0.000640702855221728,-0.0064719508143437155,-0.433883739117558,-0.9009688679024191,-0.8660254037844384,-0.5000000000000004
2013-09-30,78.25,79.08999633789062,78.0,78.87999725341797,71.21829223632812,28031900.0,-0.0024056381165331,80.02999877929688,80.43000030517578,80.02999877929688,80.22000122070312,80.22000122070312,0.0,2.6059999465942383,2.6440000534057617,2.5989999771118164,2.615000009536743,2.615000009536743,0.0,17.489999771118164,17.489999771118164,16.15999984741211,16.600000381469727,16.600000381469727,0.0,-0.002405638116533102,0.01392966565994409,-0.00240274688804043,78.9509994506836,78.19549942016602,76.82939971923828,71.56079990386961,78.64577224595999,77.90452578367417,0.7412464622858153,0.7587542103182607,61.67781171802216,70.25539635222847,72.58344039539847,1.3230556191202332,-38.57156351270835,0.7713248752201041,76.25069867445023,80.1403001658818,4.974201226763269,0.0810865901664394,-0.001264001303809536,0.007735324284647481,-0.0020275708947128683,-0.002693845564525045,0.0,0.0,1.0,-0.8660254037844384,-0.5000000000000004
2013-10-01,78.88999938964844,79.72000122070312,78.8499984741211,79.68000030517578,71.9405517578125,33129700.0,0.0100904090795287,80.2699966430664,80.31999969482422,79.86000061035156,80.0999984741211,80.0999984741211,0.0,2.6459999084472656,2.650000095367432,2.621000051498413,2.6459999084472656,2.6459999084472656,0.0,16.309999465942383,16.459999084472656,15.470000267028809,15.539999961853027,15.539999961853027,0.0,0.010090409079528734,0.011028048590607402,0.010141488918151254,79.08199920654296,78.38449935913086,76.9377996826172,71.63384990692138,78.8048842550701,78.03604241489651,0.768841840173593,0.7607717362893273,67.59067588892977,76.66048757906373,73.22681210785231,1.671554820317884,-1.9231192458643576,0.7783732946030989,76.65636072105842,80.1126379972033,4.4093887240504,0.08490273584553854,-0.002405638116533102,-0.001264001303809536,0.0,0.006657629409238523,0.005681435792069466,0.7818314824680298,0.6234898018587336,-1.0,-1.8369701987210297e-16
2013-10-02,79.13999938964844,79.76000213623047,79.05999755859375,79.6500015258789,71.9134521484375,25503800.0,-0.0003767654560832,80.20999908447266,80.27999877929688,79.77999877929688,79.87999725341797,79.87999725341797,0.0,2.614000082015991,2.628000020980835,2.594000101089477,2.625999927520752,2.625999927520752,0.0,16.399999618530273,16.809999465942383,16.1299991607666,16.600000381469727,16.600000381469727,0.0,-0.00037676545608327807,0.008845142570575755,-0.00037669448889177115,79.11599960327149,78.53149948120117,77.04079971313476,71.70959991455078,78.934902296733,78.15559494163595,0.7793073550970462,0.7644788600508712,67.17213932461385,84.77220530941247,77.22936308023489,0.4287025315238011,-5.188701313189837,0.7727755291055003,76.90597518875461,80.15702377364772,4.139801998396003,0.07992484573245791,0.010090409079528734,-0.002405638116533102,-0.0034312924601952208,0.01192298606302418,0.010615164645153111,0.9749279121818236,-0.22252093395631434,-1.0,-1.8369701987210297e-16
2013-10-03,79.55000305175781,79.72000122070312,78.30000305175781,78.72000122070312,71.07380676269531,42998200.0,-0.0117444735051789,79.9000015258789,79.91999816894531,79.62999725341797,79.7699966430664,79.7699966430664,0.0,2.634999990463257,2.638999938964844,2.5810000896453857,2.6059999465942383,2.6059999465942383,0.0,16.6299991607666,18.709999084472656,16.6299991607666,17.670000076293945,17.670000076293945,0.0,-0.01174447350517892,0.017850384845634962,-0.011675776376429026,79.0379997253418,78.6254997253418,77.11579971313476,71.78119991302489,78.9018405927284,78.19740281415945,0.7044377785689591,0.7524706437544888,55.66443680545018,81.04248818082742,80.82506035643453,-0.9811305399960691,-49.76071489846354,0.8190057176654869,77.2076664692906,80.043332981393,3.6065481580505976,0.0937196392041355,-0.00037676545608327807,0.010090409079528734,0.007735324284647481,0.002392324061133149,0.0016933434710850652,0.43388373911755823,-0.900968867902419,-1.0,-1.8369701987210297e-16
2013-10-04,78.72000122070312,79.51000213623047,78.6500015258789,79.4000015258789,71.68778228759766,22852700.0,0.0086014636626856,79.62999725341797,80.19000244140625,79.62999725341797,80.12000274658203,80.12000274658203,0.0,2.622999906539917,2.657999992370605,2.61899995803833,2.6519999504089355,2.6519999504089355,0.0,17.719999313354492,17.8700008392334,16.65999984741211,16.739999771118164,16.739999771118164,0.0,0.00860146366268561,0.010924804332007364,0.00863856254319284,79.07900009155274,78.74899978637696,77.19639968872072,71.85929992675783,78.97848073629002,78.28648420021274,0.6919965360772835,0.7403758222190477,60.934368599741795,74.94193884263373,80.25221077762454,0.5190576948951052,-20.224767260445418,0.8219339242859209,77.53775576488745,79.96024380786646,3.07621436405607,0.09717035622408292,-0.01174447350517892,-0.00037676545608327807,-0.001264001303809536,-0.003437378352259589,0.0011708236870244745,-0.433883739117558,-0.9009688679024191,-1.0,-1.8369701987210297e-16
2013-10-07,78.69999694824219,79.3499984741211,78.66999816894531,78.73999786376953,71.09186553955078,20227100.0,-0.0083474110962656,79.68000030517578,80.19000244140625,79.68000030517578,79.94000244140625,79.94000244140625,0.0,2.621000051498413,2.634000062942505,2.6070001125335693,2.634000062942505,2.634000062942505,0.0,18.76000022888184,19.40999984741211,18.07999992370605,19.40999984741211,19.40999984741211,0.0,-0.008347411096265663,0.008640410820129892,-0.008312668198552586,79.06999969482422,78.79449958801268,77.26659957885742,71.92734992980958,78.94179106359456,78.32007780492066,0.6217132586739069,0.7166433095100196,54.200315999639756,57.35326665887511,71.11256456077875,-0.11417476239319284,-57.95471786446571,0.8153674551893262,77.66285881073223,79.92614036529314,2.872385212666833,0.09604302794170815,0.00860146366268561,-0.01174447350517892,-0.002405638116533102,-0.0020275708947128683,0.011630622261354284,0.0,1.0,-1.0,-1.8369701987210297e-16
2013-10-08,78.73999786376953,78.80999755859375,77.19000244140625,77.22000122070312,69.7195053100586,43660700.0,-0.0194927962916248,79.83999633789062,80.13999938964844,79.83999633789062,80.05999755859375,80.05999755859375,0.0,2.6540000438690186,2.6589999198913574,2.615999937057495,2.635999917984009,2.635999917984009,0.0,19.01000022888184,21.01000022888184,18.979999542236328,20.34000015258789,20.34000015258789,0.0,-0.01949279629162483,0.02057397969441532,-0.019304040189080385,78.90899963378907,78.74499969482422,77.29839965820312,71.987799949646,78.67690031853434,78.23859065053418,0.4383096680001586,0.6609765812080475,42.54037253435107,40.99592756353927,57.763711021682695,-2.042370383045343,-98.83273218447106,0.8728408596177673,77.43340757166152,80.05659181798691,3.331239134537468,0.11844001796900559,-0.008347411096265663,0.00860146366268561,0.010090409079528734,0.0,0.004871004420841166,0.7818314824680298,0.6234898018587336,-1.0,-1.8369701987210297e-16
2013-10-09,77.4000015258789,77.44000244140625,76.3499984741211,76.9800033569336,69.5028305053711,64526700.0,-0.003112646808538,79.91000366210938,80.56999969482422,79.87999725341797,80.37000274658203,80.37000274658203,0.0,2.638000011444092,2.674000024795532,2.635999917984009,2.650000095367432,2.650000095367432,0.0,20.190000534057617,21.34000015258789,19.040000915527344,19.600000381469727,19.600000381469727,0.0,-0.003112646808538081,0.014082738317785568,-0.0031078075457348087,78.75100021362306,78.69099998474121,77.32259979248049,72.03669998168947,78.41583924751883,78.14536196211932,0.2704772853995081,0.5828767220463396,41.039158873543215,20.562582204905638,39.63725880910667,-2.011194311050891,-81.52480333634631,0.8883525101654379,77.18599319785866,80.19600677162376,3.8251052526321407,0.11870675909292733,-0.01949279629162483,-0.008347411096265663,-0.00037676545608327807,-0.0034312924601952208,-0.0019199743479893163,0.9749279121818236,-0.22252093395631434,-1.0,-1.8369701987210297e-16
2013-10-10,77.80999755859375,78.79000091552734,77.79000091552734,78.61000061035156,70.97450256347656,48062700.0,0.0209532152810103,79.87999725341797,80.5999984741211,79.87999725341797,80.41999816894531,80.41999816894531,0.0,2.703000068664551,2.7219998836517334,2.684999942779541,2.684999942779541,2.684999942779541,0.0,17.65999984741211,17.920000076293945,16.290000915527344,16.479999542236328,16.479999542236328,0.0,0.020953215281010382,0.01285181893556755,0.021174275168429846,78.69500045776368,78.72099990844727,77.36399978637697,72.09549999237062,78.44571022641618,78.17977963976615,0.265930586650029,0.5194874949670775,53.135397299461786,28.6393719245724,30.0659605643391,-0.7073355709807391,-33.72434870546541,0.9541842993388888,77.2496046732547,80.19239514363984,3.738253418792471,0.1411126715341947,-0.003112646808538081,-0.01949279629162483,-0.01174447350517892,0.007735324284647481,-0.0006407028552217089,0.43388373911755823,-0.900968867902419,-1.0,-1.8369701987210297e-16
2013-10-11,78.41000366210938,79.29000091552734,78.4000015258789,79.2300033569336,71.5343017578125,25214100.0,0.0078563858052626,80.23999786376953,80.5999984741211,80.23999786376953,80.36000061035156,80.36000061035156,0.0,2.683000087738037,2.683000087738037,2.6449999809265137,2.681999921798706,2.681999921798706,0.0,16.309999465942383,16.3799991607666,15.460000038146973,15.720000267028809,15.720000267028809,0.0,0.007856385805262623,0.011350584722374121,0.00788732818289617,78.71100082397462,78.77950019836426,77.40919982910157,72.15850002288819,78.56637070803426,78.25757398918597,0.30879671884828497,0.47734933974331895,56.76850557176169,56.40279281778668,35.201582315754905,0.20235697828116794,-15.542469504828215,0.949599662932428,77.3258309076706,80.23316948905791,3.6904760427099967,0.14349017858602822,0.020953215281010382,-0.003112646808538081,0.00860146366268561,-0.001264001303809536,0.000640702855221728,-0.433883739117558,-0.9009688679024191,-1.0,-1.8369701987210297e-16
2013-10-14,78.73999786376953,79.79000091552734,78.68000030517578,79.79000091552734,72.03987884521484,31471900.0,0.0070427590116119,80.12999725341797,80.43000030517578,80.12999725341797,80.26000213623047,80.26000213623047,0.0,2.690999984741211,2.690999984741211,2.690999984741211,2.690999984741211,2.690999984741211,0.0,17.079999923706055,17.739999771118164,15.800000190734863,16.06999969482422,16.06999969482422,0.0,0.0070427590116119735,0.014097036327991886,0.007067617562187545,78.80200119018555,78.87650032043457,77.46459991455077,72.22420001983643,78.75462150918703,78.37108709484089,0.3835344143461441,0.45858635466388403,59.79986942995036,83.57772726323545,56.2066306685315,1.1536557984222588,0.0,0.9610568734623662,77.42508060151422,80.32792003935492,3.6802335626554887,0.14442066085909558,0.007856385805262623,0.020953215281010382,-0.008347411096265663,-0.002405638116533102,-0.002693845564525045,0.0,1.0,-1.0,-1.8369701987210297e-16
2013-10-15,79.7300033569336,80.11000061035156,79.37999725341797,79.4800033569336,71.760009765625,38684000.0,-0.0038924846974726,80.12999725341797,80.69999694824219,80.12999725341797,80.4800033569336,80.4800033569336,0.0,2.7170000076293945,2.7330000400543213,2.693000078201294,2.720000028610229,2.720000028610229,0.0,16.40999984741211,18.670000076293945,16.15999984741211,18.65999984741211,18.65999984741211,0.0,-0.0038924846974726828,0.009155942884707155,-0.0038849187988110323,78.78200149536133,78.93200035095215,77.52300003051758,72.28900005340579,78.86621871653266,78.45322904018109,0.4129896763515717,0.4494670190014216,57.4004300125717,89.23409797101914,76.40487268401375,-0.251000185085587,-16.755236582114353,0.9445530508531682,77.4772431994166,80.3867575024877,3.6861023287572037,0.1441629976423704,0.0070427590116119735,0.007856385805262623,-0.01949279629162483,0.010090409079528734,0.006657629409238523,0.7818314824680298,0.6234898018587336,-1.0,-1.8369701987210297e-16
2013-10-16,79.8499984741211,80.41999816894531,79.79000091552734,80.37999725341797,72.57257080078125,46735900.0,0.0112596839423135,80.44000244140625,80.75,80.27999877929688,80.5,80.5,0.0,2.736999988555908,2.756999969482422,2.6670000553131104,2.6710000038146973,2.6710000038146973,0.0,17.139999389648438,17.149999618530273,14.670000076293944,14.710000038146973,14.710000038146973,0.0,0.011259683942313532,0.00788975911655336,0.01132331277281251,78.85500106811523,78.98550033569336,77.60220001220704,72.35705005645755,79.09910772220732,78.59595261153197,0.5031551106753511,0.46020463733620753,62.14890325549693,94.08731328895382,88.96637950773612,0.91650434846744,-0.982823551024159,0.9442274623644933,77.39943732304367,80.57156334834305,4.016086511850456,0.14350519031513206,-0.0038924846974726828,0.0070427590116119735,-0.003112646808538081,-0.00037676545608327807,0.01192298606302418,0.9749279121818236,-0.22252093395631434,-1.0,-1.8369701987210297e-16
2013-10-17,80.0199966430664,80.87000274658203,79.94999694824219,80.83999633789062,72.9878921508789,32193500.0,0.0057065286649289,80.5199966430664,80.55999755859375,79.61000061035156,79.6500015258789,79.6500015258789,0.0,2.627000093460083,2.63100004196167,2.5810000896453857,2.586999893188477,2.586999893188477,0.0,14.520000457763672,14.59000015258789,12.890000343322754,13.479999542236328,13.479999542236328,0.0,0.005706528664928988,0.011497198662024196,0.005722841915546173,79.06700057983399,79.0525001525879,77.68299987792969,72.42540004730228,79.36693674000476,78.76217807274372,0.6047586672610379,0.4891154433211736,64.33701053851034,93.86602729833189,92.39581285276827,2.6930831863731575,-0.6638579718657889,0.9424973435055898,77.27345567583434,80.83154462934145,4.500918942018598,0.14446580945620016,0.011259683942313532,-0.0038924846974726828,0.020953215281010382,-0.01174447350517892,0.002392324061133149,0.43388373911755823,-0.900968867902419,-1.0,-1.8369701987210297e-16
2013-10-18,81.58000183105469,82.18000030517578,81.3499984741211,82.1500015258789,74.170654296875,39628200.0,0.0160750108483393,79.69000244140625,79.76000213623047,79.4800033569336,79.63999938964844,79.63999938964844,0.0,2.5739998817443848,2.595999956130981,2.565000057220459,2.58899998664856,2.58899998664856,0.0,12.859999656677246,13.529999732971191,12.34000015258789,13.039999961853027,13.039999961853027,0.0,0.016075010848339327,0.010174084486704859,0.016204908939569274,79.34200057983398,79.21050033569335,77.79619995117187,72.49985004425051,79.79510055321617,79.01312795816114,0.7819725950550378,0.5476868736679464,69.70762734275016,99.27958660572037,95.74430906433535,3.4634760039692067,-0.5145586599489604,0.9708906737755588,76.95684489558458,81.46415577580213,5.6902946719381955,0.15289957112639885,0.005706528664928988,0.011259683942313532,0.007856385805262623,0.00860146366268561,-0.003437378352259589,-0.433883739117558,-0.9009688679024191,-1.0,-1.8369701987210297e-16
2013-10-21,82.33999633789062,82.54000091552734,82.06999969482422,82.33000183105469,74.33319091796875,31176900.0,0.0021889895949899,79.62000274658203,79.81999969482422,79.62000274658203,79.68000030517578,79.68000030517578,0.0,2.6010000705718994,2.619999885559082,2.58899998664856,2.608999967575073,2.608999967575073,0.0,13.34000015258789,13.630000114440918,13.06999969482422,13.15999984741211,13.15999984741211,0.0,0.0021889895949899047,0.005708054913852884,0.0021913871818250996,79.70100097656251,79.38550033569337,77.90940002441408,72.57670005798342,80.18508536519133,79.25882231911622,0.9262630460751069,0.6234021081493786,70.36794528369634,98.47634361251481,97.20731917218902,4.559314280775485,-3.3925525306408244,0.9351128556989564,76.7457601582673,82.02524051311943,6.6504340622998654,0.1521714371175791,0.016075010848339327,0.005706528664928988,0.0070427590116119735,-0.008347411096265663,-0.0020275708947128683,0.0,1.0,-1.0,-1.8369701987210297e-16
2013-10-22,82.6500015258789,82.9000015258789,81.93000030517578,82.44999694824219,74.44149780273438,43944800.0,0.0014559856226917,79.73999786376953,79.79000091552734,79.18000030517578,79.23999786376953,79.23999786376953,0.0,2.5829999446868896,2.586999893188477,2.51200008392334,2.51200008392334,2.51200008392334,0.0,12.989999771118164,13.920000076293944,12.93000030517578,13.329999923706056,13.329999923706056,0.0,0.0014559856226917546,0.01173625169745948,0.001457046084368363,80.2240005493164,79.56650009155275,78.01639999389648,72.65580005645754,80.53353330104531,79.4952056249774,1.038327676067908,0.7063872217330845,70.82452100869762,96.40753103839407,98.05448708554307,6.772851132948274,-6.87029569422799,0.9376048817706827,76.6097441652125,82.523256017893,7.4321628397329915,0.15198343901175507,0.0021889895949899047,0.016075010848339327,-0.0038924846974726828,-0.01949279629162483,0.0,0.7818314824680298,0.6234898018587336,-1.0,-1.8369701987210297e-16
2013-10-23,82.05000305175781,82.19999694824219,81.55000305175781,81.94999694824219,73.99006652832031,38021300.0,-0.0060827044211816,79.26000213623047,79.38999938964844,79.13999938964844,79.26000213623047,79.26000213623047,0.0,2.493000030517578,2.509000062942505,2.470999956130981,2.484999895095825,2.484999895095825,0.0,13.710000038146973,14.210000038146973,13.420000076293944,13.420000076293944,13.420000076293944,0.0,-0.006082704421181633,0.007921924098824877,-0.006064242226967664,80.72099990844727,79.73600006103517,78.11919998168945,72.73105003356935,80.75145078522944,79.67704201929331,1.074408765936127,0.7799915305736931,66.24425812767068,91.74442395042067,95.54276620044317,6.456213788747446,-14.503879923869157,0.9349183828216607,76.63693970219768,82.83506041987266,7.7733027903713925,0.1535798276697971,0.0014559856226917546,0.0021889895949899047,0.011259683942313532,-0.003112646808538081,-0.0034312924601952208,0.9749279121818236,-0.22252093395631434,-1.0,-1.8369701987210297e-16
2013-10-24,82.0,82.4800033569336,81.87999725341797,82.30999755859375,74.31510162353516,23155100.0,0.0043833349800335,79.27999877929688,79.31999969482422,79.08000183105469,79.19000244140625,79.19000244140625,0.0,2.484999895095825,2.5220000743865967,2.4739999771118164,2.5220000743865967,2.5220000743865967,0.0,13.5,13.619999885559082,13.149999618530272,13.199999809265137,13.199999809265137,0.0,0.004383334980033517,0.007317147603849086,0.004392955844828572,81.09099960327148,79.8930000305176,78.25519989013672,72.80650001525879,80.99122721190088,79.8720757629452,1.1191514489556766,0.8478235142500898,67.85610286085696,89.87271147390514,92.67488882090662,4.706776389154439,-9.007689960187392,0.9109960771569439,76.60244074582383,83.18355931521137,8.237415752160615,0.15240853731501539,-0.006082704421181633,0.0014559856226917546,0.005706528664928988,0.020953215281010382,0.007735324284647481,0.43388373911755823,-0.900968867902419,-1.0,-1.8369701987210297e-16
2013-10-25,83.08000183105469,83.27999877929688,82.5,82.9000015258789,74.8478012084961,35824500.0,0.0071425513922074,79.19999694824219,79.31999969482422,79.0,79.18000030517578,79.18000030517578,0.0,2.5179998874664307,2.5199999809265137,2.496000051498413,2.503000020980835,2.503000020980835,0.0,13.15999984741211,13.4399995803833,13.079999923706056,13.09000015258789,13.09000015258789,0.0,0.0071425513922074345,0.009388526265117597,0.007168120251782595,81.45799942016602,80.08450012207032,78.40359985351563,72.88565002441406,81.28488479866672,80.09636656019954,1.1885182384671822,0.9159624590935084,70.3545489773395,90.33502150240892,90.65071897557823,4.632081299317707,-5.483365608716662,0.9152107302673853,76.55826044701575,83.6107397971249,8.806297522441,0.1529812815607548,0.004383334980033517,-0.006082704421181633,0.016075010848339327,0.007856385805262623,-0.001264001303809536,-0.433883739117558,-0.9009688679024191,-1.0,-1.8369701987210297e-16
2013-10-28,82.91000366210938,83.05000305175781,82.55000305175781,82.91999816894531,74.86587524414062,28618400.0,0.0002414480247975,79.1500015258789,79.37999725341797,79.1500015258789,79.25,79.25,0.0,2.51200008392334,2.5220000743865967,2.5,2.51200008392334,2.51200008392334,0.0,13.619999885559082,13.720000267028809,13.220000267028809,13.3100004196167,13.3100004196167,0.0,0.0002414480247975495,0.006030635362623975,0.00024147717571798566,81.77099914550782,80.28650016784668,78.55499984741212,72.96490001678465,81.5364407017865,80.30552445714368,1.2309162446428275,0.9789532162033722,70.43841499474725,93.43804355255747,91.21525884295718,3.9227938557509945,-5.194813773423501,0.885552820962572,76.59194140032947,83.98105893536389,9.203437090403433,0.15217284452711954,0.0071425513922074345,0.004383334980033517,0.0021889895949899047,0.0070427590116119735,-0.002405638116533102,0.0,1.0,-1.0,-1.8369701987210297e-16
2013-10-29,83.19999694824219,83.26000213623047,82.69999694824219,83.05999755859375,74.99224090576172,36878100.0,0.0016864711077148,79.31999969482422,79.66999816894531,79.29000091552734,79.62999725341797,79.62999725341797,0.0,2.5179998874664307,2.5360000133514404,2.505000114440918,2.506999969482422,2.506999969482422,0.0,13.25,13.630000114440918,13.0600004196167,13.40999984741211,13.40999984741211,0.0,0.0016864711077148914,0.0067308318332830516,0.001687893999889889,82.12899856567383,80.45550003051758,78.70259979248048,73.04430000305173,81.77083406437224,80.50955950169553,1.2612745626767037,1.0354174854980385,71.05578213112693,95.10483694967824,92.95930066821487,4.5042703201494625,-4.007309768825085,0.8622994186072656,76.57329751043513,84.33770255060004,9.650558429466972,0.14951185353300359,0.0002414480247975495,0.0071425513922074345,0.0014559856226917546,-0.0038924846974726828,0.010090409079528734,0.7818314824680298,0.6234898018587336,-1.0,-1.8369701987210297e-16
2013-10-30,83.3499984741211,83.48999786376953,82.58000183105469,82.9800033569336,74.92005920410156,33535500.0,-0.0009629857881621,79.61000061035156,79.91000366210938,79.44999694824219,79.75,79.75,0.0,2.490999937057495,2.549000024795532,2.4730000495910645,2.5269999504089355,2.5269999504089355,0.0,13.720000267028809,14.350000381469728,13.640000343322754,13.649999618530272,13.649999618530272,0.0,-0.000962985788162138,0.01091776903868071,-0.0009625222661483468,82.3889991760254,80.62200012207032,78.85379989624025,73.12125003814697,81.95686010938167,80.69255534282428,1.2643047665573874,1.0811949417099083,70.1542384871501,93.59277693475369,94.04521914566313,3.2346431853169366,-10.019545653490336,0.8657063196149497,76.60206423550879,84.64193600863184,9.972305029582284,0.14965388277546904,0.0016864711077148914,0.0002414480247975495,-0.006082704421181633,0.011259683942313532,-0.00037676545608327807,0.9749279121818236,-0.22252093395631434,-1.0,-1.8369701987210297e-16
2013-10-31,82.7699966430664,83.30000305175781,82.4800033569336,82.79000091552734,74.74849700927734,31309900.0,-0.0022925626371597,79.44999694824219,80.2699966430664,79.44999694824219,80.19999694824219,80.19999694824219,0.0,2.5179998874664307,2.571000099182129,2.502000093460083,2.5420000553131104,2.5420000553131104,0.0,13.829999923706056,14.020000457763672,13.279999732971191,13.75,13.75,0.0,-0.0022925626371597205,0.00990696783957052,-0.002289936722511654,82.58399963378906,80.82550010681153,78.9863998413086,73.20190002441406,82.08503561801946,80.84792168154301,1.2371139364764474,1.1123787406632162,67.94899904533351,90.47339536138324,93.05700308193839,2.412177963846257,-14.55295849353484,0.8624415607013262,76.79890864579569,84.85209156782737,9.963666060079229,0.14164696593687914,-0.000962985788162138,0.0016864711077148914,0.004383334980033517,0.005706528664928988,-0.01174447350517892,0.43388373911755823,-0.900968867902419,-1.0,-1.8369701987210297e-16
2013-11-01,83.06999969482422,83.16999816894531,82.4000015258789,82.80999755859375,74.76655578613281,30867800.0,0.0002415646666424,80.2300033569336,80.79000091552734,80.2300033569336,80.7300033569336,80.7300033569336,0.0,2.58899998664856,2.628999948501587,2.572000026702881,2.619999885559082,2.619999885559082,0.0,13.460000038146973,13.920000076293944,13.220000267028809,13.279999732971191,13.279999732971191,0.0,0.0002415646666424929,0.009269250582582846,0.00024159384573607667,82.64999923706054,80.99599990844727,79.10919982910156,73.28095001220703,82.19656822426165,80.99326063539863,1.2033075888630265,1.1305645103031783,68.06278312490902,86.2941595731083,90.12011062308173,0.8034035550284582,-16.545017133649896,0.8558383522988319,76.93492370791849,85.05707610897606,10.027843856781002,0.13998555300509785,-0.0022925626371597205,-0.000962985788162138,0.0071425513922074345,0.016075010848339327,0.00860146366268561,-0.433883739117558,-0.9009688679024191,-0.8660254037844386,0.5000000000000001
2013-11-04,83.05999755859375,83.06999969482422,82.63999938964844,82.93000030517578,74.87489318847656,16834000.0,0.0014479600674058,80.69000244140625,80.93000030517578,80.52999877929688,80.55000305175781,80.55000305175781,0.0,2.6070001125335693,2.6070001125335693,2.58899998664856,2.601999998092652,2.601999998092652,0.0,13.350000381469728,13.670000076293944,12.90999984741211,12.93000030517578,12.93000030517578,0.0,0.0014479600674058288,0.005176984322356166,0.0014490088677301394,82.70999908447266,81.2055000305176,79.23359985351561,73.35985000610353,82.30940392901766,81.1367228331599,1.1726810958577687,1.1389878274140965,68.77909824943995,84.58898091274214,87.11884528241123,0.7287725747320167,-15.13508163458882,0.8254213489328996,77.20256371768318,85.20843634335202,9.858781268091668,0.13449779929644412,0.0002415646666424929,-0.0022925626371597205,0.0002414480247975495,0.0021889895949899047,-0.008347411096265663,0.0,1.0,-0.8660254037844386,0.5000000000000001
2013-11-05,82.61000061035156,83.22000122070312,82.37000274658203,83.0199966430664,74.95613861083984,27975600.0,0.001084494037724,80.5,80.93000030517578,80.5,80.70999908447266,80.70999908447266,0.0,2.618000030517578,2.677000045776367,2.618000030517578,2.6619999408721924,2.6619999408721924,0.0,13.220000267028809,13.640000343322754,12.859999656677246,13.270000457763672,13.270000457763672,0.0,0.0010844940377240655,0.010289292674506813,0.001085082314024488,82.76699905395506,81.49549980163576,79.39119979858397,73.4391499710083,82.41872588502515,81.27622459685666,1.1425012881684893,1.1396905195649751,69.33458566618268,85.0143446747135,85.29916172018798,0.6913277330768549,-13.276867207620768,0.8271768578749135,77.88738553425277,85.10361406901875,8.854757075336241,0.10662971942342075,0.0014479600674058288,0.0002415646666424929,0.0016864711077148914,0.0014559856226917546,-0.01949279629162483,0.7818314824680298,0.6234898018587336,-0.8660254037844386,0.5000000000000001
2013-11-06,83.37000274658203,83.4000015258789,82.7300033569336,83.0,74.93806457519531,25576800.0,-0.0002411572342086,80.37999725341797,80.80999755859375,80.37999725341797,80.4800033569336,80.4800033569336,0.0,2.6600000858306885,2.6600000858306885,2.63100004196167,2.640000104904175,2.640000104904175,0.0,13.010000228881836,13.329999923706056,12.670000076293944,12.670000076293944,12.670000076293944,0.0,-0.00024115723420860418,0.008036441728110424,-0.000241128158140147,82.87199935913085,81.79649963378907,79.54259979248046,73.51904998779298,82.50815267194436,81.40391166375618,1.1042410081881826,1.1326006172896168,69.04065114017071,82.89698272981866,84.16676943909142,1.2812728381441811,-22.897102968334437,0.8159498086656564,78.8264875687249,84.76651169885324,7.261953942677749,0.10469420328801486,0.0010844940377240655,0.0014479600674058288,-0.000962985788162138,-0.006082704421181633,-0.003112646808538081,0.9749279121818236,-0.22252093395631434,-0.8660254037844386,0.5000000000000001
2013-11-07,83.01000213623047,83.12999725341797,81.37000274658203,81.44000244140625,73.52962493896484,52173200.0,-0.0189735813010634,80.5199966430664,81.45999908447266,80.44000244140625,80.81999969482422,80.81999969482422,0.0,2.615999937057495,2.6459999084472656,2.595999956130981,2.61299991607666,2.61299991607666,0.0,12.989999771118164,14.140000343322754,12.93000030517578,13.90999984741211,13.90999984741211,0.0,-0.01897358130106341,0.0212021980670179,-0.018794715932611172,82.78499984741211,81.93799972534181,79.65219985961913,73.5918999862671,82.34382186724618,81.40658505469322,0.9372368125529533,1.093527856342284,50.90871072158202,55.70930327544934,74.54021022666049,-1.0569738099775539,-96.69811999769678,0.8833815728206764,79.36393948312775,84.51205996755587,6.282946254100351,0.11332536394180444,-0.00024115723420860418,0.0010844940377240655,-0.0022925626371597205,0.004383334980033517,0.020953215281010382,0.43388373911755823,-0.900968867902419,-0.8660254037844386,0.5000000000000001
2013-11-08,81.73999786376953,82.55999755859375,81.51000213623047,82.54000091552734,74.52274322509766,31470500.0,0.0134159715809889,80.88999938964844,81.4800033569336,80.77999877929688,81.20999908447266,81.20999908447266,0.0,2.618000030517578,2.763000011444092,2.618000030517578,2.746000051498413,2.746000051498413,0.0,13.760000228881836,13.800000190734863,12.84000015258789,12.899999618530272,12.899999618530272,0.0,0.013415971580988987,0.012845552358751426,0.013506369534145968,82.74899978637697,82.10349960327149,79.79359985351563,73.66629997253419,82.37400325928944,81.49054178512537,0.883461474164065,1.0515145799066403,59.0711786871486,45.197832340049814,61.26803944843926,-0.43425887059746443,-44.811280013819314,0.9002825402754496,79.85785628764297,84.3491429189,5.470274291545627,0.11886934597909196,-0.01897358130106341,-0.00024115723420860418,0.0002415646666424929,0.0071425513922074345,0.007856385805262623,-0.433883739117558,-0.9009688679024191,-0.8660254037844386,0.5000000000000001
2013-11-11,82.41999816894531,82.63999938964844,82.13999938964844,82.41000366210938,74.40538787841797,24822900.0,-0.0015760000491577,81.29000091552734,81.33999633789062,81.06999969482422,81.08999633789062,81.08999633789062,0.0,2.750999927520752,2.750999927520752,2.750999927520752,2.750999927520752,2.750999927520752,0.0,12.850000381469728,12.93000030517578,12.399999618530272,12.529999732971191,12.529999732971191,0.0,-0.001576000049157765,0.006066488851104985,-0.0015747588132285495,82.69800033569338,82.23449974060058,79.93239990234376,73.74594997406007,82.37954178280019,81.55865007230938,0.8208917104908124,1.0053900060234748,57.84705560396289,35.84911997850328,45.58541853133414,-0.6150440401564523,-50.94324005297403,0.8716909302557747,80.26888539334423,84.20011408785693,4.780510256538695,0.11799827052085951,0.013415971580988987,-0.01897358130106341,0.0014479600674058288,0.0002414480247975495,0.0070427590116119735,0.0,1.0,-0.8660254037844386,0.5000000000000001
2013-11-12,82.16000366210938,82.66000366210938,82.12000274658203,82.54000091552734,74.52274322509766,20108500.0,0.0015760000491576,81.0199966430664,81.45999908447266,81.0199966430664,81.19000244140625,81.19000244140625,0.0,2.763000011444092,2.7809998989105225,2.753000020980835,2.7679998874664307,2.7679998874664307,0.0,12.800000190734863,13.0600004196167,12.630000114440918,12.81999969482422,12.81999969482422,0.0,0.001576000049157618,0.006572552232934988,0.001577242589897443,82.64600067138674,82.38749961853027,80.06519989013673,73.82134998321533,82.40422780321975,81.63134272736255,0.7728850758572037,0.9588890199902207,58.76724347323411,53.14473330646244,44.73056187500518,-0.6260494321584592,-44.811280013819314,0.8479987863466011,80.90851061408847,83.86648862297207,3.590323802251068,0.11619559242457436,-0.001576000049157765,0.013415971580988987,0.0010844940377240655,0.0016864711077148914,-0.0038924846974726828,0.7818314824680298,0.6234898018587336,-0.8660254037844386,0.5000000000000001
2013-11-13,82.0,83.55000305175781,82.0,83.54000091552734,75.4256362915039,31345900.0,0.012042864104955,80.7300033569336,81.45999908447266,80.7300033569336,80.93000030517578,80.93000030517578,0.0,2.742000102996826,2.742000102996826,2.720000028610229,2.7249999046325684,2.7249999046325684,0.0,13.350000381469728,13.350000381469728,12.460000038146973,12.520000457763672,12.520000457763672,0.0,0.012042864104955022,0.018902476240948932,0.012115671368659209,82.70200042724609,82.54549980163574,80.2017999267578,73.90284999847412,82.57896212819016,81.77272481537476,0.8062373128153979,0.9283586785552562,65.08189958479495,67.92888880296061,52.307580695975446,0.6748584429250425,-0.45881352432481926,0.8981419481616877,81.31525784050464,83.77574176276684,2.980760826665249,0.11706332544145856,0.001576000049157618,-0.001576000049157765,-0.00024115723420860418,-0.000962985788162138,0.011259683942313532,0.9749279121818236,-0.22252093395631434,-0.8660254037844386,0.5000000000000001
2013-11-14,83.31999969482422,83.86000061035156,83.13999938964844,83.80000305175781,75.66036224365234,31101200.0,0.003107185884503,80.80999755859375,81.20999908447266,80.73999786376953,80.9800033569336,80.9800033569336,0.0,2.7230000495910645,2.739000082015991,2.686000108718872,2.70199990272522,2.70199990272522,0.0,12.800000190734863,12.9399995803833,12.279999732971191,12.369999885559082,12.369999885559082,0.0,0.003107185884503073,0.008641397303651826,0.0031120181902246635,82.80300064086914,82.6935001373291,80.34100006103516,73.9853499984741,82.7668145779698,81.92289357362536,0.8439210043444376,0.9114711437130926,66.51766875306096,84.10678796295954,68.39347002412754,1.2199566675461189,-2.409542572977208,0.8854176104860761,81.62568811500726,83.76131215965093,2.5825778822967127,0.11631174685857204,0.012042864104955022,0.001576000049157618,-0.01897358130106341,-0.0022925626371597205,0.005706528664928988,0.43388373911755823,-0.900968867902419,-0.8660254037844386,0.5000000000000001
2013-11-15,83.81999969482422,83.95999908447266,83.61000061035156,83.95999908447266,75.80482482910156,20511300.0,0.0019075357452852,81.02999877929688,81.1500015258789,80.77999877929688,80.83999633789062,80.83999633789062,0.0,2.727999925613404,2.7320001125335693,2.693000078201294,2.7090001106262207,2.7090001106262207,0.0,12.119999885559082,12.449999809265137,11.989999771118164,12.1899995803833,12.1899995803833,0.0,0.0019075357452852384,0.004175596222803443,0.0019093562489695959,82.91800079345704,82.7840000152588,80.48160003662109,74.06520000457765,82.95038142512409,82.07379027813256,0.8765911469915295,0.90449514436878,67.40582821068539,99.04388130089932,83.69318602227315,1.388723052509694,0.0,0.847173386460006,81.60873912769884,83.95926090281876,2.839343079202099,0.10340222584973376,0.003107185884503073,0.012042864104955022,0.013415971580988987,0.0002415646666424929,0.016075010848339327,-0.433883739117558,-0.9009688679024191,-0.8660254037844386,0.5000000000000001
2013-11-18,83.94000244140625,84.11000061035156,82.9800033569336,83.13999938964844,75.06448364257812,31679600.0,-0.0098144166849679,80.56999969482422,80.91999816894531,80.56999969482422,80.83000183105469,80.83000183105469,0.0,2.703000068664551,2.7049999237060547,2.6689999103546143,2.677999973297119,2.677999973297119,0.0,12.40999984741211,13.220000267028809,12.40999984741211,13.100000381469728,13.100000381469728,0.0,-0.009814416684967953,0.013461963551963864,-0.009766412470347374,82.93900070190429,82.82449989318849,80.58779998779296,74.14084999084473,82.9795534196663,82.15276873083745,0.8267846888288517,0.8889530532607943,58.797422885264446,87.39630847371028,90.18232591252304,0.25322450705399296,-35.4015320058919,0.8673750912427176,81.65933013986873,83.98966964650825,2.81358717486342,0.11026069041408601,0.0019075357452852384,0.003107185884503073,-0.001576000049157765,0.0014479600674058288,0.0021889895949899047,0.0,1.0,-0.8660254037844386,0.5000000000000001
2013-11-19,83.08999633789062,83.48999786376953,82.76000213623047,82.9000015258789,74.8478012084961,25545300.0,-0.0028907915744553,80.48999786376953,80.91999816894531,80.48999786376953,80.69999694824219,80.69999694824219,0.0,2.687000036239624,2.7160000801086426,2.680000066757202,2.711999893188477,2.711999893188477,0.0,13.029999732971191,13.68000030517578,12.880000114440918,13.390000343322754,13.390000343322754,0.0,-0.00289079157445535,0.008785603077541244,-0.002886617259818536,82.92700119018555,82.84700012207031,80.6816000366211,74.21669998168946,82.96731466677593,82.20811930824793,0.7591953585280038,0.8630015143142362,56.522206360726635,73.4792943454262,86.63982804001192,-0.14453760785296496,-44.160584957829464,0.8575622795495994,81.69497486042164,83.99902538371899,2.781091071375502,0.11083343502273933,-0.009814416684967953,0.0019075357452852384,0.001576000049157618,0.0010844940377240655,0.0014559856226917546,0.7818314824680298,0.6234898018587336,-0.8660254037844386,0.5000000000000001
2013-11-20,83.12000274658203,83.43000030517578,82.45999908447266,82.69999694824219,74.6672134399414,32177400.0,-0.0024156484456826,80.48999786376953,81.12999725341797,80.48999786376953,81.11000061035156,81.11000061035156,0.0,2.7230000495910645,2.7950000762939453,2.687000036239624,2.7920000553131104,2.7920000553131104,0.0,13.5600004196167,13.9399995803833,12.970000267028809,13.399999618530272,13.399999618530272,0.0,-0.0024156484456826395,0.011669889180110889,-0.0024127331149199627,82.89700088500977,82.8845001220703,80.77440002441406,74.29034996032716,82.92618886392458,82.24455468898825,0.6816341749363346,0.8267280464386559,54.62517493249281,56.32595174914679,72.40051818942776,-0.3614494599491717,-51.46002778883825,0.8655936324891369,81.80914062714754,83.95985961699307,2.594838584630422,0.10879028712591418,-0.00289079157445535,-0.009814416684967953,0.012042864104955022,-0.00024115723420860418,-0.006082704421181633,0.9749279121818236,-0.22252093395631434,-0.8660254037844386,0.5000000000000001
2013-11-21,83.05000305175781,83.61000061035156,82.9800033569336,83.54000091552734,75.4256362915039,28125000.0,0.0101061350753176,81.05999755859375,81.29000091552734,80.94999694824219,81.05000305175781,81.05000305175781,0.0,2.799000024795532,2.83899998664856,2.7769999504089355,2.7839999198913574,2.7839999198913574,0.0,13.09000015258789,13.09000015258789,12.4399995803833,12.65999984741211,12.65999984741211,0.0,0.010106135075317645,0.007585758341578224,0.01015737452386034,83.10700073242188,82.946000289917,80.885,74.36829998016358,83.02062148724808,82.34051366873189,0.6801078185161913,0.7974040008541631,60.6054080158245,61.19215415472833,63.665800083100436,2.578583510765465,-20.802924789147315,0.8687657774620111,81.86829577151724,84.02370480831675,2.5985689837554777,0.11333245138198167,-0.0024156484456826395,-0.00289079157445535,0.003107185884503073,-0.01897358130106341,0.004383334980033517,0.43388373911755823,-0.900968867902419,-0.8660254037844386,0.5000000000000001
2013-11-22,83.68000030517578,84.0199966430664,83.62000274658203,83.98999786376953,75.8319320678711,25361300.0,0.0053722502345012,81.0199966430664,81.08999633789062,80.69000244140625,80.70999908447266,80.70999908447266,0.0,2.775000095367432,2.782000064849853,2.746000051498413,2.752000093460083,2.752000093460083,0.0,12.6899995803833,12.90999984741211,12.239999771118164,12.260000228881836,12.260000228881836,0.0,0.005372250234501251,0.00478004176655858,0.005386706647020345,83.2520004272461,83.00050010681151,81.00360000610353,74.44949996948245,83.16975631440522,82.46269768317912,0.7070586312261042,0.7793349269285514,63.38913150261238,74.45246057446973,63.990188826114945,1.7567202958068002,-4.379665698605272,0.8409964881818005,81.82663704345026,84.17436317017277,2.8285686516361577,0.11217463634077499,0.010106135075317645,-0.0024156484456826395,0.0019075357452852384,0.013415971580988987,0.0071425513922074345,-0.433883739117558,-0.9009688679024191,-0.8660254037844386,0.5000000000000001
2013-11-25,84.29000091552734,84.37999725341797,83.9800033569336,84.19000244140625,76.01248931884766,21695100.0,0.0023781886015564,80.69000244140625,81.0199966430664,80.68000030517578,80.91999816894531,80.91999816894531,0.0,2.755000114440918,2.7660000324249268,2.727999925613404,2.740999937057495,2.740999937057495,0.0,12.550000190734863,12.920000076293944,12.489999771118164,12.789999961853027,12.789999961853027,0.0,0.0023781886015564295,0.0047454489517117894,0.0023810187351545054,83.43000030517578,83.06400032043456,81.13040008544921,74.53169998168947,83.32671725702077,82.59064618378854,0.7360710732322389,0.770682156189289,64.58688825354874,89.50175933079943,75.04879135333249,2.159930469843294,-6.312131519849141,0.8094963030605559,81.77656520941636,84.35143543145276,3.099863011778102,0.1123269419828261,0.005372250234501251,0.010106135075317645,-0.009814416684967953,-0.001576000049157765,0.0002414480247975495,0.0,1.0,-0.8660254037844386,0.5000000000000001
2013-11-26,84.20999908447266,84.83999633789062,84.02999877929688,84.62999725341797,76.40975952148438,26621000.0,0.00521277051406,80.80000305175781,80.9000015258789,80.5999984741211,80.61000061035156,80.61000061035156,0.0,2.711999893188477,2.733999967575073,2.694000005722046,2.696000099182129,2.696000099182129,0.0,12.84000015258789,12.989999771118164,12.489999771118164,12.8100004196167,12.8100004196167,0.0,0.005212770514060087,0.009618781230257775,0.005226380640822148,83.63899993896484,83.14250030517579,81.25559997558594,74.61364997863771,83.52722187185111,82.74170922598331,0.7855126458677972,0.7736482541249907,67.13427081542353,94.4187815965617,86.12433383394361,2.532101180892351,-6.051857991860499,0.8095321070272126,81.67695503542186,84.60804557492972,3.5253817587265863,0.11340495809498594,0.0023781886015564295,0.005372250234501251,-0.00289079157445535,0.001576000049157618,0.0016864711077148914,0.7818314824680298,0.6234898018587336,-0.8660254037844386,0.5000000000000001
2013-11-27,84.80000305175781,85.23999786376953,84.7300033569336,85.22000122070312,76.94243621826172,21638100.0,0.0069471302522983,80.63999938964844,80.79000091552734,80.4800033569336,80.73999786376953,80.73999786376953,0.0,2.720999956130981,2.7699999809265137,2.7100000381469727,2.736000061035156,2.736000061035156,0.0,12.8100004196167,12.979999542236328,12.4399995803833,12.979999542236328,12.979999542236328,0.0,0.006947130252298369,0.006014085949084949,0.006971317539974375,83.80699996948243,83.25450019836427,81.37380004882813,74.70379997253418,83.78764946398219,82.92528641077737,0.8623630532048168,0.791391213940956,70.22701836037622,95.69996894764972,93.2068366250036,2.0110130317984285,-0.5361036453411572,0.7952798572646662,81.52300347870467,84.98599691802387,4.159527029852069,0.11511102494713478,0.005212770514060087,0.0023781886015564295,-0.0024156484456826395,0.012042864104955022,-0.000962985788162138,0.9749279121818236,-0.22252093395631434,-0.8660254037844386,0.5000000000000001
2013-11-28,84.80000305175781,85.23999786376953,84.7300033569336,85.22000122070312,76.94243621826172,21638100.0,0.0,80.63999938964844,80.79000091552734,80.4800033569336,80.73999786376953,80.73999786376953,0.0,2.720999956130981,2.7699999809265137,2.7100000381469727,2.736000061035156,2.736000061035156,0.0,12.8100004196167,12.979999542236328,12.4399995803833,12.979999542236328,12.979999542236328,0.0,0.0,0.006014085949084949,0.0,83.94899978637696,83.37600021362306,81.48820007324218,74.79754997253418,84.00801127270849,83.09526528558668,0.9127459871218093,0.8156621685771268,70.22701836037623,97.59828587143885,95.90567880521675,1.6945084931181589,-0.6171807484817715,0.7749023322340428,81.45147299406936,85.30052743317675,4.616501666241459,0.11443934105385714,0.006947130252298369,0.005212770514060087,0.010106135075317645,0.003107185884503073,-0.0022925626371597205,0.43388373911755823,-0.900968867902419,-0.8660254037844386,0.5000000000000001
2013-11-29,85.55999755859375,85.83999633789062,85.47000122070312,85.7300033569336,77.40294647216797,16708900.0,0.0059672872927644,80.58999633789062,80.68000030517578,80.48999786376953,80.68000030517578,80.68000030517578,0.0,2.746000051498413,2.7679998874664307,2.736000061035156,2.740999937057495,2.740999937057495,0.0,13.0600004196167,13.779999732971191,12.93000030517578,13.699999809265137,13.699999809265137,0.0,0.005967287292764407,0.004324393732411195,0.005985127018852454,84.12600021362306,83.52200050354006,81.62300018310546,74.89049999237061,84.27293313182005,83.29043106864941,0.9825020631706423,0.84903014749583,72.79361957265968,98.66077077623773,97.31967519844208,2.1081518482153934,-2.864403277463856,0.7638375311592899,81.35100878548197,85.69299222159815,5.198610437895518,0.11544021510244404,0.0,0.006947130252298369,0.005372250234501251,0.0019075357452852384,0.0002415646666424929,-0.433883739117558,-0.9009688679024191,-0.8660254037844386,0.5000000000000001
2013-12-02,85.83000183105469,85.95999908447266,85.3499984741211,85.4800033569336,77.17721557617188,26354600.0,-0.0029205695408364,80.66000366210938,80.95999908447266,80.5,80.91000366210938,80.91000366210938,0.0,2.7809998989105225,2.809999942779541,2.7679998874664307,2.8010001182556152,2.8010001182556152,0.0,13.90999984741211,14.3100004196167,13.779999732971191,14.229999542236328,14.229999542236328,0.0,-0.0029205695408364546,0.007107079078854853,-0.002916308826528491,84.36000061035156,83.64950065612796,81.75600021362304,74.98635002136231,84.45863624337598,83.45262160852232,1.0060146348536563,0.8804270449673953,69.62511256060165,94.79910298031515,97.01938654266391,2.814534501399701,-12.12110703310888,0.7528491796730237,81.3304305566336,85.96857075562231,5.5447314838799695,0.11661860607940079,0.005967287292764407,0.0,0.0023781886015564295,-0.009814416684967953,0.0014479600674058288,0.0,1.0,-0.5000000000000004,0.8660254037844384
2013-12-03,85.41999816894531,85.63999938964844,85.08000183105469,85.41000366210938,77.11400604248047,37147000.0,-0.0008193536426057,80.88999938964844,80.98999786376953,80.5,80.62000274658203,80.62000274658203,0.0,2.7769999504089355,2.7839999198913574,2.759000062942505,2.775000095367432,2.775000095367432,0.0,14.739999771118164,15.039999961853027,14.43000030517578,14.550000190734863,14.550000190734863,0.0,-0.0008193536426057686,0.006555813282577882,-0.0008190180640686995,84.61100082397462,83.76900100708009,81.88760025024413,75.0806000518799,84.60500046164266,83.59761287175098,1.0073875898916782,0.905819153952252,68.72311571202195,89.76677825492068,94.40888400382453,3.027746791351893,-15.71415492466518,0.739074063881647,81.34268051129322,86.19532150286696,5.792883922733655,0.11690712082016425,-0.0029205695408364546,0.005967287292764407,0.005212770514060087,-0.00289079157445535,0.0010844940377240655,0.7818314824680298,0.6234898018587336,-0.5000000000000004,0.8660254037844384
2013-12-04,85.05000305175781,85.7699966430664,84.77999877929688,85.48999786376953,77.18620300292969,37193200.0,0.0009357986766778,80.62999725341797,80.91000366210938,80.54000091552734,80.62999725341797,80.62999725341797,0.0,2.828000068664551,2.851999998092652,2.8239998817443848,2.8410000801086426,2.8410000801086426,0.0,15.029999732971191,15.710000038146973,14.220000267028809,14.699999809265137,14.699999809265137,0.0,0.0009357986766778344,0.011640186105191092,0.0009362366728742355,84.89000091552734,83.89350090026856,82.02620025634765,75.17185005187989,84.7411539081237,83.73778953782643,1.0033643702972768,0.9253281972212569,69.21395582050927,86.24537724547412,90.27041949356999,3.373640892965772,-13.42860630580357,0.7569971924450672,81.37937821691294,86.40762358362419,5.9936053600728325,0.11675999019870256,-0.0008193536426057686,-0.0029205695408364546,0.006947130252298369,-0.0024156484456826395,-0.00024115723420860418,0.9749279121818236,-0.22252093395631434,-0.5000000000000004,0.8660254037844384
2013-12-05,85.55999755859375,85.66000366210938,85.16999816894531,85.37999725341797,77.0869140625,39829300.0,-0.0012871841319758,80.63999938964844,80.83000183105469,80.2300033569336,80.2699966430664,80.2699966430664,0.0,2.8410000801086426,2.872999906539917,2.8410000801086426,2.861999988555908,2.861999988555908,0.0,14.81999969482422,15.380000114440918,14.699999809265137,15.079999923706056,15.079999923706056,0.0,-0.0012871841319758899,0.0057270395879627485,-0.0012863560658104012,85.0740005493164,84.09050064086914,82.15040023803711,75.26325004577637,84.83943749970743,83.85943455379618,0.9800029459112523,0.936263146959256,67.6419507105796,84.7619192940848,86.92469159815987,2.202533298690245,-16.571480887276792,0.7379263567821384,81.77634739650384,86.40465388523444,5.5039587747217915,0.08932722241237762,0.0009357986766778344,-0.0008193536426057686,0.0,0.010106135075317645,-0.01897358130106341,0.43388373911755823,-0.900968867902419,-0.5000000000000004,0.8660254037844384
2013-12-06,86.0999984741211,86.18000030517578,85.58999633789062,86.0,77.64669799804688,36842900.0,0.0072354851703181,80.30000305175781,80.61000061035156,80.22000122070312,80.2699966430664,80.2699966430664,0.0,2.868000030517578,2.931999921798706,2.8410000801086426,2.882999897003174,2.882999897003174,0.0,13.970000267028809,14.09000015258789,13.619999885559082,13.789999961853027,13.789999961853027,0.0,0.00723548517031818,0.006852543295485569,0.007261724539822989,85.27500076293944,84.26350059509278,82.28900024414062,75.35635005950928,85.01798557667551,84.01799495721868,0.9999906194568382,0.9490086414587725,71.56240463630317,88.38706550455188,86.46478734803694,2.3931446450214953,-4.838716293263989,0.742360406423258,81.92025684231439,86.60674434787117,5.561705213359851,0.08153800114224863,-0.0012871841319758899,0.0009357986766778344,0.005967287292764407,0.005372250234501251,0.013415971580988987,-0.433883739117558,-0.9009688679024191,-0.5000000000000004,0.8660254037844384
2013-12-09,86.3499984741211,86.52999877929688,86.19999694824219,86.3499984741211,77.96270751953125,22590000.0,0.0040615791166621,80.25,80.33000183105469,80.12000274658203,80.12999725341797,80.12999725341797,0.0,2.845999956130981,2.8570001125335693,2.8350000381469727,2.8570001125335693,2.8570001125335693,0.0,13.970000267028809,14.06999969482422,13.489999771118164,13.489999771118164,13.489999771118164,0.0,0.004061579116662177,0.003821677323521764,0.004069838507393175,85.49100036621093,84.46050033569335,82.43840026855469,75.44970005035402,85.22291063782097,84.19073595847071,1.0321746793502626,0.9656418490370706,73.51332141735075,91.38906352235436,88.17934944033036,2.5656205844846447,-4.42261225239614,0.7271917187713735,82.11089328383754,86.81010738754917,5.563800930653164,0.08066084407882637,0.00723548517031818,-0.0012871841319758899,-0.0029205695408364546,0.0023781886015564295,-0.001576000049157765,0.0,1.0,-0.5000000000000004,0.8660254037844384
2013-12-10,86.20999908447266,86.44999694824219,86.12000274658203,86.29000091552734,77.90852355957031,26965900.0,-0.0006952400615347,80.12999725341797,80.18000030517578,79.83999633789062,79.97000122070312,79.97000122070312,0.0,2.819000005722046,2.822000026702881,2.7920000553131104,2.796999931335449,2.796999931335449,0.0,14.140000343322754,14.220000267028809,13.6899995803833,13.90999984741211,13.90999984741211,0.0,-0.000695240061534708,0.003827794979290189,-0.0006949984381617869,85.65700073242188,84.64800033569335,82.57060028076172,75.5377500534058,85.38707837285271,84.34623706640083,1.040841306451881,0.9806817405200328,72.59393449867447,94.6593865106841,91.47850517919679,1.9614837716922318,-6.7605119222875265,0.6988204675491436,82.34565679212614,86.95034387926057,5.439806101589369,0.08134435434697282,0.004061579116662177,0.00723548517031818,-0.0008193536426057686,0.005212770514060087,0.001576000049157618,0.7818314824680298,0.6234898018587336,-0.5000000000000004,0.8660254037844384
2013-12-11,86.27999877929688,86.4000015258789,85.05999755859375,85.18000030517578,76.90634155273438,36830600.0,-0.012947025537102,79.9800033569336,80.05999755859375,79.76000213623047,79.88999938964844,79.88999938964844,0.0,2.816999912261963,2.845999956130981,2.805999994277954,2.844000101089477,2.844000101089477,0.0,13.979999542236328,15.43000030517578,13.979999542236328,15.420000076293944,15.420000076293944,0.0,-0.012947025537102096,0.015530876057530658,-0.012863573342776213,85.65300064086915,84.73000030517579,82.68120025634767,75.62110004425051,85.35522020859473,84.4079973063101,0.9472229022846363,0.9739899728729535,58.11344564279176,80.80837081216573,88.95227361506807,-0.04693841229097053,-46.391763388819115,0.7446192889588589,82.47753434106977,86.98246626928182,5.316808582540342,0.08930334799501688,-0.000695240061534708,0.004061579116662177,0.0009357986766778344,0.006947130252298369,0.012042864104955022,0.9749279121818236,-0.22252093395631434,-0.5000000000000004,0.8660254037844384
2013-12-12,85.20999908447266,85.41999816894531,84.9000015258789,84.95999908447266,76.70771026611328,33662600.0,-0.0025861097337443,79.9000015258789,80.25,79.8499984741211,80.19999694824219,80.19999694824219,0.0,2.858999967575073,2.888000011444092,2.852999925613404,2.877000093460083,2.877000093460083,0.0,15.4399995803833,16.09000015258789,15.210000038146973,15.539999961853027,15.539999961853027,0.0,-0.002586109733744378,0.0061025307904405595,-0.0025827686327387633,85.6270004272461,84.78800010681152,82.80600021362304,75.70245002746583,85.2944169587298,84.44888632691473,0.8455306318150662,0.9482981046613761,55.740224764136315,61.75966622679676,79.0758078498822,-0.3050952035979372,-61.56872600850305,0.7285748142522551,82.57700657568554,86.9989936379375,5.215345398737283,0.08978333680259978,-0.012947025537102096,-0.000695240061534708,-0.0012871841319758899,0.0,0.003107185884503073,0.43388373911755823,-0.900968867902419,-0.5000000000000004,0.8660254037844384
2013-12-13,85.36000061035156,85.4000015258789,84.70999908447266,84.8499984741211,76.60839080810547,34072000.0,-0.001295616979629,80.2300033569336,80.41999816894531,80.16000366210938,80.20999908447266,80.20999908447266,0.0,2.869999885559082,2.878999948501587,2.8540000915527344,2.868000030517578,2.868000030517578,0.0,15.170000076293944,15.800000190734863,15.0600004196167,15.760000228881836,15.760000228881836,0.0,-0.001295616979629038,0.00808343997741928,-0.0012947780303081968,85.53899993896485,84.83250007629394,82.91500015258788,75.7828500366211,85.22604488417461,84.47859833781891,0.7474465463557038,0.9081277930002417,54.54089535027779,41.61316613188219,61.39373439028156,-1.0264841343218352,-67.20001220703125,0.7258196447632548,82.65612007688831,87.00888007569957,5.1310052101454104,0.08992581870447282,-0.002586109733744378,-0.012947025537102096,0.00723548517031818,0.005967287292764407,0.0019075357452852384,-0.433883739117558,-0.9009688679024191,-0.5000000000000004,0.8660254037844384
2013-12-16,85.2699966430664,85.80999755859375,85.20999908447266,85.31999969482422,77.03273010253906,24902500.0,0.0055237864821474,80.19000244140625,80.22000122070312,79.91999816894531,80.06999969482422,80.06999969482422,0.0,2.8480000495910645,2.88700008392334,2.83899998664856,2.877000093460083,2.877000093460083,0.0,15.640000343322754,16.079999923706055,15.300000190734863,16.030000686645508,16.030000686645508,0.0,0.005523786482147411,0.0070364547641844155,0.00553907072002735,85.52299957275392,84.94150009155273,83.04660018920897,75.86460002899172,85.24049947042839,84.54092436426374,0.6995751061646445,0.8664172556331223,58.63613615352444,34.91592815225546,46.096253503644796,-0.18718256413872322,-66.48347732769932,0.7425467475996406,82.90838118748566,86.97461899561979,4.787103834699657,0.08272405237221658,-0.001295616979629038,-0.002586109733744378,0.004061579116662177,-0.0029205695408364546,-0.009814416684967953,0.0,1.0,-0.5000000000000004,0.8660254037844384
2013-12-17,85.31999969482422,85.52999877929688,84.98999786376953,85.1500015258789,76.87924194335938,24454900.0,-0.00199449345,80.0999984741211,80.27999877929688,79.9800033569336,80.05999755859375,80.05999755859375,0.0,2.875999927520752,2.88700008392334,2.83899998664856,2.8429999351501465,2.8429999351501465,0.0,16.040000915527344,16.670000076293945,15.8100004196167,16.209999084472656,16.209999084472656,0.0,-0.0019944934500000034,0.006329124677201586,-0.0019925057696303927,85.49699935913087,85.05400009155274,83.2052001953125,75.94675003051759,85.22657670972846,84.58604119105006,0.640535518678405,0.8212409082421789,56.648322979356315,30.164157612698453,35.564417298945365,-0.3044164911396837,-75.82403762717406,0.7280791881659051,83.26178883019668,86.8462113529088,4.214290355366965,0.08218206728399789,0.005523786482147411,-0.001295616979629038,-0.000695240061534708,-0.0008193536426057686,-0.00289079157445535,0.7818314824680298,0.6234898018587336,-0.5000000000000004,0.8660254037844384
2013-12-18,85.25,86.22000122070312,84.05000305175781,86.13999938964844,77.7730941772461,68387200.0,0.0115596338175522,80.05000305175781,80.56999969482422,79.80999755859375,80.11000061035156,80.11000061035156,0.0,2.861000061035156,2.928999900817871,2.8239998817443848,2.884999990463257,2.884999990463257,0.0,15.949999809265137,16.75,13.739999771118164,13.800000190734863,13.800000190734863,0.0,0.011559633817552236,0.025454523975898095,0.011626704573196367,85.56199951171874,85.22600021362305,83.38840011596679,76.03430004119873,85.36710327587,84.70114920576104,0.6659540701089526,0.7901835406155338,64.24930068313893,47.32222537085563,37.46743704526985,0.7603246486386631,-15.725808932559726,0.83107340107872,83.75319525907075,86.69880516817535,3.4562338977791893,0.08844715256912968,-0.0019944934500000034,0.005523786482147411,-0.012947025537102096,0.0009357986766778344,-0.0024156484456826395,0.9749279121818236,-0.22252093395631434,-0.5000000000000004,0.8660254037844384
2013-12-19,86.0,86.01000213623047,85.5199966430664,85.9000015258789,77.55641174316406,44964100.0,-0.0027899731393829,80.5199966430664,80.66999816894531,80.47000122070312,80.62999725341797,80.62999725341797,0.0,2.882999897003174,2.950999975204468,2.882999897003174,2.924999952316284,2.924999952316284,0.0,13.59000015258789,14.210000038146973,12.890000343322754,14.149999618530272,14.149999618530272,0.0,-0.0027899731393829404,0.005697738292605378,-0.002786084781302489,85.61399993896484,85.34400024414063,83.53420013427734,76.11950004577638,85.44908762202522,84.78995308132534,0.6591345406998812,0.7639737406324033,61.43706435706506,61.01566487312628,46.16734928556012,0.6090469538403744,-25.40315882088735,0.8159969257575279,84.07603979697964,86.61196069130162,2.9714108631743934,0.08460677851975355,0.011559633817552236,-0.0019944934500000034,-0.002586109733744378,-0.0012871841319758899,0.010106135075317645,0.43388373911755823,-0.900968867902419,-0.5000000000000004,0.8660254037844384
2013-12-20,85.79000091552734,86.68000030517578,85.7300033569336,86.5,78.34619903564453,40475400.0,0.0101318899643501,80.70999908447266,80.83000183105469,80.38999938964844,80.58000183105469,80.58000183105469,0.0,2.946000099182129,2.9660000801086426,2.880000114440918,2.88700008392334,2.88700008392334,0.0,13.609999656677246,13.869999885559082,13.119999885559082,13.789999961853027,13.789999961853027,0.0,0.010131889964350152,0.011073516005409498,0.010183391349975368,85.66399993896485,85.46950035095216,83.67960006713868,76.20945003509523,85.61076644940596,84.91662322344938,0.6941432259565801,0.7500076376972387,65.50242794030684,84.00896901050757,64.11561975149648,0.5813953488372093,-6.844125215030217,0.8255683559350037,84.27084364602777,86.66815705587655,2.804875891405712,0.08914125320024675,-0.0027899731393829404,0.011559633817552236,-0.001295616979629038,0.00723548517031818,0.005372250234501251,-0.433883739117558,-0.9009688679024191,-0.5000000000000004,0.8660254037844384
2013-12-23,87.20999908447266,87.41000366210938,86.94999694824219,87.41000366210938,79.1704330444336,28181800.0,0.010465453975155,80.55000305175781,80.55000305175781,80.31999969482422,80.44999694824219,80.44999694824219,0.0,2.91599988937378,2.933000087738037,2.8959999084472656,2.928999900817871,2.928999900817871,0.0,13.369999885559082,13.529999732971191,13.020000457763672,13.039999961853027,13.039999961853027,0.0,0.010465453975155076,0.0052747015101057325,0.010520408378893675,85.77000045776369,85.6305004119873,83.83200012207033,76.304700050354,85.88757217443725,85.10131807075753,0.7862541036797239,0.7572569308937357,70.5699732380039,89.2509053213608,78.09184640166488,1.2275682764556881,0.0,0.8315994492331731,84.29793558672493,86.96306523724967,3.1123602427898986,0.09450166242627342,0.010131889964350152,-0.0027899731393829404,0.005523786482147411,0.004061579116662177,0.0023781886015564295,0.0,1.0,-0.5000000000000004,0.8660254037844384
2013-12-24,87.43000030517578,87.51000213623047,87.2699966430664,87.44999694824219,79.20664978027344,13852500.0,0.0004573481948925,80.44000244140625,80.62000274658203,80.43000030517578,80.52999877929688,80.52999877929688,0.0,2.941999912261963,2.984999895095825,2.941999912261963,2.9830000400543213,2.9830000400543213,0.0,12.850000381469728,12.890000343322754,12.479999542236328,12.479999542236328,12.479999542236328,0.0,0.0004573481948925761,0.002745116005104879,0.00045745279452380494,85.88600006103516,85.77150039672853,83.99139999389648,76.40080001831056,86.12794521656109,85.27529428390454,0.8526509326565446,0.7763357312462975,70.77317124201915,97.14054011265992,90.13347148150942,1.344299478974869,-1.7342544469900245,0.7893427380853795,84.29561322549908,87.24738756795797,3.4414395560363498,0.09388651699489792,0.010465453975155076,0.010131889964350152,-0.0019944934500000034,-0.000695240061534708,0.005212770514060087,0.7818314824680298,0.6234898018587336,-0.5000000000000004,0.8660254037844384
2013-12-25,87.43000030517578,87.51000213623047,87.2699966430664,87.44999694824219,79.20664978027344,13852500.0,0.0,80.44000244140625,80.62000274658203,80.43000030517578,80.52999877929688,80.52999877929688,0.0,2.941999912261963,2.984999895095825,2.941999912261963,2.9830000400543213,2.9830000400543213,0.0,12.850000381469728,12.890000343322754,12.479999542236328,12.479999542236328,12.479999542236328,0.0,0.0,0.002745116005104879,0.0,86.1129997253418,85.88300018310548,84.13279998779296,76.49450000762941,86.33133779066587,85.43638337015177,0.8949544205140967,0.8000594690998575,70.77317124201915,98.84383036867331,95.07842526756467,2.6649408721925947,-1.7342544469900245,0.7501043634481426,84.25358574127004,87.51241462494092,3.7944981855814754,0.09205325898976088,0.0004573481948925761,0.010465453975155076,0.011559633817552236,-0.012947025537102096,0.006947130252298369,0.9749279121818236,-0.22252093395631434,-0.5000000000000004,0.8660254037844384
2013-12-26,87.61000061035156,87.80999755859375,87.44000244140625,87.73999786376953,79.46934509277344,15241100.0,0.0033110938136758,80.61000061035156,80.62000274658203,80.44999694824219,80.4800033569336,80.4800033569336,0.0,2.9809999465942383,3.0,2.9809999465942383,2.990000009536743,2.990000009536743,0.0,12.479999542236328,12.5,11.6899995803833,12.329999923706056,12.329999923706056,0.0,0.003311093813675841,0.004223206421753902,0.0033165815399178733,86.39099960327148,86.00900001525879,84.27080001831055,76.59354999542238,86.54805472498951,85.60702148079012,0.9410332441993887,0.8282542241197637,72.37708123145414,98.22326479163186,98.06921175765503,3.2721266587265645,-1.8616967311243182,0.7229537030009539,84.21412058120276,87.80387944931482,4.173701435286075,0.09211174538039278,0.0,0.0004573481948925761,-0.0027899731393829404,-0.002586109733744378,0.0,0.43388373911755823,-0.900968867902419,-0.5000000000000004,0.8660254037844384
2013-12-27,87.8499984741211,87.9000015258789,87.41000366210938,87.5199966430664,79.27005767822266,15827400.0,-0.0025108765155039,80.51000213623047,80.5199966430664,79.69000244140625,80.38999938964844,80.38999938964844,0.0,3.0190000534057617,3.0190000534057617,2.9809999465942383,3.00600004196167,3.00600004196167,0.0,12.210000038146973,12.59000015258789,12.199999809265137,12.460000038146973,12.460000038146973,0.0,-0.0025108765155039963,0.005577665023111812,-0.0025077269017145243,86.657999420166,86.09849967956545,84.3781999206543,76.68819999694827,86.6975842508475,85.74872334466244,0.948860906185061,0.8523755605328233,69.27136037365183,95.51126273785171,97.52611929938563,3.146727421285283,-9.870260608330506,0.7063140001987094,84.18744426744325,88.00955509168764,4.4392304610059625,0.09171478692957526,0.003311093813675841,0.0,0.010131889964350152,-0.001295616979629038,0.005967287292764407,-0.433883739117558,-0.9009688679024191,-0.5000000000000004,0.8660254037844384
2013-12-30,87.38999938964844,87.51000213623047,87.13999938964844,87.38999938964844,79.1523208618164,18983700.0,-0.0014863662465801,80.33999633789062,80.43000030517578,79.93000030517578,80.0,80.0,0.0,2.990999937057495,2.990999937057495,2.9670000076293945,2.9760000705718994,2.9760000705718994,0.0,12.869999885559082,13.579999923706056,12.829999923706056,13.5600004196167,13.5600004196167,0.0,-0.0014863662465801333,0.004233925496809867,-0.0014852621513683495,86.86499938964842,86.19399948120119,84.47939987182617,76.78345001220706,86.80410965681688,85.87029934799473,0.9338103088221459,0.8686625101906879,67.43012591699328,91.6737428923825,95.13609014062203,2.4261599885469662,-13.246813983397644,0.6830056611429421,84.22312415860736,88.16487480379502,4.573114913930111,0.09100037783028476,-0.0025108765155039963,0.003311093813675841,0.010465453975155076,0.005523786482147411,-0.0029205695408364546,0.0,1.0,-0.5000000000000004,0.8660254037844384
2013-12-31,87.55000305175781,87.95999908447266,87.5199966430664,87.95999908447266,79.66858673095703,24890500.0,0.0065012559788625,80.01000213623047,80.22000122070312,79.97000122070312,80.04000091552734,80.04000091552734,0.0,2.984999895095825,3.0360000133514404,2.9830000400543213,3.026000022888184,3.026000022888184,0.0,13.43000030517578,14.350000381469728,13.380000114440918,13.720000267028809,13.720000267028809,0.0,0.006501255978862579,0.00502572731089603,0.006522435015416939,87.14599914550782,86.32149925231934,84.58959991455077,76.87970001220705,86.98193879953315,86.02509192106716,0.9568468784659956,0.8862993838457495,71.06213550009568,92.29430846942394,93.15977136655272,3.300055793586488,0.0,0.6749338064058905,84.23749290706971,88.40550559756898,4.8284757871455515,0.09247623619680936,-0.0014863662465801333,-0.0025108765155039963,0.0004573481948925761,-0.0019944934500000034,-0.0008193536426057686,0.7818314824680298,0.6234898018587336,-0.5000000000000004,0.8660254037844384
2014-01-01,87.55000305175781,87.95999908447266,87.5199966430664,87.95999908447266,79.66858673095703,24890500.0,0.0,80.01000213623047,80.22000122070312,79.97000122070312,80.04000091552734,80.04000091552734,0.0,2.984999895095825,3.0360000133514404,2.9830000400543213,3.026000022888184,3.026000022888184,0.0,13.43000030517578,14.350000381469728,13.380000114440918,13.720000267028809,13.720000267028809,0.0,0.0,0.00502572731089603,0.0,87.32799911499025,86.4449993133545,84.70979995727538,76.97549999237062,87.13240961260077,86.16841837761571,0.963991234985059,0.9018377540736113,71.06213550009568,95.58439533886744,93.18414890022463,2.1128392241931344,0.0,0.6581529946202018,84.27739654032877,88.61260208638024,5.014987079052174,0.09262887680367406,0.006501255978862579,-0.0014863662465801333,0.0,0.011559633817552236,0.0009357986766778344,0.9749279121818236,-0.22252093395631434,0.0,1.0
2014-01-02,87.55000305175781,87.58000183105469,87.0199966430664,87.2699966430664,79.04363250732422,29177500.0,-0.00787535397921,80.13999938964844,80.70999908447266,80.08000183105469,80.62999725341797,80.62999725341797,0.0,3.0280001163482666,3.0339999198913574,2.977999925613404,2.984999895095825,2.984999895095825,0.0,14.31999969482422,14.59000015258789,14.0,14.229999542236328,14.229999542236328,0.0,-0.007875353979210093,0.006396403980217081,-0.007844424625521484,87.464998626709,86.53949928283693,84.80899993896485,77.06699996948244,87.15357684805703,86.25001676764909,0.9035600804079422,0.9021822193404776,61.442757798329986,94.11762027690892,93.99877469506676,1.5948720522138344,-17.647139169273217,0.6782850979620625,84.40281864101212,88.67617992466174,4.938047156574132,0.09812515058710303,0.0,0.006501255978862579,0.003311093813675841,-0.0027899731393829404,-0.0012871841319758899,0.43388373911755823,-0.900968867902419,0.0,1.0
2014-01-03,87.2699966430664,87.3499984741211,86.62000274658203,86.63999938964844,78.47301483154297,35723700.0,-0.0072452046375833,80.55999755859375,80.9000015258789,80.48999786376953,80.79000091552734,80.79000091552734,0.0,2.997999906539917,3.01200008392334,2.970999956130981,2.994999885559082,2.994999885559082,0.0,14.0600004196167,14.220000267028809,13.56999969482422,13.760000228881836,13.760000228881836,0.0,-0.0072452046375833705,0.008364796099680619,-0.007219021414892279,87.47899856567385,86.57149925231936,84.88379989624025,77.15534996032717,87.07456493137879,86.27890436927866,0.7956605621001245,0.8808778878924071,54.22531253403925,82.86441452955596,90.85547671511077,0.1618490053739162,-33.75961724205888,0.6819787143604196,84.44972092078469,88.69327758385403,4.901794123607778,0.09986380671724979,-0.007875353979210093,0.0,-0.0025108765155039963,0.010131889964350152,0.00723548517031818,-0.433883739117558,-0.9009688679024191,0.0,1.0
2014-01-06,86.66000366210938,86.76000213623047,86.0,86.31999969482422,78.18316650390625,32073100.0,-0.0037004433009108,80.87000274658203,80.91000366210938,80.54000091552734,80.6500015258789,80.6500015258789,0.0,2.9760000705718994,2.983999967575073,2.946000099182129,2.9609999656677246,2.9609999656677246,0.0,13.40999984741211,14.0,13.220000267028809,13.550000190734863,13.550000190734863,0.0,-0.003700443300910829,0.008769929657443193,-0.0036936050979936574,87.36999816894532,86.5699993133545,84.9517999267578,77.24444995880128,86.95847797190885,86.28194846746723,0.6765295044416177,0.8400082112022493,50.95141813936413,68.88316087502024,81.9550652271617,-1.2470013975730478,-41.94376096360717,0.687551815922566,84.44751938076584,88.69247924594316,4.903499940911382,0.10002312849608733,-0.0072452046375833705,-0.007875353979210093,-0.0014863662465801333,0.010465453975155076,0.004061579116662177,0.0,1.0,0.0,1.0
2014-01-07,86.72000122070312,87.25,86.55999755859375,87.12000274658203,78.90776824951172,25860600.0,0.0092253176258862,80.68000030517578,80.94999694824219,80.5999984741211,80.83000183105469,80.83000183105469,0.0,2.9560000896453857,2.9649999141693115,2.937000036239624,2.937000036239624,2.937000036239624,0.0,12.380000114440918,13.279999732971191,12.15999984741211,12.920000076293944,12.920000076293944,0.0,0.009225317625886213,0.00795667010716695,0.00926800202661604,87.3369987487793,86.61149940490724,85.03300003051757,77.33484996795656,86.98332793724319,86.34402656221648,0.6393013750267045,0.7998668439671405,57.80951864996155,63.29019227282427,71.67925589246681,-0.37735187327160835,-34.426044975861124,0.7048695651549385,84.47963416887089,88.74336464094358,4.9228226059680935,0.10499797795504012,-0.003700443300910829,-0.0072452046375833705,0.006501255978862579,0.0004573481948925761,-0.000695240061534708,0.7818314824680298,0.6234898018587336,0.0,1.0
2014-01-08,87.13999938964844,87.55000305175781,86.94999694824219,87.30999755859375,79.07984161376953,27197400.0,0.0021783155330754,80.91000366210938,81.16999816894531,80.83000183105469,81.04000091552734,81.04000091552734,0.0,2.983999967575073,3.009999990463257,2.9760000705718994,2.993000030517578,2.993000030517578,0.0,13.039999961853027,13.239999771118164,12.859999656677246,12.869999885559082,12.869999885559082,0.0,0.0021783155330754394,0.006885541745676224,0.0021806897860006114,87.32299880981445,86.71799926757814,85.11959991455079,77.42934993743899,87.03358480206634,86.41557996935555,0.6180048327107954,0.7634944417158716,59.266208223069896,64.82736257592666,65.66690524125706,-0.16009078848944613,-29.148106332751723,0.6973793178949875,84.67633327292724,88.75966526222903,4.708747922910695,0.09196134364877703,0.009225317625886213,-0.003700443300910829,0.0,0.0,-0.012947025537102096,0.9749279121818236,-0.22252093395631434,0.0,1.0
2014-01-09,87.62999725341797,87.63999938964844,86.72000122070312,87.0199966430664,78.81719970703125,23674700.0,-0.0033267519995162,81.06999969482422,81.19000244140625,80.8499984741211,81.01000213623047,81.01000213623047,0.0,2.986000061035156,3.000999927520752,2.963000059127808,2.963000059127808,2.963000059127808,0.0,12.829999923706056,13.260000228881836,12.829999923706056,12.890000343322754,12.890000343322754,0.0,-0.0033267519995162473,0.010498667097806265,-0.0033212244913316535,87.25099868774413,86.82099914550783,85.20419982910157,77.52229991912844,87.03149431606634,86.4603515748156,0.571142741250739,0.7250241016228451,56.08327028074147,62.822172684764496,63.646575844505136,-0.8206077481572803,-47.959330637093665,0.7132806643985822,84.95223324627891,88.68976504473675,4.3048707515953755,0.0924228628438293,0.0021783155330754394,0.009225317625886213,-0.007875353979210093,0.003311093813675841,-0.002586109733744378,0.43388373911755823,-0.900968867902419,0.0,1.0
2014-01-10,87.2300033569336,87.4000015258789,86.58000183105469,87.30000305175781,79.07079315185547,38008900.0,0.0032123236010801,80.94999694824219,81.13999938964844,80.52999877929688,80.66000366210938,80.66000366210938,0.0,2.9560000896453857,2.969000101089477,2.8580000400543213,2.859999895095825,2.859999895095825,0.0,12.600000381469728,12.899999618530272,12.140000343322754,12.140000343322754,12.140000343322754,0.0,0.003212323601080161,0.00940043176966174,0.0032174886416522774,87.22899932861327,86.94349937438967,85.29399993896484,77.61949993133547,87.07280335232657,86.52254798051503,0.550255371811545,0.6900703556605852,58.406032040655,63.07309344197407,63.57420956755507,-0.2513638022700065,-33.67328270423236,0.7209034522861277,85.31268857132274,88.57431017745661,3.751426650184527,0.09209182959291122,-0.0033267519995162473,0.0021783155330754394,-0.0072452046375833705,-0.0025108765155039963,-0.001295616979629038,-0.433883739117558,-0.9009688679024191,0.0,1.0
2014-01-13,87.18000030517578,87.4800033569336,85.68000030517578,86.01000213623047,77.90243530273438,48842300.0,-0.0148863527438365,80.58000183105469,80.75,80.47000122070312,80.51000213623047,80.51000213623047,0.0,2.8540000915527344,2.865000009536743,2.819000005722046,2.82699990272522,2.82699990272522,0.0,12.18000030517578,13.649999618530272,11.81999969482422,13.279999732971191,13.279999732971191,0.0,-0.014886352743836545,0.020646972303932743,-0.014776098766042023,87.09099960327148,86.97799949645997,85.35559997558595,77.70844993591311,86.90929547292717,86.48458162167914,0.4247138512480291,0.636999054778074,46.265479054749754,44.28038630927257,56.72521747867037,-1.5791249148142605,-85.52622773085623,0.7979819951055338,85.46700859650522,88.48899039641472,3.4744209080509982,0.10768261827818576,0.003212323601080161,-0.0033267519995162473,-0.003700443300910829,-0.0014863662465801333,0.005523786482147411,0.0,1.0,0.0,1.0
2014-01-14,86.30000305175781,87.72000122070312,86.30000305175781,87.6500015258789,79.38782501220703,37178900.0,0.018887804820609,80.58999633789062,80.69999694824219,80.44000244140625,80.61000061035156,80.61000061035156,0.0,2.8469998836517334,2.875,2.8399999141693115,2.86899995803833,2.86899995803833,0.0,12.890000343322754,12.899999618530272,11.960000038146973,12.279999732971191,12.279999732971191,0.0,0.018887804820609068,0.01645420763303657,0.019067307763875663,87.05999984741212,87.10299949645997,85.4482000732422,77.80329994201662,87.02325025030436,86.57090902199025,0.4523412283141113,0.6000674894852814,58.169894561602284,55.73469937886922,54.36272637670528,-0.3524301521377267,-13.596391428303733,0.8631260729174711,85.83458114683671,88.37141784608323,2.9124561885490787,0.12519695955010787,-0.014886352743836545,0.003212323601080161,0.009225317625886213,0.006501255978862579,-0.0019944934500000034,0.7818314824680298,0.6234898018587336,0.0,1.0
2014-01-15,88.02999877929688,88.54000091552734,87.94000244140625,88.37000274658203,80.03992462158203,39835600.0,0.008180548837777,80.66000366210938,81.12999725341797,80.6500015258789,81.0,81.0,0.0,2.864000082015991,2.9119999408721924,2.859999895095825,2.884000062942505,2.884000062942505,0.0,12.149999618530272,12.399999618530272,11.8100004196167,12.279999732971191,12.279999732971191,0.0,0.008180548837777017,0.006815840991039556,0.008214100956597914,87.10100021362305,87.21449966430666,85.55560012817385,77.89504997253418,87.23044294203939,86.70417522381186,0.5262677182275297,0.5853075352337311,62.13592693348308,64.97779672939338,54.99762747251172,0.4661251323065917,-5.943990652659881,0.8650455955411116,85.91094286584331,88.51805646277,2.9893121063144505,0.1221716361264711,0.018887804820609068,-0.014886352743836545,0.0021783155330754394,0.0,0.011559633817552236,0.9749279121818236,-0.22252093395631434,0.0,1.0
2014-01-16,88.30000305175781,88.51000213623047,88.16000366210938,88.37999725341797,80.04902648925781,31630100.0,0.0001137101295552,81.05000305175781,81.12000274658203,80.7699966430664,80.9000015258789,80.9000015258789,0.0,2.880000114440918,2.880000114440918,2.838000059127808,2.8429999351501465,2.8429999351501465,0.0,12.31999969482422,12.65999984741211,12.279999732971191,12.529999732971191,12.529999732971191,0.0,0.00011371012955525249,0.0039637424917860885,0.0001137165947970864,87.21200027465821,87.33849945068361,85.69440002441405,77.98699996948241,87.40729745148225,86.82831018896786,0.5789872625143886,0.5840434806898627,62.189517991262775,91.62169515759186,70.77806375528482,1.271915495644461,-5.594532446260803,0.8282565154396817,86.09081132448169,88.58618757688554,2.8571320415378536,0.12127078772113252,0.008180548837777017,0.018887804820609068,-0.0033267519995162473,-0.007875353979210093,-0.0027899731393829404,0.43388373911755823,-0.900968867902419,0.0,1.0
2014-01-17,88.11000061035156,88.37000274658203,87.66999816894531,87.87999725341797,79.59613037109375,36895800.0,-0.0056737998451036,80.93000030517578,81.30000305175781,80.91000366210938,81.26000213623047,81.26000213623047,0.0,2.8340001106262207,2.859999895095825,2.82699990272522,2.82699990272522,2.82699990272522,0.0,12.34000015258789,12.93000030517578,12.039999961853027,12.4399995803833,12.4399995803833,0.0,-0.005673799845103645,0.007944666584810795,-0.005657734241463097,87.33600006103516,87.4074993133545,85.80119995117187,78.07669994354248,87.4800204979339,86.90621293448268,0.5738075634512114,0.5819962972421324,57.78335015672702,88.46147690107932,81.6869895960215,1.4312071473971912,-23.077046197841366,0.8198095560848943,86.20317676459781,88.6118218621112,2.7556503920543833,0.11945508656830693,0.00011371012955525249,0.008180548837777017,0.003212323601080161,-0.0072452046375833705,0.010131889964350152,-0.433883739117558,-0.9009688679024191,0.0,1.0
2014-01-20,88.11000061035156,88.37000274658203,87.66999816894531,87.87999725341797,79.59613037109375,36895800.0,0.0,80.93000030517578,81.30000305175781,80.91000366210938,81.26000213623047,81.26000213623047,0.0,2.8340001106262207,2.859999895095825,2.82699990272522,2.82699990272522,2.82699990272522,0.0,12.34000015258789,12.93000030517578,12.039999961853027,12.4399995803833,12.4399995803833,0.0,0.0,0.007944666584810795,0.0,87.49199981689452,87.43099899291992,85.91059982299805,78.1732999420166,87.54155538339297,86.97834510625566,0.5632102771373155,0.5782390932211691,57.783350156727,82.75045838601883,87.61121014823,1.8072260937314253,-23.077046197841366,0.8112520576243103,86.20826959223547,88.65372839360438,2.7970157375954785,0.11385924939965385,-0.005673799845103645,0.00011371012955525249,-0.014886352743836545,-0.003700443300910829,0.010465453975155076,0.0,1.0,0.0,1.0
2014-01-21,88.44000244140625,88.58999633789062,87.80999755859375,88.55000305175781,80.20297241210938,26412700.0,0.0075950984406049,81.18000030517578,81.38999938964844,81.04000091552734,81.0999984741211,81.0999984741211,0.0,2.8429999351501465,2.845000028610229,2.819000005722046,2.825000047683716,2.825000047683716,0.0,12.630000114440918,13.420000076293944,12.609999656677246,12.869999885559082,12.869999885559082,0.0,0.007595098440604993,0.008819524624206609,0.0076240143608288236,87.63499984741209,87.4859992980957,86.03079986572266,78.26869995117188,87.69670117852603,87.0947642133299,0.6019369651961313,0.5829786676161616,61.970707411855614,84.15718866699622,85.12304131803145,1.6414144399598107,-1.3743416033286215,0.8090196806009221,86.16468594590901,88.8073126502824,3.0206281297296744,0.11679766020959038,0.0,-0.005673799845103645,0.018887804820609068,0.009225317625886213,0.0004573481948925761,0.7818314824680298,0.6234898018587336,0.0,1.0
2014-01-22,88.77999877929688,89.0,88.5199966430664,88.77999877929688,80.41129302978516,29376900.0,0.0025940502099247,81.0999984741211,81.20999908447266,80.95999908447266,81.16999816894531,81.16999816894531,0.0,2.8489999771118164,2.859999895095825,2.8359999656677246,2.859999895095825,2.859999895095825,0.0,12.56999969482422,13.119999885559082,12.550000190734863,12.84000015258789,12.84000015258789,0.0,0.0025940502099247964,0.005406660999476478,0.0025974176693273066,87.78199996948241,87.55249938964845,86.13559982299803,78.3720499420166,87.86336234787538,87.21959640340152,0.6437659444738557,0.5951361229877005,63.31582692705713,89.64068959915086,85.51611221738864,1.6836573838140438,-6.626543401377427,0.7855185146246844,86.11045618463896,88.99454259465793,3.2941223039030216,0.11697637507220966,0.007595098440604993,0.0,0.008180548837777017,0.0021783155330754394,0.0,0.9749279121818236,-0.22252093395631434,0.0,1.0
2014-01-23,88.51000213623047,88.5199966430664,87.86000061035156,88.4800033569336,80.13957977294922,35011900.0,-0.0033847653582019,81.25,81.30999755859375,80.41000366210938,80.44000244140625,80.44000244140625,0.0,2.838000059127808,2.838000059127808,2.759000062942505,2.7730000019073486,2.7730000019073486,0.0,13.670000076293944,14.65999984741211,13.670000076293944,13.770000457763672,13.770000457763672,0.0,-0.0033847653582019586,0.007456739541131279,-0.0033790434974760863,87.92800064086914,87.58949966430664,86.22919982910155,78.47859996795654,87.9582301954228,87.31295988144093,0.6452703139818681,0.605162961186534,60.31890375680797,92.11218802187791,88.63668876267499,1.677783004124625,-15.66255092966019,0.795124204219015,86.0903561615145,89.08864316709878,3.4231123788529842,0.11744927853982337,0.0025940502099247964,0.007595098440604993,0.00011371012955525249,-0.0033267519995162473,0.003311093813675841,0.43388373911755823,-0.900968867902419,0.0,1.0
2014-01-24,88.05000305175781,88.18000030517578,86.70999908447266,86.73999786376953,78.5635986328125,63974600.0,-0.0198613910912912,80.4800033569336,80.55999755859375,80.1500015258789,80.45999908447266,80.45999908447266,0.0,2.736999988555908,2.760999917984009,2.7170000076293945,2.734999895095825,2.734999895095825,0.0,14.949999809265137,18.13999938964844,14.920000076293944,18.13999938964844,18.13999938964844,0.0,-0.019861391091291265,0.016695072910321473,-0.019665453008385847,87.8720001220703,87.5504997253418,86.2847998046875,78.57184997558595,87.7708098367069,87.27051825050232,0.5002915862045825,0.5841886861901437,46.554787072877374,69.87951530360166,83.87746430821014,-0.6414721287652984,-68.07235975815736,0.8647584948077237,86.00391087216254,89.09708857852105,3.533021188984929,0.13760933533886266,-0.0033847653582019586,0.0025940502099247964,-0.005673799845103645,0.003212323601080161,-0.0025108765155039963,-0.433883739117558,-0.9009688679024191,0.0,1.0
2014-01-27,86.73999786376953,86.88999938964844,85.25,85.9000015258789,77.80278015136719,63519300.0,-0.0097313053019433,80.45999908447266,80.55999755859375,80.30000305175781,80.5,80.5,0.0,2.75,2.7660000324249268,2.7219998836517334,2.7660000324249268,2.7660000324249268,0.0,17.290000915527344,18.989999771118164,16.850000381469727,17.420000076293945,17.420000076293945,0.0,-0.009731305301943355,0.018907072054857053,-0.009684109367255389,87.86100006103517,87.47599983215333,86.3399998474121,78.65739997863771,87.4829931735026,87.16899849312281,0.3139946803797926,0.5301498850280736,41.61756127099438,44.53282111187331,68.84150814578429,-0.1278928120212502,-82.6666259765625,0.9201328444392033,85.76233460656125,89.18966505774542,3.9180237525269033,0.14149222989439678,-0.019861391091291265,-0.0033847653582019586,0.0,-0.014886352743836545,-0.0014863662465801333,0.0,1.0,0.0,1.0
2014-01-28,85.5,85.94000244140625,85.30999755859375,85.8499984741211,77.75749206542969,44378800.0,-0.0005822577522089,80.48999786376953,80.76000213623047,80.38999938964844,80.56999969482422,80.56999969482422,0.0,2.7790000438690186,2.7809998989105225,2.739000082015991,2.746000051498413,2.746000051498413,0.0,17.270000457763672,17.280000686645508,15.800000190734863,15.800000190734863,15.800000190734863,0.0,-0.0005822577522089475,0.007368478161549708,-0.000582088273059056,87.68099975585938,87.37049980163576,86.39899978637693,78.73939998626712,87.23176321975161,87.07129478801158,0.16046843174002845,0.4562135943704646,41.33652883273146,21.75365785839199,45.38866475795565,-2.053625807669104,-84.00004069010416,0.8994094186087245,85.52738456624252,89.213615037029,4.2190790703448275,0.13881326687634143,-0.009731305301943355,-0.019861391091291265,0.007595098440604993,0.018887804820609068,0.006501255978862579,0.7818314824680298,0.6234898018587336,0.0,1.0
2014-01-29,85.11000061035156,85.73999786376953,84.76000213623047,84.93000030517578,76.92420959472656,51939300.0,-0.0107742612434423,80.6500015258789,80.81999969482422,80.44000244140625,80.51000213623047,80.51000213623047,0.0,2.755000114440918,2.760999917984009,2.6730000972747803,2.674999952316284,2.674999952316284,0.0,17.950000762939453,18.040000915527344,16.709999084472656,17.350000381469727,17.350000381469727,0.0,-0.010774261243442353,0.011514460351441588,-0.010716426784983635,87.33699951171876,87.21899986267091,86.44359985351562,78.81694999694827,86.87764584827842,86.9126803818756,-0.03503453359718378,0.3579639687769349,36.458406945983704,12.447575376796513,26.244684782353936,-3.892726416758318,-95.9906072029438,0.9130227699860032,85.10212111917855,89.33587860616328,4.854168809148138,0.14277542103796453,-0.0005822577522089475,-0.009731305301943355,0.0025940502099247964,0.008180548837777017,0.0,0.9749279121818236,-0.22252093395631434,0.0,1.0
2014-01-30,85.97000122070312,86.80000305175781,85.87999725341797,86.5,78.34619903564453,65833600.0,0.0183168088542332,80.56999969482422,81.13999938964844,80.55000305175781,81.08999633789062,81.08999633789062,0.0,2.6989998817443848,2.7260000705718994,2.690999984741211,2.693000078201294,2.693000078201294,0.0,16.3700008392334,17.389999389648438,15.960000038146973,17.290000915527344,17.290000915527344,0.0,0.01831680885423324,0.010701474761853205,0.01848559053657728,87.14899978637696,87.18050003051759,86.50279983520508,78.90049999237063,86.81954648700481,86.88211146469963,-0.06256497769481939,0.27385817948258406,47.783112360012005,20.349019416385847,18.183417550524783,-2.127175053001331,-58.96229385779449,0.9813784826000053,85.03965417904085,89.32134588199433,4.911295188092144,0.15740047312264765,-0.010774261243442353,-0.0005822577522089475,-0.0033847653582019586,0.00011371012955525249,-0.007875353979210093,0.43388373911755823,-0.900968867902419,0.0,1.0
2014-01-31,85.54000091552734,86.68000030517578,85.44999694824219,86.2699966430664,78.13788604736328,45187000.0,-0.0026624191363936,81.04000091552734,81.31999969482422,80.98999786376953,81.2699966430664,81.2699966430664,0.0,2.6480000019073486,2.674999952316284,2.6459999084472656,2.6679999828338623,2.6679999828338623,0.0,18.709999084472656,18.989999771118164,17.270000457763672,18.40999984741211,18.40999984741211,0.0,-0.0026624191363936694,0.014379276873614363,-0.002658878041887802,86.9879997253418,87.1619998931885,86.54839981079101,78.98399997711182,86.73500035716813,86.83676962606015,-0.10176926889201354,0.19873268980766456,46.476281216577156,26.886731624516038,19.8944421392328,-1.8320444477357374,-64.3869040657136,0.9991374021952616,84.9952497226075,89.32875006376949,4.971777089181551,0.1556041216337232,0.01831680885423324,-0.010774261243442353,-0.019861391091291265,-0.005673799845103645,-0.0072452046375833705,-0.433883739117558,-0.9009688679024191,0.0,1.0
2014-02-03,86.11000061035156,86.5,84.06999969482422,84.29000091552734,76.34452056884766,65596900.0,-0.0232187740433803,81.25,81.31999969482422,80.98999786376953,81.01000213623047,81.01000213623047,0.0,2.677000045776367,2.677000045776367,2.5789999961853027,2.5810000896453857,2.5810000896453857,0.0,18.56999969482422,21.479999542236328,18.34000015258789,21.440000534057617,21.440000534057617,0.0,-0.023218774043380335,0.028219722308115546,-0.022951292506538712,86.62900009155274,87.06049995422364,86.55039978027342,79.0543999862671,86.3588465969157,86.64812009194661,-0.28927349503091193,0.10113145283994926,37.07579571477497,27.037767068666057,24.75783936985598,-4.085112027869342,-95.53750087049374,1.1013418952652987,84.56276628781077,89.55823362063651,5.737926310384564,0.1755503190993568,-0.0026624191363936694,0.01831680885423324,-0.009731305301943355,0.0,-0.003700443300910829,0.0,1.0,0.49999999999999994,0.8660254037844387
2014-02-04,84.72000122070312,85.25,84.45999908447266,84.91000366210938,76.90609741210938,37675500.0,0.0073289016946689,81.08000183105469,81.22000122070312,80.98999786376953,81.12000274658203,81.12000274658203,0.0,2.611000061035156,2.634999990463257,2.6080000400543213,2.624000072479248,2.624000072479248,0.0,19.989999771118164,20.06999969482422,18.440000534057617,19.11000061035156,19.11000061035156,0.0,0.007328901694668974,0.009324845421913076,0.007355823824386709,86.2650001525879,86.95,86.55599990844726,79.12534999847412,86.13594768386857,86.51937072677347,-0.3834230429049086,0.004220553690977694,41.09365769078637,19.038071345046625,24.320856679409573,-4.110671105816726,-82.96138102865278,1.0912459802086814,84.27415924095041,89.6258407590496,6.154895362966284,0.17418177880744487,-0.023218774043380335,-0.0026624191363936694,-0.0005822577522089475,0.007595098440604993,0.009225317625886213,0.7818314824680298,0.6234898018587336,0.49999999999999994,0.8660254037844387
2014-02-05,84.62999725341797,84.98999786376953,83.73999786376953,84.69000244140625,76.70681762695312,41721800.0,-0.0025945721672983,81.12000274658203,81.23999786376953,80.9000015258789,81.02999877929688,81.02999877929688,0.0,2.6080000400543213,2.6730000972747803,2.5989999771118164,2.6670000553131104,2.6670000553131104,0.0,19.59000015258789,20.71999931335449,19.1299991607666,19.950000762939453,19.950000762939453,0.0,-0.002594572167298328,0.014770176539849952,-0.002591209174070963,85.85600051879884,86.81900024414062,86.54539993286134,79.1968500137329,85.91349456964359,86.38386196489441,-0.4703673952508183,-0.09069703609738151,40.1148472691339,13.187344765011511,19.75439439290806,-4.606889382886988,-81.93908380581894,1.1025855530509183,83.96665642862924,89.67134405965201,6.570782449672111,0.1737465974129104,0.007328901694668974,-0.023218774043380335,-0.010774261243442353,0.0025940502099247964,0.0021783155330754394,0.9749279121818236,-0.22252093395631434,0.49999999999999994,0.8660254037844387
2014-02-06,84.94000244140625,85.87999725341797,84.91999816894531,85.7699966430664,77.68498992919922,32308600.0,0.0126714675621262,81.05000305175781,81.2300033569336,80.7300033569336,80.88999938964844,80.88999938964844,0.0,2.677000045776367,2.7090001106262207,2.6710000038146973,2.70199990272522,2.70199990272522,0.0,19.09000015258789,19.09000015258789,17.09000015258789,17.229999542236328,17.229999542236328,0.0,0.012671467562126266,0.011302084493521034,0.01275209078550521,85.58499984741212,86.75650024414062,86.5563998413086,79.26930000305174,85.89141796555478,86.33839045957382,-0.44697249401903605,-0.16195212768171244,46.81238705424897,24.564217392685286,18.929877834247804,-3.0628465314754334,-61.40688298747242,1.1088290715481184,83.86814817704355,89.6448523112377,6.6585260100833725,0.18068606545905488,-0.002594572167298328,0.007328901694668974,0.01831680885423324,-0.0033847653582019586,-0.0033267519995162473,0.43388373911755823,-0.900968867902419,0.49999999999999994,0.8660254037844387
2014-02-07,86.25,87.36000061035156,86.0,87.30000305175781,79.07079315185547,38359400.0,0.0176815081336005,80.88999938964844,81.01000213623047,80.5999984741211,80.69000244140625,80.69000244140625,0.0,2.7219998836517334,2.7260000705718994,2.632999897003174,2.674999952316284,2.674999952316284,0.0,16.149999618530273,16.309999465942383,15.09000015258789,15.289999961853027,15.289999961853027,0.0,0.017681508133600577,0.01576812301856884,0.017838751397396768,85.64100036621095,86.75650024414064,86.58779983520509,79.34520000457762,86.10812336343217,86.40962102195782,-0.3014976585256477,-0.18986123385049952,54.5649249807262,41.44490423856691,26.3988221320879,0.6456135598110154,-32.31932049100791,1.1431987069579068,83.86814817704357,89.64485231123771,6.658526010083371,0.1918227447846348,0.012671467562126266,-0.002594572167298328,-0.0026624191363936694,-0.019861391091291265,0.003212323601080161,-0.433883739117558,-0.9009688679024191,0.49999999999999994,0.8660254037844387
2014-02-10,87.2699966430664,87.83999633789062,87.20999908447266,87.80000305175781,79.5236587524414,30205400.0,0.0057110047170023,80.7699966430664,80.7699966430664,80.58999633789062,80.66999816894531,80.66999816894531,0.0,2.6730000972747803,2.694999933242798,2.6670000553131104,2.677999973297119,2.677999973297119,0.0,15.630000114440918,15.760000228881836,15.100000381469728,15.260000228881836,15.260000228881836,0.0,0.005711004717002383,0.007218944398435725,0.005727343593432854,85.83100051879883,86.846000289917,86.63419982910156,79.42220001220701,86.3684125462515,86.51261228342449,-0.14419973717298262,-0.18072893451499616,56.78189858288828,61.15339186401311,42.38750449842176,2.2118760094625807,-22.81362092948035,1.1065414602764827,83.94414326481424,89.74785731501976,6.682764929681324,0.18441269821475872,0.017681508133600577,0.012671467562126266,-0.023218774043380335,-0.009731305301943355,-0.014886352743836545,0.0,1.0,0.49999999999999994,0.8660254037844387
2014-02-11,87.98999786376953,88.97000122070312,87.88999938964844,88.80000305175781,80.42941284179688,38635500.0,0.0113253688923779,80.62999725341797,80.66999816894531,80.44999694824219,80.62999725341797,80.62999725341797,0.0,2.687000036239624,2.7330000400543213,2.681999921798706,2.719000101089477,2.719000101089477,0.0,15.289999961853027,15.289999961853027,14.079999923706056,14.510000228881836,14.510000228881836,0.0,0.01132536889237792,0.012274143167122243,0.011389743675842334,86.1260009765625,86.90350036621093,86.70199981689453,79.50440002441405,86.74250339325246,86.68204863663436,0.060454756618099736,-0.132492196288377,60.8919744777514,80.53887255499231,61.04572288585744,3.4362313687471735,-3.2504409145347912,1.1110740823242562,83.89109579938767,89.9159049330342,6.932757723518629,0.17648307845649996,0.005711004717002383,0.017681508133600577,0.007328901694668974,-0.0005822577522089475,0.018887804820609068,0.7818314824680298,0.6234898018587336,0.49999999999999994,0.8660254037844387
2014-02-12,88.9800033569336,89.16999816894531,88.69999694824219,88.97000122070312,80.5833969116211,32507200.0,0.0019126939900572,80.62999725341797,80.83000183105469,80.48999786376953,80.68000030517578,80.68000030517578,0.0,2.742000102996826,2.7769999504089355,2.736999988555908,2.763000011444092,2.763000011444092,0.0,14.3100004196167,14.640000343322754,14.020000457763672,14.300000190734863,14.300000190734863,0.0,0.0019126939900572886,0.005282099381562914,0.0019145243559977043,86.53000106811524,86.933500289917,86.7715998840332,79.58570003509521,87.08519536670642,86.85152660582465,0.2336687608817698,-0.05926000485434764,61.561215767018425,90.08425110416192,77.25883850772244,4.756859650312681,-3.6831848434990655,1.0652831636370326,83.84852625798433,90.01847432184968,7.097319265057789,0.1743258975968678,0.01132536889237792,0.005711004717002383,-0.002594572167298328,-0.010774261243442353,0.008180548837777017,0.9749279121818236,-0.22252093395631434,0.49999999999999994,0.8660254037844387
2014-02-13,88.31999969482422,89.69999694824219,88.30000305175781,89.62999725341797,81.18118286132812,40454500.0,0.0073908475105795,80.69999694824219,80.70999908447266,80.19000244140625,80.29000091552734,80.29000091552734,0.0,2.760999917984009,2.760999917984009,2.726999998092652,2.736000061035156,2.736000061035156,0.0,15.239999771118164,15.239999771118164,13.979999542236328,14.140000343322754,14.140000343322754,0.0,0.0073908475105795395,0.01585138022329973,0.007418227235600927,86.84300079345704,86.99600028991699,86.8565998840332,79.67080001831054,87.47670334927743,87.05733924638712,0.419364102890313,0.0364648166945845,64.12780602408516,97.29729417921796,89.30680594612406,3.618493934587247,-1.174491704312275,1.0891910731261285,83.74163722335307,90.25036335648092,7.481638364335499,0.1761062440853348,0.0019126939900572886,0.01132536889237792,0.012671467562126266,0.01831680885423324,0.00011371012955525249,0.43388373911755823,-0.900968867902419,0.49999999999999994,0.8660254037844387
2014-02-14,89.5999984741211,90.01000213623047,89.33000183105469,89.80999755859375,81.34422302246094,33212400.0,0.0020063351318863,80.31999969482422,80.33000183105469,80.06999969482422,80.12999725341797,80.12999725341797,0.0,2.7300000190734863,2.755000114440918,2.7300000190734863,2.746000051498413,2.746000051498413,0.0,14.210000038146973,14.220000267028809,13.4399995803833,13.56999969482422,13.56999969482422,0.0,0.0020063351318863,0.007589289249510241,0.0020083491689362187,87.19700088500979,87.09250030517579,86.93279983520509,79.75459999084474,87.83567168917224,87.26123986210614,0.5744318270661068,0.14405821876888897,64.81777069394097,97.31748665125562,94.89967731154516,4.103397534804305,-3.1898634984217966,1.0599631611296751,83.62058107131753,90.56441953903405,7.972946514780279,0.17452122091540911,0.0073908475105795395,0.0019126939900572886,0.017681508133600577,-0.0026624191363936694,-0.005673799845103645,-0.433883739117558,-0.9009688679024191,0.49999999999999994,0.8660254037844387
2014-02-17,89.5999984741211,90.01000213623047,89.33000183105469,89.80999755859375,81.34422302246094,33212400.0,0.0,80.31999969482422,80.33000183105469,80.06999969482422,80.12999725341797,80.12999725341797,0.0,2.7300000190734863,2.755000114440918,2.7300000190734863,2.746000051498413,2.746000051498413,0.0,14.210000038146973,14.220000267028809,13.4399995803833,13.56999969482422,13.56999969482422,0.0,0.0,0.007589289249510241,0.0,87.74900054931642,87.1890003204346,87.00199981689452,79.83794998168946,88.1394141306217,87.45003672851263,0.6893774021090735,0.2531220554369259,64.81777069394097,97.48192709961471,97.36556931002941,6.5488154978173085,-3.1898634984217966,1.0328229571329683,83.52305591391578,90.85494472695342,8.4091901341817,0.17452122091540911,0.0020063351318863,0.0073908475105795395,0.005711004717002383,-0.023218774043380335,0.0,0.0,1.0,0.49999999999999994,0.8660254037844387
2014-02-18,89.95999908447266,90.41999816894533,89.73999786376953,90.25,81.74273681640625,29546600.0,0.0048871422647073,80.16999816894531,80.2300033569336,79.95999908447266,80.01000213623047,80.01000213623047,0.0,2.7300000190734863,2.739000082015991,2.696000099182129,2.7109999656677246,2.7109999656677246,0.0,13.949999809265137,14.510000228881836,13.770000457763672,13.869999885559082,13.869999885559082,0.0,0.004887142264707384,0.007558918542643309,0.0048991038224714956,88.28300018310547,87.27400016784671,87.08119979858398,79.92159999847414,88.46411964898759,87.65744141528948,0.8066782336981078,0.3638332910891623,66.63699117017849,97.02513011692558,97.27484795593197,6.2890073107764675,-2.544882652379654,1.0076213391360276,83.40213550125407,91.14586483443935,8.872893780842434,0.1734430916909082,0.0,0.0020063351318863,0.01132536889237792,0.007328901694668974,0.007595098440604993,0.7818314824680298,0.6234898018587336,0.49999999999999994,0.8660254037844387
2014-02-19,90.08000183105467,90.29000091552734,89.44999694824219,89.62999725341797,81.18118286132812,41749900.0,-0.0068934773965937,79.97000122070312,80.23999786376953,79.93000030517578,80.16999816894531,80.16999816894531,0.0,2.681999921798706,2.739000082015991,2.674999952316284,2.733999967575073,2.733999967575073,0.0,14.850000381469728,15.729999542236328,14.119999885559082,15.5,15.5,0.0,-0.006893477396593747,0.009325088257220358,-0.006869771883701081,88.77699966430666,87.31650009155277,87.17019973754884,80.0013999938965,88.64348543428457,87.80355666255826,0.8399287717263064,0.45905238721659114,61.7886424955954,94.14629779286574,96.21778500313533,5.833031845086451,-11.826360470601326,0.9956486697181083,83.35735580436483,91.27564437874071,9.068490567159042,0.17550818087222766,0.004887142264707384,0.0,0.0019126939900572886,-0.002594572167298328,0.0025940502099247964,0.9749279121818236,-0.22252093395631434,0.49999999999999994,0.8660254037844387
2014-02-20,89.69000244140625,90.22000122070312,89.30999755859375,90.05000305175781,81.56157684326172,41814800.0,0.0046747969049558,80.22000122070312,80.41999816894531,80.02999877929688,80.29000091552734,80.29000091552734,0.0,2.736000061035156,2.7730000019073486,2.7249999046325684,2.753999948501587,2.753999948501587,0.0,15.279999732971191,15.800000190734863,14.59000015258789,14.789999961853027,14.789999961853027,0.0,0.004674796904955886,0.010146099201010424,0.004685740814880379,89.2050003051758,87.39500007629397,87.27199981689455,80.08370002746584,88.85987276004968,87.96996009879527,0.8899126612544137,0.5452244420241557,63.71464226526766,93.36330269012267,94.84491019997132,4.990097442235821,-5.5388488066510195,0.9895311691746274,83.27954869873537,91.51045145385257,9.418047654822127,0.17548813183604367,-0.006893477396593747,0.004887142264707384,0.0073908475105795395,0.012671467562126266,-0.0033847653582019586,0.43388373911755823,-0.900968867902419,0.49999999999999994,0.8660254037844387
2014-02-21,90.33999633789062,90.47000122070312,89.81999969482422,89.93000030517578,81.4528579711914,31192200.0,-0.0013338559657393,80.30000305175781,80.41000366210938,80.18000030517578,80.23999786376953,80.23999786376953,0.0,2.7660000324249268,2.7809998989105225,2.7320001125335693,2.733999967575073,2.733999967575073,0.0,14.739999771118164,14.789999961853027,14.1899995803833,14.68000030517578,14.68000030517578,0.0,-0.0013338559657393426,0.007195058138454683,-0.0013329667752652874,89.46800003051757,87.55450019836425,87.37359985351563,80.16185001373293,89.02450776699216,88.11514826223086,0.9093595047612979,0.6180514545715841,62.74158183677084,91.53700232524352,93.01553426941064,3.012596977641243,-8.02378374701711,0.9652790517963616,83.30098505319947,91.80801534352904,9.716268462564418,0.15788556322389263,0.004674796904955886,-0.006893477396593747,0.0020063351318863,0.017681508133600577,-0.019861391091291265,-0.433883739117558,-0.9009688679024191,0.49999999999999994,0.8660254037844387
2014-02-24,90.13999938964844,90.81999969482422,90.04000091552734,90.41000366210938,81.88764190673828,31500400.0,0.0053236639135632,80.27999877929688,80.37000274658203,80.11000061035156,80.20999908447266,80.20999908447266,0.0,2.740999937057495,2.763000011444092,2.7300000190734863,2.75,2.75,0.0,14.829999923706056,14.829999923706056,13.970000267028809,14.229999542236328,14.229999542236328,0.0,0.005323663913563244,0.008653192640097234,0.005337859792478472,89.72900009155273,87.78000030517578,87.47539993286134,80.24295001983643,89.23766098162558,88.28513755111075,0.9525234305148302,0.6849458497602333,65.0413943688344,93.5488215090398,92.81637550813532,2.9726657399009153,-5.790902919212493,0.95990193307151,83.41896745095757,92.14103315939398,9.936278968003306,0.1522376181157302,-0.0013338559657393426,0.004674796904955886,0.0,0.005711004717002383,-0.009731305301943355,0.0,1.0,0.49999999999999994,0.8660254037844387
2014-02-25,90.54000091552734,90.72000122070312,90.0199966430664,90.30999755859376,81.79708862304688,26771700.0,-0.0011064354339742,80.22000122070312,80.26000213623047,80.0199966430664,80.1500015258789,80.1500015258789,0.0,2.746000051498413,2.746000051498413,2.700000047683716,2.700999975204468,2.700999975204468,0.0,14.170000076293944,14.829999923706056,13.65999984741211,13.670000076293944,13.670000076293944,0.0,-0.001106435433974296,0.007731439922226354,-0.001105823559976682,89.87999954223633,88.0030002593994,87.57859985351564,80.32315002441406,89.40263583962069,88.43512718129469,0.9675086583259969,0.741458411473386,64.15290695707722,92.51373718847753,92.53318700758695,1.7004442060163432,-8.644101768337775,0.9413378362547392,83.6015702206933,92.4044302981055,10.002909050219543,0.15239234130822066,0.005323663913563244,-0.0013338559657393426,0.004887142264707384,0.01132536889237792,-0.0005822577522089475,0.7818314824680298,0.6234898018587336,0.49999999999999994,0.8660254037844387
2014-02-26,90.5500030517578,90.83999633789062,89.87000274658203,90.2300033569336,81.72461700439453,42953700.0,-0.0008863853654072,80.1500015258789,80.5199966430664,80.08999633789062,80.41000366210938,80.41000366210938,0.0,2.7100000381469727,2.7170000076293945,2.6640000343322754,2.6730000972747803,2.6730000972747803,0.0,13.829999923706056,14.539999961853027,13.729999542236328,14.350000381469728,14.350000381469728,0.0,-0.0008863853654072131,0.01071224250267724,-0.0008859926419425568,90.00599975585936,88.26800041198732,87.66039993286132,80.40620002746583,89.52992314997653,88.56808097208275,0.9618421778937716,0.7855351647574631,63.40677815057558,90.98727500429513,92.34994456727081,1.4162100921015488,-12.603170299564304,0.9433846759014431,84.00972060629225,92.52628021768238,9.64852446145765,0.1447934926190433,-0.001106435433974296,0.005323663913563244,-0.006893477396593747,0.0019126939900572886,-0.010774261243442353,0.9749279121818236,-0.22252093395631434,0.49999999999999994,0.8660254037844387
2014-02-27,89.87000274658203,90.52999877929688,89.7300033569336,90.44000244140624,82.2548599243164,28742400.0,0.0064672089210211,80.41999816894531,80.58000183105469,80.2300033569336,80.29000091552734,80.29000091552734,0.0,2.6480000019073486,2.6600000858306885,2.638999938964844,2.6419999599456787,2.6419999599456787,0.0,14.5600004196167,14.6899995803833,13.920000076293944,14.039999961853027,14.039999961853027,0.0,0.006467208921021199,0.008901695759586555,0.006488166471228185,90.0870002746582,88.46500053405761,87.75119995117187,80.49115005493164,89.66993534865802,88.70674182166228,0.9631935269957381,0.8210668372051182,64.57168588815999,89.24453466300722,90.91518228525996,0.9037210898245097,-11.019123943076236,0.933142586363003,84.18660722546852,92.7433938426467,9.672510671476173,0.13389655340773451,-0.0008863853654072131,-0.001106435433974296,0.004674796904955886,0.0073908475105795395,0.01831680885423324,0.43388373911755823,-0.900968867902419,0.49999999999999994,0.8660254037844387
2014-02-28,90.41999816894533,90.95999908447266,89.54000091552734,90.33999633789062,82.16390228271484,48609800.0,-0.0011064144950303,80.27999877929688,80.30999755859375,79.69000244140625,79.77999877929688,79.77999877929688,0.0,2.640000104904175,2.697999954223633,2.640000104904175,2.657999992370605,2.657999992370605,0.0,14.220000267028809,14.789999961853027,13.489999771118164,14.0,14.0,0.0,-0.0011064144950303036,0.015704470224519533,-0.0011058026441872482,90.14000015258789,88.66850051879881,87.82799987792968,80.57580001831055,89.77302165469379,88.82772363767918,0.9452980170146077,0.8459130731670161,63.53441143734155,85.39405818172675,88.54195594967635,0.5901333857080819,-20.195531212179198,0.9679179851188822,84.4428543459436,92.89414669165402,9.531335588469364,0.13322322654354707,0.006467208921021199,-0.0008863853654072131,-0.0013338559657393426,0.0020063351318863,-0.0026624191363936694,-0.433883739117558,-0.9009688679024191,0.49999999999999994,0.8660254037844387
2014-03-03,89.48999786376953,89.91000366210938,88.87000274658203,89.66999816894531,81.55449676513672,38885700.0,-0.0074445918804051,79.9000015258789,80.0999984741211,79.7699966430664,80.06999969482422,80.06999969482422,0.0,2.611999988555908,2.634999990463257,2.595999956130981,2.6070001125335693,2.6070001125335693,0.0,16.469999313354492,16.780000686645508,15.380000114440918,16.0,16.0,0.0,-0.0074445918804051225,0.011621420721347378,-0.00741694954411054,90.12600021362304,88.93750038146973,87.87319976806641,80.65709999084474,89.75717188765557,88.8901143436989,0.8670575439566761,0.8501419673249482,56.93557914776088,73.42966583150967,82.68941955874787,-0.15588396999688062,-48.496347350215544,1.0037805284181474,85.23256976229261,92.64243100064685,8.331537547796987,0.10058353502048713,-0.0011064144950303036,0.006467208921021199,0.005323663913563244,0.0,-0.023218774043380335,0.0,1.0,0.8660254037844386,0.5000000000000001
2014-03-04,90.6500015258789,90.9800033569336,90.55999755859376,90.80999755859376,82.59136962890625,33189000.0,0.0126337224063658,80.06999969482422,80.20999908447266,79.91999816894531,80.16000366210938,80.16000366210938,0.0,2.6470000743865967,2.691999912261963,2.640000104904175,2.690999984741211,2.690999984741211,0.0,14.529999732971191,14.539999961853027,14.0,14.100000381469728,14.100000381469728,0.0,0.012633722406365839,0.004633268519250114,0.012713865021515058,90.18199996948243,89.23250007629395,87.94039978027345,80.74169998168948,89.91914506779992,89.0323279151726,0.8868171526273159,0.8574770043854218,63.82099779294657,74.98820740729869,77.9373104735117,0.6204959097991847,-6.343499215709192,1.0256537183874428,85.96395956194215,92.50104059064574,7.325896980488477,0.10506405207212782,-0.0074445918804051225,-0.0011064144950303036,-0.001106435433974296,0.004887142264707384,0.007328901694668974,0.7818314824680298,0.6234898018587336,0.8660254037844386,0.5000000000000001
2014-03-05,90.95999908447266,91.22000122070312,90.7699966430664,91.05999755859376,82.8187255859375,27203300.0,0.0027489990851316,80.13999938964844,80.2699966430664,80.05000305175781,80.11000061035156,80.11000061035156,0.0,2.700000047683716,2.719000101089477,2.680000066757202,2.697999954223633,2.697999954223633,0.0,14.130000114440918,14.31999969482422,13.8100004196167,13.890000343322754,13.890000343322754,0.0,0.002748999085131686,0.004947279927067819,0.002752781047860031,90.32500000000002,89.55099983215334,88.01259979248049,80.8292999649048,90.09466083561435,89.18252566653715,0.912135169077203,0.868408637323778,65.1374087178492,79.45049418013241,75.95612247298024,1.5954483420686076,-6.808670893678038,0.984535922619534,86.97898171846124,92.12301794584543,5.7442532601821625,0.10259142383561612,0.012633722406365839,-0.0074445918804051225,-0.0008863853654072131,-0.006893477396593747,-0.002594572167298328,0.9749279121818236,-0.22252093395631434,0.8660254037844386,0.5000000000000001
2014-03-06,91.2699966430664,91.33999633789062,90.6500015258789,90.9800033569336,82.74595642089844,24063900.0,-0.0008790421827026,80.12000274658203,80.19999694824219,79.58999633789062,79.68000030517578,79.68000030517578,0.0,2.720999956130981,2.747999906539917,2.7170000076293945,2.736999988555908,2.736999988555908,0.0,13.81999969482422,14.420000076293944,13.729999542236328,14.210000038146973,14.210000038146973,0.0,-0.0008790421827026503,0.00755993028804539,-0.000878655938306494,90.41800003051759,89.8115001678467,88.07739990234374,80.91454998016359,90.23086737735578,89.31567216212207,0.9151952152337088,0.8777659529057643,64.33081079183226,90.75772582046703,81.73214246929936,1.0327598819083297,-14.5746524292117,0.963497271861833,87.8750669816681,91.7479333540253,4.312216548125012,0.09829387887161468,0.002748999085131686,0.012633722406365839,0.006467208921021199,0.004674796904955886,0.012671467562126266,0.43388373911755823,-0.900968867902419,0.8660254037844386,0.5000000000000001
2014-03-07,91.2699966430664,91.36000061035156,90.06999969482422,90.52999877929688,82.33666229248047,31167800.0,-0.0049586682143107,79.66000366210938,79.8499984741211,79.43000030517578,79.72000122070312,79.72000122070312,0.0,2.7249999046325684,2.821000099182129,2.720999956130981,2.789999961853028,2.789999961853028,0.0,13.510000228881836,14.43000030517578,13.510000228881836,14.109999656677246,14.109999656677246,0.0,-0.004958668214310786,0.01413389901362884,-0.00494639431485977,90.4779998779297,89.97299995422365,88.13759994506836,81.00094997406006,90.27688759303902,89.4056222819128,0.8712653111262227,0.876465824549856,59.84157184119167,81.7610804032979,83.98976680129911,0.6671838897865119,-33.33343546721655,0.9868189606950838,88.41713479147745,91.52886511696985,3.458515695903865,0.08600296927046958,-0.0008790421827026503,0.002748999085131686,-0.0011064144950303036,-0.0013338559657393426,0.017681508133600577,-0.433883739117558,-0.9009688679024191,0.8660254037844386,0.5000000000000001
2014-03-10,90.4800033569336,90.66000366210938,90.02999877929688,90.61000061035156,82.40947723388672,18131700.0,0.0008839654313844,79.69000244140625,79.83000183105469,79.62999725341797,79.75,79.75,0.0,2.802000045776367,2.802000045776367,2.775000095367432,2.7839999198913574,2.7839999198913574,0.0,14.760000228881836,15.279999732971191,14.199999809265137,14.199999809265137,14.199999809265137,0.0,0.0008839654313844749,0.006962918428806866,0.0008843562439728725,90.49799957275394,90.11349983215334,88.20199996948243,81.08709999084473,90.32813574954864,89.49483549142678,0.8333002581218523,0.8678327112642553,60.371033026661195,73.99046811158597,82.16975811178362,0.2212110830009907,-30.12050776881383,0.9613322408463278,88.91811811325681,91.30888155104986,2.6530580237657224,0.08495853102094958,-0.004958668214310786,-0.0008790421827026503,-0.0074445918804051225,0.005323663913563244,0.005711004717002383,0.0,1.0,0.8660254037844386,0.5000000000000001
2014-03-11,90.83000183105467,91.05999755859376,89.94999694824219,90.22000122070312,82.05474853515625,27484300.0,-0.004313755738088,79.76000213623047,79.93000030517578,79.70999908447266,79.7699966430664,79.7699966430664,0.0,2.7860000133514404,2.799000024795532,2.763000011444092,2.7660000324249268,2.7660000324249268,0.0,14.220000267028809,14.93000030517578,13.84000015258789,14.800000190734863,14.800000190734863,0.0,-0.004313755738088014,0.012220638423152259,-0.004304464858134072,90.48899993896487,90.1844997406006,88.24720001220703,81.17319999694826,90.31149966818778,89.54855147137319,0.762948196814591,0.8468558083743225,56.46290043893696,63.58763648916818,73.11306166801735,-0.09965268555372173,-45.783147296465046,0.9719514100967027,89.16132594566477,91.20767353553643,2.269067961520668,0.07962888210640519,0.0008839654313844749,-0.004958668214310786,0.012633722406365839,-0.001106435433974296,0.01132536889237792,0.7818314824680298,0.6234898018587336,0.8660254037844386,0.5000000000000001
2014-03-12,89.80999755859375,90.61000061035156,89.4800033569336,90.55999755859376,82.36398315429688,27977200.0,0.0037615541804014,79.80000305175781,79.86000061035156,79.55000305175781,79.61000061035156,79.61000061035156,0.0,2.752000093460083,2.752000093460083,2.71399998664856,2.7260000705718994,2.7260000705718994,0.0,15.369999885559082,15.640000343322754,14.43000030517578,14.470000267028809,14.470000267028809,0.0,0.0037615541804014788,0.012582087564146041,0.003768637704228972,90.52199935913086,90.26399955749513,88.29919998168945,81.26574996948243,90.34973011286561,89.6234734037599,0.7262567091057122,0.8227359885206005,58.95733020762071,63.98922691799791,67.18911050625069,0.3657255783918937,-32.12866418072737,0.9832403989053646,89.40409877272663,91.12390034226362,1.9053017570327602,0.08017839082891501,-0.004313755738088014,0.0008839654313844749,0.002748999085131686,-0.0008863853654072131,0.0019126939900572886,0.9749279121818236,-0.22252093395631434,0.8660254037844386,0.5000000000000001
2014-03-13,90.9000015258789,90.93000030517578,88.87000274658203,89.27999877929688,81.19981384277344,48542000.0,-0.0142352891300553,79.58999633789062,79.69000244140625,79.2699966430664,79.62000274658203,79.62000274658203,0.0,2.7320001125335693,2.755000114440918,2.651000022888184,2.6530001163482666,2.6530001163482666,0.0,14.279999732971191,16.65999984741211,14.239999771118164,16.219999313354492,16.219999313354492,0.0,-0.014235289130055371,0.0226622389880519,-0.014134446476957496,90.40599899291993,90.24649963378907,88.33940002441406,81.3501499557495,90.18515606154735,89.59803083898487,0.5871252225624772,0.7756138353289759,47.84368746161006,46.18463559141154,57.92049966619255,-1.2826223250722462,-83.53428174857294,1.0601516245973923,89.32056191601988,91.17243735155826,2.052019128778505,0.09331937428606639,0.0037615541804014788,-0.004313755738088014,-0.0008790421827026503,0.006467208921021199,0.0073908475105795395,0.43388373911755823,-0.900968867902419,0.8660254037844386,0.5000000000000001
2014-03-14,88.98999786376953,89.37999725341797,88.62999725341797,88.66999816894531,80.64503479003906,38732300.0,-0.0068557168219225,79.61000061035156,79.69999694824219,79.30999755859375,79.44000244140625,79.44000244140625,0.0,2.625999927520752,2.6670000553131104,2.609999895095825,2.6449999809265137,2.6449999809265137,0.0,16.739999771118164,18.21999931335449,16.09000015258789,17.81999969482422,17.81999969482422,0.0,-0.006855716821922509,0.008427913450994105,-0.00683227000752229,90.23899917602542,90.18949966430665,88.38000000000001,81.42654994964599,89.95205484730087,89.5292876782412,0.42276716905966794,0.7050445020751144,43.62338672394523,28.600762423327712,46.25820831091239,-1.8485701091896964,-98.53476680071654,1.03799793712615,89.03763106816199,91.34136826045132,2.5543297178319513,0.09606826500212591,-0.014235289130055371,0.0037615541804014788,-0.004958668214310786,-0.0011064144950303036,0.0020063351318863,-0.433883739117558,-0.9009688679024191,0.8660254037844386,0.5000000000000001
2014-03-17,89.23999786376953,89.91000366210938,89.19000244140625,89.44999694824219,81.35443878173828,28467200.0,0.008758158414244,79.4000015258789,79.55999755859375,79.27999877929688,79.38999938964844,79.38999938964844,0.0,2.671999931335449,2.6989998817443848,2.657999992370605,2.6989998817443848,2.6989998817443848,0.0,16.389999389648438,16.399999618530273,15.369999885559082,15.640000343322754,15.640000343322754,0.0,0.00875815841424408,0.00806814475502624,0.008796623295484585,90.21699905395509,90.17149963378907,88.44259994506838,81.50669994354247,89.87481517052261,89.52341429083387,0.35140087968873956,0.6343157775978394,49.729693574599786,15.989177791459179,30.258191935399477,-0.2453454055933239,-69.96341807633297,1.0524270482717153,88.98396185421686,91.35903741336128,2.633953709087957,0.10146859404029888,-0.006855716821922509,-0.014235289130055371,0.0008839654313844749,-0.0074445918804051225,0.0,0.0,1.0,0.8660254037844386,0.5000000000000001
2014-03-18,89.55999755859375,90.63999938964844,89.52999877929688,90.52999877929688,82.33666229248047,31250200.0,0.0120010836640357,79.37999725341797,79.54000091552734,79.30999755859375,79.41000366210938,79.41000366210938,0.0,2.690000057220459,2.700999975204468,2.671999931335449,2.680999994277954,2.680999994277954,0.0,15.420000076293944,15.470000267028809,14.15999984741211,14.520000457763672,14.520000457763672,0.0,0.012001083664035796,0.012393933012619339,0.012073385613013077,90.18899917602539,90.18549957275391,88.51079986572267,81.59589992523193,89.97561264879558,89.5979761047941,0.3776365440014757,0.5829799308785667,56.71980505418397,33.699618344432736,26.096519519739875,-0.30833475038497193,-30.402960089652264,1.0622538620670392,88.98750934705853,91.38348979844929,2.656724709339648,0.10887878496958914,0.00875815841424408,-0.006855716821922509,-0.004313755738088014,0.012633722406365839,0.004887142264707384,0.7818314824680298,0.6234898018587336,0.8660254037844386,0.5000000000000001
2014-03-19,90.55999755859376,90.66000366210938,89.44999694824219,90.04000091552734,81.89105224609375,40869400.0,-0.0054267471385581,79.37999725341797,80.11000061035156,79.36000061035156,79.98999786376953,79.98999786376953,0.0,2.683000087738037,2.7720000743865967,2.680999994277954,2.7720000743865967,2.7720000743865967,0.0,14.5600004196167,15.949999809265137,13.890000343322754,15.119999885559082,15.119999885559082,0.0,-0.00542674713855816,0.013361381917930086,-0.0054120489461159105,90.08699951171877,90.20599975585938,88.56539993286134,81.68684993743896,89.98551853598508,89.63071868336694,0.35479985261814306,0.537343915226482,53.11140455354511,50.427348038763604,33.37204805821851,-1.1201369101839587,-48.35157771772393,1.0728076371956212,89.03429028572492,91.37770922599384,2.5978526335402656,0.10770055061937606,0.012001083664035796,0.00875815841424408,0.0037615541804014788,0.002748999085131686,-0.006893477396593747,0.9749279121818236,-0.22252093395631434,0.8660254037844386,0.5000000000000001
2014-03-20,89.76000213623047,90.55999755859376,89.58000183105469,90.29000091552734,82.11841583251953,31634500.0,0.0027725683734876,80.01000213623047,80.3499984741211,79.91999816894531,80.20999908447266,80.20999908447266,0.0,2.7809998989105225,2.7929999828338623,2.763000011444092,2.775000095367432,2.775000095367432,0.0,15.579999923706056,15.619999885559082,14.5,14.520000457763672,14.520000457763672,0.0,0.0027725683734876345,0.01091795570650409,0.0027764154958287435,90.01799926757813,90.21799964904787,88.63080001831055,81.77449993133544,90.03236197899159,89.6795544042677,0.352807574723883,0.5004366471259621,54.695043691014426,60.68379412397611,48.270253502390815,-0.7584110968860114,-39.19407982069547,1.0661782150772967,89.04810258512637,91.38789671296936,2.5934892559632208,0.10691623234942417,-0.00542674713855816,0.012001083664035796,-0.014235289130055371,-0.0008790421827026503,0.004674796904955886,0.43388373911755823,-0.900968867902419,0.8660254037844386,0.5000000000000001
2014-03-21,90.5999984741211,90.6500015258789,88.83000183105469,89.0,81.13029479980469,62754000.0,-0.012105861007295,80.19000244140625,80.2300033569336,80.02999877929688,80.11000061035156,80.11000061035156,0.0,2.763999938964844,2.7839999198913574,2.74399995803833,2.75,2.75,0.0,13.960000038146973,15.170000076293944,13.770000457763672,15.0,15.0,0.0,-0.012105861007295085,0.020088297190690153,-0.01203287986862922,89.86499938964845,90.17149963378908,88.66479995727539,81.85809993743894,89.87353705914673,89.62921704098862,0.24432001815810622,0.449213321332391,46.05190811639537,42.0025133188198,51.037885160519835,-1.6900461724592084,-86.44680250512118,1.1200226064877912,88.88525946546119,91.45773980211698,2.852875184624107,0.1156351298868894,0.0027725683734876345,-0.00542674713855816,-0.006855716821922509,-0.004958668214310786,-0.0013338559657393426,-0.433883739117558,-0.9009688679024191,0.8660254037844386,0.5000000000000001
2014-03-24,89.31999969482422,89.38999938964844,87.41000366210938,88.22000122070312,80.41921997070312,77735300.0,-0.0088032380943555,80.12000274658203,80.29000091552734,79.75,79.93000030517578,79.93000030517578,0.0,2.7699999809265137,2.7769999504089355,2.720999956130981,2.7330000400543213,2.7330000400543213,0.0,14.699999809265137,16.06999969482422,14.5600004196167,15.09000015258789,15.09000015258789,0.0,-0.008803238094355523,0.022167439927273044,-0.00876460304817328,89.6259994506836,90.06199951171877,88.70899993896485,81.93429992675779,89.6191469301554,89.52483068393043,0.09431624622496315,0.3782339063109054,41.75531970400459,31.621800274481767,44.769369239092555,-2.63767726911967,-79.49371685073802,1.1814492579914535,88.51483764419432,91.60916137924322,3.435770637810759,0.1175446670775549,-0.012105861007295085,0.0027725683734876345,0.00875815841424408,0.0008839654313844749,0.005323663913563244,0.0,1.0,0.8660254037844386,0.5000000000000001
2014-03-25,88.68000030517578,89.25,87.7699966430664,88.51000213623047,80.6836166381836,41723300.0,0.0032823370515895,79.93000030517578,80.2699966430664,79.86000061035156,79.94000244140625,79.94000244140625,0.0,2.746000051498413,2.763000011444092,2.7260000705718994,2.734999895095825,2.734999895095825,0.0,14.15999984741211,15.050000190734863,13.960000038146973,14.020000457763672,14.020000457763672,0.0,0.0032823370515895367,0.016689257463243533,0.0032877298185283177,89.45499954223634,89.9719997406006,88.72619995117186,82.00894992828368,89.44850926955155,89.44965819891561,-0.0011489293640636333,0.3023573391759116,43.8527835483217,20.635854931820575,31.42005617504071,-1.8953658405407516,-72.15191584867905,1.202774550773035,88.28269496882271,91.66130451237848,3.755178892651803,0.11847346100655079,-0.008803238094355523,-0.012105861007295085,0.012001083664035796,-0.004313755738088014,-0.001106435433974296,0.7818314824680298,0.6234898018587336,0.8660254037844386,0.5000000000000001
2014-03-26,88.94999694824219,89.1500015258789,87.36000061035156,87.37000274658203,79.64441680908203,40930400.0,-0.0129636016892893,79.94000244140625,80.13999938964844,79.91999816894531,79.9800033569336,79.9800033569336,0.0,2.755000114440918,2.763000011444092,2.696000099182129,2.700999975204468,2.700999975204468,0.0,13.640000343322754,15.279999732971191,13.460000038146973,14.93000030517578,14.93000030517578,0.0,-0.012963601689289322,0.0201236759633494,-0.012879936130797631,89.13600006103516,89.82899971008301,88.70619995117188,82.08199993133543,89.12873903524854,89.29560964689091,-0.16687061164236638,0.20851174901225603,38.05178003724696,16.201473568781545,22.819709591694625,-3.522520867944763,-99.74994659423828,1.2447192911126286,87.78474420421459,91.87325521595143,4.551437759445427,0.1262466040142709,0.0032823370515895367,-0.008803238094355523,-0.00542674713855816,0.0037615541804014788,-0.0008863853654072131,0.9749279121818236,-0.22252093395631434,0.8660254037844386,0.5000000000000001
2014-03-27,87.25,87.63999938964844,86.4000015258789,86.87999725341797,79.19773864746094,64784500.0,-0.0056241913585561,80.02999877929688,80.19999694824219,79.94999694824219,80.11000061035156,80.11000061035156,0.0,2.703000068664551,2.71399998664856,2.6589999198913574,2.671999931335449,2.671999931335449,0.0,15.0,15.630000114440918,14.489999771118164,14.619999885559082,14.619999885559082,0.0,-0.005624191358556115,0.01421200989993732,-0.0056084052029892195,88.89599990844727,89.6509994506836,88.67619995117188,82.16124992370605,88.78277876112077,89.11667539552255,-0.33389663440178197,0.10003007232944844,35.85619064189216,12.799494609035921,16.54560770321268,-2.688173788859238,-89.6996537299749,1.2443820463024073,87.24312784071881,92.05887106064839,5.371655920666763,0.12366312122974349,-0.012963601689289322,0.0032823370515895367,0.0027725683734876345,-0.014235289130055371,0.006467208921021199,0.43388373911755823,-0.900968867902419,0.8660254037844386,0.5000000000000001
2014-03-28,87.16000366210938,88.01000213623047,86.80999755859375,87.05000305175781,79.3526840209961,39895100.0,0.0019545255099776,80.1500015258789,80.25,80.05999755859375,80.18000030517578,80.18000030517578,0.0,2.687999963760376,2.7330000400543213,2.683000087738037,2.711999893188477,2.711999893188477,0.0,14.149999618530272,14.859999656677246,13.729999542236328,14.40999984741211,14.40999984741211,0.0,0.0019545255099776304,0.013767835328331802,0.0019564368400071253,88.73400039672852,89.48649978637697,88.65960006713867,82.24434993743895,88.51619788275724,88.96358855524367,-0.44739067248643494,-0.009454076633728228,37.20986753241884,8.166314049706902,12.389094075841454,-1.826993516004004,-86.05145752666611,1.241212227112001,86.83919610175722,92.13380347099671,5.916654894178254,0.12439673781454808,-0.005624191358556115,-0.012963601689289322,-0.012105861007295085,-0.006855716821922509,-0.0011064144950303036,-0.433883739117558,-0.9009688679024191,0.8660254037844386,0.5000000000000001
2014-03-31,87.7300033569336,88.26000213623047,87.62000274658203,87.66999816894531,79.91786193847656,33924300.0,0.0070971099691977,80.19000244140625,80.30000305175781,79.95999908447266,80.0999984741211,80.0999984741211,0.0,2.74399995803833,2.7679998874664307,2.7230000495910645,2.7230000495910645,2.7230000495910645,0.0,13.880000114440918,14.15999984741211,13.56999969482422,13.880000114440918,13.880000114440918,0.0,0.007097109969197702,0.0072951027602788324,0.007122354139034837,88.55600051879883,89.38649978637696,88.65540008544923,82.33404991149901,88.38601331140157,88.8677670451475,-0.4817537337459328,-0.10391400805616914,42.01581523750458,17.428047427283182,12.797952028675335,-1.9899372163498485,-71.96474646150945,1.2389827169234764,86.6199691350269,92.15303043772701,6.190041355152578,0.1262487525280956,0.0019545255099776304,-0.005624191358556115,-0.008803238094355523,0.00875815841424408,-0.0074445918804051225,0.0,1.0,0.8660254037844386,0.5000000000000001
2014-04-01,88.0999984741211,89.2699966430664,87.70999908447266,89.20999908447266,81.32174682617188,38683800.0,0.0174140879609797,80.0999984741211,80.12999725341797,79.97000122070312,80.08000183105469,80.08000183105469,0.0,2.743000030517578,2.7660000324249268,2.743000030517578,2.759000062942505,2.759000062942505,0.0,13.43000030517578,13.5600004196167,13.0600004196167,13.100000381469728,13.100000381469728,0.0,0.01741408796097979,0.01770712355973526,0.017566597174184517,88.42400054931642,89.30649986267092,88.66860000610353,82.42889991760251,88.51278035341251,88.893117566579,-0.3803372131664844,-0.15919864907823222,51.870003682344134,34.67155463680751,20.088638704599198,-1.4580798769723244,-37.969132101401925,1.2647695567233064,86.62196939907072,91.99103032627112,6.011948666061874,0.1340046167024688,0.007097109969197702,0.0019545255099776304,0.0032823370515895367,0.012001083664035796,0.012633722406365839,0.7818314824680298,0.6234898018587336,1.0,6.123233995736766e-17
2014-04-02,89.58999633789062,89.68000030517578,89.04000091552734,89.44000244140625,81.53136444091797,34631600.0,0.0025743165589936,80.06999969482422,80.27999877929688,80.0,80.22000122070312,80.22000122070312,0.0,2.7790000438690186,2.808000087738037,2.775000095367432,2.802999973297119,2.802999973297119,0.0,13.170000076293944,13.350000381469728,12.920000076293944,13.09000015258789,13.09000015258789,0.0,0.002574316558993625,0.007143647905003432,0.002577632957075471,88.3640007019043,89.22550010681154,88.6818000793457,82.52174991607664,88.65542990541155,88.93362755730695,-0.2781976518953968,-0.18299844964166515,53.15060278767722,53.80920316354826,35.302935075879645,-0.6663688005556477,-28.638511946443824,1.2201431162179586,86.66903492150817,91.7819652921149,5.730346553940366,0.1339451178433781,0.01741408796097979,0.007097109969197702,-0.012963601689289322,-0.00542674713855816,0.002748999085131686,0.9749279121818236,-0.22252093395631434,1.0,6.123233995736766e-17
2014-04-03,89.52999877929688,89.68000030517578,88.22000122070312,88.7300033569336,80.88416290283203,30319100.0,-0.007969742479032,80.2300033569336,80.52999877929688,80.12000274658203,80.47000122070312,80.47000122070312,0.0,2.799000024795532,2.805999994277954,2.7769999504089355,2.789999961853028,2.789999961853028,0.0,13.020000457763672,13.699999809265137,13.020000457763672,13.369999885559082,13.369999885559082,0.0,-0.00796974247903208,0.016307372996527614,-0.007938068282359434,88.20800094604493,89.11300010681153,88.68680007934572,82.6095499420166,88.66690274410725,88.91854428320521,-0.2516415390979603,-0.19672706753292418,48.831388633359275,62.69573572933005,50.39216450989527,-1.7277633655727145,-45.30514876416407,1.2372756853790086,86.68692235252001,91.53907786110304,5.444946868321337,0.1363554257847209,0.002574316558993625,0.01741408796097979,-0.005624191358556115,0.0027725683734876345,-0.0008790421827026503,0.43388373911755823,-0.900968867902419,1.0,6.123233995736766e-17
2014-04-04,89.31999969482422,89.41000366210938,86.13999938964844,86.37000274658203,78.73284912109375,131213200.0,-0.0269575784540243,80.44999694824219,80.5999984741211,80.33999633789062,80.41999816894531,80.41999816894531,0.0,2.7950000762939453,2.8010001182556152,2.720999956130981,2.7260000705718994,2.7260000705718994,0.0,12.880000114440918,14.550000190734863,12.600000381469728,13.960000038146973,13.960000038146973,0.0,-0.02695757845402436,0.0366099897406339,-0.0265974661111682,87.94500122070312,88.90500030517578,88.67940017700195,82.68504997253419,88.31353351371875,88.72976342864054,-0.41622991492178585,-0.24062763701069653,37.82755874765394,43.71496810772244,53.40663566686692,-2.9550530937280546,-94.91143496622477,1.3824705844562892,86.28488885866449,91.52511175168706,5.894182413851818,0.16407386618238126,-0.00796974247903208,0.002574316558993625,0.0019545255099776304,-0.012105861007295085,-0.004958668214310786,-0.433883739117558,-0.9009688679024191,1.0,6.123233995736766e-17
2014-04-07,85.83000183105469,86.62999725341797,84.94999694824219,85.55000305175781,77.98534393310547,83995800.0,-0.0095395543068194,80.44000244140625,80.44999694824219,80.19000244140625,80.22000122070312,80.22000122070312,0.0,2.7260000705718994,2.727999925613404,2.683000087738037,2.694999933242798,2.694999933242798,0.0,14.960000038146973,16.010000228881836,14.56999969482422,15.56999969482422,15.56999969482422,0.0,-0.00953955430681942,0.01957357881085271,-0.009494197102388524,87.6780014038086,88.6520004272461,88.67240020751952,82.75424999237062,87.88837498110937,88.49422562294552,-0.605850641836156,-0.31367223797578847,34.88597062844515,23.43046390553944,43.28038924753064,-3.0265224801637474,-89.49202455299283,1.4037227073648244,85.7618182902864,91.54218256420579,6.52028633991531,0.1656081513912179,-0.02695757845402436,-0.00796974247903208,0.007097109969197702,-0.008803238094355523,0.0008839654313844749,0.0,1.0,1.0,6.123233995736766e-17
2014-04-08,85.6500015258789,86.45999908447266,85.3499984741211,86.33999633789062,78.70545959472656,51495700.0,0.0091916145091054,80.22000122070312,80.2300033569336,79.70999908447266,79.75,79.75,0.0,2.7170000076293945,2.720999956130981,2.674999952316284,2.680999994277954,2.680999994277954,0.0,15.59000015258789,16.200000762939453,14.8100004196167,14.890000343322754,14.890000343322754,0.0,0.009191614509105455,0.01295972668507401,0.009233987122488019,87.46100082397462,88.45800018310547,88.6822001647949,82.82724998474121,87.65016288215263,88.33465308331182,-0.6844902011591927,-0.38783583061246935,39.747190283366265,13.327491700313079,26.824307904524986,-2.4517068647223303,-75.61406537984315,1.382742557578163,85.49111309376738,91.42488727244356,6.708013030357272,0.17078419452322646,-0.00953955430681942,-0.02695757845402436,0.01741408796097979,0.0032823370515895367,-0.004313755738088014,0.7818314824680298,0.6234898018587336,1.0,6.123233995736766e-17
2014-04-09,86.66000366210938,87.87000274658203,86.43000030517578,87.81999969482422,80.05461120605469,45685200.0,0.0169965166067291,79.80000305175781,79.87999725341797,79.47000122070312,79.4800033569336,79.4800033569336,0.0,2.7060000896453857,2.7230000495910645,2.674000024795532,2.684000015258789,2.684000015258789,0.0,14.579999923706056,14.9399995803833,13.699999809265137,13.81999969482422,13.81999969482422,0.0,0.016996516606729177,0.01661669029026209,0.017141779214240538,87.50600051879884,88.321000289917,88.74000015258788,82.90619998931886,87.67629162256364,88.29653061009051,-0.620238987526875,-0.43431646199535046,47.63467389627193,28.414931669764808,21.724295758539107,0.5150474237106415,-49.64911505786957,1.3932614040862517,85.51406292553236,91.12793765430163,6.356217332617974,0.18282897660472658,0.009191614509105455,-0.00953955430681942,0.002574316558993625,-0.012963601689289322,0.0037615541804014788,0.9749279121818236,-0.22252093395631434,1.0,6.123233995736766e-17
2014-04-10,87.87999725341797,87.87999725341797,84.86000061035156,85.0999984741211,77.57513427734375,73659600.0,-0.0314621005880769,79.5199966430664,79.56999969482422,79.33000183105469,79.37999725341797,79.37999725341797,0.0,2.66599988937378,2.686000108718872,2.614000082015991,2.628000020980835,2.628000020980835,0.0,13.979999542236328,16.3799991607666,13.8100004196167,15.890000343322754,15.890000343322754,0.0,-0.03146210058807693,0.03436500611575688,-0.030972318662930598,87.32800064086915,88.11200027465821,88.7120001220703,82.97154998779297,87.27993883049557,88.05975045187056,-0.7798116213749893,-0.5034154938712783,37.83259167463766,26.572009556480758,22.771477642186213,-2.0488016063177854,-95.02079089284499,1.5094567782991197,84.99984018666515,91.22416036265128,7.064100413773368,0.20741474622646963,0.016996516606729177,0.009191614509105455,-0.00796974247903208,-0.005624191358556115,-0.014235289130055371,0.43388373911755823,-0.900968867902419,1.0,6.123233995736766e-17
2014-04-11,84.33999633789062,85.44000244140625,83.91000366210938,84.11000061035156,76.67266082763672,93657400.0,-0.011701739361608,79.41000366210938,79.56999969482422,79.36000061035156,79.44999694824219,79.44999694824219,0.0,2.6080000400543213,2.634999990463257,2.6070001125335693,2.61899995803833,2.61899995803833,0.0,16.65999984741211,17.850000381469727,15.890000343322754,17.030000686645508,17.030000686645508,0.0,-0.011701739361608078,0.01814084474425697,-0.011633540284706978,87.03400039672852,87.88400039672852,88.66880020141602,83.02919998168947,86.79225602739649,87.76717638953582,-0.9749203621393292,-0.5977164675248885,35.00886282696628,19.59874922728153,24.861896817842364,-3.3773720141723556,-96.53384636744084,1.5109240640846737,84.31008089893044,91.45791989452661,8.133265399081962,0.20953411529835939,-0.03146210058807693,0.016996516606729177,-0.02695757845402436,0.0019545255099776304,-0.006855716821922509,-0.433883739117558,-0.9009688679024191,1.0,6.123233995736766e-17
2014-04-14,84.8499984741211,85.22000122070312,83.98999786376953,84.7699966430664,77.2742919921875,46500700.0,0.0078161238845131,79.62000274658203,79.83000183105469,79.55999755859375,79.7300033569336,79.7300033569336,0.0,2.63700008392334,2.6549999713897705,2.628000020980835,2.638999938964844,2.638999938964844,0.0,16.139999389648438,17.399999618530273,16.100000381469727,16.110000610351562,16.110000610351562,0.0,0.007816123884513117,0.014496209535097868,0.007846749520057372,86.74400024414064,87.65000038146974,88.67840011596681,83.08979995727539,86.48113919903801,87.54516307498253,-1.064023875944514,-0.6909779492088136,38.314330622236874,7.783309713315626,17.984689499025972,-3.307860826334718,-85.09543359976728,1.4908582992881683,83.89932797087268,91.4006727920668,8.558294111291296,0.20888695631874984,-0.011701739361608078,-0.03146210058807693,-0.00953955430681942,0.007097109969197702,0.00875815841424408,0.0,1.0,1.0,6.123233995736766e-17
2014-04-15,85.08000183105469,85.54000091552734,83.27999877929688,85.05000305175781,77.529541015625,84631500.0,0.0032977123343194,79.75,79.9000015258789,79.69000244140625,79.80000305175781,79.80000305175781,0.0,2.6549999713897705,2.6630001068115234,2.595999956130981,2.628000020980835,2.628000020980835,0.0,16.139999389648438,17.5,15.470000267028809,15.609999656677246,15.609999656677246,0.0,0.0032977123343194336,0.026563259139535597,0.00330315576962259,86.32800064086915,87.37600059509278,88.68120010375978,83.14959999084472,86.26096440714875,87.36033640659551,-1.0993719994467597,-0.7726567592564029,39.715200966308174,15.342343398738615,14.241467446445258,-4.663149955618492,-72.34368983657602,1.5457971447840468,83.71152218862449,91.04047900156107,8.387837350097472,0.20303587665653852,0.007816123884513117,-0.011701739361608078,0.009191614509105455,0.01741408796097979,0.012001083664035796,0.7818314824680298,0.6234898018587336,1.0,6.123233995736766e-17
2014-04-16,85.79000091552734,86.18000030517578,85.08999633789062,86.18000030517578,78.55962371826172,46970900.0,0.0131988361717869,79.79000091552734,79.87000274658203,79.6500015258789,79.81999969482422,79.81999969482422,0.0,2.6480000019073486,2.6610000133514404,2.634999990463257,2.63700008392334,2.63700008392334,0.0,14.890000343322754,15.270000457763672,14.050000190734863,14.18000030517578,14.18000030517578,0.0,0.013198836171786917,0.012705489633441347,0.013286325304429747,86.0020004272461,87.1830005645752,88.71100006103515,83.21294998168945,86.2485083914606,87.27290410278664,-1.0243957113260365,-0.8230045496703297,45.13068520632656,29.291129867389877,17.472260993148037,-3.6449038989753544,-54.68748696148707,1.5160971525436127,83.7075695588133,90.65843157033709,7.972726295850965,0.21071206385265284,0.0032977123343194336,0.007816123884513117,0.016996516606729177,0.002574316558993625,-0.00542674713855816,0.9749279121818236,-0.22252093395631434,1.0,6.123233995736766e-17
2014-04-17,85.8499984741211,86.62999725341797,85.62999725341797,86.19999694824219,78.577880859375,53719500.0,0.0002323715302023,79.80999755859375,79.87999725341797,79.58000183105469,79.83000183105469,79.83000183105469,0.0,2.6519999504089355,2.727999925613404,2.6440000534057617,2.720999956130981,2.720999956130981,0.0,14.09000015258789,14.170000076293944,13.06999969482422,13.359999656677246,13.359999656677246,0.0,0.0002323715302023208,0.011648223852926954,0.0002323985305576759,85.74899978637696,86.97850036621095,88.71960006713867,83.26909996032714,86.24104509250392,87.19342949874631,-0.9523844062423876,-0.8488805209847413,45.22445879707971,39.531261237956386,28.054911501361623,-2.8513538971862387,-54.37503948806774,1.479233070219069,83.80459735584036,90.15240337658155,7.29813229018048,0.21012884170957555,0.013198836171786917,0.0032977123343194336,-0.03146210058807693,-0.00796974247903208,0.0027725683734876345,0.43388373911755823,-0.900968867902419,1.0,6.123233995736766e-17
2014-04-18,85.8499984741211,86.62999725341797,85.62999725341797,86.19999694824219,78.577880859375,53719500.0,0.0,79.80999755859375,79.87999725341797,79.58000183105469,79.83000183105469,79.83000183105469,0.0,2.6519999504089355,2.727999925613404,2.6440000534057617,2.720999956130981,2.720999956130981,0.0,14.09000015258789,14.170000076293944,13.06999969482422,13.359999656677246,13.359999656677246,0.0,0.0,0.011648223852926954,0.0,85.73199920654298,86.83850021362306,88.69759994506835,83.32359992980956,86.23472999338674,87.11984190241267,-0.8851119090259374,-0.8561267985929806,45.22445879707972,45.52081135412581,38.11440081982403,-0.1968343092898321,-54.37503948806774,1.4450021366319927,83.79573511158792,89.88126531565821,7.007871150583976,0.20693195012471485,0.0002323715302023208,0.013198836171786917,-0.011701739361608078,-0.02695757845402436,-0.012105861007295085,-0.433883739117558,-0.9009688679024191,1.0,6.123233995736766e-17
2014-04-21,86.4000015258789,86.83999633789062,86.0,86.83999633789062,79.16128540039062,25947900.0,0.0073971127785066,79.86000061035156,79.98999786376953,79.79000091552734,79.94999694824219,79.94999694824219,0.0,2.7219998836517334,2.7219998836517334,2.687999963760376,2.720999956130981,2.720999956130981,0.0,14.100000381469728,14.109999656677246,13.170000076293944,13.25,13.25,0.0,0.007397112778506686,0.009722179664997178,0.007424539000481678,85.86099853515626,86.76949996948242,88.678399810791,83.3804499053955,86.32784789254117,87.09911260133697,-0.7712647087957976,-0.839154380633544,48.49197492438575,48.95828987162354,44.670120821235244,1.5078822210589118,-44.37505140899386,1.401787436721895,83.79686233170511,89.74213760725974,6.851803084777053,0.20744036452973563,0.0,0.0002323715302023208,0.007816123884513117,-0.00953955430681942,-0.008803238094355523,0.0,1.0,1.0,6.123233995736766e-17
2014-04-22,87.13999938964844,87.75,86.98999786376953,87.52999877929688,79.7902603149414,38593400.0,0.0079140872092458,79.95999908447266,79.98999786376953,79.79000091552734,79.91000366210938,79.91000366210938,0.0,2.7260000705718994,2.747999906539917,2.7170000076293945,2.7260000705718994,2.7260000705718994,0.0,13.130000114440918,13.260000228881836,12.899999618530272,13.1899995803833,13.1899995803833,0.0,0.007914087209245836,0.00872162200543636,0.007945486374677735,85.97999877929686,86.72049980163575,88.6529997253418,83.44124988555909,86.51279418281128,87.13103009600067,-0.6182359131893946,-0.7949706871447142,51.82837491360929,55.8853810901528,50.12149410530071,1.378274834236949,-33.593765832479995,1.3666600242495721,83.83771170256942,89.60328790070209,6.648458220744607,0.20928914167327844,0.007397112778506686,0.0,0.0032977123343194336,0.009191614509105455,0.0032823370515895367,0.7818314824680298,0.6234898018587336,1.0,6.123233995736766e-17
2014-04-23,87.52999877929688,87.55999755859375,86.70999908447266,86.76000213623047,79.08837127685547,34376700.0,-0.0088355947843758,79.88999938964844,79.91999816894531,79.69999694824219,79.86000061035156,79.86000061035156,0.0,2.697000026702881,2.7060000896453857,2.677000045776367,2.686000108718872,2.686000108718872,0.0,13.350000381469728,13.75,13.270000457763672,13.270000457763672,13.270000457763672,0.0,-0.008835594784375829,0.009710938946364302,-0.008796675625765582,85.87399902343748,86.68999977111817,88.60879974365236,83.49724990844726,86.550826175645,87.10354654342511,-0.5527203677801111,-0.7465206232717937,48.085220746084865,59.6003919959702,54.81468765258217,-1.2070115717117478,-43.230006770615525,1.3297556278118237,83.82328257153712,89.55671697069921,6.613720630176142,0.2065383476403078,0.007914087209245836,0.007397112778506686,0.013198836171786917,0.016996516606729177,-0.012963601689289322,0.9749279121818236,-0.22252093395631434,1.0,6.123233995736766e-17
2014-04-24,88.19000244140625,88.20999908447266,86.6500015258789,87.58999633789062,79.84496307373047,48926300.0,0.009520941786986,79.8499984741211,79.97000122070312,79.75,79.80000305175781,79.80000305175781,0.0,2.7149999141693115,2.7330000400543213,2.684000015258789,2.687999963760376,2.687999963760376,0.0,13.359999656677246,14.079999923706056,13.09000015258789,13.31999969482422,13.31999969482422,0.0,0.009520941786986052,0.017689052221426322,0.009566410139190795,86.12299880981445,86.7254997253418,88.5679997253418,83.55834987640381,86.71069850829817,87.13957986153368,-0.4288813532355107,-0.6829927692645371,52.10097993181513,70.20003585168783,61.895269645936935,2.9259669899133307,-12.57611984184096,1.3462014800105329,83.83142190737229,89.61957754331132,6.674110445336177,0.2083973589514694,-0.008835594784375829,0.007914087209245836,0.0002323715302023208,-0.03146210058807693,-0.005624191358556115,0.43388373911755823,-0.900968867902419,1.0,6.123233995736766e-17
2014-04-25,87.06999969482422,87.16999816894531,85.9800033569336,86.19000244140625,78.56874084472656,44334000.0,-0.0161128716629471,79.75,79.80000305175781,79.66000366210938,79.7699966430664,79.7699966430664,0.0,2.66599988937378,2.678999900817871,2.6440000534057617,2.66599988937378,2.66599988937378,0.0,13.93000030517578,14.670000076293944,13.90999984741211,14.0600004196167,14.0600004196167,0.0,-0.01611287166294716,0.01366710481431708,-0.015983753763220032,86.33099899291992,86.68249969482423,88.49559982299805,83.61634990692139,86.63059142108403,87.06924079337608,-0.4386493722920477,-0.6341240898700392,45.68211004205886,67.74010439473206,65.84684408079669,2.4729542455843214,-40.97356020334734,1.36504373007814,83.78317181053406,89.5818275791144,6.689534553104934,0.21633491534676902,0.009520941786986052,-0.008835594784375829,0.0,-0.011701739361608078,0.0019545255099776304,-0.433883739117558,-0.9009688679024191,1.0,6.123233995736766e-17
2014-04-28,86.5999984741211,87.11000061035156,85.11000061035156,86.47000122070312,78.82398986816406,58623800.0,0.0032434693273524,79.7699966430664,79.83999633789062,79.55000305175781,79.68000030517578,79.68000030517578,0.0,2.681999921798706,2.7100000381469727,2.6679999828338623,2.677000045776367,2.677000045776367,0.0,14.270000457763672,15.279999732971191,13.81999969482422,13.970000267028809,13.970000267028809,0.0,0.0032434693273524088,0.02309468862863393,0.003248735065538799,86.5009994506836,86.62249984741213,88.42879989624024,83.67464992523193,86.60588523641006,87.02485267688179,-0.4189674404717323,-0.5910927599903779,47.08620434041542,70.3854159412552,69.44185206255835,2.0054319275188592,-35.294072131046065,1.410397749358273,83.75978166582026,89.485218029004,6.60964111318567,0.21496902140971288,-0.01611287166294716,0.009520941786986052,0.007397112778506686,0.007816123884513117,0.007097109969197702,0.0,1.0,1.0,6.123233995736766e-17
2014-04-29,86.7300033569336,87.31999969482422,86.30999755859375,87.16000366210938,79.45296478271484,36742700.0,0.0079478181375024,79.69000244140625,79.83999633789062,79.58999633789062,79.80999755859375,79.80999755859375,0.0,2.7149999141693115,2.7309999465942383,2.690999984741211,2.694999933242798,2.694999933242798,0.0,13.880000114440918,14.239999771118164,13.609999656677246,13.710000038146973,13.710000038146973,0.0,0.007947818137502477,0.01164536028061533,0.007979485884979542,86.71199951171874,86.52000007629397,88.36699996948244,83.73914993286134,86.6911342249792,87.03486386097272,-0.343729635993526,-0.5416201351910075,50.4831278030368,67.47809579815893,68.53453871138205,2.4808942206239615,-21.298080271129784,1.381798062706287,83.91189037256648,89.12810978002146,6.0289174790283,0.20686943670295932,0.0032434693273524088,-0.01611287166294716,0.007914087209245836,0.0032977123343194336,0.01741408796097979,0.7818314824680298,0.6234898018587336,1.0,6.123233995736766e-17
2014-04-30,86.76000213623047,87.4800033569336,86.54000091552734,87.38999938964844,79.66265106201172,38689400.0,0.0026356482934536,79.80999755859375,79.91999816894531,79.45999908447266,79.48999786376953,79.48999786376953,0.0,2.7109999656677246,2.7109999656677246,2.6480000019073486,2.6480000019073486,2.6480000019073486,0.0,14.050000190734863,14.18000030517578,13.34000015258789,13.40999984741211,13.40999984741211,0.0,0.0026356482934536706,0.010834513811217514,0.00263912466791294,86.832999420166,86.41749992370607,88.32220001220705,83.8035999298096,86.79865194262062,87.06117019643018,-0.26251825380956006,-0.48579975891471805,51.59852429277296,75.59166492567917,71.15172555503109,1.4040369925596141,-16.632852820786614,1.3502412326134272,84.15424742277632,88.68075242463583,5.237949496173509,0.20688424430495725,0.007947818137502477,0.0032434693273524088,-0.008835594784375829,0.013198836171786917,0.002574316558993625,0.9749279121818236,-0.22252093395631434,1.0,6.123233995736766e-17
2014-05-01,87.52999877929688,88.1500015258789,87.30999755859375,87.6500015258789,79.89964294433594,37127200.0,0.0029705270667945,79.51000213623047,79.54000091552734,79.41000366210938,79.52999877929688,79.52999877929688,0.0,2.6600000858306885,2.6619999408721924,2.5929999351501465,2.6059999465942383,2.6059999465942383,0.0,13.640000343322754,13.75,13.100000381469728,13.25,13.25,0.0,0.0029705270667945076,0.009596755158230838,0.0029749434542385433,86.97799987792968,86.36349983215332,88.27419998168946,83.86699993133546,86.92962880158343,87.10478733194489,-0.17515853036145757,-0.423671513204066,52.89041906664245,83.57003025449367,75.54659699277725,1.682139940802269,-11.35897614460255,1.3137957136614078,84.28888893308675,88.4381107312199,4.804369677232993,0.2057492817226816,0.0026356482934536706,0.007947818137502477,0.009520941786986052,0.0002323715302023208,-0.00796974247903208,0.43388373911755823,-0.900968867902419,0.8660254037844387,-0.4999999999999998
2014-05-02,87.94999694824219,88.11000061035156,87.27999877929688,87.48999786376953,79.75379180908203,40074200.0,-0.0018270972504105,79.5199966430664,79.8499984741211,79.47000122070312,79.5199966430664,79.5199966430664,0.0,2.624000072479248,2.700000047683716,2.5739998817443848,2.5910000801086426,2.5910000801086426,0.0,13.149999618530272,13.5,12.829999923706056,12.90999984741211,12.90999984741211,0.0,-0.001827097250410518,0.009437201362759983,-0.0018254291243268161,87.1069999694824,86.4194995880127,88.22539993286132,83.92759990692139,87.01583942653514,87.13332144541337,-0.11748201887823484,-0.3624336143388998,51.971096110717156,85.80122823443234,81.6543078048684,1.4965208366560734,-14.604486331313794,1.279239007760928,84.28456286314184,88.55443631288355,4.940868056512081,0.18090865456065386,0.0029705270667945076,0.0026356482934536706,-0.01611287166294716,0.0,-0.02695757845402436,-0.433883739117558,-0.9009688679024191,0.8660254037844387,-0.4999999999999998
2014-05-05,86.97000122070312,87.97000122070312,86.76000213623047,87.94999694824219,80.1731185913086,27924400.0,0.0052439922976624,79.5,79.52999877929688,79.43000030517578,79.48999786376953,79.48999786376953,0.0,2.575000047683716,2.61299991607666,2.572000026702881,2.611000061035156,2.611000061035156,0.0,13.949999809265137,14.199999809265137,13.079999923706056,13.289999961853027,13.289999961853027,0.0,0.005243992297662466,0.013912832787044013,0.005257766091302241,87.21800003051757,86.53949928283691,88.17619979858398,83.99119987487794,87.15955596833622,87.1938159271044,-0.03425995876817467,-0.2967988832247548,54.423777583530146,88.56771435261172,85.97965761384592,1.2782135619082695,-8.333394466248523,1.2742932989546227,84.34147697562939,88.73752159004444,5.079812861000571,0.17744893823110872,-0.001827097250410518,0.0029705270667945076,0.0032434693273524088,0.007397112778506686,-0.00953955430681942,0.0,1.0,0.8660254037844387,-0.4999999999999998
2014-05-06,87.80999755859375,87.86000061035156,86.7699966430664,86.80999755859375,79.13392639160156,33698500.0,-0.0130465911304629,79.5,79.5199966430664,79.05999755859375,79.13999938964844,79.13999938964844,0.0,2.609999895095825,2.611000061035156,2.5859999656677246,2.595000028610229,2.595000028610229,0.0,13.649999618530272,13.899999618530272,13.279999732971191,13.800000190734863,13.800000190734863,0.0,-0.013046591130462908,0.012413210313071922,-0.012961853274093382,87.14599990844727,86.56299934387206,88.10619979858399,84.04709987640382,87.10577775145276,87.16538493684435,-0.059607185391584494,-0.24936054365812071,47.895937741222816,77.30025247622547,83.8897316877565,-0.8225765231855847,-45.161361773761264,1.267558085113277,84.3639082572764,88.76209043046772,5.080903164780034,0.18197042532272809,0.005243992297662466,-0.001827097250410518,0.007947818137502477,0.007914087209245836,0.009191614509105455,0.7818314824680298,0.6234898018587336,0.8660254037844387,-0.4999999999999998
2014-05-07,86.98999786376953,87.08000183105469,85.52999877929688,86.55999755859375,78.90604400634766,67489100.0,-0.0028838596035526,79.13999938964844,79.23999786376953,79.08999633789062,79.22000122070312,79.22000122070312,0.0,2.611000061035156,2.617000102996826,2.57699990272522,2.5899999141693115,2.5899999141693115,0.0,13.640000343322754,14.489999771118164,13.390000343322754,13.399999618530272,13.399999618530272,0.0,-0.0028838596035526596,0.017818175535366618,-0.002879705274905886,87.1259994506836,86.49999923706054,88.03279968261717,84.10104988098146,87.02181156793598,87.1205414273443,-0.0987298594083228,-0.21923440680816114,46.57656254793522,64.42645396256222,76.76480693046646,-0.23052624793931167,-53.22588187230356,1.2877327255878868,84.38182790592599,88.61817056819508,4.89750601113769,0.17109387349384042,-0.013046591130462908,0.005243992297662466,0.0026356482934536706,-0.008835594784375829,0.016996516606729177,0.9749279121818236,-0.22252093395631434,0.8660254037844387,-0.4999999999999998
2014-05-08,86.25,87.52999877929688,86.05000305175781,86.4800033569336,78.8331069946289,46556900.0,-0.0009247801380189,79.2300033569336,79.44000244140625,78.91000366210938,79.43000030517578,79.43000030517578,0.0,2.618000030517578,2.63100004196167,2.5799999237060547,2.601999998092652,2.601999998092652,0.0,13.6899995803833,13.880000114440918,12.920000076293944,13.43000030517578,13.43000030517578,0.0,-0.0009247801380189849,0.017159370754076086,-0.0009243526606514951,87.01500015258787,86.56899948120117,87.95359970092773,84.15074989318849,86.938456458551,87.07309416286944,-0.13463770431843614,-0.20231506631021615,46.138599744651955,48.6021383644703,63.442948267752655,-1.2672599924254804,-55.80634126052426,1.301465797155828,84.55553096206606,88.58246800033629,4.6517079582797995,0.12697491323190535,-0.0028838596035526596,-0.013046591130462908,0.0029705270667945076,0.009520941786986052,-0.03146210058807693,0.43388373911755823,-0.900968867902419,0.8660254037844387,-0.4999999999999998
2014-05-09,86.43000030517578,86.86000061035156,85.8499984741211,86.80000305175781,79.12480926513672,35081500.0,0.0036934217545568,79.41999816894531,79.91999816894531,79.41999816894531,79.9000015258789,79.9000015258789,0.0,2.595000028610229,2.635999917984009,2.595000028610229,2.622999906539917,2.622999906539917,0.0,13.550000190734863,14.029999732971191,12.869999885559082,12.920000076293944,12.920000076293944,0.0,0.003693421754556805,0.011685781935256868,0.003700250841663255,87.07600021362305,86.70349960327148,87.88279983520508,84.19989990234376,86.91715593442896,87.05286519167598,-0.1357092572470151,-0.18899390449757597,48.23549899439664,48.494670496132386,53.84108760772163,0.7077394048877694,-45.48376537877501,1.2806469642325882,85.05542927618325,88.35156993035972,3.8016235437538204,0.11832914761570892,-0.0009247801380189849,-0.0028838596035526596,-0.001827097250410518,-0.01611287166294716,-0.011701739361608078,-0.433883739117558,-0.9009688679024191,0.8660254037844387,-0.4999999999999998
2014-05-12,87.31999969482422,88.26000213623047,87.23999786376953,88.2300033569336,80.4283676147461,38951100.0,0.0163404750736306,79.86000061035156,79.91999816894531,79.77999877929688,79.9000015258789,79.9000015258789,0.0,2.6449999809265137,2.6630001068115234,2.638000011444092,2.6559998989105225,2.6559998989105225,0.0,12.460000038146973,12.579999923706056,11.880000114440918,12.229999542236328,12.229999542236328,0.0,0.016340475073630602,0.011681221667725188,0.016474710798244363,87.2520004272461,86.87649993896484,87.85399993896485,84.2559499359131,87.11913246096813,87.14006061132469,-0.020928150356553488,-0.15538075366937149,56.403611135772415,65.91918387403999,54.33866424488088,2.0353904375903715,-0.952341738580742,1.2934578299640218,85.3620194649575,88.39098041297218,3.4865135567646997,0.12778424428901164,0.003693421754556805,-0.0009247801380189849,0.005243992297662466,0.0032434693273524088,0.007816123884513117,0.0,1.0,0.8660254037844387,-0.4999999999999998
2014-05-13,88.30999755859375,88.61000061035156,88.12000274658203,88.29000091552734,80.48307800292969,30311900.0,0.000680006199457,79.9000015258789,80.18000030517578,79.86000061035156,80.13999938964844,80.13999938964844,0.0,2.6559998989105225,2.657999992370605,2.611000061035156,2.618000030517578,2.618000030517578,0.0,12.359999656677246,12.739999771118164,12.050000190734863,12.130000114440918,12.130000114440918,0.0,0.0006800061994570346,0.005548611451884791,0.0006802374560883617,87.3650001525879,87.03849983215332,87.80360000610351,84.31459995269776,87.29926606936186,87.22524137459895,0.07402469476291174,-0.10949966398291484,56.71224025680462,81.47368148636504,65.29584528551247,1.296463063263049,-9.142848423549111,1.236067832378701,85.65957137111701,88.41742829318963,3.168548317573169,0.1277695659211107,0.016340475073630602,0.003693421754556805,-0.013046591130462908,0.007947818137502477,0.0032977123343194336,0.7818314824680298,0.6234898018587336,0.8660254037844387,-0.4999999999999998
2014-05-14,88.0199966430664,88.3499984741211,87.62000274658203,87.83000183105469,80.06373596191406,26483600.0,-0.0052239341821237,80.11000061035156,80.12999725341797,79.98999786376953,80.06999969482422,80.06999969482422,0.0,2.571000099182129,2.5859999656677246,2.525000095367432,2.5429999828338623,2.5429999828338623,0.0,12.420000076293944,12.510000228881836,12.029999732971191,12.170000076293944,12.170000076293944,0.0,-0.00522393418212371,0.008293521419903013,-0.005210313166705172,87.40900039672852,87.12099990844726,87.73900009155273,84.37164997100831,87.38091772500691,87.27003844544753,0.11087927955938426,-0.06542387527445503,53.58039451084601,89.206376809796,78.86641405673367,0.5034928990494643,-22.28567940848214,1.1999198248901557,85.76103192873205,88.48096788816247,3.122021053808739,0.12273922966523088,0.0006800061994570346,0.016340475073630602,-0.0028838596035526596,0.0026356482934536706,0.013198836171786917,0.9749279121818236,-0.22252093395631434,0.8660254037844387,-0.4999999999999998
2014-05-15,87.80999755859375,87.95999908447266,86.58000183105469,87.13999938964844,79.43474578857422,59680300.0,-0.0078871400788874,80.05999755859375,80.33999633789062,79.93000030517578,80.0,80.0,0.0,2.54099988937378,2.561000108718872,2.4730000495910645,2.502000093460083,2.502000093460083,0.0,12.729999542236328,13.770000457763672,12.720000267028809,13.170000076293944,13.170000076293944,0.0,-0.007887140078887427,0.015715719072843908,-0.007856118201117313,87.35800018310547,87.16800003051756,87.66220001220702,84.42334995269776,87.34385336572099,87.26040592279574,0.08344744292524808,-0.03564961163451441,49.19208608509736,75.52381243024553,82.06795690880219,-0.5818620962372593,-42.00003487723214,1.2127824983564282,85.87892687503538,88.45707318599975,2.95767519050771,0.12668772619633115,-0.00522393418212371,0.0006800061994570346,-0.0009247801380189849,0.0029705270667945076,0.0002323715302023208,0.43388373911755823,-0.900968867902419,0.8660254037844387,-0.4999999999999998
2014-05-16,87.23999786376953,87.76000213623047,86.63999938964844,87.70999908447266,79.95433044433594,66804100.0,0.0065197252977616,80.01000213623047,80.12000274658203,79.97000122070312,80.04000091552734,80.04000091552734,0.0,2.496000051498413,2.5209999084472656,2.493000030517578,2.5179998874664307,2.5179998874664307,0.0,13.3100004196167,13.65999984741211,12.260000228881836,12.4399995803833,12.4399995803833,0.0,0.006519725297761647,0.012838179436122666,0.006541024970919684,87.38000030517578,87.2435001373291,87.60580001831053,84.47944995880127,87.40018347629817,87.29370911995699,0.10647435634118096,-0.007224818039375337,52.64262950099278,68.83115810790184,77.85378244931445,0.2514587107953624,-29.22081139058018,1.2061553732296855,86.01782324288295,88.46917703177523,2.809783863592848,0.12841955215412576,-0.007887140078887427,-0.00522393418212371,0.003693421754556805,-0.001827097250410518,0.0,-0.433883739117558,-0.9009688679024191,0.8660254037844387,-0.4999999999999998
2014-05-19,87.44999694824219,88.45999908447266,87.30000305175781,88.31999969482422,80.5103988647461,32017000.0,0.0069307523056735,80.05000305175781,80.08000183105469,79.87999725341797,79.98999786376953,79.98999786376953,0.0,2.5199999809265137,2.5390000343322754,2.494999885559082,2.5360000133514404,2.5360000133514404,0.0,13.170000076293944,13.210000038146973,12.279999732971191,12.420000076293944,12.420000076293944,0.0,0.006930752305673547,0.013264677795259323,0.006954825552535793,87.417000579834,87.31750030517577,87.55999999999999,84.53769996643065,87.54169366376371,87.36973064402122,0.17196301974249195,0.02861274951699812,56.080238188674514,73.12118172975084,72.49205075596606,0.42069671338337244,-9.41560854293514,1.2028582774786254,86.01791626080656,88.61708434954498,2.976686322506139,0.12811539554726709,0.006519725297761647,-0.007887140078887427,0.016340475073630602,0.005243992297662466,0.007397112778506686,0.0,1.0,0.8660254037844387,-0.4999999999999998
2014-05-20,88.27999877929688,88.5999984741211,87.63999938964844,88.0,80.21868896484375,33716000.0,-0.0036298373136067,80.02999877929688,80.12999725341797,80.0,80.04000091552734,80.04000091552734,0.0,2.5480000972747803,2.553999900817871,2.502000093460083,2.509000062942505,2.509000062942505,0.0,12.6899995803833,13.300000190734863,12.31999969482422,12.960000038146973,12.960000038146973,0.0,-0.003629837313606726,0.01087448003791536,-0.0036232574178697297,87.53600082397462,87.34100036621093,87.51559997558594,84.59219997406004,87.61220233087698,87.4164172629826,0.1957850678943771,0.06204721319247392,53.87107167767089,80.51945907294655,74.15726630353308,1.3708126654456354,-19.80520284764504,1.1855111922639132,86.00865230481439,88.67334842760748,3.050910925705361,0.12620603232737856,0.006930752305673547,0.006519725297761647,0.0006800061994570346,-0.013046591130462908,0.007914087209245836,0.7818314824680298,0.6234898018587336,0.8660254037844387,-0.4999999999999998
2014-05-21,88.16000366210938,88.88999938964844,88.11000061035156,88.83999633789062,80.98441314697266,36837700.0,0.0095001886589228,80.04000091552734,80.30000305175781,79.88999938964844,80.0999984741211,80.0999984741211,0.0,2.5299999713897705,2.559000015258789,2.5299999713897705,2.5369999408721924,2.5369999408721924,0.0,12.380000114440918,12.460000038146973,11.800000190734863,11.90999984741211,11.90999984741211,0.0,0.009500188658922874,0.008847535695283933,0.009545458695597642,87.7640007019043,87.44500007629395,87.48119995117187,84.65234996795652,87.80109371657139,87.52186756482764,0.27922615174374243,0.10548300090272764,58.49328013034801,89.76366760517718,81.13476946929151,2.6340097546254087,-1.488185793888308,1.1644032063628078,85.9850015088625,88.9049986437254,3.339238529721852,0.1254448122967357,-0.003629837313606726,0.006930752305673547,-0.00522393418212371,-0.0028838596035526596,-0.008835594784375829,0.9749279121818236,-0.22252093395631434,0.8660254037844387,-0.4999999999999998
2014-05-22,88.94000244140625,89.4800033569336,88.80000305175781,89.2300033569336,81.33993530273438,30617100.0,0.0043803992147064,80.06999969482422,80.27999877929688,80.06999969482422,80.25,80.25,0.0,2.553999900817871,2.562000036239624,2.5339999198913574,2.555000066757202,2.555000066757202,0.0,11.93000030517578,12.09000015258789,11.68000030517578,12.029999732971191,12.029999732971191,0.0,0.004380399214706443,0.007645606999210125,0.004390007187142331,88.0390007019043,87.52700042724611,87.4802000427246,84.72094997406005,88.0209259689348,87.64839614202067,0.37252982691413195,0.1588923661050085,60.473633837685796,90.79250158972944,87.02520942261772,3.179925871012951,-6.329106589278299,1.129802999135163,85.86277550727657,89.19122534721565,3.802769229714144,0.12219905757182349,0.009500188658922874,-0.003629837313606726,-0.007887140078887427,-0.0009247801380189849,0.009520941786986052,0.43388373911755823,-0.900968867902419,0.8660254037844387,-0.4999999999999998
2014-05-23,89.31999969482422,89.9000015258789,89.12000274658203,89.87999725341797,81.93245697021484,22687300.0,0.0072581072697671,80.2300033569336,80.44000244140625,80.2300033569336,80.38999938964844,80.38999938964844,0.0,2.5429999828338623,2.5450000762939453,2.5179998874664307,2.5360000133514404,2.5360000133514404,0.0,11.960000038146973,11.970000267028809,11.359999656677246,11.359999656677246,11.359999656677246,0.0,0.007258107269767141,0.00873263302689054,0.0072845111724664235,88.34700012207031,87.71150016784671,87.50440002441405,84.79294994354248,88.30693693577837,87.8136999280501,0.4932370077282684,0.2257612944296605,63.59144186394331,97.24164807755551,92.59927242415404,3.5483802919034373,-0.4577633841668316,1.1048169834324282,85.86336943999285,89.55963089570056,4.214112686061079,0.10606905186840662,0.004380399214706443,0.009500188658922874,0.006519725297761647,0.003693421754556805,-0.01611287166294716,-0.433883739117558,-0.9009688679024191,0.8660254037844387,-0.4999999999999998
2014-05-26,89.31999969482422,89.9000015258789,89.12000274658203,89.87999725341797,81.93245697021484,22687300.0,0.0,80.2300033569336,80.44000244140625,80.2300033569336,80.38999938964844,80.38999938964844,0.0,2.5429999828338623,2.5450000762939453,2.5179998874664307,2.5360000133514404,2.5360000133514404,0.0,11.960000038146973,11.970000267028809,11.359999656677246,11.359999656677246,11.359999656677246,0.0,0.0,0.00873263302689054,0.0,88.51199951171874,87.88199996948245,87.51300003051757,84.86559993743897,88.54894621541524,87.96675898918846,0.5821872262267789,0.2970464807890842,63.59144186394333,97.58512221412933,95.20642396047143,1.8701052178467468,-0.4577633841668316,1.0816156831370316,85.89235861240081,89.87164132656409,4.527983791385159,0.10622842058965391,0.007258107269767141,0.004380399214706443,0.006930752305673547,0.016340475073630602,0.0032434693273524088,0.0,1.0,0.8660254037844387,-0.4999999999999998
2014-05-27,90.27999877929688,91.0199966430664,90.1999969482422,91.0,82.95342254638672,29725200.0,0.0123840637839972,80.29000091552734,80.47000122070312,80.16999816894531,80.3499984741211,80.3499984741211,0.0,2.5360000133514404,2.553999900817871,2.513999938964844,2.5179998874664307,2.5179998874664307,0.0,11.6899995803833,11.84000015258789,11.5,11.510000228881836,11.510000228881836,0.0,0.012384063783997278,0.009082850087634781,0.012461063831431751,88.782999420166,88.07399978637697,87.52240005493164,84.9421999359131,88.92603141304366,88.19144350850783,0.7345879045358288,0.38455476553843315,68.54908184457241,99.56589694344645,98.13088907837708,3.0694292177723326,-0.3867824013269572,1.0857859478878464,85.67807946456264,90.4699201081913,5.440698339182102,0.11063521693096323,0.0,0.007258107269767141,-0.003629837313606726,0.0006800061994570346,0.007947818137502477,0.7818314824680298,0.6234898018587336,0.8660254037844387,-0.4999999999999998
2014-05-28,90.97000122070312,91.0999984741211,90.6500015258789,90.72000122070312,82.69817352294922,30468100.0,-0.0030817599287622,80.33999633789062,80.58000183105469,80.31999969482422,80.56999969482422,80.56999969482422,0.0,2.497999906539917,2.497999906539917,2.434000015258789,2.437999963760376,2.437999963760376,0.0,11.600000381469728,11.859999656677246,11.5,11.68000030517578,11.68000030517578,0.0,-0.0030817599287622107,0.0049466521073298205,-0.0030770161809148266,89.07199935913084,88.2404998779297,87.53600006103514,85.01869995117188,89.2020267680682,88.37874407978157,0.8232826882866249,0.4723003500880716,66.12493729877524,97.30580376408639,98.15227430722071,3.2904466917893194,-7.238042922247024,1.0403724479131566,85.59490437902035,90.88609537683904,5.996329355724895,0.11215721226124625,0.012384063783997278,0.0,0.009500188658922874,-0.00522393418212371,0.0026356482934536706,0.9749279121818236,-0.22252093395631434,0.8660254037844387,-0.4999999999999998
2014-05-29,91.04000091552734,91.30999755859376,90.86000061035156,91.3000030517578,83.22688293457031,33036100.0,0.0063728916212377,80.54000091552734,80.55999755859375,80.36000061035156,80.48999786376953,80.48999786376953,0.0,2.436000108718872,2.4570000171661377,2.4019999504089355,2.447000026702881,2.447000026702881,0.0,11.579999923706056,11.81999969482422,11.40999984741211,11.56999969482422,11.56999969482422,0.0,0.006372891621237756,0.0049428486787883195,0.006393241701696972,89.4879997253418,88.42299995422363,87.55620010375975,85.09439994812013,89.52479235017428,88.59513363326128,0.9296587169129964,0.5637720234530565,68.6018930296399,97.38795804320826,98.08655291691369,4.773931249996701,-0.21130054680125188,1.0082027257686912,85.46391653841182,91.38208337003543,6.693017466821335,0.11324503957425239,-0.0030817599287622107,0.012384063783997278,0.004380399214706443,-0.007887140078887427,0.0029705270667945076,0.43388373911755823,-0.900968867902419,0.8660254037844387,-0.4999999999999998
2014-05-30,91.31999969482422,91.4499969482422,90.83000183105467,91.30999755859376,83.23601531982422,29906400.0,0.0001097227713663,80.48999786376953,80.5,80.30999755859375,80.37000274658203,80.37000274658203,0.0,2.4660000801086426,2.490999937057495,2.45199990272522,2.4570000171661377,2.4570000171661377,0.0,11.65999984741211,11.699999809265137,11.31999969482422,11.399999618530272,11.399999618530272,0.0,0.00010972277136635942,0.006789258861798575,0.00010972879112980394,89.8479995727539,88.61399993896484,87.60240005493165,85.16759994506837,89.79943930531574,88.79623466476738,1.0032046405483612,0.6516585468721176,68.64444007297986,96.55864095168417,97.08413425299292,4.1044333732736495,-2.8747336758992326,0.9804736108700367,85.42433003270892,91.80366984522075,7.19902026418598,0.11257454786455502,0.006372891621237756,-0.0030817599287622107,0.007258107269767141,0.006519725297761647,-0.001827097250410518,-0.433883739117558,-0.9009688679024191,0.8660254037844387,-0.4999999999999998
2014-06-02,91.41999816894533,91.44000244140624,90.63999938964844,91.22000122070312,83.15398406982422,30409900.0,-0.0009860118630559,80.4000015258789,80.68000030517578,80.38999938964844,80.63999938964844,80.63999938964844,0.0,2.5,2.54099988937378,2.486999988555908,2.5339999198913574,2.5339999198913574,0.0,11.6899995803833,12.170000076293944,11.289999961853027,11.579999923706056,11.579999923706056,0.0,-0.000986011863055979,0.008750853946413152,-0.0009855259130895355,90.13799972534181,88.77750015258789,87.66240005493164,85.24014995574953,90.01798729229841,88.97577292817002,1.042214364128398,0.7297697103233737,67.75411268214238,97.3970853881886,97.114561461027,3.283516231770157,-4.7227096127337,0.967582856647734,85.40135572008589,92.15364458508989,7.605856048433882,0.11246590176021705,0.00010972277136635942,0.006372891621237756,0.0,0.006930752305673547,0.005243992297662466,0.0,1.0,0.49999999999999994,-0.8660254037844387
2014-06-03,90.91999816894533,91.33000183105467,90.8000030517578,91.18000030517578,83.11750793457031,21774500.0,-0.0004387539367012,80.62999725341797,80.66000366210938,80.43000030517578,80.55000305175781,80.55000305175781,0.0,2.549999952316284,2.595000028610229,2.5450000762939453,2.5929999351501465,2.5929999351501465,0.0,12.029999732971191,12.130000114440918,11.720000267028809,11.869999885559082,11.869999885559082,0.0,-0.00043875393670120364,0.0058292871752157775,-0.00043865769826823,90.4559997558594,88.99600028991699,87.71580001831055,85.32034996032715,90.19675852504878,89.13904903017044,1.0577094948783383,0.7953576672343666,67.33606877061955,95.61949074654282,96.52507236213852,3.613636710427024,-5.544084471738586,0.9363268511226727,85.59048579400557,92.40151478582841,7.6531855023090385,0.0983752996382309,-0.000986011863055979,0.00010972277136635942,0.012384063783997278,-0.003629837313606726,-0.013046591130462908,0.7818314824680298,0.6234898018587336,0.49999999999999994,-0.8660254037844387
2014-06-04,90.9499969482422,91.66999816894533,90.80999755859376,91.5199966430664,83.42744445800781,20118300.0,0.0037219606692431,80.55999755859375,80.68000030517578,80.4800033569336,80.66999816894531,80.66999816894531,0.0,2.5799999237060547,2.615000009536743,2.568000078201294,2.6059999465942383,2.6059999465942383,0.0,12.149999618530272,12.329999923706056,11.90999984741211,12.079999923706056,12.079999923706056,0.0,0.003721960669243126,0.009455751942916188,0.0037288957662382494,90.72399978637696,89.24400024414062,87.79879989624023,85.40079994201659,90.40033362012841,89.31541552001458,1.0849181001138248,0.8532697538102583,69.08222639485268,95.58368916679302,96.20008843384147,3.016659630402022,-2.9821384151486496,0.9308749767818791,85.86310558205241,92.62489490622883,7.576743877099312,0.09639442989976964,-0.00043875393670120364,-0.000986011863055979,-0.0030817599287622107,0.009500188658922874,-0.0028838596035526596,0.9749279121818236,-0.22252093395631434,0.49999999999999994,-0.8660254037844387
2014-06-05,91.5999984741211,92.45999908447266,91.29000091552734,92.29000091552734,84.1293716430664,35583100.0,0.0083784271812598,80.66000366210938,81.0199966430664,80.31999969482422,80.37000274658203,80.37000274658203,0.0,2.601999998092652,2.6459999084472656,2.572999954223633,2.5840001106262207,2.5840001106262207,0.0,12.09000015258789,12.34000015258789,11.4399995803833,11.68000030517578,11.68000030517578,0.0,0.00837842718125986,0.012772905987284065,0.008413624432807687,91.02999954223633,89.53450012207031,87.90699996948243,85.48244995117186,90.6910516655744,89.53575517894146,1.155296486632949,0.9136751003747965,72.6483914738406,96.05974547407934,95.75430846247173,3.4293370430047996,-3.2945406908747366,0.947955204793553,86.15514268960493,92.9138575545357,7.548726865862893,0.09729682667093222,0.003721960669243126,-0.00043875393670120364,0.006372891621237756,0.004380399214706443,-0.0009247801380189849,0.43388373911755823,-0.900968867902419,0.49999999999999994,-0.8660254037844387
2014-06-06,92.62999725341795,92.81999969482422,92.4499969482422,92.81999969482422,84.61248016357422,22680600.0,0.0057260227420934,80.36000061035156,80.52999877929688,80.23999786376953,80.41000366210938,80.41000366210938,0.0,2.57699990272522,2.601999998092652,2.5299999713897705,2.5969998836517334,2.5969998836517334,0.0,11.31999969482422,11.390000343322754,10.729999542236328,10.729999542236328,10.729999542236328,0.0,0.00572602274209348,0.003994416037493343,0.0057424477453307254,91.32399978637696,89.83549995422364,88.02239990234375,85.56919994354249,91.01858213161285,89.77903255048834,1.239549581124507,0.9788499965247387,74.80272629669828,97.90777363132553,96.51706942406597,3.2710308536357315,0.0,0.9181011744009332,86.40958373090778,93.26141617753949,7.6270877883722,0.09768610908545723,0.00837842718125986,0.003721960669243126,0.00010972277136635942,0.007258107269767141,0.003693421754556805,-0.433883739117558,-0.9009688679024191,0.49999999999999994,-0.8660254037844387
2014-06-09,92.83999633789062,92.9800033569336,92.5,92.75,84.54869079589844,23399500.0,-0.0007541845488247,80.41999816894531,80.69000244140625,80.30000305175781,80.6500015258789,80.6500015258789,0.0,2.615000009536743,2.628000020980835,2.601999998092652,2.61299991607666,2.61299991607666,0.0,11.229999542236328,11.510000228881836,10.989999771118164,11.149999618530272,11.149999618530272,0.0,-0.0007541845488247073,0.005170221627181289,-0.0007539002231403691,91.61100006103517,90.06149978637694,88.12399993896486,85.65559993743898,91.28495411136471,89.99910421341512,1.2858498979495891,1.0402499768097089,73.97399193587644,97.32753347801506,97.09835086113998,3.193149570855033,-4.722858875080094,0.886808473153266,86.48834086953292,93.63465870322096,7.934930964550764,0.08564610716859099,0.00572602274209348,0.00837842718125986,-0.000986011863055979,0.0,0.016340475073630602,0.0,1.0,0.49999999999999994,-0.8660254037844387
2014-06-10,92.66999816894533,92.95999908447266,92.55999755859376,92.91000366210938,84.69456481933594,20626000.0,0.0017238389681258,80.62000274658203,80.86000061035156,80.55000305175781,80.81999969482422,80.81999969482422,0.0,2.63100004196167,2.651000022888184,2.624000072479248,2.634999990463257,2.634999990463257,0.0,11.300000190734863,11.65999984741211,10.93000030517578,10.989999771118164,10.989999771118164,0.0,0.0017238389681258966,0.004316408047722793,0.001725325632653929,91.8020004272461,90.29249992370606,88.19800003051758,85.74064994812014,91.53496173455619,90.21472639479988,1.3202353397563087,1.0962470493990288,74.66492902184355,97.86750246657104,97.70093652530387,2.0989051231971154,-1.6746337252067534,0.8520365483479536,86.60599532119548,93.97900452621664,8.165693951602949,0.08543210798328212,-0.0007541845488247073,0.00572602274209348,-0.00043875393670120364,0.012384063783997278,0.0006800061994570346,0.7818314824680298,0.6234898018587336,0.49999999999999994,-0.8660254037844387
2014-06-11,92.58999633789062,93.0199966430664,92.5,92.88999938964844,84.67633056640625,22878200.0,-0.0002153174305255,80.80999755859375,80.9000015258789,80.66999816894531,80.79000091552734,80.79000091552734,0.0,2.634999990463257,2.6470000743865967,2.61299991607666,2.640000104904175,2.640000104904175,0.0,11.420000076293944,11.869999885559082,11.1899995803833,11.600000381469728,11.600000381469728,0.0,-0.0002153174305255085,0.005616121218633291,-0.00021529425139121816,92.01900024414064,90.54549980163576,88.26699996948243,85.82154994964601,91.74342906610885,90.41289476478866,1.330534301320185,1.1431044997832602,74.39899400358134,96.75641309166072,97.31714967874893,2.391973258097906,-3.3332681247310147,0.8283194122564146,86.87608339227272,94.2149162109988,8.105132596102248,0.08112863804186476,0.0017238389681258966,-0.0007541845488247073,0.003721960669243126,-0.0030817599287622107,-0.00522393418212371,0.9749279121818236,-0.22252093395631434,0.49999999999999994,-0.8660254037844387
2014-06-12,92.69000244140624,92.79000091552734,91.7300033569336,92.0500030517578,83.91059875488281,35275900.0,-0.009084180848786,80.76000213623047,80.81999969482422,80.5199966430664,80.58000183105469,80.58000183105469,0.0,2.651000022888184,2.6549999713897705,2.5789999961853027,2.5859999656677246,2.5859999656677246,0.0,11.8100004196167,12.8100004196167,11.710000038146973,12.5600004196167,12.5600004196167,0.0,-0.009084180848786007,0.011435942719537903,-0.009043044336019324,92.09400024414063,90.79099998474122,88.33339996337892,85.89759998321536,91.79059429467021,90.53416204530488,1.2564322493653322,1.1657700496996746,64.0782945401084,90.04014289314176,94.88801948379117,0.8214676614795143,-24.871669470636924,0.8520105994320167,87.43752198168465,94.14447798779779,7.387247642652174,0.08330234663171043,-0.0002153174305255085,0.0017238389681258966,0.00837842718125986,0.006372891621237756,-0.007887140078887427,0.43388373911755823,-0.900968867902419,0.49999999999999994,-0.8660254037844387
2014-06-13,92.4499969482422,92.5500030517578,91.91999816894533,92.31999969482422,84.15670776367188,39447100.0,0.0029286979103677,80.58000183105469,80.70999908447266,80.44000244140625,80.58000183105469,80.58000183105469,0.0,2.61299991607666,2.6440000534057617,2.588000059127808,2.6040000915527344,2.6040000915527344,0.0,12.449999809265137,12.6899995803833,11.890000343322754,12.18000030517578,12.18000030517578,0.0,0.0029286979103677157,0.006814547361912598,0.00293299073586617,92.19500045776368,91.0215000152588,88.45239990234376,85.97454998016362,91.87204127930929,90.66644631563965,1.2055949636696397,1.1737350324936677,65.72416542161503,82.3241576337577,89.70690453952005,1.1061243710825144,-24.822589503358948,0.8361530482449064,87.93672285226587,94.10627717825172,6.778128601431071,0.0821084415876141,-0.009084180848786007,-0.0002153174305255085,0.00572602274209348,0.00010972277136635942,0.006519725297761647,-0.433883739117558,-0.9009688679024191,0.49999999999999994,-0.8660254037844387
2014-06-16,92.16000366210938,92.66999816894533,91.95999908447266,92.4000015258789,84.22965240478516,25212300.0,0.0008663961333122,80.5999984741211,80.70999908447266,80.41999816894531,80.47000122070312,80.47000122070312,0.0,2.5810000896453857,2.61299991607666,2.5810000896453857,2.5969998836517334,2.5969998836517334,0.0,12.649999618530272,12.869999885559082,12.279999732971191,12.649999618530272,12.649999618530272,0.0,0.0008663961333122104,0.007703982815319474,0.0008667715628578598,92.31300048828126,91.22550010681154,88.58939987182619,86.04739997863774,91.9532659326277,90.7948578126944,1.1584081199332985,1.170669649981594,66.21807724751828,74.75183198515472,82.37204417068472,1.2935762874205823,-26.050245070539923,0.827142050832604,88.36119602575167,94.08980418787141,6.279612778677443,0.08063671082045405,0.0029286979103677157,-0.009084180848786007,-0.0007541845488247073,-0.000986011863055979,0.006930752305673547,0.0,1.0,0.49999999999999994,-0.8660254037844387
2014-06-17,92.33000183105467,92.6999969482422,92.18000030517578,92.4499969482422,84.27519989013672,19977900.0,0.0005406074168255,80.44999694824219,80.66000366210938,80.4000015258789,80.62999725341797,80.62999725341797,0.0,2.595000028610229,2.6549999713897705,2.5899999141693115,2.6549999713897705,2.6549999713897705,0.0,12.8100004196167,12.890000343322754,12.0600004196167,12.0600004196167,12.0600004196167,0.0,0.0005406074168255208,0.005631935803682856,0.0005407535713513045,92.44000015258788,91.44799995422365,88.7115998840332,86.11859996795657,92.02968608887609,90.91746071162386,1.11222537725223,1.1589807954357214,66.54254333255194,75.0591902594081,77.3783932927735,1.3928456227416022,-23.949594647876793,0.8052030931350195,88.97390053017571,93.92209937827158,5.41094266749716,0.07791066205907617,0.0008663961333122104,0.0029286979103677157,0.0017238389681258966,-0.00043875393670120364,-0.003629837313606726,0.7818314824680298,0.6234898018587336,0.49999999999999994,-0.8660254037844387
2014-06-18,92.54000091552734,93.0999984741211,91.9800033569336,92.97000122070312,84.74922180175781,34514000.0,0.0056089309415434,80.61000061035156,80.66999816894531,80.36000061035156,80.58000183105469,80.58000183105469,0.0,2.650000095367432,2.6549999713897705,2.5899999141693115,2.61299991607666,2.61299991607666,0.0,11.800000190734863,11.90999984741211,10.56999969482422,10.609999656677246,10.609999656677246,0.0,0.005608930941543491,0.01210282154859559,0.005624690445576341,92.58500061035156,91.65450019836426,88.81459991455077,86.19314998626712,92.17434995531103,91.06950074933343,1.104849205977601,1.1481544775440975,69.79238859873048,81.57190570634766,77.1276426503035,1.5843582067554323,-5.284443162540276,0.8276882377101967,89.41902046479896,93.88997993192956,4.878057768526667,0.07439652080125582,0.0005406074168255208,0.0008663961333122104,-0.0002153174305255085,0.003721960669243126,0.009500188658922874,0.9749279121818236,-0.22252093395631434,0.49999999999999994,-0.8660254037844387
2014-06-19,93.11000061035156,93.16999816894533,92.48999786376952,92.91000366210938,84.69456481933594,38422200.0,-0.0006451341227374,80.41000366210938,80.41000366210938,80.1500015258789,80.31999969482422,80.31999969482422,0.0,2.5859999656677246,2.6459999084472656,2.563999891281128,2.621999979019165,2.621999979019165,0.0,10.529999732971191,10.81999969482422,10.420000076293944,10.619999885559082,10.619999885559082,0.0,-0.0006451341227374543,0.007303193005244275,-0.0006449260684626701,92.64700088500977,91.83850021362305,88.97080001831054,86.26764999389651,92.28752744866463,91.20583429842794,1.0816931502366884,1.1348622120826157,68.96009044391785,86.82983150349585,81.15364248975054,0.6717983968268861,-10.276467679095347,0.8171390996720262,89.8512519343142,93.8257484929319,4.327701943490713,0.07464581990559338,0.005608930941543491,0.0005406074168255208,-0.009084180848786007,0.00837842718125986,0.004380399214706443,0.43388373911755823,-0.900968867902419,0.49999999999999994,-0.8660254037844387
2014-06-20,92.6999969482422,92.87000274658205,92.52999877929688,92.7699966430664,84.79415893554688,25897500.0,0.0011752301329257,80.30999755859375,80.48999786376953,80.19999694824219,80.37000274658203,80.37000274658203,0.0,2.6410000324249268,2.6589999198913574,2.617000102996826,2.624000072479248,2.624000072479248,0.0,10.399999618530272,11.020000457763672,10.34000015258789,10.850000381469728,10.850000381469728,0.0,0.0011752301329257748,0.0036677883331000228,0.0011759209864692366,92.64200057983399,91.98300018310546,89.14399993896484,86.34119998931887,92.3617534785726,91.32169817580858,1.0400553027640171,1.115900830218896,66.95356132756706,89.18711762399582,85.86295161127978,-0.05387098892718564,-16.87773628637691,0.785915227039203,90.18400416973977,93.78199619647116,3.9115836834731055,0.07206337387593681,-0.0006451341227374543,0.005608930941543491,0.0029286979103677157,0.00572602274209348,0.007258107269767141,-0.433883739117558,-0.9009688679024191,0.49999999999999994,-0.8660254037844387
2014-06-23,92.76000213623048,92.81999969482422,92.51000213623048,92.79000091552734,84.81243133544922,20837900.0,0.0002154680421773,80.37000274658203,80.4000015258789,80.23999786376953,80.26000213623047,80.26000213623047,0.0,2.5989999771118164,2.624000072479248,2.5899999141693115,2.622999906539917,2.622999906539917,0.0,11.260000228881836,11.350000381469728,10.920000076293944,10.979999542236328,10.979999542236328,0.0,0.00021546804217738446,0.003341931343840019,0.00021549125708331118,92.64600067138672,92.12850036621093,89.30440002441408,86.4159000015259,92.42763769964256,91.43046134171368,0.997176357928879,1.0921559357608928,67.1008569584019,85.58140722137122,87.19945211628763,0.04312767172759434,-16.101574370414074,0.7519211078645268,90.59446136233682,93.66253937008504,3.330215943549078,0.07199933077942317,0.0011752301329257748,-0.0006451341227374543,0.0008663961333122104,-0.0007541845488247073,0.0,0.0,1.0,0.49999999999999994,-0.8660254037844387
2014-06-24,92.77999877929688,93.56999969482422,92.43000030517578,92.6999969482422,84.73019409179688,31945800.0,-0.0009701070736001,80.2699966430664,80.43000030517578,80.19000244140625,80.33000183105469,80.33000183105469,0.0,2.609999895095825,2.61899995803833,2.5789999961853027,2.5859999656677246,2.5859999656677246,0.0,11.020000457763672,12.270000457763672,10.869999885559082,12.130000114440918,12.130000114440918,0.0,-0.0009701070736001516,0.012287124430344564,-0.0009696366718586757,92.62500000000001,92.21350021362304,89.45739990234377,86.48754997253418,92.46953912250405,91.52450101627134,0.9450381062327011,1.0627323698552544,65.68233085271073,76.28755123752653,83.68535869429786,-0.22603240295944405,-38.158035630629406,0.7796409851348062,90.75627464525743,93.67072578198864,3.160547132447576,0.06046409839533069,0.00021546804217738446,0.0011752301329257748,0.0005406074168255208,0.0017238389681258966,0.012384063783997278,0.7818314824680298,0.6234898018587336,0.49999999999999994,-0.8660254037844387
2014-06-25,92.48999786376952,93.4499969482422,92.4800033569336,93.29000091552734,85.26946258544922,32818600.0,0.0063443693126662,80.31999969482422,80.3499984741211,80.08999633789062,80.22000122070312,80.22000122070312,0.0,2.572000026702881,2.572000026702881,2.5290000438690186,2.559000015258789,2.559000015258789,0.0,12.3100004196167,12.329999923706056,11.369999885559082,11.59000015258789,11.59000015258789,0.0,0.006344369312666263,0.010487551234862521,0.0063645374524705645,92.6650001525879,92.34200019836426,89.5995999145508,86.55744998931884,92.59576401373839,91.6552787865866,0.9404852271517825,1.03828294131456,70.13883196780387,76.8410115834734,79.56999001412372,0.43061850415243086,-15.217355248536313,0.7932375998615063,90.9898304181497,93.69416997857883,2.9286127164451847,0.06115492091760991,-0.0009701070736001516,0.00021546804217738446,0.005608930941543491,-0.0002153174305255085,-0.0030817599287622107,0.9749279121818236,-0.22252093395631434,0.49999999999999994,-0.8660254037844387
2014-06-26,93.3499984741211,93.36000061035156,92.62000274658205,93.33999633789062,85.31517028808594,22563900.0,0.0005358947398793,80.22000122070312,80.37999725341797,80.13999938964844,80.2300033569336,80.2300033569336,0.0,2.562999963760376,2.565000057220459,2.5160000324249268,2.525000095367432,2.525000095367432,0.0,11.510000228881836,12.510000228881836,11.5,11.630000114440918,11.630000114440918,0.0,0.0005358947398793626,0.007927133110502006,0.0005360383571189065,92.79399948120118,92.4439998626709,89.74239990234375,86.62664997100829,92.71026129437719,91.78007267927579,0.9301886151014003,1.016664076071928,70.48855696521046,78.04146726663936,77.05667669587976,1.4014049357581122,-12.50020732091619,0.7894347615692213,91.11521851321872,93.77278121212309,2.8747811678987087,0.05847661746114311,0.006344369312666263,-0.0009701070736001516,-0.0006451341227374543,-0.009084180848786007,0.006372891621237756,0.43388373911755823,-0.900968867902419,0.49999999999999994,-0.8660254037844387
2014-06-27,93.22000122070312,93.7699966430664,93.19000244140624,93.75,85.68989562988281,22877800.0,0.0043826297142497,80.20999908447266,80.22000122070312,80.01000213623047,80.04000091552734,80.04000091552734,0.0,2.5209999084472656,2.5360000133514404,2.506999969482422,2.532000064849853,2.532000064849853,0.0,11.720000267028809,12.039999961853027,11.1899995803833,11.260000228881836,11.260000228881836,0.0,0.004382629714249725,0.006221778524621605,0.004392247481093126,92.93699951171875,92.5659999847412,89.8933999633789,86.70044998168945,92.87022109524223,91.92599322155165,0.9442278736905791,1.0021768355956584,73.25490147169832,90.43406886773475,81.77218257261583,1.548960474331492,-0.9802308273432425,0.7744747215757177,91.22758938438477,93.90441058509762,2.891797421465878,0.05934268495504846,0.0005358947398793626,0.006344369312666263,0.0011752301329257748,0.0029286979103677157,0.00010972277136635942,-0.433883739117558,-0.9009688679024191,0.49999999999999994,-0.8660254037844387
2014-06-30,93.7300033569336,94.13999938964844,93.66999816894533,93.91000366210938,85.83615112304688,19751900.0,0.0017053448310362,80.01000213623047,80.08999633789062,79.76000213623047,79.77999877929688,79.77999877929688,0.0,2.5199999809265137,2.546999931335449,2.513999938964844,2.5160000324249268,2.5160000324249268,0.0,11.75,11.8100004196167,11.300000190734863,11.56999969482422,11.56999969482422,0.0,0.0017053448310362898,0.005014415916676086,0.0017067997584661043,93.08799972534179,92.70050010681152,90.03480010986327,86.77584999084472,93.03018764399101,92.07295695788926,0.9572306861017523,0.9931876056968771,74.26859391076404,92.32538498580524,86.9336403733931,1.6342014191499286,-9.543406894324802,0.7527266143705316,91.39128527604704,94.00971493757599,2.8246122281022634,0.058640551964631055,0.004382629714249725,0.0005358947398793626,0.00021546804217738446,0.0008663961333122104,-0.000986011863055979,0.0,1.0,0.49999999999999994,-0.8660254037844387
2014-07-01,94.23999786376952,95.19000244140624,94.1999969482422,94.94000244140624,86.777587890625,31862500.0,0.0109081247859926,79.79000091552734,79.87000274658203,79.73999786376953,79.81999969482422,79.81999969482422,0.0,2.549999952316284,2.569999933242798,2.5450000762939453,2.562999963760376,2.562999963760376,0.0,11.279999732971191,11.420000076293944,10.920000076293944,11.149999618530272,11.149999618530272,0.0,0.010908124785992684,0.01050515190583043,0.010967835291549433,93.3370002746582,92.88850021362305,90.18300018310546,86.85639999389649,93.32400530513182,92.28533069740904,1.0386746077227826,1.0022850061020583,79.62282831358937,94.08364228014881,92.28103204456292,2.693353786218138,-7.225435437885497,0.7903889118652694,91.42755050420696,94.34944992303913,3.145598660880997,0.06671700920415538,0.0017053448310362898,0.004382629714249725,-0.0009701070736001516,0.0005406074168255208,-0.00043875393670120364,0.7818314824680298,0.6234898018587336,1.2246467991473532e-16,-1.0
2014-07-02,95.0,95.23999786376952,94.91000366210938,95.0999984741211,86.92384338378906,18777300.0,0.0016839875947343,79.80999755859375,80.0,79.80000305175781,79.95999908447266,79.95999908447266,0.0,2.588000059127808,2.630000114440918,2.5850000381469727,2.628000020980835,2.628000020980835,0.0,11.18000030517578,11.18000030517578,10.5600004196167,10.81999969482422,10.81999969482422,0.0,0.0016839875947343137,0.0034736231753699164,0.0016854062980917739,93.55,93.06750030517578,90.34980010986328,86.93909999847412,93.59723502343786,92.49382460679512,1.1034104166427454,1.0225100882101956,80.30827672279085,93.0047693981264,93.13793222136015,2.2910586484359947,-4.216849473410478,0.757503575422046,91.44428850319689,94.69071210715468,3.488246265680835,0.06647377449939029,0.010908124785992684,0.0017053448310362898,0.006344369312666263,0.005608930941543491,0.003721960669243126,0.9749279121818236,-0.22252093395631434,1.2246467991473532e-16,-1.0
2014-07-03,95.41000366210938,95.6999969482422,95.1500015258789,95.6999969482422,87.4722671508789,15291700.0,0.0062894243826203,79.94999694824219,80.31999969482422,79.94999694824219,80.20999908447266,80.20999908447266,0.0,2.627000093460083,2.691999912261963,2.625,2.6480000019073486,2.6480000019073486,0.0,10.470000267028809,10.760000228881836,10.279999732971191,10.31999969482422,10.31999969482422,0.0,0.006289424382620392,0.0057645467063504345,0.006309244342411535,93.82899932861328,93.23800010681154,90.51200012207032,87.02174999237059,93.92073685802315,92.73131885430972,1.1894180037134277,1.055891671310842,82.66343231126572,96.185905029568,94.42477223594773,3.0028986935350255,0.0,0.7462532110434077,91.27736066978602,95.19863954383706,4.205666004803732,0.06421230537151636,0.0016839875947343137,0.010908124785992684,0.0005358947398793626,-0.0006451341227374543,0.00837842718125986,0.43388373911755823,-0.900968867902419,1.2246467991473532e-16,-1.0
2014-07-04,95.41000366210938,95.6999969482422,95.1500015258789,95.6999969482422,87.4722671508789,15291700.0,0.0,79.94999694824219,80.31999969482422,79.94999694824219,80.20999908447266,80.20999908447266,0.0,2.627000093460083,2.691999912261963,2.625,2.6480000019073486,2.6480000019073486,0.0,10.470000267028809,10.760000228881836,10.279999732971191,10.31999969482422,10.31999969482422,0.0,0.0,0.0057645467063504345,0.0,94.12199935913085,93.38199996948244,90.70220001220704,87.10489997863769,94.19446917959532,92.95122093534175,1.2432482442535644,1.0933629858993865,82.66343231126572,98.59438350886316,95.92835264551918,3.158349047320767,0.0,0.7322347975662569,91.14680337370635,95.61719656525852,4.787210804023384,0.06294872149864944,0.006289424382620392,0.0016839875947343137,0.004382629714249725,0.0011752301329257748,0.00572602274209348,-0.433883739117558,-0.9009688679024191,1.2246467991473532e-16,-1.0
2014-07-07,95.58999633789062,95.70999908447266,95.2300033569336,95.41000366210938,87.20721435546875,23266400.0,-0.0030347353512162,80.26000213623047,80.36000061035156,80.19000244140625,80.22000122070312,80.22000122070312,0.0,2.631999969482422,2.635999917984009,2.6080000400543213,2.617000102996826,2.617000102996826,0.0,11.149999618530272,11.539999961853027,11.010000228881836,11.329999923706056,11.329999923706056,0.0,-0.0030347353512162976,0.005021401254608046,-0.003030135196484318,94.38399963378906,93.51500015258789,90.88100006103515,87.18755001068115,94.38147448459748,93.13335298917639,1.2481214954210884,1.124314687803727,77.46975205510971,97.31907269000895,97.36645374281336,2.8235830593074214,-8.04278192997312,0.714217721135743,91.1268236980667,95.90317660710907,5.1075794270960015,0.06460835267984175,0.0,0.006289424382620392,0.0017053448310362898,0.00021546804217738446,-0.0007541845488247073,0.0,1.0,1.2246467991473532e-16,-1.0
2014-07-08,95.2300033569336,95.3000030517578,93.87000274658205,94.26000213623048,86.15609741210938,40612400.0,-0.0121263237645139,80.22000122070312,80.30000305175781,80.13999938964844,80.18000030517578,80.18000030517578,0.0,2.5969998836517334,2.5969998836517334,2.555999994277954,2.565000057220459,2.565000057220459,0.0,11.720000267028809,12.510000228881836,11.720000267028809,11.979999542236328,11.979999542236328,0.0,-0.012126323764513962,0.015016279058774559,-0.012053096193107127,94.54000015258791,93.58250007629395,91.02300003051758,87.26045001983641,94.36278643100255,93.21680848155077,1.1459779494517761,1.1286473401333368,61.08048866257748,82.58332586194656,92.83226068693955,1.6828535483763707,-44.207240484187174,0.7732022350208563,91.1900131691836,95.9749869834043,5.113107483044067,0.08078767018433267,-0.0030347353512162976,0.0,0.010908124785992684,-0.0009701070736001516,0.0017238389681258966,0.7818314824680298,0.6234898018587336,1.2246467991473532e-16,-1.0
2014-07-09,94.51000213623048,95.06999969482422,94.23999786376952,94.95999908447266,86.79588317871094,29919000.0,0.0073984545623555,80.16999816894531,80.2300033569336,79.9800033569336,79.98999786376953,79.98999786376953,0.0,2.578000068664551,2.6010000705718994,2.5429999828338623,2.546999931335449,2.546999931335449,0.0,11.739999771118164,12.050000190734863,11.5,11.649999618530272,11.649999618530272,0.0,0.0073984545623555,0.008782158631827179,0.0074258907473638835,94.70699996948241,93.68600006103516,91.17440002441406,87.33700000762937,94.45466530076718,93.34593371139682,1.1087315893703504,1.1246641899807397,65.82046172822709,74.96137180580536,84.95459011925362,1.7901148596380336,-22.8658621684236,0.7772593490232739,91.24112697282105,96.13087314924927,5.219292288327621,0.08390949091152698,-0.012126323764513962,-0.0030347353512162976,0.0016839875947343137,0.006344369312666263,-0.0002153174305255085,0.9749279121818236,-0.22252093395631434,1.2246467991473532e-16,-1.0
2014-07-10,93.73999786376952,95.0500030517578,93.62999725341795,94.66000366210938,86.52169036865234,44245300.0,-0.0031640535139887,80.0199966430664,80.19999694824219,79.9800033569336,80.12999725341797,80.12999725341797,0.0,2.503000020980835,2.54099988937378,2.49399995803833,2.532000064849853,2.532000064849853,0.0,13.220000267028809,13.229999542236328,12.050000190734863,12.59000015258789,12.59000015258789,0.0,-0.0031640535139887916,0.015148344684235112,-0.0031590531718427295,94.83900070190428,93.81650009155274,91.31460006713867,87.41670001983643,94.48625581789675,93.44327222626443,1.0429835916323213,1.108328070311056,62.31760469923602,66.9716099579144,74.83876920855543,1.4141926033940753,-32.01206747364601,0.8231698096887432,91.46236542544808,96.1706347576574,5.018594093378725,0.07656180194384936,0.0073984545623555,-0.012126323764513962,0.006289424382620392,0.0005358947398793626,-0.009084180848786007,0.43388373911755823,-0.900968867902419,1.2246467991473532e-16,-1.0
2014-07-11,94.9000015258789,95.2699966430664,94.61000061035156,95.2699966430664,87.07927703857422,19566300.0,0.0064237958538659,80.12999725341797,80.2300033569336,80.02999877929688,80.19000244140625,80.19000244140625,0.0,2.5230000019073486,2.5290000438690186,2.505000114440918,2.5199999809265137,2.5199999809265137,0.0,12.5,12.68000030517578,12.06999969482422,12.079999923706056,12.079999923706056,0.0,0.006423795853865925,0.006954647229745987,0.006444472681313762,94.99100036621093,93.96399993896483,91.47020004272461,87.49604999542235,94.60683132946131,93.57858514602754,1.0282461834337795,1.0923116929356007,66.2505919638951,77.2357855953256,73.05625578634844,1.6213297526041666,-13.414713571953596,0.8115145399048933,91.6351295413432,96.29287033658646,4.956941805658268,0.07839070959184186,-0.0031640535139887916,0.0073984545623555,0.0,0.004382629714249725,0.0029286979103677157,-0.433883739117558,-0.9009688679024191,1.2246467991473532e-16,-1.0
2014-07-14,95.6999969482422,96.05999755859376,95.54000091552734,95.83999633789062,87.60022735595703,19579000.0,0.0059646592619094,80.19000244140625,80.25,80.08000183105469,80.19000244140625,80.19000244140625,0.0,2.5290000438690186,2.549999952316284,2.5290000438690186,2.549000024795532,2.549000024795532,0.0,11.600000381469728,11.829999923706056,11.399999618530272,11.81999969482422,11.81999969482422,0.0,0.0059646592619094305,0.005433611908552643,0.00598248326237294,95.18399963378906,94.13599967956543,91.62800003051758,87.58154998779295,94.79654902306582,93.74609708616555,1.0504519369002736,1.0839397417285355,69.45841284504905,82.80930783556127,75.67223446293374,2.055151315641956,-6.145295447716559,0.8099778524493552,91.78546242632325,96.48653693280761,4.993917866158111,0.07974293654066099,0.006423795853865925,-0.0031640535139887916,-0.0030347353512162976,0.0017053448310362898,0.0008663961333122104,0.0,1.0,1.2246467991473532e-16,-1.0
2014-07-15,95.98999786376952,96.12999725341795,94.83000183105467,95.51000213623048,87.29859161376953,39467500.0,-0.0034492633286088,80.16999816894531,80.41000366210938,80.13999938964844,80.38999938964844,80.38999938964844,0.0,2.546999931335449,2.569999933242798,2.5199999809265137,2.549000024795532,2.549000024795532,0.0,11.529999732971191,12.470000267028809,11.460000038146973,11.960000038146973,11.960000038146973,0.0,-0.0034492633286088486,0.013543030016609175,-0.0034433214535143364,95.24099960327149,94.28899993896485,91.80200012207031,87.67299999237059,94.90631104047577,93.87675671950369,1.0295543209720819,1.0730626575772448,65.57259287037536,87.59209492806971,82.54572945298553,0.6003788499753112,-17.66370619612072,0.844979107443207,92.00307198029691,96.57492789763279,4.848769125025544,0.08191418281777316,0.0059646592619094305,0.006423795853865925,-0.012126323764513962,0.010908124785992684,0.0005406074168255208,0.7818314824680298,0.6234898018587336,1.2246467991473532e-16,-1.0
2014-07-16,96.1999969482422,96.3000030517578,95.79000091552734,95.88999938964844,87.64590454101562,22052600.0,0.0039705551322969,80.37999725341797,80.58000183105469,80.37999725341797,80.55999755859375,80.55999755859375,0.0,2.553999900817871,2.566999912261963,2.5299999713897705,2.5380001068115234,2.5380001068115234,0.0,10.8100004196167,11.449999809265137,10.59000015258789,11.0,11.0,0.0,0.003970555132296932,0.0053014776757721455,0.0039784482295279755,95.31999969482423,94.4349998474121,91.98860015869141,87.76754997253418,95.05764770957926,94.02588580618108,1.031761903398177,1.0648025067414313,67.80611395025035,87.66920114932857,86.02353463765319,0.8307054975845465,-13.183394908176982,0.8410520937349291,92.1308576432833,96.7391420515409,4.879847954364003,0.08109612730720529,-0.0034492633286088486,0.0059646592619094305,0.0073984545623555,0.0016839875947343137,0.005608930941543491,0.9749279121818236,-0.22252093395631434,1.2246467991473532e-16,-1.0
2014-07-17,95.62999725341795,95.97000122070312,94.31999969482422,94.62000274658205,86.48512268066406,43111500.0,-0.0133324781158635,80.52999877929688,80.58999633789062,80.47000122070312,80.5199966430664,80.5199966430664,0.0,2.5160000324249268,2.5179998874664307,2.4670000076293945,2.4749999046325684,2.4749999046325684,0.0,11.350000381469728,15.380000114440918,10.850000381469728,14.539999961853027,14.539999961853027,0.0,-0.013332478115863598,0.017254016242481202,-0.013243994302190698,95.21200027465822,94.52049980163574,92.15140014648439,87.84759998321533,94.990317715272,94.069894468433,0.9204232468389932,1.0359266547609436,54.97036630808436,68.74389193165851,81.3350626696856,-1.128520622883879,-62.92122310072672,0.8988341960309274,92.3305468329461,96.71045277032538,4.633815888163004,0.09688884282478141,0.003970555132296932,-0.0034492633286088486,-0.0031640535139887916,0.006289424382620392,-0.0006451341227374543,0.43388373911755823,-0.900968867902419,1.2246467991473532e-16,-1.0
2014-07-18,95.11000061035156,96.16999816894533,95.0,96.12000274658205,87.85616302490234,36682200.0,0.0157285591124874,80.55999755859375,80.69000244140625,80.4800033569336,80.5199966430664,80.5199966430664,0.0,2.46399998664856,2.5,2.4600000381469727,2.483999967575073,2.483999967575073,0.0,13.34000015258789,13.550000190734863,12.039999961853027,12.0600004196167,12.0600004196167,0.0,0.015728559112487446,0.012301526247892661,0.015852903964774123,95.2540008544922,94.68800010681153,92.33780014038086,87.93204998016357,95.16411541239663,94.22175434088848,0.9423610715081452,1.017213538110384,63.70869326401614,72.38460405600058,76.26589904566255,0.4388775462208187,-6.741569823094517,0.9453457121975242,92.549947975984,96.82605223763906,4.51599385015151,0.11002722411653212,-0.013332478115863598,0.003970555132296932,0.006423795853865925,0.0,0.0011752301329257748,-0.433883739117558,-0.9009688679024191,1.2246467991473532e-16,-1.0
2014-07-21,95.91999816894533,96.16000366210938,95.5500030517578,96.0,87.74645233154297,29750700.0,-0.0012495338684024,80.5199966430664,80.5999984741211,80.41999816894531,80.55999755859375,80.55999755859375,0.0,2.484999895095825,2.484999895095825,2.447999954223633,2.4739999771118164,2.4739999771118164,0.0,12.850000381469728,13.619999885559082,12.460000038146973,12.8100004196167,12.8100004196167,0.0,-0.0012495338684024998,0.006359472706381557,-0.0012487535260136129,95.31300048828126,94.84850006103517,92.49320007324219,88.01309997558594,95.2927130412587,94.35347624156341,0.93923679969528,1.0016181904273633,62.661053013707225,73.03372070761856,71.38740556509254,0.618379955188004,-11.236044953323109,0.9213924906370994,92.83187150793275,96.86512861413759,4.252315116854178,0.11042457951173487,0.015728559112487446,-0.013332478115863598,0.0059646592619094305,-0.0030347353512162976,0.00021546804217738446,0.0,1.0,1.2246467991473532e-16,-1.0
2014-07-22,96.4499969482422,96.76000213623048,96.3499984741211,96.61000061035156,88.30402374267578,25770400.0,0.00633424331288,80.55999755859375,80.83999633789062,80.54000091552734,80.77999877929688,80.77999877929688,0.0,2.496000051498413,2.502000093460083,2.4600000381469727,2.4660000801086426,2.4660000801086426,0.0,11.970000267028809,12.239999771118164,11.6899995803833,12.239999771118164,12.239999771118164,0.0,0.006334243312880098,0.004250945309302693,0.006354347056973575,95.54800033569337,95.04400024414065,92.65960006713868,88.09874996185302,95.49537266727299,94.52062619480698,0.9747464724660091,0.9962438468350926,65.74470238376017,92.41000389373613,79.27610955245176,2.49310250462833,-4.7923735423739515,0.909864608179484,93.14998373483009,96.93801675345121,3.9855572249597615,0.11112334980860672,-0.0012495338684024998,0.015728559112487446,-0.0034492633286088486,-0.012126323764513962,-0.0009701070736001516,0.7818314824680298,0.6234898018587336,1.2246467991473532e-16,-1.0
2014-07-23,96.9499969482422,97.33999633789062,96.7699966430664,97.2300033569336,88.8707504272461,28947500.0,0.0063973962442179,80.77999877929688,80.83000183105469,80.72000122070312,80.80999755859375,80.80999755859375,0.0,2.461999893188477,2.4660000801086426,2.4489998817443848,2.46399998664856,2.46399998664856,0.0,11.539999961853027,12.15999984741211,11.40999984741211,11.520000457763672,11.520000457763672,0.0,0.006397396244217955,0.005879316274022363,0.00641790329081493,95.77500076293944,95.24100036621095,92.84760009765625,88.1829999923706,95.76223892722076,94.72132079940894,1.0409181278118211,1.0051787030304382,68.58454520012052,93.66893679882585,86.37088713339351,2.3904847244592236,-2.964771107825359,0.8970168309908825,93.29620525830337,97.18579547411854,4.08394515057518,0.11115058588095646,0.006334243312880098,-0.0012495338684024998,0.003970555132296932,0.0073984545623555,0.006344369312666263,0.9749279121818236,-0.22252093395631434,1.2246467991473532e-16,-1.0
2014-07-24,97.4000015258789,97.51000213623048,96.9800033569336,97.12000274658205,88.77019500732422,24707200.0,-0.0011321199672294,80.81999969482422,80.91000366210938,80.7300033569336,80.87000274658203,80.87000274658203,0.0,2.493000030517578,2.5220000743865967,2.490999937057495,2.509000062942505,2.509000062942505,0.0,11.43000030517578,12.0600004196167,11.43000030517578,11.84000015258789,11.84000015258789,0.0,-0.0011321199672294003,0.005441465821292313,-0.0011314793611897356,96.02100067138673,95.43000068664551,93.04720016479493,88.26440002441406,95.97112566866096,94.89900094364398,1.0721247250169768,1.0185679074277458,67.51511187273297,94.06377911272001,93.38090660176067,2.598773493875705,-10.051518011640637,0.870801255869883,93.52886560946358,97.33113576382745,3.9843551577129537,0.11161233860922952,0.006397396244217955,0.006334243312880098,-0.013332478115863598,-0.0031640535139887916,0.0005358947398793626,0.43388373911755823,-0.900968867902419,1.2246467991473532e-16,-1.0
2014-07-25,96.62000274658205,96.87000274658205,96.2300033569336,96.73999786376952,88.42284393310547,29898900.0,-0.0039206000554709,80.86000061035156,81.08000183105469,80.80000305175781,81.02999877929688,81.02999877929688,0.0,2.505000114440918,2.506999969482422,2.4660000801086426,2.469000101089477,2.469000101089477,0.0,12.029999732971191,12.75,12.029999732971191,12.6899995803833,12.6899995803833,0.0,-0.0039206000554709115,0.0066238808885884844,-0.003912924537228912,96.16800079345704,95.579500579834,93.22780014038085,88.3373500061035,96.08941369867766,95.03537108587551,1.0540426128021494,1.0256628485026267,63.813275213360136,89.04608830515184,92.2596014055659,1.5429844363389038,-19.845445965078458,0.8721725511397809,93.76640899514622,97.39259216452179,3.7938921498619353,0.11312780982542993,-0.0011321199672294003,0.006397396244217955,0.015728559112487446,0.006423795853865925,0.004382629714249725,-0.433883739117558,-0.9009688679024191,1.2246467991473532e-16,-1.0
2014-07-28,96.83999633789062,97.0199966430664,96.0199966430664,96.7699966430664,88.45027923583984,25603400.0,0.0003102257987291,81.0199966430664,81.05000305175781,80.9800033569336,81.02999877929688,81.02999877929688,0.0,2.4800000190734863,2.496000051498413,2.4660000801086426,2.490999937057495,2.490999937057495,0.0,12.93000030517578,13.640000343322754,12.539999961853027,12.5600004196167,12.5600004196167,0.0,0.0003102257987291125,0.010326311832053731,0.00031027392372862117,96.26100082397463,95.72250022888186,93.39680007934571,88.40954998016356,96.19411876704515,95.16386186788965,1.0302568991555034,1.0265816586332022,63.98117297840924,83.6769178333593,88.92892841707705,0.9703676342985239,-19.072282523203,0.8813030832012251,94.01580979511144,97.42919066265227,3.565912778478529,0.11321399320109987,-0.0039206000554709115,-0.0011321199672294003,-0.0012495338684024998,0.0059646592619094305,0.0017053448310362898,0.0,1.0,1.2246467991473532e-16,-1.0
2014-07-29,96.9800033569336,97.1999969482422,96.5199966430664,96.5999984741211,88.29486846923828,27022200.0,-0.0017585864016269,81.01000213623047,81.25,80.98999786376953,81.20999908447266,81.20999908447266,0.0,2.477999925613404,2.486999988555908,2.450999975204468,2.461999893188477,2.461999893188477,0.0,12.350000381469728,13.350000381469728,12.119999885559082,13.279999732971191,13.279999732971191,0.0,-0.0017585864016269326,0.007011757905112289,-0.0017570409946042753,96.3700004577637,95.80550003051758,93.56880004882814,88.48029998779298,96.256561798903,95.27024235724012,0.9863194416628716,1.018529215239136,62.219412403147835,79.2095327984895,83.97751297900021,1.141237894996481,-23.453673116249995,0.8669243133422658,94.09758137314236,97.5134186878928,3.56538749201493,0.10806427148919114,0.0003102257987291125,-0.0039206000554709115,0.006334243312880098,-0.0034492633286088486,0.010908124785992684,0.7818314824680298,0.6234898018587336,1.2246467991473532e-16,-1.0
2014-07-30,97.13999938964844,97.31999969482422,96.5999984741211,96.9800033569336,88.64220428466797,35348500.0,0.0039260993321951,81.20999908447266,81.55000305175781,81.18000030517578,81.41999816894531,81.41999816894531,0.0,2.470999956130981,2.566999912261963,2.4670000076293945,2.553999900817871,2.553999900817871,0.0,12.630000114440918,14.06999969482422,12.529999732971191,13.329999923706056,13.329999923706056,0.0,0.0039260993321951244,0.007411995318376034,0.003933816556402681,96.4790008544922,95.89950027465821,93.73160018920899,88.55545001983643,96.36786050013848,95.39689132018037,0.9709691799581037,1.0090172081829296,64.56806699933408,80.2865584266333,81.0576696861607,1.1367233019325944,-16.614369080647073,0.8564298067251844,94.14866956260876,97.65033098670766,3.6513865182509457,0.10858101634866013,-0.0017585864016269326,0.0003102257987291125,0.006397396244217955,0.003970555132296932,0.0016839875947343137,0.9749279121818236,-0.22252093395631434,1.2246467991473532e-16,-1.0
2014-07-31,96.18000030517578,96.33999633789062,94.87999725341795,95.0199966430664,86.8507308959961,50047900.0,-0.0204171822574357,81.41999816894531,81.56999969482422,81.37999725341797,81.45999908447266,81.45999908447266,0.0,2.569000005722046,2.614000082015991,2.5420000553131104,2.555999994277954,2.555999994277954,0.0,14.350000381469728,17.110000610351562,14.260000228881836,16.950000762939453,16.950000762939453,0.0,-0.020417182257435777,0.015179861508007323,-0.020210162902974393,96.51900024414063,95.86550025939943,93.84740005493165,88.61900001525878,96.1604968298197,95.3689731959497,0.7915236338699998,0.9655184933203437,47.99509589772724,60.625139670137244,73.37374363175334,0.42273714317643024,-78.05653879269119,0.9452566850673598,94.07245557414922,97.65854494464963,3.7407506984232404,0.13043961256474146,0.0039260993321951244,-0.0017585864016269326,-0.0011321199672294003,-0.013332478115863598,0.006289424382620392,0.43388373911755823,-0.900968867902419,1.2246467991473532e-16,-1.0
2014-08-01,94.81999969482422,95.33999633789062,94.04000091552734,94.66999816894533,86.53082275390625,60708000.0,-0.0036902253831667,81.44999694824219,81.54000091552734,81.19000244140625,81.30000305175781,81.30000305175781,0.0,2.5820000171661377,2.5910000801086426,2.4820001125335693,2.505000114440918,2.505000114440918,0.0,16.670000076293945,17.56999969482422,15.520000457763672,17.030000686645508,17.030000686645508,0.0,-0.0036902253831667584,0.013710139491112463,-0.0036834248691923754,96.37399978637697,95.8140003204346,93.94320007324221,88.6778499984741,95.93118934353134,95.31719726802346,0.6139920755078805,0.895213209757851,45.73748970250808,41.16154206136379,60.69108005271144,-1.5085357222259128,-81.84446594257035,0.9705951663027828,93.94344830882203,97.68455233204718,3.9045484070319825,0.1309624942356449,-0.020417182257435777,0.0039260993321951244,-0.0039206000554709115,0.015728559112487446,0.0,-0.433883739117558,-0.9009688679024191,-0.4999999999999997,-0.8660254037844388
2014-08-04,94.87000274658205,95.69000244140624,94.5199966430664,95.31999969482422,87.12495422363281,33230500.0,0.0068426607886922,81.30000305175781,81.37999725341797,81.29000091552734,81.33000183105469,81.33000183105469,0.0,2.49399995803833,2.496000051498413,2.470999956130981,2.490999937057495,2.490999937057495,0.0,16.639999389648438,16.799999237060547,14.6899995803833,15.119999885559082,15.119999885559082,0.0,0.006842660788692267,0.01233272651488336,0.006866125281349333,96.30599975585938,95.80950012207035,94.05200012207033,88.73985000610351,95.83716016680717,95.31740485519389,0.5197553116132809,0.820121630128937,50.403397575101984,25.662185059516787,42.48295559700594,-0.7083336512247721,-63.112440086188094,0.9848387828768576,93.93442812535233,97.68457211878837,3.9141671636507893,0.13314314399461386,-0.0036902253831667584,-0.020417182257435777,0.0003102257987291125,-0.0012495338684024998,-0.0030347353512162976,0.0,1.0,-0.4999999999999997,-0.8660254037844388
2014-08-05,94.94000244140624,95.20999908447266,94.1500015258789,94.58999633789062,86.45768737792969,50331100.0,-0.0076882126727825,81.30999755859375,81.62999725341797,81.29000091552734,81.5199966430664,81.5199966430664,0.0,2.49399995803833,2.525000095367432,2.4730000495910645,2.4830000400543213,2.4830000400543213,0.0,15.539999961853027,17.139999389648438,15.100000381469728,16.8700008392334,16.8700008392334,0.0,-0.0076882126727825,0.011164920279499094,-0.007658733960311581,96.10399932861328,95.82599983215334,94.12380004882813,88.79749999999999,95.64528880851232,95.26352274280106,0.38176606571126115,0.7324505172454019,45.655270209083575,23.631033522419163,30.151586881099913,-2.0908852703645446,-84.14999340398406,0.9980644533103187,94.00326031621864,97.64873934808804,3.8042692361725816,0.12865939285080413,0.006842660788692267,-0.0036902253831667584,-0.0017585864016269326,0.006334243312880098,-0.012126323764513962,0.7818314824680298,0.6234898018587336,-0.4999999999999997,-0.8660254037844388
2014-08-06,94.0,95.11000061035156,93.91999816894533,94.5199966430664,86.39370727539062,34431900.0,-0.0007402903006863,81.54000091552734,81.72000122070312,81.4000015258789,81.44000244140625,81.44000244140625,0.0,2.441999912261963,2.4739999771118164,2.299999952316284,2.4739999771118164,2.4739999771118164,0.0,17.219999313354492,17.299999237060547,15.699999809265137,16.3700008392334,16.3700008392334,0.0,-0.0007402903006863291,0.01265960044049187,-0.0007400163534260207,95.83299865722657,95.80399971008302,94.19979995727539,88.85519996643065,95.47216693690525,95.2084467354133,0.2637202014919495,0.6387044540947114,45.21541971185364,23.150199152927605,24.147805911621184,-2.787212403890073,-83.28696905104502,1.0117743096028842,93.92742338706611,97.68057603309992,3.917532313255608,0.12581062810449092,-0.0076882126727825,0.006842660788692267,0.0039260993321951244,0.006397396244217955,0.0073984545623555,0.9749279121818236,-0.22252093395631434,-0.4999999999999997,-0.8660254037844388
2014-08-07,94.95999908447266,95.13999938964844,93.88999938964844,94.22000122070312,86.11951446533203,33274700.0,-0.0031788061017081,81.41999816894531,81.63999938964844,81.37999725341797,81.5199966430664,81.5199966430664,0.0,2.4649999141693115,2.4820001125335693,2.424000024795532,2.424000024795532,2.424000024795532,0.0,15.5,17.25,15.4399995803833,16.65999984741211,16.65999984741211,0.0,-0.0031788061017081004,0.013163437363642448,-0.0031737590468778887,95.54299850463867,95.7819995880127,94.25819992065429,88.91234996795652,95.27952605748953,95.13522854913847,0.14429750835105892,0.539823064945981,43.29051138806812,13.893034436486271,20.224755703944346,-2.98599819178957,-90.8839342355121,1.0287904303455353,93.83978419773133,97.72421497829406,4.055491425602758,0.12581519863252663,-0.0007402903006863291,-0.0076882126727825,-0.020417182257435777,-0.0011321199672294003,-0.0031640535139887916,0.43388373911755823,-0.900968867902419,-0.4999999999999997,-0.8660254037844388
2014-08-08,94.37000274658205,95.01000213623048,93.97000122070312,94.9000015258789,86.74101257324219,40236900.0,0.0071907774036486,81.52999877929688,81.5999984741211,81.26000213623047,81.38999938964844,81.38999938964844,0.0,2.3949999809265137,2.4260001182556152,2.369999885559082,2.414999961853028,2.414999961853028,0.0,16.43000030517578,17.09000015258789,15.529999732971191,15.770000457763672,15.770000457763672,0.0,0.007190777403648647,0.011020460795366728,0.007216693124301621,95.35899887084962,95.76349983215333,94.33,88.97279998779294,95.22113766801098,95.11780432519332,0.10333334281766327,0.45252512052031746,48.62902612715593,17.909895680888546,18.317709756767474,-1.9020016317156807,-72.09940967077723,1.0295911792870942,93.79389491840169,97.73310474590497,4.113477300231938,0.1263816014625149,-0.0031788061017081004,-0.0007402903006863291,-0.0036902253831667584,-0.0039206000554709115,0.006423795853865925,-0.433883739117558,-0.9009688679024191,-0.4999999999999997,-0.8660254037844388
2014-08-11,95.2699966430664,95.76000213623048,95.1999969482422,95.45999908447266,87.25286865234375,28277500.0,0.0058836270801589,81.4000015258789,81.48999786376953,81.4000015258789,81.47000122070312,81.47000122070312,0.0,2.440000057220459,2.440000057220459,2.4110000133514404,2.4200000762939453,2.4200000762939453,0.0,15.15999984741211,15.15999984741211,13.720000267028809,14.229999542236328,14.229999542236328,0.0,0.005883627080158979,0.005878085522416542,0.005900969609610618,95.22799911499025,95.74449996948243,94.41479995727539,89.03544998168942,95.25788557823586,95.14315208513993,0.11473349309592606,0.3849667950354392,52.58742847371869,26.795593501109526,19.532841206161446,-1.3537228521621651,-56.629875590382085,1.0174775672202716,93.77067532014236,97.7183246188225,4.123108168028889,0.12632953998383337,0.007190777403648647,-0.0031788061017081004,0.006842660788692267,0.0003102257987291125,0.0059646592619094305,0.0,1.0,-0.4999999999999997,-0.8660254037844388
2014-08-12,95.36000061035156,95.66999816894533,94.93000030517578,95.41999816894533,87.21632385253906,28152300.0,-0.0004189255399703,81.47000122070312,81.68000030517578,81.47000122070312,81.5,81.5,0.0,2.430999994277954,2.447000026702881,2.414999961853028,2.441999912261963,2.441999912261963,0.0,14.420000076293944,14.739999771118164,13.760000228881836,14.130000114440918,14.130000114440918,0.0,-0.00041892553997034275,0.007760044662680265,-0.0004188378029185147,95.10999908447268,95.73999977111816,94.4995999145508,89.09744998931882,95.28282597680655,95.16365920245885,0.11916677434770406,0.33180679089789217,52.277553947027904,37.84528077344858,27.516923318482213,-1.221532426309392,-57.73487241849493,0.9976575884023626,93.76351538854324,97.71648415369309,4.128858130979793,0.12575198650045072,0.005883627080158979,0.007190777403648647,-0.0076882126727825,-0.0017585864016269326,-0.0034492633286088486,0.7818314824680298,0.6234898018587336,-0.4999999999999997,-0.8660254037844388
2014-08-13,95.80999755859376,96.47000122070312,95.76000213623048,96.43000030517578,88.13951110839844,27996500.0,0.0105293990975002,81.51000213623047,81.68000030517578,81.36000061035156,81.5999984741211,81.5999984741211,0.0,2.4600000381469727,2.4600000381469727,2.407999992370605,2.4130001068115234,2.4130001068115234,0.0,13.56999969482422,13.93000030517578,12.84000015258789,12.899999618530272,12.899999618530272,0.0,0.010529399097500244,0.007410490580990084,0.010585028296081989,95.0549987792969,95.76699981689454,94.59779998779298,89.1645999908447,95.4593143350172,95.25746224710454,0.20185208791265552,0.30581585030084485,58.86807853072145,53.22925007611829,39.29004145022546,-0.56713036989031,-25.94750176276811,1.0013965500706081,93.76727084861832,97.76672878517076,4.176238103103732,0.13059326560451778,-0.00041892553997034275,0.005883627080158979,-0.0007402903006863291,0.0039260993321951244,0.003970555132296932,0.9749279121818236,-0.22252093395631434,-0.4999999999999997,-0.8660254037844388
2014-08-14,96.55999755859376,96.9499969482422,96.43000030517578,96.93000030517578,88.59648895263672,25006600.0,0.0051713161152743,81.5999984741211,81.69000244140625,81.41000366210938,81.58999633789062,81.58999633789062,0.0,2.4140000343322754,2.424999952316284,2.3910000324249268,2.400000095367432,2.400000095367432,0.0,13.050000190734863,13.130000114440918,12.420000076293944,12.420000076293944,12.420000076293944,0.0,0.005171316115274376,0.005385218063524497,0.005184710449281482,95.24599914550782,95.88249969482422,94.69059997558594,89.24204998016356,95.6855737150416,95.38135395510982,0.3042197599317831,0.3054966322270325,61.68877117588007,68.31579407807064,53.130108309212495,2.0101070612369334,-11.370243584525008,0.9670108424274519,93.89490584842937,97.87009354121906,4.145894929149694,0.12118915854823199,0.010529399097500244,-0.00041892553997034275,-0.0031788061017081004,-0.020417182257435777,-0.013332478115863598,0.43388373911755823,-0.900968867902419,-0.4999999999999997,-0.8660254037844388
2014-08-15,97.48999786376952,97.62999725341795,96.4800033569336,97.4000015258789,89.0261001586914,55205500.0,0.0048373581980406,81.5999984741211,81.62000274658203,81.37999725341797,81.41999816894531,81.41999816894531,0.0,2.38700008392334,2.3980000019073486,2.305000066757202,2.345000028610229,2.345000028610229,0.0,11.90999984741211,14.9399995803833,11.890000343322754,13.149999618530272,13.149999618530272,0.0,0.004837358198040694,0.011796019301296305,0.004849077103770583,95.51899948120119,95.94649963378907,94.78220001220703,89.3163499832153,95.9493318397858,95.53088340479641,0.41844843498938644,0.32808699277950326,64.17572565040389,85.51087758558013,69.01864057992302,2.8837048798307725,-6.149621895966462,0.9800810605743739,93.84740216204271,98.04559710553544,4.3755582116247025,0.10947959813533642,0.005171316115274376,0.010529399097500244,0.007190777403648647,-0.0036902253831667584,0.015728559112487446,-0.433883739117558,-0.9009688679024191,-0.4999999999999997,-0.8660254037844388
2014-08-18,97.91000366210938,98.23999786376952,97.7699966430664,98.1500015258789,89.71163177490234,38938300.0,0.0076708478986555,81.41999816894531,81.61000061035156,81.37999725341797,81.58000183105469,81.58000183105469,0.0,2.365999937057495,2.3940000534057617,2.36299991607666,2.38700008392334,2.38700008392334,0.0,12.850000381469728,12.850000381469728,12.260000228881836,12.31999969482422,12.31999969482422,0.0,0.00767084789865559,0.004800339118820793,0.007700344224771838,95.80199966430666,96.053999710083,94.8902000427246,89.39504997253415,96.28789640687705,95.72489215450622,0.5630042523708312,0.37507044469776885,67.77102612768425,93.47041748765804,82.43236305043627,2.968948636293747,-2.0688820565343935,0.9700750089541051,93.73470165830403,98.37329776186198,4.829154556352139,0.11196527610625977,0.004837358198040694,0.005171316115274376,0.005883627080158979,0.006842660788692267,-0.0012495338684024998,0.0,1.0,-0.4999999999999997,-0.8660254037844388
2014-08-19,98.37999725341795,98.76000213623048,98.31999969482422,98.6999969482422,90.21436309814452,21363400.0,0.0055882156647477,81.58999633789062,81.9000015258789,81.58000183105469,81.87999725341797,81.87999725341797,0.0,2.36299991607666,2.407000064849853,2.361000061035156,2.4049999713897705,2.4049999713897705,0.0,12.140000343322754,12.460000038146973,11.90999984741211,12.210000038146973,12.210000038146973,0.0,0.005588215664747711,0.0044724786917086186,0.005603858867527789,96.21299972534179,96.15849952697755,95.00599990844727,89.47584995269773,96.6589887978563,95.94527028737555,0.7137185104807457,0.44280005785436427,70.13782685624359,96.8497857862192,91.94369361981913,4.345069002508464,-1.2321386888414998,0.9443554090539246,93.56195560738348,98.75504344657162,5.400549992703663,0.11153385475689327,0.00767084789865559,0.004837358198040694,-0.00041892553997034275,-0.0076882126727825,0.006334243312880098,0.7818314824680298,0.6234898018587336,-0.4999999999999997,-0.8660254037844388
2014-08-20,98.62000274658205,98.9000015258789,98.52999877929688,98.6999969482422,90.21436309814452,23435600.0,0.0,81.87000274658203,82.27999877929688,81.87000274658203,82.25,82.25,0.0,2.4119999408721924,2.444000005722046,2.401000022888184,2.4260001182556152,2.4260001182556152,0.0,12.229999542236328,12.239999771118164,11.600000381469728,11.779999732971191,11.779999732971191,0.0,0.0,0.0037518022335976333,0.0,96.63099975585936,96.23199920654298,95.12219985961913,89.55164993286131,96.97299005176181,96.1493241141064,0.8236659376554059,0.5189732338145726,70.13782685624359,97.56895787292441,95.96305371560055,4.422344957290498,-3.992105635850851,0.9033302188773609,93.4324602904818,99.03153812260416,5.8183118695321365,0.1097790802250766,0.005588215664747711,0.00767084789865559,0.010529399097500244,-0.0007402903006863291,0.006397396244217955,0.9749279121818236,-0.22252093395631434,-0.4999999999999997,-0.8660254037844388
2014-08-21,98.75,98.9499969482422,98.5999984741211,98.9000015258789,90.39714050292967,19339500.0,0.0020239847798921,82.23999786376953,82.36000061035156,82.0999984741211,82.1500015258789,82.1500015258789,0.0,2.441999912261963,2.441999912261963,2.3980000019073486,2.407000064849853,2.407000064849853,0.0,11.93000030517578,13.510000228881836,11.520000457763672,11.760000228881836,11.760000228881836,0.0,0.0020239847798921664,0.0035442883455302074,0.0020260344196667557,97.09899978637695,96.32099914550784,95.25919982910155,89.62714992523192,97.26945335547214,96.35307799645993,0.916375359012207,0.5984536588540995,71.0349252862778,97.92923445773978,97.44932603896112,4.967098540163717,-0.9880523020882603,0.8638065228233428,93.29831290612911,99.34368538488657,6.2762767541738045,0.10963284590466328,0.0,0.005588215664747711,0.005171316115274376,-0.0031788061017081004,-0.0011321199672294003,0.43388373911755823,-0.900968867902419,-0.4999999999999997,-0.8660254037844388
2014-08-22,98.94000244140624,99.25,98.72000122070312,99.0500030517578,90.53427124023438,24692000.0,0.0015158314660915,82.16000366210938,82.45999908447266,82.05999755859375,82.33999633789062,82.33999633789062,0.0,2.3940000534057617,2.444000005722046,2.3910000324249268,2.4030001163482666,2.4030001163482666,0.0,11.880000114440918,12.479999542236328,11.470000267028809,11.470000267028809,11.470000267028809,0.0,0.001515831466091508,0.005356769418019251,0.001516980919327393,97.51399993896484,96.43649940490725,95.39379989624024,89.70259994506836,97.54338407797762,96.55285022277829,0.990533855199331,0.6768696981231458,71.72107981498428,97.09618537971531,97.53145923679315,4.373025773605705,-3.7312859229149176,0.8399631125714523,93.17898667344733,99.69401213636718,6.755767269781599,0.1081453370234656,0.0020239847798921664,0.0,0.004837358198040694,0.007190777403648647,-0.0039206000554709115,-0.433883739117558,-0.9009688679024191,-0.4999999999999997,-0.8660254037844388
2014-08-25,99.5199966430664,99.68000030517578,99.16000366210938,99.4000015258789,90.85417938232422,24124700.0,0.0035273301324837,82.45999908447266,82.61000061035156,82.44999694824219,82.55000305175781,82.55000305175781,0.0,2.385999917984009,2.4100000858306885,2.385999917984009,2.38700008392334,2.38700008392334,0.0,11.579999923706056,11.770000457763672,11.239999771118164,11.699999809265137,11.699999809265137,0.0,0.0035273301324837618,0.0052250468308535115,0.0035335584824112143,97.90800018310546,96.56799964904786,95.53379989624025,89.78389995574952,97.8290175315009,96.76375031930426,1.0652672121966305,0.7545492009378427,73.30982366186765,96.81491987190239,97.2801132364525,4.127385794252667,-4.835902159289606,0.8249655512033474,93.05174036850029,100.08425892959544,7.2824523513514485,0.10840481639158589,0.001515831466091508,0.0020239847798921664,0.00767084789865559,0.005883627080158979,0.0003102257987291125,0.0,1.0,-0.4999999999999997,-0.8660254037844388
2014-08-26,99.5500030517578,99.61000061035156,99.2699966430664,99.5,90.9455337524414,20100400.0,0.0010050002415421,82.58999633789062,82.69999694824219,82.43000030517578,82.6500015258789,82.6500015258789,0.0,2.38700008392334,2.400000095367432,2.368000030517578,2.3910000324249268,2.3910000324249268,0.0,11.329999923706056,11.93000030517578,11.329999923706056,11.630000114440918,11.630000114440918,0.0,0.001005000241542173,0.0034154089087107533,0.0010055054235067473,98.31600036621096,96.7129997253418,95.6747999572754,89.86689994812012,98.08609175742383,96.96643548083728,1.1196562765865536,0.827570616067585,73.76335906787835,96.1079996161578,96.67303495592516,4.27583515965998,-3.1088130693220695,0.7903254380663338,92.95998049168757,100.46601895899603,7.761147403787582,0.10779902294111256,0.0035273301324837618,0.001515831466091508,0.005588215664747711,-0.00041892553997034275,-0.0017585864016269326,0.7818314824680298,0.6234898018587336,-0.4999999999999997,-0.8660254037844388
2014-08-27,99.52999877929688,99.63999938964844,99.30999755859376,99.5199966430664,90.96385192871094,15589100.0,0.0002013989136718,82.66999816894531,82.7300033569336,82.4000015258789,82.43000030517578,82.43000030517578,0.0,2.368000030517578,2.388999938964844,2.358999967575073,2.361000061035156,2.361000061035156,0.0,11.6899995803833,11.93000030517578,11.539999961853027,11.779999732971191,11.779999732971191,0.0,0.00020139891367184832,0.0033156016789112693,0.00020141919579463874,98.62500000000001,96.83999938964844,95.80579986572265,89.95099994659424,98.30669250906115,97.15558815952092,1.1511043495402333,0.8922773627621147,73.85901899374507,96.4177062036328,96.44687523056433,3.204393164068851,-2.802166160489883,0.7574451804226437,92.88259883503125,100.79739994426563,8.173070176702655,0.10748789920875593,0.001005000241542173,0.0035273301324837618,0.0,0.010529399097500244,0.0039260993321951244,0.9749279121818236,-0.22252093395631434,-0.4999999999999997,-0.8660254037844388
2014-08-28,99.18000030517578,99.52999877929688,99.08000183105467,99.41000366210938,90.86329650878906,23563900.0,-0.0011060551852378,82.47000122070312,82.58999633789062,82.31999969482422,82.4800033569336,82.4800033569336,0.0,2.3410000801086426,2.3499999046325684,2.322000026702881,2.3340001106262207,2.3340001106262207,0.0,12.380000114440918,12.729999542236328,12.050000190734863,12.050000190734863,12.050000190734863,0.0,-0.0011060551852378146,0.004537174297817766,-0.0011054437316559973,98.87300033569338,97.05949974060059,95.93579986572264,90.03034996032716,98.4764326864532,97.32258190045339,1.1538507859998077,0.9445920474096533,72.29753386476119,96.13496030538613,96.22022204172556,2.5585508605442238,-5.684139854029602,0.7354845924097551,93.04062991144552,101.07836956975565,8.281249831074385,0.07163434642017262,0.00020139891367184832,0.001005000241542173,0.0020239847798921664,0.005171316115274376,-0.020417182257435777,0.43388373911755823,-0.900968867902419,-0.4999999999999997,-0.8660254037844388
2014-08-29,99.62999725341795,99.91000366210938,99.2699966430664,99.77999877929688,91.20149230957033,17906300.0,0.0037151191283144,82.4800033569336,82.75,82.41999816894531,82.75,82.75,0.0,2.345000028610229,2.3540000915527344,2.325000047683716,2.3429999351501465,2.3429999351501465,0.0,11.859999656677246,12.4399995803833,11.779999732971191,12.09000015258789,12.09000015258789,0.0,0.003715119128314448,0.006423838569573105,0.0037220287374071237,99.11100006103518,97.31499977111817,96.07599990844726,90.10929996490479,98.67698131612146,97.50461278036772,1.1723685357537335,0.9901473450784694,74.26823007353693,96.30105197656263,96.28457282852719,2.443528969335396,-2.6105380557925884,0.7286647657406988,93.28603786252481,101.34396167971153,8.280248508594465,0.0682198840546772,-0.0011060551852378146,0.00020139891367184832,0.001515831466091508,0.004837358198040694,-0.0036902253831667584,-0.433883739117558,-0.9009688679024191,-0.4999999999999997,-0.8660254037844388
2014-09-01,99.62999725341795,99.91000366210938,99.2699966430664,99.77999877929688,91.20149230957033,17906300.0,0.0,82.4800033569336,82.75,82.41999816894531,82.75,82.75,0.0,2.345000028610229,2.3540000915527344,2.325000047683716,2.3429999351501465,2.3429999351501465,0.0,11.859999656677246,12.4399995803833,11.779999732971191,12.09000015258789,12.09000015258789,0.0,0.0,0.006423838569573105,0.0,99.27399978637698,97.5379997253418,96.21579986572266,90.18724994659425,98.84667631045613,97.67315989139951,1.1735164190566252,1.0268211598741006,74.26823007353693,96.19089182112668,96.20896803435848,1.6607205584079308,-3.1326466267977415,0.7223320695480038,93.48035840884194,101.59564104184167,8.320124111476183,0.06692533398629621,0.003715119128314448,-0.0011060551852378146,0.0035273301324837618,0.00767084789865559,0.006842660788692267,0.0,1.0,-0.8660254037844384,-0.5000000000000004
2014-09-02,100.0199966430664,100.0999984741211,99.66000366210938,100.06999969482422,91.4665298461914,18326800.0,0.0029018513418777,82.76000213623047,83.04000091552734,82.75,82.98999786376953,82.98999786376953,0.0,2.3929998874664307,2.4189999103546143,2.3910000324249268,2.4189999103546143,2.4189999103546143,0.0,12.31999969482422,13.40999984741211,12.229999542236328,12.25,12.25,0.0,0.0029018513418777783,0.004399068454100174,0.0029060657880624063,99.41100006103517,97.81199989318849,96.3631999206543,90.26444995880128,99.03487990805122,97.85070358054209,1.1841763275091353,1.0582921934011076,75.83112718230672,97.81313649305098,96.76836009691343,1.3880474052095866,-0.8174058382567573,0.7021651225811263,93.8536661119664,101.77033367441057,8.093759018412085,0.05558833075333896,0.0,0.003715119128314448,0.001005000241542173,0.005588215664747711,-0.0076882126727825,0.7818314824680298,0.6234898018587336,-0.8660254037844384,-0.5000000000000004
2014-09-03,100.33999633789062,100.33999633789062,99.3000030517578,99.4800033569336,90.9272918701172,25950700.0,-0.0059129146162306,82.97000122070312,83.05999755859375,82.83000183105469,82.87000274658203,82.87000274658203,0.0,2.4549999237060547,2.4570000171661377,2.4089999198913574,2.4100000858306885,2.4100000858306885,0.0,12.029999732971191,12.550000190734863,11.90999984741211,12.359999656677246,12.359999656677246,0.0,-0.00591291461623065,0.01036469328372999,-0.005895467740833493,99.4890007019043,98.06000022888183,96.48699996948241,90.33574996948244,99.10336043864851,97.97139245286739,1.1319679857811167,1.0730273518771094,66.92509328534572,91.2567653719651,95.08693122871425,0.7902800737678073,-22.279651419050197,0.7262957056919621,94.35680681712715,101.76319364063652,7.55291332472172,0.06257104565133852,0.0029018513418777783,0.0,0.00020139891367184832,0.0,-0.0007402903006863291,0.9749279121818236,-0.22252093395631434,-0.8660254037844384,-0.5000000000000004
2014-09-04,99.70999908447266,100.22000122070312,99.13999938964844,99.38999938964844,90.8450164794922,24663500.0,-0.0009052577589038,82.83999633789062,83.87000274658203,82.83999633789062,83.81999969482422,83.81999969482422,0.0,2.400000095367432,2.4570000171661377,2.381999969482422,2.447999954223633,2.447999954223633,0.0,12.399999618530272,12.989999771118164,11.699999809265137,12.640000343322754,12.640000343322754,0.0,-0.0009052577589038031,0.010831429555422298,-0.0009048481367126548,99.53800048828126,98.31850013732911,96.60800003051757,90.40659996032717,99.14745873880234,98.0764744481845,1.0709842906178437,1.0726187396252562,65.65824925000462,79.9793588513256,89.68308690544723,0.4954477818095026,-36.964866188716215,0.7515604289321568,95.04736133049188,101.58963894416634,6.654167429869606,0.060285399115570154,-0.00591291461623065,0.0029018513418777783,-0.0011060551852378146,0.0020239847798921664,-0.0031788061017081004,0.43388373911755823,-0.900968867902419,-0.8660254037844384,-0.5000000000000004
2014-09-05,99.54000091552734,99.9499969482422,99.02999877929688,99.88999938964844,91.3020248413086,30798200.0,0.0050180262877766,83.83999633789062,83.94000244140625,83.55999755859375,83.76000213623047,83.76000213623047,0.0,2.4679999351501465,2.486999988555908,2.388999938964844,2.4609999656677246,2.4609999656677246,0.0,12.369999885559082,13.18000030517578,11.960000038146973,12.09000015258789,12.09000015258789,0.0,0.005018026287776668,0.009242497091456378,0.005030637667610138,99.62200012207032,98.5680000305176,96.73080001831056,90.47739994049074,99.26169576200944,98.21080962903368,1.0508861329757622,1.0682722182953575,69.15172753775794,72.82612290846565,81.35408237725211,0.8480528137406576,-22.277113666836623,0.7635916960759547,95.65288041018182,101.48311965085337,5.9149411968046905,0.05859446325567451,-0.0009052577589038031,-0.00591291461623065,0.003715119128314448,0.001515831466091508,0.007190777403648647,-0.433883739117558,-0.9009688679024191,-0.8660254037844384,-0.5000000000000004
2014-09-08,99.91999816894533,100.33000183105467,99.62000274658205,100.08000183105467,91.47572326660156,25571300.0,0.0019006523428725,83.80000305175781,84.3499984741211,83.80000305175781,84.2300033569336,84.2300033569336,0.0,2.437000036239624,2.4800000190734863,2.4210000038146973,2.469000101089477,2.469000101089477,0.0,12.640000343322754,13.09000015258789,12.399999618530272,12.65999984741211,12.65999984741211,0.0,0.0019006523428725692,0.007105675515247279,0.0019024597274253097,99.6900001525879,98.79900016784671,96.85419998168946,90.55039993286134,99.387589003401,98.34926831066485,1.03832069273615,1.062281913183516,70.38462433113804,75.46455445831009,76.09001207270043,0.6841049242828514,-14.364356769516885,0.7597636523900028,96.20652564584199,101.39147468985144,5.247977241875814,0.057291265696096154,0.005018026287776668,-0.0009052577589038031,0.0,0.0035273301324837618,0.005883627080158979,0.0,1.0,-0.8660254037844384,-0.5000000000000004
2014-09-09,100.08999633789062,100.45999908447266,99.05999755859376,99.25,90.7170639038086,36449200.0,-0.0083281425076426,84.30999755859375,84.5199966430664,84.04000091552734,84.27999877929688,84.27999877929688,0.0,2.5,2.506999969482422,2.4820001125335693,2.5,2.5,0.0,12.699999809265137,13.90999984741211,12.699999809265137,13.5,13.5,0.0,-0.008328142507642659,0.013987427086645817,-0.008293559599216183,99.66500015258788,98.99050025939944,96.94039993286134,90.6195999145508,99.36642146441623,98.41598917654153,0.9504322878747047,1.0399119881217538,59.245397556375956,66.10161223059855,71.46409653245809,-0.25125628140703515,-65.05369287185083,0.8054949290677806,96.93973966426526,101.04126085453362,4.1433482804112876,0.06822154403757989,0.0019006523428725692,0.005018026287776668,0.0029018513418777783,0.001005000241542173,-0.00041892553997034275,0.7818314824680298,0.6234898018587336,-0.8660254037844384,-0.5000000000000004
2014-09-10,99.37999725341795,100.11000061035156,99.0999984741211,100.06999969482422,91.4665298461914,31080100.0,0.0082276362521279,84.13999938964844,84.41999816894531,84.05000305175781,84.25,84.25,0.0,2.5290000438690186,2.54099988937378,2.5220000743865967,2.5339999198913574,2.5339999198913574,0.0,13.359999656677246,14.0600004196167,12.859999656677246,12.880000114440918,12.880000114440918,0.0,0.008227636252127971,0.010163032442584737,0.008261576269460225,99.72000045776366,99.17250022888184,97.03979995727539,90.69249992370607,99.47466426909439,98.5385084741921,0.936155794902291,1.0191607494778614,65.11877951161942,66.05605493834575,69.20740720908479,0.552655818237642,-22.413785543595033,0.8201025867222583,97.4604150381947,100.88458541956899,3.452741811965612,0.06479337187272496,-0.008328142507642659,0.0019006523428725692,-0.00591291461623065,0.00020139891367184832,0.010529399097500244,0.9749279121818236,-0.22252093395631434,-0.8660254037844384,-0.5000000000000004
2014-09-11,99.63999938964844,100.04000091552734,99.23999786376952,99.98999786376952,91.3934326171875,28691900.0,-0.0007994886569232,84.20999908447266,84.33999633789062,84.06999969482422,84.30000305175781,84.30000305175781,0.0,2.5199999809265137,2.5380001068115234,2.506999969482422,2.5309998989105225,2.5309998989105225,0.0,13.529999732971191,13.670000076293944,12.65999984741211,12.800000190734863,12.800000190734863,0.0,-0.0007994886569232274,0.008028934731616815,-0.0007991691510197407,99.7779998779297,99.32550010681155,97.12559997558593,90.76554992675781,99.55394636058287,98.64602620675339,0.9079201538294797,0.9969126303481851,64.14746031922387,59.88843678924833,64.0153679860642,0.5834364553808077,-32.86721121680913,0.8208096756031472,97.9417837685167,100.70921644510639,2.786225766408104,0.06420085136430594,0.008227636252127971,-0.008328142507642659,-0.0009052577589038031,-0.0011060551852378146,0.005171316115274376,0.43388373911755823,-0.900968867902419,-0.8660254037844384,-0.5000000000000004
2014-09-12,99.9000015258789,99.93000030517578,99.16999816894533,99.4800033569336,90.9272918701172,30444400.0,-0.0051134259593074,84.26000213623047,84.41000366210938,84.08000183105469,84.23999786376953,84.23999786376953,0.0,2.575999975204468,2.615999937057495,2.575999975204468,2.614000082015991,2.614000082015991,0.0,12.850000381469728,14.270000457763672,12.850000381469728,13.3100004196167,13.3100004196167,0.0,-0.005113425959307401,0.007607628875096438,-0.005100374651894168,99.74800033569338,99.42950019836427,97.20120010375976,90.83294994354249,99.5425705138676,98.70780229195192,0.8347682219156809,0.9644837486616843,58.18884051232964,58.72928270227613,61.55792480995674,-0.30065687114993894,-68.53115513276744,0.8207518198332218,98.38373753168253,100.475262865046,2.1035259447053782,0.06710237215859147,-0.0007994886569232274,0.008227636252127971,0.005018026287776668,0.003715119128314448,0.004837358198040694,-0.433883739117558,-0.9009688679024191,-0.8660254037844384,-0.5000000000000004
2014-09-15,99.58999633789062,99.5999984741211,98.22000122070312,98.5199966430664,90.04979705810547,32972200.0,-0.0096973787540754,84.18000030517578,84.41000366210938,84.1500015258789,84.26000213623047,84.26000213623047,0.0,2.6050000190734863,2.608999967575073,2.5820000171661377,2.5910000801086426,2.5910000801086426,0.0,13.539999961853027,14.1899995803833,13.539999961853027,14.119999885559082,14.119999885559082,0.0,-0.009697378754075428,0.013856785863671395,-0.009650510797848955,99.62200012207032,99.44799995422363,97.26339996337892,90.89379993438722,99.38525145682127,98.69389076240485,0.6913606944164172,0.909859137812631,48.96797283018272,37.33143306891321,51.98305085347922,-1.2627802682353848,-86.60733444368378,0.8606979222321323,98.48796399752412,100.40803591092315,1.9307295413511036,0.07250013391250777,-0.005113425959307401,-0.0007994886569232274,0.0019006523428725692,0.0,0.00767084789865559,0.0,1.0,-0.8660254037844384,-0.5000000000000004
2014-09-16,98.1500015258789,99.56999969482422,98.0500030517578,99.37999725341795,90.83588409423828,38166900.0,0.0086915888508155,84.23999786376953,84.37000274658203,83.86000061035156,84.06999969482422,84.06999969482422,0.0,2.555999994277954,2.58899998664856,2.552999973297119,2.58899998664856,2.58899998664856,0.0,14.479999542236328,14.529999732971191,12.720000267028809,12.729999542236328,12.729999542236328,0.0,0.008691588850815574,0.015486465811879256,0.00872947037987859,99.55299987792971,99.48199996948242,97.36579986572265,90.95924991607667,99.38444311783614,98.74471346544286,0.6397296523932852,0.8558332407287619,55.73505146033378,33.349360889023,43.13669222007078,-0.6895197796647463,-44.81342775647978,0.90779068800601,98.58758174859084,100.376418190374,1.7981508638064305,0.07630308465137595,-0.009697378754075428,-0.005113425959307401,-0.008328142507642659,0.0029018513418777783,0.005588215664747711,0.7818314824680298,0.6234898018587336,-0.8660254037844384,-0.5000000000000004
2014-09-17,99.36000061035156,100.0,98.93000030517578,99.52999877929688,90.97299194335938,37196500.0,0.0015082638218884,84.0999984741211,84.70999908447266,83.94000244140625,84.69999694824219,84.69999694824219,0.0,2.578000068664551,2.615999937057495,2.5510001182556152,2.5999999046325684,2.5999999046325684,0.0,13.0600004196167,14.529999732971191,11.729999542236328,12.649999618530272,12.649999618530272,0.0,0.001508263821888404,0.010768917957441554,0.001509401823830414,99.55799942016603,99.52350006103518,97.45719985961914,91.03099990844727,99.40683629652241,98.80288274795056,0.6039535485718517,0.8054573022973799,56.81081062836437,43.32998333130284,38.00359242974635,0.05025675580638855,-38.58928780592792,0.9193770456358821,98.70834701897745,100.33865310309291,1.6381116852960718,0.07640084729290686,0.008691588850815574,-0.009697378754075428,0.008227636252127971,-0.00591291461623065,0.0,0.9749279121818236,-0.22252093395631434,-0.8660254037844384,-0.5000000000000004
2014-09-18,99.83999633789062,100.29000091552734,99.7300033569336,100.27999877929688,91.65847778320312,30196700.0,0.0075068010996367,84.73999786376953,84.73999786376953,84.22000122070312,84.31999969482422,84.31999969482422,0.0,2.625,2.6419999599456787,2.615999937057495,2.628999948501587,2.628999948501587,0.0,12.550000190734863,12.579999923706056,11.979999542236328,12.029999732971191,12.029999732971191,0.0,0.007506801099636716,0.005608950111521823,0.007535047767479597,99.64699935913086,99.59249992370607,97.56959976196289,91.1075999069214,99.54116898618003,98.91229875027251,0.6288702359075131,0.7701398890194066,61.80852868435151,69.7094599371708,48.79626805249888,0.8954617115543838,-7.468904626079864,0.9079931235354954,98.76602050939833,100.41897933801381,1.6597221978379388,0.08030773476590647,0.001508263821888404,0.008691588850815574,-0.0007994886569232274,-0.0009052577589038031,0.0020239847798921664,0.43388373911755823,-0.900968867902419,-0.8660254037844384,-0.5000000000000004
2014-09-19,100.45999908447266,100.55999755859376,99.58000183105467,99.9800033569336,91.6016616821289,46918000.0,-0.0006200595837189,84.27999877929688,84.80000305175781,84.2300033569336,84.80000305175781,84.80000305175781,0.0,2.611000061035156,2.628999948501587,2.5820000171661377,2.586999893188477,2.586999893188477,0.0,11.729999542236328,12.609999656677246,11.520000457763672,12.109999656677246,12.109999656677246,0.0,-0.000620059583718935,0.009755083978400728,-0.0006198673865018822,99.65599975585937,99.63899993896484,97.66379989624023,91.18324993133545,99.60868196629596,98.99138798039556,0.6172939859004032,0.739570708395606,58.87387171385683,76.94480609521429,63.32808312122931,0.09010308122444871,-23.10738928234931,0.9131361666786094,98.83674193057628,100.4412579473534,1.6103293065566624,0.08037527891387355,0.007506801099636716,0.001508263821888404,-0.005113425959307401,0.005018026287776668,0.001515831466091508,-0.433883739117558,-0.9009688679024191,-0.8660254037844384,-0.5000000000000004
2014-09-22,99.73999786376952,99.75,98.62000274658205,99.0500030517578,90.74962615966795,48658000.0,-0.0093450584663598,84.80999755859375,84.86000061035156,84.5199966430664,84.66999816894531,84.66999816894531,0.0,2.562000036239624,2.578000068664551,2.546999931335449,2.565999984741211,2.565999984741211,0.0,13.140000343322754,13.979999542236328,13.130000114440918,13.6899995803833,13.6899995803833,0.0,-0.00934505846635983,0.01132942929236241,-0.00930152910781945,99.55299987792968,99.62150001525877,97.72800003051758,91.25189994812013,99.52273136405933,98.9957298375335,0.5270015265258223,0.6970568720216492,50.818526553444805,69.75481024455225,72.13635875897911,-1.0291754201160175,-60.15927535791407,0.9450550555123909,98.78284730786378,100.46015272265377,1.6836781362789055,0.0868542652815535,-0.000620059583718935,0.007506801099636716,-0.009697378754075428,0.0019006523428725692,0.0035273301324837618,0.0,1.0,-0.8660254037844384,-0.5000000000000004
2014-09-23,98.6500015258789,99.22000122070312,98.58000183105467,98.77999877929688,90.50225830078124,33989600.0,-0.0027295496894432,84.69000244140625,84.76000213623047,84.37000274658203,84.66000366210938,84.66000366210938,0.0,2.549000024795532,2.555999994277954,2.532999992370605,2.5350000858306885,2.5350000858306885,0.0,14.81999969482422,14.9399995803833,13.829999923706056,14.93000030517578,14.93000030517578,0.0,-0.0027295496894432715,0.006487576074497681,-0.0027258278557698024,99.50599975585936,99.58549995422362,97.7933999633789,91.32004993438723,99.40846481255741,98.9797497591456,0.42871505341180693,0.6433885082996809,48.73373111415984,48.60563137684005,65.10174923886886,-0.4735528672071788,-70.91644122921646,0.9232653650935381,98.6668855266923,100.50411438175495,1.8448758663732825,0.0872589901377758,-0.00934505846635983,-0.000620059583718935,0.008691588850815574,-0.008328142507642659,0.001005000241542173,0.7818314824680298,0.6234898018587336,-0.8660254037844384,-0.5000000000000004
2014-09-24,98.87999725341795,99.88999938964844,98.54000091552734,99.83999633789062,91.47342681884766,35959000.0,0.0106737088275199,84.70999908447266,85.08999633789062,84.5999984741211,85.05000305175781,85.05000305175781,0.0,2.5380001068115234,2.569000005722046,2.5269999504089355,2.569000005722046,2.569000005722046,0.0,14.619999885559082,14.93000030517578,13.239999771118164,13.270000457763672,13.270000457763672,0.0,0.01067370882751993,0.01365289756897145,0.01073087607205081,99.48299942016601,99.60149993896484,97.87239990234376,91.38854991912844,99.47485427799329,99.04347172794154,0.43138255005175097,0.6009873166500949,56.311292868748104,46.746304345623315,55.0355819890052,-0.22984246790748206,-28.685370375999508,0.9537463014526493,98.67656387277955,100.52643600515012,1.857273367875136,0.09549751636619631,-0.0027295496894432715,-0.00934505846635983,0.001508263821888404,0.008227636252127971,0.00020139891367184832,0.9749279121818236,-0.22252093395631434,-0.8660254037844384,-0.5000000000000004
2014-09-25,99.5199966430664,99.6500015258789,97.6999969482422,97.73999786376952,89.54940032958984,68642500.0,-0.0212580808245502,85.0999984741211,85.48999786376953,85.05000305175781,85.19999694824219,85.19999694824219,0.0,2.5439999103546143,2.5460000038146973,2.503999948501587,2.510999917984009,2.510999917984009,0.0,14.109999656677246,16.690000534057617,14.029999732971191,15.640000343322754,15.640000343322754,0.0,-0.021258080824550246,0.01959409810503206,-0.021033720460348793,99.25799942016602,99.51799964904785,97.9347998046875,91.4477499008179,99.20795329118963,98.94691810837324,0.2610351828163857,0.532996889883353,42.81079313019175,33.93227383544941,43.094736519304256,-2.2502250705770517,-98.60136688843579,1.0384786648952047,98.27383599975091,100.76216329834479,2.500379134798737,0.12238157666283889,0.01067370882751993,-0.0027295496894432715,0.007506801099636716,-0.0007994886569232274,-0.0011060551852378146,0.43388373911755823,-0.900968867902419,-0.8660254037844384,-0.5000000000000004
2014-09-26,98.05999755859376,98.95999908447266,97.88999938964844,98.77999877929688,90.50225830078124,56106200.0,0.0105843719970302,85.13999938964844,85.69000244140625,85.11000061035156,85.63999938964844,85.63999938964844,0.0,2.502000093460083,2.549000024795532,2.496999979019165,2.5350000858306885,2.5350000858306885,0.0,15.770000457763672,15.979999542236328,14.3100004196167,14.850000381469728,14.850000381469728,0.0,0.010584371997030271,0.01091168388195056,0.010640584612340964,99.18799896240236,99.46799964904784,97.9879997253418,91.50914989471437,99.14211413551382,98.93455371362684,0.20756042188698132,0.46790959628407874,49.29430766737448,36.82518548728524,39.167921222785985,-0.7036636047599506,-62.23770627370897,1.0514445617386285,98.18830133969166,100.74769795840402,2.5730854422956675,0.12799008236955653,-0.021258080824550246,0.01067370882751993,-0.000620059583718935,-0.005113425959307401,0.003715119128314448,-0.433883739117558,-0.9009688679024191,-0.8660254037844384,-0.5000000000000004
2014-09-29,97.8000030517578,98.91999816894533,97.75,98.6500015258789,90.38313293457033,33342700.0,-0.0013171365870885,85.62000274658203,85.80000305175781,85.45999908447266,85.58999633789062,85.58999633789062,0.0,2.499000072479248,2.500999927520752,2.4790000915527344,2.490999937057495,2.490999937057495,0.0,16.959999084472656,17.079999923706055,15.449999809265137,15.979999542236328,15.979999542236328,0.0,-0.0013171365870885594,0.01196317108830906,-0.0013162695434074667,99.20099945068361,99.41149978637695,98.04099975585937,91.56534988403321,99.06640450326229,98.91347577379366,0.152928729468627,0.4049134229209884,48.55333763614165,24.125954341017195,31.627804554583946,0.13195786362387116,-66.78306381480365,1.0599126765391071,98.09068148685294,100.73231808590096,2.6572746661347675,0.12802294731869146,0.010584371997030271,-0.021258080824550246,-0.00934505846635983,-0.009697378754075428,0.0,0.0,1.0,-0.8660254037844384,-0.5000000000000004
2014-09-30,98.91999816894533,99.3000030517578,98.31999969482422,98.79000091552734,90.51142120361328,41834300.0,0.0014183764808353,85.61000061035156,86.22000122070312,85.48999786376953,85.94000244140625,85.94000244140625,0.0,2.503999948501587,2.510999917984009,2.483999967575073,2.507999897003174,2.507999897003174,0.0,15.489999771118164,16.43000030517578,15.18000030517578,16.309999465942383,16.309999465942383,0.0,0.0014183764808353406,0.009907029671187752,0.001419382852504425,99.14199981689455,99.34749984741211,98.08459976196289,91.62204990386965,99.02388087438,98.90432948799616,0.11955138638383289,0.34784101561355735,49.434856808374114,36.36374953538903,32.43829645456382,-0.5936771525422025,-61.887981305320274,1.054204867995855,98.03702516202114,100.65797453280308,2.638163390933301,0.1276153516367142,-0.0013171365870885594,0.010584371997030271,-0.0027295496894432715,0.008691588850815574,0.0029018513418777783,0.7818314824680298,0.6234898018587336,-0.8660254037844384,-0.5000000000000004
2014-10-01,98.51000213623048,98.61000061035156,96.9000015258789,97.20999908447266,89.06380462646484,58164900.0,-0.0161230250949017,85.91000366210938,86.18000030517578,85.77999877929688,85.97000122070312,85.97000122070312,0.0,2.4749999046325684,2.4749999046325684,2.4030001163482666,2.4030001163482666,2.4030001163482666,0.0,16.440000534057617,17.559999465942383,16.079999923706055,16.709999084472656,16.709999084472656,0.0,-0.0161230250949017,0.01735863412232883,-0.01599374485449634,98.90999984741212,99.23399963378905,98.08419967651368,91.67084991455081,98.74482213747117,98.77882353217962,-0.0340013947084401,0.2714725335491579,40.91433511190152,26.599614236992856,29.029772704466357,-2.33095521277832,-91.5301121688975,1.1139044766853252,97.61496224000929,100.85303702756882,3.263069915058594,0.13805240427634835,0.0014183764808353406,-0.0013171365870885594,0.01067370882751993,0.001508263821888404,-0.00591291461623065,0.9749279121818236,-0.22252093395631434,-1.0,-1.8369701987210297e-16
2014-10-02,97.16999816894533,97.51000213623048,95.97000122070312,97.20999908447266,89.06380462646484,54501300.0,0.0,85.86000061035156,85.9000015258789,85.44999694824219,85.5999984741211,85.5999984741211,0.0,2.4089999198913574,2.438999891281128,2.385999917984009,2.437999963760376,2.437999963760376,0.0,16.700000762939453,17.979999542236328,15.899999618530272,16.15999984741211,16.15999984741211,0.0,0.0,0.01584852263606946,0.0,98.6029998779297,99.12499961853027,98.08599960327149,91.71819992065433,98.50869551393293,98.66261431383096,-0.15391879989802248,0.18639426685972182,40.91433511190153,24.53237736114771,29.165247044509865,-3.061427734538455,-72.9847744423391,1.1443399366026132,97.27335954182172,100.97663969523882,3.735969904331593,0.13810110810310092,-0.0161230250949017,0.0014183764808353406,-0.021258080824550246,0.007506801099636716,-0.0009052577589038031,0.43388373911755823,-0.900968867902419,-1.0,-1.8369701987210297e-16
2014-10-03,97.77999877929688,98.56999969482422,97.44000244140624,98.16999816894533,89.94337463378906,41627800.0,0.0098272827904389,85.62999725341797,86.75,85.62999725341797,86.69000244140625,86.69000244140625,0.0,2.440999984741211,2.483999967575073,2.436000108718872,2.447000026702881,2.447000026702881,0.0,15.15999984741211,15.43000030517578,14.4399995803833,14.550000190734863,14.550000190734863,0.0,0.009827282790438919,0.01155652758769761,0.00987572910244694,98.42199935913088,99.03899955749512,98.11459960937499,91.77144992828372,98.45658823008868,98.62612422902461,-0.16953599893592752,0.11520821370059195,47.313388973974206,27.805122788996336,26.312371462378962,-1.8103672006555733,-52.06974502177438,1.159744270441824,97.17721800923294,100.90078110575729,3.7596937702936954,0.14187955498259314,0.0,-0.0161230250949017,0.010584371997030271,-0.000620059583718935,0.005018026287776668,-0.433883739117558,-0.9009688679024191,-1.0,-1.8369701987210297e-16
2014-10-06,98.4800033569336,98.72000122070312,97.66000366210938,97.95999908447266,89.75096130371094,36038700.0,-0.002141563367737,86.63999938964844,86.68000030517578,85.63999938964844,85.70999908447266,85.70999908447266,0.0,2.430000066757202,2.450000047683716,2.4040000438690186,2.424999952316284,2.424999952316284,0.0,14.460000038146973,15.770000457763672,14.050000190734863,15.460000038146973,15.460000038146973,0.0,-0.0021415633677370005,0.010763581665933398,-0.0021392718570050206,98.31299896240236,98.93299942016601,98.13839965820313,91.82429992675783,98.38018989999391,98.57678162572446,-0.19659172573055628,0.052848225814362305,46.136304293670875,39.43352947042982,30.590343206857952,-1.1004582874324285,-56.64489212459706,1.1526195053098187,97.07938668943062,100.7866121509014,3.747208194635128,0.14160335029865698,0.009827282790438919,0.0,-0.0013171365870885594,-0.00934505846635983,0.0019006523428725692,0.0,1.0,-1.0,-1.8369701987210297e-16
2014-10-07,97.5,97.77999877929688,96.55999755859376,96.56999969482422,88.47744750976562,45154000.0,-0.0142910490749119,85.77999877929688,86.0999984741211,85.55000305175781,85.66999816894531,85.66999816894531,0.0,2.4179999828338623,2.4179999828338623,2.3429999351501465,2.3499999046325684,2.3499999046325684,0.0,16.18000030517578,17.459999084472656,15.970000267028809,17.200000762939453,17.200000762939453,0.0,-0.014291049074911936,0.012512833032852418,-0.014189416753273898,98.09199905395509,98.79899940490724,98.1377996826172,91.86734992980958,98.10169909919857,98.42813111232445,-0.3264320131258813,-0.02300782197368642,39.18691532456188,34.78574515474884,34.00813247139166,-2.237294099800947,-86.92812738938204,1.170289649636181,96.67422875517144,100.92377005464303,4.301198721715513,0.14719467267775377,-0.0021415633677370005,0.009827282790438919,0.0014183764808353406,-0.0027295496894432715,-0.008328142507642659,0.7818314824680298,0.6234898018587336,-1.0,-1.8369701987210297e-16
2014-10-08,96.62000274658205,98.76000213623048,96.05999755859376,98.4499969482422,90.1999053955078,64931600.0,0.0192806890967653,85.58999633789062,85.91999816894531,85.19999694824219,85.30000305175781,85.30000305175781,0.0,2.364000082015991,2.385999917984009,2.328000068664551,2.3299999237060547,2.3299999237060547,0.0,17.350000381469727,18.030000686645508,14.970000267028809,15.109999656677246,15.109999656677246,0.0,0.019280689096765325,0.027944571526440285,0.01946776194636568,97.95299911499026,98.71799926757814,98.16719955444337,91.91979991912842,98.15528338366683,98.42975080387392,-0.27446742020708825,-0.07329974162036679,50.128568419286,36.819143867114335,37.01280616409766,-1.392227003839442,-45.96954888467789,1.2795550016362194,96.67531117668362,100.76068735847265,4.138430896188945,0.16119675324795274,-0.014291049074911936,-0.0021415633677370005,-0.0161230250949017,0.01067370882751993,0.008227636252127971,0.9749279121818236,-0.22252093395631434,-1.0,-1.8369701987210297e-16
2014-10-09,98.31999969482422,98.56999969482422,96.70999908447266,96.86000061035156,88.74315643310547,62497100.0,-0.0162820634682845,85.2699966430664,85.66999816894531,84.94000244140625,85.5199966430664,85.5199966430664,0.0,2.2890000343322754,2.33899998664856,2.2890000343322754,2.32699990272522,2.32699990272522,0.0,15.640000343322754,19.3799991607666,15.34000015258789,18.76000022888184,18.76000022888184,0.0,-0.01628206346828455,0.018917825631863554,-0.016150227165037334,97.86499938964846,98.56149940490722,98.20399963378905,91.96774993896484,97.9560091108491,98.31347301176115,-0.3574639009120517,-0.13013257347870377,43.07045042393176,29.935466797868607,33.846785273243924,-0.9003450712619198,-77.29592333233425,1.321015402258744,96.45067198093771,100.67232682887673,4.283269708180629,0.17043102786538894,0.019280689096765325,-0.014291049074911936,0.0,-0.021258080824550246,-0.0007994886569232274,0.43388373911755823,-0.900968867902419,-1.0,-1.8369701987210297e-16
2014-10-10,96.29000091552734,96.83000183105467,94.41999816894533,94.44000244140624,86.52595520019531,77579400.0,-0.0253018857227881,85.55000305175781,85.9800033569336,85.4000015258789,85.91000366210938,85.91000366210938,0.0,2.303999900817871,2.322999954223633,2.2980000972747803,2.306999921798706,2.306999921798706,0.0,19.11000061035156,22.059999465942383,18.13999938964844,21.239999771118164,21.239999771118164,0.0,-0.025301885722788117,0.02502859735377486,-0.024984475671444906,97.43099975585939,98.30949935913085,98.19939971923829,92.00674995422362,97.41508500785788,98.02654926580894,-0.6114642579510559,-0.22639891037317422,34.994298182355955,25.70007884050047,30.818229835161134,-4.3935982906696,-99.63429126148645,1.400943047912136,95.55509346409853,101.06390525416317,5.603539663995847,0.1900857244784767,-0.01628206346828455,0.019280689096765325,0.009827282790438919,0.010584371997030271,-0.005113425959307401,-0.433883739117558,-0.9009688679024191,-1.0,-1.8369701987210297e-16
2014-10-13,94.2699966430664,94.98999786376952,92.87999725341795,92.95999908447266,85.16996765136719,80835900.0,-0.015795549706273,85.81999969482422,85.81999969482422,85.41000366210938,85.43000030517578,85.43000030517578,0.0,2.2860000133514404,2.2860000133514404,2.2860000133514404,2.2860000133514404,2.2860000133514404,0.0,21.15999984741211,24.63999938964844,20.520000457763672,24.63999938964844,24.63999938964844,0.0,-0.015795549706273032,0.022382525570045768,-0.015671454255440143,96.86199951171876,98.03149948120117,98.15219970703127,92.03994995117186,96.72968717349093,97.65124925237663,-0.9215620788856995,-0.3654315440756793,31.147648038602405,8.070345999277627,21.2352972125489,-5.767868579214962,-98.85874740834642,1.4515900166578095,94.3877814074765,101.67521755492584,7.433769947430829,0.19434124030606906,-0.025301885722788117,-0.01628206346828455,-0.0021415633677370005,-0.0013171365870885594,-0.009697378754075428,0.0,1.0,-1.0,-1.8369701987210297e-16
2014-10-14,93.54000091552734,94.16999816894533,92.70999908447266,92.97000122070312,85.17911529541016,71814500.0,0.0001073988059521,85.26000213623047,85.87999725341797,85.25,85.81999969482422,85.81999969482422,0.0,2.190000057220459,2.236000061035156,2.190000057220459,2.2060000896453857,2.2060000896453857,0.0,23.770000457763672,24.549999237060547,21.479999542236328,22.790000915527344,22.790000915527344,0.0,0.00010739880595217704,0.015608285975869765,0.00010740457341040788,96.27999954223634,97.71099967956543,98.1197998046875,92.06919994354247,96.15127394998513,97.30449013891933,-1.1532161889342092,-0.5229884730473853,31.202687176684655,1.7511294960545665,11.84051811194422,-5.891284179459359,-96.25357284200344,1.452190664358871,93.48550929765653,101.93649006147433,8.64895538018446,0.18995666064001443,-0.015795549706273032,-0.025301885722788117,-0.014291049074911936,0.0014183764808353406,0.008691588850815574,0.7818314824680298,0.6234898018587336,-1.0,-1.8369701987210297e-16
2014-10-15,91.56999969482422,92.76000213623048,90.23999786376952,92.37000274658205,84.62944030761719,108847800.0,-0.0064740778902249,85.9000015258789,86.01000213623047,84.47000122070312,85.1500015258789,85.1500015258789,0.0,2.1619999408721924,2.1689999103546143,1.868000030517578,2.0899999141693115,2.0899999141693115,0.0,26.36000061035156,31.059999465942383,24.63999938964844,25.270000457763672,25.270000457763672,0.0,-0.006474077890224976,0.027519976857697897,-0.006453166200266813,95.79599990844727,97.35299987792969,98.07679992675781,92.09449996948243,95.56953991869234,96.93897255430176,-1.3694326356094138,-0.6922773055597911,29.67047333061734,9.465884652082874,6.429120049138356,-4.978907914282352,-76.49002579340153,1.5434629995427807,92.59652250048875,102.10947725537063,9.77160926402897,0.1894367516369962,0.00010739880595217704,-0.015795549706273032,0.019280689096765325,-0.0161230250949017,0.001508263821888404,0.9749279121818236,-0.22252093395631434,-1.0,-1.8369701987210297e-16
2014-10-16,90.41999816894533,92.58000183105467,90.38999938964844,91.79000091552734,84.09799194335938,93165800.0,-0.0062995105734614,84.91000366210938,85.43000030517578,84.73999786376953,85.0,85.0,0.0,2.055999994277954,2.180000066757202,2.0230000019073486,2.1530001163482666,2.1530001163482666,0.0,29.26000022888184,29.40999984741211,24.61000061035156,25.200000762939453,25.200000762939453,0.0,-0.006299510573461469,0.02422033273341063,-0.006279710255982618,95.25400009155275,96.92849998474121,98.0281999206543,92.11834999084473,94.98807237974388,96.55756724772587,-1.5694948679819873,-0.8677208180442304,28.22748293306234,14.788197674095507,8.668403940744316,-5.575556239060853,-82.89180834230851,1.5896443882473132,91.7732267998668,102.08377316961561,10.637270123206203,0.18497360955828268,-0.006474077890224976,0.00010739880595217704,-0.01628206346828455,0.0,0.007506801099636716,0.43388373911755823,-0.900968867902419,-1.0,-1.8369701987210297e-16
2014-10-17,93.0,93.88999938964844,92.45999908447266,93.0,85.20661926269531,69546700.0,0.0130964320115382,84.91000366210938,85.25,84.76000213623047,85.19000244140625,85.19000244140625,0.0,2.171999931335449,2.2290000915527344,2.1710000038146973,2.1989998817443848,2.1989998817443848,0.0,21.68000030517578,23.07999992370605,20.229999542236328,21.989999771118164,21.989999771118164,0.0,0.013096432011538234,0.01537634736748152,0.01318256588198441,94.7370002746582,96.57949981689454,97.99019989013674,92.14684997558594,94.68221509055252,96.29404374789432,-1.6118286573418033,-1.016542385903745,35.297205407457646,23.693916052568333,15.982666126248903,-5.266372889248745,-69.53641770658496,1.6260982515240119,91.34951713387554,101.80948249991354,10.83041989849719,0.19474687393340448,-0.006299510573461469,-0.006474077890224976,-0.025301885722788117,0.009827282790438919,-0.000620059583718935,-0.433883739117558,-0.9009688679024191,-1.0,-1.8369701987210297e-16
2014-10-20,92.98999786376952,94.47000122070312,92.8000030517578,94.38999938964844,86.48014831542969,41479300.0,0.0148357666610691,85.20999908447266,85.37999725341797,84.91000366210938,84.94999694824219,84.94999694824219,0.0,2.190000057220459,2.20199990272522,2.1600000858306885,2.180999994277954,2.180999994277954,0.0,22.11000061035156,22.15999984741211,18.51000022888184,18.56999969482422,18.56999969482422,0.0,0.014835766661069106,0.017958901035699307,0.014946362897089394,94.38000030517578,96.34649963378908,97.96879989624024,92.18874996185303,94.63725882887496,96.1530034250613,-1.5157445961863374,-1.1163828279602637,42.32538922934697,32.09356254086022,23.52522542250802,-3.6443443529901876,-51.29108632852586,1.6292339599112489,91.16495020512302,101.52804906245514,10.756071986758243,0.20401115935644712,0.013096432011538234,-0.006299510573461469,-0.015795549706273032,-0.0021415633677370005,-0.00934505846635983,0.0,1.0,-1.0,-1.8369701987210297e-16
2014-10-21,95.55999755859376,96.87000274658205,95.31999969482422,96.87000274658205,88.75230407714844,53609800.0,0.0259345010959266,85.0199966430664,85.33000183105469,84.73999786376953,85.30999755859375,85.30999755859375,0.0,2.2109999656677246,2.2249999046325684,2.194999933242798,2.2079999446868896,2.2079999446868896,0.0,17.719999313354492,17.75,16.030000686645508,16.079999923706055,16.079999923706055,0.0,0.025934501095926644,0.016220208155692174,0.026273726467619385,94.41000061035156,96.25099983215333,97.99779998779297,92.23484996795655,94.98075789313759,96.20611448591468,-1.2253565927770893,-1.138177580923629,52.28414583460675,52.32980522035825,36.0390946045956,0.3106586442020106,-22.18308030381444,1.6900032025557032,91.18927780431407,101.31272185999258,10.517754696919727,0.22744162520309233,0.014835766661069106,0.013096432011538234,0.00010739880595217704,-0.014291049074911936,-0.0027295496894432715,0.7818314824680298,0.6234898018587336,-1.0,-1.8369701987210297e-16
2014-10-22,97.16999816894533,97.3000030517578,96.30999755859376,96.37000274658205,88.29419708251953,39178000.0,-0.0051750022055748,85.4000015258789,85.79000091552734,85.2300033569336,85.73999786376953,85.73999786376953,0.0,2.2090001106262207,2.25,2.200000047683716,2.2290000915527344,2.2290000915527344,0.0,16.059999465942383,18.43000030517578,15.5600004196167,17.8700008392334,17.8700008392334,0.0,-0.005175002205574819,0.010188386454868033,-0.005161634950127003,94.20200119018556,96.0775001525879,97.9966000366211,92.27484996795656,95.19448787059058,96.21825435707522,-1.0237664864846465,-1.1152953620358326,50.394812032392274,66.15807046858673,50.193812743268396,-2.112741763469698,-28.05162196189952,1.6400033661705842,91.30408440629493,100.85091589888087,9.936594392468473,0.22359972709584056,0.025934501095926644,0.014835766661069106,-0.006474077890224976,0.019280689096765325,0.01067370882751993,0.9749279121818236,-0.22252093395631434,-1.0,-1.8369701987210297e-16
2014-10-23,97.33999633789062,98.36000061035156,97.16999816894533,97.81999969482422,89.62272644042969,48123800.0,0.0149345438816095,85.73999786376953,85.94000244140625,85.66000366210938,85.83999633789062,85.83999633789062,0.0,2.246000051498413,2.299999952316284,2.240999937057495,2.275000095367432,2.275000095367432,0.0,16.06999969482422,17.059999465942383,15.68000030517578,16.530000686645508,16.530000686645508,0.0,0.014934543881609573,0.012225215596633577,0.015046621429362084,94.29800109863282,96.08150024414063,98.01440002441406,92.32204998016357,95.59841276662652,96.33690215987144,-0.7384893932449188,-1.0399341682776497,55.425287082032554,79.57747025403245,66.02178198099247,0.991120254411871,-11.03288697218867,1.6650029731419365,91.30208823530612,100.86091225297514,9.948662326650082,0.21861094276890664,-0.005175002205574819,0.025934501095926644,-0.006299510573461469,-0.01628206346828455,-0.021258080824550246,0.43388373911755823,-0.900968867902419,-1.0,-1.8369701987210297e-16
2014-10-24,98.02999877929688,98.69000244140624,97.63999938964844,98.62000274658205,90.35565948486328,43157600.0,0.0081447235160676,85.83000183105469,85.91000366210938,85.54000091552734,85.7300033569336,85.7300033569336,0.0,2.243000030517578,2.276000022888184,2.2290000915527344,2.2730000019073486,2.2730000019073486,0.0,16.43000030517578,18.059999465942383,16.09000015258789,16.110000610351562,16.110000610351562,0.0,0.008144723516067601,0.010711038098875813,0.008177982009069495,94.7160011291504,96.07350044250491,98.03880004882812,92.37575000762939,96.06327276354276,96.50602072185,-0.4427479583072511,-0.92049692628357,57.95848705714094,86.42410218846504,77.38654763702807,4.426090848281397,-1.6431845005166812,1.6210744073287837,91.31260663793093,100.83439424707889,9.910940649910293,0.2172174488206794,0.014934543881609573,-0.005175002205574819,0.013096432011538234,-0.025301885722788117,0.010584371997030271,-0.433883739117558,-0.9009688679024191,-1.0,-1.8369701987210297e-16
2014-10-27,98.43000030517578,98.87000274658205,98.0199966430664,98.69000244140624,90.41981506347656,29545700.0,0.000709781915572,85.69000244140625,85.70999908447266,85.41000366210938,85.5,85.5,0.0,2.26200008392334,2.2679998874664307,2.243000030517578,2.256999969482422,2.256999969482422,0.0,17.239999771118164,17.8700008392334,16.0,16.040000915527344,16.040000915527344,0.0,0.0007097819155720959,0.008635640565683743,0.0007100338703633913,95.28900146484375,96.07550048828126,98.04960006713867,92.42980003356934,96.4673850216756,96.66779714552084,-0.20041212384523988,-0.7764799657959041,58.18242564969084,95.07939292612193,87.02698845620647,6.163945152072056,-2.0857497489288446,1.5659980999135592,91.31001787591771,100.84098310064482,9.920286833051309,0.21718362282619103,0.008144723516067601,0.014934543881609573,0.014835766661069106,-0.015795549706273032,-0.0013171365870885594,0.0,1.0,-1.0,-1.8369701987210297e-16
2014-10-28,99.1500015258789,100.1999969482422,99.08000183105467,100.18000030517578,91.78494262695312,34495100.0,0.0149848239426906,85.56999969482422,85.68000030517578,85.23999786376953,85.41000366210938,85.41000366210938,0.0,2.2839999198913574,2.2960000038146973,2.255000114440918,2.2839999198913574,2.2839999198913574,0.0,15.6899995803833,15.779999732971191,14.390000343322754,14.390000343322754,14.390000343322754,0.0,0.014984823942690606,0.011295966716603642,0.015097659318570988,96.01000137329103,96.1450004577637,98.07920013427734,92.48795001983643,97.03855660375255,96.92796034253232,0.11059626122023758,-0.5990647203926758,62.732841343985946,98.69009874113354,93.3978646185735,7.75518875960506,-0.20076952715382124,1.5619978432651598,91.17660629224696,101.11339462328044,10.335210654451755,0.22358636819156935,0.0007097819155720959,0.008144723516067601,0.025934501095926644,0.00010739880595217704,0.0014183764808353406,0.7818314824680298,0.6234898018587336,-1.0,-1.8369701987210297e-16
2014-10-29,99.8499984741211,100.12000274658205,99.0999984741211,99.80999755859376,91.4459228515625,40552800.0,-0.0037004700203593,85.4000015258789,86.05000305175781,85.19000244140625,85.94999694824219,85.94999694824219,0.0,2.29099988937378,2.359999895095825,2.2890000343322754,2.322999954223633,2.322999954223633,0.0,14.609999656677246,16.280000686645508,14.1899995803833,15.149999618530272,15.149999618530272,0.0,-0.0037004700203593192,0.010215365929377697,-0.0036936317187507006,96.75400085449219,96.27500038146975,98.10140014648437,92.54310001373291,97.4649321352666,97.14144458075909,0.32348755450750843,-0.41455426541263896,60.958923472096195,97.93260794713794,97.2340332047978,8.054557313832081,-3.915656882503471,1.5275695566786975,91.05936700226816,101.49063376067134,10.834865455280653,0.21538837316463927,0.014984823942690606,0.0007097819155720959,-0.005175002205574819,-0.006474077890224976,-0.0161230250949017,0.9749279121818236,-0.22252093395631434,-1.0,-1.8369701987210297e-16
2014-10-30,99.36000061035156,100.26000213623048,99.13999938964844,100.0199966430664,91.6383285522461,35935800.0,0.0021018276562897,85.9800033569336,86.48999786376953,85.9800033569336,86.1500015258789,86.1500015258789,0.0,2.312000036239624,2.322999954223633,2.2799999713897705,2.305000066757202,2.305000066757202,0.0,15.3100004196167,15.75,14.06999969482422,14.520000457763672,14.520000457763672,0.0,0.0021018276562897145,0.01127216928041525,0.0021040380443850815,97.5770004272461,96.41550025939944,98.12380004882812,92.60079998016357,97.85801898262041,97.35467065944852,0.5033483231718918,-0.2309737476957328,61.6222317295516,97.82943673627729,98.15071447484958,8.966113569508488,-2.395263381510815,1.4984576416717938,90.94848105895873,101.88251945984014,11.340540028796312,0.215346775431616,-0.0037004700203593192,0.014984823942690606,0.014934543881609573,-0.006299510573461469,0.0,0.43388373911755823,-0.900968867902419,-1.0,-1.8369701987210297e-16
2014-10-31,101.68000030517578,101.75,101.06999969482422,101.4000015258789,92.90270233154295,54254100.0,0.0137031158657306,86.18000030517578,87.12999725341797,86.1500015258789,86.87999725341797,86.87999725341797,0.0,2.3320000171661377,2.3499999046325684,2.316999912261963,2.3350000381469727,2.3350000381469727,0.0,13.84000015258789,14.829999923706056,13.720000267028809,14.029999732971191,14.029999732971191,0.0,0.013703115865730675,0.006687650502900003,0.013797433882439147,98.41700057983398,96.57700042724612,98.17080001831054,92.67409999847413,98.40293937389094,97.65432479770263,0.7486145761883165,-0.035056082918922954,65.74141356494037,96.88275316666605,97.54826595002709,9.032259705246135,-3.040820235987529,1.514996621333351,90.71517452467806,102.43882632981418,12.139175738811474,0.2177782847453212,0.0021018276562897145,-0.0037004700203593192,0.008144723516067601,0.013096432011538234,0.009827282790438919,-0.433883739117558,-0.9009688679024191,-1.0,-1.8369701987210297e-16
2014-11-03,101.58000183105467,101.97000122070312,101.43000030517578,101.6999969482422,93.17755889892578,33481000.0,0.0029541743488329,87.08000183105469,87.41000366210938,87.0199966430664,87.30999755859375,87.30999755859375,0.0,2.325000047683716,2.384000062942505,2.321000099182129,2.3480000495910645,2.3480000495910645,0.0,14.40999984741211,14.989999771118164,14.229999542236328,14.729999542236328,14.729999542236328,0.0,0.002954174348832947,0.0053160160050544185,0.002958542221968452,99.14800033569335,96.76400032043459,98.2167999267578,92.75309997558595,98.91017900071422,97.95400421626111,0.9561747844531112,0.1631900905554839,66.58114705682888,97.42069677884993,97.37762889393107,7.744461919548901,-2.301826045951838,1.447496840868413,90.49212839808355,103.03587224278563,12.963234057256203,0.21736212003428584,0.013703115865730675,0.0021018276562897145,0.0007097819155720959,0.014835766661069106,-0.0021415633677370005,0.0,1.0,-0.8660254037844386,0.5000000000000001
2014-11-04,101.37999725341795,101.62000274658205,100.66999816894533,101.36000061035156,92.86605834960938,22773300.0,-0.0033486861308406,87.25,87.30000305175781,86.87999725341797,86.9800033569336,86.9800033569336,0.0,2.319000005722046,2.3480000495910645,2.302999973297119,2.3420000076293945,2.3420000076293945,0.0,15.050000190734863,15.93000030517578,14.829999923706056,14.890000343322754,14.890000343322754,0.0,-0.0033486861308406253,0.009370729960289972,-0.0033430855347295063,99.59700012207031,97.00350036621094,98.25399993896484,92.8306499862671,99.28707463296612,98.206300245453,1.0807743875131308,0.34670694994701334,64.64710717140808,96.46321544805544,96.92222179785713,4.635075602832004,-5.267707373894293,1.4176755507561605,90.40547562697547,103.60152510544641,13.603683814143574,0.2099120085660992,0.002954174348832947,0.013703115865730675,0.014984823942690606,0.025934501095926644,-0.014291049074911936,0.7818314824680298,0.6234898018587336,-0.8660254037844386,0.5000000000000001
2014-11-05,102.02999877929688,102.02999877929688,101.0199966430664,101.37000274658205,92.87522888183594,25818600.0,9.874522106211348e-05,87.0199966430664,87.61000061035156,86.94000244140625,87.44000244140625,87.44000244140625,0.0,2.365999937057495,2.36899995803833,2.336999893188477,2.3499999046325684,2.3499999046325684,0.0,14.149999618530272,14.989999771118164,14.149999618530272,14.170000076293944,14.170000076293944,0.0,9.874522106211347e-05,0.009899070354937712,9.87500965319299e-05,100.09700012207033,97.14950065612794,98.29100006103516,92.91284999847413,99.60752511198396,98.44064857886997,1.1668765331139923,0.5107408665804092,64.679611622259,95.1779853638433,96.35396586358289,5.188336471410275,-6.896510488623919,1.3885560211471826,90.29255890010982,104.00644241214606,14.116267628156043,0.20030049697386282,-0.0033486861308406253,0.002954174348832947,-0.0037004700203593192,-0.005175002205574819,0.019280689096765325,0.9749279121818236,-0.22252093395631434,-0.8660254037844386,0.5000000000000001
2014-11-06,101.36000061035156,101.72000122070312,100.91999816894533,101.69000244140624,93.16839599609376,24671900.0,0.0031515979879311,87.41000366210938,88.1500015258789,87.12999725341797,88.01000213623047,88.01000213623047,0.0,2.3350000381469727,2.381999969482422,2.3350000381469727,2.375,2.375,0.0,14.460000038146973,15.079999923706056,13.670000076293944,13.670000076293944,13.670000076293944,0.0,0.0031515979879311496,0.00789268988694241,0.0031565694942277123,100.48400039672852,97.39100074768068,98.33660003662109,92.98880001068116,99.92790623958739,98.68134145757637,1.2465647820110206,0.6579056496665314,65.76413922580036,94.71739326839457,95.45286469343111,3.956248986562595,-3.6836023322980416,1.3465165233336551,90.24294633492015,104.53905516044121,14.679086071370424,0.18902926789890606,9.874522106211347e-05,-0.0033486861308406253,0.0021018276562897145,0.014934543881609573,-0.01628206346828455,0.43388373911755823,-0.900968867902419,-0.8660254037844386,0.5000000000000001
2014-11-07,101.87000274658205,101.91000366210938,101.06999969482422,101.5999984741211,93.08592224121094,20931700.0,-0.000885603738519,88.05000305175781,88.19000244140625,87.47000122070312,87.63999938964844,87.63999938964844,0.0,2.388999938964844,2.407000064849853,2.308000087738037,2.312000036239624,2.312000036239624,0.0,13.710000038146973,14.15999984741211,13.010000228881836,13.119999885559082,13.119999885559082,0.0,-0.0008856037385190391,0.008245842197283538,-0.0008852117072648547,100.78199996948241,97.74900054931642,98.37300003051759,93.06545001983643,100.18515119874642,98.89753827361672,1.2876129251297073,0.7838471047591666,65.15812821907477,94.33717866800868,94.74418576674884,3.02169503604311,-6.408351175051985,1.3103370550444766,90.50667273707114,104.9913283615617,14.81821352964396,0.15899804242054416,0.0031515979879311496,9.874522106211347e-05,0.013703115865730675,0.008144723516067601,-0.025301885722788117,-0.433883739117558,-0.9009688679024191,-0.8660254037844386,0.5000000000000001
2014-11-10,101.6500015258789,102.08999633789062,101.37999725341795,101.95999908447266,93.41577911376952,20360000.0,0.0035373105350603,87.55999755859375,87.83000183105469,87.22000122070312,87.80999755859375,87.80999755859375,0.0,2.2939999103546143,2.359999895095825,2.2939999103546143,2.358999967575073,2.358999967575073,0.0,13.15999984741211,13.25,12.380000114440918,12.670000076293944,12.670000076293944,0.0,0.0035373105350603507,0.006984742487110666,0.003543574201304356,101.10899963378905,98.19900054931641,98.4166000366211,93.15380001068115,100.45820471962737,99.124387222569,1.3338174970583765,0.8938411832190086,66.48831876167995,95.88631952942625,94.9802971552765,3.3134021300768204,-2.2490879043712053,1.2674557714322048,91.09241788847649,105.30558321015633,14.473839084076891,0.14147607816613056,-0.0008856037385190391,0.0031515979879311496,0.002954174348832947,0.0007097819155720959,-0.015795549706273032,0.0,1.0,-0.8660254037844386,0.5000000000000001
2014-11-11,101.9800033569336,102.27999877929688,101.6999969482422,102.27999877929688,93.70895385742188,15454000.0,0.0031334712293638,87.80000305175781,88.05999755859375,87.37000274658203,87.52999877929688,87.52999877929688,0.0,2.359999895095825,2.359999895095825,2.359999895095825,2.359999895095825,2.359999895095825,0.0,12.710000038146973,13.18000030517578,12.600000381469728,12.920000076293944,12.920000076293944,0.0,0.003133471229363845,0.0056874074520731925,0.003138385682094569,101.31899948120117,98.6645004272461,98.46080001831056,93.24064998626709,100.7384807288073,99.35813622677107,1.3803445020362375,0.9911418469824544,67.66986548349989,97.11418697352559,95.77922839032016,2.0962252622518687,0.0,1.2183519185480953,91.78401672109607,105.54498413339613,13.947232644680765,0.1406008023303856,0.0035373105350603507,-0.0008856037385190391,-0.0033486861308406253,0.014984823942690606,0.00010739880595217704,0.7818314824680298,0.6234898018587336,-0.8660254037844386,0.5000000000000001
2014-11-12,101.87000274658205,102.56999969482422,101.87000274658205,102.45999908447266,93.8738784790039,22050300.0,0.0017584195954814,87.62000274658203,87.9000015258789,87.4000015258789,87.81999969482422,87.81999969482422,0.0,2.325999975204468,2.371000051498413,2.319000005722046,2.358999967575073,2.358999967575073,0.0,13.760000228881836,13.760000228881836,12.989999771118164,13.020000457763672,13.020000457763672,0.0,0.0017584195954814703,0.0068714727532061416,0.00175996652180066,101.58399963378906,99.16900024414063,98.52039993286134,93.32949996948243,101.00332970660197,99.58790384586007,1.4154258607419052,1.0759986497343448,68.34593679747714,98.50655417695855,97.16902022663679,2.655046178438388,-2.231249564753124,1.1813265635262438,92.76892254978455,105.56907793849672,12.907415984027187,0.13478379656114273,0.003133471229363845,0.0035373105350603507,9.874522106211347e-05,-0.0037004700203593192,-0.006474077890224976,0.9749279121818236,-0.22252093395631434,-0.8660254037844386,0.5000000000000001
2014-11-13,102.6500015258789,103.27999877929688,102.41999816894533,102.9000015258789,94.27703094482422,28027800.0,0.0042854226327241,87.80999755859375,87.87999725341797,87.62000274658203,87.66999816894531,87.66999816894531,0.0,2.3540000915527344,2.369999885559082,2.3399999141693115,2.3469998836517334,2.3469998836517334,0.0,13.329999923706056,14.3100004196167,12.869999885559082,13.789999961853027,13.789999961853027,0.0,0.004285422632724105,0.00837798926028009,0.0042946181872147715,101.87200012207033,99.7245002746582,98.59059997558593,93.4151499938965,101.29512537110612,99.83324441475035,1.4618809563557704,1.15317511105863,69.99754964103678,96.84815699495104,97.48963271514505,2.879429093654292,-7.224279450393722,1.1583747097280512,94.14514249912654,105.30385805018986,11.189542710497749,0.1278835216336341,0.0017584195954814703,0.003133471229363845,0.0031515979879311496,0.0021018276562897145,-0.006299510573461469,0.43388373911755823,-0.900968867902419,-0.8660254037844386,0.5000000000000001
2014-11-14,102.87000274658205,103.22000122070312,102.52999877929688,103.22000122070312,94.5702133178711,19251300.0,0.0031049710016718,87.83000183105469,88.2699966430664,87.4000015258789,87.52999877929688,87.52999877929688,0.0,2.3540000915527344,2.377000093460083,2.315000057220459,2.319999933242798,2.319999933242798,0.0,13.789999961853027,14.149999618530272,13.3100004196167,13.3100004196167,13.3100004196167,0.0,0.003104971001671883,0.006707518450311075,0.0031097964170982983,102.05400009155275,100.23550033569335,98.65720001220703,93.49474998474123,101.59126011719796,100.08411528926538,1.5071448279325779,1.2239690544334196,71.17548108520965,96.37198554901019,97.24223224030658,1.794871466900053,-1.4285143378225618,1.1249195477050655,95.4310931634915,105.0399075078952,9.586238720037644,0.12512032798811945,0.004285422632724105,0.0017584195954814703,-0.0008856037385190391,0.013703115865730675,0.013096432011538234,-0.433883739117558,-0.9009688679024191,-0.8660254037844386,0.5000000000000001
2014-11-17,102.9800033569336,103.20999908447266,102.41999816894533,102.91000366210938,94.28616333007812,23361600.0,-0.0030081081404314,87.54000091552734,87.97000122070312,87.18000030517578,87.93000030517578,87.93000030517578,0.0,2.2920000553131104,2.3469998836517334,2.289999961853028,2.3399999141693115,2.3399999141693115,0.0,14.699999809265137,14.729999542236328,13.84000015258789,13.989999771118164,13.989999771118164,0.0,-0.0030081081404314904,0.007671401143668143,-0.0030035883163149757,102.17500076293948,100.6615005493164,98.71380004882813,93.57029998779298,101.79414373949203,100.2934403539205,1.5007033855715264,1.2793159206610412,68.3748675702,94.16521634352367,95.79511962916163,1.1897804819826863,-8.85155718121271,1.101711226565975,96.58345606425642,104.73954503437638,8.102490947990683,0.12293209766191326,0.003104971001671883,0.004285422632724105,0.0035373105350603507,0.002954174348832947,0.014835766661069106,0.0,1.0,-0.8660254037844386,0.5000000000000001
2014-11-18,103.0,103.81999969482422,102.98999786376952,103.68000030517578,94.99163055419922,26336800.0,0.0074543397445217,87.93000030517578,87.97000122070312,87.51000213623047,87.58000183105469,87.58000183105469,0.0,2.328000068664551,2.338000059127808,2.308000087738037,2.322000026702881,2.322000026702881,0.0,13.859999656677246,13.989999771118164,13.130000114440918,13.859999656677246,13.859999656677246,0.0,0.007454339744521749,0.00805827020441458,0.007482192499989493,102.40700073242189,101.0020004272461,98.80240005493164,93.64469997406006,102.08427551882798,100.54429664660607,1.5399788722219085,1.3314485109732148,71.38654410435318,95.5761629087597,95.37112160043118,2.2888710347810366,-2.991439754685643,1.0880172841480371,97.1246246392681,104.8793762152241,7.677819788868346,0.09391607309736671,-0.0030081081404314904,0.003104971001671883,0.003133471229363845,-0.0033486861308406253,0.025934501095926644,0.7818314824680298,0.6234898018587336,-0.8660254037844386,0.5000000000000001
2014-11-19,103.56999969482422,103.56999969482422,102.7300033569336,103.20999908447266,94.56104278564452,23760200.0,-0.0045432069261253,87.68000030517578,87.77999877929688,87.3499984741211,87.6500015258789,87.6500015258789,0.0,2.3399999141693115,2.36299991607666,2.321000099182129,2.3510000705718994,2.3510000705718994,0.0,14.010000228881836,14.779999732971191,13.829999923706056,13.960000038146973,13.960000038146973,0.0,-0.00454320692612534,0.008110421361067193,-0.004532902172986963,102.59100036621093,101.34400024414064,98.86520004272461,93.71589996337892,102.25746375969639,100.74175608644804,1.5157076732483574,1.3683003434282435,67.18104481795287,89.59730456778254,93.11289460668863,1.815129020456351,-19.365089360754016,1.078158688726191,98.01969478230005,104.66830570598124,6.5604386127096745,0.09317509787211753,0.007454339744521749,-0.0030081081404314904,0.0017584195954814703,9.874522106211347e-05,-0.005175002205574819,0.9749279121818236,-0.22252093395631434,-0.8660254037844386,0.5000000000000001
2014-11-20,102.7699966430664,103.76000213623048,102.69000244140624,103.66999816894533,94.9824676513672,22874000.0,0.0044467421667114,87.68000030517578,87.94000244140625,87.48999786376953,87.58999633789062,87.58999633789062,0.0,2.325999975204468,2.3510000705718994,2.302999973297119,2.3350000381469727,2.3350000381469727,0.0,14.65999984741211,15.739999771118164,13.579999923706056,13.579999923706056,13.579999923706056,0.0,0.004446742166711473,0.010411596086166038,0.004456643595587062,102.78899993896485,101.63650016784669,98.93880004882813,93.78609996795655,102.47477674573469,100.95866290737376,1.5161138383609227,1.3978630424147793,69.09974007997708,90.96050666292447,92.0446580464889,1.9470898613459706,-4.761950895786937,1.0775759034474808,98.60082302377405,104.67217731191933,5.973596373467001,0.08286450835800517,-0.00454320692612534,0.007454339744521749,0.004285422632724105,0.0031515979879311496,0.014934543881609573,0.43388373911755823,-0.900968867902419,-0.8660254037844386,0.5000000000000001
2014-11-21,104.58999633789062,104.69000244140624,103.54000091552734,103.87000274658205,95.16571807861328,34049100.0,0.001927449197317,87.62999725341797,88.38999938964844,87.44999694824219,88.30999755859375,88.30999755859375,0.0,2.3399999141693115,2.345000028610229,2.315000057220459,2.315000057220459,2.315000057220459,0.0,13.15999984741211,13.800000190734863,12.899999618530272,12.899999618530272,12.899999618530272,0.0,0.001927449197317012,0.010995330013815786,0.0019293079215281228,103.01600036621095,101.89900016784668,99.0266000366211,93.85639999389647,102.68942689971121,101.17431771027807,1.515109189433133,1.4213122718184503,69.92308570545934,85.15832635454905,88.57204586175202,2.2342562072372005,-20.397980679811933,1.0827491621925815,99.06002345222737,104.73797688346599,5.572138511551606,0.08055615466404456,0.004446742166711473,-0.00454320692612534,0.003104971001671883,-0.0008856037385190391,0.008144723516067601,-0.433883739117558,-0.9009688679024191,-0.8660254037844386,0.5000000000000001
2014-11-24,104.1500015258789,104.7300033569336,104.05999755859376,104.68000030517578,95.9078369140625,17928300.0,0.0077679254686602,88.27999877929688,88.44000244140625,88.06999969482422,88.1500015258789,88.1500015258789,0.0,2.3310000896453857,2.338000059127808,2.302999973297119,2.309999942779541,2.309999942779541,0.0,12.920000076293944,13.020000457763672,12.43000030517578,12.619999885559082,12.619999885559082,0.0,0.007767925468660253,0.006433084863405867,0.007798174073947228,103.28800048828126,102.19850006103515,99.14980010986329,93.93075000762938,102.99566896209038,101.43399790249272,1.561671059597657,1.4493840293742917,73.05446269152657,91.17588471828319,89.09823924525223,2.6677140497516443,-1.312414269551554,1.0668385513467935,99.52597756262901,104.87102255944129,5.230062078817302,0.08224565328999403,0.001927449197317012,0.004446742166711473,-0.0030081081404314904,0.0035373105350603507,0.0007097819155720959,0.0,1.0,-0.8660254037844386,0.5000000000000001
2014-11-25,104.83999633789062,105.1500015258789,104.56999969482422,104.83999633789062,96.05440521240234,17526000.0,0.0015270537080421,88.19999694824219,88.33000183105469,87.81999969482422,87.91999816894531,87.91999816894531,0.0,2.3010001182556152,2.316999912261963,2.259999990463257,2.259999990463257,2.259999990463257,0.0,12.550000190734863,13.020000457763672,12.229999542236328,12.25,12.25,0.0,0.0015270537080421275,0.005532257261678926,0.0015282202482700402,103.54400024414065,102.4314998626709,99.25900009155274,94.00369998931883,103.27941163529042,101.68629408289256,1.5931175523978567,1.4781307339790049,73.63829189060162,90.32029433943242,88.88483513742155,2.5029307676448025,-7.328722032339252,1.0320644998973574,99.68832952771346,105.17467019762834,5.3561069370949115,0.06891116841120995,0.007767925468660253,0.001927449197317012,0.007454339744521749,0.003133471229363845,0.014984823942690606,0.7818314824680298,0.6234898018587336,-0.8660254037844386,0.5000000000000001
2014-11-26,104.94000244140624,105.58000183105467,104.83000183105467,105.5199966430664,96.67745208740234,18973800.0,0.0064654495018436,87.8499984741211,88.04000091552734,87.5199966430664,87.61000061035156,87.61000061035156,0.0,2.252000093460083,2.253000020980835,2.2290000915527344,2.233999967575073,2.233999967575073,0.0,12.270000457763672,12.399999618530272,11.90999984741211,12.06999969482422,12.06999969482422,0.0,0.0064654495018436784,0.007146940942933236,0.006486395638203968,103.85000000000002,102.71699981689453,99.37880004882813,94.08314998626709,103.62411702110211,101.97027205031284,1.6538449707892653,1.513273581341057,76.01673041020098,96.67612411839481,92.72410105870347,2.986528973195627,-1.3304913429247445,1.0119170356189746,99.93434659166984,105.49965304211922,5.418096771099444,0.06663323522841862,0.0015270537080421275,0.007767925468660253,-0.00454320692612534,0.0017584195954814703,-0.0037004700203593192,0.9749279121818236,-0.22252093395631434,-0.8660254037844386,0.5000000000000001
2014-11-27,104.94000244140624,105.58000183105467,104.83000183105467,105.5199966430664,96.67745208740234,18973800.0,0.0,87.8499984741211,88.04000091552734,87.5199966430664,87.61000061035156,87.61000061035156,0.0,2.252000093460083,2.253000020980835,2.2290000915527344,2.233999967575073,2.233999967575073,0.0,12.270000457763672,12.399999618530272,11.90999984741211,12.06999969482422,12.06999969482422,0.0,0.0,0.007146940942933236,0.0,104.11199951171875,102.99199981689453,99.48360000610352,94.16049995422364,103.91579080909662,102.23321461273903,1.6825761963575872,1.547134104344363,76.01673041020098,96.63736440992886,94.54459428925202,2.5461565387135416,-1.4286933949493763,0.9932086759319051,100.24473437442097,105.7392652593681,5.334910376257998,0.06733165524123579,0.0064654495018436784,0.0015270537080421275,0.004446742166711473,0.004285422632724105,0.0021018276562897145,0.43388373911755823,-0.900968867902419,-0.8660254037844386,0.5000000000000001
2014-11-28,105.8000030517578,106.25,105.7300033569336,106.01000213623048,97.12637329101562,17360400.0,0.0046327465997615,88.06999969482422,88.38999938964844,87.94000244140625,88.36000061035156,88.36000061035156,0.0,2.2090001106262207,2.2179999351501465,2.194000005722046,2.194000005722046,2.194000005722046,0.0,12.640000343322754,13.489999771118164,12.359999656677246,13.329999923706056,13.329999923706056,0.0,0.004632746599761593,0.004914901966609791,0.004643494361099121,104.3909996032715,103.22249984741212,99.60419998168945,94.24089996337891,104.23797716711721,102.51297665151618,1.7250005156010246,1.5827073865956955,77.69830977626263,97.32204682510996,96.87851178447788,2.702965396756612,-5.274674786795996,0.9744082960034544,100.2716125816012,106.17338711322304,5.717527225504219,0.05401054353397185,0.0,0.0064654495018436784,0.001927449197317012,0.003104971001671883,0.013703115865730675,-0.433883739117558,-0.9009688679024191,-0.8660254037844386,0.5000000000000001
2014-12-01,105.72000122070312,105.91999816894533,104.41999816894533,104.80999755859376,96.02693176269533,35969500.0,-0.0113842566874696,88.2300033569336,88.44999694824219,87.77999877929688,87.94999694824219,87.94999694824219,0.0,2.157000064849853,2.2179999351501465,2.1549999713897705,2.2179999351501465,2.2179999351501465,0.0,14.15999984741211,14.75,13.9399995803833,14.15999984741211,14.15999984741211,0.0,-0.01138425668746969,0.014188422083618509,-0.01131970124145465,104.58099899291993,103.3779998779297,99.71939987182617,94.31289993286133,104.32598030426746,102.68312634833674,1.6428539559307183,1.5947367004627002,65.57281554092013,86.80661437781843,93.58867520428575,1.8462674461879856,-32.876788684799344,1.0183794153807189,100.43717031079441,106.31882944506498,5.689468882369281,0.07231518128681658,0.004632746599761593,0.0,0.007767925468660253,-0.0030081081404314904,0.002954174348832947,0.0,1.0,-0.5000000000000004,0.8660254037844384
2014-12-02,104.91999816894533,105.41999816894533,104.6999969482422,105.2300033569336,96.4117431640625,26031300.0,0.0039993199331778,87.9800033569336,88.66999816894531,87.94999694824219,88.6500015258789,88.6500015258789,0.0,2.246000051498413,2.2890000343322754,2.243000030517578,2.2850000858306885,2.2850000858306885,0.0,14.100000381469728,14.170000076293944,12.850000381469728,12.850000381469728,12.850000381469728,0.0,0.003999319933177811,0.006862383084907774,0.004007327885036771,104.73599929809572,103.57150001525879,99.84839996337891,94.38749996185304,104.46506077390839,102.8717839045291,1.5932768693792951,1.5944447342460193,67.48541138724292,78.40559437435559,87.51141852576131,1.4949875069400778,-26.63175340533789,0.9970666871894622,100.68089735151436,106.46210267900322,5.581849569270639,0.07045231426117121,-0.01138425668746969,0.004632746599761593,0.0015270537080421275,0.007454339744521749,-0.0033486861308406253,0.7818314824680298,0.6234898018587336,-0.5000000000000004,0.8660254037844384
2014-12-03,105.38999938964844,105.56999969482422,104.76000213623048,105.41999816894533,96.58582305908205,32974300.0,0.0018039599735353,88.5999984741211,89.01000213623047,88.58000183105469,88.95999908447266,88.95999908447266,0.0,2.29099988937378,2.306999921798706,2.2780001163482666,2.2869999408721924,2.2869999408721924,0.0,12.75,12.880000114440918,12.210000038146973,12.5,12.5,0.0,0.0018039599735353233,0.0076857155639503206,0.0018055880881990838,104.95699920654297,103.77399978637696,99.96,94.4634499359131,104.61197421929869,103.06054051670807,1.5514337025906144,1.5858425279149384,68.34219978232589,72.94013406180983,79.38411427132795,2.1412645132027253,-21.671055724433288,0.9837046065754818,100.96651899345568,106.58148057929824,5.410759532639383,0.07014192188864028,0.003999319933177811,-0.01138425668746969,0.0064654495018436784,-0.00454320692612534,9.874522106211347e-05,0.9749279121818236,-0.22252093395631434,-0.5000000000000004,0.8660254037844384
2014-12-04,105.31999969482422,105.77999877929688,104.93000030517578,105.37000274658205,96.54003143310548,31008800.0,-0.0004742153965361,88.94000244140625,89.12000274658203,88.20999908447266,88.69999694824219,88.69999694824219,0.0,2.2799999713897705,2.2980000972747803,2.253000020980835,2.256999969482422,2.256999969482422,0.0,12.699999809265137,13.229999542236328,12.09000015258789,12.380000114440918,12.380000114440918,0.0,-0.0004742153965361362,0.008070627388758581,-0.0004741029741864855,105.12699966430665,103.95799980163575,100.11260009765624,94.53809993743897,104.7285939927269,103.23161179299504,1.4969821997318604,1.5680704622783228,67.83564496106294,76.24025742056219,75.86199528557586,1.6398230998965722,-22.976418608542236,0.9741541685430255,101.24482278196662,106.67117682130488,5.219756103130489,0.07050395678380708,0.0018039599735353233,0.003999319933177811,0.0,0.004446742166711473,0.0031515979879311496,0.43388373911755823,-0.900968867902419,-0.5000000000000004,0.8660254037844384
2014-12-05,105.54000091552734,105.6999969482422,105.1500015258789,105.37999725341795,96.54916381835938,25622200.0,9.459240066552988e-05,88.58000183105469,89.47000122070312,88.58000183105469,89.33000183105469,89.33000183105469,0.0,2.252000093460083,2.3310000896453857,2.252000093460083,2.306999921798706,2.306999921798706,0.0,12.079999923706056,12.279999732971191,11.529999732971191,11.890000343322754,11.890000343322754,0.0,9.459240066552989e-05,0.005211250877319052,9.459687466772948e-05,105.27799911499025,104.14699974060059,100.24460006713869,94.61329994201662,104.82880987898706,103.39075145673007,1.4380584222569865,1.5420680542740557,67.88688809744805,76.97140983638519,75.38393377291906,1.4537349252988223,-24.438296157868866,0.9438571152444734,101.60415416220128,106.6898453189999,4.883185468103327,0.07009758568717211,-0.0004742153965361362,0.0018039599735353233,0.004632746599761593,0.001927449197317012,-0.0008856037385190391,-0.433883739117558,-0.9009688679024191,-0.5000000000000004,0.8660254037844384
2014-12-08,105.11000061035156,105.56999969482422,104.08000183105467,104.62999725341795,95.86198425292967,32685800.0,-0.0071428552243019,89.4000015258789,89.55000305175781,88.91000366210938,89.04000091552734,89.04000091552734,0.0,2.309999942779541,2.309999942779541,2.243000030517578,2.256999969482422,2.256999969482422,0.0,13.050000190734863,14.670000076293944,12.550000190734863,14.210000038146973,14.210000038146973,0.0,-0.007142855224301985,0.014175605129078514,-0.007117405664149645,105.27299880981445,104.28049964904785,100.36419998168945,94.68809993743898,104.7982233212072,103.48254744166992,1.315675879537281,1.496789619326701,60.14345095814303,69.02651963252882,74.0793956298254,-0.04776753115404258,-45.50572633600242,0.9828671687105499,101.9495783274556,106.61142097064011,4.470483608031963,0.07659119880004012,9.459240066552989e-05,-0.0004742153965361362,-0.01138425668746969,0.007767925468660253,0.0035373105350603507,0.0,1.0,-0.5000000000000004,0.8660254037844384
2014-12-09,103.41000366210938,105.04000091552734,103.04000091552734,104.95999908447266,96.16438293457033,46035100.0,0.0031495563452577,89.18000030517578,89.2699966430664,88.16000366210938,88.69000244140625,88.69000244140625,0.0,2.239000082015991,2.239000082015991,2.187000036239624,2.220000028610229,2.220000028610229,0.0,16.229999542236328,16.68000030517578,15.119999885559082,15.350000381469728,15.350000381469728,0.0,0.0031495563452577195,0.019340488629465382,0.003154521409058031,105.28499908447264,104.41449966430665,100.48759994506837,94.75884994506836,104.82311190017111,103.59198830409976,1.231123596071356,1.443656414675632,62.187195163389745,64.60665729422038,70.2015289210448,0.11446275350418016,-36.23600562346755,1.0555195138026534,102.26688075483676,106.56211857377653,4.113641144428205,0.07659634791407102,-0.007142855224301985,9.459240066552989e-05,0.003999319933177811,0.0015270537080421275,0.003133471229363845,0.7818314824680298,0.6234898018587336,-0.5000000000000004,0.8660254037844384
2014-12-10,104.7699966430664,105.02999877929688,103.12000274658205,103.30999755859376,94.6526107788086,39330100.0,-0.0158455885700642,88.6500015258789,88.80999755859375,88.19000244140625,88.2699966430664,88.2699966430664,0.0,2.2079999446868896,2.226999998092652,2.1689999103546143,2.1689999103546143,2.1689999103546143,0.0,15.5600004196167,18.920000076293945,15.399999618530272,18.530000686645508,18.530000686645508,0.0,-0.015845588570064267,0.01823037218586407,-0.015720707705162873,105.06399917602539,104.4569995880127,100.60959991455078,94.82009994506838,104.59032507838998,103.57110010072894,1.0192249776610396,1.3587701272727137,48.73190872618063,42.22312693845765,58.61876795506895,-2.0943888881537966,-91.58888722515708,1.1165535508678088,102.44273489672825,106.47126427929716,3.856638998303386,0.09774733528822203,0.0031495563452577195,-0.007142855224301985,0.0018039599735353233,0.0064654495018436784,0.0017584195954814703,0.9749279121818236,-0.22252093395631434,-0.5000000000000004,0.8660254037844384
2014-12-11,103.61000061035156,105.04000091552734,103.58999633789062,103.8000030517578,95.10157775878906,47576000.0,0.0047320991567162,87.94999694824219,88.79000091552734,87.91000366210938,88.66000366210938,88.66000366210938,0.0,2.1459999084472656,2.2160000801086426,2.1459999084472656,2.177999973297119,2.177999973297119,0.0,17.68000030517578,20.1299991607666,15.9399995803833,20.07999992370605,20.07999992370605,0.0,0.0047320991567162424,0.013994832246838635,0.004743313219639056,104.89199981689454,104.50199966430664,100.7413999938965,94.8841999435425,104.46873707429272,103.58805587487923,0.8806811994134875,1.2631523417008685,52.04995389328582,31.950397638116748,46.260060623598264,-1.630016722921898,-76.32391423702512,1.1603713941582212,102.59694284697623,106.40705648163704,3.64597198800032,0.09799458068937324,-0.015845588570064267,0.0031495563452577195,-0.0004742153965361362,0.0,0.004285422632724105,0.43388373911755823,-0.900968867902419,-0.5000000000000004,0.8660254037844384
2014-12-12,102.80999755859376,103.98999786376952,102.66000366210938,102.66999816894533,94.06626892089844,46889400.0,-0.010946037534741,88.58999633789062,88.63999938964844,88.11000061035156,88.36000061035156,88.36000061035156,0.0,2.115999937057495,2.1459999084472656,2.0829999446868896,2.102999925613404,2.102999925613404,0.0,20.51000022888184,23.059999465942383,18.34000015258789,21.07999992370605,21.07999992370605,0.0,-0.010946037534741014,0.012936428686345878,-0.01088634765362706,104.55799942016603,104.47449951171875,100.8313999938965,94.94489994049074,104.19200801193158,103.5200516003656,0.6719564115659722,1.1449131556738894,44.842397863344665,10.788532446971953,28.32068567451545,-3.150649844335453,-99.72160119690194,1.1724873089797871,102.47784539894708,106.47115362449041,3.822280311661514,0.1053354616430346,0.0047320991567162424,-0.015845588570064267,9.459240066552989e-05,0.004632746599761593,0.003104971001671883,-0.433883739117558,-0.9009688679024191,-0.5000000000000004,0.8660254037844384
2014-12-15,103.1999969482422,103.58000183105467,101.31999969482422,101.61000061035156,93.09510040283205,52968400.0,-0.0103779667564402,88.20999908447266,88.62999725341797,88.16999816894531,88.45999908447266,88.45999908447266,0.0,2.13100004196167,2.135999917984009,2.0799999237060547,2.115999937057495,2.115999937057495,0.0,19.59000015258789,24.82999992370605,17.770000457763672,20.420000076293945,20.420000076293945,0.0,-0.010377966756440248,0.021899246153698156,-0.010324301465417518,104.2379997253418,104.40949935913086,100.90440002441407,94.99989994049075,103.79477610399618,103.37856634184605,0.4162097621501317,0.9991724769691379,39.33934115153098,9.945618571218171,17.561516218768958,-3.0531409434040406,-94.11762885241842,1.2501669394976922,102.13332123204856,106.68567748621317,4.360097770899323,0.11097643884107034,-0.010946037534741014,0.0047320991567162424,-0.007142855224301985,-0.01138425668746969,-0.0030081081404314904,0.0,1.0,-0.5000000000000004,0.8660254037844384
2014-12-16,100.97000122070312,102.47000122070312,99.95999908447266,99.9800033569336,91.6016616821289,65348600.0,-0.016172143495946,88.44000244140625,88.51000213623047,87.62999725341797,88.12999725341797,88.12999725341797,0.0,2.046999931335449,2.1040000915527344,2.0450000762939453,2.071000099182129,2.071000099182129,0.0,23.549999237060547,25.200000762939453,19.600000381469727,23.56999969482422,23.56999969482422,0.0,-0.016172143495946062,0.024858889827524454,-0.016042076481370904,103.7129997253418,104.22449951171875,100.97260009765624,95.04869995117188,103.20788798906347,103.12682093555624,0.0810670535072262,0.8155513922767555,32.6948566930573,2.1596009509645384,7.631250656384887,-4.989071398384668,-99.68196709778601,1.3401551678357475,101.21526968518079,107.23372933825671,5.774515283135729,0.11949494193399898,-0.010377966756440248,-0.010946037534741014,0.0031495563452577195,0.003999319933177811,0.007454339744521749,0.7818314824680298,0.6234898018587336,-0.5000000000000004,0.8660254037844384
2014-12-17,100.0500030517578,102.08999633789062,99.91999816894533,101.8000030517578,93.26917266845705,79715300.0,0.0180402302636365,88.0199966430664,89.13999938964844,87.9000015258789,89.12999725341797,89.12999725341797,0.0,2.0969998836517334,2.1480000019073486,2.065999984741211,2.1480000019073486,2.1480000019073486,0.0,23.89999961853028,24.61000061035156,19.26000022888184,19.440000534057617,19.440000534057617,0.0,0.01804023026363653,0.021689136459323407,0.018203938178705137,103.35100021362305,104.15399971008301,101.03960021972657,95.10489997863772,102.99129030640105,103.02853812934895,-0.037247822947890086,0.6449915492318264,44.056756956081195,11.966771539457238,8.023997020546648,-3.4338789414378006,-70.30008943142383,1.3994296679150011,100.98297888045254,107.32502053971349,6.089100444451767,0.13810148486701185,-0.016172143495946062,-0.010377966756440248,-0.015845588570064267,0.0018039599735353233,-0.00454320692612534,0.9749279121818236,-0.22252093395631434,-0.5000000000000004,0.8660254037844384
2014-12-18,103.26000213623048,104.26000213623048,102.9800033569336,104.25,95.5138702392578,49840900.0,0.0237818326342865,89.12999725341797,89.4000015258789,88.91999816894531,89.23999786376953,89.23999786376953,0.0,2.1760001182556152,2.2249999046325684,2.1710000038146973,2.2039999961853027,2.2039999961853027,0.0,17.139999389648438,18.51000022888184,16.06999969482422,16.809999465942383,16.809999465942383,0.0,0.0237818326342865,0.012395881782068843,0.02406687554504172,103.23899993896485,104.18299980163576,101.18740020751953,95.17974998474122,103.18493795157013,103.1190167864342,0.06592116513593282,0.5291774724126477,55.0558078086503,34.061546885011566,16.062639791811115,-1.0629237139489167,-27.833302815755445,1.47518462624055,101.02001784112666,107.34598176214486,6.071973290328388,0.16252976160835467,0.01804023026363653,-0.016172143495946062,0.0047320991567162424,-0.0004742153965361362,0.004446742166711473,0.43388373911755823,-0.900968867902419,-0.5000000000000004,0.8660254037844384
2014-12-19,103.97000122070312,104.73999786376952,103.70999908447266,104.31999969482422,95.93412017822266,51419900.0,0.0043902327002199,89.23999786376953,89.6500015258789,89.18000030517578,89.5999984741211,89.5999984741211,0.0,2.2090001106262207,2.2090001106262207,2.1670000553131104,2.1760001182556152,2.1760001182556152,0.0,16.56999969482422,17.200000762939453,16.110000610351562,16.489999771118164,16.489999771118164,0.0,0.004390232700219906,0.009906691999651157,0.0043998838902890025,103.13300018310547,104.20549964904785,101.38500015258788,95.25799999237061,103.35956283514768,103.20797848335198,0.15158435179570517,0.45365884828925923,55.32606488035355,58.9839834010787,35.004100608515834,-1.0058811788015636,-24.914657549584607,1.4433856371731435,101.04549173288544,107.36550756521027,6.064954204538066,0.16309518639770515,0.0237818326342865,0.01804023026363653,-0.010946037534741014,9.459240066552989e-05,0.001927449197317012,-0.433883739117558,-0.9009688679024191,-0.5000000000000004,0.8660254037844384
2014-12-22,104.1500015258789,104.61000061035156,104.0999984741211,104.58000183105467,96.17322540283205,33869200.0,0.0024892889686785,89.62999725341797,89.79000091552734,89.37000274658203,89.7699966430664,89.7699966430664,0.0,2.184999942779541,2.187999963760376,2.1549999713897705,2.1619999408721924,2.1619999408721924,0.0,16.31999969482422,16.8799991607666,15.029999732971191,15.25,15.25,0.0,0.002489288968678566,0.0048968039247099275,0.0024923898209019413,103.12800064086915,104.20049972534181,101.61740020751952,95.33365001678467,103.54732268067184,103.30960984244106,0.23771283823077738,0.4104696462775629,56.37536741757748,75.59142604855066,56.21231877821364,-0.047783067643775594,-20.477761489007975,1.3767153871058095,101.04333781960518,107.35766163107844,6.059782657585086,0.16099609455799882,0.004390232700219906,0.0237818326342865,-0.010377966756440248,-0.007142855224301985,0.007767925468660253,0.0,1.0,-0.5000000000000004,0.8660254037844384
2014-12-23,104.95999908447266,104.97000122070312,104.08999633789062,104.20999908447266,95.83297729492188,30156900.0,-0.0035441403379914,89.7699966430664,90.16000366210938,89.62999725341797,90.05999755859375,90.05999755859375,0.0,2.171999931335449,2.260999917984009,2.171999931335449,2.256999969482422,2.256999969482422,0.0,14.470000267028809,15.210000038146973,14.31999969482422,14.800000190734863,14.800000190734863,0.0,-0.0035441403379914815,0.008384192935293997,-0.0035378672856712923,103.05300064086914,104.16899986267093,101.84220016479493,95.40205001831055,103.6492728966412,103.37630534185081,0.2729675547903838,0.3829692279801271,54.41656621305253,75.93859336199333,70.1713342705409,-0.7145579330620935,-26.79180087542743,1.341236065370573,101.02616412793405,107.3118355974078,6.034109454598145,0.16142163215167685,0.002489288968678566,0.004390232700219906,-0.016172143495946062,0.0031495563452577195,0.0015270537080421275,0.7818314824680298,0.6234898018587336,-0.5000000000000004,0.8660254037844384
2014-12-24,104.33999633789062,104.6999969482422,104.2699966430664,104.3000030517578,95.91573333740234,14291300.0,0.0008631718810082,90.04000091552734,90.08000183105467,89.80999755859375,89.97000122070312,89.97000122070312,0.0,2.2839999198913574,2.3010001182556152,2.260999917984009,2.263999938964844,2.263999938964844,0.0,14.520000457763672,14.539999961853027,14.010000228881836,14.369999885559082,14.369999885559082,0.0,0.0008631718810082309,0.004121145488478829,0.000863544521066073,103.15200119018556,104.10800018310549,102.08080017089844,95.4733500289917,103.7493852281976,103.44472739443651,0.3046578337610839,0.3673069491363185,54.827729459193876,76.16969494337036,75.89990478463811,0.9582862419511123,-24.221352805453535,1.2804333366847855,101.0288588646419,107.18714150156907,5.915282808329774,0.15960713053018707,-0.0035441403379914815,0.002489288968678566,0.01804023026363653,-0.015845588570064267,0.0064654495018436784,0.9749279121818236,-0.22252093395631434,-0.5000000000000004,0.8660254037844384
2014-12-25,104.33999633789062,104.6999969482422,104.2699966430664,104.3000030517578,95.91573333740234,14291300.0,0.0,90.04000091552734,90.08000183105467,89.80999755859375,89.97000122070312,89.97000122070312,0.0,2.2839999198913574,2.3010001182556152,2.260999917984009,2.263999938964844,2.263999938964844,0.0,14.520000457763672,14.539999961853027,14.010000228881836,14.369999885559082,14.369999885559082,0.0,0.0,0.004121145488478829,0.0,103.20200119018556,104.04700050354005,102.33100021362304,95.54340003967286,103.83409566259147,103.50808114683068,0.32601451576078944,0.3590484624612127,54.82772945919389,75.50301189939808,75.87043340158725,0.481695554238746,-22.47781062092483,1.2196881201484293,101.03810175898889,107.05589924809121,5.783729910500951,0.15960713053018707,0.0008631718810082309,-0.0035441403379914815,0.0237818326342865,0.0047320991567162424,0.0,0.43388373911755823,-0.900968867902419,-0.5000000000000004,0.8660254037844384
2014-12-26,104.5999984741211,105.26000213623048,104.56999969482422,105.04000091552734,96.59622955322266,13924300.0,0.0070696806566055,89.87000274658203,90.08000183105467,89.77999877929688,90.02999877929688,90.02999877929688,0.0,2.243000030517578,2.2660000324249268,2.236000061035156,2.25,2.25,0.0,14.600000381469728,14.84000015258789,14.130000114440918,14.5,14.5,0.0,0.007069680656605533,0.006596581754032975,0.007094729844024039,103.43900146484376,103.9985004425049,102.5718002319336,95.62360004425051,104.01961954765852,103.62155668525266,0.3980628624058653,0.3668513424501433,58.40526373524063,83.06032219585047,78.24434301287296,2.3083693277973327,-4.119869986070201,1.2011389033144475,101.09334641448685,106.90365447052297,5.586915226002055,0.16085491596098977,0.0,0.0008631718810082309,0.004390232700219906,-0.010946037534741014,0.004632746599761593,-0.433883739117558,-0.9009688679024191,-0.5000000000000004,0.8660254037844384
2014-12-29,104.94000244140624,105.25,104.87999725341795,105.0199966430664,96.57787322998048,17073800.0,-0.0001900495256139,89.9800033569336,90.2699966430664,89.79000091552734,90.19000244140624,90.19000244140624,0.0,2.2230000495910645,2.2290000915527344,2.194999933242798,2.2070000171661377,2.2070000171661377,0.0,16.040000915527344,16.139999389648438,15.0600004196167,15.0600004196167,15.0600004196167,0.0,-0.0001900495256139494,0.003525850371393295,-0.00019003146734686283,103.78000106811524,104.00900039672852,102.78440017700196,95.70760002136231,104.17352371618281,103.7251448302759,0.4483788859069193,0.3831568511414985,58.27091280351965,89.63594594713663,82.73309334746173,3.3559649761161885,-4.494481551595076,1.1417720349764189,101.09001205040074,106.9279887430563,5.612953369792395,0.1554156411244223,0.007069680656605533,0.0,0.002489288968678566,-0.010377966756440248,-0.01138425668746969,0.0,1.0,-0.5000000000000004,0.8660254037844384
2014-12-30,104.72000122070312,104.95999908447266,104.18000030517578,104.31999969482422,95.93412017822266,18604000.0,-0.0066879516426867,90.19000244140624,90.33000183105467,89.80999755859375,89.98999786376953,89.98999786376953,0.0,2.190000057220459,2.191999912261963,2.1670000553131104,2.190000057220459,2.190000057220459,0.0,15.899999618530272,16.200000762939453,15.479999542236328,15.920000076293944,15.920000076293944,0.0,-0.006687951642686794,0.0074484221753682465,-0.006665637068077324,104.2140007019043,103.96350021362306,102.93340011596679,95.78665000915527,104.19605848212765,103.76920815357578,0.426850328551879,0.3918955466235746,53.62260705018577,91.26087318879377,87.98571377726029,4.3408643650437,-17.6030288959534,1.1202166280417194,101.09674673754704,106.83025368969909,5.5149229685138605,0.1566539992346271,-0.0001900495256139494,0.007069680656605533,-0.0035441403379914815,-0.016172143495946062,0.003999319933177811,0.7818314824680298,0.6234898018587336,-0.5000000000000004,0.8660254037844384
2014-12-31,104.5,104.91000366210938,103.0999984741211,103.25,94.9501495361328,24367100.0,-0.0103096955977812,89.93000030517578,90.3000030517578,89.86000061035156,90.2699966430664,90.2699966430664,0.0,2.177000045776367,2.190000057220459,2.1689999103546143,2.1700000762939453,2.1700000762939453,0.0,15.90999984741211,19.90999984741211,15.859999656677246,19.200000762939453,19.200000762939453,0.0,-0.010309695597781282,0.017320623808500298,-0.010256732852314432,104.35900039672852,103.85500030517579,103.07100006103515,95.86604999542237,104.05051102333879,103.73074829034795,0.31976273299083857,0.37746898389702743,47.3984670541962,80.08734269147857,86.99472060913632,1.4243584526269466,-37.640461478015766,1.169487239466474,101.05691598877036,106.65308462158123,5.388444096448554,0.1604055758657181,-0.006687951642686794,-0.0001900495256139494,0.0008631718810082309,0.01804023026363653,0.0018039599735353233,0.9749279121818236,-0.22252093395631434,-0.5000000000000004,0.8660254037844384
2015-01-01,104.5,104.91000366210938,103.0999984741211,103.25,94.9501495361328,24367100.0,0.0,89.93000030517578,90.3000030517578,89.86000061035156,90.2699966430664,90.2699966430664,0.0,2.177000045776367,2.190000057220459,2.1689999103546143,2.1700000762939453,2.1700000762939453,0.0,15.90999984741211,19.90999984741211,15.859999656677246,19.200000762939453,19.200000762939453,0.0,0.0,0.017320623808500298,0.0,104.25900039672852,103.74900016784669,103.17960006713867,95.94790000915528,103.92735548128667,103.69513730587774,0.23221817540893142,0.34841882219940823,47.398467054196196,69.03868271600501,80.12896619875912,-0.9592326139088729,-37.640461478015766,1.2152385215037458,101.0331545541561,106.46484578153728,5.235415491805905,0.1604292978723317,-0.010309695597781282,-0.006687951642686794,0.0,0.0237818326342865,-0.0004742153965361362,0.43388373911755823,-0.900968867902419,0.0,1.0
2015-01-02,103.76000213623048,104.1999969482422,102.44000244140624,102.94000244140624,94.6650619506836,31314600.0,-0.0030070140262523,90.36000061035156,91.16000366210938,90.33000183105467,91.08000183105467,91.08000183105467,0.0,2.197000026702881,2.213000059127808,2.101999998092652,2.122999906539917,2.122999906539917,0.0,17.760000228881836,20.13999938964844,17.049999237060547,17.790000915527344,17.790000915527344,0.0,-0.003007014026252371,0.0169621672185897,-0.003002497487807676,104.12100067138671,103.62700042724609,103.26600006103514,96.02735000610352,103.77545501361276,103.63920138999096,0.13625362362179771,0.30598578248388614,45.61927120438821,60.42447405079079,69.85016648609145,-1.3228501317628463,-43.445654891596064,1.25414966331319,101.00194785707484,106.25205299741734,5.066348653050577,0.16056985215882322,0.0,-0.010309695597781282,0.007069680656605533,0.004390232700219906,9.459240066552989e-05,-0.433883739117558,-0.9009688679024191,0.0,1.0
2015-01-05,102.48999786376952,102.61000061035156,101.13999938964844,101.43000030517578,93.27643585205078,36521300.0,-0.0147774853853009,91.12999725341795,91.77999877929688,91.12999725341795,91.37999725341795,91.37999725341795,0.0,2.101999998092652,2.108999967575073,2.0369999408721924,2.0390000343322754,2.0390000343322754,0.0,19.190000534057617,21.290000915527344,19.190000534057617,19.920000076293945,19.920000076293945,0.0,-0.014777485385300973,0.014342874927727697,-0.014668834203649728,103.80600051879883,103.46700057983398,103.32080001831054,96.09615001678466,103.41461582769938,103.47555686518983,-0.06094103749045132,0.23260041848901866,38.11426606992551,49.06368539486338,59.50894738721972,-3.0120495990883698,-71.72282744579803,1.2931391910592336,100.71246030444938,106.22154085521858,5.324480771546531,0.1666256485623627,-0.003007014026252371,0.0,-0.0001900495256139494,0.002489288968678566,-0.007142855224301985,0.0,1.0,0.0,1.0
2015-01-06,101.58000183105467,101.75,99.62000274658205,100.06999969482422,92.02579498291016,66205500.0,-0.0134985947400809,91.37999725341795,91.80999755859376,91.12000274658205,91.5,91.5,0.0,1.968000054359436,1.996999979019165,1.8890000581741333,1.963000059127808,1.963000059127808,0.0,20.32999992370605,22.89999961853028,19.520000457763672,21.1200008392334,21.1200008392334,0.0,-0.013498594740080973,0.020968667208340012,-0.013407897264903101,103.39200057983399,103.22250061035155,103.31860000610351,96.15045001983641,102.90005949956473,103.22329337108867,-0.32323387152393934,0.12143356048642708,32.86933491161672,30.93672927370617,46.80829623978677,-3.972746786316112,-92.02132984148739,1.3529147669419994,100.17358178946247,106.27141943124062,5.907469404172357,0.1710605617446043,-0.014777485385300973,-0.003007014026252371,-0.006687951642686794,-0.0035441403379914815,0.0031495563452577195,0.7818314824680298,0.6234898018587336,0.0,1.0
2015-01-07,100.7300033569336,101.5999984741211,100.48999786376952,101.36000061035156,93.21206665039062,37577400.0,0.0128082658098501,91.75,92.2699966430664,91.6500015258789,91.88999938964844,91.88999938964844,0.0,1.975000023841858,2.007999897003174,1.937999963760376,1.9539999961853027,1.9539999961853027,0.0,20.14999961853028,20.71999931335449,19.040000915527344,19.309999465942383,19.309999465942383,0.0,0.012808265809850176,0.011019562924249337,0.012890642973535593,103.09800033569337,103.12500076293945,103.34960006713867,96.21005001068113,102.66312736276271,103.08527168510814,-0.42214432234543153,0.012717983920055353,41.142799808499674,22.368957334907556,34.12312400115903,-2.818794204586255,-69.14897070799191,1.3655636249673477,99.96516467402247,106.28483685185643,6.128166914986422,0.1709816715654366,-0.013498594740080973,-0.014777485385300973,-0.010309695597781282,0.0008631718810082309,-0.015845588570064267,0.9749279121818236,-0.22252093395631434,0.0,1.0
2015-01-08,102.22000122070312,103.5,102.11000061035156,103.3000030517578,94.99612426757812,40212600.0,0.0189589097762074,91.94000244140624,92.52999877929688,91.94000244140624,92.37000274658205,92.37000274658205,0.0,2.003999948501587,2.0299999713897705,1.9880000352859497,2.0160000324249268,2.0160000324249268,0.0,17.93000030517578,18.09000015258789,16.989999771118164,17.010000228881836,17.010000228881836,0.0,0.018958909776207417,0.013598115564949866,0.0191397710757657,102.99800033569338,103.10000076293946,103.4152001953125,96.28290000915526,102.76110823799273,103.10117771226737,-0.3400694742746424,-0.0578395077188842,50.93603269427606,34.69264629095017,29.332777633187966,-0.9587727428001707,-34.75176057767019,1.4208804653017113,99.95477289141604,106.24522863446288,6.101314933557221,0.18401142778770085,0.012808265809850176,-0.013498594740080973,0.0,0.0,0.0047320991567162424,0.43388373911755823,-0.900968867902419,0.0,1.0
2015-01-09,103.62000274658205,103.6500015258789,102.0199966430664,102.62000274658205,94.37079620361328,41410100.0,-0.0066044305457015,92.30999755859376,92.5,91.9000015258789,91.94000244140624,91.94000244140624,0.0,1.996999979019165,2.0209999084472656,1.9429999589920044,1.9709999561309808,1.9709999561309808,0.0,16.440000534057617,18.420000076293945,16.440000534057617,17.549999237060547,17.549999237060547,0.0,-0.0066044305457015375,0.01573060065245237,-0.0065826692276778065,102.75600051879884,103.0975009918213,103.43960021972656,96.36415000915527,102.73939970085263,103.0655351222166,-0.326135421363972,-0.11149869044790177,47.925882821522315,49.763587944112174,35.608397189989965,-2.3038824712991475,-46.80850488200139,1.435817923695339,99.95075503295358,106.24424695068903,6.10440782481693,0.1812276967160071,0.018958909776207417,0.012808265809850176,-0.003007014026252371,0.007069680656605533,-0.010946037534741014,-0.433883739117558,-0.9009688679024191,0.0,1.0
2015-01-12,102.81999969482422,102.93000030517578,101.29000091552734,101.5500030517578,93.38680267333984,34129800.0,-0.0104816267887148,91.87999725341795,92.33999633789062,91.7300033569336,91.9800033569336,91.9800033569336,0.0,1.96399998664856,1.965999960899353,1.9019999504089355,1.9119999408721924,1.9119999408721924,0.0,18.020000457763672,20.440000534057617,18.020000457763672,19.600000381469727,19.600000381469727,0.0,-0.010481626788714827,0.015950198351644154,-0.010426885963220944,102.40900115966797,103.09450111389161,103.43660034179688,96.44415000915525,102.55641560099188,102.95327348736781,-0.3968578863759262,-0.16857052963350666,43.56330621571955,50.88653393683079,45.11425605729771,-3.3041265494438603,-65.78013272983604,1.4504023141205604,99.9416757938062,106.24732643397702,6.116379217165794,0.18130800951069329,-0.0066044305457015375,0.018958909776207417,-0.014777485385300973,-0.0001900495256139494,-0.010377966756440248,0.0,1.0,0.0,1.0
2015-01-13,102.54000091552734,103.62000274658205,100.6999969482422,101.5199966430664,93.35919952392578,56162300.0,-0.0002956223885953,92.02999877929688,92.43000030517578,91.80999755859376,92.30999755859376,92.30999755859376,0.0,1.8760000467300413,1.945000052452088,1.8760000467300413,1.8899999856948853,1.8899999856948853,0.0,18.209999084472656,21.57999992370605,17.649999618530273,20.559999465942383,20.559999465942383,0.0,-0.00029562238859534156,0.028476748315473005,-0.00029557869660257197,102.12900085449218,103.17150077819825,103.43980026245117,96.52005001068113,102.39696653054182,102.84710483223436,-0.4501383016925473,-0.2248840840453148,43.44387535746102,40.36640035928475,47.005507413409234,-2.6840520129878156,-66.31216131030833,1.555373991564795,100.27406635208948,106.06893520430702,5.61673408694089,0.17079781955078863,-0.010481626788714827,-0.0066044305457015375,-0.013498594740080973,-0.006687951642686794,-0.016172143495946062,0.7818314824680298,0.6234898018587336,0.0,1.0
2015-01-14,100.5,101.4800033569336,100.06999969482422,100.95999908447266,92.8442153930664,51354200.0,-0.0055314285632868,92.2300033569336,92.41999816894533,91.61000061035156,92.16000366210938,92.16000366210938,0.0,1.866000056266785,1.866000056266785,1.784000039100647,1.837000012397766,1.837000012397766,0.0,22.8700008392334,23.34000015258789,21.31999969482422,21.479999542236328,21.479999542236328,0.0,-0.005531428563286827,0.01402988718516791,-0.005516158380593161,101.90000076293946,103.12950057983396,103.43160018920898,96.58575000762939,102.17589461576195,102.70731922128905,-0.531424605527107,-0.28619218834167326,41.17512137222147,30.55550294940126,40.60281241517226,-2.217918562254086,-76.24119711165184,1.5478470598988945,100.12594818837732,106.1330529712906,5.824817098055363,0.15964619276472655,-0.00029562238859534156,-0.010481626788714827,0.012808265809850176,-0.010309695597781282,0.01804023026363653,0.9749279121818236,-0.22252093395631434,0.0,1.0
2015-01-15,101.43000030517578,101.58999633789062,99.52999877929688,99.6500015258789,91.6395263671875,51005400.0,-0.0130602961336336,92.16000366210938,92.75,91.51000213623048,92.3499984741211,92.3499984741211,0.0,1.812999963760376,1.851999998092652,1.75600004196167,1.774999976158142,1.774999976158142,0.0,21.229999542236328,23.309999465942383,20.86000061035156,22.38999938964844,22.38999938964844,0.0,-0.013060296133633636,0.020309548973634697,-0.012975380542328052,101.54000091552734,102.89950065612793,103.39080017089843,96.65850002288819,101.78729567885686,102.48085124385128,-0.6935555649944121,-0.36766486367222107,36.38788671221346,19.84819708179587,30.256700130160624,-3.4866813308678872,-97.90205033265221,1.5844292383770984,99.57037247827104,106.22862883398481,6.470640103458324,0.1382918094522238,-0.005531428563286827,-0.00029562238859534156,0.018958909776207417,0.0,0.0237818326342865,0.43388373911755823,-0.900968867902419,0.0,1.0
2015-01-16,99.5199966430664,100.9499969482422,99.36000061035156,100.81999969482422,92.71549987792967,35362200.0,0.0116729741538252,92.0999984741211,93.26000213623048,92.08000183105467,92.5199966430664,92.5199966430664,0.0,1.715000033378601,1.830999970436096,1.7000000476837158,1.815000057220459,1.815000057220459,0.0,22.799999237060547,23.43000030517578,20.950000762939453,20.950000762939453,20.950000762939453,0.0,0.011672974153825288,0.015976651844083586,0.011741369182015404,101.32800064086915,102.72450065612792,103.3752001953125,96.74205001831054,101.63848091208261,102.35782520318261,-0.7193442911000005,-0.438000749157777,42.7859946118413,17.30939062743998,22.571030219545705,-2.059454727319177,-73.928580673376,1.5848268883423515,99.34223404626317,106.10676726599266,6.58512154016098,0.14505518889936736,-0.013060296133633636,-0.005531428563286827,-0.0066044305457015375,-0.003007014026252371,0.004390232700219906,-0.433883739117558,-0.9009688679024191,0.0,1.0
2015-01-19,99.5199966430664,100.9499969482422,99.36000061035156,100.81999969482422,92.71549987792967,35362200.0,0.0,92.0999984741211,93.26000213623048,92.08000183105467,92.5199966430664,92.5199966430664,0.0,1.715000033378601,1.830999970436096,1.7000000476837158,1.815000057220459,1.815000057220459,0.0,22.799999237060547,23.43000030517578,20.950000762939453,20.950000762939453,20.950000762939453,0.0,0.0,0.015976651844083586,0.0,101.26700057983399,102.53650054931639,103.35240020751954,96.82230003356932,101.51256072481209,102.24391220256348,-0.7313514777513888,-0.49667089487649935,42.7859946118413,18.15854811311879,18.43871194078488,-0.6014005802191005,-73.69372465461544,1.5851961347386578,99.17053892886388,105.9024621697689,6.565392035850887,0.1443677339439513,0.011672974153825288,-0.013060296133633636,-0.010481626788714827,-0.014777485385300973,0.002489288968678566,0.0,1.0,0.0,1.0
2015-01-20,101.43000030517578,101.87999725341795,100.29000091552734,101.62000274658205,93.451171875,30964100.0,0.007903410632538,92.66000366210938,93.0999984741211,92.5500030517578,93.0500030517578,93.0500030517578,0.0,1.8270000219345093,1.8270000219345093,1.7610000371932983,1.807000041007996,1.807000041007996,0.0,20.06999969482422,21.3700008392334,19.57999992370605,19.88999938964844,19.88999938964844,0.0,0.007903410632538079,0.015675799399652336,0.007934725024822509,101.42200088500977,102.40700073242186,103.33920028686524,96.90515003204345,101.52909026662286,102.1976966873056,-0.6686064206827353,-0.5310580000377466,47.01231584274924,31.032810497469615,22.166916412676127,1.548918813315431,-59.27926317959972,1.5855390063923687,99.11362522622322,105.7003762386205,6.431934306530211,0.14823272975994398,0.0,0.011672974153825288,-0.00029562238859534156,-0.013498594740080973,-0.0035441403379914815,0.7818314824680298,0.6234898018587336,0.0,1.0
2015-01-21,101.31999969482422,102.62000274658205,100.95999908447266,102.13999938964844,93.92936706542967,40128800.0,0.0051040116679412,93.06999969482422,93.08999633789062,92.1500015258789,92.9000015258789,92.9000015258789,0.0,1.7979999780654907,1.8630000352859497,1.7730000019073486,1.8530000448226929,1.8530000448226929,0.0,20.920000076293945,21.280000686645508,18.63999938964844,18.850000381469727,18.850000381469727,0.0,0.005104011667941285,0.016383770895275554,0.00511705932451334,101.50000076293948,102.2990005493164,103.33280029296876,96.98495002746583,101.62307628554987,102.19342281340506,-0.5703465278551931,-0.5389157056012359,49.617471571084444,41.48834897771701,30.226569196101803,0.7695331241120931,-42.561965232633824,1.5908579103721558,99.12759602191672,105.47040507671609,6.200264929999611,0.1497938992320831,0.007903410632538079,0.0,-0.005531428563286827,0.012808265809850176,0.0008631718810082309,0.9749279121818236,-0.22252093395631434,0.0,1.0
2015-01-22,102.54000091552734,104.13999938964844,101.63999938964844,104.02999877929688,95.66744995117188,40887200.0,0.0183350290816071,92.88999938964844,94.5,92.4800033569336,94.23999786376952,94.23999786376952,14290000.0,1.9390000104904173,1.9529999494552608,1.812000036239624,1.8960000276565552,1.8960000276565552,0.0,17.979999542236328,19.229999542236328,16.06999969482422,16.399999618530273,16.399999618530273,0.0,0.018335029081607168,0.024380729253742694,0.018504147744671684,101.57300033569338,102.28550033569336,103.35540023803712,97.07410003662109,101.99337205381863,102.3294654775452,-0.3360934237265667,-0.4983512492263021,57.748518995267865,65.28583433369607,45.9356646029609,0.7066754172052803,-2.30126858667824,1.655796631059859,99.14784179014954,105.42315888123717,6.13509937429304,0.16487236856854912,0.005104011667941285,0.007903410632538079,-0.013060296133633636,0.018958909776207417,0.0,0.43388373911755823,-0.900968867902419,0.0,1.0
2015-01-23,104.0199966430664,104.58000183105467,103.72000122070312,104.26000213623048,95.87894439697266,34783000.0,0.002208285177771,94.20999908447266,95.4800033569336,94.11000061035156,95.0,95.0,0.0,1.820000052452088,1.847000002861023,1.8009999990463257,1.8170000314712524,1.8170000314712524,0.0,16.790000915527344,17.09000015258789,15.8100004196167,16.65999984741211,16.65999984741211,0.0,0.0022082851777710123,0.008267646972750339,0.0022107252352678852,101.73700027465821,102.2465003967285,103.37620025634766,97.16440006256103,102.3420843741897,102.47246819300337,-0.13038381881366945,-0.42475776314377556,58.62365559610704,83.00216842043426,63.258783910615776,1.5981283821423995,-6.130260919385144,1.5989540581521227,99.23619373404104,105.25680705941598,5.8883319253121105,0.1629487458232301,0.018335029081607168,0.005104011667941285,0.011672974153825288,-0.0066044305457015375,0.007069680656605533,-0.433883739117558,-0.9009688679024191,0.0,1.0
2015-01-26,104.13999938964844,104.33000183105467,103.61000061035156,104.13999938964844,95.76860809326172,19960900.0,-0.001151450299969,95.1999969482422,95.33000183105467,94.58999633789062,94.8000030517578,94.8000030517578,0.0,1.8040000200271609,1.8420000076293943,1.7960000038146973,1.8279999494552608,1.8279999494552608,0.0,16.959999084472656,17.43000030517578,15.520000457763672,15.520000457763672,15.520000457763672,0.0,-0.0011514502999690102,0.00691378168737227,-0.0011507876354385216,101.99599990844729,102.20250053405762,103.40080017089845,97.25090007781984,102.61868668426027,102.59598902238449,0.022697661875781705,-0.3352666781398641,57.949246530430834,94.37976897364186,80.88925724259073,2.550464067017876,-8.429163573010989,1.5361717126200505,99.34082705547225,105.064174012643,5.600006777978508,0.1629701895730342,0.0022082851777710123,0.018335029081607168,0.0,-0.010481626788714827,-0.0001900495256139494,0.0,1.0,0.0,1.0
2015-01-27,102.5,102.55999755859376,101.0999984741211,101.44000244140624,93.2856674194336,45253200.0,-0.0262684717527605,94.93000030517578,95.01000213623048,93.6999969482422,94.0199966430664,94.0199966430664,9000000.0,1.7940000295639038,1.830000042915344,1.75,1.825000047683716,1.825000047683716,0.0,17.600000381469727,18.40999984741211,16.670000076293945,17.219999313354492,17.219999313354492,0.0,-0.02626847175276058,0.014243893507050444,-0.02592645673006111,101.98800048828126,102.05850067138672,103.35600021362306,97.32045009613039,102.43735064689811,102.51036038675647,-0.07300973985836379,-0.282815290483564,45.317276755356154,75.09578152069506,84.15923963825705,-0.078796497542668,-60.1532309455187,1.6435880842562858,99.36029607721093,104.75670526556252,5.287564634843327,0.18613239411833543,-0.0011514502999690102,0.0022082851777710123,0.007903410632538079,-0.00029562238859534156,-0.006687951642686794,0.7818314824680298,0.6234898018587336,0.0,1.0
2015-01-28,103.06999969482422,103.18000030517578,100.9000015258789,100.91999816894533,92.80744171142578,43591700.0,-0.0051396503930245,94.20999908447266,94.69000244140624,93.97000122070312,94.47000122070312,94.47000122070312,0.0,1.8229999542236328,1.8279999494552608,1.7209999561309814,1.7239999771118164,1.7239999771118164,0.0,16.969999313354492,20.440000534057617,16.920000076293945,20.440000534057617,20.440000534057617,0.0,-0.005139650393024535,0.02212087693846542,-0.005126464989070656,101.98400039672853,101.94200057983399,103.31020019531252,97.39125007629396,102.20391180413614,102.39255577802972,-0.18864397389357634,-0.2639810271655665,43.35702832632829,53.767536397952384,74.41436229742976,-0.039620558528195904,-70.11499628761312,1.6890459910448994,99.25924727993785,104.62475387973012,5.26329341122786,0.18373929831172187,-0.02626847175276058,-0.0011514502999690102,0.005104011667941285,-0.005531428563286827,-0.010309695597781282,0.9749279121818236,-0.22252093395631434,0.0,1.0
2015-01-29,100.83999633789062,102.08000183105467,99.95999908447266,101.88999938964844,93.69947052001952,46539700.0,0.0095657109952707,94.62000274658205,95.01000213623048,94.33000183105467,94.77999877929688,94.77999877929688,0.0,1.746000051498413,1.784999966621399,1.7380000352859497,1.7510000467300415,1.7510000467300415,0.0,20.459999084472656,21.559999465942383,18.65999984741211,18.76000022888184,18.76000022888184,0.0,0.009565710995270777,0.021023431411861585,0.009611608639826574,102.20800018310547,101.87400054931642,103.27460021972657,97.46275009155275,102.15561758652265,102.35532937889036,-0.19971179236770809,-0.25112718020599484,47.88554108613809,39.39972366592819,56.087680528191875,2.2478653582236103,-51.532601769083584,1.719828616440408,99.26285453831666,104.48514656031618,5.1262265090605235,0.18762369782414756,-0.005139650393024535,-0.02626847175276058,0.018335029081607168,-0.013060296133633636,0.0,0.43388373911755823,-0.900968867902419,0.0,1.0
2015-01-30,101.8000030517578,102.58000183105467,100.95999908447266,101.0999984741211,92.97296905517578,42927600.0,-0.007783742844071,94.66000366210938,94.91999816894533,94.43000030517578,94.8000030517578,94.8000030517578,0.0,1.7020000219345093,1.7070000171661377,1.6510000228881836,1.6749999523162842,1.6749999523162842,0.0,20.229999542236328,22.18000030517578,19.239999771118164,20.96999931335449,20.96999931335449,0.0,-0.007783742844071021,0.01591358249526147,-0.007753527963517248,102.23600006103516,101.78200035095216,103.21920013427734,97.53730007171633,101.99321464615318,102.262341904463,-0.26912725830982254,-0.2547271958267604,44.74777200135093,37.22856218588454,43.46527408325504,0.27772146413847815,-66.66671538564964,1.7126981971648085,99.19949503819069,104.36450566371363,5.074581564238849,0.18917494277511201,0.009565710995270777,-0.005139650393024535,0.0022082851777710123,0.011672974153825288,-0.003007014026252371,-0.433883739117558,-0.9009688679024191,0.0,1.0
2015-02-02,101.33000183105467,102.06999969482422,99.75,101.9800033569336,93.78226470947266,43624700.0,0.0086669669590388,94.83999633789062,94.87999725341795,94.37000274658205,94.5,94.5,0.0,1.6740000247955322,1.712000012397766,1.6540000438690186,1.6729999780654907,1.6729999780654907,0.0,20.88999938964844,22.809999465942383,19.350000381469727,19.43000030517578,19.43000030517578,0.0,0.008666966959038801,0.022895486557794643,0.00870463385778919,102.3520004272461,101.80950050354005,103.16520019531252,97.61485008239747,101.9911821401194,102.24142793797934,-0.2502457978599324,-0.2538309162333948,48.77443693036661,43.997431535213224,40.208572462341984,1.1505689998220918,-49.8083882396271,1.7560768755690521,99.23106723710623,104.38793376997387,5.065211505176109,0.18461700953360816,-0.007783742844071021,0.009565710995270777,-0.0011514502999690102,0.0,-0.014777485385300973,0.0,1.0,0.49999999999999994,0.8660254037844387
2015-02-03,102.3499984741211,103.02999877929688,101.68000030517578,102.95999908447266,94.68345642089844,30750400.0,0.0095635277829076,94.56999969482422,94.6999969482422,93.25,93.5999984741211,93.5999984741211,0.0,1.7170000076293943,1.784999966621399,1.7170000076293943,1.7799999713897705,1.7799999713897705,0.0,18.40999984741211,18.88999938964844,17.200000762939453,17.329999923706055,17.329999923706055,0.0,0.0095635277829076,0.013190019484586871,0.009609404445686698,102.48600006103518,101.95400047302248,103.12760025024416,97.69385005950929,102.14023090078913,102.29465543031218,-0.1544245295230411,-0.23394963889132409,52.89177232785829,50.83012275234985,44.018705491149205,1.3186344240043637,-31.0345281176737,1.7270712754656266,99.46361094029146,104.44439000575349,4.885319891670135,0.17989347285349436,0.008666966959038801,-0.007783742844071021,-0.02626847175276058,0.007903410632538079,-0.013498594740080973,0.7818314824680298,0.6234898018587336,0.49999999999999994,0.8660254037844387
2015-02-04,102.54000091552734,103.5500030517578,102.30999755859376,102.87000274658205,94.6006851196289,34073200.0,-0.0008745720150848,93.73999786376952,94.52999877929688,93.61000061035156,93.98999786376952,93.98999786376952,0.0,1.82099997997284,1.8459999561309808,1.7829999923706057,1.7970000505447388,1.7970000505447388,0.0,17.81999969482422,18.3799991607666,16.81999969482422,18.32999992370605,18.32999992370605,0.0,-0.000874572015084817,0.0120928952807944,-0.000874189688445548,102.55900039672855,102.029500579834,103.07460037231445,97.77125007629394,102.25250349244958,102.33727375003586,-0.08477025758628542,-0.2041137626303164,52.474649088236966,62.13282938417282,52.32012789057863,0.7147085973133376,-32.75859549018072,1.6922808624440844,99.52342757198245,104.53557358768553,4.912447857942103,0.17489562643339807,0.0095635277829076,0.008666966959038801,-0.005139650393024535,0.005104011667941285,0.012808265809850176,0.9749279121818236,-0.22252093395631434,0.49999999999999994,0.8660254037844387
2015-02-05,103.12999725341795,103.83000183105467,102.87000274658205,103.76000213623048,95.41918182373048,23605500.0,0.0086149072666318,93.5999984741211,94.76000213623048,93.5199966430664,94.6999969482422,94.6999969482422,0.0,1.7999999523162842,1.8289999961853027,1.787999987602234,1.815000057220459,1.815000057220459,0.0,17.290000915527344,17.43000030517578,16.670000076293945,16.850000381469727,16.850000381469727,0.0,0.008614907266631874,0.00930863095161007,0.008652122371698878,102.53200073242188,102.05250053405764,103.03940048217773,97.85180007934571,102.48442636072356,102.44266103790213,0.041765322821433415,-0.15493794553996643,56.157007138260276,73.49935788380365,62.15410334010877,-0.259537293314017,-15.708802740734606,1.639975021160409,99.48953398517105,104.61546708294424,5.022839294430149,0.16412627318596348,-0.000874572015084817,0.0095635277829076,0.009565710995270777,0.018335029081607168,0.018958909776207417,0.43388373911755823,-0.900968867902419,0.49999999999999994,0.8660254037844387
2015-02-06,103.91999816894533,104.16999816894533,102.76000213623048,103.12999725341795,94.83978271484376,34169300.0,-0.0060906554538508,93.5999984741211,94.76000213623048,93.5199966430664,94.6999969482422,94.6999969482422,0.0,1.8179999589920044,1.9529999494552608,1.8049999475479128,1.937999963760376,1.937999963760376,0.0,16.290000915527344,18.739999771118164,16.059999465942383,17.290000915527344,17.290000915527344,0.0,-0.006090655453850819,0.013568091392982687,-0.0060721450112311,102.41900024414063,102.07800025939943,102.98180038452148,97.93000007629395,102.58374495959963,102.49357483164404,0.09017012795558799,-0.10591633084085555,53.02501698207828,73.83727148038025,69.82315291611891,-1.0838335504118028,-30.020787327943875,1.6235479505571544,99.48133340927498,104.67466710952388,5.087613087101687,0.16385274693950966,0.008614907266631874,-0.000874572015084817,-0.007783742844071021,0.0022082851777710123,-0.0066044305457015375,-0.433883739117558,-0.9009688679024191,0.49999999999999994,0.8660254037844387
2015-02-09,102.7300033569336,103.29000091552734,102.5500030517578,102.8000030517578,94.53632354736328,22604700.0,-0.0032048333150849,94.68000030517578,94.87999725341795,94.36000061035156,94.4499969482422,94.4499969482422,0.0,1.9220000505447388,1.950000047683716,1.902999997138977,1.9479999542236328,1.9479999542236328,0.0,19.15999984741211,19.280000686645508,18.209999084472656,18.549999237060547,18.549999237060547,0.0,-0.0032048333150849623,0.0072033275536693584,-0.003199703318520819,102.28500061035156,102.14050025939943,102.94160049438476,98.00425010681153,102.61701543531628,102.51627321831914,0.10074221699713348,-0.06458462127325774,51.407712498756304,72.47248236841858,73.26970391086749,-1.2867258937432215,-36.85296282606577,1.5604372300723253,99.53717825408478,104.74382226471408,5.097531339093051,0.15951124676840409,-0.006090655453850819,0.008614907266631874,0.008666966959038801,-0.0011514502999690102,-0.010481626788714827,0.0,1.0,0.49999999999999994,0.8660254037844387
2015-02-10,103.37000274658205,104.54000091552734,103.20999908447266,104.4000015258789,96.0077133178711,23686500.0,0.0154443984926624,94.5199966430664,94.87999725341795,94.4000015258789,94.76000213623048,94.76000213623048,0.0,2.013999938964844,2.0160000324249268,1.968999981880188,1.991000056266785,1.991000056266785,0.0,17.719999313354492,18.36000061035156,16.969999313354492,17.229999542236328,17.229999542236328,0.0,0.015444398492662425,0.012866419616097614,0.01556427958371609,102.58100051879882,102.28450050354004,102.92500045776366,98.09220012664795,102.89132098771053,102.65580864850875,0.23551233920177594,-0.004565229178251008,58.083386300853384,76.4665122886385,74.25875537914578,2.917980099795862,-3.726712980074842,1.5732629896221269,99.51254676427283,105.05645424280726,5.420085595805948,0.1678887554968749,-0.0032048333150849623,-0.006090655453850819,0.0095635277829076,-0.02626847175276058,-0.00029562238859534156,0.7818314824680298,0.6234898018587336,0.49999999999999994,0.8660254037844387
2015-02-11,104.5199966430664,105.0199966430664,104.31999969482422,104.77999877929688,96.3571548461914,20303600.0,0.0036331157141873,94.70999908447266,95.12000274658205,94.63999938964844,94.98999786376952,94.98999786376952,0.0,1.9830000400543213,2.025000095367432,1.9700000286102293,1.9880000352859497,1.9880000352859497,0.0,17.43000030517578,17.809999465942383,16.81999969482422,16.959999084472656,16.959999084472656,0.0,0.0036331157141873275,0.006697253833949712,0.0036397234789182775,102.967000579834,102.47550048828124,102.9122004699707,98.18330013275147,103.18188680180074,102.81315606560416,0.36873073619658214,0.07009396389671561,59.50624377557567,84.95542737742372,77.96480734482694,3.8248124062484687,-4.5540420615882145,1.510886843809274,99.56485601156263,105.38614496499986,5.680664086244629,0.1660125513923292,0.015444398492662425,-0.0032048333150849623,-0.000874572015084817,-0.005139650393024535,-0.005531428563286827,0.9749279121818236,-0.22252093395631434,0.49999999999999994,0.8660254037844387
2015-02-12,105.45999908447266,106.04000091552734,105.3000030517578,106.0,97.47908020019533,22520300.0,0.0115761419172646,94.88999938964844,94.97000122070312,93.9800033569336,94.08999633789062,94.08999633789062,0.0,2.032999992370605,2.039999961853028,1.9589999914169312,1.9859999418258667,1.9859999418258667,0.0,16.389999389648438,16.469999313354492,15.279999732971191,15.34000015258789,15.34000015258789,0.0,0.011576141917264695,0.00701685824192747,0.011643404745550923,103.37800064086915,102.7930004119873,102.92480041503907,98.2809001159668,103.61544267844678,103.04921857926311,0.5662240991836711,0.1693199909541067,63.75960811645496,97.027766815974,86.14990216067874,4.033762523281672,-0.6359445104149097,1.4929665075536451,99.79602572961164,105.78997509436294,5.83108707862205,0.15955930345349967,0.0036331157141873275,0.015444398492662425,0.008614907266631874,0.009565710995270777,-0.013060296133633636,0.43388373911755823,-0.900968867902419,0.49999999999999994,0.8660254037844387
2015-02-13,106.3000030517578,106.93000030517578,106.0999984741211,106.91000366210938,98.31594848632812,29030200.0,0.0085484640545388,94.1999969482422,94.30999755859376,93.9000015258789,94.1999969482422,94.1999969482422,0.0,2.006999969482422,2.026000022888184,1.995000004768372,2.0209999084472656,2.0209999084472656,0.0,15.109999656677246,15.640000343322754,14.6899995803833,14.6899995803833,14.6899995803833,0.0,0.008548464054538879,0.007808107311629681,0.008585106511203255,103.95900115966799,103.09750061035156,102.9554005432129,98.38145011901854,104.12229821439487,103.33520265947395,0.7870955549209242,0.2928751037474702,66.57945548339838,98.17716955391688,93.38678791577152,5.746790579304991,-0.27850476624620146,1.4527546359552264,99.72996524929573,106.46503597140739,6.532719689846118,0.15770448503115025,0.011576141917264695,0.0036331157141873275,-0.006090655453850819,-0.007783742844071021,0.011672974153825288,-0.433883739117558,-0.9009688679024191,0.49999999999999994,0.8660254037844387
2015-02-16,106.3000030517578,106.93000030517578,106.0999984741211,106.91000366210938,98.31594848632812,29030200.0,0.0,94.1999969482422,94.30999755859376,93.9000015258789,94.1999969482422,94.1999969482422,0.0,2.006999969482422,2.026000022888184,1.995000004768372,2.0209999084472656,2.0209999084472656,0.0,15.109999656677246,15.640000343322754,14.6899995803833,14.6899995803833,14.6899995803833,0.0,0.0,0.007808107311629681,0.0,104.45200119018557,103.40200080871583,103.00100067138672,98.47485012054443,104.55117597558171,103.60000273374324,0.9511732418384753,0.42453473136567127,66.57945548339838,99.60234865236423,98.26909500741836,4.834281371731874,-0.27850476624620146,1.408272292748045,99.80784882993652,106.99615278749513,6.951803544746022,0.15770448503115025,0.008548464054538879,0.011576141917264695,-0.0032048333150849623,0.008666966959038801,0.0,0.0,1.0,0.49999999999999994,0.8660254037844387
2015-02-17,106.91000366210938,107.08000183105467,106.63999938964844,107.01000213623048,98.40789031982422,17675300.0,0.0009347300332114,94.4000015258789,94.51000213623048,93.8000030517578,94.05999755859376,94.05999755859376,0.0,2.0280001163482666,2.1519999504089355,2.0160000324249268,2.1449999809265137,2.1449999809265137,0.0,15.850000381469728,16.329999923706055,15.529999732971191,15.800000190734863,15.800000190734863,0.0,0.0009347300332114267,0.004115633956920158,0.0009351670294761583,104.85700149536135,103.67150077819825,103.04200073242188,98.56845012664795,104.92945692337383,103.85259528207563,1.0768616412982084,0.5550001133521787,66.90761154411744,99.496005111097,99.09184110579271,3.9335694325667547,-0.9549751342165513,1.3391101605093445,99.83951044923411,107.50349110716239,7.392562662254799,0.1567281335982865,0.0,0.008548464054538879,0.015444398492662425,0.0095635277829076,0.007903410632538079,0.7818314824680298,0.6234898018587336,0.49999999999999994,0.8660254037844387
2015-02-18,106.87999725341795,107.22000122070312,106.73999786376952,107.16000366210938,98.54582977294922,15149600.0,0.0014007298325072,94.1500015258789,94.52999877929688,93.98999786376952,94.1999969482422,94.1999969482422,0.0,2.132999897003174,2.135999917984009,2.0429999828338623,2.065999984741211,2.065999984741211,0.0,16.739999771118164,16.739999771118164,15.4399995803833,15.449999809265137,15.449999809265137,0.0,0.0014007298325072403,0.004491049487917701,0.001401711312748466,105.28600158691408,103.92250099182131,103.11900085449219,98.66510013580323,105.27261796010237,104.09758849541146,1.1750294646909083,0.6790059836199246,67.42432212761972,99.3211133540657,99.47315570584232,4.1703128229671105,-0.8031800373401121,1.2777453888253634,99.86206685223253,107.98293513141009,7.814350310734601,0.1564895060331072,0.0009347300332114267,0.0,0.0036331157141873275,-0.000874572015084817,0.005104011667941285,0.9749279121818236,-0.22252093395631434,0.49999999999999994,0.8660254037844387
2015-02-19,107.08999633789062,107.76000213623048,107.05999755859376,107.69000244140624,99.03324127197266,19828100.0,0.0049338473472319,94.08999633789062,94.4499969482422,93.83999633789062,94.4000015258789,94.4000015258789,0.0,2.0920000076293945,2.121999979019165,2.059000015258789,2.11299991607666,2.11299991607666,0.0,16.110000610351562,16.219999313354492,15.100000381469728,15.289999961853027,15.289999961853027,0.0,0.004933847347231939,0.00653660100452392,0.0049460388140871725,105.67900161743165,104.10550117492677,103.19680084228516,98.767850151062,105.64452326491835,104.36369323215182,1.2808300327665307,0.7993707934492458,69.2512070492791,99.12264708532109,99.31325518349459,3.787586954765002,-0.8739035724800615,1.2364781880261746,99.70869430205842,108.50230804779513,8.446829078667939,0.14521292371479483,0.0014007298325072403,0.0009347300332114267,0.011576141917264695,0.008614907266631874,0.018335029081607168,0.43388373911755823,-0.900968867902419,0.49999999999999994,0.8660254037844387
2015-02-20,107.62000274658205,108.47000122070312,107.27999877929688,108.41000366210938,99.69537353515624,28336700.0,0.0066637078307998,94.41999816894533,94.79000091552734,94.0500030517578,94.25,94.25,0.0,2.078000068664551,2.1419999599456787,2.0450000762939453,2.132999897003174,2.132999897003174,0.0,15.729999542236328,16.290000915527344,14.270000457763672,14.300000190734863,14.300000190734863,0.0,0.006663707830799854,0.011057446673815885,0.006685959731088431,106.20700225830079,104.31300125122071,103.31160095214844,98.87135017395019,106.06998178756312,104.66341993066719,1.4065618568959337,0.9208090061385834,71.58274704326172,99.14643334506239,99.19673126148307,5.11975812014911,-0.8836163549926446,1.2331584918390373,99.51233635869494,109.11366614374649,9.20434621752309,0.14626541978713842,0.004933847347231939,0.0014007298325072403,0.008548464054538879,-0.006090655453850819,0.0022082851777710123,-0.433883739117558,-0.9009688679024191,0.49999999999999994,0.8660254037844387
2015-02-23,108.3499984741211,108.5500030517578,108.11000061035156,108.5199966430664,99.7965316772461,17868000.0,0.0010141579494404,94.31999969482422,94.91999816894533,94.27999877929688,94.56999969482422,94.56999969482422,0.0,2.111999988555908,2.111999988555908,2.055999994277954,2.059000015258789,2.059000015258789,0.0,15.050000190734863,15.479999542236328,14.489999771118164,14.5600004196167,14.5600004196167,0.0,0.0010141579494404697,0.004060936295364401,0.0010146723815041003,106.77900161743165,104.53200111389161,103.44980087280274,98.9723501586914,106.44690714994823,104.94909227973379,1.497814870214441,1.036210178953755,71.93287687890616,99.25386952056289,99.17431665031546,5.564195935314031,-0.480871510838643,1.1765044882366944,99.377953486618,109.68604874116522,9.861186186722055,0.14585748569376483,0.006663707830799854,0.004933847347231939,0.0,-0.0032048333150849623,-0.0011514502999690102,0.0,1.0,0.49999999999999994,0.8660254037844387
2015-02-24,108.37999725341795,108.7300033569336,108.0500030517578,108.5999984741211,99.87008666992188,19745000.0,0.0007367781015379,94.58000183105467,94.98999786376952,94.43000030517578,94.48999786376952,94.48999786376952,0.0,2.075000047683716,2.1080000400543213,1.976999998092652,1.9880000352859497,1.9880000352859497,0.0,14.5,14.630000114440918,13.529999732971191,13.6899995803833,13.6899995803833,0.0,0.0007367781015379924,0.006274223310652007,0.0007370495891947382,107.19900131225587,104.89000091552735,103.6222007751465,99.07535015106201,106.77815196905175,105.21952977561433,1.5586221934374151,1.1406925818504872,72.20115999316776,98.84395778586259,99.08142021716262,4.022985523808717,-2.1036387765809628,1.1410399037323444,99.64636110779773,110.13364072325697,9.998359732978859,0.10084809488789322,0.0010141579494404697,0.006663707830799854,0.0009347300332114267,0.015444398492662425,-0.02626847175276058,0.7818314824680298,0.6234898018587336,0.49999999999999994,0.8660254037844387
2015-02-25,108.44000244140624,108.86000061035156,108.08999633789062,108.33000183105467,99.62179565429688,19472300.0,-0.0024892355612592,94.41000366210938,94.4800033569336,94.12999725341795,94.20999908447266,94.20999908447266,0.0,1.972000002861023,2.0,1.962000012397766,1.968999981880188,1.968999981880188,0.0,13.640000343322754,14.0600004196167,12.859999656677246,13.84000015258789,13.84000015258789,0.0,-0.0024892355612592533,0.007100740087837941,-0.0024861399834930076,107.55400161743165,105.26050109863283,103.75280075073242,99.17280017852785,107.01689810166758,105.44993511305437,1.5669629886132128,1.2259466632030325,69.7770562424101,96.3387132409122,98.14551351577921,3.3880541068103462,-8.399349989843795,1.1145373586415297,100.15256858176684,110.36843361549882,9.705316739998553,0.09827383593695288,0.0007367781015379924,0.0010141579494404697,0.0014007298325072403,0.0036331157141873275,-0.005139650393024535,0.9749279121818236,-0.22252093395631434,0.49999999999999994,0.8660254037844387
2015-02-26,108.44000244140624,108.94000244140624,108.13999938964844,108.87999725341795,100.12759399414062,22255500.0,0.0050643400890864,94.1999969482422,95.36000061035156,94.05999755859376,95.29000091552734,95.29000091552734,0.0,1.9390000104904173,2.0209999084472656,1.930999994277954,2.0160000324249268,2.0160000324249268,0.0,13.550000190734863,14.56999969482422,13.550000190734863,13.90999984741211,13.90999984741211,0.0,0.005064340089086439,0.007377379507069513,0.005077185534769324,107.84200134277346,105.61000099182128,103.84540069580078,99.27105014801027,107.3035287403984,105.70401379011834,1.5995149502800672,1.3006603206184395,71.850370371547,96.18598760618508,97.12288621098662,2.7169785409603344,-0.939048415019994,1.092070622435549,100.5165666944551,110.70343528918747,9.645742353057333,0.09588470597851789,-0.0024892355612592533,0.0007367781015379924,0.004933847347231939,0.011576141917264695,0.009565710995270777,0.43388373911755823,-0.900968867902419,0.49999999999999994,0.8660254037844387
2015-02-27,108.83999633789062,108.91000366210938,108.2300033569336,108.4000015258789,99.68617248535156,27757600.0,-0.0044183364807572,95.18000030517578,95.36000061035156,94.91000366210938,95.25,95.25,0.0,2.0239999294281006,2.049000024795532,2.0,2.002000093460083,2.002000093460083,0.0,14.06999969482422,14.170000076293944,13.289999961853027,13.34000015258789,13.34000015258789,0.0,-0.004418336480757208,0.006247706064457591,-0.004408589991834799,107.9910011291504,105.97500114440916,103.92700073242187,99.36365016937259,107.47221686124156,105.90371658535986,1.5685002758817035,1.3542283116710923,67.49841061025059,93.7458357896135,95.42351221223691,1.3936935859423325,-9.424094226295743,1.0626370283455655,101.20648433836752,110.74351795045081,8.999323905727016,0.09135394500514168,0.005064340089086439,-0.0024892355612592533,0.006663707830799854,0.008548464054538879,-0.007783742844071021,-0.433883739117558,-0.9009688679024191,0.49999999999999994,0.8660254037844387
2015-03-02,108.61000061035156,109.41999816894533,108.58999633789062,109.37999725341795,100.58738708496094,22988600.0,0.0089998967871122,95.26000213623048,95.51000213623048,95.05999755859376,95.45999908447266,95.45999908447266,0.0,2.013999938964844,2.0859999656677246,2.005000114440918,2.0840001106262207,2.0840001106262207,0.0,13.899999618530272,13.899999618530272,12.869999885559082,13.039999961853027,13.039999961853027,0.0,0.008999896787112212,0.0076420387293101135,0.00904051762787672,108.23800048828124,106.34500083923339,104.02300064086913,99.46115016937259,107.76572153696101,106.16121885706787,1.6045026798931445,1.404283185315503,71.31815606161804,96.28417514900372,95.40533284826742,2.310348430175936,-0.7843319116730862,1.0595912865399124,101.73596919731065,110.95403248115613,8.668073920823838,0.09161165801753834,-0.004418336480757208,0.005064340089086439,0.0010141579494404697,0.0,0.008666966959038801,0.0,1.0,0.8660254037844386,0.5000000000000001
2015-03-03,109.0500030517578,109.16000366210938,108.18000030517578,108.87000274658205,100.11837768554688,20788900.0,-0.0046736101840424,95.48999786376952,95.56999969482422,95.0999984741211,95.37999725341795,95.37999725341795,0.0,2.0999999046325684,2.124000072479248,2.07699990272522,2.121999979019165,2.121999979019165,0.0,13.350000381469728,14.6899995803833,13.25,13.859999656677246,13.859999656677246,0.0,-0.004673610184042409,0.00898673387903034,-0.004662705862096939,108.42400054931642,106.64050102233887,104.11620071411132,99.55050018310548,107.93561095382577,106.36186951555041,1.5737414382753627,1.4381748359074749,66.91104842758352,92.14738486185513,94.05913193349076,1.7381558482576838,-13.34941927646579,1.0696202623757882,102.19016547496035,111.09083656971738,8.346426554103054,0.09304669308455253,0.008999896787112212,-0.004418336480757208,0.0007367781015379924,0.0009347300332114267,0.0095635277829076,0.7818314824680298,0.6234898018587336,0.8660254037844386,0.5000000000000001
2015-03-04,108.51000213623048,108.66999816894533,107.86000061035156,108.4499969482422,99.7321319580078,21007400.0,-0.0038653512481308,95.37999725341795,96.05999755859376,95.31999969482422,95.97000122070312,95.97000122070312,0.0,2.128000020980835,2.13100004196167,2.111999988555908,2.122999906539917,2.122999906539917,0.0,14.279999732971191,14.710000038146973,14.130000114440918,14.229999542236328,14.229999542236328,0.0,-0.0038653512481308873,0.007464727146321874,-0.0038578903940313936,108.5529998779297,106.91950073242187,104.19920059204101,99.63915016174317,108.01474726065906,106.51654562167573,1.498201638983332,1.4501801965226464,63.434460079816006,85.54978062939502,91.32711354675128,1.2038010844049218,-29.216906923676046,1.0653618247939807,102.77533902316878,111.06366244167495,7.751928658223567,0.09519019358529204,-0.004673610184042409,0.008999896787112212,-0.0024892355612592533,0.0014007298325072403,-0.000874572015084817,0.9749279121818236,-0.22252093395631434,0.8660254037844386,0.5000000000000001
2015-03-05,108.7300033569336,108.97000122070312,108.19000244140624,108.63999938964844,99.90686798095705,15381000.0,0.0017505203654925,95.97000122070312,96.58999633789062,95.83999633789062,96.37999725341795,96.37999725341795,0.0,2.134999990463257,2.1470000743865967,2.095999956130981,2.111999988555908,2.111999988555908,0.0,14.010000228881836,14.579999923706056,13.880000114440918,14.039999961853027,14.039999961853027,0.0,0.0017505203654925793,0.007173721651937662,0.0017520534206851845,108.64799957275392,107.16350059509278,104.28600051879883,99.72585014343264,108.11093989588821,106.67383849337742,1.437101402510791,1.4475644377202754,64.33719352115891,77.97991083494563,85.22569210873192,0.8821589067741844,-23.493941295021227,1.044978750115617,103.23348578637277,111.0935154038128,7.334614466485578,0.09255885359251521,-0.0038653512481308873,-0.004673610184042409,0.005064340089086439,0.004933847347231939,0.008614907266631874,0.43388373911755823,-0.900968867902419,0.8660254037844386,0.5000000000000001
2015-03-06,108.5,108.70999908447266,107.13999938964844,107.41000366210938,98.77574920654295,30990400.0,-0.0113863105994216,96.36000061035156,97.7300033569336,96.3000030517578,97.62000274658205,97.62000274658205,0.0,2.109999895095825,2.259000062942505,2.1050000190734863,2.240000009536743,2.240000009536743,0.0,14.609999656677246,15.829999923706056,14.18000030517578,15.199999809265137,15.199999809265137,0.0,-0.011386310599421644,0.014470043270269297,-0.011321731901651533,108.54799957275391,107.37750091552735,104.33340057373047,99.80635017395022,108.00310355222993,106.72836924661682,1.2747343056131086,1.412998411298842,54.88986889296354,58.32905311860423,73.95291486098162,-0.9224240994556042,-72.30199242549001,1.0824802461662313,103.93658550194061,110.81841632911409,6.409006326741885,0.10049316778116002,0.0017505203654925793,-0.0038653512481308873,-0.004418336480757208,0.006663707830799854,-0.006090655453850819,-0.433883739117558,-0.9009688679024191,0.8660254037844386,0.5000000000000001
2015-03-09,107.62999725341795,107.98999786376952,107.19000244140624,107.72000122070312,99.0608139038086,26237100.0,0.0028818221472309,97.72000122070312,97.77999877929688,97.29000091552734,97.58999633789062,97.58999633789062,0.0,2.2149999141693115,2.2179999351501465,2.191999912261963,2.194999933242798,2.194999933242798,0.0,15.720000267028809,15.760000228881836,14.710000038146973,15.0600004196167,15.0600004196167,0.0,0.002881822147230909,0.007432829534313457,0.0028859785884240985,108.4680000305176,107.62350082397461,104.38740066528321,99.88885017395022,107.95954934737965,106.80182346691952,1.1577258804601342,1.3619439051311006,56.618838106064764,46.92378385111191,61.07758260155392,-0.7371871057041678,-63.432714726153016,1.0623027587517349,104.94049307093876,110.30650857701046,4.985914289155284,0.09858988682332889,-0.011386310599421644,0.0017505203654925793,0.008999896787112212,0.0010141579494404697,-0.0032048333150849623,0.0,1.0,0.8660254037844386,0.5000000000000001
2015-03-10,106.9499969482422,106.9800033569336,105.72000122070312,105.72000122070312,97.2215805053711,34234500.0,-0.0187412349139434,97.77999877929688,98.80999755859376,97.77999877929688,98.62000274658205,98.62000274658205,0.0,2.157999992370605,2.1600000858306885,2.117000102996826,2.125999927520752,2.125999927520752,0.0,16.469999313354492,16.90999984741211,16.030000686645508,16.690000534057617,16.690000534057617,0.0,-0.01874123491394345,0.011781226481383062,-0.01856670994267684,108.18000030517578,107.68950080871582,104.4154006958008,99.96155017852784,107.6150034817371,106.7216884857183,0.8933149960188018,1.2682181233086411,44.71206009887101,21.421764282785652,42.224867084167265,-2.651931209837226,-100.0,1.129281133126611,105.29045435697475,110.08854726045689,4.455488109286333,0.11206899010063075,0.002881822147230909,-0.011386310599421644,-0.004673610184042409,0.0007367781015379924,0.015444398492662425,0.7818314824680298,0.6234898018587336,0.8660254037844386,0.5000000000000001
2015-03-11,105.87999725341795,106.01000213623048,105.06999969482422,105.11000061035156,96.6605987548828,25459700.0,-0.005786847642444,98.6500015258789,99.98999786376952,98.48999786376952,99.8000030517578,99.8000030517578,0.0,2.151000022888184,2.1600000858306885,2.0980000495910645,2.108999967575073,2.108999967575073,0.0,16.440000534057617,17.190000534057617,16.290000915527344,16.8700008392334,16.8700008392334,0.0,-0.005786847642444096,0.00887799835465069,-0.005770136090899158,107.85800018310547,107.70600090026856,104.45260070800784,100.02950019836427,107.22961842460086,106.6023041986541,0.6273142259467619,1.1400373438362654,41.823143942630466,12.495615624299491,26.947054586065683,-2.9724002273394605,-99.0804384009485,1.1157612265751577,105.3880418355377,110.02395996499942,4.304233831645452,0.11369552126468829,-0.01874123491394345,0.002881822147230909,-0.0038653512481308873,-0.0024892355612592533,0.0036331157141873275,0.9749279121818236,-0.22252093395631434,0.8660254037844386,0.5000000000000001
2015-03-12,105.02999877929688,105.91999816894533,104.95999908447266,105.8000030517578,97.29517364501952,21473200.0,0.0065435242946042,99.6999969482422,100.05999755859376,98.6500015258789,99.1500015258789,99.1500015258789,0.0,2.088000059127808,2.122999906539917,2.0420000553131104,2.095999956130981,2.095999956130981,0.0,16.450000762939453,16.450000762939453,15.300000190734863,15.420000076293944,15.420000076293944,0.0,0.006543524294604261,0.009140237033516008,0.006564979922645708,107.55000076293948,107.69600105285646,104.50360076904298,100.09705020904542,107.00967759800963,106.54287448406919,0.4668031139404434,1.005390497857101,46.06798963816413,6.584578378436806,13.500652761840648,-2.8287970971302254,-81.16582646374107,1.104635359282123,105.34555534550455,110.04644676020837,4.364963757936242,0.1082654327447052,-0.005786847642444096,-0.01874123491394345,0.0017505203654925793,0.005064340089086439,0.011576141917264695,0.43388373911755823,-0.900968867902419,0.8660254037844386,0.5000000000000001
2015-03-13,105.6999969482422,106.12000274658205,104.68000030517578,105.33999633789062,96.87213897705078,42021100.0,-0.0043574310383103,99.19000244140624,100.38999938964844,99.19000244140624,100.33000183105467,100.33000183105467,0.0,2.1070001125335693,2.132999897003174,2.0859999656677246,2.111999988555908,2.111999988555908,0.0,15.470000267028809,16.739999771118164,15.31999969482422,16.0,16.0,0.0,-0.00435743103831039,0.013623486120925678,-0.004347951209914824,107.24400024414065,107.61750068664551,104.55160064697266,100.15965019226076,106.75280355799131,106.45377239916706,0.29903115882424913,0.8641186300505307,43.7748296721184,11.22590278183343,10.102032261523242,-2.8228829750133815,-86.07602678981013,1.1285901508624188,105.06071213646787,110.17428923682316,4.751622243341915,0.10421723049018364,0.006543524294604261,-0.005786847642444096,-0.011386310599421644,-0.004418336480757208,0.008548464054538879,-0.433883739117558,-0.9009688679024191,0.8660254037844386,0.5000000000000001
2015-03-16,105.7300033569336,106.73999786376952,105.62000274658205,106.6999969482422,98.122802734375,25674100.0,0.0128278292386545,100.26000213623048,100.2699966430664,99.31999969482422,99.5999984741211,99.5999984741211,0.0,2.0929999351501465,2.1050000190734863,2.065000057220459,2.0980000495910645,2.0980000495910645,0.0,15.779999732971191,15.890000343322754,15.359999656677246,15.609999656677246,15.609999656677246,0.0,0.012827829238654585,0.010592973438263154,0.012910458781348,106.97600021362308,107.60700035095216,104.65700057983399,100.22940017700196,106.74467946418375,106.4720112546541,0.2726682095296411,0.7458285459463528,51.466739366287456,25.124709628858525,14.311730263042918,-2.4501740468749253,-57.38401785987322,1.1479766776493097,105.0362907434792,110.17770995842513,4.7779597964608005,0.1148316511062609,-0.00435743103831039,0.006543524294604261,0.002881822147230909,0.008999896787112212,0.0,0.0,1.0,0.8660254037844386,0.5000000000000001
2015-03-17,106.41000366210938,107.04000091552734,106.16000366210938,106.87000274658205,98.27913665771484,19603800.0,0.0015919797619254,99.66999816894533,99.83000183105467,99.2300033569336,99.58999633789062,99.58999633789062,0.0,2.0510001182556152,2.072000026702881,2.0380001068115234,2.058000087738037,2.058000087738037,0.0,16.309999465942383,16.3700008392334,15.65999984741211,15.65999984741211,15.65999984741211,0.0,0.0015919797619254326,0.008269873349617405,0.0015932476344264757,106.77600021362306,107.60000038146973,104.79300064086915,100.29920017242432,106.7639599691681,106.50149210590803,0.26246786326007054,0.6491564094090965,52.34440006723275,34.2475197750026,23.53271072856485,-1.8370533200549493,-53.79739602530884,1.1288352902042138,105.02169489684199,110.17830586609746,4.79238935964122,0.11493372740236496,0.012827829238654585,-0.00435743103831039,-0.01874123491394345,-0.004673610184042409,0.0009347300332114267,0.7818314824680298,0.6234898018587336,0.8660254037844386,0.5000000000000001
2015-03-18,106.58000183105467,108.41000366210938,106.02999877929688,107.91999816894533,99.2447280883789,40622200.0,0.0097770375612155,99.5999984741211,99.8000030517578,96.62999725341795,98.5500030517578,98.5500030517578,0.0,2.026000022888184,2.053999900817871,1.944000005722046,1.950999975204468,1.950999975204468,0.0,14.600000381469728,16.290000915527344,13.380000114440918,13.970000267028809,13.970000267028809,0.0,0.009777037561215557,0.02233068907791131,0.009824988939687307,106.72300033569337,107.63800010681153,104.92420059204103,100.3743501663208,106.94181199990305,106.60656662909598,0.3352453708070726,0.5863742016886917,57.461014231959886,52.39100074416153,37.25441004934088,-0.48870336026825073,-31.64558388233334,1.2182045468190914,105.06460165930604,110.21139855431703,4.781579823021344,0.12008158210370165,0.0015919797619254326,0.012827829238654585,-0.005786847642444096,-0.0038653512481308873,0.0014007298325072403,0.9749279121818236,-0.22252093395631434,0.8660254037844386,0.5000000000000001
2015-03-19,108.02999877929688,108.37999725341795,107.87000274658205,108.08000183105467,99.3918914794922,31314000.0,0.0014817350230656,97.8000030517578,99.45999908447266,97.20999908447266,99.0999984741211,99.0999984741211,0.0,1.937000036239624,1.9889999628067017,1.924999952316284,1.976999998092652,1.976999998092652,0.0,14.68000030517578,14.970000267028809,13.84000015258789,14.06999969482422,14.06999969482422,0.0,0.00148173502306563,0.004720860062933238,0.0014828333348069211,106.66700057983398,107.65750007629394,105.01980056762697,100.45450016021728,107.11691812777252,106.71570997738922,0.4012081503832974,0.5493409914276128,58.197556369606644,62.09568080573302,49.57806710829905,-0.515461673177368,-28.269977675158774,1.1676181153917213,105.07654312357693,110.23845702901096,4.794755499408704,0.11895502284379784,0.009777037561215557,0.0015919797619254326,0.006543524294604261,0.0017505203654925793,0.004933847347231939,0.43388373911755823,-0.900968867902419,0.8660254037844386,0.5000000000000001
2015-03-20,108.72000122070312,109.06999969482422,108.51000213623048,108.52999877929688,100.03526306152344,31761400.0,0.0064522187616234,99.04000091552734,99.12000274658205,97.4499969482422,97.91000366210938,97.91000366210938,0.0,1.955999970436096,1.9579999446868896,1.9270000457763672,1.9299999475479128,1.9299999475479128,0.0,13.520000457763672,13.529999732971191,12.539999961853027,13.020000457763672,13.020000457763672,0.0,0.0064522187616234995,0.005150823696708142,0.006473079166261719,106.77900009155275,107.6634998321533,105.13800048828126,100.53555015563964,107.33431515108396,106.8501017404935,0.4842134105904563,0.5363154752601815,60.28050479326498,75.34061332949364,63.275764959796064,1.0427288697529358,-14.062598454026976,1.154930954561566,105.07463169257383,110.25236797173278,4.809184437837342,0.11880442524983457,0.00148173502306563,0.009777037561215557,-0.00435743103831039,-0.011386310599421644,0.006663707830799854,-0.433883739117558,-0.9009688679024191,0.8660254037844386,0.5000000000000001
2015-03-23,108.47000122070312,108.7699966430664,108.27999877929688,108.31999969482422,99.8416976928711,17268500.0,-0.0019368458318864,97.8000030517578,98.23999786376952,96.83000183105467,97.02999877929688,97.02999877929688,0.0,1.9160000085830688,1.9390000104904173,1.909000039100647,1.914999961853028,1.914999961853028,0.0,13.520000457763672,13.529999732971191,12.890000343322754,13.40999984741211,13.40999984741211,0.0,-0.0019368458318864636,0.004517358331844545,-0.0019349713563835413,106.83899993896485,107.6534999847412,105.27340042114258,100.61515014648437,107.485958927044,106.95898307044392,0.5269758566000746,0.5344475515281601,58.80783772892083,80.19437967847036,72.54355793789901,0.5569982058315998,-17.084284835403174,1.1074357337907064,105.07704640407799,110.22995356540441,4.7865672384611715,0.11898802950167542,0.0064522187616234995,0.00148173502306563,0.012827829238654585,0.002881822147230909,0.0010141579494404697,0.0,1.0,0.8660254037844386,0.5000000000000001
2015-03-24,108.30999755859376,108.80999755859376,107.91000366210938,107.93000030517578,99.4822006225586,22445300.0,-0.003607168665226,96.93000030517578,97.37999725341795,96.38999938964844,97.19000244140624,97.19000244140624,0.0,1.902999997138977,1.919999957084656,1.870000004768372,1.878000020980835,1.878000020980835,0.0,13.359999656677246,13.68000030517578,12.59000015258789,13.619999885559082,13.619999885559082,0.0,-0.003607168665226054,0.008309425877306558,-0.003600670647832649,107.05999984741212,107.62000007629395,105.40160049438477,100.69255016326905,107.55427298521812,107.03091027301664,0.5233627122014752,0.5322305836628232,56.068305981127246,80.96167255466119,78.8322218542084,2.090426654327235,-25.968099046586236,1.0926184596973982,105.07817374727627,110.16182640531163,4.723706239018268,0.11963954349990123,-0.0019368458318864636,0.0064522187616234995,0.0015919797619254326,-0.01874123491394345,0.0007367781015379924,0.7818314824680298,0.6234898018587336,0.8660254037844386,0.5000000000000001
2015-03-25,108.0999984741211,108.1999969482422,105.41999816894533,105.45999908447266,97.2055435180664,41581400.0,-0.0231509980276515,97.22000122070312,97.3000030517578,96.54000091552734,96.9800033569336,96.9800033569336,0.0,1.8639999628067017,1.9229999780654907,1.851999998092652,1.919999957084656,1.919999957084656,0.0,13.260000228881836,15.550000190734863,13.199999809265137,15.4399995803833,15.4399995803833,0.0,-0.02315099802765158,0.025716917840312464,-0.022885069793841417,107.09499969482422,107.47649993896485,105.49160049438477,100.75500015258791,107.23207700048805,106.91454648127265,0.31753051921539566,0.4892905707733377,42.54914149437454,58.23841484679223,73.13148902664125,0.3329830388057526,-82.23237157763388,1.213145625383075,104.78386510463967,110.16913477329003,5.01064853405964,0.14474227439970092,-0.003607168665226054,-0.0019368458318864636,0.009777037561215557,-0.005786847642444096,-0.0024892355612592533,0.9749279121818236,-0.22252093395631434,0.8660254037844386,0.5000000000000001
2015-03-26,104.58999633789062,105.6999969482422,104.23999786376952,105.0999984741211,96.87370300292967,47846300.0,-0.0034196426919674,96.91000366210938,97.5500030517578,96.16999816894533,97.44000244140624,97.44000244140624,0.0,1.924999952316284,2.009000062942505,1.9220000505447388,2.006999969482422,2.006999969482422,0.0,16.639999389648438,17.190000534057617,15.229999542236328,15.800000190734863,15.800000190734863,0.0,-0.0034196426919674873,0.013959261263916495,-0.0034138023730617695,107.02499923706057,107.28750000000001,105.60060043334961,100.81595012664798,106.90406491950851,106.78013551777994,0.12392940172857436,0.4162183369643851,40.997537318420214,36.53497276173454,58.578353387729315,-0.6616300164889971,-82.19461109057627,1.2307780153180472,104.48140227391907,110.09359772608094,5.230987255888962,0.14297286766504674,-0.02315099802765158,-0.003607168665226054,0.00148173502306563,0.006543524294604261,0.005064340089086439,0.43388373911755823,-0.900968867902419,0.8660254037844386,0.5000000000000001
2015-03-27,105.08000183105467,105.7699966430664,104.91999816894533,105.5199966430664,97.26082611083984,33878400.0,0.0039881995521395,97.37999725341795,97.91999816894533,96.98999786376952,97.29000091552734,97.29000091552734,0.0,1.9839999675750728,1.9859999418258667,1.944000005722046,1.9479999542236328,1.9479999542236328,0.0,15.729999542236328,15.829999923706056,14.1899995803833,15.06999969482422,15.06999969482422,0.0,0.003988199552139571,0.008089060328412332,0.00399616300306449,107.04299926757812,107.14349975585938,105.69460037231445,100.87970012664799,106.69113133851742,106.6867918974308,0.004339441086628426,0.3338425577888338,43.58237787339853,20.691339069527498,38.48824222601809,0.17087555670536456,-73.49900012320735,1.203579476661121,104.28272830322672,110.00427120849204,5.340074683301007,0.14392627376101616,-0.0034196426919674873,-0.02315099802765158,0.0064522187616234995,-0.00435743103831039,-0.004418336480757208,-0.433883739117558,-0.9009688679024191,0.8660254037844386,0.5000000000000001
2015-03-30,106.16000366210938,106.81999969482422,106.16000366210938,106.7300033569336,98.37613677978516,30570200.0,0.0114019634675923,97.38999938964844,98.06999969482422,97.38999938964844,97.9800033569336,97.9800033569336,0.0,1.965000033378601,1.9739999771118164,1.940999984741211,1.963000059127808,1.963000059127808,0.0,14.760000228881836,14.760000228881836,14.079999923706056,14.510000228881836,14.510000228881836,0.0,0.011401963467592301,0.0062169933114877,0.01146721361048586,107.04599990844727,107.01100006103515,105.81280044555663,100.94940013885503,106.697111649043,106.68999274628285,0.0071189027601406,0.2684978267830952,50.333175380435236,31.953092667886306,29.72646816638278,0.028122220758776104,-48.44711078255746,1.2104668748823133,104.34772158960944,109.67427853246086,4.977578884239334,0.14642199087631624,0.003988199552139571,-0.0034196426919674873,-0.0019368458318864636,0.012827829238654585,0.008999896787112212,0.0,1.0,0.8660254037844386,0.5000000000000001
2015-03-31,106.43000030517578,106.6500015258789,105.56999969482422,105.5999984741211,97.3345947265625,30488100.0,-0.0106437892110871,97.91999816894533,98.66999816894533,97.83000183105467,98.36000061035156,98.36000061035156,0.0,1.9390000104904173,1.968000054359436,1.9279999732971191,1.934000015258789,1.934000015258789,0.0,14.970000267028809,15.739999771118164,14.329999923706056,15.289999961853027,15.289999961853027,0.0,-0.010643789211087143,0.010147531973671959,-0.010587344525981424,106.91899948120118,106.84749984741211,105.89240036010743,101.01390014648442,106.52832500674731,106.60925242982643,-0.08092742307911749,0.19861277681065267,44.926613140104635,35.40374698431071,29.3493929072415,-1.1883636566123037,-71.84264814130307,1.2068623596842463,104.26446262560007,109.43053706922414,4.834997965325993,0.14984202638597957,0.011401963467592301,0.003988199552139571,-0.003607168665226054,0.0015919797619254326,-0.004673610184042409,0.7818314824680298,0.6234898018587336,0.8660254037844386,0.5000000000000001
2015-04-01,105.5999984741211,105.62000274658205,104.37000274658205,105.0500030517578,96.82763671875,32970500.0,-0.0052220162085821,98.41999816894533,98.63999938964844,97.9800033569336,98.19000244140624,98.19000244140624,0.0,1.8919999599456787,1.8969999551773071,1.851999998092652,1.868000030517578,1.868000030517578,0.0,15.31999969482422,16.65999984741211,15.079999923706056,15.109999656677246,15.109999656677246,0.0,-0.005222016208582129,0.011837121383163009,-0.005208405184576659,106.63199996948244,106.6775001525879,105.95060043334962,101.07270015716556,106.30089085982584,106.4937524758954,-0.19286161606956398,0.12031789823460937,42.53194383684516,32.160176155228996,33.172338602475335,-2.6593728371776306,-83.22971261045248,1.2099436197068,104.09100136194742,109.26399894322837,4.8491927293774895,0.15021380552314426,-0.010643789211087143,0.011401963467592301,-0.02315099802765158,0.009777037561215557,-0.0038653512481308873,0.9749279121818236,-0.22252093395631434,1.0,6.123233995736766e-17
2015-04-02,105.1500015258789,105.45999908447266,104.77999877929688,105.12000274658205,96.89215087890624,19164200.0,0.0006660565070954,98.18000030517578,98.27999877929688,97.33000183105467,97.44000244140624,97.44000244140624,0.0,1.85699999332428,1.909000039100647,1.8550000190734863,1.9040000438690183,1.9040000438690183,0.0,15.300000190734863,15.510000228881836,14.270000457763672,14.670000076293944,14.670000076293944,0.0,0.0006660565070954116,0.006466954781816371,0.0006662783719861842,106.33600006103518,106.50150032043459,105.97240051269532,101.13160018920901,106.11921576548065,106.39199323668701,-0.27277747120636775,0.04169882434641395,42.94874490707998,21.049065044118016,29.537662727885905,-2.73871117165556,-81.7804441158904,1.1720905258117273,103.99961631170845,109.00338432916072,4.698307537825543,0.14995378617409705,-0.005222016208582129,-0.010643789211087143,-0.0034196426919674873,0.00148173502306563,0.0017505203654925793,0.43388373911755823,-0.900968867902419,1.0,6.123233995736766e-17
2015-04-03,105.1500015258789,105.45999908447266,104.77999877929688,105.12000274658205,96.89215087890624,19164200.0,0.0,98.18000030517578,98.27999877929688,97.33000183105467,97.44000244140624,97.44000244140624,0.0,1.85699999332428,1.909000039100647,1.8550000190734863,1.9040000438690183,1.9040000438690183,0.0,15.300000190734863,15.510000228881836,14.270000457763672,14.670000076293944,14.670000076293944,0.0,0.0,0.006466954781816371,0.0,105.99500045776368,106.38700027465819,105.98960052490233,101.18845020294192,105.9654906856501,106.29777171890146,-0.3322810332513626,-0.03309714717314136,42.94874490707998,17.736466385922242,23.64856919508975,-3.141984770173349,-81.7804441158904,1.136941224337731,103.85081108686242,108.92318946245396,4.767855435810987,0.14540748705578907,0.0006660565070954116,-0.005222016208582129,0.003988199552139571,0.0064522187616234995,-0.011386310599421644,-0.433883739117558,-0.9009688679024191,1.0,6.123233995736766e-17
2015-04-06,104.5,106.2699966430664,104.33999633789062,105.9800033569336,97.6848373413086,24451100.0,0.0081478375732389,96.73999786376952,97.23999786376952,96.33000183105467,97.11000061035156,97.11000061035156,0.0,1.8450000286102293,1.9110000133514404,1.843000054359436,1.9040000438690183,1.9040000438690183,0.0,15.75,15.760000228881836,14.039999961853027,14.739999771118164,14.739999771118164,0.0,0.00814783757323893,0.018468902441873505,0.00818112153783268,105.76100082397461,106.30000038146972,106.02640060424804,101.24880020141603,105.9677234043091,106.27423332171865,-0.30650991740955646,-0.08777970122042439,48.29229137464924,24.154685520583982,20.980072316874747,-2.160262504138869,-63.97505520646727,1.193588301540449,103.83805466301334,108.76194609992609,4.632070949428792,0.14842431637102993,0.0,0.0006660565070954116,0.011401963467592301,-0.0019368458318864636,0.002881822147230909,0.0,1.0,1.0,6.123233995736766e-17
2015-04-07,105.91999816894533,106.6999969482422,105.8000030517578,105.8000030517578,97.5189437866211,19379400.0,-0.0016996965291077,97.05999755859376,98.0199966430664,96.93000030517578,97.83000183105467,97.83000183105467,0.0,1.9129999876022337,1.9279999732971191,1.8869999647140503,1.89300000667572,1.89300000667572,0.0,14.56999969482422,14.8100004196167,14.010000228881836,14.779999732971191,14.779999732971191,0.0,-0.0016996965291077803,0.008496921375025784,-0.0016982528630095084,105.54800109863282,106.30400047302247,106.11360061645509,101.3031002044678,105.94192027314736,106.2391051535734,-0.29718488042604463,-0.12966073706154846,47.293837273114434,28.84757749703322,23.57957646784648,-1.973498793102328,-67.70176818654268,1.1726172726078743,103.84576543173338,108.76223551431156,4.624915394247896,0.13241294387727875,0.00814783757323893,0.0,-0.010643789211087143,-0.003607168665226054,-0.01874123491394345,0.7818314824680298,0.6234898018587336,1.0,6.123233995736766e-17
2015-04-08,105.83999633789062,106.79000091552734,105.83000183105467,106.63999938964844,98.29317474365234,25866900.0,0.007907937441053,97.87000274658205,98.1999969482422,97.25,98.06999969482422,98.06999969482422,0.0,1.8919999599456787,1.924999952316284,1.88100004196167,1.8949999809265137,1.8949999809265137,0.0,14.59000015258789,14.770000457763672,13.75,13.979999542236328,13.979999542236328,0.0,0.007907937441053082,0.009070286448309255,0.00793928776264563,105.6660011291504,106.38050041198733,106.22800064086914,101.36080020904541,106.04931706030136,106.2688010229123,-0.21948396261093706,-0.14762538217142618,52.25482980713512,39.33754345172851,30.7799354897819,1.1189079417975436,-50.31054625180453,1.1595730291194222,103.98427168649141,108.77672913748324,4.505014953334251,0.13318637367113004,-0.0016996965291077803,0.00814783757323893,-0.005222016208582129,-0.02315099802765158,-0.005786847642444096,0.9749279121818236,-0.22252093395631434,1.0,6.123233995736766e-17
2015-04-09,106.58999633789062,107.3499984741211,106.2300033569336,107.30999755859376,98.91075897216795,23114700.0,0.0062634272642538,98.0500030517578,99.18000030517578,98.04000091552734,99.16000366210938,99.16000366210938,0.0,1.8799999952316284,1.965000033378601,1.878000020980835,1.9579999446868896,1.9579999446868896,0.0,14.140000343322754,14.59000015258789,13.09000015258789,13.09000015258789,13.09000015258789,0.0,0.006263427264253835,0.010507506854931414,0.006283083541927192,105.88700103759767,106.45600013732911,106.33640060424806,101.41885021209717,106.2432679061925,106.34592669222204,-0.10265878602953649,-0.13863206294304825,55.82633674065874,49.721642086071704,39.30225434494447,2.102758436306582,-32.8227593034377,1.1567460354099992,104.04169774977899,108.87030252487924,4.535775126692066,0.13303083384630285,0.007907937441053082,-0.0016996965291077803,0.0006660565070954116,-0.0034196426919674873,0.006543524294604261,0.43388373911755823,-0.900968867902419,1.0,6.123233995736766e-17
2015-04-10,107.2699966430664,107.76000213623048,107.02999877929688,107.75,99.31631469726562,17164300.0,0.0040918355242376,98.97000122070312,99.69000244140624,98.83999633789062,99.38999938964844,99.38999938964844,0.0,1.9420000314712524,1.955999970436096,1.919000029563904,1.950999975204468,1.950999975204468,0.0,13.199999809265137,13.260000228881836,12.510000228881836,12.579999923706056,12.579999923706056,0.0,0.004091835524237682,0.006805289268001418,0.004100218513253928,106.11000137329101,106.57650032043459,106.46940063476562,101.47910022735596,106.47507284370135,106.44993212242781,0.025140721273544386,-0.10587750609972973,58.04587615443648,64.55733265315155,51.20550606365058,2.1133466905584144,-23.194696485303147,1.1262644155188286,104.15616405107552,108.99683658979366,4.5419698753140665,0.13204371295071918,0.006263427264253835,0.007907937441053082,0.0,0.003988199552139571,-0.00435743103831039,-0.433883739117558,-0.9009688679024191,1.0,6.123233995736766e-17
2015-04-13,107.83000183105467,108.37999725341795,107.36000061035156,107.4800033569336,99.0674285888672,17783500.0,-0.0025091394572299,99.3499984741211,99.98999786376952,99.2300033569336,99.48999786376952,99.48999786376952,0.0,1.972000002861023,1.972000002861023,1.932999968528748,1.9390000104904173,1.9390000104904173,0.0,13.170000076293944,14.3100004196167,12.710000038146973,13.9399995803833,13.9399995803833,0.0,-0.002509139457229959,0.009459302844717531,-0.0025059941980033473,106.18500137329103,106.61550064086916,106.57940063476563,101.53945022583008,106.62967753804477,106.52623369535416,0.10344384269060924,-0.06401323634166195,56.18047261982486,74.08118599981906,62.78672024634743,0.7027077451612177,-21.738986211802004,1.1186738603436546,104.16187701813506,109.06912426360326,4.602752147643241,0.12524947415078258,0.004091835524237682,0.006263427264253835,0.00814783757323893,0.011401963467592301,0.012827829238654585,0.0,1.0,1.0,6.123233995736766e-17
2015-04-14,107.37000274658205,107.68000030517578,106.55999755859376,107.16999816894533,98.78168487548828,23755700.0,-0.0028885033351887,99.4499969482422,99.6999969482422,98.37000274658205,98.76000213623048,98.76000213623048,0.0,1.9179999828338623,1.924999952316284,1.8550000190734863,1.9040000438690183,1.9040000438690183,0.0,14.34000015258789,14.739999771118164,13.640000343322754,13.670000076293944,13.670000076293944,0.0,-0.002888503335188759,0.010431244462435953,-0.0028843356232124417,106.34200134277344,106.63050041198731,106.6636006164551,101.60400020599364,106.71280378895256,106.5739199526572,0.13888383629534928,-0.02343382181425971,54.03334166898864,75.27976065603504,71.30609310300187,1.4867421567330663,-29.22703533478973,1.1187687807892521,104.1666790961045,109.09432172787012,4.621231835850655,0.12573026469657908,-0.002509139457229959,0.004091835524237682,-0.0016996965291077803,-0.010643789211087143,0.0015919797619254326,0.7818314824680298,0.6234898018587336,1.0,6.123233995736766e-17
2015-04-15,107.4499969482422,108.06999969482422,107.31999969482422,107.83999633789062,99.39923858642578,21128600.0,0.0062322417214235,98.77999877929688,99.36000061035156,98.22000122070312,98.33000183105467,98.33000183105467,0.0,1.914000034332276,1.9179999828338623,1.871999979019165,1.899999976158142,1.899999976158142,0.0,13.579999923706056,13.579999923706056,12.829999923706056,12.84000015258789,12.84000015258789,0.0,0.006232241721423536,0.006979990891589034,0.0062517025470452126,106.62100067138674,106.62650032043457,106.76300048828126,101.66840019226072,106.88621802725072,106.66770338860043,0.21851463865029075,0.02495587027865039,57.78822220777645,78.55587406240106,75.97227357275172,2.6558716849900574,-13.36635626620507,1.1031425482956552,104.17124904467688,109.08175159619226,4.605330322910635,0.1227642745087331,-0.002888503335188759,-0.002509139457229959,0.007907937441053082,-0.005222016208582129,0.009777037561215557,0.9749279121818236,-0.22252093395631434,1.0,6.123233995736766e-17
2015-04-16,107.5500030517578,107.87999725341795,107.4000015258789,107.69000244140624,99.26099395751952,16195300.0,-0.0013917697513108,98.4000015258789,98.72000122070312,97.27999877929688,97.41999816894533,97.41999816894533,0.0,1.88100004196167,1.9259999990463257,1.871000051498413,1.878000020980835,1.878000020980835,0.0,13.270000457763672,13.350000381469728,12.5,12.600000381469728,12.600000381469728,0.0,-0.0013917697513108397,0.004463000594319399,-0.001390801688949228,106.87800064086915,106.60700035095215,106.84160049438478,101.73355018615722,107.00987716789004,106.74342924436382,0.26644792352621494,0.0732542809281633,56.6721115860599,80.1091775880503,77.98160410216212,2.4448246077578735,-17.079075634854302,1.0586320610987547,104.19453297140673,109.01946773049757,4.525908001544988,0.12275215481807075,0.006232241721423536,-0.002888503335188759,0.006263427264253835,0.0006660565070954116,0.00148173502306563,0.43388373911755823,-0.900968867902419,1.0,6.123233995736766e-17
2015-04-17,106.66000366210938,106.9499969482422,105.5500030517578,106.01000213623048,97.7125015258789,46514000.0,-0.0157231746231048,97.62999725341795,97.81999969482422,97.0,97.5199966430664,97.5199966430664,0.0,1.8580000400543213,1.9110000133514404,1.8450000286102293,1.850000023841858,1.850000023841858,0.0,13.970000267028809,15.020000457763672,13.729999542236328,13.890000343322754,13.890000343322754,0.0,-0.015723174623104838,0.01312576268907205,-0.015600210816983262,106.967000579834,106.48100051879884,106.89920059204103,101.78725021362304,106.85605023994242,106.68910131042803,0.16694892951439044,0.09199321064540873,45.96413414885372,70.2971119726704,76.32072120770724,0.8466508432215348,-58.66323218092941,1.1358725845665893,104.23385218174576,108.72814885585191,4.220749854160791,0.13202256957310501,-0.0013917697513108397,0.006232241721423536,0.004091835524237682,0.0,0.0064522187616234995,-0.433883739117558,-0.9009688679024191,1.0,6.123233995736766e-17
2015-04-20,106.54000091552734,107.79000091552734,106.5,107.5999984741211,99.17803955078124,28945900.0,0.0148871051250442,97.30999755859376,98.06999969482422,97.30999755859376,97.94000244140624,97.94000244140624,0.0,1.88100004196167,1.9019999504089355,1.8530000448226929,1.8949999809265137,1.8949999809265137,0.0,13.670000076293944,13.670000076293944,12.829999923706056,13.300000190734863,13.300000190734863,0.0,0.014887105125044252,0.012108136891702773,0.014998470021916122,107.12900009155274,106.44500045776367,106.99520050048828,101.84605022430418,106.97050381443144,106.7565751744053,0.21392864002613976,0.11638029652155495,54.689916264388934,68.31693202727217,72.90774052933095,1.5285856443422297,-19.30689610239976,1.1818815984758946,104.3012075721408,108.58879334338654,4.0279822939612995,0.14372259618250907,-0.015723174623104838,-0.0013917697513108397,-0.002509139457229959,0.00814783757323893,-0.0019368458318864636,0.0,1.0,1.0,6.123233995736766e-17
2015-04-21,108.22000122070312,108.41000366210938,107.93000030517578,108.05999755859376,99.6020278930664,22759800.0,0.0042659104679375,97.94000244140624,98.45999908447266,97.63999938964844,97.9800033569336,97.9800033569336,0.0,1.86899995803833,1.919000029563904,1.8650000095367432,1.9160000085830688,1.9160000085830688,0.0,12.75,13.510000228881836,12.65999984741211,13.25,13.25,0.0,0.0042659104679375805,0.004435440320820901,0.00427502241630906,107.35499954223636,106.45150032043458,107.06840042114258,101.908800201416,107.13811823661027,106.85312498064148,0.2849932559687858,0.1501028884110011,56.86033982830908,71.14340954307586,69.91915118100613,2.1361006064719747,-8.599643087443232,1.1553189977267795,104.28805162021904,108.61494902065012,4.064665493117979,0.14406077766248962,0.014887105125044252,-0.015723174623104838,-0.002888503335188759,-0.0016996965291077803,-0.003607168665226054,0.7818314824680298,0.6234898018587336,1.0,6.123233995736766e-17
2015-04-22,108.33999633789062,108.83000183105467,107.63999938964844,108.6500015258789,100.14588165283205,21429200.0,0.0054454147218717,97.95999908447266,98.12000274658205,97.43000030517578,98.0199966430664,98.0199966430664,0.0,1.9049999713897705,1.9809999465942385,1.8910000324249268,1.972000002861023,1.972000002861023,0.0,12.970000267028809,13.800000190734863,12.56999969482422,12.710000038146973,12.710000038146973,0.0,0.005445414721871702,0.010983962355830785,0.005460267941025609,107.5559997558594,106.61100044250489,107.14580047607424,101.97260021209716,107.37071566572851,106.98622694695536,0.3844887187731558,0.19698005448343206,59.53756149687954,89.36151674399642,76.27395277144814,1.884848225557642,-4.008910578167757,1.1577963865610263,104.2906578682818,108.93134301672798,4.352913985596537,0.11597499218769462,0.0042659104679375805,0.014887105125044252,0.006232241721423536,0.007907937441053082,-0.02315099802765158,0.9749279121818236,-0.22252093395631434,1.0,6.123233995736766e-17
2015-04-23,108.27999877929688,109.5500030517578,108.26000213623048,109.05999755859376,100.52376556396484,29473200.0,0.0037662333397077,98.0500030517578,98.43000030517578,97.1500015258789,97.27999877929688,97.27999877929688,0.0,1.968000054359436,1.9889999628067017,1.944000005722046,1.9470000267028809,1.9470000267028809,0.0,12.960000038146973,12.960000038146973,12.119999885559082,12.479999542236328,12.479999542236328,0.0,0.003766233339707755,0.011913566033157024,0.003773334508579973,107.73099975585939,106.8090003967285,107.20700042724611,102.04480018615722,107.63060518770779,107.1398395848545,0.49076560285328696,0.25573716415740305,61.3333435907394,92.6621208720567,84.38901571970965,1.6307893391242128,-9.40508371821892,1.1672395672014755,104.35932453494706,109.25867625850995,4.5870214170761505,0.1147387037938605,0.005445414721871702,0.0042659104679375805,-0.0013917697513108397,0.006263427264253835,-0.0034196426919674873,0.43388373911755823,-0.900968867902419,1.0,6.123233995736766e-17
2015-04-24,110.20999908447266,110.69000244140624,110.02999877929688,110.54000091552734,101.88793182373048,32508100.0,0.0134793288350945,97.33000183105467,97.55999755859376,96.76000213623048,96.91999816894533,96.91999816894533,0.0,1.955999970436096,1.9589999914169312,1.906999945640564,1.9170000553131104,1.9170000553131104,0.0,12.210000038146973,13.020000457763672,12.15999984741211,12.289999961853027,12.289999961853027,0.0,0.013479328835094583,0.005988600558861159,0.013570584548960207,108.00999984741212,107.06000061035157,107.27960037231445,102.11690017700195,108.07820453044926,107.39170338712655,0.6865011433227011,0.3418899599904627,67.02293762582799,94.55589591099113,92.19317784234808,2.5893279958490427,-2.9183179706399054,1.200294232602261,104.1761748169572,109.94382640374593,5.387307634884377,0.12181336524336568,0.003766233339707755,0.005445414721871702,-0.015723174623104838,0.004091835524237682,0.003988199552139571,-0.433883739117558,-0.9009688679024191,1.0,6.123233995736766e-17
2015-04-27,110.9499969482422,111.16000366210938,110.0199966430664,110.26000213623048,101.62985229492188,31121300.0,-0.0025361878644876,96.9000015258789,97.27999877929688,96.47000122070312,96.7699966430664,96.7699966430664,0.0,1.932999968528748,1.9490000009536743,1.906999945640564,1.924000024795532,1.924000024795532,0.0,12.34000015258789,13.399999618530272,12.329999923706056,13.119999885559082,13.119999885559082,0.0,-0.0025361878644876556,0.010274962148712615,-0.0025329744572212265,108.28799972534182,107.23650054931642,107.34660034179689,102.1882001876831,108.41386570056945,107.60416996113425,0.8096957394351989,0.43545111587940993,65.07211534950196,90.54459736954038,92.58753805086273,2.5865265095542536,-16.042806202519987,1.1959880030623116,104.02431289533537,110.44868820329746,5.990847589256815,0.11802498352418579,0.013479328835094583,0.003766233339707755,0.014887105125044252,-0.002509139457229959,0.011401963467592301,0.0,1.0,1.0,6.123233995736766e-17
2015-04-28,110.33999633789062,110.5500030517578,109.11000061035156,110.04000091552734,101.42706298828124,36849200.0,-0.0019973648646856,96.79000091552734,96.93000030517578,96.01000213623048,96.08999633789062,96.08999633789062,0.0,1.9279999732971191,1.9889999628067017,1.9259999990463257,1.9730000495910645,1.9730000495910645,0.0,13.260000228881836,14.229999542236328,12.40999984741211,12.40999984741211,12.40999984741211,0.0,-0.001997364864685625,0.013050593521831943,-0.001995371458891393,108.57500000000002,107.45850067138674,107.40720031738282,102.25535018920895,108.6640403490245,107.78460188368189,0.8794384653426164,0.5242485857720512,63.50797349329482,87.02482655470413,90.70843994507854,2.677990851560599,-19.964396162727706,1.2134176058011632,104.11164025984668,110.80536108292681,6.229121736538878,0.10980660657655725,-0.0025361878644876556,0.013479328835094583,0.0042659104679375805,-0.002888503335188759,-0.010643789211087143,0.7818314824680298,0.6234898018587336,1.0,6.123233995736766e-17
2015-04-29,109.43000030517578,110.06999969482422,108.75,109.3499984741211,100.79103088378906,34043900.0,-0.0062905765720526,96.12999725341795,96.18000030517578,94.68000030517578,95.12000274658205,95.12000274658205,0.0,2.026000022888184,2.0810000896453857,1.995000004768372,2.0350000858306885,2.0350000858306885,0.0,13.4399995803833,14.34000015258789,12.609999656677246,13.390000343322754,13.390000343322754,0.0,-0.006290576572052686,0.012062502888997852,-0.006270832317856412,108.72600021362307,107.67350044250489,107.45100021362305,102.3159501647949,108.76957236827013,107.90055718667737,0.8690151815927578,0.5932019049361926,58.73907035096237,77.24296468356843,84.93746286927097,1.4002245804045108,-32.26390358404701,1.221030612159953,104.42714509209272,110.91985579291706,6.029998722193769,0.11080733612761524,-0.001997364864685625,-0.0025361878644876556,0.005445414721871702,0.006232241721423536,-0.005222016208582129,0.9749279121818236,-0.22252093395631434,1.0,6.123233995736766e-17
2015-04-30,108.7300033569336,109.16999816894533,107.05999755859376,107.62999725341795,99.20569610595705,44080500.0,-0.0158539392855917,95.20999908447266,95.4499969482422,94.4000015258789,94.5999984741211,94.5999984741211,0.0,2.0339999198913574,2.109999895095825,2.0299999713897705,2.0460000038146973,2.0460000038146973,0.0,13.890000343322754,15.289999961853027,12.489999771118164,14.550000190734863,14.550000190734863,0.0,-0.015853939285591732,0.019405872760115298,-0.01572892710721341,108.71999969482424,107.79900016784669,107.44980010986329,102.36850013732908,108.59425311983134,107.88051571013963,0.7137374096917029,0.6173090058872948,48.88475415133294,61.61608056784812,75.29462393537356,-0.055720295875125336,-62.92345854968091,1.2973856338290515,104.78234646360936,110.81565387208401,5.596812028943304,0.1276873144859378,-0.006290576572052686,-0.001997364864685625,0.003766233339707755,-0.0013917697513108397,0.0006660565070954116,0.43388373911755823,-0.900968867902419,1.0,6.123233995736766e-17
2015-05-01,108.0500030517578,109.12000274658205,108.02999877929688,109.0500030517578,100.51456451416016,32874300.0,0.0131072044727787,94.83000183105467,95.4000015258789,94.5,95.3000030517578,95.3000030517578,0.0,2.066999912261963,2.124000072479248,2.058000087738037,2.117000102996826,2.117000102996826,0.0,13.979999542236328,13.979999542236328,12.68000030517578,12.699999809265137,12.699999809265137,0.0,0.013107204472778763,0.010087958690413363,0.013193480410693015,109.02399978637696,107.99550018310548,107.46260009765625,102.43005016326903,108.66436849397388,107.96714440211136,0.6972240918625232,0.6332920230823404,55.51937822488157,55.73374095964439,64.86426207035365,2.8676548007429483,-37.6114149873389,1.311144195210126,105.21051473001675,110.7804856361942,5.15759535974518,0.13438191666448168,-0.015853939285591732,-0.006290576572052686,0.013479328835094583,-0.015723174623104838,0.0,-0.433883739117558,-0.9009688679024191,0.8660254037844387,-0.4999999999999998
2015-05-04,109.4000015258789,109.91000366210938,109.16999816894533,109.2300033569336,100.68045806884766,23507300.0,0.0016490824688698,95.22000122070312,95.63999938964844,95.04000091552734,95.4800033569336,95.4800033569336,0.0,2.11899995803833,2.1419999599456787,2.086999893188477,2.134999990463257,2.134999990463257,0.0,13.119999885559082,13.18000030517578,12.100000381469728,12.850000381469728,12.850000381469728,0.0,0.001649082468869876,0.0067642183075198375,0.001650442953111897,109.18700027465822,108.15800018310547,107.4768002319336,102.49235019683836,108.75138924212153,108.06068950987596,0.6906997322455766,0.6447735649149877,56.29379853892041,55.02075757204853,57.456859699847016,1.5148744478881502,-34.402853746834595,1.2789196534345153,105.49143016049774,110.8245702057132,4.930878932845235,0.13229672538043552,0.013107204472778763,-0.015853939285591732,-0.0025361878644876556,0.014887105125044252,0.00814783757323893,0.0,1.0,0.8660254037844387,-0.4999999999999998
2015-05-05,108.8000030517578,109.0,107.4000015258789,107.4499969482422,99.03978729248048,47843300.0,-0.0164300587660091,95.44000244140624,95.9499969482422,94.87999725341795,95.12999725341795,95.12999725341795,0.0,2.1419999599456787,2.200000047683716,2.117000102996826,2.1760001182556152,2.1760001182556152,0.0,13.210000038146973,14.40999984741211,12.970000267028809,14.3100004196167,14.3100004196167,0.0,-0.01643005876600916,0.014705867915830392,-0.016295821531177812,109.12600021362304,108.2404998779297,107.45380020141602,102.54660018920896,108.55117504306318,108.01545302382901,0.5357220192341714,0.6229632557788245,47.48878627883655,53.95123715854735,54.90191189674675,-0.5645017806157173,-66.13201979018446,1.3182826661216704,105.78756077631066,110.69343897954873,4.532386868843708,0.14659701722197746,0.001649082468869876,0.013107204472778763,-0.001997364864685625,0.0042659104679375805,-0.0016996965291077803,0.7818314824680298,0.6234898018587336,0.8660254037844387,-0.4999999999999998
2015-05-06,107.63999938964844,107.9499969482422,106.0,106.70999908447266,98.35768127441406,42687200.0,-0.0069110180380902,95.18000030517578,95.22000122070312,93.87999725341795,94.12999725341795,94.12999725341795,0.0,2.197999954223633,2.252000093460083,2.181999921798706,2.240000009536743,2.240000009536743,0.0,13.93000030517578,16.360000610351562,13.890000343322754,15.149999618530272,15.149999618530272,0.0,-0.006911018038090202,0.01811591378018653,-0.006887191872212428,108.93199996948242,108.2439998626709,107.42140014648437,102.59525016784666,108.26791720328004,107.91875273202484,0.3491644712551931,0.5682034988740983,44.38094026145951,40.04747178302989,49.673155504541924,-1.785552152932247,-79.32271111389127,1.3634051148445656,105.80049463709992,110.68750508824189,4.5148095574277765,0.14646934716262866,-0.01643005876600916,0.001649082468869876,-0.006290576572052686,0.005445414721871702,0.007907937441053082,0.9749279121818236,-0.22252093395631434,0.8660254037844387,-0.4999999999999998
2015-05-07,106.68000030517578,107.6500015258789,106.5999984741211,107.3499984741211,98.94761657714844,29335800.0,0.0059799414121111,94.12999725341795,94.83000183105467,93.88999938964844,94.62000274658205,94.62000274658205,0.0,2.2090001106262207,2.249000072479248,2.184000015258789,2.184000015258789,2.184000015258789,0.0,15.479999542236328,15.970000267028809,14.8100004196167,15.130000114440918,15.130000114440918,0.0,0.005979941412111132,0.009842548263536794,0.005997856955253678,108.76100006103516,108.24599990844727,107.39080017089844,102.65690017700194,108.12669893725558,107.87662278699494,0.25007615026063945,0.5045780291514066,47.57637011915641,26.902670551437584,40.30045983100494,-1.5679434464996695,-73.83725744161151,1.3410192531955119,105.80565016366151,110.68634965323304,4.508895934907104,0.14631277789858618,-0.006911018038090202,-0.01643005876600916,-0.015853939285591732,0.003766233339707755,0.006263427264253835,0.43388373911755823,-0.900968867902419,0.8660254037844387,-0.4999999999999998
2015-05-08,108.45999908447266,108.91999816894533,108.3000030517578,108.69000244140624,100.1827392578125,33023300.0,0.0124053263007725,94.62999725341795,95.06999969482422,94.31999969482422,94.79000091552734,94.79000091552734,0.0,2.177999973297119,2.200000047683716,2.1010000705718994,2.150000095367432,2.150000095367432,0.0,13.359999656677246,13.420000076293944,12.699999809265137,12.859999656677246,12.859999656677246,0.0,0.012405326300772507,0.00571634816910383,0.012482591530651455,108.57600021362306,108.2930000305176,107.396600189209,102.72700019836425,108.21336101481722,107.93687313176615,0.2764878830510753,0.45895999993134035,53.58867286616235,32.99060823526487,33.31358352324412,-1.6736009216562637,-47.86820673870257,1.3573749990261348,105.85666759378697,110.72933246724824,4.499519703109277,0.1522383534105586,0.005979941412111132,-0.006911018038090202,0.013107204472778763,0.013479328835094583,0.004091835524237682,-0.433883739117558,-0.9009688679024191,0.8660254037844387,-0.4999999999999998
2015-05-11,108.76000213623048,108.9800033569336,108.19000244140624,108.2699966430664,99.79559326171876,19679300.0,-0.0038718842673986,94.8000030517578,95.26000213623048,94.8000030517578,95.01000213623048,95.01000213623048,0.0,2.174999952316284,2.2780001163482666,2.1730000972747803,2.2739999294281006,2.2739999294281006,0.0,13.350000381469728,13.850000381469728,13.0,13.850000381469728,13.850000381469728,0.0,-0.0038718842673986006,0.007263708164862111,-0.0038643981883690337,108.37699966430665,108.33249969482422,107.37440017700197,102.79175018310545,108.22207418839402,107.96154894741801,0.2605252409760084,0.419273048140274,51.5914551264516,40.76222920104318,33.55183599591521,-1.8048299062295938,-56.00784821655637,1.3168482787762221,105.92623546333736,110.73876392631108,4.442368150398771,0.15266406482577433,0.012405326300772507,0.005979941412111132,0.001649082468869876,-0.0025361878644876556,-0.002509139457229959,0.0,1.0,0.8660254037844387,-0.4999999999999998
2015-05-12,107.62999725341795,108.33000183105467,106.8000030517578,107.77999877929688,99.34392547607422,33665000.0,-0.0045362021863799,95.0500030517578,95.16000366210938,94.23999786376952,94.52999877929688,94.52999877929688,0.0,2.3350000381469727,2.3350000381469727,2.233999967575073,2.259999990463257,2.259999990463257,0.0,14.729999542236328,15.130000114440918,13.729999542236328,13.859999656677246,13.859999656677246,0.0,-0.0045362021863799605,0.014215356483698949,-0.004525929160619557,108.1509994506836,108.36299972534181,107.35260009765626,102.85770019531247,108.15406258699446,107.94810078681644,0.20596180017801657,0.37661079854782253,49.28375290275811,43.540006978820955,39.097614805043,-2.05380054291836,-65.50392410827818,1.3320733145276973,106.00377356775769,110.72222588292593,4.354302046941929,0.15324091367868922,-0.0038718842673986006,0.012405326300772507,-0.01643005876600916,-0.001997364864685625,-0.002888503335188759,0.7818314824680298,0.6234898018587336,0.8660254037844387,-0.4999999999999998
2015-05-13,108.25,108.80999755859376,107.83999633789062,108.0,99.54674530029295,20738400.0,0.0020395113931814,94.55999755859376,94.58999633789062,93.45999908447266,93.62000274658205,93.62000274658205,0.0,2.226999998092652,2.2890000343322754,2.188999891281128,2.282000064849853,2.282000064849853,0.0,13.630000114440918,14.039999961853027,13.0600004196167,13.760000228881836,13.760000228881836,0.0,0.0020395113931814006,0.008960750306726458,0.002041592611191634,108.01599960327148,108.37099990844729,107.3436001586914,102.92510021209715,108.13036065053377,107.95194517297818,0.17841547755558906,0.3369717343493759,50.35742551413786,39.082630029827556,41.128288736563896,-1.2345665230535747,-61.24033758568277,1.310496562011211,106.01816468724101,110.72383512965357,4.342186051976952,0.15179821729919507,-0.0045362021863799605,-0.0038718842673986006,-0.006911018038090202,-0.006290576572052686,0.006232241721423536,0.9749279121818236,-0.22252093395631434,0.8660254037844387,-0.4999999999999998
2015-05-14,108.87999725341795,109.66999816894533,108.4800033569336,109.58000183105467,101.00308227539062,23904200.0,0.014523698098605,93.66000366210938,93.76000213623048,93.12999725341795,93.36000061035156,93.36000061035156,0.0,2.250999927520752,2.2780001163482666,2.2249999046325684,2.239000082015991,2.239000082015991,0.0,13.140000343322754,13.289999961853027,12.720000267028809,12.739999771118164,12.739999771118164,0.0,0.014523698098605016,0.010929416256707122,0.014629679460684386,108.21100006103516,108.4654998779297,107.36240020751954,103.00190021514891,108.35338237061391,108.07254196246534,0.2808404081485776,0.32574546910921626,57.342034347478084,47.54518983773245,43.38927561546032,1.8117668191009764,-30.62016879284166,1.336175248220791,106.0762902437921,110.8547095120673,4.40547388215882,0.16004820460989552,0.0020395113931814006,-0.0045362021863799605,0.005979941412111132,-0.015853939285591732,-0.0013917697513108397,0.43388373911755823,-0.900968867902419,0.8660254037844387,-0.4999999999999998
2015-05-15,109.86000061035156,110.01000213623048,109.30999755859376,109.58000183105467,101.00308227539062,23937400.0,0.0,93.4000015258789,94.02999877929688,93.13999938964844,93.13999938964844,93.13999938964844,0.0,2.191999912261963,2.2109999656677246,2.134000062942505,2.1410000324249268,2.1410000324249268,0.0,12.460000038146973,13.09000015258789,12.350000381469728,12.380000114440918,12.380000114440918,0.0,0.0,0.006371787490876464,0.0,108.26399993896484,108.64399986267091,107.40580017089844,103.07530021667479,108.54209305683557,108.18420565643493,0.35788740040064226,0.33217385536750144,57.34203434747808,62.2735999243144,49.63380659729147,0.48601445618055106,-21.318693848532376,1.2907344860362144,106.50710919170977,110.78089053363205,3.9337481566625434,0.14768129682384784,0.014523698098605016,0.0020395113931814006,0.012405326300772507,0.013107204472778763,-0.015723174623104838,-0.433883739117558,-0.9009688679024191,0.8660254037844387,-0.4999999999999998
2015-05-18,109.4000015258789,110.27999877929688,109.31999969482422,110.05999755859376,101.44548034667967,17631100.0,0.0043704807754608,93.2300033569336,94.2699966430664,93.2300033569336,94.19000244140624,94.19000244140624,0.0,2.1559998989105225,2.233999967575073,2.1559998989105225,2.227999925613404,2.227999925613404,0.0,13.079999923706056,13.220000267028809,12.550000190734863,12.729999542236328,12.729999542236328,0.0,0.00437048077546088,0.008775128620501577,0.0043800452552806846,108.34699935913086,108.76699981689455,107.45260009765626,103.1483002090454,108.77561682633683,108.323153204743,0.4524636215938358,0.3562318086127683,59.35680131210653,80.97364015186363,63.59747663797016,0.7598591743588782,-5.1402169030350215,1.2671105287816746,106.60014597031477,110.93385366347434,3.9843957270635517,0.1396864106908191,0.0,0.014523698098605016,-0.0038718842673986006,0.001649082468869876,0.014887105125044252,0.0,1.0,0.8660254037844387,-0.4999999999999998
2015-05-19,110.18000030517578,110.3499984741211,109.76000213623048,109.94000244140624,101.33486938476562,14212900.0,-0.0010909437036765,94.12999725341795,95.47000122070312,94.08999633789062,95.2699966430664,95.2699966430664,0.0,2.21399998664856,2.3010001182556152,2.21399998664856,2.26200008392334,2.26200008392334,0.0,12.949999809265137,13.130000114440918,12.550000190734863,12.850000381469728,12.850000381469728,0.0,-0.0010909437036765509,0.005354840590456009,-0.0010903488409345075,108.59599990844727,108.86100006103516,107.5370001220703,103.22090023040771,108.95475307480905,108.4429198148662,0.511833259942847,0.3873520988787841,58.61152284721408,88.03862992930902,77.09529000182901,2.317362088305549,-9.425199460505485,1.218745229432313,106.66043429120145,111.06156583086886,4.042890968482578,0.13938540437173252,0.00437048077546088,0.0,-0.0045362021863799605,-0.01643005876600916,0.0042659104679375805,0.7818314824680298,0.6234898018587336,0.8660254037844387,-0.4999999999999998
2015-05-20,110.0199966430664,110.66999816894533,109.43000030517578,110.01000213623048,101.3994140625,21131900.0,0.000636741638539,95.30999755859376,95.83999633789062,95.26000213623048,95.4499969482422,95.4499969482422,0.0,2.256999969482422,2.2850000858306885,2.2290000915527344,2.250999927520752,2.250999927520752,0.0,12.899999618530272,13.270000457763672,12.619999885559082,12.880000114440918,12.880000114440918,0.0,0.0006367416385390059,0.01127065898567896,0.0006369444015297265,108.92600021362304,108.92900009155275,107.63500015258788,103.28880023956297,109.11709908425848,108.5589999868191,0.5580990974393814,0.4215014985909036,58.93543893913617,90.43396691171066,86.48207899762777,3.092496560838233,-14.13268290132751,1.2202632747421152,106.6725458906374,111.18545429246811,4.14298157335301,0.13832950704802607,-0.0010909437036765509,0.00437048077546088,0.0020395113931814006,-0.006911018038090202,0.005445414721871702,0.9749279121818236,-0.22252093395631434,0.8660254037844387,-0.4999999999999998
2015-05-21,109.81999969482422,110.7300033569336,109.66000366210938,110.58000183105467,101.92479705810548,16771800.0,0.005167944948825,95.58999633789062,95.6500015258789,94.97000122070312,95.26000213623048,95.26000213623048,0.0,2.2300000190734863,2.256999969482422,2.184999942779541,2.184999942779541,2.184999942779541,0.0,13.029999732971191,13.09000015258789,12.09000015258789,12.109999656677246,12.109999656677246,0.0,0.005167944948825039,0.009743213420120302,0.005181321810022066,109.24900054931639,109.00500030517578,107.73060012817383,103.35705024719238,109.34216104530405,108.70870382713284,0.6334572181712161,0.4638926425069661,61.57271696262355,91.09028009065577,89.85429231055848,3.0088527273824206,-3.1712773661996874,1.209530161890837,106.63065686475902,111.37934374559255,4.356393621887871,0.13884062720133544,0.0006367416385390059,-0.0010909437036765509,0.014523698098605016,0.005979941412111132,0.003766233339707755,0.43388373911755823,-0.900968867902419,0.8660254037844387,-0.4999999999999998
2015-05-22,110.4499969482422,110.87000274658205,110.37999725341795,110.47000122070312,101.82340240478516,13543800.0,-0.0009952938181326,95.4000015258789,96.2699966430664,94.81999969482422,96.01000213623048,96.01000213623048,0.0,2.1710000038146973,2.240999937057495,2.1710000038146973,2.2149999141693115,2.2149999141693115,0.0,12.369999885559082,12.369999885559082,11.81999969482422,12.130000114440918,12.130000114440918,0.0,-0.0009952938181326206,0.004436446416505667,-0.0009947986775241668,109.42700042724609,109.00150032043457,107.83320022583008,103.4224002456665,109.51567491844236,108.83917030073064,0.6765046177117142,0.5064150375479157,60.76171130695476,91.49415355705128,91.0061335198059,1.6376839997372066,-8.213579061318942,1.1581355426960693,106.63649612625377,111.36650451461537,4.3393975077927065,0.13041021184517299,0.005167944948825039,0.0006367416385390059,0.0,0.012405326300772507,0.013479328835094583,-0.433883739117558,-0.9009688679024191,0.8660254037844387,-0.4999999999999998
2015-05-25,110.4499969482422,110.87000274658205,110.37999725341795,110.47000122070312,101.82340240478516,13543800.0,0.0,95.4000015258789,96.2699966430664,94.81999969482422,96.01000213623048,96.01000213623048,0.0,2.1710000038146973,2.240999937057495,2.1710000038146973,2.2149999141693115,2.2149999141693115,0.0,12.369999885559082,12.369999885559082,11.81999969482422,12.130000114440918,12.130000114440918,0.0,0.0,0.004436446416505667,0.0,109.64700088500976,109.01200027465819,107.90860031127932,103.4840002441406,109.66249434955941,108.95997259109897,0.7025217584604349,0.5456363817304195,60.76171130695475,93.46718817038746,92.01720727269816,2.031961435160538,-8.213579061318942,1.1104119677294995,106.6217403867493,111.40226016256709,4.385315161425501,0.13007450522715594,-0.0009952938181326206,0.005167944948825039,0.00437048077546088,-0.0038718842673986006,-0.0025361878644876556,0.0,1.0,0.8660254037844387,-0.4999999999999998
2015-05-26,110.2300033569336,110.37999725341795,108.76000213623048,109.1999969482422,100.6527862548828,25488400.0,-0.0115631294802532,96.37000274658205,97.36000061035156,96.37000274658205,97.3000030517578,97.3000030517578,0.0,2.190000057220459,2.213000059127808,2.131999969482422,2.13700008392334,2.13700008392334,0.0,13.449999809265137,14.630000114440918,13.34000015258789,14.0600004196167,14.0600004196167,0.0,-0.01156312948025328,0.01469649884652364,-0.011496533431958333,109.78900070190429,108.97000007629393,107.95520019531251,103.53650024414061,109.5913409032029,108.9777521731096,0.613588730093312,0.5592268514029981,51.6520437361093,81.48755831998537,88.81630001580803,1.3174969243162487,-39.110166917405955,1.1532396189254381,106.62673859868164,111.31326155390622,4.300746032801108,0.13639386033387432,0.0,-0.0009952938181326206,-0.0010909437036765509,-0.0045362021863799605,-0.001997364864685625,0.7818314824680298,0.6234898018587336,0.8660254037844387,-0.4999999999999998
2015-05-27,109.52999877929688,111.08000183105467,109.29000091552734,110.95999908447266,102.27503967285156,30572700.0,0.0159888174045982,97.20999908447266,97.77999877929688,96.88999938964844,97.37000274658205,97.37000274658205,0.0,2.1549999713897705,2.174000024795532,2.134999990463257,2.134999990463257,2.134999990463257,0.0,14.15999984741211,14.40999984741211,13.050000190734863,13.270000457763672,13.270000457763672,0.0,0.01598881740459827,0.016342563092091183,0.016117322513663268,110.08500061035157,109.05050010681151,108.01600021362306,103.59780025482176,109.80190370032133,109.124585277655,0.6773184226663318,0.5828451656556649,60.4920026147328,83.29081691045516,86.08185446694266,2.7407398930302374,-2.803803289909612,1.2051514234887977,106.54712363550729,111.55387657811573,4.591224192190304,0.14617228418433628,-0.01156312948025328,0.0,0.0006367416385390059,0.0020395113931814006,-0.006290576572052686,0.9749279121818236,-0.22252093395631434,0.8660254037844387,-0.4999999999999998
2015-05-28,110.75,111.01000213623048,110.37000274658205,110.70999908447266,102.04460906982422,17302400.0,-0.002255590219951,97.27999877929688,97.62999725341795,96.87000274658205,96.97000122070312,96.97000122070312,0.0,2.127000093460083,2.1530001163482666,2.115999937057495,2.130000114440918,2.130000114440918,0.0,13.489999771118164,13.989999771118164,13.3100004196167,13.3100004196167,13.3100004196167,0.0,-0.002255590219951035,0.005778775527299661,-0.0022530482878757585,110.19800033569337,109.20450019836426,108.06860015869141,103.65685024261472,109.94161068249846,109.24202333741927,0.6995873450791947,0.6061936015403708,58.846110427483154,83.14703444716503,82.64180322586851,1.0312075511370768,-8.644926451189349,1.164783421071629,106.69014003982554,111.71886035690298,4.604865466114525,0.1330936231404784,0.01598881740459827,-0.01156312948025328,0.005167944948825039,0.014523698098605016,-0.015853939285591732,0.43388373911755823,-0.900968867902419,0.8660254037844387,-0.4999999999999998
2015-05-29,110.63999938964844,110.79000091552734,109.79000091552734,110.0500030517578,101.43624114990234,30383000.0,-0.0059796264070452,96.87999725341795,97.19000244140624,96.75,96.91000366210938,96.91000366210938,0.0,2.128000020980835,2.134000062942505,2.0920000076293945,2.095000028610229,2.095000028610229,0.0,13.59000015258789,14.43000030517578,13.399999618530272,13.84000015258789,13.84000015258789,0.0,-0.00597962640704529,0.009038322537206746,-0.005961784022373906,110.24500045776368,109.25450019836425,108.09900024414061,103.71185024261473,109.95828643161528,109.30187368662953,0.6564127449857438,0.6162374302294454,54.62090063179039,88.16195711851256,84.86660282537758,0.42891149192327166,-24.065398903363356,1.1530131767093699,106.71344616967914,111.79555422704937,4.651623546987137,0.12799304356771174,-0.002255590219951035,0.01598881740459827,-0.0009952938181326206,0.0,0.013107204472778763,-0.433883739117558,-0.9009688679024191,0.8660254037844387,-0.4999999999999998
2015-06-01,110.63999938964844,110.72000122070312,109.5199966430664,110.41999816894533,101.7773208618164,24570200.0,0.0033568628867712,96.88999938964844,97.68000030517578,96.88999938964844,97.38999938964844,97.38999938964844,0.0,2.125,2.197000026702881,2.1059999465942383,2.191999912261963,2.191999912261963,0.0,13.920000076293944,14.859999656677246,13.470000267028809,13.970000267028809,13.970000267028809,0.0,0.0033568628867712306,0.010846028418805217,0.00336250346077005,110.28100051879885,109.31399993896486,108.14100021362306,103.76695022583006,110.02931900658913,109.38469772235663,0.6446212842324996,0.6219142010300562,56.506270308184014,82.30640859449917,84.53846672005892,0.3270948740117001,-20.370448861949786,1.1563697053470376,106.72018056324362,111.9078193146861,4.745630710008764,0.12834717601467588,-0.00597962640704529,-0.002255590219951035,0.0,0.00437048077546088,0.001649082468869876,0.0,1.0,0.49999999999999994,-0.8660254037844387
2015-06-02,110.01000213623048,110.61000061035156,109.47000122070312,110.06999969482422,101.45472717285156,19449600.0,-0.0031746367073293,97.44000244140624,97.52999877929688,95.66999816894533,95.83999633789062,95.83999633789062,0.0,2.213000059127808,2.2769999504089355,2.2109999656677246,2.2660000324249268,2.2660000324249268,0.0,14.720000267028809,15.050000190734863,13.59000015258789,14.239999771118164,14.239999771118164,0.0,-0.0031746367073293646,0.010362688551143953,-0.0031696028764879314,110.29400024414063,109.44500007629395,108.18380020141603,103.81980022430417,110.03557757400992,109.4354608314283,0.6001167425816192,0.6175547093403688,54.211765165104694,72.23929780928883,80.90255450743352,0.11824381529122346,-38.846258806820344,1.155200397082852,106.9864456104297,111.9035545421582,4.492767077802363,0.11277987658432366,0.0033568628867712306,-0.00597962640704529,-0.01156312948025328,-0.0010909437036765509,-0.01643005876600916,0.7818314824680298,0.6234898018587336,0.49999999999999994,-0.8660254037844387
2015-06-03,110.56999969482422,110.80999755859376,110.12999725341795,110.4000015258789,101.7588882446289,20507200.0,0.0029935129916149,95.93000030517578,96.51000213623048,95.20999908447266,95.47000122070312,95.47000122070312,0.0,2.29099988937378,2.388000011444092,2.2709999084472656,2.365999937057495,2.365999937057495,0.0,13.729999542236328,14.199999809265137,13.399999618530272,13.65999984741211,13.65999984741211,0.0,0.0029935129916149497,0.006149953034752884,0.0029979980258498795,110.33300018310548,109.62950019836424,108.28260025024416,103.87420024871824,110.09164279737438,109.5069082902765,0.5847345070978776,0.6109906688918706,56.02491607321455,70.49097683133091,75.01222774503964,0.3545126643716168,-29.31036183723712,1.1255430732747587,107.50385135697523,111.75514903975325,3.8778774646292233,0.10873430096162515,-0.0031746367073293646,0.0033568628867712306,0.01598881740459827,0.0006367416385390059,-0.006911018038090202,0.9749279121818236,-0.22252093395631434,0.49999999999999994,-0.8660254037844387
2015-06-04,109.77999877929688,110.4800033569336,109.20999908447266,109.55999755859376,100.98462677001952,31374600.0,-0.0076378792048687,95.41000366210938,95.58000183105467,94.6500015258789,95.45999908447266,95.45999908447266,0.0,2.358999967575073,2.361999988555908,2.2960000038146973,2.306999921798706,2.306999921798706,0.0,14.56999969482422,15.489999771118164,13.989999771118164,14.710000038146973,14.710000038146973,0.0,-0.007637879204868773,0.011568630775940985,-0.007608784725989359,110.23099975585939,109.74000015258788,108.3718002319336,103.92495021820068,110.00985122217736,109.51084082867037,0.4990103935069925,0.588594613814895,50.53891788271742,55.4419817335287,66.05741879138282,-0.9224129639817539,-65.51743415535644,1.1358617303594858,107.90313686834735,111.57686343682842,3.3476640818051235,0.11231041414639394,0.0029935129916149497,-0.0031746367073293646,-0.002255590219951035,0.005167944948825039,0.005979941412111132,0.43388373911755823,-0.900968867902419,0.49999999999999994,-0.8660254037844387
2015-06-05,109.43000030517578,109.69000244140624,108.62999725341795,109.3000030517578,100.74497985839844,22641700.0,-0.0023759231811383,95.77999877929688,96.91000366210938,95.36000061035156,96.30999755859376,96.30999755859376,0.0,2.3499999046325684,2.437999963760376,2.3410000801086426,2.4019999504089355,2.4019999504089355,0.0,15.010000228881836,15.649999618530272,14.210000038146973,14.210000038146973,14.210000038146973,0.0,-0.0023759231811383503,0.009686604998923183,-0.0023731029096819567,110.11399993896487,109.77050018310548,108.44740036010744,103.97255023956296,109.90064381134358,109.49522321556573,0.40542059577785494,0.551959810207487,48.94149751468619,44.17310945128295,56.70202267204751,-1.059109401662664,-72.65287565355763,1.1304434059043997,107.98758039202784,111.55341997418313,3.248449789521959,0.10441269550483918,-0.007637879204868773,0.0029935129916149497,-0.00597962640704529,-0.0009952938181326206,0.012405326300772507,-0.433883739117558,-0.9009688679024191,0.49999999999999994,-0.8660254037844387
2015-06-08,109.25,109.33000183105467,107.97000122070312,108.19000244140624,99.72185516357422,24549200.0,-0.0102075096686612,96.33999633789062,96.5500030517578,95.0500030517578,95.3000030517578,95.3000030517578,0.0,2.3989999294281006,2.4019999504089355,2.365999937057495,2.38100004196167,2.38100004196167,0.0,14.84000015258789,15.5,14.670000076293944,15.289999961853027,15.289999961853027,0.0,-0.010207509668661277,0.012448518172554218,-0.010155589849362823,109.88600006103518,109.76650047302248,108.47660034179688,104.01460025787351,109.6374682159686,109.39854019525762,0.23892802071097208,0.489353452308184,42.73157841266415,22.96789434586987,40.86099517689384,-2.0639076256926807,-92.92600715347635,1.146840349079196,107.96910724679854,111.5638936992464,3.2749394732971018,0.1100250703981379,-0.0023759231811383503,-0.007637879204868773,0.0033568628867712306,0.0,-0.0038718842673986006,0.0,1.0,0.49999999999999994,-0.8660254037844387
2015-06-09,107.93000030517578,108.4000015258789,107.1999969482422,108.01000213623048,99.5559310913086,27554600.0,-0.0016652544543694,95.25,95.58000183105467,94.8499984741211,95.16999816894533,95.16999816894533,0.0,2.385999917984009,2.4489998817443848,2.385999917984009,2.4170000553131104,2.4170000553131104,0.0,15.18000030517578,15.739999771118164,14.470000267028809,14.470000267028809,14.470000267028809,0.0,-0.0016652544543694742,0.011118359809539983,-0.0016638686874954622,109.76700057983399,109.77800064086915,108.52480041503907,104.05430027008055,109.38708881908582,109.29568552421858,0.09140329486723431,0.4097634208199941,41.80523072736065,18.432504430584977,28.524502742579266,-1.0897388692929575,-79.12360390121111,1.1506377939761612,108.03191275517317,111.52408852656514,3.181125317463535,0.10893450642428847,-0.010207509668661277,-0.0023759231811383503,-0.0031746367073293646,-0.01156312948025328,-0.0045362021863799605,0.7818314824680298,0.6234898018587336,0.49999999999999994,-0.8660254037844387
2015-06-10,108.37999725341795,109.80999755859376,108.26000213623048,109.48999786376952,100.92012786865234,30297900.0,0.0136097830477871,95.13999938964844,95.2300033569336,94.31999969482422,94.6500015258789,94.6500015258789,0.0,2.476999998092652,2.489000082015991,2.453000068664551,2.477999925613404,2.477999925613404,0.0,14.239999771118164,14.369999885559082,12.960000038146973,13.220000267028809,13.220000267028809,0.0,0.013609783047787144,0.014301489773422184,0.013702817726575889,109.6200004577637,109.85250053405761,108.6136003112793,104.10435024261474,109.40292097980638,109.31007903085198,0.09284194895440123,0.3463791264468756,51.17699752055555,28.990318941080698,23.463572572511847,-1.3248028414131863,-40.979432122070456,1.1970204817180983,108.31062447680158,111.39437659131364,2.8071751662639755,0.11894010975280814,-0.0016652544543694742,-0.010207509668661277,0.0029935129916149497,0.01598881740459827,0.0020395113931814006,0.9749279121818236,-0.22252093395631434,0.49999999999999994,-0.8660254037844387
2015-06-11,109.86000061035156,110.1500015258789,109.45999908447266,109.6500015258789,101.0675811767578,17593500.0,0.0014600228399614,94.6999969482422,95.5999984741211,94.6999969482422,94.9800033569336,94.9800033569336,0.0,2.461999893188477,2.483999967575073,2.382999897003174,2.382999897003174,2.382999897003174,0.0,13.039999961853027,13.220000267028809,12.5600004196167,12.850000381469728,12.850000381469728,0.0,0.001460022839961437,0.00628074310552329,0.0014610891922111069,109.51400070190431,109.85600051879882,108.70420028686523,104.1556502532959,109.44093337150984,109.33525847492804,0.10567489658180307,0.2982382804738611,52.075560880517585,47.68044412983062,31.701089167165428,-0.9574542203590508,-36.855631587226576,1.1608049074101092,108.31641282669123,111.39558821090641,2.8029196126507996,0.10724530804936157,0.013609783047787144,-0.0016652544543694742,-0.007637879204868773,-0.002255590219951035,0.014523698098605016,0.43388373911755823,-0.900968867902419,0.49999999999999994,-0.8660254037844387
2015-06-12,109.06999969482422,109.3000030517578,108.5999984741211,108.75,100.2380142211914,27201800.0,-0.0082419134937786,95.08999633789062,95.68000030517578,94.69000244140624,94.97000122070312,94.97000122070312,0.0,2.385999917984009,2.4059998989105225,2.3340001106262207,2.384999990463257,2.384999990463257,0.0,13.3100004196167,14.020000457763672,13.300000190734863,13.779999732971191,13.779999732971191,0.0,-0.008241913493778699,0.0064179387512176035,-0.008208042043823638,109.38400039672854,109.8145004272461,108.77680023193359,104.19995025634766,109.3346359297391,109.29190599530374,0.04272993443535711,0.2471366112661603,46.85217636035758,54.03780609302072,43.56952305464401,-1.1812839761089253,-60.051518011640795,1.152890489149231,108.20063384024766,111.42836701424454,2.939259534432165,0.11119551074054067,0.001460022839961437,0.013609783047787144,-0.0023759231811383503,-0.00597962640704529,0.0,-0.433883739117558,-0.9009688679024191,0.49999999999999994,-0.8660254037844387
2015-06-15,107.94000244140624,108.37999725341795,107.30999755859376,108.20999908447266,99.7402801513672,31238800.0,-0.0049778912174588,95.1999969482422,95.38999938964844,94.7300033569336,94.80999755859376,94.80999755859376,0.0,2.351999998092652,2.375999927520752,2.312999963760376,2.3580000400543213,2.3580000400543213,0.0,15.479999542236328,15.56999969482422,14.90999984741211,15.390000343322754,15.390000343322754,0.0,-0.004977891217458884,0.009912911530690627,-0.00496552204960754,109.16300048828127,109.72200050354006,108.82140014648436,104.24060024261476,109.16161487662119,109.21176474264958,-0.05014986602839144,0.18767931580724997,44.00043000019938,43.04126684494777,48.25317235593303,-2.0014482169174803,-73.96904986628931,1.1733984857390172,107.96193373071931,111.48206727636081,3.2082294612628086,0.11084910303270688,-0.008241913493778699,0.001460022839961437,-0.010207509668661277,0.0033568628867712306,0.00437048077546088,0.0,1.0,0.49999999999999994,-0.8660254037844387
2015-06-16,108.0999984741211,108.9800033569336,108.0500030517578,108.8000030517578,100.28412628173828,16456900.0,0.0054378111170176,94.8499984741211,95.2300033569336,94.55999755859376,95.0,95.0,0.0,2.3239998817443848,2.3559999465942383,2.312999963760376,2.318000078201294,2.318000078201294,0.0,15.619999885559082,15.619999885559082,14.8100004196167,14.8100004196167,14.8100004196167,0.0,0.00543781111701765,0.008603148180417741,0.005452622847516908,109.0360008239746,109.66500053405763,108.88140014648437,104.28835025787355,109.10598228818067,109.1812638766576,-0.07528158847692623,0.13508713495041474,47.743006333345626,35.99142859736109,44.35683384510986,-1.1538081644295117,-58.00514632998664,1.1560129014130727,107.8613614647547,111.46863960336056,3.28936134686434,0.11305949803093862,-0.004977891217458884,-0.008241913493778699,-0.0016652544543694742,-0.0031746367073293646,-0.0010909437036765509,0.7818314824680298,0.6234898018587336,0.49999999999999994,-0.8660254037844387
2015-06-17,108.9800033569336,109.4499969482422,108.43000030517578,109.0999984741211,100.56062316894533,23296700.0,0.002753341201476,94.95999908447266,95.18000030517578,94.11000061035156,94.3000030517578,94.3000030517578,0.0,2.3310000896453857,2.4030001163482666,2.305999994277954,2.305999994277954,2.305999994277954,0.0,14.65999984741211,15.489999771118164,14.06999969482422,14.5,14.5,0.0,0.002753341201476079,0.009359484415922673,0.0027571351265529565,108.90600051879883,109.61950035095215,108.93060012817382,104.33350025177003,109.10506170140226,109.17524421721045,-0.07018251580818458,0.09403320479869488,49.58787460499312,40.219138706883314,39.750611383064054,-1.1775389798822407,-47.36838768307413,1.146297454388312,107.80661739670911,111.43238330519519,3.307592077028273,0.11359537379200454,0.00543781111701765,-0.004977891217458884,0.013609783047787144,0.0029935129916149497,0.0006367416385390059,0.9749279121818236,-0.22252093395631434,0.49999999999999994,-0.8660254037844387
2015-06-18,109.5,110.87999725341795,109.44000244140624,110.69000244140624,102.02617645263672,43032400.0,0.0144686509994155,94.22000122070312,94.2300033569336,93.55999755859376,94.04000091552734,94.04000091552734,0.0,2.303999900817871,2.38100004196167,2.2880001068115234,2.3510000705718994,2.3510000705718994,0.0,14.029999732971191,14.029999732971191,12.539999961853027,13.1899995803833,13.1899995803833,0.0,0.01446865099941551,0.013150637552618437,0.014573828577307157,109.01900100708008,109.62500038146973,108.99820022583008,104.38700027465822,109.34889873832594,109.28744853011383,0.06145020821210778,0.08751660548137748,58.04257189999351,63.15452130492364,46.45502953638935,1.0314028002858744,-5.162902072168296,1.1915618347389227,107.79922622681055,111.45077453612892,3.330944854377948,0.12398111524278954,0.002753341201476079,0.00543781111701765,0.001460022839961437,-0.007637879204868773,0.005167944948825039,0.43388373911755823,-0.900968867902419,0.49999999999999994,-0.8660254037844387
2015-06-19,110.48999786376952,110.58000183105467,109.80999755859376,109.88999938964844,101.52176666259766,27877600.0,-0.0049561868799727,94.0199966430664,94.5,93.9000015258789,94.08999633789062,94.08999633789062,0.0,2.316999912261963,2.316999912261963,2.259999990463257,2.2669999599456787,2.2669999599456787,0.0,13.350000381469728,14.0,12.960000038146973,13.960000038146973,13.960000038146973,0.0,-0.0049561868799727704,0.006968995269692182,-0.004943925251116532,109.07800064086913,109.596000289917,109.04100021362305,104.4390502548218,109.43214499237556,109.3320819271164,0.10006306525914965,0.09002589743693191,53.207386802637046,73.52219887079971,58.96528629420222,0.539795353538328,-26.902113632358404,1.1693077667441762,107.80871941174767,111.38328116808633,3.261580483669821,0.12521497652374824,0.01446865099941551,0.002753341201476079,-0.008241913493778699,-0.0023759231811383503,-0.0009952938181326206,-0.433883739117558,-0.9009688679024191,0.49999999999999994,-0.8660254037844387
2015-06-22,110.6999969482422,111.02999877929688,110.4499969482422,110.6999969482422,102.27005767822266,19120900.0,0.0073437134290823,94.05999755859376,94.4499969482422,93.80999755859376,94.33000183105467,94.33000183105467,0.0,2.316999912261963,2.36899995803833,2.2850000858306885,2.359999895095825,2.359999895095825,0.0,13.420000076293944,13.460000038146973,12.43000030517578,12.739999771118164,12.739999771118164,0.0,0.0073437134290823035,0.005239402412322136,0.007370744621810088,109.32900009155273,109.60750007629395,109.10540008544922,104.49995025634767,109.62719913943197,109.43340896571831,0.19379017371365137,0.11077875269227581,57.10377550258073,86.43958420565592,74.37210146045976,2.3199874759179657,-8.616231678505493,1.1672143112373379,107.79377709240723,111.42122306018067,3.3094870015724305,0.12801252369933447,-0.0049561868799727704,0.01446865099941551,-0.004977891217458884,-0.010207509668661277,0.0,0.0,1.0,0.49999999999999994,-0.8660254037844387
2015-06-23,110.81999969482422,110.88999938964844,110.33000183105467,110.79000091552734,102.35324096679688,18127900.0,0.0008130383363701,94.3000030517578,95.63999938964844,94.3000030517578,95.43000030517578,95.43000030517578,0.0,2.388999938964844,2.428999900817871,2.367000102996826,2.4089999198913574,2.4089999198913574,0.0,12.5,12.68000030517578,11.93000030517578,12.109999656677246,12.109999656677246,0.0,0.0008130383363701492,0.005053217470996966,0.0008133689416305323,109.60699996948242,109.6870002746582,109.17780014038085,104.55700027465822,109.80609172036971,109.53389725829676,0.27219446207294595,0.14306189456840984,57.52699010207509,86.07179830777218,82.0111937947426,2.5738345748669773,-6.26625976581956,1.1238416860485112,107.81019440182436,111.56380614749204,3.4221117691873904,0.1202047750253421,0.0073437134290823035,-0.0049561868799727704,0.00543781111701765,-0.0016652544543694742,-0.01156312948025328,0.7818314824680298,0.6234898018587336,0.49999999999999994,-0.8660254037844387
2015-06-24,110.66000366210938,111.12999725341795,110.19000244140624,110.22000122070312,101.82662963867188,15815900.0,-0.0051583194195109,95.37999725341795,95.54000091552734,94.93000030517578,95.26000213623048,95.26000213623048,0.0,2.382999897003174,2.4140000343322754,2.365000009536743,2.371000051498413,2.371000051498413,0.0,12.56999969482422,13.329999923706056,12.010000228881836,13.260000228881836,13.260000228881836,0.0,-0.005158319419510954,0.008494440456390284,-0.005145038136074587,109.68000030517577,109.65000038146972,109.2254002380371,104.61045028686524,109.86977010503638,109.58471977403057,0.2850503310058059,0.17145958185588905,53.900143821884356,87.3207983391602,86.61072695086277,0.666730634009052,-23.15511353819434,1.1107097664744547,107.85131164579713,111.44868911714232,3.280781996196997,0.10763269430930099,0.0008130383363701492,0.0073437134290823035,0.002753341201476079,0.013609783047787144,0.01598881740459827,0.9749279121818236,-0.22252093395631434,0.49999999999999994,-0.8660254037844387
2015-06-25,110.6500015258789,110.76000213623048,109.81999969482422,110.0,101.62337493896484,18326700.0,-0.0019980807348771,95.2699966430664,95.51000213623048,95.08999633789062,95.19000244140624,95.19000244140624,0.0,2.3980000019073486,2.4230000972747803,2.381999969482422,2.3929998874664307,2.3929998874664307,0.0,12.960000038146973,14.15999984741211,12.920000076293944,14.010000228881836,14.010000228881836,0.0,-0.0019980807348771393,0.008495277256606416,-0.001996085900400235,109.71500015258788,109.6145004272461,109.27160018920898,104.65905029296876,109.88980547349232,109.61548127225053,0.27432420124178236,0.1920325057330677,52.52373252317459,80.60850605158451,84.66703423283896,0.3191960503880972,-28.753108541232542,1.0985163861124412,107.87691086303734,111.35208999145486,3.1703644270349858,0.10757195586475991,-0.005158319419510954,0.0008130383363701492,0.01446865099941551,0.001460022839961437,-0.002255590219951035,0.43388373911755823,-0.900968867902419,0.49999999999999994,-0.8660254037844387
2015-06-26,109.9800033569336,110.2300033569336,108.86000061035156,109.2699966430664,100.94895935058594,32311700.0,-0.0066585408367087,95.16999816894533,95.66999816894533,95.08000183105467,95.47000122070312,95.47000122070312,0.0,2.434000015258789,2.489000082015991,2.434000015258789,2.4760000705718994,2.4760000705718994,0.0,14.130000114440918,14.90999984741211,13.640000343322754,14.020000457763672,14.020000457763672,0.0,-0.006658540836708774,0.012456834922397377,-0.00663642187423874,109.76699981689455,109.57550010681153,109.3368000793457,104.70550025939941,109.7944502688114,109.5898898182369,0.20456045057450467,0.1945380947013551,48.13162207243413,66.9211739301216,78.2834927736221,0.4781578327047414,-47.3282561302083,1.1179082690031261,107.84406426114978,111.30693595247328,3.1602609049906016,0.10808097105644565,-0.0019980807348771393,-0.005158319419510954,-0.0049561868799727704,-0.008241913493778699,-0.00597962640704529,-0.433883739117558,-0.9009688679024191,0.49999999999999994,-0.8660254037844387
2015-06-29,108.05999755859376,108.66000366210938,106.63999938964844,106.69000244140624,98.5654525756836,50874900.0,-0.0238942154885495,96.26000213623048,96.37000274658205,94.68000030517578,94.79000091552734,94.79000091552734,0.0,2.36899995803833,2.4089999198913574,2.328000068664551,2.3310000896453857,2.3310000896453857,0.0,16.700000762939453,19.5,15.81999969482422,18.850000381469727,18.850000381469727,0.0,-0.023894215488549583,0.01869335848694262,-0.023611008872559625,109.6150001525879,109.38900032043458,109.3186001586914,104.74370025634765,109.31684291074907,109.37508334587906,-0.058240435129988555,0.1439823887350864,36.51119122335183,41.67742985746344,63.06903661305651,-1.4046730024273042,-98.88634575616882,1.2259146250327577,107.27851724727016,111.499483393599,3.8586751263511916,0.13578623249864766,-0.006658540836708774,-0.0019980807348771393,0.0073437134290823035,-0.004977891217458884,0.0033568628867712306,0.0,1.0,0.49999999999999994,-0.8660254037844387
2015-06-30,107.48999786376952,107.72000122070312,106.73999786376952,107.06999969482422,98.91649627685548,34809900.0,0.0035552016066454,95.02999877929688,95.68000030517578,94.8499984741211,95.48999786376952,95.48999786376952,0.0,2.361999988555908,2.378000020980835,2.309999942779541,2.3350000381469727,2.3350000381469727,0.0,17.600000381469727,19.799999237060547,17.489999771118164,18.229999542236328,18.229999542236328,0.0,0.0035552016066454453,0.00911715858600763,0.0035615288318424643,109.44199981689452,109.23900032043457,109.29880020141601,104.78515026092529,108.97117472368372,109.2043364087639,-0.23316168508017654,0.06855357397203382,38.85280198087564,21.12074896110624,43.239784249563755,-1.5900765702282111,-90.42315123030414,1.2119206360516244,106.91651693706189,111.56148370380726,4.252113945678857,0.13685049038289931,-0.023894215488549583,-0.006658540836708774,0.0008130383363701492,0.00543781111701765,-0.0031746367073293646,0.7818314824680298,0.6234898018587336,0.49999999999999994,-0.8660254037844387
2015-07-01,108.12999725341795,108.3499984741211,107.41999816894533,107.91999816894533,99.7017822265625,21293000.0,0.0079075304403109,95.5999984741211,96.3499984741211,95.47000122070312,96.30999755859376,96.30999755859376,0.0,2.4179999828338623,2.444000005722046,2.3970000743865967,2.4179999828338623,2.4179999828338623,0.0,16.6299991607666,17.260000228881836,15.649999618530272,16.09000015258789,16.09000015258789,0.0,0.007907530440310982,0.008600761387204881,0.007938877530691002,109.32399978637694,109.11500015258788,109.28420013427736,104.82555027008056,108.80945525372397,109.1092002428514,-0.29974498912743286,-0.005106138647859512,43.84221934463665,13.066094829964149,25.288091216177943,-1.0815768301368651,-71.49221852363459,1.2167833605691423,106.78869813536828,111.44130216980749,4.263945404328409,0.13995590501598695,0.0035552016066454453,-0.023894215488549583,-0.005158319419510954,0.002753341201476079,0.0029935129916149497,0.9749279121818236,-0.22252093395631434,1.2246467991473532e-16,-1.0
2015-07-02,108.2300033569336,108.31999969482422,107.62000274658205,107.9499969482422,99.72947692871094,20499400.0,0.0002777368246458,96.31999969482422,96.41999816894533,95.87000274658205,96.11000061035156,96.11000061035156,0.0,2.4549999237060547,2.470000028610229,2.364000082015991,2.3929998874664307,2.3929998874664307,0.0,15.43000030517578,17.479999542236328,15.390000343322754,16.790000915527344,16.790000915527344,0.0,0.00027773682464582444,0.006467679262040132,0.00027777539708861987,109.04999923706055,109.03450012207031,109.26200012207032,104.87660026550292,108.67723089903447,109.02333333213961,-0.34610243310514477,-0.07330539753931657,44.01584285694423,22.42017876693774,18.869007519336044,-2.4753866046885817,-70.82409394524805,1.1798700454029303,106.66206678168187,111.40693346245875,4.351711316569281,0.13779622839430947,0.007907530440310982,0.0035552016066454453,-0.0019980807348771393,0.01446865099941551,-0.007637879204868773,0.43388373911755823,-0.900968867902419,1.2246467991473532e-16,-1.0
2015-07-03,108.2300033569336,108.31999969482422,107.62000274658205,107.9499969482422,99.72947692871094,20499400.0,0.0,96.31999969482422,96.41999816894533,95.87000274658205,96.11000061035156,96.11000061035156,0.0,2.4549999237060547,2.470000028610229,2.364000082015991,2.3929998874664307,2.3929998874664307,0.0,15.43000030517578,17.479999542236328,15.390000343322754,16.790000915527344,16.790000915527344,0.0,0.0,0.006467679262040132,0.0,108.85599899291992,108.96699981689453,109.21020004272461,104.92245025634763,108.56534875275872,108.9438269333324,-0.3784781805736799,-0.13433995414618924,44.015842856944246,28.95319786195644,21.479823819619444,-1.765403996889077,-70.82409394524805,1.1455933956057334,106.54997165954791,111.38402797424115,4.436257144655054,0.1376539092643997,0.00027773682464582444,0.007907530440310982,-0.006658540836708774,-0.0049561868799727704,-0.0023759231811383503,-0.433883739117558,-0.9009688679024191,1.2246467991473532e-16,-1.0
2015-07-06,107.2699966430664,108.31999969482422,107.04000091552734,107.6999969482422,99.49851989746094,24311000.0,-0.0023185208744671,95.94000244140624,96.62999725341795,95.94000244140624,96.3000030517578,96.3000030517578,0.0,2.315999984741211,2.345999956130981,2.276000022888184,2.2780001163482666,2.2780001163482666,0.0,18.64999961853028,18.950000762939453,16.56999969482422,17.010000228881836,17.010000228881836,0.0,-0.0023185208744671186,0.011932495752339619,-0.0023158351809575706,108.55599899291992,108.94249954223633,109.15899993896484,104.96770023345945,108.43221770591002,108.85169137888127,-0.41947367297125027,-0.19136669791120148,42.73873933820688,27.31992892822005,26.23110185237141,-2.710027174980547,-76.39202532484374,1.1551937801551007,106.48275264181318,111.40224644265949,4.515679208313973,0.13305147819815533,0.0,0.00027773682464582444,-0.023894215488549583,0.0073437134290823035,-0.010207509668661277,0.0,1.0,1.2246467991473532e-16,-1.0
2015-07-07,107.81999969482422,108.06999969482422,105.83000183105467,107.97000122070312,99.74798583984376,44230800.0,0.0025040948328387,96.27999877929688,97.23999786376952,96.27999877929688,96.87000274658205,96.87000274658205,0.0,2.2260000705718994,2.236999988555908,2.187000036239624,2.2309999465942383,2.2309999465942383,0.0,17.219999313354492,19.200000762939453,15.93000030517578,16.09000015258789,16.09000015258789,0.0,0.002504094832838734,0.02077534659719605,0.0025072326969277636,108.27399902343751,108.94049949645995,109.11759994506836,105.01360023498535,108.36110747741665,108.786380996794,-0.4252735193773418,-0.23814806220442958,44.60803984525516,31.053754192851848,29.10896032767611,-2.5453557825803688,-59.622618151352654,1.232679786127561,106.47749718064223,111.40350181227767,4.521738613650755,0.13322895020106806,-0.0023185208744671186,0.0,0.0035552016066454453,0.0008130383363701492,-0.0016652544543694742,0.7818314824680298,0.6234898018587336,1.2246467991473532e-16,-1.0
2015-07-08,107.1999969482422,107.33000183105467,105.88999938964844,106.08999633789062,98.01113891601562,39691500.0,-0.0175657288645307,96.68000030517578,96.87999725341795,96.12000274658205,96.29000091552734,96.29000091552734,0.0,2.2239999771118164,2.250999927520752,2.197999954223633,2.2060000896453857,2.2060000896453857,0.0,17.3799991607666,19.76000022888184,16.940000534057617,19.65999984741211,19.65999984741211,0.0,-0.0175657288645307,0.013432858977612573,-0.01741235082798398,107.86099853515626,108.77049942016602,109.05239990234375,105.05800022125243,108.01170576364342,108.58664879983819,-0.5749430361947674,-0.30550705700249714,35.8358348944009,22.963639164505047,27.11244076185898,-3.7470557404028972,-95.09443903028846,1.2932027893366413,106.0151896670482,111.52580917328383,5.066281331437889,0.1371890598507285,0.002504094832838734,-0.0023185208744671186,0.007907530440310982,-0.005158319419510954,0.013609783047787144,0.9749279121818236,-0.22252093395631434,1.2246467991473532e-16,-1.0
2015-07-09,107.5,107.5999984741211,106.0199966430664,106.02999877929688,97.95570373535156,28381000.0,-0.0005657608337482,96.2300033569336,96.76000213623048,95.97000122070312,96.61000061035156,96.61000061035156,0.0,2.253000020980835,2.306999921798706,2.246000051498413,2.3010001182556152,2.3010001182556152,0.0,17.459999084472656,20.049999237060547,17.200000762939453,19.96999931335449,19.96999931335449,0.0,-0.0005657608337482578,0.014697691451671512,-0.000565600821265444,107.46399841308596,108.58949928283691,109.02039993286132,105.10210021972655,107.70682776605165,108.39726731683513,-0.6904395507834806,-0.38249355575869387,35.59526177161391,16.352157800966946,23.456517052774615,-3.609092018821023,-96.22646941545806,1.3136884351736446,105.61089752561448,111.56810104005935,5.485984882321338,0.1368046209992037,-0.0175657288645307,0.002504094832838734,0.00027773682464582444,-0.0019980807348771393,0.001460022839961437,0.43388373911755823,-0.900968867902419,1.2246467991473532e-16,-1.0
2015-07-10,107.44000244140624,108.0500030517578,107.0500030517578,107.6500015258789,99.4523468017578,26415800.0,0.0151632290410013,96.37000274658205,96.4000015258789,95.4499969482422,96.02999877929688,96.02999877929688,0.0,2.365000009536743,2.4210000038146973,2.361000061035156,2.4170000553131104,2.4170000553131104,0.0,17.450000762939453,18.170000076293945,16.600000381469727,16.829999923706055,16.829999923706055,0.0,0.015163229041001319,0.009307520265046184,0.015278774071693979,107.30199890136721,108.53449935913086,108.99239990234373,105.14950023651124,107.69808526756353,108.34191429528282,-0.643829027719292,-0.43476065015081355,46.11417698787965,14.33957936568514,17.885125443719044,-1.4825616975895595,-65.66035345719807,1.3641395664084504,105.5278848701092,111.54111384815252,5.5403848670698554,0.146531944620329,-0.0005657608337482578,-0.0175657288645307,0.0,-0.006658540836708774,-0.008241913493778699,-0.433883739117558,-0.9009688679024191,1.2246467991473532e-16,-1.0
2015-07-13,108.58000183105467,109.62999725341795,108.56999969482422,109.54000091552734,101.19841766357422,25780700.0,0.0174045181686275,95.7699966430664,96.86000061035156,95.62999725341795,96.86000061035156,96.86000061035156,0.0,2.438999891281128,2.4609999656677246,2.4049999713897705,2.430000066757202,2.430000066757202,0.0,15.289999961853027,15.359999656677246,13.81999969482422,13.899999618530272,13.899999618530272,0.0,0.01740451816862758,0.009762364530468895,0.017556859319739715,107.58699874877931,108.6009994506836,108.99859985351561,105.2074002456665,107.98145690571181,108.43066145233797,-0.44920454662616294,-0.4376494294458835,55.289007359543255,36.03774010421117,22.24315909028775,2.6712891638429914,-29.999956814710373,1.4081292922034931,105.5659061645179,111.6360927368493,5.589438958237137,0.15830972979031988,0.015163229041001319,-0.0005657608337482578,-0.0023185208744671186,-0.023894215488549583,-0.004977891217458884,0.0,1.0,1.2246467991473532e-16,-1.0
2015-07-14,109.69000244140624,110.55999755859376,109.62999725341795,110.26000213623048,101.86359405517578,21977200.0,0.0065514841027297,96.83999633789062,97.0500030517578,96.2699966430664,96.63999938964844,96.63999938964844,0.0,2.427000045776367,2.431999921798706,2.390000104904175,2.3989999294281006,2.3989999294281006,0.0,13.90999984741211,13.949999809265137,12.899999618530272,13.369999885559082,13.369999885559082,0.0,0.006551484102729724,0.008478441831310865,0.0065729920186390345,107.90599899291995,108.67399940490725,109.05479995727538,105.27585025787353,108.3320023257916,108.56616816966334,-0.234165843871736,-0.396952712331054,58.20825087155281,64.73256750876136,38.36996232621922,2.979361586344031,-10.141987201807478,1.3804055315508452,105.54982823647882,111.79817057333568,5.74962030575155,0.15879799159357763,0.01740451816862758,0.015163229041001319,0.002504094832838734,0.0035552016066454453,0.00543781111701765,0.7818314824680298,0.6234898018587336,1.2246467991473532e-16,-1.0
2015-07-15,110.47000122070312,110.80999755859376,110.06999969482422,110.37999725341795,101.97445678710938,28631500.0,0.0010877531688183,96.6500015258789,97.30999755859376,96.52999877929688,97.12999725341795,97.12999725341795,0.0,2.38700008392334,2.431999921798706,2.345000028610229,2.3499999046325684,2.3499999046325684,0.0,13.350000381469728,13.970000267028809,12.8100004196167,13.229999542236328,13.229999542236328,0.0,0.0010877531688183878,0.00669863180585231,0.0010883449868610562,108.15199890136718,108.73799934387209,109.12819992065428,105.33550025939941,108.64707846850335,108.70052587957109,-0.05344741106773654,-0.3282516520783905,58.69231389031264,83.74116809835178,61.5038252371081,2.2794654616483383,-8.634551688426818,1.334662126709324,105.52587921489383,111.95011947285035,5.907999316449213,0.1586336373820266,0.006551484102729724,0.01740451816862758,-0.0175657288645307,0.007907530440310982,0.002753341201476079,0.9749279121818236,-0.22252093395631434,1.2246467991473532e-16,-1.0
2015-07-16,111.29000091552734,111.95999908447266,111.06999969482422,111.94000244140624,103.41567993164062,29838900.0,0.014034235749848,97.16999816894533,97.76000213623048,97.16999816894533,97.66000366210938,97.66000366210938,0.0,2.375999927520752,2.3959999084472656,2.3399999141693115,2.351999998092652,2.351999998092652,0.0,12.59000015258789,12.609999656677246,11.869999885559082,12.109999656677246,12.109999656677246,0.0,0.014034235749848002,0.007997119079224155,0.01413317795396618,108.55099945068359,108.80049934387209,109.22,105.4109002685547,109.15368215664226,108.94048710637368,0.2131950502685811,-0.2199623116089962,64.45627964430322,93.6324171506395,80.70205091925088,3.6961608207150625,-0.3262096578472429,1.3521863913054224,105.38617865384879,112.21482003389539,6.27629599241468,0.15814020501353088,0.0010877531688183878,0.006551484102729724,-0.0005657608337482578,0.00027773682464582444,0.01446865099941551,0.43388373911755823,-0.900968867902419,1.2246467991473532e-16,-1.0
2015-07-17,112.83999633789062,113.58999633789062,112.6500015258789,113.58999633789062,104.94000244140624,35926800.0,0.0146321875062584,97.6500015258789,97.9800033569336,97.41999816894533,97.86000061035156,97.86000061035156,0.0,2.3469998836517334,2.374000072479248,2.3359999656677246,2.3489999771118164,2.3489999771118164,0.0,11.770000457763672,12.220000267028809,11.770000457763672,11.949999809265137,11.949999809265137,0.0,0.014632187506258441,0.008330333591973693,0.014739762004883694,109.11499938964845,108.98549919128419,109.31799987792968,105.50665023803711,109.83619203068046,109.28489519759715,0.5512968330833132,-0.06571048267053432,69.33081996372553,97.01307955124197,91.46222160007774,5.224640619816398,0.0,1.373458355961063,104.97390272044217,112.99709566212621,7.361706833679096,0.16406184025733483,0.014034235749848002,0.0010877531688183878,0.015163229041001319,0.0,-0.0049561868799727704,-0.433883739117558,-0.9009688679024191,1.2246467991473532e-16,-1.0
2015-07-20,113.83000183105467,114.38999938964844,113.4800033569336,113.9800033569336,105.30030059814452,26539000.0,0.0034274922957414,97.95999908447266,98.1500015258789,97.73999786376952,98.02999877929688,98.02999877929688,0.0,2.351999998092652,2.3959999084472656,2.351999998092652,2.371999979019165,2.371999979019165,0.0,12.25,12.369999885559082,11.710000038146973,12.25,12.25,0.0,0.003427492295741481,0.007994342599286351,0.0034333728640749683,109.74300003051758,109.14949951171876,109.43220001220702,105.61175025939941,110.47370146548863,109.63268098717764,0.8410204783109947,0.1156357095257715,70.3653551799365,98.29470523223526,96.31340064470557,5.831018186295213,-4.789674645446951,1.3403539043006187,104.60941020438555,113.68958881905196,8.319029088806332,0.16284548383203182,0.014632187506258441,0.014034235749848002,0.01740451816862758,-0.0023185208744671186,0.0073437134290823035,0.0,1.0,1.2246467991473532e-16,-1.0
2015-07-21,114.0199966430664,114.1999969482422,113.58000183105467,113.91000366210938,105.2356185913086,35468900.0,-0.0006144510553828,98.01000213623048,98.1500015258789,97.13999938964844,97.33000183105467,97.33000183105467,0.0,2.400000095367432,2.4030001163482666,2.3310000896453857,2.3399999141693115,2.3399999141693115,0.0,12.420000076293944,12.789999961853027,12.210000038146973,12.220000267028809,12.220000267028809,0.0,-0.0006144510553828583,0.00543759985477276,-0.0006142623189915319,110.33700027465821,109.30549964904786,109.5548001098633,105.71645027160645,111.00236334189182,109.94951970383924,1.052843638052579,0.303077295231133,69.90954085405436,96.53429901055517,97.2806945980108,5.501530401267849,-5.607428322887465,1.2888997052211122,104.33414198388294,114.27685731421278,9.096262642093363,0.16299945878814937,0.003427492295741481,0.014632187506258441,0.006551484102729724,0.002504094832838734,0.0008130383363701492,0.7818314824680298,0.6234898018587336,1.2246467991473532e-16,-1.0
2015-07-22,112.16999816894533,113.16999816894533,112.16999816894533,112.62000274658205,104.04386138916016,35575000.0,-0.0113892684048506,97.33999633789062,97.79000091552734,97.11000061035156,97.5999984741211,97.5999984741211,0.0,2.3239998817443848,2.3359999656677246,2.302000045776367,2.322000026702881,2.322000026702881,0.0,12.770000457763672,12.829999923706056,12.050000190734863,12.119999885559082,12.119999885559082,0.0,-0.011389268404850649,0.008915039817454982,-0.011324656215275675,110.99000091552735,109.42549972534181,109.64720016479492,105.81770027160644,111.2512309426134,110.14733326256093,1.1038976800524694,0.4632413721954003,61.945761193014874,89.6417867524202,94.82359699840354,6.155157539918957,-20.67753677440496,1.3211215472170361,104.24954309961825,114.60145635106537,9.460238497818548,0.16775015840726695,-0.0006144510553828583,0.003427492295741481,0.0010877531688183878,-0.0175657288645307,-0.005158319419510954,0.9749279121818236,-0.22252093395631434,1.2246467991473532e-16,-1.0
2015-07-23,112.7300033569336,113.0999984741211,111.91000366210938,112.1999969482422,103.65585327148438,25698300.0,-0.0037362455666079,97.4499969482422,97.51000213623048,96.88999938964844,97.12000274658205,97.12000274658205,0.0,2.311000108718872,2.344000101089477,2.2709999084472656,2.2769999504089355,2.2769999504089355,0.0,12.0600004196167,13.079999923706056,11.729999542236328,12.640000343322754,12.640000343322754,0.0,-0.003736245566607987,0.010556149885349283,-0.003729274485733458,111.6070007324219,109.53549957275392,109.69960006713868,105.91975025177001,111.39719494347938,110.29938242446325,1.0978125190161308,0.5901556015595464,59.566538465595976,82.71029564506443,89.62879380267994,5.819106139752274,-25.584147967514248,1.3117553518452276,104.21660003966485,114.85439910584299,9.711736476001976,0.16828537705347116,-0.011389268404850649,-0.0006144510553828583,0.014034235749848002,-0.0005657608337482578,-0.0019980807348771393,0.43388373911755823,-0.900968867902419,1.2246467991473532e-16,-1.0
2015-07-24,112.8000030517578,113.0,110.93000030517578,111.0999984741211,102.63963317871094,30844700.0,-0.0098521623541626,97.18000030517578,97.62000274658205,97.12000274658205,97.23999786376952,97.23999786376952,0.0,2.275000095367432,2.2860000133514404,2.255000114440918,2.2709999084472656,2.2709999084472656,0.0,12.869999885559082,14.729999542236328,12.859999656677246,13.739999771118164,13.739999771118164,0.0,-0.009852162354162686,0.018351060627847752,-0.009803788794366164,111.9520004272461,109.62699966430667,109.73,106.01025024414062,111.35147240973194,110.3586873170305,0.992785092701439,0.6706814997879249,53.74445231579635,71.7679047204814,81.373329039322,3.2048275887973983,-38.43460109663659,1.3659156620580128,104.26454720442513,114.9894521241882,9.783087152438949,0.17057677476324523,-0.003736245566607987,-0.011389268404850649,0.014632187506258441,0.015163229041001319,-0.006658540836708774,-0.433883739117558,-0.9009688679024191,1.2246467991473532e-16,-1.0
2015-07-27,110.47000122070312,110.9499969482422,109.94000244140624,110.18000030517578,101.78966522216795,35994800.0,-0.008315567886132,97.1999969482422,97.29000091552734,96.29000091552734,96.5,96.5,0.0,2.239000082015991,2.243000030517578,2.2100000381469727,2.227999925613404,2.227999925613404,0.0,15.600000381469728,16.270000457763672,15.029999732971191,15.600000381469728,15.600000381469728,0.0,-0.00831556788613207,0.009142703862364793,-0.00828108918767334,112.01600036621096,109.80149955749513,109.73240005493165,106.08920024871826,111.17124593210792,110.3454512420783,0.8257946900296247,0.701704137836265,49.39588130504977,62.15061664735106,72.20960567096563,0.5842608949236527,-49.52940099379596,1.3512071171049302,104.61728544980349,114.98571366518678,9.442883983523458,0.14811164276466052,-0.009852162354162686,-0.003736245566607987,0.003427492295741481,0.01740451816862758,-0.023894215488549583,0.0,1.0,1.2246467991473532e-16,-1.0
2015-07-28,110.66999816894533,111.3499984741211,109.79000091552734,111.12999725341795,102.66735076904295,33553500.0,0.0085855790661459,96.58000183105467,96.97000122070312,96.47000122070312,96.7699966430664,96.7699966430664,0.0,2.260999917984009,2.2660000324249268,2.240999937057495,2.25,2.25,0.0,14.869999885559082,15.619999885559082,13.31999969482422,13.4399995803833,13.4399995803833,0.0,0.008585579066145937,0.014095939138015589,0.008622540853821858,112.1029998779297,110.00449943542482,109.75619995117188,106.16050022125243,111.16489998154023,110.4035657614368,0.7613342201034357,0.7136301542896991,53.573235266785,57.695786374180116,63.87143591400419,0.7890396338942195,-38.9486387870271,1.3661207200684176,104.95441353281284,115.0545853380368,9.181598804649804,0.15005179837366256,-0.00831556788613207,-0.009852162354162686,-0.0006144510553828583,0.006551484102729724,0.0035552016066454453,0.7818314824680298,0.6234898018587336,1.2246467991473532e-16,-1.0
2015-07-29,111.37000274658205,111.79000091552734,110.94000244140624,111.5500030517578,103.05535888671876,26714100.0,0.0037721511485981,96.6500015258789,97.25,96.5,96.9800033569336,96.9800033569336,0.0,2.2790000438690186,2.296999931335449,2.263000011444092,2.2790000438690186,2.2790000438690186,0.0,13.56999969482422,13.59000015258789,11.850000381469728,12.5,12.5,0.0,0.003772151148598173,0.0076322030453321015,0.00377927466491923,112.22000045776367,110.18599967956544,109.78699996948242,106.23640022277831,111.22414660772755,110.48848704220131,0.7356595655262339,0.7180360365370061,55.32897091482865,57.60996423819765,59.1521224199096,1.0599799125322176,-38.692067504583996,1.3292548453578954,105.19072643297376,115.18127292615712,9.06698357526102,0.14855210077605654,0.008585579066145937,-0.00831556788613207,-0.011389268404850649,0.0010877531688183878,0.007907530440310982,0.9749279121818236,-0.22252093395631434,1.2246467991473532e-16,-1.0
2015-07-30,111.29000091552734,112.2699966430664,110.62000274658205,112.08000183105467,103.54500579833984,25438100.0,0.0047400480551102,97.13999938964844,97.7699966430664,97.13999938964844,97.55999755859376,97.55999755859376,0.0,2.309000015258789,2.319999933242798,2.255000114440918,2.2679998874664307,2.2679998874664307,0.0,12.720000267028809,13.420000076293944,12.09000015258789,12.130000114440918,12.130000114440918,0.0,0.004740048055110257,0.014826074965501696,0.004751299853890334,112.23400039672852,110.39249992370608,109.81699996948242,106.30770023345946,111.35581664208556,110.60637702656082,0.7494396155247358,0.7243167523345521,57.5124864637785,60.889537308752125,58.73176264037663,0.12506645220212376,-39.69068178213252,1.3521647775812142,105.44519285702184,115.33980699039033,8.963121715883606,0.1488479018106927,0.003772151148598173,0.008585579066145937,-0.003736245566607987,0.014034235749848002,0.00027773682464582444,0.43388373911755823,-0.900968867902419,1.2246467991473532e-16,-1.0
2015-07-31,112.43000030517578,112.48999786376952,111.72000122070312,111.9499969482422,103.42488861083984,22081700.0,-0.0011607214791193,97.47000122070312,97.5999984741211,96.30999755859376,97.37000274658205,97.37000274658205,0.0,2.259000062942505,2.260999917984009,2.194000005722046,2.2049999237060547,2.2049999237060547,0.0,12.029999732971191,12.630000114440918,11.81999969482422,12.119999885559082,12.119999885559082,0.0,-0.0011607214791193093,0.006848675984846945,-0.0011600481025026976,112.07000045776368,110.59249992370607,109.8465998840332,106.37435020446776,111.44722899687889,110.70590442816685,0.7413245687120451,0.7277183156100507,56.77934099076377,56.785572742221134,58.4283580963903,-1.4437885751576196,-51.26053248662006,1.3105813394015842,105.73841319289559,115.44658665451655,8.778328971963099,0.14909887166428526,0.004740048055110257,0.003772151148598173,-0.009852162354162686,0.014632187506258441,0.0,-0.433883739117558,-0.9009688679024191,1.2246467991473532e-16,-1.0
2015-08-03,111.97000122070312,112.27999877929688,110.86000061035156,111.5999984741211,103.1015396118164,25001800.0,-0.0031313112419765,97.22000122070312,97.58000183105467,97.16000366210938,97.48999786376952,97.48999786376952,0.0,2.194000005722046,2.2070000171661377,2.138999938964844,2.150000095367432,2.150000095367432,0.0,12.850000381469728,13.550000190734863,12.31999969482422,12.5600004196167,12.5600004196167,0.0,-0.003131311241976549,0.012681951893046479,-0.003126413800068062,111.83199996948242,110.78750000000001,109.86919982910155,106.43890018463135,111.47073199337768,110.77213361675605,0.6985983766216322,0.7218943278123671,54.75563236711415,49.46552393210651,55.71354466102658,-2.0880898514798303,-60.65221393492788,1.3183968272261364,106.11263485194159,115.46236514805842,8.439336835037194,0.14942559507437056,-0.0011607214791193093,0.004740048055110257,-0.00831556788613207,0.003427492295741481,-0.0023185208744671186,0.0,1.0,-0.4999999999999997,-0.8660254037844388
2015-08-04,111.5500030517578,111.75,110.93000030517578,111.38999938964844,102.90753936767578,22132300.0,-0.0018834150654811,97.4800033569336,98.0,97.20999908447266,97.93000030517578,97.93000030517578,0.0,2.1730000972747803,2.2160000801086426,2.16599988937378,2.2109999656677246,2.2109999656677246,0.0,12.65999984741211,13.220000267028809,12.289999961853027,13.0,13.0,0.0,-0.0018834150654811889,0.007350960756529511,-0.0018816425522940605,111.57999954223632,110.95849990844728,109.91299987792968,106.49495018005372,111.45831159280395,110.8179014517851,0.6404101410188474,0.7055974904536632,53.52299875435845,40.9566135468844,49.06923674040401,-2.2122765265955153,-65.21741293779885,1.2827970320545707,106.47113480432772,115.44586501256684,8.088366565557612,0.14995373488412064,-0.003131311241976549,-0.0011607214791193093,0.008585579066145937,-0.0006144510553828583,0.002504094832838734,0.7818314824680298,0.6234898018587336,-0.4999999999999997,-0.8660254037844388
2015-08-05,112.01000213623048,113.0,111.87999725341795,112.25,103.7020492553711,28989900.0,0.0076909673875545,97.91000366210938,98.22000122070312,97.63999938964844,97.95999908447266,97.95999908447266,0.0,2.220999956130981,2.2929999828338623,2.21399998664856,2.2679998874664307,2.2679998874664307,0.0,12.020000457763672,12.720000267028809,10.880000114440918,12.510000228881836,12.510000228881836,0.0,0.0076909673875545145,0.009999131552732755,0.0077206188446177215,111.54299926757812,111.26650009155274,109.93879989624023,106.55715019226076,111.58010980929565,110.92398282572694,0.6561269835687114,0.6957033890766728,57.720590190285755,42.536210611164464,44.31944936338512,-0.328540878670219,-46.52174129377988,1.3061687162186415,107.38085905636657,115.15214112673891,6.984386193488552,0.1330811663226657,-0.0018834150654811889,-0.003131311241976549,0.003772151148598173,-0.011389268404850649,-0.0175657288645307,0.9749279121818236,-0.22252093395631434,-0.4999999999999997,-0.8660254037844388
2015-08-06,112.3499984741211,112.5,109.9499969482422,110.4499969482422,102.03915405273438,42125400.0,-0.0161652735330649,97.88999938964844,98.16000366210938,97.62999725341795,97.83000183105467,97.83000183105467,0.0,2.2720000743865967,2.2769999504089355,2.220000028610229,2.233999967575073,2.233999967575073,0.0,12.199999809265137,14.25,12.15999984741211,13.770000457763672,13.770000457763672,0.0,-0.016165273533064912,0.022696956710196756,-0.016035316703740032,111.36799926757811,111.48750000000001,109.93359985351563,106.60930019378662,111.4062462922105,110.88887276072808,0.5173735314824199,0.6600374175578223,47.95767808229203,34.20286345645974,39.231895871502864,-1.5597148374320136,-85.65225539904203,1.39501402590001,108.44446163238682,114.5305383676132,5.458976777868716,0.1489248263904415,0.0076909673875545145,-0.0018834150654811889,0.004740048055110257,-0.003736245566607987,-0.0005657608337482578,0.43388373911755823,-0.900968867902419,-0.4999999999999997,-0.8660254037844388
2015-08-07,110.18000030517578,110.56999969482422,109.4000015258789,110.30999755859376,101.90979766845705,30006800.0,-0.0012685174454847,97.79000091552734,98.33000183105467,97.51000213623048,97.55999755859376,97.55999755859376,0.0,2.2179999351501465,2.252000093460083,2.16599988937378,2.174999952316284,2.174999952316284,0.0,13.56999969482422,14.579999923706056,13.289999961853027,13.390000343322754,13.390000343322754,0.0,-0.0012685174454847609,0.010618970463828824,-0.001267713217325106,111.28899917602538,111.62049980163575,109.93879974365234,106.6538501739502,111.23759264088484,110.84599311612554,0.39159952475930027,0.6063498389981179,47.28773985786477,28.928090689583854,35.22238825240268,-0.711071940933777,-81.04173123842652,1.37894146468896,109.09518667157498,114.14581293169651,4.524819606700523,0.1409306956879339,-0.016165273533064912,0.0076909673875545145,-0.0011607214791193093,-0.009852162354162686,0.015163229041001319,-0.433883739117558,-0.9009688679024191,-0.4999999999999997,-0.8660254037844388
2015-08-10,111.01000213623048,111.80999755859376,111.0,111.56999969482422,103.07381439208984,21500800.0,0.0113572907016868,97.56999969482422,97.91999816894533,97.04000091552734,97.16000366210938,97.16000366210938,0.0,2.2090001106262207,2.243000030517578,2.20199990272522,2.23799991607666,2.23799991607666,0.0,12.729999542236328,12.779999732971191,12.18000030517578,12.229999542236328,12.229999542236328,0.0,0.011357290701686843,0.007296617809264993,0.011422029581686477,111.42799911499023,111.72199974060058,109.96179977416993,106.70320018768312,111.28873218764475,110.89962323306618,0.38910895457857464,0.5629016621142092,53.573685757192486,30.288565914704876,31.139840020249487,1.2615714156819995,-42.440315618416825,1.3875885029254629,109.39324311203967,114.05075636916149,4.168841649751859,0.13313953811681967,-0.0012685174454847609,-0.016165273533064912,-0.003131311241976549,-0.00831556788613207,0.01740451816862758,0.0,1.0,-0.4999999999999997,-0.8660254037844388
2015-08-11,110.9800033569336,111.41000366210938,109.52999877929688,110.13999938964844,101.7527084350586,36123300.0,-0.0128999336511095,97.18000030517578,97.58999633789062,96.87999725341795,97.29000091552734,97.29000091552734,0.0,2.1679999828338623,2.174999952316284,2.114000082015991,2.13700008392334,2.13700008392334,0.0,13.239999771118164,14.329999923706056,13.020000457763672,13.710000038146973,13.710000038146973,0.0,-0.01289993365110958,0.016940032672066455,-0.01281708613213639,111.32899932861329,111.71599960327148,109.96319976806642,106.74710018157961,111.11200406487609,110.84335480022042,0.2686492646556644,0.5040511826225003,46.7586177024213,32.172637301050734,30.463097968446483,-0.8908466554821842,-80.00004124000446,1.434189389539883,109.37082186794288,114.06117733860009,4.198463503270536,0.1399527325645008,0.011357290701686843,-0.0012685174454847609,-0.0018834150654811889,0.008585579066145937,0.006551484102729724,0.7818314824680298,0.6234898018587336,-0.4999999999999997,-0.8660254037844388
2015-08-12,109.37999725341795,110.73999786376952,108.22000122070312,110.5199966430664,102.1037826538086,41889000.0,0.0034443305087114,97.18000030517578,97.33000183105467,95.93000030517578,96.26000213623048,96.26000213623048,0.0,2.0999999046325684,2.134000062942505,2.0820000171661377,2.130000114440918,2.130000114440918,0.0,15.1899995803833,16.280000686645508,13.449999809265137,13.609999656677246,13.609999656677246,0.0,0.0034443305087114282,0.023038916678960204,0.003450269031158637,111.22599868774415,111.7229995727539,109.96559967041016,106.79285015106203,111.0209259999823,110.81940234413494,0.2015236558473532,0.44354567726747085,48.62873123933359,41.892238158279895,34.784480458011835,-0.9233584764793614,-51.882928666739026,1.5117470505060622,109.39383124549359,114.05216790001423,4.169541340936818,0.14045690455580592,-0.01289993365110958,0.011357290701686843,0.0076909673875545145,0.003772151148598173,0.0010877531688183878,0.9749279121818236,-0.22252093395631434,-0.4999999999999997,-0.8660254037844388
2015-08-13,110.62999725341795,111.16000366210938,110.0999984741211,110.33999633789062,101.9375,22510500.0,-0.0016298926222909,96.33999633789062,96.80999755859376,96.12000274658205,96.4499969482422,96.4499969482422,0.0,2.1640000343322754,2.196000099182129,2.1519999504089355,2.188999891281128,2.188999891281128,0.0,13.869999885559082,14.329999923706056,13.0600004196167,13.489999771118164,13.489999771118164,0.0,-0.001629892622290903,0.009581534975185331,-0.0016285650686653774,111.05199813842775,111.64299926757812,109.98119964599609,106.83610012054444,110.91616759042972,110.78389078811685,0.1322768023128731,0.38129190227655135,47.772726543345726,37.489467901281486,37.184781120204036,-1.5524674025138485,-55.64862638941206,1.479479774611935,109.23658345998294,114.0494150751733,4.310912145646772,0.13044034385374378,0.0034443305087114282,-0.01289993365110958,-0.016165273533064912,0.004740048055110257,0.014034235749848002,0.43388373911755823,-0.900968867902419,-0.4999999999999997,-0.8660254037844388
2015-08-14,110.08000183105467,110.66999816894533,109.86000061035156,110.51000213623048,102.09455871582033,17924900.0,0.0015395496945994,96.37999725341795,96.68000030517578,96.08999633789062,96.56999969482422,96.56999969482422,0.0,2.174999952316284,2.220999956130981,2.1730000972747803,2.196000099182129,2.196000099182129,0.0,13.6899995803833,13.869999885559082,12.800000190734863,12.829999923706056,12.829999923706056,0.0,0.0015395496945994297,0.007358262582852318,0.0015407354096415027,110.90799865722659,111.4889995574951,110.00539962768555,106.88065013885499,110.85368059747599,110.76360273982897,0.09007785764701737,0.3230490933506446,48.69137377617423,46.79214204084769,42.05794936680302,-1.286283922524331,-52.09201882130583,1.431659616324923,109.21673925785923,113.76125985713098,4.076205381077198,0.11765538851874074,-0.001629892622290903,0.0034443305087114282,-0.0012685174454847609,-0.0011607214791193093,0.014632187506258441,-0.433883739117558,-0.9009688679024191,-0.4999999999999997,-0.8660254037844388
2015-08-17,110.23999786376952,111.45999908447266,109.95999908447266,111.43000030517578,102.94449615478516,21224900.0,0.0082905406263145,96.58999633789062,96.94000244140624,96.51000213623048,96.81999969482422,96.81999969482422,0.0,2.180000066757202,2.181999921798706,2.1449999809265137,2.150000095367432,2.150000095367432,0.0,14.31999969482422,14.520000457763672,13.010000228881836,13.020000457763672,13.020000457763672,0.0,0.008290540626314584,0.013606676606195548,0.008325002327799202,110.89099884033206,111.36149940490722,110.07019958496095,106.9280001449585,110.94234516789133,110.81296552244726,0.1293796454440752,0.2843152037693307,53.46191684340641,53.13805483376012,45.80655492529643,-0.1523281104566801,-32.84519028800174,1.4365410723017142,109.4149343961133,113.30806441370115,3.4959389361601008,0.12149163636937121,0.0015395496945994297,-0.001629892622290903,0.011357290701686843,-0.003131311241976549,0.003427492295741481,0.0,1.0,-0.4999999999999997,-0.8660254037844388
2015-08-18,111.27999877929688,111.37000274658205,110.70999908447266,110.86000061035156,102.41789245605467,13984400.0,-0.0051285423442662,96.83999633789062,97.06999969482422,96.68000030517578,96.97000122070312,96.97000122070312,0.0,2.1679999828338623,2.197999954223633,2.1640000343322754,2.196000099182129,2.196000099182129,0.0,13.40999984741211,13.9399995803833,13.170000076293944,13.789999961853027,13.789999961853027,0.0,-0.005128542344266232,0.0059310178769716145,-0.005115413823957082,110.83799896240237,111.20899925231933,110.12719955444337,106.97090015411379,110.92967677442367,110.81644960303277,0.11322717139090344,0.2500975972936453,50.33904101948316,56.76430591645342,52.23150093035374,-0.47580463434864534,-44.76987314133217,1.3853596543303863,109.66731193368263,112.75068657095603,2.7725945364166225,0.12229095515035548,0.008290540626314584,0.0015395496945994297,-0.01289993365110958,-0.0018834150654811889,-0.0006144510553828583,0.7818314824680298,0.6234898018587336,-0.4999999999999997,-0.8660254037844388
2015-08-19,110.5199966430664,111.11000061035156,109.48999786376952,110.12999725341795,101.74349212646484,42511400.0,-0.0066065655257314,97.01000213623048,97.08000183105467,96.33999633789062,96.45999908447266,96.45999908447266,0.0,2.187000036239624,2.2300000190734863,2.128999948501587,2.128999948501587,2.128999948501587,0.0,14.84000015258789,15.960000038146973,13.729999542236328,15.25,15.25,0.0,-0.006606565525731456,0.01465800575269632,-0.006584790151576314,110.62599868774414,111.08449897766113,110.13999954223632,107.00925014495851,110.8066491558074,110.76560128083908,0.04104787496832785,0.2082876528285818,46.58586229681953,54.11434092442312,54.672233891545545,-1.888643872233448,-60.04191379739672,1.4021198752055049,109.62248111614403,112.54651683917822,2.632262601843496,0.11819698406935009,-0.005128542344266232,0.008290540626314584,0.0034443305087114282,0.0076909673875545145,-0.011389268404850649,0.9749279121818236,-0.22252093395631434,-0.4999999999999997,-0.8660254037844388
2015-08-20,109.11000061035156,109.45999908447266,107.06999969482422,107.08000183105467,98.92575073242188,57747300.0,-0.0280852866845095,96.4499969482422,96.58000183105467,95.72000122070312,95.75,95.75,0.0,2.0989999771118164,2.117000102996826,2.075000047683716,2.0840001106262207,2.0840001106262207,0.0,16.549999237060547,19.239999771118164,16.1299991607666,19.13999938964844,19.13999938964844,0.0,-0.028085286684509526,0.021904494329383146,-0.027694561442225485,110.2889991760254,110.82849922180176,110.08859954833986,107.03015014648439,110.23331879815314,110.49259391418838,-0.25927511603524067,0.11477509905581731,34.883503330096644,31.785627713598032,47.554758184824856,-3.051150031961283,-99.831329920477,1.5205397097332358,108.59789622308584,113.05910222051769,4.025323837060726,0.15209186786936982,-0.006606565525731456,-0.005128542344266232,-0.001629892622290903,-0.016165273533064912,-0.003736245566607987,0.43388373911755823,-0.900968867902419,-0.4999999999999997,-0.8660254037844388
2015-08-21,105.56999969482422,106.47000122070312,102.4000015258789,102.4000015258789,94.60215759277344,97763400.0,-0.0446892928152917,95.80999755859376,95.81999969482422,94.81999969482422,94.83000183105467,94.83000183105467,0.0,2.065999984741211,2.0850000381469727,2.0299999713897705,2.053999900817871,2.053999900817871,0.0,22.549999237060547,28.3799991607666,20.799999237060547,28.030000686645508,28.030000686645508,0.0,-0.0446892928152917,0.038552616335981275,-0.04370543673045313,109.49799957275393,110.39349937438965,109.96159957885743,107.02605014801027,109.0281930639571,109.89314262616544,-0.8649495622083379,-0.08116983319701374,24.650945030228684,13.375585427375427,33.09185135513219,-7.170697314641201,-100.0,1.7462154665505594,106.02096751777854,114.76603123100075,7.9217198139213885,0.21300216821159532,-0.028085286684509526,-0.006606565525731456,0.0015395496945994297,-0.0012685174454847609,-0.009852162354162686,-0.433883739117558,-0.9009688679024191,-0.4999999999999997,-0.8660254037844388
2015-08-24,94.2300033569336,102.52999877929688,84.73999786376953,98.45999908447266,90.96217346191406,150829900.0,-0.0392365394755181,94.86000061035156,94.95999908447266,92.62000274658205,93.30999755859376,93.30999755859376,0.0,1.976999998092652,2.0450000762939453,1.9049999713897705,1.996999979019165,1.996999979019165,0.0,28.030000686645508,53.290000915527344,28.030000686645508,40.7400016784668,40.7400016784668,0.0,-0.039236539475518147,0.1887933808952616,-0.03847675595865507,108.18699951171877,109.80749931335448,109.76659957885744,107.00380012512208,107.40231706711334,109.04624310455857,-1.643926037445226,-0.39372107404665624,19.47229496293557,16.23928561931329,20.466832920095584,-11.750471135799188,-51.45081322158313,2.8922001414774723,102.90501552908712,116.70998309762184,12.57197154553159,0.2467656029139813,-0.0446892928152917,-0.028085286684509526,0.008290540626314584,0.011357290701686843,-0.00831556788613207,0.0,1.0,-0.4999999999999997,-0.8660254037844388
2015-08-25,102.06999969482422,102.73999786376952,98.01000213623048,98.08999633789062,90.62034606933594,75088300.0,-0.0037649857183104,93.37999725341795,94.69000244140624,93.37999725341795,94.52999877929688,94.52999877929688,0.0,2.062999963760376,2.134999990463257,2.049000024795532,2.132999897003174,2.132999897003174,0.0,31.1299991607666,38.060001373291016,28.07999992370605,36.02000045776367,36.02000045776367,0.0,-0.0037649857183104005,0.04634070482689424,-0.003757907046067377,106.98199920654298,109.15549926757812,109.55239944458009,106.97585010528566,105.96965233954063,108.23466926999058,-2.2650169304499457,-0.7679802453273141,19.067194326347824,32.21331855965413,20.609396535447615,-10.94062385921017,-51.90923109945449,3.0234712547675837,100.53045451898902,117.78054401616723,15.803225318856576,0.2411642583215239,-0.039236539475518147,-0.0446892928152917,-0.005128542344266232,-0.01289993365110958,0.008585579066145937,0.7818314824680298,0.6234898018587336,-0.4999999999999997,-0.8660254037844388
2015-08-26,100.95999908447266,103.2300033569336,98.93000030517578,103.02999877929688,95.18415069580078,104103800.0,0.0491346855109461,93.95999908447266,95.44000244140624,93.72000122070312,95.0999984741211,95.0999984741211,0.0,2.128999948501587,2.180999994277954,2.0980000495910645,2.171999931335449,2.171999931335449,0.0,31.1299991607666,35.619998931884766,28.670000076293945,30.31999969482422,30.31999969482422,0.0,0.04913468551094617,0.042591155811719295,0.050361809730598006,106.23299942016604,108.72949905395508,109.4309994506836,106.97495010375978,105.51739794565698,107.84913812253178,-2.3317401768748027,-1.080732231636812,37.70206345735357,54.73517685508708,34.3959270113515,-6.777052199846791,-32.434425113701124,3.174652380787254,99.76738323743551,117.69161487047465,16.485159767124983,0.31005890828192306,-0.0037649857183104005,-0.039236539475518147,-0.006606565525731456,0.0034443305087114282,0.003772151148598173,0.9749279121818236,-0.22252093395631434,-0.4999999999999997,-0.8660254037844388
2015-08-27,104.5199966430664,105.70999908447266,103.27999877929688,105.63999938964844,97.59539031982422,69377700.0,0.0250168183245245,95.19000244140624,96.02999877929688,94.98999786376952,95.61000061035156,95.61000061035156,0.0,2.180999994277954,2.2070000171661377,2.1610000133514404,2.1679999828338623,2.1679999828338623,0.0,27.11000061035156,29.89999961853028,24.489999771118164,26.100000381469727,26.100000381469727,0.0,0.02501681832452454,0.023249142587271423,0.025332364751874836,105.7629997253418,108.40749893188477,109.32999938964845,106.98480010986329,105.53625970627105,107.68549821639228,-2.149238510121222,-1.294433487333694,44.918247913083334,64.28786359388683,50.412119669542676,-4.259558731404646,-22.79275300518392,3.1393200896721494,99.48959054706123,117.32540731670832,16.452567345782782,0.32558142138675084,0.04913468551094617,-0.0037649857183104005,-0.028085286684509526,-0.001629892622290903,0.004740048055110257,0.43388373911755823,-0.900968867902419,-0.4999999999999997,-0.8660254037844388
2015-08-28,105.08000183105467,106.0,104.8499984741211,105.62000274658205,97.57695770263672,49919600.0,-0.0001888855406933,95.76000213623048,96.31999969482422,95.37999725341795,96.11000061035156,96.11000061035156,0.0,2.164999961853028,2.193000078201294,2.128000020980835,2.186000108718872,2.186000108718872,0.0,26.690000534057617,29.200000762939453,25.770000457763672,26.049999237060547,26.049999237060547,0.0,-0.00018888554069331162,0.010944056964595923,-0.0001888677029426855,105.27399978637696,108.09099922180177,109.2445994567871,106.99355010986328,105.54914325093429,107.5324985519619,-1.9833553010276006,-1.4322178500724754,44.875359194494,74.30551638665608,64.44285227854331,-4.424938281713471,-21.85627272114673,2.9972259065440605,99.25351233482534,116.92848610877819,16.351938552889084,0.3256708697580611,0.02501681832452454,0.04913468551094617,-0.0446892928152917,0.0015395496945994297,-0.0011607214791193093,-0.433883739117558,-0.9009688679024191,-0.4999999999999997,-0.8660254037844388
2015-08-31,105.02999877929688,105.61000061035156,104.0500030517578,104.30999755859376,96.36668395996094,39549400.0,-0.0124808366260508,96.13999938964844,96.25,95.62000274658205,95.9499969482422,95.9499969482422,0.0,2.1610000133514404,2.2070000171661377,2.13700008392334,2.200000047683716,2.200000047683716,0.0,27.030000686645508,29.3700008392334,26.6299991607666,28.43000030517578,28.43000030517578,0.0,-0.012480836626050882,0.014852876099445078,-0.012403274002086184,104.56199951171875,107.7264991760254,109.11679946899415,106.99170009613037,105.35850545211268,107.29379477467538,-1.9352893225626957,-1.5328321445705195,42.043206294242815,76.19732924986694,71.59690307680327,-6.389664118354402,-26.75898652406852,2.8952811771355025,98.89704761142742,116.55595074062337,16.39234846046677,0.3274412334014374,-0.00018888554069331162,0.02501681832452454,-0.039236539475518147,0.008290540626314584,-0.003131311241976549,0.0,1.0,-0.4999999999999997,-0.8660254037844388
2015-09-01,101.70999908447266,103.29000091552734,100.62999725341795,101.0500030517578,93.3549346923828,73155500.0,-0.0317518089522627,95.93000030517578,95.93000030517578,95.19000244140624,95.4499969482422,95.4499969482422,0.0,2.164999961853028,2.194999933242798,2.151000022888184,2.171999931335449,2.171999931335449,0.0,31.90999984741211,33.81999969482422,29.90999984741211,31.39999961853028,31.39999961853028,0.0,-0.031751808952262796,0.026152823577357334,-0.03125301342556808,103.58099975585938,107.20949935913087,108.92199951171875,106.97275012969972,104.69565892898116,106.8312916840889,-2.1356327551077356,-1.6533922666779628,35.96090527100817,70.80839218131766,73.77041260594689,-8.848996486184173,-38.95956421083173,2.951332543424096,98.07754434398274,116.34145437427901,17.03571991238924,0.3424537549132062,-0.012480836626050882,-0.00018888554069331162,-0.0037649857183104005,-0.005128542344266232,-0.0018834150654811889,0.7818314824680298,0.6234898018587336,-0.8660254037844384,-0.5000000000000004
2015-09-02,102.87999725341795,103.91999816894533,101.6999969482422,103.9000015258789,95.9878921508789,43963600.0,0.0278133292302804,95.41999816894533,95.9499969482422,95.41999816894533,95.83000183105467,95.83000183105467,0.0,2.1600000858306885,2.1989998817443848,2.1540000438690186,2.193000078201294,2.193000078201294,0.0,29.13999938964844,30.450000762939453,24.770000457763672,26.09000015258789,26.09000015258789,0.0,0.02781332923028048,0.02157855054403562,0.02820373092404882,102.95800018310547,106.79199943542483,108.79559951782225,106.96465015411377,104.57325009773466,106.61415907977704,-2.0409089820423816,-1.7308956097508468,43.63759581674448,68.66268217367684,71.88946786828714,-5.656947137847765,-28.29340274406923,2.945522727264341,97.86923296726123,115.71476590358843,16.710552317281103,0.35927944476476087,-0.031751808952262796,-0.012480836626050882,0.04913468551094617,-0.006606565525731456,0.0076909673875545145,0.9749279121818236,-0.22252093395631434,-0.8660254037844384,-0.5000000000000004
2015-09-03,104.30999755859376,105.0199966430664,103.0999984741211,103.38999938964844,95.51673889160156,45131800.0,-0.0049205516058347,95.95999908447266,96.62000274658205,95.79000091552734,96.41000366210938,96.41000366210938,0.0,2.174000024795532,2.197000026702881,2.1530001163482666,2.1679999828338623,2.1679999828338623,0.0,25.209999084472656,26.309999465942383,23.450000762939453,25.61000061035156,25.61000061035156,0.0,-0.004920551605834778,0.018406655295594244,-0.004908465523305372,102.58899993896485,106.43899955749512,108.66339950561523,106.95400016784669,104.39121152725986,106.37533243606381,-1.984120908803959,-1.7815406695614693,42.652262928131634,67.51497991954109,68.9953514248452,-3.44602388710091,-30.202093286475762,2.872270973098696,97.56710013353752,115.31089898145272,16.670392357765948,0.35637896931196095,0.02781332923028048,-0.031751808952262796,0.02501681832452454,-0.028085286684509526,-0.016165273533064912,0.43388373911755823,-0.900968867902419,-0.8660254037844384,-0.5000000000000004
2015-09-04,101.97000122070312,102.8499984741211,101.58999633789062,102.16000366210938,94.38043212890624,49379600.0,-0.0119677435849062,96.37000274658205,96.58000183105467,95.97000122070312,96.2300033569336,96.2300033569336,0.0,2.128000020980835,2.1689999103546143,2.114000082015991,2.128000020980835,2.128000020980835,0.0,27.43000030517578,29.46999931335449,25.68000030517578,27.799999237060547,27.799999237060547,0.0,-0.011967743584906263,0.012356596265045925,-0.011896414972718872,102.56500015258788,106.03149986267093,108.5211996459961,106.93475017547608,104.04794877877517,106.06308586021534,-2.015137081440173,-1.82825995193721,40.289447661858894,68.97315309965714,68.38360506429169,-0.23437291034500435,-34.5850446704836,2.795680407288633,97.15955226399944,114.90344746134241,16.734550789458197,0.3575905425092521,-0.004920551605834778,0.02781332923028048,-0.00018888554069331162,-0.0446892928152917,-0.0012685174454847609,-0.433883739117558,-0.9009688679024191,-0.8660254037844384,-0.5000000000000004
2015-09-07,101.97000122070312,102.8499984741211,101.58999633789062,102.16000366210938,94.38043212890624,49379600.0,0.0,96.37000274658205,96.58000183105467,95.97000122070312,96.2300033569336,96.2300033569336,0.0,2.128000020980835,2.1689999103546143,2.114000082015991,2.128000020980835,2.128000020980835,0.0,27.43000030517578,29.46999931335449,25.68000030517578,27.799999237060547,27.799999237060547,0.0,0.0,0.012356596265045925,0.0,102.93500061035157,105.56100006103517,108.43059967041017,106.92150020599365,103.75749568390351,105.77396866035564,-2.016472976452121,-1.8659025568401924,40.2894476618589,67.09093124092965,67.8596880867093,3.7578759009151943,-33.94006832025168,2.6859891022130498,96.93099721182078,114.19100291024957,16.35074098241688,0.3534380995952507,-0.011967743584906263,-0.004920551605834778,-0.012480836626050882,-0.039236539475518147,0.011357290701686843,0.0,1.0,-0.8660254037844384,-0.5000000000000004
2015-09-08,104.12000274658205,105.16999816894533,103.69000244140624,105.04000091552734,97.04107666015624,37343500.0,0.0278005946936995,96.1500015258789,96.23999786376952,95.7300033569336,95.87999725341795,95.87999725341795,0.0,2.1619999408721924,2.1989998817443848,2.1600000858306885,2.194000005722046,2.194000005722046,0.0,25.049999237060547,26.25,24.1299991607666,24.89999961853028,24.89999961853028,0.0,0.027800594693699516,0.014214326627912761,0.028190637309395417,103.63000106811523,105.30600013732912,108.38999969482423,106.92055019378662,103.95480418107641,105.71960067925724,-1.7647964981808286,-1.8456813451083196,48.09736074591648,71.19821213323854,69.08743215794178,7.085334730461236,-17.880250609549087,2.7091323454003997,96.94859919874393,113.66340107591431,15.872601613747241,0.36962143426620603,0.0,-0.011967743584906263,-0.031751808952262796,-0.0037649857183104005,-0.01289993365110958,0.7818314824680298,0.6234898018587336,-0.8660254037844384,-0.5000000000000004
2015-09-09,106.27999877929688,106.30999755859376,103.58999633789062,103.86000061035156,95.950927734375,47146700.0,-0.0112974682456129,95.83999633789062,96.41000366210938,95.83999633789062,96.01000213623048,96.01000213623048,0.0,2.2179999351501465,2.253999948501587,2.171999931335449,2.180999994277954,2.180999994277954,0.0,22.38999938964844,26.81999969482422,21.51000022888184,26.229999542236328,26.229999542236328,0.0,-0.011297468245612913,0.02559278558472274,-0.01123389149523768,103.71300125122072,104.97300033569338,108.30879974365234,106.91275020599366,103.94021901634952,105.58185252600498,-1.6416335096554633,-1.8048717780177486,45.47363588130716,78.72287849272212,72.33734062229676,0.8055923914283014,-12.011045592032854,2.7099086936363097,96.96699479588118,112.97900587550559,15.253456630199738,0.3702490506433552,0.027800594693699516,0.0,0.02781332923028048,0.04913468551094617,0.0034443305087114282,0.9749279121818236,-0.22252093395631434,-0.8660254037844384,-0.5000000000000004
2015-09-10,103.73999786376952,105.68000030517578,103.62000274658205,104.98999786376952,96.9948959350586,47686700.0,0.010821466550134,95.93000030517578,96.1999969482422,95.4000015258789,95.45999908447266,95.45999908447266,0.0,2.219000101089477,2.236000061035156,2.190000057220459,2.2219998836517334,2.2219998836517334,0.0,26.8700008392334,27.21999931335449,23.530000686645508,24.3700008392334,24.3700008392334,0.0,0.010821466550134091,0.01985731252181928,0.010880230398330859,103.64800109863283,104.70550041198732,108.2495997619629,106.91085018157959,104.10172345441413,105.53801143991346,-1.4362879854993338,-1.7311550195140657,48.377751571869986,87.99636485213871,79.30581849269979,-0.6152986838644505,-6.119609242001911,2.663486469704697,97.1074243260527,112.30357649792194,14.513231981201148,0.37353166136176896,-0.011297468245612913,0.027800594693699516,-0.004920551605834778,0.02501681832452454,-0.001629892622290903,0.43388373911755823,-0.900968867902419,-0.8660254037844384,-0.5000000000000004
2015-09-11,104.51000213623048,105.56999969482422,104.20999908447266,105.56999969482422,97.53072357177734,29106100.0,0.0055090840299001,95.44000244140624,95.69000244140624,95.12000274658205,95.19000244140624,95.19000244140624,0.0,2.203000068664551,2.2060000896453857,2.171999931335449,2.183000087738037,2.183000087738037,0.0,25.3799991607666,25.809999465942383,23.14999961853028,23.200000762939453,23.200000762939453,0.0,0.0055090840299001995,0.013013114367549048,0.005524286938536571,103.64300079345705,104.458500289917,108.20199981689454,106.91180019378662,104.3276121067849,105.54038094027722,-1.2127688334923192,-1.6274777823097164,49.854068953906776,90.98456777863404,85.9012703744983,-0.04734240717433124,-8.915641830063127,2.5703803368937588,97.34948379826031,111.56751678157369,13.611178548277314,0.37436375934186117,0.010821466550134091,-0.011297468245612913,-0.011967743584906263,-0.00018888554069331162,0.0015395496945994297,-0.433883739117558,-0.9009688679024191,-0.8660254037844384,-0.5000000000000004
2015-09-14,105.95999908447266,105.9800033569336,104.8499984741211,105.25,97.23509216308594,19718800.0,-0.0030357651276498,95.18000030517578,95.4499969482422,94.91000366210938,95.25,95.25,0.0,2.1670000553131104,2.196000099182129,2.1640000343322754,2.180000066757202,2.180000066757202,0.0,24.030000686645508,25.31999969482422,23.63999938964844,24.25,24.25,0.0,-0.0030357651276498613,0.010664447834806471,-0.003031161852027453,103.73700103759766,104.14950027465821,108.15299987792969,106.91490020751955,104.4695179365103,105.51887124099741,-1.0493533044871128,-1.5118528867451957,49.02109634698905,90.20054434414217,89.7271589916383,0.9011623654561116,-14.363115895508438,2.4674963758879547,97.82209808612718,110.47690246318923,12.150614591226448,0.3722724369207685,0.0055090840299001995,0.010821466550134091,0.0,-0.012480836626050882,0.008290540626314584,0.0,1.0,-0.8660254037844384,-0.5000000000000004
2015-09-15,105.5,106.81999969482422,105.11000061035156,106.48999786376952,98.38068389892578,30020200.0,0.0117128061533016,95.30999755859376,95.68000030517578,95.12999725341795,95.61000061035156,95.61000061035156,0.0,2.171999931335449,2.2809998989105225,2.1710000038146973,2.2809998989105225,2.2809998989105225,0.0,23.280000686645508,23.770000457763672,22.1299991607666,22.540000915527344,22.540000915527344,0.0,0.011712806153301659,0.016208522127702903,0.011781669666321992,104.28100051879882,103.93100013732911,108.12339981079101,106.92255020141603,104.78036100224247,105.59080654638795,-0.8104455441454803,-1.3715714182252527,52.34389989117873,90.46334515825974,90.5494857603453,5.383468231292733,-5.331206799649191,2.4133894265011477,98.31779473592232,109.5442055387359,10.801792331431017,0.37569123848629327,-0.0030357651276498613,0.0055090840299001995,0.027800594693699516,-0.031751808952262796,-0.005128542344266232,0.7818314824680298,0.6234898018587336,-0.8660254037844384,-0.5000000000000004
2015-09-16,106.51000213623048,107.19000244140624,106.13999938964844,107.08999633789062,98.93499755859376,31329100.0,0.0056185612192375,95.58999633789062,95.8499984741211,95.16000366210938,95.41999816894533,95.41999816894533,0.0,2.2809998989105225,2.302999973297119,2.263999938964844,2.302999973297119,2.302999973297119,0.0,22.56999969482422,22.940000534057617,21.09000015258789,21.350000381469727,21.350000381469727,0.0,0.005618561219237518,0.009858257728835675,0.0056343749372333995,104.6,103.77900009155275,108.14339981079102,106.9414501953125,105.1356895154191,105.70185764205482,-0.5661681266357164,-1.2104907599073456,53.909355814016635,92.92706507506097,91.19698485915428,3.0702548269137133,-1.5244820796594394,2.3160046854480516,98.73700868998846,108.82099149311703,9.71678547127318,0.3762136218686467,0.011712806153301659,-0.0030357651276498613,-0.011297468245612913,0.02781332923028048,-0.006606565525731456,0.9749279121818236,-0.22252093395631434,-0.8660254037844384,-0.5000000000000004
2015-09-17,106.9800033569336,108.7300033569336,106.63999938964844,107.12999725341795,98.97195434570312,56139800.0,0.0003734763956831,95.3000030517578,95.38999938964844,94.36000061035156,94.5500030517578,94.5500030517578,0.0,2.282999992370605,2.2939999103546143,2.203000068664551,2.2170000076293945,2.2170000076293945,0.0,21.540000915527344,23.32999992370605,17.8700008392334,21.13999938964844,21.13999938964844,0.0,0.0003734763956831507,0.019536398408139505,0.00037354614667539643,104.97399978637694,103.78149986267091,108.16539978027345,106.9581001663208,105.44250609049585,105.80764576141505,-0.3651396709191914,-1.0414205421097147,54.01780256254472,91.13038807776448,91.50693277036173,3.61736907423173,-19.7531468873979,2.2998617770078447,98.73257268821827,108.83042703712356,9.72991753083863,0.3627619727478625,0.005618561219237518,0.011712806153301659,0.010821466550134091,-0.004920551605834778,-0.028085286684509526,0.43388373911755823,-0.900968867902419,-0.8660254037844384,-0.5000000000000004
2015-09-18,105.2300033569336,106.5999984741211,105.16999816894533,105.3499984741211,97.56427764892578,48384000.0,-0.0143251018367656,94.6500015258789,95.37999725341795,94.05999755859376,94.86000061035156,94.86000061035156,0.0,2.157000064849853,2.1730000972747803,2.130000114440918,2.130000114440918,2.130000114440918,0.0,23.06999969482422,23.989999771118164,20.979999542236328,22.280000686645508,22.280000686645508,0.0,-0.01432510183676567,0.013589283089969078,-0.01422298575473624,105.29299926757812,103.92899971008302,108.11939971923826,106.97150016784667,105.42827414951512,105.77374596235623,-0.3454718128411116,-0.9022307962559941,48.54417392671899,78.99798237759973,87.68514517680839,3.1225476680311353,-41.728423900143476,2.2755858703981864,98.87764371076578,108.98035570940026,9.720782483057352,0.3274132667350338,0.0003734763956831507,0.005618561219237518,0.0055090840299001995,-0.011967743584906263,-0.0446892928152917,-0.433883739117558,-0.9009688679024191,-0.8660254037844384,-0.5000000000000004
2015-09-21,105.93000030517578,106.5500030517578,104.7300033569336,105.68000030517578,97.86988067626952,35772600.0,0.0031274295041342,95.31999969482422,95.9800033569336,95.04000091552734,95.88999938964844,95.88999938964844,0.0,2.174999952316284,2.2170000076293945,2.16599988937378,2.21399998664856,2.21399998664856,0.0,21.96999931335449,22.479999542236328,20.049999237060547,20.13999938964844,20.13999938964844,0.0,0.003127429504134243,0.017181154437656304,0.003132325013909476,105.64499893188476,104.28999977111816,108.04219970703123,106.99185016632082,105.46700125038598,105.76680183960212,-0.2998005892161473,-0.7817447548480247,49.56453935603641,65.2671138764821,78.46516144394877,3.4455721582672134,-42.71708758301232,2.2430440007143306,99.89498939065079,108.68501015158553,8.428440675257367,0.2898067406837526,-0.01432510183676567,0.0003734763956831507,-0.0030357651276498613,0.0,-0.039236539475518147,0.0,1.0,-0.8660254037844384,-0.5000000000000004
2015-09-22,104.05999755859376,104.41999816894533,103.12999725341795,104.0999984741211,96.40664672851562,47359700.0,-0.0150636995250592,95.91999816894533,96.4000015258789,95.76000213623048,96.27999877929688,96.27999877929688,0.0,2.1710000038146973,2.1710000038146973,2.114000082015991,2.125,2.125,0.0,22.96999931335449,26.290000915527344,22.25,22.440000534057617,22.440000534057617,0.0,-0.015063699525059296,0.01239670330379359,-0.014950809561053102,105.55099868774415,104.59049987792969,107.91899963378906,107.01245014190675,105.25669313096061,105.64333492364057,-0.3866417926799528,-0.7027241624144105,44.9668505174637,50.23618183405593,64.83375936271258,-0.8948994984893378,-64.84594301467642,2.2649696472174377,101.2964349184216,107.88456483743778,6.298975458292447,0.2963473771609777,0.003127429504134243,-0.01432510183676567,0.011712806153301659,0.027800594693699516,-0.0037649857183104005,0.7818314824680298,0.6234898018587336,-0.8660254037844384,-0.5000000000000004
2015-09-23,104.37999725341795,104.66000366210938,103.63999938964844,104.18000030517578,96.48074340820312,21775100.0,0.0007682895525698,96.30999755859376,96.5500030517578,96.0199966430664,96.06999969482422,96.06999969482422,0.0,2.151000022888184,2.1710000038146973,2.135999917984009,2.1440000534057617,2.1440000534057617,0.0,22.09000015258789,23.200000762939453,21.13999938964844,22.1299991607666,22.1299991607666,0.0,0.0007682895525698565,0.009772028159615009,0.0007685847625855668,105.58299865722657,104.64799995422364,107.79499969482421,107.02435012817384,105.09104808083987,105.53493976671724,-0.44389168587737515,-0.6509576671070034,45.24381793435337,42.90383303681304,52.80237624911702,0.3081067715614137,-63.72547029187214,2.176043549020545,101.42934299852068,107.86665690992659,6.151396982476296,0.24130627671674448,-0.015063699525059296,0.003127429504134243,0.005618561219237518,-0.011297468245612913,0.04913468551094617,0.9749279121818236,-0.22252093395631434,-0.8660254037844384,-0.5000000000000004
2015-09-24,103.16999816894533,104.19000244140624,102.2699966430664,103.8000030517578,96.12884521484376,38284300.0,-0.0036540089973085,96.25,96.3000030517578,95.45999908447266,95.98999786376952,95.98999786376952,0.0,2.11299991607666,2.127000093460083,2.0810000896453857,2.119999885559082,2.119999885559082,0.0,23.530000686645508,25.299999237060547,21.809999465942383,23.46999931335449,23.46999931335449,0.0,-0.003654008997308592,0.018610117596355263,-0.003647341230265,105.4639991760254,104.55600013732911,107.63219970703126,107.02210014343261,104.89242576867339,105.40642593597951,-0.5140001673061221,-0.6235661671468272,44.10831058162956,34.12701041649964,42.4223417624562,-1.133436361772104,-69.04755544395252,2.1577551382576368,101.35157617617506,107.76042409848316,6.129584063937407,0.22377343007435227,0.0007682895525698565,-0.015063699525059296,0.0003734763956831507,0.010821466550134091,0.02501681832452454,0.43388373911755823,-0.900968867902419,-0.8660254037844384,-0.5000000000000004
2015-09-25,104.91000366210938,105.01000213623048,102.27999877929688,102.91999816894533,95.3138427734375,44700000.0,-0.0085143744435373,96.25,96.6999969482422,96.12000274658205,96.2699966430664,96.2699966430664,0.0,2.180000066757202,2.197999954223633,2.157000064849853,2.1679999828338623,2.1679999828338623,0.0,21.1200008392334,24.290000915527344,20.809999465942383,23.6200008392334,23.6200008392334,0.0,-0.008514374443537365,0.02602233592257142,-0.008478229813171811,105.1989990234375,104.42099990844727,107.41879974365234,107.01510013580322,104.58897536871523,105.22224610138439,-0.6332707326691605,-0.6255070802512939,41.510103125968364,25.762968977295415,34.26460414353603,-2.5101842697161754,-89.9380673322891,2.198630011020206,101.17804865232655,107.66395116456799,6.211300904921475,0.22543830037582907,-0.003654008997308592,0.0007682895525698565,-0.01432510183676567,0.0055090840299001995,-0.00018888554069331162,-0.433883739117558,-0.9009688679024191,-0.8660254037844384,-0.5000000000000004
2015-09-28,102.4800033569336,102.5500030517578,99.69000244140624,99.98999786376952,92.60037231445312,44077500.0,-0.0288818924987577,96.26000213623048,96.5,95.9000015258789,96.02999877929688,96.02999877929688,0.0,2.134000062942505,2.157000064849853,2.0929999351501465,2.095000028610229,2.095000028610229,0.0,25.020000457763672,28.32999992370605,24.940000534057617,27.6299991607666,27.6299991607666,0.0,-0.028881892498757722,0.0279078895068953,-0.02846879718651507,104.67299880981446,104.20499992370605,107.13899963378907,106.9921501159668,103.88144036795435,104.83467215785737,-0.9532317899030147,-0.6910520221816381,34.27151355617436,14.777636773631862,24.889205389142305,-4.997626732760553,-96.6814669028628,2.272298990771555,100.40353708157248,108.00646276583963,7.2961236887228536,0.24316908702371112,-0.008514374443537365,-0.003654008997308592,0.003127429504134243,-0.0030357651276498613,-0.012480836626050882,0.0,1.0,-0.8660254037844384,-0.5000000000000004
2015-09-29,100.23999786376952,101.26000213623048,98.75,99.47000122070312,92.11884307861328,49315500.0,-0.005213646296223,96.02999877929688,96.23999786376952,95.70999908447266,95.88999938964844,95.88999938964844,0.0,2.11299991607666,2.114000082015991,2.046999931335449,2.053999900817871,2.053999900817871,0.0,26.56999969482422,28.200000762939453,25.76000022888184,26.82999992370605,26.82999992370605,0.0,-0.005213646296223083,0.025039926074636235,-0.005200078831267163,103.97099914550782,104.12599983215331,106.85019958496095,106.96845012664795,103.2027574222234,104.43728912547557,-1.2345317032521734,-0.7997479583957452,33.16613123858581,6.86496814245508,15.801857964460785,-6.592165258606664,-92.78556133748287,2.2892777868757643,99.99691924297382,108.2550804213328,7.930930979458343,0.21692467865553278,-0.028881892498757722,-0.008514374443537365,-0.015063699525059296,0.011712806153301659,-0.031751808952262796,0.7818314824680298,0.6234898018587336,-0.8660254037844384,-0.5000000000000004
2015-09-30,100.88999938964844,101.87000274658205,100.5,101.76000213623048,94.2396240234375,41411400.0,0.022761214308508,95.91999816894533,96.41000366210938,95.8499984741211,96.3499984741211,96.3499984741211,0.0,2.0910000801086426,2.0929999351501465,2.052999973297119,2.059999942779541,2.059999942779541,0.0,24.63999938964844,25.8799991607666,23.25,24.5,24.5,0.0,0.022761214308508006,0.013579172909803894,0.02302222730928527,103.4379997253418,104.01899986267088,106.63299957275392,106.95575012207031,102.98079507053218,104.23897157071667,-1.25817650018449,-0.8914336667534941,42.033169496456225,13.564434553713,11.735679823266647,-4.977116802621723,-69.83966809851535,2.2971866253759896,99.75650501809929,108.28149470724247,8.195608206575855,0.20871326373009583,-0.005213646296223083,-0.028881892498757722,0.0007682895525698565,0.005618561219237518,0.02781332923028048,0.9749279121818236,-0.22252093395631434,-0.8660254037844384,-0.5000000000000004
2015-10-01,101.94000244140624,102.2300033569336,100.58999633789062,102.22000122070312,94.66556549072266,39339100.0,0.0045095869544133,96.2699966430664,96.48999786376952,95.97000122070312,96.19000244140624,96.19000244140624,0.0,2.0390000343322754,2.0460000038146973,2.009999990463257,2.0420000553131104,2.0420000553131104,0.0,23.13999938964844,25.229999542236328,22.549999237060547,22.549999237060547,22.549999237060547,0.0,0.0045095869544133325,0.016087963309453744,0.004519770443685456,102.9470001220703,103.96049995422362,106.43339965820311,106.94535011291504,102.86374986286617,104.0894182114564,-1.2256683485902329,-0.958280603120842,43.650424937033996,24.048103392786068,14.825835362984716,-4.583213066924799,-65.2304603856436,2.250245224923631,99.630083524559,108.29091638388824,8.330888042230296,0.20899941218307408,0.022761214308508006,-0.005213646296223083,-0.003654008997308592,0.0003734763956831507,-0.004920551605834778,0.43388373911755823,-0.900968867902419,-1.0,-1.8369701987210297e-16
2015-10-02,100.8000030517578,104.01000213623048,100.4800033569336,104.01000213623048,96.32331848144533,59370900.0,0.0173601163546551,96.13999938964844,96.37999725341795,95.22000122070312,95.83000183105467,95.83000183105467,0.0,2.046999931335449,2.065000057220459,1.906000018119812,1.9889999628067017,1.9889999628067017,0.0,23.989999771118164,24.46999931335449,20.350000381469727,20.940000534057617,20.940000534057617,0.0,0.01736011635465511,0.035019828099452935,0.01751167895241834,102.81300048828125,104.0529998779297,106.29159973144532,106.94020011901856,103.04009636646067,104.08353553921745,-1.0434391727567771,-0.975312317048029,49.54903287724397,39.21176200476171,25.60809998375359,-1.2719471830080538,-47.29458550155593,2.3416561930931494,99.80629355027531,108.29970620558407,8.162583169416402,0.21343866922089363,0.0045095869544133325,0.022761214308508006,-0.008514374443537365,-0.01432510183676567,-0.011967743584906263,-0.433883739117558,-0.9009688679024191,-1.0,-1.8369701987210297e-16
2015-10-05,104.77999877929688,105.77999877929688,104.5500030517578,105.5,97.70318603515624,32853500.0,0.0142237352677307,95.81999969482422,96.16999816894533,95.4499969482422,96.11000061035156,96.11000061035156,0.0,2.0169999599456787,2.059999942779541,2.01200008392334,2.055999994277954,2.055999994277954,0.0,20.309999465942383,20.420000076293945,19.13999938964844,19.540000915527344,19.540000915527344,0.0,0.014223735267730728,0.011738840827149422,0.014325373912202899,102.79500045776368,104.21999969482422,106.1979997253418,106.94260013580323,103.41854307931287,104.18845883260875,-0.7699157532958765,-0.9342330042975986,53.87708706483887,51.70340063455956,38.321088677369104,-0.17032579925812658,-32.36475220912178,2.300823368091238,100.02434930520278,108.41565008444567,8.05152639014988,0.2184509575031412,0.01736011635465511,0.0045095869544133325,-0.028881892498757722,0.003127429504134243,0.0,0.0,1.0,-1.0,-1.8369701987210297e-16
2015-10-06,105.25,105.5999984741211,104.18000030517578,105.0,97.24015045166016,33051500.0,-0.004750472240979,96.0500030517578,96.16000366210938,95.4000015258789,95.45999908447266,95.45999908447266,0.0,2.0460000038146973,2.07699990272522,2.0299999713897705,2.0350000858306885,2.0350000858306885,0.0,19.540000915527344,20.31999969482422,18.81999969482422,19.39999961853028,19.39999961853028,0.0,-0.0047504722409790305,0.01349166906361342,-0.004739206593830647,102.88500061035157,104.21799964904787,106.07539978027344,106.94600013732912,103.66184414403398,104.24857299315624,-0.5867288491222666,-0.8647321732625323,52.25700595211,60.98863057510687,50.6345977381427,0.864554792575375,-37.37477056400166,2.237907282437958,100.02395728593255,108.41204201216318,8.048595016674035,0.1963683588774818,0.014223735267730728,0.01736011635465511,-0.005213646296223083,-0.015063699525059296,0.027800594693699516,0.7818314824680298,0.6234898018587336,-1.0,-1.8369701987210297e-16
2015-10-07,105.66000366210938,105.86000061035156,104.29000091552734,105.62999725341795,97.82360076904295,37389300.0,0.0059821679188758,95.47000122070312,95.6999969482422,95.33000183105467,95.5,95.5,0.0,2.065000057220459,2.0859999656677246,2.052999973297119,2.062000036239624,2.062000036239624,0.0,18.959999084472656,19.729999542236328,18.32999992370605,18.39999961853028,18.39999961853028,0.0,0.005982167918875832,0.014858978235936165,0.006000096818780998,103.03000030517579,104.30649948120117,105.95699966430664,106.95790012359622,103.96463693009306,104.3509007161386,-0.38626378604553224,-0.7690384958191323,54.1286676031615,72.6345904588463,61.77554055617091,1.391818913413975,-12.356705850337669,2.190199597608405,100.0697830664751,108.54321589592725,8.12359044891473,0.19260680555866758,-0.0047504722409790305,0.014223735267730728,0.022761214308508006,0.0007682895525698565,-0.011297468245612913,0.9749279121818236,-0.22252093395631434,-1.0,-1.8369701987210297e-16
2015-10-08,105.2300033569336,106.2300033569336,104.20999908447266,106.0500030517578,98.2125473022461,50188900.0,0.0039681155479787,95.56999969482422,95.61000061035156,94.9800033569336,95.31999969482422,95.31999969482422,0.0,2.055999994277954,2.11299991607666,2.049000024795532,2.1080000400543213,2.1080000400543213,0.0,18.6200008392334,19.020000457763672,16.34000015258789,17.420000076293945,17.420000076293945,0.0,0.003968115547978743,0.019196086743523227,0.0039759989424374975,103.25500030517578,104.3594997406006,105.8363996887207,106.97190013885499,104.28546248727226,104.47676014840668,-0.1912976611344277,-0.6534903288821914,55.384424308208395,81.28608989447417,71.63643697614245,2.167629994074357,-6.410253902238161,2.1780427886693006,100.06071551808061,108.65828396312058,8.238414774323724,0.18946661713937893,0.005982167918875832,-0.0047504722409790305,0.0045095869544133325,-0.003654008997308592,0.010821466550134091,0.43388373911755823,-0.900968867902419,-1.0,-1.8369701987210297e-16
2015-10-09,106.0999984741211,106.7300033569336,105.80999755859376,106.52999877929688,98.65706634521484,23916200.0,0.0045158802332393,95.2300033569336,95.33999633789062,94.69000244140624,94.80999755859376,94.80999755859376,0.0,2.118000030517578,2.138000011444092,2.088000059127808,2.0989999771118164,2.0989999771118164,0.0,17.149999618530273,18.200000762939453,16.889999389648438,17.079999923706055,17.079999923706055,0.0,0.00451588023323931,0.008671119807454367,0.004526092186579289,103.61600036621094,104.40749969482422,105.7279997253418,106.98985012054445,104.63077576296834,104.628851898843,0.001923864125345176,-0.5224074902806841,56.83863097486715,92.90890609124183,82.2765288148541,3.5075793573428333,-2.5063219736986775,2.0881830036457667,100.03106715253631,108.78393223711214,8.38336815857083,0.18915950928714897,0.003968115547978743,0.005982167918875832,0.01736011635465511,-0.008514374443537365,0.0055090840299001995,-0.433883739117558,-0.9009688679024191,-1.0,-1.8369701987210297e-16
2015-10-12,106.7300033569336,106.98999786376952,106.3499984741211,106.79000091552734,98.8978500366211,16162000.0,0.0024376392655358,94.8499984741211,94.87999725341795,94.62000274658205,94.83999633789062,94.83999633789062,0.0,2.0899999141693115,2.0899999141693115,2.0899999141693115,2.0899999141693115,2.0899999141693115,0.0,17.68000030517578,17.809999465942383,16.149999618530273,16.170000076293945,16.170000076293945,0.0,0.0024376392655358395,0.005996433706725321,0.00244061272371221,104.29600067138672,104.4844997406006,105.63179977416992,107.01665012359621,104.96296424797742,104.78893701118999,0.17402723678743826,-0.38312054486705965,57.64397065609109,96.21875868823282,90.13791822464961,6.800683265362632,-2.427148059364681,1.9847413169316708,99.99297687851276,108.97602260268843,8.597491251312404,0.18877149163633622,0.00451588023323931,0.003968115547978743,0.014223735267730728,-0.028881892498757722,-0.0030357651276498613,0.0,1.0,-1.0,-1.8369701987210297e-16
2015-10-13,106.18000030517578,107.26000213623048,106.0,106.0999984741211,98.25882720947266,26999600.0,-0.0064824085473956,94.9000015258789,94.9800033569336,94.54000091552734,94.76000213623048,94.76000213623048,0.0,2.062000036239624,2.078000068664551,2.0439999103546143,2.055000066757202,2.055000066757202,0.0,17.079999923706055,17.700000762939453,16.139999389648438,17.670000076293945,17.670000076293945,0.0,-0.006482408547395675,0.011866661636928472,-0.006461443063846328,104.95900039672853,104.46499977111816,105.52599975585936,107.04680011749268,105.13789259046106,104.88605267511082,0.25183991535024575,-0.2561284528235986,54.725648718224086,93.81182267633302,94.31316248526922,6.665323385999957,-13.631061937937595,1.9329742325958719,100.00687526203306,108.92312428020325,8.535154394012933,0.1859088063233164,0.0024376392655358395,0.00451588023323931,-0.0047504722409790305,-0.005213646296223083,0.011712806153301659,0.7818314824680298,0.6234898018587336,-1.0,-1.8369701987210297e-16
2015-10-14,106.0999984741211,106.62999725341795,105.48999786376952,105.93000030517578,98.10140991210938,30902600.0,-0.0016033524240352,94.76000213623048,94.76000213623048,93.8499984741211,93.93000030517578,93.93000030517578,0.0,2.039999961853028,2.0420000553131104,1.9789999723434448,1.9809999465942385,1.9809999465942385,0.0,17.670000076293945,18.780000686645508,17.299999237060547,18.030000686645508,18.030000686645508,0.0,-0.0016033524240352892,0.010744574986271044,-0.001602067741228952,105.37600021362306,104.40699996948241,105.39959976196288,107.06965011596682,105.2597553158018,104.96338212918971,0.29637318661208667,-0.14562812493646154,54.000288569661336,89.43770008632868,93.15609381696484,4.097875473079042,-15.628689743711721,1.876333172385341,100.06397186730773,108.7500280716571,8.31941939418646,0.1847458435658321,-0.006482408547395675,0.0024376392655358395,0.005982167918875832,0.022761214308508006,0.005618561219237518,0.9749279121818236,-0.22252093395631434,-1.0,-1.8369701987210297e-16
2015-10-15,106.31999969482422,107.68000030517578,106.18000030517578,107.66999816894533,99.71282958984376,38393800.0,0.0162926119724574,93.95999908447266,94.58999633789062,93.80999755859376,94.37000274658205,94.37000274658205,0.0,2.0,2.0280001163482666,1.996000051498413,2.0230000019073486,2.0230000019073486,0.0,17.6200008392334,17.850000381469727,16.040000915527344,16.049999237060547,16.049999237060547,0.0,0.01629261197245745,0.014108352184965457,0.01642606033061189,105.92099990844727,104.43400001525877,105.34399978637695,107.09150009155275,105.63056190859311,105.16387220620865,0.46668970238445695,-0.023164559472277843,59.864158177936936,90.20941410578602,91.15297895614924,5.331634595146518,-0.11200600099260383,1.8673093743578166,100.01366768197349,108.85433234854406,8.465312700154042,0.19406304392138662,-0.0016033524240352892,-0.006482408547395675,0.003968115547978743,0.0045095869544133325,0.0003734763956831507,0.43388373911755823,-0.900968867902419,-1.0,-1.8369701987210297e-16
2015-10-16,107.9000015258789,108.18000030517578,107.37999725341795,108.12000274658205,100.12954711914062,27091100.0,0.0041704681474447,94.47000122070312,94.7699966430664,94.37000274658205,94.54000091552734,94.54000091552734,0.0,2.013999938964844,2.032999992370605,2.005000114440918,2.0230000019073486,2.0230000019073486,0.0,15.640000343322754,16.860000610351562,15.050000190734863,15.050000190734863,15.050000190734863,0.0,0.004170468147444777,0.0074143006528684125,0.0041791766517005335,106.33199996948241,104.57250022888184,105.30019989013671,107.11900009155273,106.01355280674525,105.3828448388289,0.6307079679163508,0.10760994600544788,61.24029789034712,94.54102097780947,91.39604505664138,3.951543626514261,-0.636241321867248,1.7910732084578174,99.86694311158949,109.27805734617418,8.999607175869585,0.18643934762657327,0.01629261197245745,-0.0016033524240352892,0.00451588023323931,0.01736011635465511,-0.01432510183676567,-0.433883739117558,-0.9009688679024191,-1.0,-1.8369701987210297e-16
2015-10-19,107.9800033569336,108.80999755859376,107.73999786376952,108.73999786376952,100.70375061035156,23776300.0,0.0057182256360426,94.68000030517578,95.0,94.5500030517578,94.95999908447266,94.95999908447266,0.0,2.039999961853028,2.055999994277954,2.0209999084472656,2.0280001163482666,2.0280001163482666,0.0,15.68000030517578,16.229999542236328,14.81999969482422,14.979999542236328,14.979999542236328,0.0,0.005718225636042685,0.009909239318018048,0.005734605895377776,106.65599975585938,104.72550010681152,105.24359985351563,107.1549500656128,106.43300589244129,105.63152284067635,0.801483051764933,0.2463845671573449,63.11665901305148,99.47047320710747,94.74030276356766,3.071088022530348,-0.840333055817688,1.739567957483991,99.68150267704982,109.76949753657323,9.632797025781178,0.18700254883546216,0.004170468147444777,0.01629261197245745,0.0024376392655358395,0.014223735267730728,0.003127429504134243,0.0,1.0,-1.0,-1.8369701987210297e-16
2015-10-20,108.5500030517578,108.77999877929688,107.80999755859376,108.18000030517578,100.18511962890624,23404700.0,-0.0051633734917289,94.94000244140624,94.9499969482422,94.58999633789062,94.8499984741211,94.8499984741211,0.0,2.055000066757202,2.0789999961853027,2.052999973297119,2.071000099182129,2.071000099182129,0.0,15.170000076293944,16.34000015258789,14.720000267028809,15.75,15.75,0.0,-0.005163373491728921,0.008935985199748026,-0.00515006619219216,106.97399978637696,104.92950019836425,105.20439987182618,107.18825008392335,106.70177426363121,105.8202989491578,0.8814753144734055,0.373402716620557,60.278223775893906,96.98680937331957,96.99943451941215,3.0285717192150297,-7.5629975023562945,1.6845989048567853,99.66673983760332,110.19226055912519,10.031040557349337,0.17853327871954122,0.005718225636042685,0.004170468147444777,-0.006482408547395675,-0.0047504722409790305,-0.015063699525059296,0.7818314824680298,0.6234898018587336,-1.0,-1.8369701987210297e-16
2015-10-21,108.7300033569336,108.83999633789062,107.4800033569336,107.5199966430664,99.57388305664062,30195200.0,-0.0061197590265102,94.8499984741211,95.05999755859376,94.72000122070312,95.0500030517578,95.0500030517578,0.0,2.055999994277954,2.058000087738037,2.0179998874664307,2.0299999713897705,2.0299999713897705,0.0,14.979999542236328,16.700000762939453,14.40999984741211,16.700000762939453,16.700000762939453,0.0,-0.006119759026510217,0.012507982516035727,-0.006101071441843686,107.1629997253418,105.0965000152588,105.14439987182618,107.2210500717163,106.82765462969816,105.94620248203991,0.8814521476582513,0.4750126028280959,57.023360926179855,91.93572871707264,96.13100376583321,1.7892638822229028,-15.789483290608075,1.6614127674353745,99.7230719340516,110.46992809646599,10.225703197398646,0.18078379987729232,-0.005163373491728921,0.005718225636042685,-0.0016033524240352892,0.005982167918875832,0.0007682895525698565,0.9749279121818236,-0.22252093395631434,-1.0,-1.8369701987210297e-16
2015-10-22,108.4800033569336,109.8000030517578,108.16999816894533,109.70999908447266,101.6020736694336,42778700.0,0.0201640331698177,95.04000091552734,96.41999816894533,94.94000244140624,96.33999633789062,96.33999633789062,0.0,2.04099988937378,2.055000066757202,2.003000020980835,2.025000095367432,2.025000095367432,0.0,15.020000457763672,15.920000076293944,14.449999809265137,14.449999809265137,14.449999809265137,0.0,0.02016403316981778,0.015025855755638565,0.020368700612381163,107.5289993286133,105.39199981689453,105.13179992675782,107.27135005950929,107.27109223812501,106.22500223036826,1.0460900077567459,0.589228083813826,63.974623750830546,91.68200863663455,93.53484890900891,3.4511984228124857,-1.6014932971319396,1.7055980275250902,99.6794599446211,111.10453968916795,10.840556934488863,0.1911158125458996,-0.006119759026510217,-0.005163373491728921,0.01629261197245745,0.003968115547978743,-0.003654008997308592,0.43388373911755823,-0.900968867902419,-1.0,-1.8369701987210297e-16
2015-10-23,112.66000366210938,113.23999786376952,112.06999969482422,112.77999877929688,104.44515228271484,53170900.0,0.0275981300114766,96.4000015258789,97.1999969482422,96.1500015258789,97.06999969482422,97.06999969482422,0.0,2.072000026702881,2.0969998836517334,2.072000026702881,2.0829999446868896,2.0829999446868896,0.0,13.460000038146973,15.119999885559082,13.239999771118164,14.460000038146973,14.460000038146973,0.0,0.027598130011476645,0.01038521330475334,0.027982486091094216,108.1539993286133,105.8849998474121,105.17719985961914,107.33115005493164,108.11861632138222,106.7105575302889,1.4080587910933247,0.7529942252697257,71.04487858314454,92.51058981869653,92.04277572413457,5.866892022545136,-5.077253956170402,1.8359123669373596,99.41860026458589,112.35139943023832,12.214004990593116,0.20530133456013414,0.02016403316981778,-0.006119759026510217,0.004170468147444777,0.00451588023323931,-0.008514374443537365,-0.433883739117558,-0.9009688679024191,-1.0,-1.8369701987210297e-16
2015-10-26,112.6999969482422,113.06999969482422,112.2699966430664,112.8499984741211,104.50999450683594,25918000.0,0.0006206329654827,97.04000091552734,97.08000183105467,96.68000030517578,96.86000061035156,96.86000061035156,0.0,2.0739998817443848,2.0739998817443848,2.0510001182556152,2.058000087738037,2.058000087738037,0.0,14.760000228881836,15.43000030517578,14.68000030517578,15.289999961853027,15.289999961853027,0.0,0.0006206329654827238,0.00709851884135557,0.0006208255979709421,108.75999908447267,106.52799987792969,105.20559982299804,107.39130004882813,108.84652126795743,107.16533093353573,1.6811903344217,0.9386334471001208,71.18374797496888,96.33410734830953,93.50890193454687,5.674686306433603,-4.318930701769053,1.7619188444245348,99.97282171373354,113.08317804212584,12.306958117504733,0.16411286735404632,0.027598130011476645,0.02016403316981778,0.005718225636042685,0.0024376392655358395,-0.028881892498757722,0.0,1.0,-1.0,-1.8369701987210297e-16
2015-10-27,112.5500030517578,113.23999786376952,112.5199966430664,113.08000183105467,104.7229995727539,31390500.0,0.0020360568890182,96.80999755859376,96.97000122070312,96.58000183105467,96.91000366210938,96.91000366210938,0.0,2.04099988937378,2.0420000553131104,2.009000062942505,2.0280001163482666,2.0280001163482666,0.0,15.75,15.989999771118164,14.779999732971191,15.43000030517578,15.43000030517578,0.0,0.002036056889018217,0.006397167491608219,0.0020381310603172498,109.45799942016602,107.20849990844725,105.2499998474121,107.4486000442505,109.49782596997238,107.60345470372232,1.8943712662500616,1.129781010930109,71.66462368361553,96.27732916590796,95.04067544430467,6.578702598790401,-1.7718278443366708,1.6874961570158618,100.91797248769552,113.49902732919898,11.735128140256876,0.15946560343723107,0.0006206329654827238,0.027598130011476645,-0.005163373491728921,-0.006482408547395675,-0.005213646296223083,0.7818314824680298,0.6234898018587336,-1.0,-1.8369701987210297e-16
2015-10-28,113.25,114.0199966430664,112.33999633789062,114.0199966430664,105.5935287475586,42221900.0,0.0082783236604859,96.95999908447266,97.81999969482422,96.47000122070312,97.77999877929688,97.77999877929688,0.0,2.0350000858306885,2.1059999465942383,2.032000064849853,2.0920000076293945,2.0920000076293945,0.0,15.140000343322754,15.729999542236328,12.800000190734863,14.329999923706056,14.329999923706056,0.0,0.008278323660485984,0.0148344397808016,0.008312683730949733,110.26699905395508,107.82149963378906,105.32779983520507,107.50800003051758,110.19354453506378,108.0787541066367,2.114790428427085,1.3267828944295044,73.60336505204326,97.96974715129808,96.86039455517185,7.6371153729670525,0.0,1.6869607390272847,101.37894409515481,114.26405517242331,11.950409817181372,0.14761829875936136,0.002036056889018217,0.0006206329654827238,-0.006119759026510217,-0.0016033524240352892,0.022761214308508006,0.9749279121818236,-0.22252093395631434,-1.0,-1.8369701987210297e-16
2015-10-29,113.5,114.02999877929688,113.37999725341795,113.83999633789062,105.42686462402344,24913300.0,-0.0015796023836987,97.62000274658205,97.69000244140624,97.19000244140624,97.27999877929688,97.27999877929688,0.0,2.1059999465942383,2.180000066757202,2.095999956130981,2.1730000972747803,2.1730000972747803,0.0,14.800000190734863,15.460000038146973,14.329999923706056,14.609999656677246,14.609999656677246,0.0,-0.0015796023836987473,0.005726885690563176,-0.0015783554684832835,110.88399887084961,108.40249938964844,105.4629997253418,107.55705001831053,110.75453712011407,108.50551279043329,2.249024329680779,1.5112311814797592,72.57928002519175,98.66777315010356,97.63828315576986,5.7304711376180535,-2.2248527053526312,1.6128922238024017,101.99115610886626,114.81384267043062,11.828773906285795,0.14982876920003937,0.008278323660485984,0.002036056889018217,0.02016403316981778,0.01629261197245745,0.0045095869544133325,0.43388373911755823,-0.900968867902419,-1.0,-1.8369701987210297e-16
2015-10-30,113.88999938964844,114.08000183105467,113.3000030517578,113.33000183105467,104.95452880859376,27199200.0,-0.0044902888164478,97.1999969482422,97.3499984741211,96.58000183105467,96.9499969482422,96.9499969482422,0.0,2.1730000972747803,2.181999921798706,2.1419999599456787,2.151000022888184,2.151000022888184,0.0,14.600000381469728,15.390000343322754,14.0,15.06999969482422,15.06999969482422,0.0,-0.0044902888164478905,0.006848702989524906,-0.004480222542082912,111.40499877929688,108.86849937438964,105.68159973144532,107.60240001678464,111.15076246025876,108.86288234899783,2.2878801112609324,1.666560967435994,69.62350634454722,96.34802289094681,97.6618477307828,4.818718971626487,-8.731078621806908,1.5533998349091498,102.44660571814818,115.29039303063111,11.797523972764816,0.14670565453019727,-0.0015796023836987473,0.008278323660485984,0.027598130011476645,0.004170468147444777,0.01736011635465511,-0.433883739117558,-0.9009688679024191,-1.0,-1.8369701987210297e-16
2015-11-02,113.62999725341795,114.75,113.38999938964844,114.61000061035156,106.13993072509766,22176900.0,0.0112311273301096,96.91999816894533,96.97000122070312,96.63999938964844,96.93000030517578,96.93000030517578,0.0,2.174999952316284,2.188999891281128,2.1670000553131104,2.187000036239624,2.187000036239624,0.0,15.40999984741211,15.510000228881836,13.670000076293944,14.149999618530272,14.149999618530272,0.0,0.011231127330109648,0.011968675906226462,0.011294433217510003,111.99199905395508,109.32399940490723,106.0045997619629,107.65475002288818,111.68295294488843,109.2885948128018,2.394358132086623,1.81212040036612,72.63562949789862,95.84406552107149,96.95328718737393,5.398200167279789,-1.5118721096259669,1.5438711444831623,102.6218889128212,116.02610989699325,12.261004955120923,0.14438451824817866,-0.0044902888164478905,-0.0015796023836987473,0.0006206329654827238,0.005718225636042685,0.014223735267730728,0.0,1.0,-0.8660254037844386,0.5000000000000001
2015-11-03,114.37999725341795,115.41999816894533,114.20999908447266,115.01000213623048,106.51036834716795,20418400.0,0.0034840110584775,96.9000015258789,97.4800033569336,96.7699966430664,97.16000366210938,97.16000366210938,0.0,2.194000005722046,2.2249999046325684,2.188999891281128,2.220000028610229,2.220000028610229,0.0,14.329999923706056,14.729999542236328,13.8100004196167,14.539999961853027,14.539999961853027,0.0,0.0034840110584775383,0.010578764762442,0.003490087279496512,112.67499923706053,109.82449951171877,106.3429998779297,107.7226000213623,112.19480666663335,109.7124027626854,2.4824039039479544,1.9461771010824869,73.51932158372577,95.10662058049135,95.76623633083655,6.313553163049793,-4.437187527093023,1.5200231401966986,102.98828783307641,116.66071119036113,12.449338187811005,0.1405668508838058,0.011231127330109648,-0.0044902888164478905,0.002036056889018217,-0.005163373491728921,-0.0047504722409790305,0.7818314824680298,0.6234898018587336,-0.8660254037844386,0.5000000000000001
2015-11-04,115.38999938964844,115.47000122070312,114.54000091552734,115.0199966430664,106.51961517333984,28633000.0,8.681243855800227e-05,97.1999969482422,98.0500030517578,97.16999816894533,97.9499969482422,97.9499969482422,0.0,2.2090001106262207,2.240999937057495,2.197999954223633,2.2300000190734863,2.2300000190734863,0.0,14.039999961853027,15.880000114440918,13.960000038146973,15.510000228881836,15.510000228881836,0.0,8.681243855800227e-05,0.008059626571583213,8.681620686679103e-05,113.42499923706055,110.2939994812012,106.58279983520507,107.79310001373291,112.62945127839228,110.10555786493585,2.5238934134564346,2.0617203635572765,73.5423122625661,96.16282125435525,95.70450245197269,6.9754466463552,-5.562476600215193,1.4778786519809188,103.38136817676933,117.20663078563307,12.534918194910642,0.1413274510709704,0.0034840110584775383,0.011231127330109648,0.008278323660485984,-0.006119759026510217,0.005982167918875832,0.9749279121818236,-0.22252093395631434,-0.8660254037844386,0.5000000000000001
2015-11-05,115.12000274658205,115.4000015258789,114.11000061035156,114.70999908447266,106.23255157470705,25004100.0,-0.0026985743762578,97.93000030517578,98.13999938964844,97.75,97.94000244140624,97.94000244140624,0.0,2.249000072479248,2.260999917984009,2.2249999046325684,2.244999885559082,2.244999885559082,0.0,15.390000343322754,16.389999389648438,15.0,15.050000190734863,15.050000190734863,0.0,-0.00269857437625784,0.011205706087126064,-0.0026949364975236145,113.92499923706056,110.72699928283693,106.76419982910156,107.85720001220704,112.94953555625081,110.44662758490153,2.5029079713492735,2.149957885115676,71.46966210421799,93.49613891030909,94.92186024838523,4.55746973085852,-9.511919141764501,1.4644588136628063,103.84887208813386,117.60512647754,12.42357733750887,0.14347384891845058,8.681243855800227e-05,0.0034840110584775383,-0.0015796023836987473,0.02016403316981778,0.003968115547978743,0.43388373911755823,-0.900968867902419,-0.8660254037844386,0.5000000000000001
2015-11-06,114.48999786376952,114.91999816894533,113.76000213623048,114.79000091552734,106.3066177368164,29924900.0,0.0006969648497966,97.9499969482422,99.3499984741211,97.88999938964844,99.16000366210938,99.16000366210938,0.0,2.2290000915527344,2.3489999771118164,2.2290000915527344,2.3329999446868896,2.3329999446868896,0.0,14.90999984741211,16.0,14.31999969482422,14.329999923706056,14.329999923706056,0.0,0.0006969648497966886,0.010131854785211118,0.0006972077862337223,114.12599945068361,111.13999938964845,106.94759979248047,107.92565002441408,113.23268407306257,110.76835894272565,2.464325130336917,2.212831334159924,71.69139672247043,92.13831995508161,93.93242670658198,1.782232805449761,-8.510644392775468,1.4427114721665233,104.33137023042862,117.94862854886829,12.25234694369449,0.14390493636683438,-0.00269857437625784,8.681243855800227e-05,-0.0044902888164478905,0.027598130011476645,0.00451588023323931,-0.433883739117558,-0.9009688679024191,-0.8660254037844386,0.5000000000000001
2015-11-09,114.36000061035156,114.51000213623048,112.87000274658205,113.56999969482422,105.17678833007812,33479800.0,-0.0106849059872206,99.19000244140624,99.26000213623048,98.81999969482422,98.9800033569336,98.9800033569336,0.0,2.344000101089477,2.377000093460083,2.3310000896453857,2.3420000076293945,2.3420000076293945,0.0,15.34000015258789,17.09000015258789,15.140000343322754,16.520000457763672,16.520000457763672,0.0,-0.010684905987220602,0.014340673145291931,-0.010628025148306408,114.1979995727539,111.47899932861328,107.13279983520508,107.98360000610353,113.28457878410282,110.97588788732556,2.3086908967772644,2.2320032466833926,63.57674478233193,86.06589545148555,90.56678477229208,0.6380161545755241,-23.779750111003427,1.476803379079293,104.91142679031036,118.04657186691621,11.782618390650066,0.15274023424509592,0.0006969648497966886,-0.00269857437625784,0.011231127330109648,0.0006206329654827238,0.0024376392655358395,0.0,1.0,-0.8660254037844386,0.5000000000000001
2015-11-10,112.97000122070312,113.38999938964844,112.62999725341795,113.27999877929688,104.90821838378906,35452100.0,-0.0025567754386257,99.01000213623048,99.5,98.94000244140624,99.29000091552734,99.29000091552734,0.0,2.32699990272522,2.352999925613404,2.311000108718872,2.322000026702881,2.322000026702881,0.0,16.690000534057617,16.959999084472656,15.239999771118164,15.289999961853027,15.289999961853027,0.0,-0.0025567754386257606,0.00672746860244526,-0.002553509672174048,114.21799926757812,111.83799934387207,107.37739974975585,108.03520000457765,113.28387416797884,111.14656276821232,2.137311399766517,2.2130648773000177,61.78646867221111,79.23652819792633,85.81358120149783,0.1768632339969395,-30.000020902442092,1.438460454959791,105.74030139037299,117.93569729737115,10.904519017280132,0.15009406369619666,-0.010684905987220602,0.0006969648497966886,0.0034840110584775383,0.002036056889018217,-0.006482408547395675,0.7818314824680298,0.6234898018587336,-0.8660254037844386,0.5000000000000001
2015-11-11,113.58999633789062,114.13999938964844,112.9499969482422,113.13999938964844,104.77857971191406,22748800.0,-0.0012364983353237,99.0999984741211,99.23999786376952,98.77999877929688,99.01000213623048,99.01000213623048,0.0,2.338000059127808,2.338000059127808,2.338000059127808,2.338000059127808,2.338000059127808,0.0,15.06999969482422,16.149999618530273,15.020000457763672,16.059999465942383,16.059999465942383,0.0,-0.00123649833532372,0.010476296150819422,-0.001235734186245896,114.12999954223633,112.19849929809571,107.56219970703125,108.08654998779299,113.26173958669725,111.29422474017055,1.9675148465266972,2.1639548711453536,60.894982329715226,59.23026470749369,74.84422945230185,-0.7717920358941545,-68.52943486407342,1.42071345399168,106.75393332118237,117.64306527500905,9.705238503142343,0.14994152326171797,-0.0025567754386257606,-0.010684905987220602,8.681243855800227e-05,0.008278323660485984,-0.0016033524240352892,0.9749279121818236,-0.22252093395631434,-0.8660254037844386,0.5000000000000001
2015-11-12,112.68000030517578,113.2300033569336,111.95999908447266,112.04000091552734,103.7598648071289,31196900.0,-0.0097701218650426,98.81999969482422,99.29000091552734,98.43000030517578,98.6500015258789,98.6500015258789,0.0,2.325999975204468,2.3420000076293945,2.299000024795532,2.319000005722046,2.319000005722046,0.0,17.059999465942383,18.5,16.649999618530273,18.3700008392334,18.3700008392334,0.0,-0.009770121865042673,0.011270893406295118,-0.009722549280454906,113.94999999999999,112.41699943542483,107.73519973754884,108.12794998168947,113.07377979113265,111.34946741982661,1.7243123713060413,2.076026371177491,54.26936045185756,34.58326576410156,57.68335288984052,-1.581162579293029,-97.7207469411798,1.4099485124537698,107.40399273651225,117.4300061343374,8.918591892842993,0.14850429461029743,-0.00123649833532372,-0.0025567754386257606,-0.00269857437625784,-0.0015796023836987473,0.01629261197245745,0.43388373911755823,-0.900968867902419,-0.8660254037844386,0.5000000000000001
2015-11-13,111.56999969482422,111.69000244140624,109.77999877929688,109.83999633789062,101.72244262695312,52836000.0,-0.0198312835617278,98.56999969482422,99.20999908447266,98.52999877929688,98.98999786376952,98.98999786376952,0.0,2.305000066757202,2.312000036239624,2.2709999084472656,2.2799999713897705,2.2799999713897705,0.0,18.68000030517578,20.670000076293945,18.200000762939453,20.07999992370605,20.07999992370605,0.0,-0.01983128356172788,0.017119330172391912,-0.01963593711270717,113.60099945068359,112.50299911499026,107.88879959106447,108.16149997711183,112.57627464448004,111.23765474709062,1.338619897389421,1.9285450764198773,43.96601180686807,11.60141879397611,35.13831642185712,-3.0795071356009784,-98.94556181281845,1.4706666284378198,107.74800246771832,117.2579957622622,8.4531020233724,0.16710310490326505,-0.009770121865042673,-0.00123649833532372,0.0006969648497966886,-0.0044902888164478905,0.004170468147444777,-0.433883739117558,-0.9009688679024191,-0.8660254037844386,0.5000000000000001
2015-11-16,109.7300033569336,111.44000244140624,109.4800033569336,111.41999816894533,103.18567657470705,33980600.0,0.0142820970267151,98.97000122070312,99.45999908447266,98.87000274658205,99.44000244140624,99.44000244140624,0.0,2.259000062942505,2.2730000019073486,2.243000030517578,2.2730000019073486,2.2730000019073486,0.0,20.51000022888184,20.549999237060547,17.25,18.15999984741211,18.15999984741211,0.0,0.014282097026715195,0.017862016080479725,0.014384573452684846,113.28199920654296,112.63699913024904,108.07399948120118,108.20459995269776,112.39838595593623,111.25116166722799,1.1472242887082444,1.7722809188775508,51.1405068340693,11.906976124169535,19.363886894082402,-2.783354353388002,-67.61276287349315,1.5056189467260215,108.1872549661164,117.08674329438168,7.901034648458857,0.17311053357290224,-0.01983128356172788,-0.009770121865042673,-0.010684905987220602,0.011231127330109648,0.005718225636042685,0.0,1.0,-0.8660254037844386,0.5000000000000001
2015-11-17,111.61000061035156,112.29000091552734,111.20999908447266,111.48999786376952,103.25050354003906,30579500.0,0.0006280581962612,99.4000015258789,99.75,99.36000061035156,99.62999725341795,99.62999725341795,0.0,2.2850000858306885,2.312999963760376,2.253999948501587,2.260999917984009,2.260999917984009,0.0,17.81999969482422,19.59000015258789,16.860000610351562,18.84000015258789,18.84000015258789,0.0,0.0006280581962612433,0.009676568633174256,0.0006282554661070083,112.92999877929688,112.80249900817871,108.20299942016601,108.24004993438723,112.25863394175674,111.26885323734219,0.9897807044145566,1.6157808759849521,51.437172311537644,22.332507373155714,15.28030076376712,-3.0606070838008383,-66.44415319422126,1.475217724178069,108.83011992423015,116.77487809212728,7.043069291683956,0.17149235701455912,0.014282097026715195,-0.01983128356172788,-0.0025567754386257606,0.0034840110584775383,-0.005163373491728921,0.7818314824680298,0.6234898018587336,-0.8660254037844386,0.5000000000000001
2015-11-18,111.94000244140624,113.73999786376952,111.83000183105467,113.62999725341795,105.23235321044922,32966500.0,0.0190126843157969,99.66000366210938,99.8499984741211,99.30999755859376,99.6500015258789,99.6500015258789,0.0,2.2850000858306885,2.299000024795532,2.26200008392334,2.2690000534057617,2.2690000534057617,0.0,19.01000022888184,19.450000762939453,16.799999237060547,16.850000381469727,16.850000381469727,0.0,0.019012684315796908,0.017062676353921023,0.019194576321282852,112.79099884033202,113.10799903869629,108.39839935302736,108.28429992675784,112.46961291278154,111.44375279408854,1.0258601186930036,1.4977967245265627,59.527719822214415,45.07504788009314,26.438177125806128,-1.2084849854081814,-30.717940292006183,1.5305593153082069,110.00054295366647,116.21545512372612,5.494670777381018,0.17967693470493679,0.0006280581962612433,0.014282097026715195,-0.00123649833532372,8.681243855800227e-05,-0.006119759026510217,0.9749279121818236,-0.22252093395631434,-0.8660254037844386,0.5000000000000001
2015-11-19,113.69000244140624,114.2300033569336,113.48999786376952,113.70999908447266,105.3064422607422,26188100.0,0.0007038042863828,99.41999816894533,99.4800033569336,98.73999786376952,98.98999786376952,98.98999786376952,0.0,2.260999917984009,2.263999938964844,2.2320001125335693,2.247999906539917,2.247999906539917,0.0,16.25,18.26000022888184,16.0,16.989999771118164,16.989999771118164,0.0,0.0007038042863828876,0.0065089759633478956,0.0007040520147336693,112.69099884033204,113.3079990386963,108.57279937744141,108.3228499221802,112.66044155458019,111.61162288967256,1.0488186649076283,1.4080011126027758,59.797369174092154,57.818518844016666,41.7420246990885,-0.8717635846754721,-29.382349981722566,1.4740911851550547,110.63716845083319,115.9788296265594,4.714284270347023,0.16755044765638177,0.019012684315796908,0.0006280581962612433,-0.009770121865042673,-0.00269857437625784,0.02016403316981778,0.43388373911755823,-0.900968867902419,-0.8660254037844386,0.5000000000000001
2015-11-20,114.25,114.56999969482422,114.13999938964844,114.4800033569336,106.01953887939452,22727600.0,0.0067488088439122,99.11000061035156,99.6500015258789,99.0,99.56999969482422,99.56999969482422,0.0,2.25,2.26200008392334,2.2309999465942383,2.26200008392334,2.26200008392334,0.0,16.1299991607666,16.3799991607666,15.470000267028809,15.470000267028809,15.470000267028809,0.0,0.006748808843912205,0.0037636788199193107,0.006771633371552621,112.65999908447267,113.39299926757813,108.75099945068361,108.36069992065433,112.94037413955763,111.8240955168771,1.1162786226805395,1.3496566146183286,62.39437212576529,74.4573978618157,59.116988195308494,-0.27005623845396926,-16.52751614082415,1.430227572669091,110.68497395447626,116.10102458068,4.7763536207586,0.13884257663006142,0.0007038042863828876,0.019012684315796908,-0.01983128356172788,0.0006969648497966886,0.027598130011476645,-0.433883739117558,-0.9009688679024191,-0.8660254037844386,0.5000000000000001
2015-11-23,114.5199966430664,114.94000244140624,113.66000366210938,114.1500015258789,105.71392059326172,20696200.0,-0.0028868228870333,99.61000061035156,100.0,99.52999877929688,99.8000030517578,99.8000030517578,0.0,2.2939999103546143,2.2980000972747803,2.239000082015991,2.25,2.25,0.0,16.149999618530273,16.739999771118164,15.380000114440918,15.619999885559082,15.619999885559082,0.0,-0.0028868228870333698,0.011177076640041608,-0.002882660020625649,112.71799926757812,113.45799942016602,108.92899948120119,108.39689990997316,113.12647066053013,111.99638485087723,1.130085809652897,1.3057424536252422,60.58797875048566,77.35113441112898,69.87568370565378,0.5106998614187019,-22.036730644066328,1.4194969445710746,110.7424551839875,116.17354365634453,4.786871353375645,0.1394421951848046,0.006748808843912205,0.0007038042863828876,0.014282097026715195,-0.010684905987220602,0.0006206329654827238,0.0,1.0,-0.8660254037844386,0.5000000000000001
2015-11-24,113.41000366210938,114.31999969482422,112.83999633789062,114.0500030517578,105.62130737304688,26374400.0,-0.0008764580049875,99.66999816894533,99.79000091552734,99.47000122070312,99.52999877929688,99.52999877929688,0.0,2.2170000076293945,2.25,2.2060000896453857,2.243000030517578,2.243000030517578,0.0,16.530000686645508,17.209999084472656,15.479999542236328,15.93000030517578,15.93000030517578,0.0,-0.0008764580049875043,0.013050024769799627,-0.0008760740278583867,112.79499969482423,113.50649948120117,109.08019958496095,108.4320999145508,113.26855256687284,112.14850471760913,1.1200478492637131,1.2686035327529366,60.020915846093885,79.5439059609179,77.11747941128752,0.6797354173362242,-22.804035332355845,1.4238188311683975,110.78473927781161,116.22825968459074,4.79577859563952,0.13942005389215884,-0.0028868228870333698,0.006748808843912205,0.0006280581962612433,-0.0025567754386257606,0.002036056889018217,0.7818314824680298,0.6234898018587336,-0.8660254037844386,0.5000000000000001
2015-11-25,114.22000122070312,114.36000061035156,113.91000366210938,114.1500015258789,105.71392059326172,14159900.0,0.0008764580049875,99.5500030517578,100.16999816894533,99.30999755859376,99.8000030517578,99.8000030517578,0.0,2.2320001125335693,2.247999906539917,2.2239999771118164,2.2320001125335693,2.2320001125335693,0.0,15.550000190734863,15.890000343322754,15.050000190734863,15.1899995803833,15.1899995803833,0.0,0.000876458004987597,0.003939738604735916,0.000876842206542161,112.89599990844727,113.51299972534179,109.22139968872071,108.46704990386965,113.40416009902762,112.29676374044394,1.107396358583685,1.2363620979190864,60.41985515961192,80.23011678689518,79.04171905298068,0.8927012035346337,-14.468883662892274,1.3542601252450968,110.78546106797204,116.24053838271153,4.805685100330981,0.13633314588806655,-0.0008764580049875043,-0.0028868228870333698,0.019012684315796908,-0.00123649833532372,0.008278323660485984,0.9749279121818236,-0.22252093395631434,-0.8660254037844386,0.5000000000000001
2015-11-26,114.22000122070312,114.36000061035156,113.91000366210938,114.1500015258789,105.71392059326172,14159900.0,0.0,99.5500030517578,100.16999816894533,99.30999755859376,99.8000030517578,99.8000030517578,0.0,2.2320001125335693,2.247999906539917,2.2239999771118164,2.2320001125335693,2.2320001125335693,0.0,15.550000190734863,15.890000343322754,15.050000190734863,15.1899995803833,15.1899995803833,0.0,0.0,0.003939738604735916,0.0,113.10699996948243,113.5284999847412,109.36179977416994,108.49934989929203,113.51890493392781,112.43404061343912,1.0848643204886912,1.2060625424330074,60.41985515961192,82.75273244728653,80.84225173169986,1.8832565093804303,-14.468883662892274,1.2896698983163175,110.78963705495252,116.26736291452988,4.8249786267885115,0.13619688399004684,0.000876458004987597,-0.0008764580049875043,0.0007038042863828876,-0.009770121865042673,-0.0015796023836987473,0.43388373911755823,-0.900968867902419,-0.8660254037844386,0.5000000000000001
2015-11-27,114.4000015258789,114.54000091552734,113.91999816894533,114.30999755859376,105.8620834350586,8828000.0,0.00140056398831,99.86000061035156,100.1999969482422,99.66000366210938,100.0199966430664,100.0199966430664,0.0,2.2079999446868896,2.2290000915527344,2.2079999446868896,2.2249999046325684,2.2249999046325684,0.0,15.3100004196167,16.09000015258789,15.119999885559082,15.119999885559082,15.119999885559082,0.0,0.0014005639883100567,0.0054196043558772476,0.0014015452360993663,113.55400009155274,113.57749977111816,109.54099975585939,108.52884986877443,113.64061149156873,112.57300038715428,1.0676111044144534,1.1783722548292965,61.139417635092535,86.50789325739368,83.16358083052512,4.06955696443442,-11.538552902034438,1.241836530335296,110.81859741259215,116.33640212964416,4.858184700465765,0.13514410565391427,0.0,0.000876458004987597,0.006748808843912205,-0.01983128356172788,-0.0044902888164478905,-0.433883739117558,-0.9009688679024191,-0.8660254037844386,0.5000000000000001
2015-11-30,114.6500015258789,114.6500015258789,113.6500015258789,114.0199966430664,105.5935287475586,25041600.0,-0.0025400586829416,100.08000183105467,100.30999755859376,100.0500030517578,100.16999816894533,100.16999816894533,0.0,2.2320001125335693,2.233999967575073,2.213000059127808,2.2179999351501465,2.2179999351501465,0.0,15.550000190734863,16.56999969482422,15.520000457763672,16.1299991607666,16.1299991607666,0.0,-0.0025400586829416837,0.008722197877810573,-0.00253683546351835,113.81399993896486,113.5479995727539,109.70779968261719,108.55634986877443,113.69897843795299,112.68018529499963,1.0187931429533563,1.1464564324541087,59.04413445370866,85.71421252105915,84.99161274191312,2.333511503185201,-16.8499258718958,1.2245624924542036,110.82317545180389,116.2728236937039,4.799422501854153,0.12925945215223433,0.0014005639883100567,0.0,-0.0028868228870333698,0.014282097026715195,0.011231127330109648,0.0,1.0,-0.8660254037844386,0.5000000000000001
2015-12-01,114.4800033569336,115.16000366210938,114.33999633789062,115.16000366210938,106.64929962158205,28639400.0,0.009948789227241,100.25,100.26000213623048,99.72000122070312,99.8000030517578,99.8000030517578,0.0,2.2290000915527344,2.2320001125335693,2.1449999809265137,2.1549999713897705,2.1549999713897705,0.0,15.609999656677246,16.34000015258789,14.630000114440918,14.670000076293944,14.670000076293944,0.0,0.009948789227241031,0.0071628869686706335,0.009998442959013865,114.18100051879884,113.55549964904785,109.92899978637695,108.58914989471438,113.92375154936167,112.86387554441517,1.0598760049465028,1.1291403469525876,64.23325424548067,90.53717374202324,87.58642650682535,3.2917803109336017,0.0,1.2185228157819725,110.8129635007038,116.29803579739189,4.830300878108178,0.13370234915462423,-0.0025400586829416837,0.0014005639883100567,-0.0008764580049875043,0.0006280581962612433,0.0034840110584775383,0.7818314824680298,0.6234898018587336,-0.5000000000000004,0.8660254037844384
2015-12-02,115.25,115.75,114.27999877929688,114.4499969482422,105.99176788330078,22395500.0,-0.0061844482040588,99.83000183105467,100.51000213623048,99.8000030517578,99.98999786376952,99.98999786376952,0.0,2.1730000972747803,2.1989998817443848,2.1679999828338623,2.177999973297119,2.177999973297119,0.0,15.039999961853027,16.489999771118164,14.710000038146973,15.90999984741211,15.90999984741211,0.0,-0.006184448204058806,0.012754891285927331,-0.0061653638665640775,114.26300048828125,113.52699966430664,110.13439971923827,108.61974987030031,114.00471237995868,112.98136601877272,1.0233463611859577,1.1079815497992618,59.20224220327684,87.47212068079419,87.90783564795886,0.7216401607363251,-20.7337120857216,1.2364855589906263,110.83720313575473,116.21679619285855,4.738602335137008,0.1355295569364442,0.009948789227241031,-0.0025400586829416837,0.000876458004987597,0.019012684315796908,8.681243855800227e-05,0.9749279121818236,-0.22252093395631434,-0.5000000000000004,0.8660254037844384
2015-12-03,114.76000213623048,114.95999908447266,111.83999633789062,112.51000213623048,104.19512939453124,42754300.0,-0.0170960442459652,100.01000213623048,100.47000122070312,97.58999633789062,97.62000274658205,97.62000274658205,0.0,2.2060000896453857,2.3469998836517334,2.2039999961853027,2.3299999237060547,2.3299999237060547,0.0,15.869999885559082,19.350000381469727,15.859999656677246,18.11000061035156,18.11000061035156,0.0,-0.017096044245965277,0.027187196658277388,-0.016950736124598742,114.14300079345703,113.41699981689453,110.30859970092774,108.63789989471435,113.77475695784665,112.94645017562144,0.8283067822252121,1.0520465962844519,48.113439992704535,75.86388439007212,84.62439293762984,-1.0553134798204702,-51.67463474406204,1.371022500961441,110.75107161873868,116.08292801505038,4.7011086564798,0.14803997672712355,-0.006184448204058806,0.009948789227241031,0.0,0.0007038042863828876,-0.00269857437625784,0.43388373911755823,-0.900968867902419,-0.5000000000000004,0.8660254037844384
2015-12-04,112.8499984741211,115.33000183105467,112.62000274658205,115.13999938964844,106.63076782226562,40037300.0,0.0231067134411821,97.81999969482422,98.61000061035156,97.75,98.3499984741211,98.3499984741211,0.0,2.313999891281128,2.3559999465942383,2.260999917984009,2.275000095367432,2.275000095367432,0.0,17.43000030517578,17.649999618530273,14.6899995803833,14.8100004196167,14.8100004196167,0.0,0.023106713441182133,0.02401417032446029,0.02337574166746248,114.20900039672851,113.4344997406006,110.5529997253418,108.67159988403318,113.98479425504692,113.1089353025864,0.8758589524605185,1.0168090675196653,59.255286272142,71.38517302927858,78.24039270004829,0.5765164337539919,-13.436134082380635,1.4745208719516374,110.72636217651902,116.14263730468218,4.774804085660868,0.1709777884511799,-0.017096044245965277,-0.006184448204058806,0.0014005639883100567,0.006748808843912205,0.0006969648497966886,-0.433883739117558,-0.9009688679024191,-0.5000000000000004,0.8660254037844384
2015-12-07,115.22000122070312,115.29000091552734,114.06999969482422,114.62000274658205,106.14920806884766,25892100.0,-0.0045263711830532,98.3499984741211,98.9000015258789,98.3000030517578,98.66000366210938,98.66000366210938,0.0,2.2839999198913574,2.2920000553131104,2.2039999961853027,2.2249999046325684,2.2249999046325684,0.0,15.649999618530272,17.18000030517578,15.579999923706056,15.84000015258789,15.84000015258789,0.0,-0.0045263711830532995,0.010588449989392216,-0.0045161426036117724,114.25600051879884,113.4869998931885,110.84559982299805,108.697799911499,114.08251863836003,113.22086622436386,0.8616524139961683,0.9857777368149659,56.66443333499021,68.68758572072272,71.97888104669113,0.4117400038725233,-28.826474011389138,1.456340896862458,110.72757680769388,116.24642297868311,4.862976531394303,0.16715532290257237,0.023106713441182133,-0.017096044245965277,-0.0025400586829416837,-0.0028868228870333698,-0.010684905987220602,0.0,1.0,-0.5000000000000004,0.8660254037844384
2015-12-08,113.41999816894533,115.0,113.37999725341795,114.62999725341795,106.15846252441406,30792600.0,8.717966285829431e-05,98.7300033569336,98.76000213623048,98.37000274658205,98.47000122070312,98.47000122070312,0.0,2.2090001106262207,2.243000030517578,2.197000026702881,2.23799991607666,2.23799991607666,0.0,17.690000534057617,18.32999992370605,16.520000457763672,17.600000381469727,17.600000381469727,0.0,8.717966285829431e-05,0.014283219650285678,8.71834631155366e-05,114.31399993896486,113.55449981689455,111.14879974365235,108.72659988403318,114.1667461175997,113.32524630059008,0.8414998170096197,0.9569221528538968,56.703617697351305,76.36428240363267,72.14568038454465,0.5085437844284364,-28.644544695332197,1.4680310289852856,110.75070751311641,116.35829212067269,4.938231964914158,0.16678546610764716,-0.0045263711830532995,0.023106713441182133,0.009948789227241031,-0.0008764580049875043,-0.0025567754386257606,0.7818314824680298,0.6234898018587336,-0.5000000000000004,0.8660254037844384
2015-12-09,114.12999725341795,114.76000213623048,112.1999969482422,112.88999938964844,104.54706573486328,48509200.0,-0.0152955474758614,98.44000244140624,98.5199966430664,97.22000122070312,97.3499984741211,97.3499984741211,0.0,2.247999906539917,2.2709999084472656,2.197000026702881,2.2079999446868896,2.2079999446868896,0.0,18.049999237060547,20.1299991607666,15.720000267028809,19.61000061035156,19.61000061035156,0.0,-0.015295547475861487,0.022430607636868355,-0.01517916472443448,114.18799972534183,113.54199981689455,111.3713996887207,108.74879989624021,113.97032354406873,113.29300578866848,0.677317755400253,0.901001273363168,48.48420783042645,56.46108471348819,67.17098427928119,-1.1038126319646295,-73.14572715281409,1.5460291831997852,110.72821537123312,116.35578426255597,4.9563764073190955,0.17603951333284337,8.717966285829431e-05,-0.0045263711830532995,-0.006184448204058806,0.000876458004987597,-0.00123649833532372,0.9749279121818236,-0.22252093395631434,-0.5000000000000004,0.8660254037844384
2015-12-10,113.1500015258789,114.16000366210938,112.80999755859376,113.4000015258789,105.01936340332033,30154600.0,0.0045073867033003,97.41000366210938,97.98999786376952,97.36000061035156,97.94000244140624,97.94000244140624,0.0,2.2160000801086426,2.239000082015991,2.2060000896453857,2.239000082015991,2.239000082015991,0.0,19.25,19.71999931335449,18.1299991607666,19.34000015258789,19.34000015258789,0.0,0.00450738670330031,0.011931118738932111,0.004517560250373975,114.11299972534181,113.60999984741213,111.59499969482422,108.77259990692137,113.88258169511646,113.30093139883222,0.5816502962842378,0.8371310779473821,50.73817869327876,46.03584055946227,59.62040255886104,-0.6570302146075467,-60.1022064734669,1.5320275346509156,110.8847088812561,116.33529081356815,4.797625155912897,0.17291627387801384,-0.015295547475861487,8.717966285829431e-05,-0.017096044245965277,0.0,-0.009770121865042673,0.43388373911755823,-0.900968867902419,-0.5000000000000004,0.8660254037844384
2015-12-11,112.08999633789062,112.38999938964844,110.72000122070312,110.79000091552734,102.6022491455078,56022200.0,-0.0232848925278505,97.9800033569336,98.0999984741211,97.33000183105467,97.56999969482422,97.56999969482422,0.0,2.200999975204468,2.2060000896453857,2.131999969482422,2.138999938964844,2.138999938964844,0.0,21.36000061035156,25.270000457763672,20.8799991607666,24.38999938964844,24.38999938964844,0.0,-0.023284892527850515,0.014898726233438108,-0.023015891350719353,113.76100006103516,113.65750007629396,111.73059967041016,108.78949989318846,113.40680003671812,113.11493654821705,0.2918634885010789,0.7280775600581215,40.88044965769056,22.714570247913393,41.73716517362128,-3.079342768126749,-98.60835562997883,1.6140255896884061,111.18774220971947,116.12725794286844,4.3459654926716285,0.17866830792003272,0.00450738670330031,-0.015295547475861487,0.023106713441182133,0.0014005639883100567,-0.01983128356172788,-0.433883739117558,-0.9009688679024191,-0.5000000000000004,0.8660254037844384
2015-12-14,110.94000244140624,111.68000030517578,109.37999725341795,111.62999725341795,103.38014221191406,53098500.0,0.0075530413974534,97.62000274658205,97.93000030517578,97.27999877929688,97.5999984741211,97.5999984741211,0.0,2.1519999504089355,2.2309999465942383,2.1519999504089355,2.2249999046325684,2.2249999046325684,0.0,24.700000762939453,26.809999465942383,21.46999931335449,22.729999542236328,22.729999542236328,0.0,0.00755304139745347,0.020731954219782803,0.007581637565303945,113.52200012207032,113.66800003051758,111.85319961547852,108.80904987335205,113.13344576236426,113.0049410448986,0.12850471746565972,0.6081629915396292,44.61030866093238,25.537081234265468,31.429164013880374,-2.0961230135186013,-64.67819419375786,1.663023979836222,111.23681052099484,116.09918954004031,4.277702623200923,0.17326408264757162,-0.023284892527850515,0.00450738670330031,-0.0045263711830532995,-0.0025400586829416837,0.014282097026715195,0.0,1.0,-0.5000000000000004,0.8660254037844384
2015-12-15,112.66000366210938,113.27999877929688,112.16999816894533,112.30999755859376,104.00992584228516,48428000.0,0.0060734399883659,97.63999938964844,98.29000091552734,97.19000244140624,98.22000122070312,98.22000122070312,0.0,2.239000082015991,2.2890000343322754,2.23799991607666,2.2679998874664307,2.2679998874664307,0.0,20.76000022888184,21.6200008392334,20.020000457763672,20.950000762939453,20.950000762939453,0.0,0.006073439988365959,0.009852659100568375,0.006091920719939914,113.23699951171874,113.7090000152588,111.9993995666504,108.84199985504151,113.00676142332264,112.95346374961676,0.05329767370588456,0.49718992797288025,47.49801744721262,27.57009847233223,25.273916651503697,-2.474822866346727,-54.003154759266614,1.6620938045535578,111.4083090962118,116.0096909343058,4.046629411459544,0.1745599662559212,0.00755304139745347,-0.023284892527850515,8.717966285829431e-05,0.009948789227241031,0.0006280581962612433,0.7818314824680298,0.6234898018587336,-0.5000000000000004,0.8660254037844384
2015-12-16,113.06999969482422,114.16999816894533,111.88999938964844,113.9800033569336,105.55648803710938,44944100.0,0.0147599058767267,98.18000030517578,98.55999755859376,97.66000366210938,97.87000274658205,97.87000274658205,0.0,2.2839999198913574,2.3320000171661377,2.25,2.2869999408721924,2.2869999408721924,0.0,19.25,20.239999771118164,17.1200008392334,17.860000610351562,17.860000610351562,0.0,0.014759905876726782,0.020164489125768133,0.014869371190297187,113.19000015258788,113.72650032043458,112.1663996887207,108.88634986877443,113.15649095157048,113.02950372052912,0.12698723104135468,0.4231493885865752,53.86004017265972,51.17740550394116,34.761528403512955,-0.4106540881090224,-27.786434535152026,1.7062298741780815,111.42301668815402,116.02998395271514,4.050917993238672,0.1691022495154639,0.006073439988365959,0.00755304139745347,-0.015295547475861487,-0.006184448204058806,0.019012684315796908,0.9749279121818236,-0.22252093395631434,-0.5000000000000004,0.8660254037844384
2015-12-17,114.4800033569336,114.4800033569336,112.3000030517578,112.31999969482422,104.01918029785156,45668800.0,-0.0146709331772403,98.55999755859376,99.29000091552734,98.52999877929688,99.2699966430664,99.2699966430664,0.0,2.253000020980835,2.275000095367432,2.2309999465942383,2.23799991607666,2.23799991607666,0.0,16.18000030517578,19.049999237060547,16.1299991607666,18.940000534057617,18.940000534057617,0.0,-0.014670933177240348,0.019042629640556887,-0.01456383939864836,113.17099990844724,113.65700035095215,112.29179962158203,108.91894985198975,113.02779998899413,112.9769478667732,0.05085212222093105,0.3486899353134464,47.67571296543886,54.7880917618945,44.51186524605596,-0.1688760446170853,-53.84613541989787,1.740070619249347,111.26909037231884,116.04491032958545,4.2019584737585385,0.17705837630450044,0.014759905876726782,0.006073439988365959,0.00450738670330031,-0.017096044245965277,0.0007038042863828876,0.43388373911755823,-0.900968867902419,-0.5000000000000004,0.8660254037844384
2015-12-18,111.62999725341795,111.87999725341795,109.83000183105467,109.83000183105467,102.02381134033205,53746100.0,-0.0193690775244799,99.01000213623048,99.18000030517578,98.63999938964844,98.6999969482422,98.6999969482422,0.0,2.1989998817443848,2.2179999351501465,2.177999973297119,2.1989998817443848,2.1989998817443848,0.0,19.34000015258789,23.299999237060547,18.75,20.700000762939453,20.700000762939453,0.0,-0.019369077524479972,0.0183641984484642,-0.019182702188249467,112.6400001525879,113.4245002746582,112.3577996826172,108.94139987945559,112.53583104161883,112.74384075301627,-0.2080097113974375,0.23735000597126965,40.21633101655479,41.810621022865476,49.25870609623371,-4.611774871236585,-92.93556697635368,1.7936368510007898,110.52359298182448,116.32540756749192,5.115133477880273,0.18666273732012892,-0.014670933177240348,0.014759905876726782,-0.023284892527850515,0.023106713441182133,0.006748808843912205,-0.433883739117558,-0.9009688679024191,-0.5000000000000004,0.8660254037844384
2015-12-21,110.87000274658205,111.06999969482422,110.0500030517578,111.0500030517578,103.1571273803711,26432800.0,0.0110471038173875,98.72000122070312,98.83999633789062,98.29000091552734,98.45999908447266,98.45999908447266,0.0,2.2109999656677246,2.2109999656677246,2.171999931335449,2.197000026702881,2.197000026702881,0.0,19.63999938964844,20.209999084472656,18.700000762939453,18.700000762939453,18.700000762939453,0.0,0.011047103817387582,0.009199933415694493,0.011108348386030364,112.28300018310547,113.26950035095216,112.44299972534179,108.96314990997317,112.30724212010176,112.61837129366378,-0.31112917356202274,0.12765417006461116,44.7754779483199,26.478339275954415,41.02568402023813,-3.1146393380545474,-73.78327977588519,1.7540912090557008,110.20514207532283,116.33385862658149,5.410738576818613,0.19217774666952675,-0.019369077524479972,-0.014670933177240348,0.00755304139745347,-0.0045263711830532995,-0.0028868228870333698,0.0,1.0,-0.5000000000000004,0.8660254037844384
2015-12-22,111.63999938964844,111.94000244140624,111.0500030517578,111.77999877929688,103.8352508544922,26540300.0,0.0065521823165724,98.4499969482422,98.51000213623048,98.0,98.23999786376952,98.23999786376952,0.0,2.20199990272522,2.239000082015991,2.197000026702881,2.239000082015991,2.239000082015991,0.0,17.610000610351562,18.21999931335449,16.600000381469727,16.600000381469727,16.600000381469727,0.0,0.006552182316572465,0.007972047604032508,0.006573694822081144,111.99800033569336,113.15600013732912,112.55659973144532,108.98769989013675,112.22612775997794,112.5562696259329,-0.33014186595495687,0.03609496286069756,47.36216437538835,24.539094104645663,30.942684801155185,-2.486258869762034,-59.6638709338241,1.692370364812325,110.04555356952999,116.26644670512825,5.49762551526072,0.19415491291244713,0.011047103817387582,-0.019369077524479972,0.006073439988365959,8.717966285829431e-05,-0.0008764580049875043,0.7818314824680298,0.6234898018587336,-0.5000000000000004,0.8660254037844384
2015-12-23,112.36000061035156,112.69000244140624,112.16000366210938,112.61000061035156,104.6062469482422,25656900.0,0.0073977554186891,98.20999908447266,98.5999984741211,98.19000244140624,98.33999633789062,98.33999633789062,0.0,2.252000093460083,2.2799999713897705,2.25,2.263999938964844,2.263999938964844,0.0,15.859999656677246,16.25,15.329999923706056,15.56999969482422,15.56999969482422,0.0,0.007397755418689147,0.004716970242237902,0.007425186412179263,111.9700004577637,113.07900009155276,112.69019973754882,109.01114990234376,112.28518512157389,112.5602496988528,-0.2750645772789113,-0.026136945167224215,50.217343138774915,40.279526076764384,30.43231981912149,-0.24802797485226116,-45.714271059997536,1.6364870289049704,109.99603615967735,116.16196402342817,5.452761218934259,0.19629340238704018,0.006552182316572465,0.011047103817387582,0.014759905876726782,-0.015295547475861487,0.000876458004987597,0.9749279121818236,-0.22252093395631434,-0.5000000000000004,0.8660254037844384
2015-12-24,112.61000061035156,112.9000015258789,112.54000091552734,112.58999633789062,104.58767700195312,11468600.0,-0.0001775381042355,98.33999633789062,98.37999725341795,97.86000061035156,97.9800033569336,97.9800033569336,0.0,2.260999917984009,2.26200008392334,2.240999937057495,2.243000030517578,2.243000030517578,0.0,15.4399995803833,15.880000114440918,14.449999809265137,15.739999771118164,15.739999771118164,0.0,-0.00017753810423551096,0.003196879570201066,-0.0001775223452789021,111.88899993896486,113.00099983215335,112.78859970092772,109.03369987487794,112.33207915485339,112.56245315359634,-0.23037399874294806,-0.06698435588236898,50.1467428617683,49.64550989044061,38.154710023950216,-0.7142902796199969,-45.68532833485652,1.5453094275797272,109.95339279282247,116.04860687148424,5.393947033845124,0.19628809610964038,0.007397755418689147,0.006552182316572465,-0.014670933177240348,0.00450738670330031,0.0,0.43388373911755823,-0.900968867902419,-0.5000000000000004,0.8660254037844384
2015-12-25,112.61000061035156,112.9000015258789,112.54000091552734,112.58999633789062,104.58767700195312,11468600.0,0.0,98.33999633789062,98.37999725341795,97.86000061035156,97.9800033569336,97.9800033569336,0.0,2.260999917984009,2.26200008392334,2.240999937057495,2.243000030517578,2.243000030517578,0.0,15.4399995803833,15.880000114440918,14.449999809265137,15.739999771118164,15.739999771118164,0.0,0.0,0.003196879570201066,0.0,112.06899948120117,112.91499977111819,112.87799957275391,109.0539998626709,112.3717587214745,112.56449338946999,-0.1927346679954809,-0.09213441830499136,50.1467428617683,55.23926470762632,48.38810022494377,1.6246912243783633,-42.88260648226698,1.46064451206343,109.92642169771733,115.90357784451905,5.2935005614113075,0.1961677922877447,-0.00017753810423551096,0.007397755418689147,-0.019369077524479972,-0.023284892527850515,0.0014005639883100567,-0.433883739117558,-0.9009688679024191,-0.5000000000000004,0.8660254037844384
2015-12-28,112.31999969482422,112.5500030517578,111.51000213623048,112.52999877929688,104.53195190429688,19183600.0,-0.0005329494822336,97.8499984741211,98.02999877929688,97.80999755859376,97.91999816894533,97.91999816894533,0.0,2.240999937057495,2.244999885559082,2.213000059127808,2.2249999046325684,2.2249999046325684,0.0,17.649999618530273,18.1299991607666,16.8799991607666,16.90999984741211,16.90999984741211,0.0,-0.0005329494822336493,0.009259267435479163,-0.0005328074898843793,112.15899963378908,112.84049987792972,112.95379959106445,109.07504985809327,112.39610334575488,112.56193823316086,-0.1658348874059783,-0.10687451212518875,49.90270514879629,56.66074209307976,53.848505563715555,0.8062362698404202,-41.44983890363719,1.4334552041774808,109.89391227890876,115.78708747695067,5.222570977988509,0.19603460710778992,0.0,-0.00017753810423551096,0.011047103817387582,0.00755304139745347,-0.0025400586829416837,0.0,1.0,-0.5000000000000004,0.8660254037844384
2015-12-29,113.1999969482422,114.5500030517578,113.12999725341795,114.3000030517578,106.17610931396484,27725700.0,0.0156063396022399,97.9000015258789,98.41000366210938,97.8000030517578,98.0999984741211,98.0999984741211,0.0,2.252000093460083,2.315999984741211,2.246000051498413,2.306999921798706,2.306999921798706,0.0,15.90999984741211,16.479999542236328,15.630000114440918,16.079999923706055,16.079999923706055,0.0,0.015606339602239928,0.012544221171570393,0.01572875450726552,112.35800018310547,112.79749984741213,113.0761996459961,109.10689987182619,112.68901099283227,112.69068377527915,-0.001672782446888732,-0.08583416618952876,56.611095437127524,70.2773233651346,60.72577672194689,1.7718863292876657,-4.835584518691993,1.4753515661977268,109.97077142670926,115.62422826811499,5.012040913188231,0.2010018416567364,-0.0005329494822336493,0.0,0.006552182316572465,0.006073439988365959,0.009948789227241031,0.7818314824680298,0.6234898018587336,-0.5000000000000004,0.8660254037844384
2015-12-30,114.1999969482422,114.23999786376952,113.25,113.2699966430664,105.21931457519533,19520100.0,-0.0090522420468451,98.1999969482422,98.41000366210938,98.11000061035156,98.2699966430664,98.2699966430664,0.0,2.309999942779541,2.325000047683716,2.2869999408721924,2.302999973297119,2.302999973297119,0.0,16.5,17.420000076293945,16.5,17.290000915527344,17.290000915527344,0.0,-0.009052242046845198,0.008668983276927797,-0.009011393852643934,112.28699951171873,112.73849983215332,113.1911996459961,109.14594985961917,112.7783934005606,112.7335958395597,0.04479756100090526,-0.05970782075144196,52.22821591805985,76.31875329429742,67.75227291750392,-0.6229221731497665,-24.758316694778536,1.4449695294520175,110.0094261142782,115.46757355002845,4.841422800442099,0.20238309092999965,0.015606339602239928,-0.0005329494822336493,0.007397755418689147,0.014759905876726782,-0.006184448204058806,0.9749279121818236,-0.22252093395631434,-0.5000000000000004,0.8660254037844384
2015-12-31,112.87000274658205,113.08000183105467,111.83999633789062,111.86000061035156,103.9095458984375,29886800.0,-0.0125261123630007,98.20999908447266,98.75,98.18000030517578,98.62999725341795,98.62999725341795,0.0,2.2839999198913574,2.299999952316284,2.2660000324249268,2.2690000534057617,2.2690000534057617,0.0,17.969999313354492,20.38999938964844,17.510000228881836,18.209999084472656,18.209999084472656,0.0,-0.012526112363000786,0.010986138592980574,-0.012447987159446838,112.24099960327148,112.70599975585937,113.23419967651367,109.17974987030031,112.6371022020669,112.66888508184057,-0.031782879773672335,-0.05412283255588804,46.87779669006464,72.7917207142996,73.12926579124387,-0.40954334555064403,-52.03093664363067,1.4439002991465721,109.95011875105426,115.46188076066447,4.890389173202523,0.1979746209860764,-0.009052242046845198,0.015606339602239928,-0.00017753810423551096,-0.014670933177240348,-0.017096044245965277,0.43388373911755823,-0.900968867902419,-0.5000000000000004,0.8660254037844384
2016-01-01,112.87000274658205,113.08000183105467,111.83999633789062,111.86000061035156,103.9095458984375,29886800.0,0.0,98.20999908447266,98.75,98.18000030517578,98.62999725341795,98.62999725341795,0.0,2.2839999198913574,2.299999952316284,2.2660000324249268,2.2690000534057617,2.2690000534057617,0.0,17.969999313354492,20.38999938964844,17.510000228881836,18.209999084472656,18.209999084472656,0.0,0.0,0.010986138592980574,0.0,112.44399948120119,112.54199981689453,113.21579971313476,109.21144989013673,112.51754811103378,112.60896771358212,-0.09141960254834203,-0.06158218655437884,46.877796690064635,55.406394750837805,68.17228958647827,1.8483098838690017,-56.99156240907739,1.429336384433535,110.01512859686683,115.06887103692223,4.490539041671398,0.1779727380094255,-0.012526112363000786,-0.009052242046845198,0.0,-0.019369077524479972,0.023106713441182133,-0.433883739117558,-0.9009688679024191,0.0,1.0
2016-01-04,109.4499969482422,109.5999984741211,108.12000274658205,109.5,101.71726989746094,50807600.0,-0.0213236689061562,98.69000244140624,99.18000030517578,98.0500030517578,98.87000274658205,98.87000274658205,0.0,2.2300000190734863,2.244999885559082,2.200000047683716,2.244999885559082,2.244999885559082,0.0,22.479999542236328,23.36000061035156,20.670000076293945,20.700000762939453,20.700000762939453,0.0,-0.021323668906156203,0.013522117577023993,-0.02109792687496992,112.2889991760254,112.28599967956542,113.14879974365233,109.22529987335207,112.05330994010549,112.37867380887234,-0.32536386876684276,-0.11433852299687162,39.10199571031306,37.479784856570525,55.22596677390264,-1.395770381956116,-78.53814637758039,1.5943836329575336,109.61238330050466,114.95961605862618,4.7621544746282805,0.19149481265510354,0.0,-0.012526112363000786,-0.0005329494822336493,0.011047103817387582,-0.0045263711830532995,0.0,1.0,0.0,1.0
2016-01-05,110.04000091552734,110.18000030517578,108.8000030517578,109.30999755859376,101.5407943725586,38795200.0,-0.0017364680695975,98.87000274658205,99.62999725341795,98.75,99.4000015258789,99.4000015258789,0.0,2.243000030517578,2.260999917984009,2.2249999046325684,2.247999906539917,2.247999906539917,0.0,20.75,21.059999465942383,19.25,19.34000015258789,19.34000015258789,0.0,-0.001736468069597512,0.012540869156093006,-0.0017349612812086468,112.04199905395508,112.01999969482421,113.07339965820312,109.24384986877443,111.63126188141138,112.15136445699986,-0.5201025755884814,-0.1954913335151936,38.54761613652374,27.65906936522033,40.18174965754288,-2.209698736515452,-81.49308311768124,1.57907032013328,109.27079078520495,114.76920860444346,4.908425133206425,0.19132379377143083,-0.021323668906156203,0.0,0.015606339602239928,0.006552182316572465,8.717966285829431e-05,0.7818314824680298,0.6234898018587336,0.0,1.0
2016-01-06,107.41000366210938,108.88999938964844,107.41000366210938,108.26000213623048,100.56541442871094,41891100.0,-0.0096522271360872,99.38999938964844,99.58000183105467,99.11000061035156,99.18000030517578,99.18000030517578,0.0,2.190999984741211,2.2090001106262207,2.1760001182556152,2.177000045776367,2.177000045776367,0.0,21.670000076293945,21.86000061035156,19.799999237060547,20.59000015258789,20.59000015258789,0.0,-0.009652227136087212,0.013778937501900068,-0.009605793906525273,111.60699920654298,111.78849983215332,112.95819976806641,109.2598998641968,111.11260653599894,111.86311539620212,-0.7505088602031833,-0.3064948388527916,35.548186653680304,17.29117068543513,27.476674969075326,-3.8628882430902056,-88.09525844843297,1.601993432729788,108.60267434448987,114.97432531981677,5.699737437118953,0.18721443421511752,-0.001736468069597512,-0.021323668906156203,-0.009052242046845198,0.007397755418689147,-0.015295547475861487,0.9749279121818236,-0.22252093395631434,0.0,1.0
2016-01-07,105.9499969482422,107.29000091552734,104.80999755859376,104.87000274658205,97.4163818359375,61386300.0,-0.0318140177601596,99.22000122070312,99.3000030517578,98.16999816894533,98.22000122070312,98.22000122070312,0.0,2.1630001068115234,2.200000047683716,2.1530001163482666,2.1530001163482666,2.1530001163482666,0.0,23.21999931335449,25.86000061035156,22.39999961853028,24.989999771118164,24.989999771118164,0.0,-0.03181401776015964,0.0234072999373949,-0.03131327614630108,110.83499984741212,111.36199989318848,112.77879989624023,109.2586498641968,110.15220595301173,111.34510705178582,-1.1929010987740867,-0.48377609083705064,27.97871190449163,10.342575926102178,18.43093865891921,-6.856731363717543,-99.38393065557925,1.7339942287945689,107.01299711734973,115.71100266902724,7.810568739803611,0.21320986367971123,-0.009652227136087212,-0.001736468069597512,-0.012526112363000786,-0.00017753810423551096,0.00450738670330031,0.43388373911755823,-0.900968867902419,0.0,1.0
2016-01-08,105.62999725341795,106.29000091552734,103.9000015258789,104.01000213623048,96.61748504638672,69344000.0,-0.0082346583798804,98.30999755859376,99.18000030517578,98.2699966430664,98.54000091552734,98.54000091552734,0.0,2.1630001068115234,2.21399998664856,2.11899995803833,2.130000114440918,2.130000114440918,0.0,22.959999084472656,27.07999992370605,22.479999542236328,27.01000022888184,27.01000022888184,0.0,-0.008234658379880437,0.022626142684777,-0.008200846454102906,109.9770004272461,111.02299995422365,112.59239990234376,109.25309986114502,109.20725151966076,110.80176594692986,-1.5945144272691039,-0.7059237581234613,26.440548161325825,4.517893442923127,10.71721335148681,-7.620565308405346,-98.96713056721839,1.7808517402841308,105.5695232562918,116.4764766521555,9.82404853080964,0.20128737155457002,-0.03181401776015964,-0.009652227136087212,0.0,0.0,-0.023284892527850515,-0.433883739117558,-0.9009688679024191,0.0,1.0
2016-01-11,104.75,105.05999755859376,102.7300033569336,104.33000183105467,96.9147491455078,50024100.0,0.003071987817827,98.37000274658205,98.9000015258789,98.25,98.7300033569336,98.7300033569336,0.0,2.1600000858306885,2.178999900817871,2.140000104904175,2.157999992370605,2.157999992370605,0.0,25.57999992370605,27.38999938964844,23.82999992370605,24.299999237060547,24.299999237060547,0.0,0.0030719878178270816,0.022243381400097094,0.0030767112078973202,109.15700073242188,110.65800018310547,112.38679992675782,109.24484985351563,108.45690541372136,110.32237601242059,-1.8654705986992326,-0.9378331262386156,28.02611761938899,5.0617684120025705,6.6407459270092914,-7.286943070464892,-86.46363354119464,1.8200762018109908,104.45053065971942,116.86546970649152,11.219197009008967,0.19878284815883898,-0.008234658379880437,-0.03181401776015964,-0.021323668906156203,-0.0005329494822336493,0.00755304139745347,0.0,1.0,0.0,1.0
2016-01-12,105.33000183105467,106.08000183105467,104.08000183105467,105.54000091552734,98.03876495361328,46734200.0,0.0115312439302785,98.8000030517578,99.27999877929688,98.56999969482422,98.97000122070312,98.97000122070312,0.0,2.194999933242798,2.197999954223633,2.0820000171661377,2.101999998092652,2.101999998092652,0.0,22.96999931335449,23.93000030517578,21.90999984741211,22.46999931335449,22.46999931335449,0.0,0.011531243930278585,0.018987942326327157,0.011597985012764989,108.28100051879883,110.31950035095214,112.19739990234375,109.24354984283448,108.00815087553767,109.96812600524332,-1.9599751297056542,-1.1422615269320233,33.83380350007013,12.78082716731393,7.4534963407465415,-7.664043659092218,-76.22675438964517,1.8329279016816344,103.76280994071038,116.8761907611939,11.886729706685381,0.20306825962842814,0.0030719878178270816,-0.008234658379880437,-0.001736468069597512,0.015606339602239928,0.006073439988365959,0.7818314824680298,0.6234898018587336,0.0,1.0
2016-01-13,105.97000122070312,106.2300033569336,101.73999786376952,101.9000015258789,94.65747833251952,69870700.0,-0.0350980762934677,99.02999877929688,99.33000183105467,98.86000061035156,98.93000030517578,98.93000030517578,0.0,2.128000020980835,2.134999990463257,2.0420000553131104,2.065999984741211,2.065999984741211,0.0,21.71999931335449,26.11000061035156,21.440000534057617,25.21999931335449,25.21999931335449,0.0,-0.03509807629346771,0.04237053356084018,-0.03448928209870461,107.14400100708008,109.71550025939942,111.935,109.21984985351564,107.06843559097477,109.37048715492003,-2.3020515639452555,-1.37421953433467,26.82212078995517,12.852888117013071,10.231827898776523,-10.037958377465435,-98.75094771812097,2.022719158216095,102.39723537456958,117.03376514422926,13.340439350004935,0.2216476042123912,0.011531243930278585,0.0030719878178270816,-0.009652227136087212,-0.009052242046845198,0.014759905876726782,0.9749279121818236,-0.22252093395631434,0.0,1.0
2016-01-14,102.3000030517578,104.9800033569336,100.66999816894533,104.06999969482422,96.6732406616211,78445700.0,0.0210717539296745,98.81999969482422,99.26000213623048,98.58999633789062,99.08999633789062,99.08999633789062,0.0,2.0929999351501465,2.122999906539917,2.053999900817871,2.0980000495910645,2.0980000495910645,0.0,24.75,26.280000686645508,23.06999969482422,23.950000762939453,23.950000762939453,0.0,0.02107175392967454,0.042131036748920304,0.021295330961812242,106.36500091552736,109.30300025939941,111.72220001220704,109.20364986419678,106.60713776079776,108.97785845417219,-2.3707206933744374,-1.5735197661426235,35.41512450036027,16.50599250058322,14.046569261636739,-6.964063001092505,-75.5043203904842,2.18609673177125,101.67920249454671,116.92679802425211,13.949841718451996,0.23765775562223715,-0.03509807629346771,0.011531243930278585,-0.03181401776015964,-0.012526112363000786,-0.014670933177240348,0.43388373911755823,-0.900968867902419,0.0,1.0
2016-01-15,100.62000274658205,101.94000244140624,99.51000213623048,100.83999633789062,93.67278289794922,91443900.0,-0.0315289624677065,99.0999984741211,99.12000274658205,98.37999725341795,98.95999908447266,98.95999908447266,0.0,2.0230000019073486,2.0420000553131104,1.9880000352859497,2.032999992370605,2.032999992370605,0.0,28.959999084472656,30.950000762939453,26.670000076293945,27.020000457763672,27.020000457763672,0.0,-0.03152896246770657,0.02415027071004823,-0.031037107509141793,105.26300048828128,108.8534999847412,111.4431999206543,109.16909984588624,105.71988523419667,108.37505385296615,-2.65516861876948,-1.789849536667995,29.804890230041682,11.529259302228327,13.629379973274872,-9.851603980271339,-91.15695398470984,2.3556610765442847,100.35105967265733,117.35594029682508,15.621804192379164,0.2518148696178927,0.02107175392967454,-0.03509807629346771,-0.008234658379880437,0.0,-0.019369077524479972,-0.433883739117558,-0.9009688679024191,0.0,1.0
2016-01-18,100.62000274658205,101.94000244140624,99.51000213623048,100.83999633789062,93.67278289794922,91443900.0,0.0,98.8000030517578,99.1999969482422,98.8000030517578,99.12000274658205,99.12000274658205,0.0,2.0230000019073486,2.0420000553131104,1.9880000352859497,2.032999992370605,2.032999992370605,0.0,28.959999084472656,30.950000762939453,26.670000076293945,27.020000457763672,27.020000457763672,0.0,0.0,0.02415027071004823,0.0,104.39700012207032,108.34299964904787,111.18859985351563,109.13589981079103,104.96913309630344,107.81690144444204,-2.847768348138601,-2.0014332989621164,29.804890230041682,14.122627001496262,14.052626268102603,-7.9086791434788815,-90.97084462031717,2.3609710214465323,99.19435595771114,117.4916433403846,16.888296836845296,0.24588600334084468,-0.03152896246770657,0.02107175392967454,0.0030719878178270816,-0.021323668906156203,0.011047103817387582,0.0,1.0,0.0,1.0
2016-01-19,102.20999908447266,102.37000274658205,99.87999725341795,101.05999755859376,93.87718200683594,56563800.0,0.0021796771853875,99.12999725341795,99.30999755859376,98.86000061035156,98.98999786376952,98.98999786376952,0.0,2.068000078201294,2.068000078201294,2.0209999084472656,2.0350000858306885,2.0350000858306885,0.0,25.39999961853028,27.59000015258789,25.209999084472656,26.049999237060547,26.049999237060547,0.0,0.002179677185387569,0.02436166241530045,0.0021820544085831006,103.57200012207032,107.80699958801272,110.94419982910158,109.10534980773926,104.3677276289635,107.31639004549031,-2.9486624165268154,-2.190879122475056,30.672430577192912,9.764807630849848,11.805564644858146,-7.547342589206195,-88.57777850242344,2.3701877694263582,98.25881462158783,117.3551845544376,17.71347872200047,0.2436832773711973,0.0,-0.03152896246770657,0.011531243930278585,-0.001736468069597512,0.006552182316572465,0.7818314824680298,0.6234898018587336,0.0,1.0
2016-01-20,99.47000122070312,101.83000183105467,97.25,100.75,93.58918762207033,86675000.0,-0.0030724936093493,99.0199966430664,99.19000244140624,98.62999725341795,99.08999633789062,99.08999633789062,0.0,1.968999981880188,2.0,1.9390000104904173,1.9839999675750728,1.9839999675750728,0.0,27.780000686645508,32.09000015258789,26.59000015258789,27.59000015258789,27.59000015258789,0.0,-0.0030724936093493084,0.0460440512199513,-0.0030677783313163287,102.82099990844728,107.21399955749513,110.6963998413086,109.0698998260498,103.81115414758449,106.8299907828614,-3.0188366352769123,-2.3564706250354277,30.10778044891367,14.187097399085118,12.691510677143743,-6.937005346425328,-77.89008468000402,2.528031630971238,97.4510549481137,116.97694416687656,18.212070531229287,0.23939120695440638,0.002179677185387569,0.0,-0.03509807629346771,-0.009652227136087212,0.007397755418689147,0.9749279121818236,-0.22252093395631434,0.0,1.0
2016-01-21,101.18000030517578,102.3499984741211,99.81999969482422,100.8499984741211,93.68206787109376,61660100.0,0.00099193286652,99.18000030517578,99.8000030517578,98.91000366210938,99.05999755859376,99.05999755859376,0.0,1.975000023841858,2.0350000858306885,1.9579999446868896,2.0190000534057617,2.0190000534057617,0.0,27.790000915527344,28.43000030517578,25.01000022888184,26.690000534057617,26.690000534057617,0.0,0.0009919328665200736,0.025004929547993437,0.000992424994631813,102.41899948120117,106.62699966430665,110.47259979248048,109.03569980621337,103.35559173628243,106.38702838962138,-3.031436653338943,-2.491463830696131,30.55191168391968,20.458117245850797,14.803340758595255,-3.83332141429926,-72.15778508002013,2.528172141565926,96.81342736251241,116.44057196610089,18.40729333600358,0.23977592262116143,-0.0030724936093493084,0.002179677185387569,0.02107175392967454,-0.03181401776015964,-0.00017753810423551096,0.43388373911755823,-0.900968867902419,0.0,1.0
2016-01-22,102.87999725341795,103.80999755859376,102.52999877929688,103.7699966430664,96.39453887939452,42229800.0,0.0285427565638475,99.18000030517578,99.58999633789062,99.11000061035156,99.56999969482422,99.56999969482422,0.0,2.068000078201294,2.08899998664856,2.046999931335449,2.0480000972747803,2.0480000972747803,0.0,24.209999084472656,24.549999237060547,22.21999931335449,22.34000015258789,22.34000015258789,0.0,0.02854275656384755,0.012441668093594007,0.028954004431596347,102.39499893188477,106.18599967956546,110.351199798584,109.02449977874754,103.41934633732612,106.19317418617287,-2.77382784884675,-2.547936634326255,42.11829741602003,33.459156816729454,22.701457153888455,-0.23075232019486136,-49.57465978978747,2.5590169232021225,96.71393578525033,115.65806357388058,17.840513670161247,0.26819081741677087,0.0009919328665200736,-0.0030724936093493084,-0.03152896246770657,-0.008234658379880437,0.0,-0.433883739117558,-0.9009688679024191,0.0,1.0
2016-01-25,103.4000015258789,103.98999786376952,102.13999938964844,102.2300033569336,94.96401977539062,38881500.0,-0.0149514687287861,99.5,99.5500030517578,99.2300033569336,99.36000061035156,99.36000061035156,0.0,2.0290000438690186,2.04099988937378,2.015000104904175,2.0220000743865967,2.0220000743865967,0.0,23.299999237060547,24.309999465942383,22.3799991607666,24.14999961853028,24.14999961853028,0.0,-0.014951468728786159,0.01789166776422206,-0.014840250502092367,102.18499908447265,105.6709999084473,110.16739990234376,108.99764980316161,103.2363704941888,105.89960597659959,-2.6632354824107836,-2.5709964039431608,38.478505901581904,40.35036378928399,31.422545950621412,-2.012842362949138,-57.21646376234042,2.5083727482677625,96.5372676278158,114.8047321890788,17.28711243112096,0.27053574526030316,0.02854275656384755,0.0009919328665200736,0.0,0.0030719878178270816,-0.0005329494822336493,0.0,1.0,0.0,1.0
2016-01-26,102.66000366210938,103.58999633789062,101.76000213623048,103.1500015258789,95.81864166259766,36143900.0,0.0089591747723721,99.3000030517578,99.45999908447266,99.0199966430664,99.36000061035156,99.36000061035156,0.0,1.996000051498413,2.0269999504089355,1.9919999837875368,1.99399995803833,1.99399995803833,0.0,23.75,24.020000457763672,22.32999992370605,22.5,22.5,0.0,0.008959174772372172,0.017825775729399976,0.008999428301670331,101.94599914550781,105.11349983215335,110.00059997558594,108.97309982299804,103.22308296060267,105.6959315728425,-2.4728486122398294,-2.5513668456024945,41.718818203781396,50.65794217541858,41.489154260477335,-2.264543650668866,-41.23504992161634,2.45991713779579,96.88071976292971,113.34627990137699,15.664553235064668,0.26485509439119415,-0.014951468728786159,0.02854275656384755,0.002179677185387569,0.011531243930278585,0.015606339602239928,0.7818314824680298,0.6234898018587336,0.0,1.0
2016-01-27,102.5500030517578,102.98999786376952,100.1500015258789,100.58000183105467,93.4312973022461,54524700.0,-0.0252308774324927,99.02999877929688,99.16000366210938,98.70999908447266,98.9000015258789,98.9000015258789,0.0,2.0190000534057617,2.052000045776367,1.9980000257492063,2.000999927520752,2.000999927520752,0.0,22.8799991607666,27.21999931335449,20.420000076293945,23.11000061035156,23.11000061035156,0.0,-0.025230877432492776,0.027693771363977847,-0.024915239027892166,101.81399917602539,104.47900009155275,109.73960006713865,108.93274982452391,102.81645509451836,105.31697381419154,-2.500518719673181,-2.541197220416632,36.01263527297634,46.1282620087706,45.71218932449105,-1.2953873160531808,-63.16370028973145,2.498494485096091,96.9687118931852,111.9892882899203,14.376646391689125,0.2740960019083908,0.008959174772372172,-0.014951468728786159,-0.0030724936093493084,-0.03509807629346771,-0.009052242046845198,0.9749279121818236,-0.22252093395631434,0.0,1.0
2016-01-28,102.25,102.29000091552734,100.26000213623048,102.0,94.7503433227539,47641500.0,0.0140190894209169,98.88999938964844,99.11000061035156,98.43000030517578,98.51000213623048,98.51000213623048,0.0,2.005000114440918,2.0380001068115234,1.9730000495910645,1.9850000143051147,1.9850000143051147,0.0,22.14999961853028,23.809999465942383,21.89999961853028,22.420000076293945,22.420000076293945,0.0,0.014019089420916911,0.019853288795079322,0.014117817675599165,101.60699920654297,103.98600006103516,109.50540008544922,108.89744983673094,102.69084661843861,105.07127205017736,-2.380425431738743,-2.5090428626810546,40.82841169224018,49.498850985006555,48.761685056398576,-1.9890455471262651,-47.10469683363253,2.465030506110432,97.26249331465944,110.70950680741088,12.931561445635605,0.2817273758561403,-0.025230877432492776,0.008959174772372172,0.0009919328665200736,0.02107175392967454,-0.012526112363000786,0.43388373911755823,-0.900968867902419,0.0,1.0
2016-01-29,101.97000122070312,104.16999816894533,101.94000244140624,104.12999725341795,96.7289581298828,54245100.0,0.0206673538114071,98.62000274658205,99.83000183105467,98.58000183105467,99.61000061035156,99.61000061035156,0.0,1.9229999780654907,1.955999970436096,1.9110000133514404,1.930999994277954,1.930999994277954,0.0,21.59000015258789,21.739999771118164,19.5,20.200000762939453,20.200000762939453,0.0,0.020667353811407153,0.021869135047988323,0.020882402508970443,101.9359992980957,103.59949989318847,109.29839996337891,108.8653998184204,102.91225440843543,105.00154799115815,-2.0892935827227177,-2.425093006689387,47.24246453251568,55.44874766086592,50.358620218214355,3.2625952350328595,-23.38535989403827,2.4482423076410504,97.98449120787812,109.21450857849881,10.839837433770318,0.2954347150838061,0.014019089420916911,-0.025230877432492776,0.02854275656384755,-0.03152896246770657,0.0,-0.433883739117558,-0.9009688679024191,0.0,1.0
2016-02-01,103.62999725341795,104.8000030517578,103.2300033569336,104.41000366210938,96.98908996582033,32750300.0,0.0026856763719488,99.54000091552734,99.62999725341795,98.93000030517578,99.0,99.0,0.0,1.9299999475479128,1.965999960899353,1.9170000553131104,1.965999960899353,1.965999960899353,0.0,21.31999969482422,23.65999984741211,19.61000061035156,19.979999542236328,19.979999542236328,0.0,0.0026856763719488356,0.015150050530107704,0.0026892860314720046,102.29300003051759,103.34500007629394,109.1036000061035,108.8361498260498,103.1426773705391,104.95772989271009,-1.815052522170987,-2.3030849097857073,48.03984095440658,69.74756455600985,58.2317210672941,3.540269192649028,-20.267249604299643,2.3855106924398473,98.43946842401901,108.25053172856887,9.493505537091192,0.28852140055741027,0.020667353811407153,0.014019089420916911,-0.014951468728786159,0.0,-0.021323668906156203,0.0,1.0,0.49999999999999994,0.8660254037844387
2016-02-02,103.93000030517578,103.97000122070312,101.83999633789062,102.1500015258789,94.88968658447266,44928100.0,-0.0218834745535241,98.98999786376952,99.08999633789062,98.77999877929688,98.87000274658205,98.87000274658205,0.0,1.9229999780654907,1.924000024795532,1.861999988555908,1.8639999628067017,1.8639999628067017,0.0,21.34000015258789,22.420000076293945,21.059999465942383,21.979999542236328,21.979999542236328,0.0,-0.021883474553524136,0.020494610570172628,-0.02164576842702115,102.4020004272461,102.9870002746582,108.86559997558594,108.79669982910157,102.98995800982216,104.74975001368556,-1.7597920038633958,-2.1944263286012453,42.461559849330634,73.2455915641132,66.14730126032964,1.0785711395383386,-36.61061580932247,2.3986890232811975,98.94540879105173,107.02859175826467,7.848741050477948,0.2966733546615417,0.0026856763719488356,0.020667353811407153,0.008959174772372172,0.002179677185387569,-0.001736468069597512,0.7818314824680298,0.6234898018587336,0.49999999999999994,0.8660254037844387
2016-02-03,102.83000183105467,102.83000183105467,99.87999725341795,101.66000366210938,94.43451690673828,61572900.0,-0.004808371526908,98.83000183105467,98.94000244140624,96.88999938964844,97.29000091552734,97.29000091552734,0.0,1.871999979019165,1.8960000276565552,1.7929999828338623,1.88100004196167,1.88100004196167,0.0,21.489999771118164,27.700000762939453,21.420000076293945,21.64999961853028,21.64999961853028,0.0,-0.004808371526908076,0.028688170038968307,-0.004796829814894266,102.49300079345704,102.65700035095216,108.61580001831055,108.75824985504151,102.78534964863557,104.5208799135688,-1.7355302649332316,-2.1026471158676427,41.34071163692296,67.17758516922837,70.05691376311714,0.9032294412996278,-41.589379078692765,2.4380687057351635,99.43317243480682,105.8808282670975,6.280775602490001,0.29581367718955637,-0.021883474553524136,0.0026856763719488356,-0.025230877432492776,-0.0030724936093493084,-0.009652227136087212,0.9749279121818236,-0.22252093395631434,0.49999999999999994,0.8660254037844387
2016-02-04,101.38999938964844,102.45999908447266,100.44000244140624,101.6500015258789,94.42523956298828,49321600.0,-9.824585111069236e-05,97.3000030517578,97.47000122070312,96.26000213623048,96.47000122070312,96.47000122070312,0.0,1.871999979019165,1.8910000324249268,1.850000023841858,1.8639999628067017,1.8639999628067017,0.0,22.290000915527344,23.13999938964844,21.239999771118164,21.84000015258789,21.84000015258789,0.0,-9.824585111069237e-05,0.0199230363470409,-9.824102514510713e-05,102.57300109863283,102.496000289917,108.36580001831055,108.72834987640383,102.61068070667301,104.3082222552214,-1.6975415485483865,-2.0216260024037918,41.3167365531993,60.026049153757185,66.8164086290329,0.7932603508795288,-41.72185765071321,2.408206415544539,99.41925176029825,105.57274881953576,6.0036460367545255,0.27579104975159074,-0.004808371526908076,-0.021883474553524136,0.014019089420916911,0.0009919328665200736,-0.03181401776015964,0.43388373911755823,-0.900968867902419,0.49999999999999994,0.8660254037844387
2016-02-05,101.29000091552734,101.33000183105467,97.72000122070312,98.12000274658205,91.14611053466795,70749900.0,-0.0353445764930862,96.55999755859376,97.2699966430664,96.31999969482422,97.02999877929688,97.02999877929688,0.0,1.837000012397766,1.8960000276565552,1.8270000219345093,1.8480000495910645,1.8480000495910645,0.0,22.09000015258789,24.11000061035156,21.90999984741211,23.3799991607666,23.3799991607666,0.0,-0.03534457649308628,0.035640246596129216,-0.03472725135246191,102.00800170898438,102.20150032043458,108.04200012207032,108.67369987487795,101.91980717435132,103.84983562495181,-1.9300284506004886,-2.0033064920431314,33.85455562190544,42.73732459978551,56.64698630759035,-5.4447278397034395,-88.4767894712375,2.5169059790896275,98.64480580350617,105.75819483736298,6.960161065692815,0.3002023812583213,-9.824585111069237e-05,-0.004808371526908076,0.020667353811407153,0.02854275656384755,-0.008234658379880437,-0.433883739117558,-0.9009688679024191,0.49999999999999994,0.8660254037844387
2016-02-08,96.29000091552734,97.0500030517578,94.83999633789062,96.62000274658205,89.75274658203125,91673100.0,-0.0154051996883967,96.95999908447266,97.4800033569336,96.54000091552734,96.56999969482422,96.56999969482422,0.0,1.7979999780654907,1.809999942779541,1.7330000400543213,1.7350000143051147,1.7350000143051147,0.0,25.88999938964844,27.71999931335449,25.559999465942383,26.0,26.0,0.0,-0.015405199688396747,0.022951570182307438,-0.015287146587639966,101.44700164794924,101.81600036621093,107.69400024414062,108.6106498718262,101.1044526470022,103.31429244877627,-2.2098398017740664,-2.0446131539893186,31.270092623357627,29.224297039738257,43.995890264426976,-5.487626358344494,-82.12846175883453,2.571413152632613,97.61729749247446,106.0147032399474,8.247628778648949,0.30247128619867025,-0.03534457649308628,-9.824585111069237e-05,0.0026856763719488356,-0.014951468728786159,0.0030719878178270816,0.0,1.0,0.49999999999999994,0.8660254037844387
2016-02-09,95.33000183105467,97.77999877929688,95.18000030517578,96.31999969482422,89.47406005859375,73778400.0,-0.0031098779615295,96.72000122070312,96.83000183105467,95.66000366210938,96.06999969482422,96.06999969482422,0.0,1.7359999418258667,1.7519999742507937,1.6990000009536743,1.7289999723434448,1.7289999723434448,0.0,28.299999237060547,28.309999465942383,25.989999771118164,26.540000915527344,26.540000915527344,0.0,-0.003109877961529531,0.027273664367791075,-0.003105047299948538,100.76400146484374,101.35500030517578,107.31720016479493,108.55499988555911,100.36838296205174,102.79619668922426,-2.42781372717252,-2.121253268625959,30.76424632288472,14.751403402857822,28.904341680793863,-6.621426786252771,-85.14053856135452,2.573454961310362,96.86347202659302,105.84652858375854,8.86296337636812,0.2970194627245706,-0.015405199688396747,-0.03534457649308628,-0.021883474553524136,0.008959174772372172,0.011531243930278585,0.7818314824680298,0.6234898018587336,0.49999999999999994,0.8660254037844387
2016-02-10,97.43000030517578,98.69000244140624,96.62000274658205,96.69000244140624,89.81775665283203,59421700.0,0.0038339397920626,96.0500030517578,96.72000122070312,95.76000213623048,95.88999938964844,95.88999938964844,0.0,1.7619999647140503,1.7690000534057615,1.7020000219345093,1.7050000429153442,1.7050000429153442,0.0,25.75,26.600000381469727,24.46999931335449,26.290000915527344,26.290000915527344,0.0,0.0038339397920626123,0.02124601958678456,0.003841298740810517,100.3750015258789,101.09450035095215,106.9620002746582,108.50489990234377,99.80247826656782,102.34388600420071,-2.5414077376328947,-2.205284162427346,32.2205482387999,17.10178187606381,20.35916077288663,-3.8675674277502123,-81.42565405161952,2.5589226602583373,96.15414773126341,106.03485297064088,9.773731711494053,0.27530363876068714,-0.003109877961529531,-0.015405199688396747,-0.004808371526908076,-0.025230877432492776,-0.03509807629346771,0.9749279121818236,-0.22252093395631434,0.49999999999999994,0.8660254037844387
2016-02-11,95.45999908447266,97.31999969482422,95.19000244140624,96.5500030517578,89.68767547607422,76839200.0,-0.0014493288362952,95.88999938964844,95.9000015258789,95.23999786376952,95.55999755859376,95.55999755859376,0.0,1.5670000314712524,1.64900004863739,1.5670000314712524,1.6440000534057615,1.6440000534057615,0.0,29.01000022888184,30.89999961853028,26.670000076293945,28.13999938964844,28.13999938964844,0.0,-0.0014493288362952108,0.02231298212702837,-0.001448279066472491,99.83000183105469,100.71850051879883,106.64280029296874,108.45089992523195,99.30209746428935,101.91470948920495,-2.612612024915606,-2.286749734924998,31.946735680488203,16.867512640325284,16.24023263974897,-5.3431342629825505,-82.8312694660501,2.528285131198312,95.59055867427223,105.84644236332544,10.182720787368131,0.2608195967598853,0.0038339397920626123,-0.003109877961529531,-9.824585111069237e-05,0.014019089420916911,0.02107175392967454,0.43388373911755823,-0.900968867902419,0.49999999999999994,0.8660254037844387
2016-02-12,97.63999938964844,98.12000274658205,96.7300033569336,98.0199966430664,91.05323028564452,49186500.0,0.0151109212155548,95.5,96.22000122070312,95.45999908447266,95.9800033569336,95.9800033569336,0.0,1.6740000247955322,1.758999943733215,1.6710000038146973,1.7480000257492063,1.7480000257492063,0.0,27.15999984741211,27.56999969482422,24.920000076293945,25.39999961853028,25.39999961853028,0.0,0.015110921215554829,0.014235962703168719,0.015225668435732587,99.21900177001953,100.57750053405762,106.3004002380371,108.39754989624024,99.1048511841012,101.62621224134284,-2.5213610572416485,-2.3336719993883284,37.91290732265371,22.55692295593383,18.842072490774306,-5.867666159139358,-68.0723076145289,2.4598361714573076,95.31043238058358,105.84456868753166,10.473650916967268,0.24711916399790548,-0.0014493288362952108,0.0038339397920626123,-0.03534457649308628,0.020667353811407153,-0.03152896246770657,-0.433883739117558,-0.9009688679024191,0.49999999999999994,0.8660254037844387
2016-02-15,97.63999938964844,98.12000274658205,96.7300033569336,98.0199966430664,91.05323028564452,49186500.0,0.0,95.5,96.22000122070312,95.45999908447266,95.9800033569336,95.9800033569336,0.0,1.6740000247955322,1.758999943733215,1.6710000038146973,1.7480000257492063,1.7480000257492063,0.0,27.15999984741211,27.56999969482422,24.920000076293945,25.39999961853028,25.39999961853028,0.0,0.0,0.014235962703168719,0.0,98.58000106811522,100.4365005493164,105.96840011596679,108.34629989624024,98.93795048548046,101.35908515998904,-2.421134674508579,-2.3511645344123786,37.91290732265371,27.00803843496404,22.144158010407715,-6.120109946286609,-68.0723076145289,2.3834192584709606,95.04940417049588,105.82359692813694,10.727367738535163,0.24711916399790548,0.015110921215554829,-0.0014493288362952108,-0.015405199688396747,0.0026856763719488356,0.0,0.0,1.0,0.49999999999999994,0.8660254037844387
2016-02-16,99.47000122070312,100.2300033569336,98.8499984741211,100.2300033569336,93.10614013671876,40565900.0,0.0222958504723198,96.56999969482422,96.98999786376952,96.37999725341795,96.87000274658205,96.87000274658205,0.0,1.7860000133514404,1.7970000505447388,1.756999969482422,1.777999997138977,1.777999997138977,0.0,24.959999084472656,25.520000457763672,23.31999969482422,24.11000061035156,24.11000061035156,0.0,0.022295850472319884,0.013873578625484861,0.022546260518534478,98.38800125122069,100.39500083923339,105.68040023803711,108.30854991912841,99.1367278503194,101.27544947087382,-2.1387216205544206,-2.308675951640787,46.1451657217694,39.32396154256658,29.62964097782148,-1.8795870193490853,-45.88350014324247,2.3710326481421196,95.0153455347606,105.77465614370618,10.716978454111382,0.26093378915768656,0.0,0.015110921215554829,-0.003109877961529531,-0.021883474553524136,0.002179677185387569,0.7818314824680298,0.6234898018587336,0.49999999999999994,0.8660254037844387
2016-02-17,100.95999908447266,102.63999938964844,100.6999969482422,102.5,95.21483612060548,41766500.0,0.0223956370907194,96.94000244140624,97.0999984741211,96.62999725341795,96.79000091552734,96.79000091552734,0.0,1.8040000200271609,1.847000002861023,1.7970000505447388,1.819000005722046,1.819000005722046,0.0,23.39999961853028,24.15999984741211,21.82999992370605,22.309999465942383,22.309999465942383,0.0,0.022395637090719435,0.01921555525949487,0.022648302043133395,98.47200088500978,100.4825008392334,105.47260025024414,108.28104991912842,99.65415433488565,101.36615691747576,-1.7120025825901166,-2.1893412778306534,53.033610079140246,54.317269230121155,40.21642306921726,0.8262800586576289,-23.092384551865187,2.3738157470401715,95.02221059750373,105.94279108096306,10.868141608986896,0.2728772709460628,0.022295850472319884,0.0,0.0038339397920626123,-0.004808371526908076,-0.0030724936093493084,0.9749279121818236,-0.22252093395631434,0.49999999999999994,0.8660254037844387
2016-02-18,102.81999969482422,102.83999633789062,101.1999969482422,101.33000183105467,94.12798309326172,38991500.0,-0.0114803927505299,96.88999938964844,97.08999633789062,96.69000244140624,96.9499969482422,96.9499969482422,0.0,1.82099997997284,1.830000042915344,1.7549999952316284,1.758999943733215,1.758999943733215,0.0,22.15999984741211,22.530000686645508,21.290000915527344,21.63999938964844,21.63999938964844,0.0,-0.011480392750529903,0.015950198351644015,-0.011414744504386731,98.44000091552734,100.50650100708008,105.23120025634766,108.23979991912843,99.91197702660396,101.36347876292605,-1.4515017363220863,-2.04177336952894,49.517973500807756,65.3949230345769,53.01205126908821,-0.31480540090573905,-34.83934620116161,2.321400292940761,95.0352009884274,105.97780102573275,10.887454968245786,0.2763670454830755,0.022395637090719435,0.022295850472319884,-0.0014493288362952108,-9.824585111069237e-05,0.0009919328665200736,0.43388373911755823,-0.900968867902419,0.49999999999999994,0.8660254037844387
2016-02-19,100.83999633789062,101.94000244140624,100.62000274658205,101.62999725341795,94.40666198730467,28257900.0,0.0029562640530422,96.87000274658205,97.16999816894533,96.55999755859376,96.5999984741211,96.5999984741211,0.0,1.7450000047683716,1.784999966621399,1.7289999723434448,1.7480000257492063,1.7480000257492063,0.0,22.38999938964844,23.440000534057617,20.520000457763672,20.530000686645508,20.530000686645508,0.0,0.0029562640530422595,0.013090041082520354,0.0029606381108457924,98.79100036621094,100.39950103759766,105.04800018310546,108.20004989624022,100.1762878307292,101.38322087333286,-1.2069330426036657,-1.8748053041438852,50.42543010850437,72.14614920197013,63.952780488889395,3.5772466455196645,-25.629821641062822,2.2498716787895776,95.11646565257686,105.68253642261845,10.524027172291229,0.25576611817815614,-0.011480392750529903,0.022395637090719435,0.015110921215554829,-0.03534457649308628,0.02854275656384755,-0.433883739117558,-0.9009688679024191,0.49999999999999994,0.8660254037844387
2016-02-22,102.58000183105467,103.37999725341795,102.4800033569336,103.27999877929688,95.93936157226562,23979100.0,0.0161046990430576,96.5999984741211,97.5999984741211,96.5999984741211,97.37999725341795,97.37999725341795,0.0,1.77400004863739,1.7760000228881836,1.7519999742507937,1.7660000324249268,1.7660000324249268,0.0,20.13999938964844,20.350000381469727,19.020000457763672,19.3799991607666,19.3799991607666,0.0,0.01610469904305765,0.008773580429123176,0.016235078676619885,99.45699996948241,100.45200080871584,104.88100021362305,108.16614990234373,100.65378182281654,101.52372294044132,-0.8699411176247764,-1.6738324668400635,55.195900862918535,79.45329665446232,72.33145629700311,6.892978517277499,-1.170942194388569,2.2141665588760366,95.0723881704098,105.83161344702188,10.710812318313273,0.2571187258690389,0.0029562640530422595,-0.011480392750529903,0.0,-0.015405199688396747,-0.014951468728786159,0.0,1.0,0.49999999999999994,0.8660254037844387
2016-02-23,102.68000030517578,102.95999908447266,101.51000213623048,101.58000183105467,94.36019134521484,29869700.0,-0.016597059245161,97.3499984741211,97.58000183105467,97.13999938964844,97.4800033569336,97.4800033569336,0.0,1.7799999713897705,1.8140000104904173,1.72599995136261,1.7450000047683716,1.7450000047683716,0.0,19.75,21.15999984741211,19.540000915527344,20.979999542236328,20.979999542236328,0.0,-0.016597059245161073,0.014121512893773175,-0.016460086883747782,99.98300018310547,100.37350082397462,104.66640029907228,108.12434989929199,100.79627720869934,101.52789174715342,-0.7316145384540818,-1.4853888811628673,49.87114055749617,84.0406695513542,78.54670513592887,5.460965690299003,-21.077227510485987,2.182440136318205,95.11520339808011,105.63179824986914,10.47746144695303,0.26193926932357053,0.01610469904305765,0.0029562640530422595,0.022295850472319884,-0.003109877961529531,0.008959174772372172,0.7818314824680298,0.6234898018587336,0.49999999999999994,0.8660254037844387
2016-02-24,100.38999938964844,102.68000030517578,99.7699966430664,102.5500030517578,95.2612762451172,40739100.0,0.0095041104165899,97.4800033569336,97.91999816894533,97.2300033569336,97.45999908447266,97.45999908447266,0.0,1.7050000429153442,1.7419999837875366,1.64900004863739,1.7419999837875366,1.7419999837875366,0.0,22.280000686645508,22.8700008392334,20.26000022888184,20.71999931335449,20.71999931335449,0.0,0.009504110416589953,0.028986987546584603,0.009549417896004053,100.56900024414062,100.47200088500976,104.43780029296876,108.08704990386963,101.06608118455449,101.60360369564263,-0.5375225110881416,-1.2958156071479223,52.67644147319911,89.34430989275077,84.27942536618909,6.060606538822563,-9.718900616873128,2.234408959589003,95.12436963011226,105.81963213990727,10.645017930951477,0.24753470234172528,-0.016597059245161073,0.01610469904305765,0.022395637090719435,0.0038339397920626123,-0.025230877432492776,0.9749279121818236,-0.22252093395631434,0.49999999999999994,0.8660254037844387
2016-02-25,102.76000213623048,103.55999755859376,101.83999633789062,103.55999755859376,96.19947814941406,29389300.0,0.0098005402394058,97.48999786376952,97.72000122070312,97.22000122070312,97.29000091552734,97.29000091552734,0.0,1.7400000095367432,1.7450000047683716,1.6779999732971191,1.6970000267028809,1.6970000267028809,0.0,20.540000915527344,21.26000022888184,19.100000381469727,19.11000061035156,19.11000061035156,0.0,0.009800540239405861,0.01673804189321549,0.009848722810334554,101.26999969482422,100.55000076293945,104.26260025024413,108.05194988250733,101.44976062671438,101.74852175956494,-0.29876113285055794,-1.0964047122884495,55.470714091359554,89.73462395754696,87.70653446721731,7.260480875467296,0.0,2.1976655496685846,95.06479054821402,106.03521097766487,10.910413074302348,0.24502533976763388,0.009504110416589953,-0.016597059245161073,-0.011480392750529903,-0.0014493288362952108,0.014019089420916911,0.43388373911755823,-0.900968867902419,0.49999999999999994,0.8660254037844387
2016-02-26,104.3499984741211,104.37000274658205,103.18000030517578,103.43000030517578,96.0787353515625,30925000.0,-0.0012559177820932,97.4000015258789,98.26000213623048,97.0999984741211,98.1500015258789,98.1500015258789,0.0,1.7419999837875366,1.7829999923706057,1.7400000095367432,1.7619999647140503,1.7619999647140503,0.0,18.88999938964844,20.1299991607666,18.459999084472656,19.809999465942383,19.809999465942383,0.0,-0.0012559177820932075,0.011403952647889938,-0.001255129447417902,101.81100006103517,100.51500091552735,104.13460021972656,108.01674987792971,101.75441288493921,101.87307572590647,-0.11866284096726076,-0.9008563380242118,55.02040058091746,93.3508554284481,90.80992975958193,5.519285704333943,-10.228533097782556,2.1256896133641336,95.1177443916066,105.9122574394481,10.739206038423244,0.23348604286164518,0.009800540239405861,0.009504110416589953,0.0029562640530422595,0.015110921215554829,0.020667353811407153,-0.433883739117558,-0.9009688679024191,0.49999999999999994,0.8660254037844387
2016-02-29,103.33000183105467,104.0999984741211,102.5,102.5,95.21483612060548,27553900.0,-0.0090322439743114,98.16999816894533,98.37000274658205,97.8000030517578,98.20999908447266,98.20999908447266,0.0,1.7519999742507937,1.7680000066757202,1.7369999885559082,1.7400000095367432,1.7400000095367432,0.0,20.489999771118164,20.809999465942383,18.3799991607666,20.549999237060547,20.549999237060547,0.0,-0.00903224397431145,0.015484355422127092,-0.00899157579245724,102.25900039672851,100.41950073242188,103.9636001586914,107.97689987182618,101.86911859494857,101.91951456102451,-0.050395966075939214,-0.7307642636345573,51.78176791527186,89.80035576327903,90.96194504975803,4.570499398451564,-20.370399612380318,2.088140246275345,95.24962717805273,105.58937428679103,10.296552993516285,0.23517272559179814,-0.0012559177820932075,0.009800540239405861,0.01610469904305765,0.0,0.0026856763719488356,0.0,1.0,0.49999999999999994,0.8660254037844387
2016-03-01,103.4800033569336,105.79000091552734,103.16000366210938,105.79000091552734,98.27095794677734,37699800.0,0.0315927691786235,98.18000030517578,98.56999969482422,98.08999633789062,98.3499984741211,98.3499984741211,0.0,1.7489999532699585,1.837000012397766,1.7280000448226929,1.8339999914169312,1.8339999914169312,0.0,19.84000015258789,20.170000076293945,17.65999984741211,17.700000762939453,17.700000762939453,0.0,0.03159276917862353,0.02541551186799172,0.03209711795649972,102.81500015258788,100.6015007019043,103.84380020141602,107.9598498916626,102.472331259653,102.20621725395065,0.2661140057023488,-0.5313886097671761,60.61411560471263,89.80035576327904,90.98385565166872,5.54723872331301,0.0,2.1739874369362022,94.94201915336842,106.26098225044018,11.251286529622815,0.24820499347557526,-0.00903224397431145,-0.0012559177820932075,-0.016597059245161073,0.022295850472319884,-0.021883474553524136,0.7818314824680298,0.6234898018587336,0.8660254037844386,0.5000000000000001
2016-03-02,105.66000366210938,105.8499984741211,105.01000213623048,105.83000183105467,98.3081283569336,29209800.0,0.0003781725848679,98.26000213623048,98.58000183105467,98.12000274658205,98.20999908447266,98.20999908447266,0.0,1.8509999513626096,1.871999979019165,1.8279999494552608,1.8480000495910645,1.8480000495910645,0.0,17.979999542236328,18.40999984741211,16.780000686645508,17.09000015258789,17.09000015258789,0.0,0.0003781725848679977,0.007949993458043396,0.0003782441011348503,103.14800033569335,100.81000061035157,103.70820022583008,107.93419990539552,102.98889596294556,102.47464574114355,0.5142502218020155,-0.3222608434533377,60.70835309304624,93.13677961103201,90.91249704586335,3.2487822741996815,-0.21926155452358653,2.078702358432946,94.69722579989624,106.92277542080689,12.127318268913168,0.2470673363222967,0.03159276917862353,-0.00903224397431145,0.009504110416589953,0.022395637090719435,-0.004808371526908076,0.9749279121818236,-0.22252093395631434,0.8660254037844386,0.5000000000000001
2016-03-03,105.72000122070312,105.75,104.87000274658205,105.62999725341795,98.12236785888672,25474600.0,-0.0018913616470096,98.1999969482422,98.3499984741211,97.45999908447266,97.56999969482422,97.56999969482422,0.0,1.8480000495910645,1.8580000400543213,1.815000057220459,1.830000042915344,1.830000042915344,0.0,17.25,17.559999465942383,16.31999969482422,16.700000762939453,16.700000762939453,0.0,-0.0018913616470096005,0.008323848309279293,-0.0018895741496819385,103.5779998779297,101.00900039672852,103.56900024414062,107.90879989624025,103.39521923840286,102.70837548279351,0.6868437556093454,-0.12043992364080108,59.936158611880224,99.12281435576186,94.01998324335764,4.243556049206997,-2.4122953781907874,1.9987949817214945,94.53275516800183,107.48524562545522,12.823105274362163,0.2473520959128664,0.0003781725848679977,0.03159276917862353,0.009800540239405861,-0.011480392750529903,-9.824585111069237e-05,0.43388373911755823,-0.900968867902419,0.8660254037844386,0.5000000000000001
2016-03-04,105.75,106.3499984741211,104.97000122070312,105.66999816894533,98.15950012207033,31655400.0,0.0003783565339838,97.66999816894533,98.02999877929688,97.0199966430664,97.33999633789062,97.33999633789062,0.0,1.8359999656677248,1.9019999504089355,1.8270000219345093,1.883000016212464,1.883000016212464,0.0,16.479999542236328,17.350000381469727,16.049999237060547,16.860000610351562,16.860000610351562,0.0,0.0003783565339838965,0.013049619417664008,0.0003784281198453421,103.98199996948243,101.38650016784669,103.43060028076171,107.88689987182619,103.74518522771709,102.92775494102698,0.8174302866901115,0.06713411842538144,60.04561908646612,96.1005907772029,96.12006158133225,3.975205180271223,-9.066670735676896,1.9545951439855285,94.74133105568944,108.03166928000394,13.10858763475627,0.20481726384371537,-0.0018913616470096005,0.0003781725848679977,-0.0012559177820932075,0.0029562640530422595,-0.03534457649308628,-0.433883739117558,-0.9009688679024191,0.8660254037844386,0.5000000000000001
2016-03-07,105.12999725341795,105.73999786376952,104.2699966430664,105.0199966430664,97.5557098388672,25861200.0,-0.0061701101192913,97.2300033569336,97.6999969482422,97.04000091552734,97.06999969482422,97.06999969482422,0.0,1.9110000133514404,1.9179999828338623,1.8969999551773071,1.9019999504089355,1.9019999504089355,0.0,17.979999542236328,18.040000915527344,16.8700008392334,17.350000381469727,17.350000381469727,0.0,-0.006170110119291329,0.013982700077121124,-0.006151114079149256,104.15599975585938,101.80649986267092,103.2804002380371,107.85989986419679,103.94131006084775,103.08273580784471,0.8585742530030416,0.22542214534091348,57.30573641959411,89.43608190861207,94.8864956805256,1.6847384627567645,-20.21278816029608,1.9199812923224988,95.3712908142689,108.24170891107293,12.642039667570565,0.19581337848544758,0.0003783565339838965,-0.0018913616470096005,-0.00903224397431145,0.01610469904305765,-0.015405199688396747,0.0,1.0,0.8660254037844386,0.5000000000000001
2016-03-08,104.3000030517578,105.20999908447266,103.97000122070312,104.1500015258789,96.74754333496094,28898500.0,-0.0083186580886485,97.08999633789062,97.2699966430664,96.88999938964844,97.20999908447266,97.20999908447266,0.0,1.8459999561309808,1.8530000448226929,1.8040000200271609,1.8320000171661377,1.8320000171661377,0.0,18.3799991607666,18.88999938964844,17.81999969482422,18.670000076293945,18.670000076293945,0.0,-0.008318658088648588,0.011888761529126659,-0.00828415379521208,104.4129997253418,102.19799995422365,103.07740020751952,107.83029987335206,103.97341644008333,103.16179252769909,0.8116239123842348,0.34266249874957777,53.7692519520754,79.09531544381207,88.21066270987568,2.5300252495551168,-33.43459477259078,1.8714110474258583,96.23263556990644,108.16336433854086,11.674131366541825,0.19922437498903117,-0.006170110119291329,0.0003783565339838965,0.03159276917862353,-0.016597059245161073,-0.003109877961529531,0.7818314824680298,0.6234898018587336,0.8660254037844386,0.5000000000000001
2016-03-09,104.54000091552734,104.83999633789062,103.95999908447266,104.81999969482422,97.36993408203124,31047400.0,0.0064125383052558,97.22000122070312,97.56999969482422,96.93000030517578,97.16999816894533,97.16999816894533,0.0,1.88100004196167,1.8969999551773071,1.85699999332428,1.8919999599456787,1.8919999599456787,0.0,18.559999465942383,19.11000061035156,18.309999465942383,18.34000015258789,18.34000015258789,0.0,0.006412538305255807,0.008417804148758742,0.00643314264751349,104.63999938964844,102.60449981689455,102.90840026855469,107.8023998641968,104.10366001773576,103.28462268822688,0.8190373295088875,0.43793746490143975,56.02021439547424,74.3667874847045,80.96606161237621,2.213551024392203,-23.252254612999646,1.8005957764252947,97.13182181564501,108.07717781814408,10.667520451863105,0.19942186038795362,-0.008318658088648588,-0.006170110119291329,0.0003781725848679977,0.009504110416589953,0.0038339397920626123,0.9749279121818236,-0.22252093395631434,0.8660254037844386,0.5000000000000001
2016-03-10,105.26000213623048,105.86000061035156,103.30999755859376,104.66000366210938,97.22130584716795,44236100.0,-0.0015275946010716,97.2300033569336,98.41999816894533,95.94000244140624,96.06999969482422,96.06999969482422,0.0,1.871000051498413,1.9520000219345093,1.8639999628067017,1.9290000200271609,1.9290000200271609,0.0,18.170000076293945,19.59000015258789,17.059999465942383,18.049999237060547,18.049999237060547,0.0,-0.0015275946010716607,0.024225755272715196,-0.00152642842233075,104.75000000000001,103.00999984741212,102.76440032958985,107.77789989471437,104.18925134763938,103.38650276036633,0.802748587273058,0.5108996893757634,55.32742998379938,72.5431153429632,75.33507275715992,1.0621920910081448,-25.68380458551992,1.8541248675204736,98.27395595349851,107.74604374132572,9.195309000930136,0.19945060847618779,0.006412538305255807,-0.008318658088648588,-0.0018913616470096005,0.009800540239405861,-0.0014493288362952108,0.43388373911755823,-0.900968867902419,0.8660254037844386,0.5000000000000001
2016-03-11,105.79000091552734,106.48999786376952,105.45999908447266,106.48999786376952,98.92123413085938,31454000.0,0.0173340352203358,96.18000030517578,96.72000122070312,95.94000244140624,96.16999816894533,96.16999816894533,0.0,1.945000052452088,1.9859999418258667,1.924000024795532,1.976999998092652,1.976999998092652,0.0,17.09000015258789,17.270000457763672,16.280000686645508,16.5,16.5,0.0,0.017334035220335876,0.009736258345619152,0.017485141439713914,105.05599975585936,103.43349990844726,102.65700027465822,107.76384986877443,104.54321235012094,103.61639128654434,0.9268210635765968,0.59408396421593,61.23275095545006,83.68798026716014,76.86596103160927,2.9585203031664395,0.0,1.85240124853045,99.07662417934115,107.79037563755337,8.424496382627556,0.2012364380799237,-0.0015275946010716607,0.006412538305255807,0.0003783565339838965,-0.0012559177820932075,0.015110921215554829,-0.433883739117558,-0.9009688679024191,0.8660254037844386,0.5000000000000001
2016-03-14,106.08999633789062,106.91999816894533,106.05999755859376,106.66999816894533,99.08843994140624,25374900.0,0.0016888654665306,96.1999969482422,96.70999908447266,96.13999938964844,96.62000274658205,96.62000274658205,0.0,1.9700000286102293,1.9700000286102293,1.9420000314712524,1.963000059127808,1.963000059127808,0.0,17.010000228881836,17.670000076293945,16.690000534057617,16.920000076293945,16.920000076293945,0.0,0.0016888654665306985,0.008106330851520715,0.0016902924030008926,105.47299957275389,103.86599998474122,102.60040023803711,107.75624984741212,104.87041016840162,103.84258438894442,1.0278257794572028,0.6808323272641846,61.76809955064505,90.27323088805466,82.16810883272599,4.068290896532026,-3.4965027503161106,1.7815154886605293,100.09369045536697,107.63830951411548,7.263800531316193,0.20086412014655852,0.017334035220335876,-0.0015275946010716607,-0.006170110119291329,-0.00903224397431145,0.0,0.0,1.0,0.8660254037844386,0.5000000000000001
2016-03-15,106.29000091552734,106.75,105.9499969482422,106.62999725341795,99.05125427246094,26524600.0,-0.0003753480041383,96.58999633789062,96.87000274658205,96.47000122070312,96.62999725341795,96.62999725341795,0.0,1.940000057220459,1.975000023841858,1.914999961853028,1.9589999914169312,1.9589999914169312,0.0,17.600000381469727,17.850000381469727,16.84000015258789,16.84000015258789,16.84000015258789,0.0,-0.0003753480041383546,0.007526606876159412,-0.00037527756988897654,105.55699920654297,104.18599967956544,102.5468002319336,107.74934982299806,105.14111587378875,104.04905941594245,1.0920564578462972,0.7630771533806071,61.564637048996325,96.93160662260875,90.29760592594118,0.7940224318188093,-5.7086773818576075,1.7114074574531914,100.63293637674568,107.7390629823852,6.820615656129558,0.18962366514468124,0.0016888654665306985,0.017334035220335876,-0.008318658088648588,0.03159276917862353,0.022295850472319884,0.7818314824680298,0.6234898018587336,0.8660254037844386,0.5000000000000001
2016-03-16,106.37000274658205,107.86000061035156,106.33999633789062,107.58000183105467,99.93375396728516,31693100.0,0.0088700700494289,96.63999938964844,97.05999755859376,95.54000091552734,95.88999938964844,95.88999938964844,0.0,1.9609999656677248,2.002000093460083,1.914999961853028,1.937999963760376,1.937999963760376,0.0,15.960000038146973,16.329999923706055,14.890000343322754,14.989999771118164,14.989999771118164,0.0,0.008870070049428911,0.014289783145744812,0.008909525692594622,105.73199920654297,104.43999977111817,102.53320022583009,107.73979984283449,105.51632909798352,104.31061070595077,1.2057183920327503,0.8516054011110358,64.5511394645371,95.19032087999062,94.13171946355133,1.6535953602208873,-5.223857227854389,1.6977358013823163,100.67446173825651,108.20553780397982,7.210911606882209,0.17702370666133901,-0.0003753480041383546,0.0016888654665306985,0.006412538305255807,0.0003781725848679977,0.022395637090719435,0.9749279121818236,-0.22252093395631434,0.8660254037844386,0.5000000000000001
2016-03-17,107.2699966430664,107.7699966430664,106.87000274658205,107.5199966430664,99.87799072265624,29623700.0,-0.0005581578416539,95.75,95.83000183105467,94.6500015258789,94.76000213623048,94.76000213623048,0.0,1.8639999628067017,1.909999966621399,1.8639999628067017,1.902999997138977,1.902999997138977,0.0,15.34000015258789,15.380000114440918,13.81999969482422,14.4399995803833,14.4399995803833,0.0,-0.0005581578416539538,0.0083899871786053,-0.0005580021005432423,105.92099914550782,104.74949951171875,102.58620010375977,107.72914981842042,105.82458564338089,104.54834299758896,1.2762426457919247,0.9365328500472136,64.21175324982923,94.24136950467076,95.4544323357567,1.7892638822229028,-6.343356876275719,1.640754236746748,101.04317331336733,108.45582571007017,7.076551612424225,0.16974571462816174,0.008870070049428911,-0.0003753480041383546,-0.0015275946010716607,-0.0018913616470096005,-0.011480392750529903,0.43388373911755823,-0.900968867902419,0.8660254037844386,0.5000000000000001
2016-03-18,107.45999908447266,107.63999938964844,106.8000030517578,107.37000274658205,100.03451538085938,37682300.0,0.0015659319493213,94.7699966430664,95.16999816894533,94.58000183105467,94.98999786376952,94.98999786376952,0.0,1.8890000581741333,1.8960000276565552,1.866000056266785,1.871000051498413,1.871000051498413,0.0,14.050000190734863,14.359999656677246,13.75,14.020000457763672,14.020000457763672,0.0,0.0015659319493213932,0.007816828076001852,0.0015671586609884436,106.09099960327148,105.03649978637698,102.65340011596679,107.72224983215334,106.06234212079644,104.75735483084772,1.304987289948727,1.0102237380275163,63.31562401339544,92.66909755443662,94.03359597969933,1.6087864172371322,-10.425493232560024,1.5835572439713117,101.46060341197787,108.61239616077609,6.808864312256707,0.16981835823677244,-0.0005581578416539538,0.008870070049428911,0.017334035220335876,0.0003783565339838965,0.0029562640530422595,-0.433883739117558,-0.9009688679024191,0.8660254037844386,0.5000000000000001
2016-03-21,107.18000030517578,107.88999938964844,107.12000274658205,107.79000091552734,100.42584228515624,17288600.0,0.0039042871712986,95.0500030517578,95.4000015258789,95.0,95.29000091552734,95.29000091552734,0.0,1.8869999647140503,1.924000024795532,1.8869999647140503,1.9229999780654907,1.9229999780654907,0.0,14.56999969482422,14.729999542236328,13.789999961853027,13.789999961853027,13.789999961853027,0.0,0.0039042871712986326,0.007184144811289093,0.003911918829285765,106.36800003051758,105.2619998931885,102.72260009765624,107.72014984130861,106.32813578152428,104.98199528156474,1.3461404999595459,1.0774070904139224,64.79709488411359,93.68259265555285,93.53101990488673,2.637596992004682,-2.1833719245056837,1.5254457724781032,101.5851052537861,108.93889453259091,6.986176669896877,0.16260001000838856,0.0015659319493213932,-0.0005581578416539538,0.0016888654665306985,-0.006170110119291329,0.01610469904305765,0.0,1.0,0.8660254037844386,0.5000000000000001
2016-03-22,107.18000030517578,108.37000274658205,107.16000366210938,108.12000274658205,100.73328399658205,18840300.0,0.0030567039784755,95.43000030517578,95.75,95.26000213623048,95.6500015258789,95.6500015258789,0.0,1.8960000276565552,1.9390000104904173,1.883999943733216,1.934999942779541,1.934999942779541,0.0,14.56999969482422,14.760000228881836,13.75,14.170000076293944,14.170000076293944,0.0,0.0030567039784755007,0.011289411093743382,0.0030613804617425355,106.76500015258789,105.58899993896486,102.77420013427734,107.71674983978274,106.60380762230241,105.21444027897343,1.3893673433289848,1.139799140996935,65.96028714629173,94.15014281538699,93.50061100845882,3.8118110057988663,-4.940706396773342,1.502913866192001,102.13431974565546,109.04368013227426,6.543636544159636,0.1464980447470067,0.0039042871712986326,0.0015659319493213932,-0.0003753480041383546,-0.008318658088648588,-0.016597059245161073,0.7818314824680298,0.6234898018587336,0.8660254037844386,0.5000000000000001
2016-03-23,107.91000366210938,107.98999786376952,106.98999786376952,107.2300033569336,99.90411376953124,20912900.0,-0.0082654077137182,95.62999725341795,96.2300033569336,95.62000274658205,96.0500030517578,96.0500030517578,0.0,1.934999942779541,1.934999942779541,1.871999979019165,1.875,1.875,0.0,14.56999969482422,15.029999732971191,14.329999923706056,14.9399995803833,14.9399995803833,0.0,-0.008265407713718207,0.009266981429555189,-0.008231343148496384,107.00600051879881,105.82299995422365,102.88080017089844,107.7073998641968,106.70014542763029,105.36374124771122,1.3364041799190716,1.1791201487813623,60.184445163720184,90.1154375239019,92.64939099828058,2.2991830462945284,-22.529609107015247,1.4762775102363244,102.60945485900655,109.03654504944075,6.073434124164309,0.15000225613491566,0.0030567039784755007,0.0039042871712986326,0.008870070049428911,0.006412538305255807,0.009504110416589953,0.9749279121818236,-0.22252093395631434,0.8660254037844386,0.5000000000000001
2016-03-24,106.70999908447266,107.29000091552734,106.52999877929688,107.26000213623048,99.9320831298828,19017300.0,0.0002799228665092,96.05999755859376,96.36000061035156,96.04000091552734,96.13999938964844,96.13999938964844,0.0,1.870000004768372,1.9019999504089355,1.8530000448226929,1.899999976158142,1.899999976158142,0.0,16.299999237060547,16.440000534057617,14.710000038146973,14.739999771118164,14.739999771118164,0.0,0.0002799228665092284,0.007122126724308598,0.0002799620485707255,107.26600036621093,106.00800018310548,102.94460021972657,107.69024986267091,106.7862772289534,105.50420501723117,1.2820722117222232,1.1997105613695345,60.310600565292226,83.5309786774221,89.26551967223699,2.4842331197647374,-21.936748463945122,1.4251149835216204,102.91941556057719,109.09658480563377,5.827078366148664,0.1475417748834561,-0.008265407713718207,0.0030567039784755007,-0.0005581578416539538,-0.0015275946010716607,0.009800540239405861,0.43388373911755823,-0.900968867902419,0.8660254037844386,0.5000000000000001
2016-03-25,106.70999908447266,107.29000091552734,106.52999877929688,107.26000213623048,99.9320831298828,19017300.0,0.0,96.05999755859376,96.36000061035156,96.04000091552734,96.13999938964844,96.13999938964844,0.0,1.870000004768372,1.9019999504089355,1.8530000448226929,1.899999976158142,1.899999976158142,0.0,16.299999237060547,16.440000534057617,14.710000038146973,14.739999771118164,14.739999771118164,0.0,0.0,0.007122126724308598,0.0,107.34300079345705,106.19950027465822,103.07300033569337,107.67709987640383,106.85915798391909,105.63426406308298,1.2248939208361094,1.2047472332628495,60.310600565292226,77.86563132169817,83.83734917434072,0.7230766155578449,-21.936748463945122,1.3776069230008237,103.31579228416031,109.08320826515613,5.430737400910413,0.14725216239608022,0.0002799228665092284,-0.008265407713718207,0.0015659319493213932,0.017334035220335876,-0.0012559177820932075,-0.433883739117558,-0.9009688679024191,0.8660254037844386,0.5000000000000001
2016-03-28,107.55999755859376,107.58000183105467,106.91999816894533,107.11000061035156,99.79229736328124,13892300.0,-0.0013997869371894,96.27999877929688,96.4000015258789,95.83999633789062,95.94000244140624,95.94000244140624,0.0,1.899999976158142,1.9049999713897705,1.8630000352859497,1.870000004768372,1.870000004768372,0.0,15.649999618530272,16.040000915527344,14.890000343322754,15.239999771118164,15.239999771118164,0.0,-0.0013997869371894145,0.006136144264505089,-0.0013988076924192905,107.38700103759768,106.4300003051758,103.19840042114258,107.65914989471436,106.8977491572164,105.74357788139918,1.1541712758172196,1.1946320417737235,59.2224206795835,77.07510020480721,79.49057006797582,0.41248940560527075,-24.9012024576881,1.326349547222861,104.10938245521368,108.75061815513791,4.360834056765976,0.14209314419204686,0.0,0.0002799228665092284,0.0039042871712986326,0.0016888654665306985,-0.00903224397431145,0.0,1.0,0.8660254037844386,0.5000000000000001
2016-03-29,106.91000366210938,108.9000015258789,106.7300033569336,108.83000183105467,101.39478302001952,29963900.0,0.0159306407166128,95.9499969482422,96.22000122070312,95.08999633789062,95.16000366210938,95.16000366210938,0.0,1.871999979019165,1.871999979019165,1.812000036239624,1.8140000104904173,1.8140000104904173,0.0,15.739999771118164,15.890000343322754,13.789999961853027,13.81999969482422,13.81999969482422,0.0,0.01593064071661288,0.02029742862794789,0.01605820989273976,107.60700149536133,106.58200035095216,103.3538005065918,107.649349899292,107.19501879934535,105.97220187766996,1.2228169216753884,1.2002690177540565,66.65242491782045,83.96993976348239,79.63689042999593,2.0632135743267113,-1.2522297879196231,1.3866101630601788,104.04933597259797,109.11466472930634,4.752518004943896,0.1055044133186259,-0.0013997869371894145,0.0,0.0030567039784755007,-0.0003753480041383546,0.03159276917862353,0.7818314824680298,0.6234898018587336,0.8660254037844386,0.5000000000000001
2016-03-30,109.4800033569336,110.04000091552734,109.12999725341795,109.36000061035156,101.88859558105467,23807200.0,0.0048583758864573,95.1999969482422,95.22000122070312,94.58999633789062,94.83999633789062,94.83999633789062,0.0,1.825999975204468,1.8600000143051147,1.815999984741211,1.830000042915344,1.830000042915344,0.0,13.6899995803833,13.890000343322754,13.0600004196167,13.5600004196167,13.5600004196167,0.0,0.004858375886457396,0.008312053655520433,0.004870196930523152,107.78500137329104,106.758500289917,103.52600051879884,107.64504989624024,107.52809292411554,106.22314993194267,1.3049429921728688,1.2212038126378189,68.55379501283714,86.33313515163789,82.45939170664249,1.6545814733227346,-14.847162299478601,1.373995086018214,103.96764733025039,109.5493532495836,5.228348004304433,0.10603341809047623,0.01593064071661288,-0.0013997869371894145,-0.008265407713718207,0.008870070049428911,0.0003781725848679977,0.9749279121818236,-0.22252093395631434,0.8660254037844386,0.5000000000000001
2016-03-31,109.27999877929688,109.69000244140624,109.02999877929688,109.1999969482422,101.739501953125,21447200.0,-0.0014643721213129,94.83999633789062,95.02999877929688,94.31999969482422,94.58999633789062,94.58999633789062,0.0,1.819000005722046,1.8320000171661377,1.7829999923706057,1.7860000133514404,1.7860000133514404,0.0,13.729999542236328,14.279999732971191,13.489999771118164,13.949999809265137,13.949999809265137,0.0,-0.0014643721213129532,0.00603956505748423,-0.0014633004516296788,107.9530014038086,106.9370002746582,103.69300048828126,107.64104988098144,107.78530892782734,106.44365711833524,1.341651809492106,1.2452934120086763,67.30613349741382,87.78754450807071,86.03020647439699,1.562500332615229,-20.537974388389625,1.322995698596153,103.9973537477526,109.87664680156381,5.497903474672721,0.10584753805313195,0.004858375886457396,0.01593064071661288,0.0002799228665092284,-0.0005581578416539538,-0.0018913616470096005,0.43388373911755823,-0.900968867902419,0.8660254037844386,0.5000000000000001
2016-04-01,108.54000091552734,110.4000015258789,108.38999938964844,110.36000061035156,102.8202667236328,26389000.0,0.0105668366152312,94.63999938964844,95.11000061035156,94.33000183105467,94.62000274658205,94.62000274658205,0.0,1.777999997138977,1.8140000104904173,1.7619999647140503,1.7920000553131104,1.7920000553131104,0.0,15.229999542236328,15.279999732971191,13.0,13.100000381469728,13.100000381469728,0.0,0.010566836615231204,0.018518538043820167,0.010622862799207988,108.25200119018557,107.17150039672852,103.82480056762695,107.64649990081786,108.18141534052339,106.73375663626238,1.447658704261002,1.2857664704591414,71.37378163711232,87.90532241955592,87.34200069308817,2.7847609083391767,-0.8988960534640045,1.3720675869986043,103.92515641562862,110.41784437782842,6.058222510802871,0.11011231502210435,-0.0014643721213129532,0.004858375886457396,0.0,0.0015659319493213932,0.0003783565339838965,-0.433883739117558,-0.9009688679024191,1.0,6.123233995736766e-17
2016-04-04,110.36000061035156,110.44000244140624,109.68000030517578,109.94000244140624,102.42894744873048,17163000.0,-0.0038131181220294,94.62000274658205,94.83000183105467,94.41000366210938,94.51000213623048,94.51000213623048,0.0,1.7649999856948853,1.7920000553131104,1.7640000581741333,1.7790000438690186,1.7790000438690186,0.0,13.880000114440918,14.239999771118164,13.65999984741211,14.119999885559082,14.119999885559082,0.0,-0.003813118122029477,0.006886572417789274,-0.003805857418694769,108.46700134277344,107.41750068664551,103.9790005493164,107.66274990081784,108.45196720219766,106.97125632553231,1.4807108766653556,1.3247553517003843,68.07149256880035,88.78934192043954,88.16073628268872,1.9946205655604372,-12.195103796827711,1.3283486262294508,104.11250060785606,110.72250076543496,6.153559815975751,0.10799969383324785,0.010566836615231204,-0.0014643721213129532,-0.0013997869371894145,0.0039042871712986326,-0.006170110119291329,0.0,1.0,1.0,6.123233995736766e-17
2016-04-05,109.08999633789062,109.5,108.73999786376952,108.87999725341795,101.44140625,20107900.0,-0.0096880091177139,94.56999969482422,94.9800033569336,94.4499969482422,94.62999725341795,94.62999725341795,0.0,1.7359999418258667,1.7389999628067017,1.7170000076293943,1.7269999980926514,1.7269999980926514,0.0,15.390000343322754,15.720000267028809,14.93000030517578,15.420000076293944,15.420000076293944,0.0,-0.00968800911771396,0.006966744538852905,-0.009641231539792794,108.54300079345704,107.65400047302248,104.09360046386719,107.67179988861082,108.51781797930849,107.11264454241272,1.4051734368957653,1.3408389687394606,60.467469115650324,82.33606887439169,86.34357773812904,0.70291758003117,-39.89779352653324,1.3191811941871128,104.67236991640003,110.63563102964493,5.539284269086925,0.10990112673846003,-0.003813118122029477,0.010566836615231204,0.01593064071661288,0.0030567039784755007,-0.008318658088648588,0.7818314824680298,0.6234898018587336,1.0,6.123233995736766e-17
2016-04-06,108.98999786376952,110.70999908447266,108.98999786376952,110.66999816894533,103.10909271240234,25056000.0,0.0163062268034786,94.58999633789062,95.06999969482422,94.23999786376952,94.43000030517578,94.43000030517578,0.0,1.7389999628067017,1.77400004863739,1.7319999933242798,1.7549999952316284,1.7549999952316284,0.0,15.609999656677246,15.979999542236328,14.0,14.09000015258789,14.09000015258789,0.0,0.016306226803478607,0.015781275845633377,0.016439898893873428,108.8870002746582,107.94650039672854,104.295400390625,107.68554988861082,108.848922623868,107.37615221845218,1.4727704054158295,1.3672252560747344,67.14236404291374,82.31671434829818,84.48070838104313,3.208052507991738,-0.9569596317445139,1.3556683825347977,104.9877797887807,110.90522100467638,5.481827751847168,0.11988684404760602,-0.00968800911771396,-0.003813118122029477,0.004858375886457396,-0.008265407713718207,0.006412538305255807,0.9749279121818236,-0.22252093395631434,1.0,6.123233995736766e-17
2016-04-07,110.02999877929688,110.2300033569336,108.61000061035156,109.08000183105467,101.6277084350586,28567200.0,-0.0144713614905861,94.4800033569336,94.66999816894533,94.0199966430664,94.4800033569336,94.4800033569336,0.0,1.7380000352859497,1.743000030517578,1.684999942779541,1.690999984741211,1.690999984741211,0.0,15.140000343322754,16.770000457763672,14.68000030517578,16.15999984741211,16.15999984741211,0.0,-0.014471361490586124,0.014723282418929276,-0.014367154616283018,109.06900024414064,108.16750030517578,104.43700042724609,107.69119991302489,108.88447327112749,107.50236330086717,1.3821099702603163,1.370202198911851,57.80576845203865,73.38336669513357,79.34538330594114,1.6968111677945115,-38.99514675632151,1.4059776093961525,105.60918767069485,110.7258129396567,4.7302796630468364,0.1341326183526792,0.016306226803478607,-0.00968800911771396,-0.0014643721213129532,0.0002799228665092284,-0.0015275946010716607,0.43388373911755823,-0.900968867902419,1.0,6.123233995736766e-17
2016-04-08,109.76000213623048,110.0199966430664,108.62000274658205,109.0,101.5531768798828,22898000.0,-0.0007336473448596,94.54000091552734,94.68000030517578,94.08999633789062,94.23999786376952,94.23999786376952,0.0,1.7130000591278076,1.7380000352859497,1.7130000591278076,1.7200000286102295,1.7200000286102295,0.0,15.34000015258789,15.93000030517578,14.84000015258789,15.359999656677246,15.359999656677246,0.0,-0.0007336473448596644,0.012755046184736173,-0.0007333782914471509,109.24300003051759,108.2930004119873,104.53440048217774,107.69644992828368,108.90224661403096,107.61329935265479,1.2889472613761654,1.3539512114047139,57.373462251594795,73.04627586404104,76.24878563582425,1.6222243418935913,-40.90906601981087,1.4055502013310246,105.836961128933,110.74903969504159,4.535915107551916,0.12189857762486804,-0.014471361490586124,0.016306226803478607,0.010566836615231204,0.0,0.017334035220335876,-0.433883739117558,-0.9009688679024191,1.0,6.123233995736766e-17
2016-04-11,109.47000122070312,110.0199966430664,108.58999633789062,108.5999984741211,101.18052673339844,25772100.0,-0.0036762566809126,94.19000244140624,94.33999633789062,93.75,93.9499969482422,93.9499969482422,0.0,1.7359999418258667,1.7549999952316284,1.7130000591278076,1.7239999771118164,1.7239999771118164,0.0,15.34000015258789,16.260000228881836,14.829999923706056,16.260000228881836,16.260000228881836,0.0,-0.0036762566809126597,0.013062942260252185,-0.0036695075224001394,109.39199981689455,108.38950042724609,104.618200378418,107.70094993591309,108.85574690019867,107.6863881764671,1.1693587237315626,1.3170327138700837,55.152545639374594,56.53910246933173,67.65624834283545,1.3910912662487014,-50.478479815872426,1.4072966373199358,106.05322002636188,110.7257808281303,4.310897995977719,0.1231602483461642,-0.0007336473448596644,-0.014471361490586124,-0.003813118122029477,-0.0013997869371894145,0.0016888654665306985,0.0,1.0,1.0,6.123233995736766e-17
2016-04-12,108.68000030517578,109.72000122070312,108.0199966430664,109.51000213623048,102.02831268310548,28564100.0,0.0083440353373787,93.97000122070312,94.38999938964844,93.62999725341795,93.95999908447266,93.95999908447266,0.0,1.756999969482422,1.7829999923706057,1.7480000257492063,1.781000018119812,1.781000018119812,0.0,15.979999542236328,16.56999969482422,14.84000015258789,14.850000381469728,14.850000381469728,0.0,0.008344035337378774,0.015642294560756987,0.008378943825237073,109.45999984741213,108.53350067138672,104.76540039062502,107.70864994049072,108.95640155189587,107.82147069200512,1.1349308598907442,1.2806123430742158,59.0374011591686,59.96813176583977,63.18450336640417,0.6248279828492765,-28.70805886679738,1.4282043473425632,106.30113443635294,110.7658669064205,4.1136906507656965,0.1256899089443812,-0.0036762566809126597,-0.0007336473448596644,-0.00968800911771396,0.01593064071661288,-0.0003753480041383546,0.7818314824680298,0.6234898018587336,1.0,6.123233995736766e-17
2016-04-13,110.3499984741211,111.08000183105467,110.20999908447266,110.91000366210938,103.3327178955078,25356700.0,0.0127037028514899,94.0500030517578,94.8499984741211,94.0,94.73999786376952,94.73999786376952,0.0,1.7920000553131104,1.7949999570846558,1.756999969482422,1.7619999647140503,1.7619999647140503,0.0,14.489999771118164,14.529999732971191,13.600000381469728,13.84000015258789,13.84000015258789,0.0,0.012703702851489949,0.007884030435995403,0.012784737668393387,109.61500015258791,108.70000076293947,104.950400390625,107.73274997711182,109.25695572269794,108.05025091201284,1.2067048106850962,1.265830836596392,64.17844763586507,72.35908010999003,62.955438115053845,1.4173400174717041,-3.7362209873600616,1.4383325864483938,106.27836186155041,111.12163966432853,4.455637321788687,0.12936219935349863,0.008344035337378774,-0.0036762566809126597,0.016306226803478607,0.004858375886457396,0.008870070049428911,0.9749279121818236,-0.22252093395631434,1.0,6.123233995736766e-17
2016-04-14,110.93000030517578,111.33000183105467,110.0,110.91999816894533,103.34198760986328,17199700.0,8.970342392933888e-05,94.80999755859376,95.1999969482422,94.68000030517578,94.9000015258789,94.9000015258789,0.0,1.7949999570846558,1.8040000200271609,1.7710000276565552,1.781000018119812,1.781000018119812,0.0,13.899999618530272,14.119999885559082,13.380000114440918,13.720000267028809,13.720000267028809,0.0,8.970342392933888e-05,0.011989559428430092,8.970744740177672e-05,109.78700027465821,108.87000083923341,105.13580032348632,107.75719997406007,109.51280840673599,108.26282478289673,1.249983623839256,1.2626613940449647,64.21297847449797,86.21419803330362,72.8471366363778,1.5750927369699088,-8.913126045931696,1.4305946753488423,106.32302867017167,111.41697300829516,4.678923761234868,0.1292344204459087,0.012703702851489949,0.008344035337378774,-0.014471361490586124,-0.0014643721213129532,-0.0005581578416539538,0.43388373911755823,-0.900968867902419,1.0,6.123233995736766e-17
2016-04-15,110.83000183105467,111.05999755859376,110.36000061035156,110.63999938964844,103.08114624023438,21353300.0,-0.00252725073587,94.94000244140624,95.0500030517578,94.51000213623048,94.6999969482422,94.6999969482422,0.0,1.7710000276565552,1.781999945640564,1.7400000095367432,1.7519999742507937,1.7519999742507937,0.0,13.770000457763672,14.1899995803833,13.579999923706056,13.619999885559082,13.619999885559082,0.0,-0.00252725073587003,0.0063159517881200816,-0.0025240599262870145,109.81500015258788,109.03350067138675,105.38620025634765,107.77214996337891,109.68622240410713,108.43891179080427,1.247310613302858,1.2595912378965433,62.39823809671084,90.78353163898275,83.11893659409213,0.25371400665850635,-15.00005804975999,1.3784091234126539,106.47217593065247,111.59482541212103,4.69823444163971,0.13010652132179432,8.970342392933888e-05,0.012703702851489949,-0.0007336473448596644,0.010566836615231204,0.0015659319493213932,-0.433883739117558,-0.9009688679024191,1.0,6.123233995736766e-17
2016-04-18,110.31999969482422,111.2699966430664,110.25,111.2300033569336,103.63082122802734,17126100.0,0.0053182821499333,94.6999969482422,94.83000183105467,94.37999725341795,94.48999786376952,94.48999786376952,0.0,1.743000030517578,1.7869999408721924,1.741000056266785,1.7730000019073486,1.7730000019073486,0.0,14.869999885559082,14.9399995803833,13.229999542236328,13.350000381469728,13.350000381469728,0.0,0.00531828214993333,0.00924579990833938,0.00533244931630783,109.94400024414062,109.20550079345705,105.67840026855468,107.78059997558594,109.92372716608043,108.64565931422125,1.278067851859177,1.26328656068907,64.6643838212317,91.02190623409561,89.33987863546065,1.1733680979449481,-3.0210972020214832,1.3528082319593504,106.53604480332041,111.87495678359369,4.888867265368703,0.13054913631341425,-0.00252725073587003,8.970342392933888e-05,-0.0036762566809126597,-0.003813118122029477,0.0039042871712986326,0.0,1.0,1.0,6.123233995736766e-17
2016-04-19,111.44000244140624,111.44000244140624,109.87999725341795,110.5500030517578,102.99728393554688,42481400.0,-0.0061321694572585,94.48999786376952,94.5500030517578,93.93000030517578,93.9800033569336,93.9800033569336,0.0,1.7890000343322754,1.805999994277954,1.7710000276565552,1.7829999923706057,1.7829999923706057,0.0,13.18000030517578,13.880000114440918,12.979999542236328,13.239999771118164,13.239999771118164,0.0,-0.006132169457258527,0.013998610497236058,-0.006113406079128136,110.1110008239746,109.32700080871584,105.96300033569335,107.78204998016359,110.02007730233849,108.78672181329803,1.2333554890404628,1.2573003463593486,60.16394556925226,85.3185049674633,89.04131428018056,1.5338040415751564,-26.023329845828602,1.3676080145328455,106.64440140812604,112.00960020930563,4.90747826382507,0.1332094925008728,0.00531828214993333,-0.00252725073587003,0.008344035337378774,-0.00968800911771396,0.0030567039784755007,0.7818314824680298,0.6234898018587336,1.0,6.123233995736766e-17
2016-04-20,110.5500030517578,111.1500015258789,110.16999816894533,110.63999938964844,103.08114624023438,18078300.0,0.0008138873073253,94.12999725341795,94.58999633789062,93.94000244140624,94.48999786376952,94.48999786376952,0.0,1.777999997138977,1.8539999723434448,1.7660000324249268,1.8539999723434448,1.8539999723434448,0.0,13.390000343322754,13.5,12.5,13.279999732971191,13.279999732971191,0.0,0.000813887307325312,0.008864797194756812,0.0008142186034729715,110.10800094604492,109.49750061035158,106.2420002746582,107.78334999084474,110.11544993115541,108.92400163376843,1.1914482973869838,1.244129936564876,60.55521834696408,82.52123683767452,86.28721601307781,-0.02710651467717025,-23.391862439126363,1.3399219675614695,106.94581278305778,112.04918843764538,4.660723419384744,0.1285501437174224,-0.006132169457258527,0.00531828214993333,0.012703702851489949,0.016306226803478607,-0.008265407713718207,0.9749279121818236,-0.22252093395631434,1.0,6.123233995736766e-17
2016-04-21,110.58000183105467,111.0500030517578,110.1500015258789,110.6500015258789,103.09046173095705,20216000.0,9.036637799620969e-05,94.52999877929688,94.6999969482422,93.91999816894533,94.5999984741211,94.5999984741211,0.0,1.868000030517578,1.8890000581741333,1.8589999675750728,1.870000004768372,1.870000004768372,0.0,13.199999809265137,14.140000343322754,13.15999984741211,13.949999809265137,13.949999809265137,0.0,9.036637799620969e-05,0.008138917625032455,9.037046116033842e-05,110.26500091552737,109.667000579834,106.52400024414062,107.7768999862671,110.19768863803596,109.05185347762846,1.1458351604075006,1.224470981333401,60.60153479341282,75.82846830125814,81.22273670213198,1.4393102937932476,-23.099402811270643,1.308499078869857,107.2972335340626,112.03676762560539,4.3217504504398,0.12857704024179784,0.000813887307325312,-0.006132169457258527,8.970342392933888e-05,-0.014471361490586124,0.0002799228665092284,0.43388373911755823,-0.900968867902419,1.0,6.123233995736766e-17
2016-04-22,109.20999908447266,109.72000122070312,108.12000274658205,108.9800033569336,101.5345687866211,39074000.0,-0.0152075523330253,94.62000274658205,95.1999969482422,94.47000122070312,95.12000274658205,95.12000274658205,0.0,1.871999979019165,1.8969999551773071,1.868000030517578,1.888000011444092,1.888000011444092,0.0,13.699999809265137,14.1899995803833,13.149999618530272,13.220000267028809,13.220000267028809,0.0,-0.015207552333025379,0.014650659166140084,-0.015092501461449248,110.26300125122071,109.75300064086915,106.74320037841797,107.75385002136231,110.01035244094328,109.04653124646586,0.9638211944774184,1.1723410239622045,50.03711099573566,60.52635296969614,72.9586860362096,-0.018345544097620414,-71.92967584051458,1.395749057471786,107.64011118700857,111.86589009472972,3.85026275641304,0.14168156128272796,9.036637799620969e-05,0.000813887307325312,-0.00252725073587003,-0.0007336473448596644,0.0,-0.433883739117558,-0.9009688679024191,1.0,6.123233995736766e-17
2016-04-25,108.6500015258789,108.98999786376952,108.4499969482422,108.9800033569336,101.5345687866211,14351900.0,0.0,95.11000061035156,95.11000061035156,94.68000030517578,94.83999633789062,94.83999633789062,0.0,1.868000030517578,1.906999945640564,1.868000030517578,1.9019999504089355,1.9019999504089355,0.0,14.06999969482422,14.760000228881836,13.859999656677246,14.079999923706056,14.079999923706056,0.0,0.0,0.004970095793313861,0.0,110.30100173950194,109.84650077819823,106.9624005126953,107.7288500213623,109.85183719724948,109.04160325464865,0.8102339426008314,1.0999196076899298,50.03711099573566,44.34708183590006,60.23396770228478,0.34991242002922635,-71.92967584051458,1.334624190190038,108.09074849461794,111.60225306177853,3.196737758857705,0.1414808905734565,-0.015207552333025379,9.036637799620969e-05,0.00531828214993333,-0.0036762566809126597,-0.0013997869371894145,0.0,1.0,1.0,6.123233995736766e-17
2016-04-26,109.20999908447266,109.38999938964844,108.12000274658205,108.4499969482422,101.04076385498048,19118300.0,-0.0048752817362234,94.77999877929688,94.80999755859376,94.20999908447266,94.56999969482422,94.56999969482422,0.0,1.919999957084656,1.940999984741211,1.899999976158142,1.930999994277954,1.930999994277954,0.0,14.010000228881836,14.43000030517578,13.65999984741211,13.960000038146973,13.960000038146973,0.0,-0.004875281736223491,0.011628941065039882,-0.004863416839621992,110.19500122070312,109.8275005340576,107.12680038452149,107.70154998779296,109.63616946663298,108.99778056528521,0.638388901347767,1.0076134664214973,47.02007819746625,22.904578446922862,42.59267108417302,-0.9679528511648045,-87.42691297820225,1.3300079368240634,108.01802858211302,111.6369724860022,3.2951163290536116,0.13098338177945273,0.0,-0.015207552333025379,-0.006132169457258527,0.008344035337378774,0.01593064071661288,0.7818314824680298,0.6234898018587336,1.0,6.123233995736766e-17
2016-04-27,107.33999633789062,107.83000183105467,106.69000244140624,107.58000183105467,100.23020935058594,33059800.0,-0.0080544042037894,94.52999877929688,94.8000030517578,94.1500015258789,94.38999938964844,94.38999938964844,0.0,1.909000039100647,1.9170000553131104,1.8539999723434448,1.8600000143051147,1.8600000143051147,0.0,14.149999618530272,14.949999809265137,13.5,13.770000457763672,13.770000457763672,0.0,-0.008054404203789443,0.010620453032808815,-0.008022054401309764,109.86200103759766,109.73850059509277,107.22840042114258,107.67634998321535,109.31983598423632,108.89275991830517,0.42707606593114633,0.8915059863234271,42.49104415044212,19.793413479013246,29.01502458727872,-3.0024359580761093,-81.26317074424342,1.3607212632534849,107.67494867531074,111.8020525148748,3.760853134664217,0.1324142566754965,-0.004875281736223491,0.0,0.000813887307325312,0.012703702851489949,0.004858375886457396,0.9749279121818236,-0.22252093395631434,1.0,6.123233995736766e-17
2016-04-28,107.6999969482422,108.33000183105467,106.06999969482422,106.27999877929688,99.0189971923828,29818200.0,-0.01215791117839,94.37999725341795,94.58000183105467,93.69000244140624,93.76000213623048,93.76000213623048,0.0,1.843999981880188,1.871999979019165,1.837000012397766,1.838000059127808,1.838000059127808,0.0,14.529999732971191,15.609999656677246,13.300000190734863,15.220000267028809,15.220000267028809,0.0,-0.01215791117839006,0.020984235842797214,-0.012084302387981194,109.39800109863282,109.59250068664552,107.32740036010743,107.64674999237062,108.85216872193794,108.69922205615642,0.1529466657815277,0.7437941222150473,36.78875120788126,11.740170584541348,18.146054170159154,-4.183194614357223,-96.08940452393028,1.4249556113232686,107.01847659304256,112.16652478024848,4.697445678263673,0.13840882643232988,-0.008054404203789443,-0.004875281736223491,9.036637799620969e-05,8.970342392933888e-05,-0.0014643721213129532,0.43388373911755823,-0.900968867902419,1.0,6.123233995736766e-17
2016-04-29,106.27999877929688,106.5,104.87999725341795,105.72000122070312,98.49726104736328,67502800.0,-0.0052829813923702,93.8000030517578,93.8000030517578,93.01000213623048,93.08000183105467,93.08000183105467,0.0,1.8669999837875368,1.8739999532699585,1.819000005722046,1.819000005722046,1.819000005722046,0.0,15.210000038146973,17.09000015258789,14.90999984741211,15.699999809265137,15.699999809265137,0.0,-0.0052829813923702795,0.01524278100478882,-0.005269050988325419,108.9060012817383,109.3605007171631,107.40920043945314,107.61985000610352,108.37029679867105,108.47853903130802,-0.10824223263696808,0.5733868512446442,34.63267267946918,11.817451043571094,14.450345035708562,-4.446853033339433,-87.19507160111301,1.4388875495560385,106.28933373760127,112.43166769672494,5.616592754096355,0.1315669680202396,-0.01215791117839006,-0.008054404203789443,-0.015207552333025379,-0.00252725073587003,0.010566836615231204,-0.433883739117558,-0.9009688679024191,1.0,6.123233995736766e-17
2016-05-02,105.98999786376952,106.87000274658205,105.5500030517578,106.72000122070312,99.42894744873048,24813800.0,0.0094145519182215,93.0199966430664,93.06999969482422,92.54000091552734,92.62999725341795,92.62999725341795,0.0,1.815999984741211,1.8669999837875368,1.815999984741211,1.8650000095367432,1.8650000095367432,0.0,16.329999923706055,16.5,14.479999542236328,14.68000030517578,14.68000030517578,0.0,0.009414551918221504,0.012454002466542758,0.009459008214646625,108.45500106811524,109.19950065612792,107.47800048828127,107.60255001068116,108.11640517129138,108.3482769712632,-0.23187179997182739,0.41233512100134984,41.25374408023812,14.921447552402938,12.826356393505126,-4.054663310364213,-71.95118121774789,1.4303955599323392,105.9253495366691,112.47365177558675,5.996641193020119,0.13758683131135224,-0.0052829813923702795,-0.01215791117839006,0.0,0.00531828214993333,-0.003813118122029477,0.0,1.0,0.8660254037844387,-0.4999999999999998
2016-05-03,105.95999908447266,106.44000244140624,105.4499969482422,105.7300033569336,98.50658416748048,38569400.0,-0.0093199027999365,92.5999984741211,92.98999786376952,91.91999816894533,92.94000244140624,92.94000244140624,0.0,1.8179999589920044,1.8179999589920044,1.781999945640564,1.7999999523162842,1.7999999523162842,0.0,14.920000076293944,16.420000076293945,14.90999984741211,15.600000381469728,15.600000381469728,0.0,-0.009319902799936565,0.009343200280464226,-0.00927660711409628,107.97300109863282,109.04200096130371,107.56100051879882,107.57555004119872,107.74926643062095,108.15433077760916,-0.4050643469882118,0.24885522740343752,37.23293246006782,17.937049016107608,14.891982537360546,-4.360017694949819,-87.04260013281628,1.4189390393986667,105.41869867618541,112.66530324642201,6.645700286450391,0.13730170387767454,0.009414551918221504,-0.0052829813923702795,-0.004875281736223491,-0.006132169457258527,-0.00968800911771396,0.7818314824680298,0.6234898018587336,0.8660254037844387,-0.4999999999999998
2016-05-04,105.08999633789062,105.4800033569336,104.79000091552734,105.0500030517578,97.87305450439452,27474500.0,-0.0064521135202899,92.9800033569336,93.36000061035156,92.8499984741211,93.18000030517578,93.18000030517578,0.0,1.7790000438690186,1.8179999589920044,1.774999976158142,1.784000039100647,1.784000039100647,0.0,15.470000267028809,16.850000381469727,15.390000343322754,16.049999237060547,16.049999237060547,0.0,-0.006452113520289923,0.006565824202597929,-0.006431343330399519,107.41400146484375,108.76100120544433,107.61100051879882,107.54305004119874,107.33399514156507,107.92438057569424,-0.5903854341291748,0.08100709509691506,34.72910993147619,14.972008104055334,15.943501557521959,-5.052418988366013,-96.09019433726984,1.3847292823992083,104.8122246452731,112.70977776561556,7.261383246577834,0.121027595134358,-0.009319902799936565,0.009414551918221504,-0.008054404203789443,0.000813887307325312,0.016306226803478607,0.9749279121818236,-0.22252093395631434,0.8660254037844387,-0.4999999999999998
2016-05-05,105.43000030517578,105.66000366210938,104.80999755859376,105.0199966430664,97.84508514404295,20788100.0,-0.0002858126547923,93.22000122070312,93.86000061035156,93.16999816894533,93.77999877929688,93.77999877929688,0.0,1.7999999523162842,1.8020000457763672,1.7450000047683716,1.746999979019165,1.746999979019165,0.0,15.539999961853027,16.450000762939453,15.220000267028809,15.90999984741211,15.90999984741211,0.0,-0.00028581265479230586,0.00806227924741723,-0.0002857718142464938,106.85100097656252,108.55800094604493,107.64020050048828,107.5077500152588,106.97799537256527,107.70924102512922,-0.7312456525639419,-0.08144345443525634,34.6184796830974,6.775262368443957,13.2281064962023,-5.088120022750972,-96.54141842458202,1.3465347696218084,104.27498321599779,112.84101867609206,7.890745394576423,0.11277536813418834,-0.006452113520289923,-0.009319902799936565,-0.01215791117839006,9.036637799620969e-05,-0.014471361490586124,0.43388373911755823,-0.900968867902419,0.8660254037844387,-0.4999999999999998
2016-05-06,104.5,105.5999984741211,104.4000015258789,105.58000183105467,98.36681365966795,30758500.0,0.0053180235083123,93.73999786376952,93.95999908447266,93.27999877929688,93.88999938964844,93.88999938964844,0.0,1.7419999837875366,1.7860000133514404,1.7050000429153442,1.7790000438690186,1.7790000438690186,0.0,16.200000762939453,16.579999923706055,14.710000038146973,14.720000267028809,14.720000267028809,0.0,0.005318023508312354,0.011483224385092703,0.0053321892955271455,106.51100082397461,108.38700103759767,107.68320053100585,107.47590003967287,106.7629194431021,107.55151960334591,-0.7886001602438029,-0.22287479559696566,38.55258996950818,8.043251009879317,9.930173827459535,-3.11983980652227,-83.23863420851019,1.336067782380407,103.90960893123837,112.86439314395697,8.261861779543416,0.11561317839395138,-0.00028581265479230586,-0.006452113520289923,-0.0052829813923702795,-0.015207552333025379,-0.0007336473448596644,-0.433883739117558,-0.9009688679024191,0.8660254037844387,-0.4999999999999998
2016-05-09,105.58999633789062,106.37000274658205,105.54000091552734,105.87999725341795,98.64633178710938,19289600.0,0.0028375600456334,93.83000183105467,94.1999969482422,93.8000030517578,94.1500015258789,94.1500015258789,0.0,1.77400004863739,1.7769999504089355,1.753000020980835,1.7599999904632568,1.7599999904632568,0.0,15.199999809265137,15.390000343322754,14.170000076293944,14.56999969482422,14.56999969482422,0.0,0.002837560045633443,0.007860610472972034,0.0028415897297284776,106.20100021362305,108.25100097656251,107.75080047607422,107.44730003356935,106.62708526007377,107.42770313298088,-0.800617872907111,-0.33842341105899476,40.614084708372616,14.048603332371972,9.622372236898414,-2.8445641475734167,-78.07413736979187,1.2999202144285709,103.63767428360427,112.86432766952075,8.523388516207945,0.11636677635034696,0.005318023508312354,-0.00028581265479230586,0.009414551918221504,0.0,-0.0036762566809126597,0.0,1.0,0.8660254037844387,-0.4999999999999998
2016-05-10,106.26000213623048,107.37999725341795,106.06999969482422,107.33000183105467,99.99725341796876,21178900.0,0.0136016721277597,94.12999725341795,94.36000061035156,94.02999877929688,94.29000091552734,94.29000091552734,0.0,1.7580000162124634,1.7680000066757202,1.746999979019165,1.7599999904632568,1.7599999904632568,0.0,13.979999542236328,14.350000381469728,13.550000190734863,13.630000114440918,13.630000114440918,0.0,0.013601672127759751,0.012328228235063042,0.01369459569743392,106.0890007019043,108.14200096130372,107.78160049438476,107.42700004577637,106.7352262709939,107.42046599950487,-0.6852397285109646,-0.4077866745493887,49.44286193691881,27.582457758968566,16.55810403373995,-1.0327295054900245,-55.939855144792226,1.314211627683673,103.5509626536699,112.73303926893755,8.490758940694333,0.1234103379423086,0.002837560045633443,0.005318023508312354,-0.009319902799936565,-0.004875281736223491,0.008344035337378774,0.7818314824680298,0.6234898018587336,0.8660254037844387,-0.4999999999999998
2016-05-11,107.16999816894533,107.48999786376952,106.33000183105467,106.36000061035156,99.09352111816406,20966300.0,-0.0090786578051061,94.26000213623048,94.26000213623048,93.68000030517578,93.81999969482422,93.81999969482422,0.0,1.7649999856948853,1.7649999856948853,1.7209999561309814,1.7369999885559082,1.7369999885559082,0.0,13.920000076293944,14.6899995803833,13.289999961853027,14.6899995803833,14.6899995803833,0.0,-0.009078657805106196,0.010823887772081497,-0.009037571222354268,105.96700057983398,107.91450080871583,107.79220046997071,107.39755004882812,106.6774992462797,107.34191300771573,-0.6644137614360375,-0.45911209192671854,44.659646160017225,34.276032550939334,25.30236454742662,-1.134040899738057,-63.15790983259788,1.3031962280430425,103.45185313023143,112.37714848720023,8.270709951009607,0.11527038184934016,0.013601672127759751,0.002837560045633443,-0.006452113520289923,-0.008054404203789443,0.012703702851489949,0.9749279121818236,-0.22252093395631434,0.8660254037844387,-0.4999999999999998
2016-05-12,106.61000061035156,106.73999786376952,105.13999938964844,105.88999938964844,98.6556625366211,29196300.0,-0.0044284308943344,93.8499984741211,94.19000244140624,93.8000030517578,94.13999938964844,94.13999938964844,0.0,1.7480000257492063,1.7649999856948853,1.741000056266785,1.756999969482422,1.756999969482422,0.0,14.550000190734863,15.420000076293944,13.949999809265137,14.40999984741211,14.40999984741211,0.0,-0.004428430894334415,0.01500795858700824,-0.0044186398525575266,105.92800064086914,107.66300086975097,107.7974005126953,107.37475006103516,106.55634542218257,107.23436385082185,-0.6780184286392767,-0.5028933592692302,42.51352199267673,36.920641478086495,32.9263772626648,-0.36695464257420424,-70.14031058835042,1.324396388477188,103.34906109847799,111.97694064102396,8.013783261516037,0.11525057902347259,-0.009078657805106196,0.013601672127759751,-0.00028581265479230586,-0.01215791117839006,8.970342392933888e-05,0.43388373911755823,-0.900968867902419,0.8660254037844387,-0.4999999999999998
2016-05-13,105.8000030517578,106.4499969482422,105.29000091552734,105.5,98.29229736328124,21059300.0,-0.0036899654692346,94.12999725341795,94.8499984741211,94.12000274658205,94.61000061035156,94.61000061035156,0.0,1.7309999465942385,1.7549999952316284,1.7050000429153442,1.7050000429153442,1.7050000429153442,0.0,15.149999618530272,15.470000267028809,13.970000267028809,15.039999961853027,15.039999961853027,0.0,-0.0036899654692346896,0.010964045361580785,-0.003683165912600095,105.90600051879883,107.40600090026857,107.79400054931641,107.3507000732422,106.39383074184678,107.10589245446467,-0.7120617126178814,-0.5447270299389605,40.76304730532694,29.581948871261524,33.59287430009579,-0.20809801188314989,-77.95593296526712,1.312653505922736,103.22854421865493,111.5834575818822,7.77881430571574,0.11535211131019478,-0.004428430894334415,-0.009078657805106196,0.005318023508312354,-0.0052829813923702795,-0.00252725073587003,-0.433883739117558,-0.9009688679024191,0.8660254037844387,-0.4999999999999998
2016-05-16,105.66000366210938,107.20999908447266,105.55999755859376,106.81999969482422,99.52213287353516,18311900.0,0.01243439474637,94.56999969482422,94.68000030517578,94.4000015258789,94.56999969482422,94.56999969482422,0.0,1.722000002861023,1.7549999952316284,1.722000002861023,1.753000020980835,1.753000020980835,0.0,15.720000267028809,15.979999542236328,14.279999732971191,14.68000030517578,14.68000030517578,0.0,0.012434394746370026,0.015616141100614002,0.012512023253546944,105.91600036621094,107.1855007171631,107.83000061035156,107.3269500732422,106.45939519615101,107.08471521300983,-0.6253200168588222,-0.5608456273229329,48.49319741560948,37.827104405159986,34.776564918169335,0.09370171755741563,-38.422443230902516,1.3410353329620162,103.41188227882425,110.95911915550194,7.0412852728962285,0.12408483774499421,-0.0036899654692346896,-0.004428430894334415,0.002837560045633443,0.009414551918221504,0.00531828214993333,0.0,1.0,0.8660254037844387,-0.4999999999999998
2016-05-17,106.7300033569336,107.04000091552734,105.1999969482422,105.4800033569336,98.27367401123048,29932700.0,-0.0126238817870438,94.56999969482422,94.70999908447266,94.33000183105467,94.5500030517578,94.5500030517578,0.0,1.7599999904632568,1.77400004863739,1.7359999418258667,1.758999943733215,1.758999943733215,0.0,14.56999969482422,16.1200008392334,14.479999542236328,15.56999969482422,15.56999969482422,0.0,-0.012623881787043852,0.01723980051918183,-0.012544534831172793,105.89100036621093,106.93200073242188,107.85660064697267,107.30365009307863,106.3087195285791,106.96584766811529,-0.6571281395361837,-0.5801021297655831,42.43877739727244,37.034194764037224,34.814416013486245,-0.2364513308072315,-72.51903951171869,1.3766759496993823,103.43931568469893,110.42468578014484,6.532534739460781,0.1289794156383915,0.012434394746370026,-0.0036899654692346896,0.013601672127759751,-0.009319902799936565,-0.006132169457258527,0.7818314824680298,0.6234898018587336,0.8660254037844387,-0.4999999999999998
2016-05-18,105.23999786376952,106.43000030517578,105.04000091552734,105.86000061035156,98.62772369384766,27524400.0,0.0035962168711247,94.56999969482422,95.2699966430664,94.52999877929688,95.08000183105467,95.08000183105467,0.0,1.781000018119812,1.8819999694824217,1.7790000438690186,1.8799999952316284,1.8799999952316284,0.0,15.720000267028809,16.469999313354492,14.859999656677246,15.949999809265137,15.949999809265137,0.0,0.003596216871124788,0.013207900207749493,0.003602691017501991,105.97200012207031,106.69300079345705,107.8774006652832,107.28035011291504,106.23968584885179,106.8839330712439,-0.6442472223921101,-0.5929311482908886,44.552909015213835,45.43591152150684,40.09907023023468,0.77105905289187,-52.750782692858266,1.3776276239814578,103.64247735932109,109.743524227593,5.718319686295724,0.1302556857453207,-0.012623881787043852,0.012434394746370026,-0.009078657805106196,-0.006452113520289923,0.000813887307325312,0.9749279121818236,-0.22252093395631434,0.8660254037844387,-0.4999999999999998
2016-05-19,105.4499969482422,105.70999908447266,104.54000091552734,105.30999755859376,98.11530303955078,27334600.0,-0.0052090467599281,95.13999938964844,95.5,95.12000274658205,95.29000091552734,95.29000091552734,0.0,1.868000030517578,1.8799999952316284,1.830999970436096,1.8450000286102293,1.8450000286102293,0.0,16.3700008392334,17.649999618530273,16.280000686645508,16.329999923706055,16.329999923706055,0.0,-0.005209046759928174,0.011095288789051177,-0.0051955032024006975,106.00100021362303,106.42600059509279,107.89040054321289,107.25520011901855,106.09665688111978,106.76734525549203,-0.6706883743722472,-0.6084825935071603,42.14039450767318,34.72664083144871,39.06558237233092,0.2761387590907948,-70.5502553010769,1.3735113433273693,103.95379280965795,108.89820838052762,4.645871820065038,0.13037361720357685,0.003596216871124788,-0.012623881787043852,-0.004428430894334415,-0.00028581265479230586,9.036637799620969e-05,0.43388373911755823,-0.900968867902419,0.8660254037844387,-0.4999999999999998
2016-05-20,105.7300033569336,106.9000015258789,105.66999816894533,106.47000122070312,99.1960220336914,29549600.0,0.0109545643275274,95.29000091552734,95.45999908447266,95.16999816894533,95.30999755859376,95.30999755859376,0.0,1.866000056266785,1.866000056266785,1.837000012397766,1.8489999771118164,1.8489999771118164,0.0,16.1299991607666,16.299999237060547,15.109999656677246,15.199999809265137,15.199999809265137,0.0,0.010954564327527472,0.011633437225772281,0.01101478526448596,106.09000015258788,106.30050048828126,107.89000061035156,107.23500011444094,106.1540944718249,106.74531977143359,-0.5912252996086806,-0.6050311347274644,48.47722458444771,47.89644092849961,42.68633109381838,0.8429620896129523,-33.009639220566,1.388975102181496,104.13886834422166,108.46213263234085,4.067021573991361,0.12955296022532142,-0.005209046759928174,0.003596216871124788,-0.0036899654692346896,0.005318023508312354,-0.015207552333025379,-0.433883739117558,-0.9009688679024191,0.8660254037844387,-0.4999999999999998
2016-05-23,106.58999633789062,106.97000122070312,106.2300033569336,106.33000183105467,99.0655746459961,15729800.0,-0.0013159119940901,95.29000091552734,95.4800033569336,95.0999984741211,95.2300033569336,95.2300033569336,0.0,1.8329999446868896,1.8559999465942385,1.825999975204468,1.838000059127808,1.838000059127808,0.0,16.329999923706055,16.469999313354492,15.399999618530272,15.81999969482422,15.81999969482422,0.0,-0.001315911994090131,0.0069424701115828515,-0.001315046561554678,106.13500061035154,106.16800041198731,107.88320068359376,107.20950012207032,106.18115714247564,106.71455547955367,-0.533398337078026,-0.5907045751975768,47.79685115444429,52.96657876803674,45.19655350932835,0.4250137790990469,-37.540369174246855,1.34261958515207,104.41090271219933,107.92509811177528,3.310032576613518,0.12948019029603058,0.010954564327527472,-0.005209046759928174,0.012434394746370026,0.002837560045633443,0.0,0.0,1.0,0.8660254037844387,-0.4999999999999998
2016-05-24,106.91999816894533,108.58999633789062,106.88999938964844,108.45999908447266,101.05006408691406,29931300.0,0.0198340770334939,95.26000213623048,95.66000366210938,95.1999969482422,95.56999969482422,95.56999969482422,0.0,1.8459999561309808,1.8799999952316284,1.83899998664856,1.8589999675750728,1.8589999675750728,0.0,16.030000686645508,16.059999465942383,14.359999656677246,14.420000076293944,14.420000076293944,0.0,0.019834077033493925,0.01589970985180907,0.020032079236499634,106.24800033569336,106.16850051879882,107.91980072021485,107.19750011444093,106.53174821047517,106.84384759843655,-0.31209938796138204,-0.5349835377503378,57.55694179919464,75.44914267206633,58.770720789534224,1.052825150601117,-3.102563588988161,1.4081463652723472,104.40866450536134,107.9283365322363,3.3151754142479795,0.14855757833611613,-0.001315911994090131,0.010954564327527472,-0.012623881787043852,0.013601672127759751,-0.004875281736223491,0.7818314824680298,0.6234898018587336,0.8660254037844387,-0.4999999999999998
2016-05-25,108.87000274658205,109.56999969482422,108.68000030517578,109.23999786376952,101.77677154541016,37951700.0,0.0071658226671092,95.62000274658205,95.66000366210938,95.33000183105467,95.3499984741211,95.3499984741211,0.0,1.8730000257492063,1.875,1.8489999771118164,1.870000004768372,1.870000004768372,0.0,14.1899995803833,14.329999923706056,13.640000343322754,13.899999618530272,13.899999618530272,0.0,0.007165822667109275,0.008174881668002704,0.0071915586107005325,106.53600006103515,106.25150032043457,107.95300064086913,107.1930501174927,106.94840200328969,107.02134021068343,-0.07293820739374723,-0.44257447167901975,60.47146447555818,84.32468361192474,70.91346835067594,2.707782283650774,-6.383016400990771,1.3868502399208626,104.09866430024653,108.40433634062262,4.05233999274457,0.14742623789059262,0.019834077033493925,-0.001315911994090131,0.003596216871124788,-0.009078657805106196,-0.008054404203789443,0.9749279121818236,-0.22252093395631434,0.8660254037844387,-0.4999999999999998
2016-05-26,109.3499984741211,109.6999969482422,109.08999633789062,109.55999755859376,102.07492065429688,21885900.0,0.0029251591513768,95.41999816894533,95.41999816894533,94.94000244140624,95.16999816894533,95.16999816894533,0.0,1.8609999418258667,1.8650000095367432,1.82099997997284,1.8229999542236328,1.8229999542236328,0.0,13.800000190734863,14.109999656677246,13.43000030517578,13.43000030517578,13.43000030517578,0.0,0.002925159151376883,0.005578423583571793,0.0029294416040077653,106.9029998779297,106.41550025939942,107.99380065917968,107.20545009613039,107.35018593487493,107.20938890312124,0.14079703175369218,-0.32590017099247737,61.635407400509685,95.93375048597878,85.23585892332328,3.4658590897150363,-2.7131685520846993,1.3313609806659137,103.80288869523278,109.02811182356606,4.910208677867632,0.1393926222251418,0.007165822667109275,0.019834077033493925,-0.005209046759928174,-0.004428430894334415,-0.01215791117839006,0.43388373911755823,-0.900968867902419,0.8660254037844387,-0.4999999999999998
2016-05-27,109.62999725341795,110.13999938964844,109.61000061035156,110.12999725341795,102.60599517822266,19870000.0,0.0051893036879867,95.13999938964844,95.77999877929688,95.08000183105467,95.5199966430664,95.5199966430664,0.0,1.8270000219345093,1.8559999465942385,1.825000047683716,1.8509999513626096,1.8509999513626096,0.0,13.489999771118164,13.760000228881836,13.039999961853027,13.119999885559082,13.119999885559082,0.0,0.005189303687986729,0.00483443211324491,0.005202791444966159,107.36599960327149,106.63600006103515,108.0490005493164,107.24410007476808,107.77784921465079,107.42573026240248,0.35211895224830414,-0.19029634634432108,63.68656054841958,96.90840180757098,92.38894530182483,4.388622989021758,-0.17860962421160087,1.2776924699793966,103.56615943821858,109.70584068385172,5.757606476348492,0.13755866472226363,0.002925159151376883,0.007165822667109275,0.010954564327527472,-0.0036899654692346896,-0.0052829813923702795,-0.433883739117558,-0.9009688679024191,0.8660254037844387,-0.4999999999999998
2016-05-30,109.62999725341795,110.13999938964844,109.61000061035156,110.12999725341795,102.60599517822266,19870000.0,0.0,95.13999938964844,95.77999877929688,95.08000183105467,95.5199966430664,95.5199966430664,0.0,1.8270000219345093,1.8559999465942385,1.825000047683716,1.8509999513626096,1.8509999513626096,0.0,13.489999771118164,13.760000228881836,13.039999961853027,13.119999885559082,13.119999885559082,0.0,0.0,0.00483443211324491,0.0,107.69699935913087,106.80649986267089,108.0958004760742,107.3024500656128,108.13971814369188,107.62604633581104,0.51367180788084,-0.04950271549928886,63.68656054841958,98.9765373998307,97.27289656446015,3.098668384244637,-0.17860962421160087,1.224285777787788,103.36119234684139,110.25180737850039,6.451494094946258,0.13490124013279414,0.005189303687986729,0.002925159151376883,-0.001315911994090131,0.012434394746370026,0.009414551918221504,0.0,1.0,0.8660254037844387,-0.4999999999999998
2016-05-31,110.27999877929688,110.51000213623048,109.77999877929688,110.33999633789062,102.80164337158205,24366100.0,0.0019049754323337,95.66000366210938,95.88999938964844,95.45999908447266,95.88999938964844,95.88999938964844,0.0,1.8739999532699585,1.8899999856948853,1.8339999914169312,1.8339999914169312,1.8339999914169312,0.0,13.9399995803833,15.0,13.449999809265137,14.1899995803833,14.1899995803833,0.0,0.0019049754323337404,0.006619544477821061,0.001906791050752421,108.18299865722658,107.03699951171875,108.14020034790038,107.36370006561279,108.47822248126091,107.82707966929843,0.6511428119624867,0.09062638999306624,64.49759155529286,98.93170433998239,98.27221451579467,4.60750173140525,-2.8476677316296217,1.1889798905839182,103.29119949815123,110.78279952528626,6.999075143464603,0.12861807246363796,0.0,0.005189303687986729,0.019834077033493925,-0.012623881787043852,-0.009319902799936565,0.7818314824680298,0.6234898018587336,0.8660254037844387,-0.4999999999999998
2016-06-01,110.0,110.5999984741211,109.91000366210938,110.3499984741211,102.81095123291016,19571500.0,9.053785204520368e-05,95.81999969482422,95.9000015258789,95.33999633789062,95.45999908447266,95.45999908447266,0.0,1.830000042915344,1.8489999771118164,1.805999994277954,1.8459999561309808,1.8459999561309808,0.0,14.449999809265137,15.25,14.18000030517578,14.199999809265137,14.199999809265137,0.0,9.053785204520368e-05,0.006272680109197443,9.054195072022431e-05,108.63199844360354,107.3019992828369,108.20260025024413,107.40030006408692,108.766188018624,108.01396254372973,0.7522254748942743,0.22294620697330786,64.53821630485534,97.61610281362981,98.50811485114762,4.241448930551465,-4.125414203269306,1.1533380992573325,103.4013746664067,111.20262389926711,7.270367080763456,0.12486730821080405,0.0019049754323337404,0.0,0.007165822667109275,0.003596216871124788,-0.006452113520289923,0.9749279121818236,-0.22252093395631434,0.49999999999999994,-0.8660254037844387
2016-06-02,110.12999725341795,110.58999633789062,109.52999877929688,110.58000183105467,103.02525329589844,15696600.0,0.002082258958377,95.43000030517578,95.58999633789062,95.1500015258789,95.55999755859376,95.55999755859376,0.0,1.83899998664856,1.840999960899353,1.7970000505447388,1.8109999895095823,1.8109999895095823,0.0,14.420000076293944,14.920000076293944,13.619999885559082,13.630000114440918,13.630000114440918,0.0,0.0020822589583770175,0.009624966721415698,0.002084428365056068,109.15899887084962,107.57999954223631,108.26900024414063,107.42500007629397,109.0452362974595,108.20403952797602,0.8411967694834743,0.3465963194753412,65.5154174041306,97.56564677460179,98.03781797607131,5.004277271518038,-0.3299777412956728,1.1466709177813623,103.57309167376158,111.58690741071104,7.449168777699427,0.12445865263405269,9.053785204520368e-05,0.0019049754323337404,0.002925159151376883,-0.005209046759928174,-0.00028581265479230586,0.43388373911755823,-0.900968867902419,0.49999999999999994,-0.8660254037844387
2016-06-03,110.37000274658205,110.41999816894533,109.33999633789062,110.05999755859376,102.54075622558594,20269900.0,-0.0047137945476624,95.5500030517578,95.63999938964844,93.87000274658205,94.02999877929688,94.02999877929688,0.0,1.7940000295639038,1.7970000505447388,1.6990000009536743,1.7039999961853027,1.7039999961853027,0.0,13.779999732971191,14.65999984741211,12.899999618530272,13.470000267028809,13.470000267028809,0.0,-0.004713794547662498,0.009785284082437402,-0.0047027020542330655,109.51799850463868,107.80399932861326,108.32500015258788,107.44720005035403,109.20135341455708,108.34151790061438,0.8598355139426985,0.4492441583688127,61.3961327186863,95.54456608955184,96.90877189259447,3.3718383551521582,-8.91090978677951,1.15333767316584,103.76707483755038,111.84092381967614,7.48937797522211,0.1266065902600647,0.0020822589583770175,9.053785204520368e-05,0.005189303687986729,0.010954564327527472,0.005318023508312354,-0.433883739117558,-0.9009688679024191,0.49999999999999994,-0.8660254037844387
2016-06-06,110.26000213623048,110.75,110.06999969482422,110.45999908447266,102.91344451904295,12502400.0,0.0036279492060382,93.87000274658205,94.2699966430664,93.75,93.9000015258789,93.9000015258789,0.0,1.7209999561309814,1.7419999837875366,1.7130000591278076,1.7230000495910645,1.7230000495910645,0.0,13.84000015258789,14.270000457763672,13.420000076293944,13.649999618530272,13.649999618530272,0.0,0.0036279492060382066,0.006167243714866019,0.0036345381795030995,109.93099822998049,108.032999420166,108.3920001220703,107.4779500579834,109.3949912099287,108.49844243275203,0.896548777176676,0.5387050821303854,63.30729449038473,95.36306992069217,96.15776092828193,3.884131648920727,-4.669902709848306,1.1202422994687253,103.93644536699226,112.12955347333975,7.5838939493687025,0.12670054627458185,-0.004713794547662498,0.0020822589583770175,0.0,-0.001315911994090131,0.002837560045633443,0.0,1.0,0.49999999999999994,-0.8660254037844387
2016-06-07,110.5199966430664,110.62999725341795,110.12999725341795,110.18000030517578,102.65255737304688,12184300.0,-0.0025382337902319,94.01000213623048,94.08999633789062,93.75,93.83000183105467,93.83000183105467,0.0,1.72599995136261,1.72599995136261,1.7039999961853027,1.7130000591278076,1.7130000591278076,0.0,12.770000457763672,14.050000190734863,12.720000267028809,14.050000190734863,14.050000190734863,0.0,-0.002538233790231905,0.004524068179397362,-0.002535015198600221,110.10299835205079,108.17549934387208,108.41900009155273,107.5236000442505,109.51576183996673,108.62300227515378,0.8927595648129483,0.609515978666898,61.02964620290907,92.41348236769358,94.44037279264586,1.5858392358675242,-9.178740400291419,1.0759392780781023,103.98471699259231,112.36628169515184,7.748117414199234,0.12007698258648644,0.0036279492060382066,-0.004713794547662498,0.0019049754323337404,0.019834077033493925,0.013601672127759751,0.7818314824680298,0.6234898018587336,0.49999999999999994,-0.8660254037844387
2016-06-08,110.37000274658205,110.5999984741211,109.95999908447266,110.37000274658205,102.82958221435548,14568700.0,0.0017230196790821,93.86000061035156,93.87000274658205,93.43000030517578,93.58999633789062,93.58999633789062,0.0,1.715999960899353,1.715999960899353,1.6970000267028809,1.7059999704360962,1.7059999704360962,0.0,13.84000015258789,14.270000457763672,13.699999809265137,14.079999923706056,14.079999923706056,0.0,0.0017230196790821491,0.005798671502418324,0.00172450493040599,110.21599884033205,108.37599945068361,108.43920013427733,107.55595005035401,109.64718351790755,108.7524097174818,0.894773800425753,0.666567543018669,62.027999177135015,92.890366230673,93.5556395063529,1.0344241165417536,-7.480258197841283,1.0448007146188405,104.16727610189571,112.5847227994715,7.766891876652219,0.1136303151295212,-0.002538233790231905,0.0036279492060382066,9.053785204520368e-05,0.007165822667109275,-0.009078657805106196,0.9749279121818236,-0.22252093395631434,0.49999999999999994,-0.8660254037844387
2016-06-09,109.91999816894533,110.30999755859376,109.70999908447266,110.19000244140624,102.6618881225586,17571600.0,-0.0016321273943662,93.5500030517578,94.12000274658205,93.43000030517578,94.0999984741211,94.0999984741211,0.0,1.6759999990463257,1.6829999685287476,1.659000039100647,1.6799999475479126,1.6799999475479126,0.0,14.010000228881836,14.850000381469728,13.989999771118164,14.640000343322754,14.640000343322754,0.0,-0.0016321273943662286,0.005458501493048787,-0.00163079619877593,110.2789993286133,108.5909996032715,108.45900024414063,107.5899500656128,109.73069412152273,108.85889806740214,0.871796054120594,0.707613245239054,60.44809364455216,90.31722189431316,91.87369016422657,0.5750318518175749,-12.389335718927807,1.0173152108681656,104.47877566120412,112.70322354533887,7.573784120398659,0.11200282079581433,0.0017230196790821491,-0.002538233790231905,0.0020822589583770175,0.002925159151376883,-0.004428430894334415,0.43388373911755823,-0.900968867902419,0.49999999999999994,-0.8660254037844387
2016-06-10,109.19000244140624,109.4000015258789,108.55999755859376,108.94000244140624,101.4972915649414,32965000.0,-0.0114088349248859,94.08999633789062,94.70999908447266,94.0500030517578,94.5999984741211,94.5999984741211,0.0,1.6579999923706057,1.6610000133514404,1.6269999742507937,1.6390000581741333,1.6390000581741333,0.0,14.890000343322754,17.329999923706055,14.850000381469728,17.030000686645508,17.030000686645508,0.0,-0.011408834924885997,0.007693048342369135,-0.01134400096194299,110.15999984741214,108.76299972534179,108.43060028076172,107.62385005950928,109.60904924765865,108.86490579880986,0.7441434488487886,0.714919285961001,50.77594771174125,77.74642834559273,86.98467215685963,-1.0805364947693998,-46.891121046452696,1.0610787588641875,104.9159180999264,112.61008135075717,7.074247005195489,0.12024307527787322,-0.0016321273943662286,0.0017230196790821491,-0.004713794547662498,0.005189303687986729,-0.0036899654692346896,-0.433883739117558,-0.9009688679024191,0.49999999999999994,-0.8660254037844387
2016-06-13,108.31999969482422,108.93000030517578,107.88999938964844,108.02999877929688,100.6494369506836,25154700.0,-0.0083885560977254,94.63999938964844,94.75,94.23999786376952,94.37000274658205,94.37000274658205,0.0,1.6390000581741333,1.6399999856948853,1.6100000143051147,1.616000056266785,1.616000056266785,0.0,18.239999771118164,21.01000022888184,17.889999389648438,20.96999931335449,20.96999931335449,0.0,-0.008388556097725422,0.009601190163011397,-0.008353470335859425,109.95000000000002,108.82349967956542,108.39240020751953,107.65320003509521,109.36611840637222,108.80306083440149,0.5630575719707309,0.684546943162947,45.11627546803324,48.53820858136763,72.20061960709117,-1.9068360360427639,-95.10491749051661,1.0602876369280168,105.06811022512498,112.57888913400585,6.901798720861409,0.11806625443223545,-0.011408834924885997,-0.0016321273943662286,0.0036279492060382066,0.0,0.012434394746370026,0.0,1.0,0.49999999999999994,-0.8660254037844387
2016-06-14,107.73999786376952,108.41999816894533,107.23999786376952,108.02999877929688,100.6494369506836,24588500.0,0.0,94.36000061035156,95.02999877929688,94.31999969482422,94.93000030517578,94.93000030517578,0.0,1.590999960899353,1.616000056266785,1.5740000009536743,1.6109999418258667,1.6109999418258667,0.0,21.280000686645508,22.15999984741211,20.270000457763672,20.5,20.5,0.0,0.0,0.010952295605832907,0.0,109.71900024414064,108.95099945068358,108.37540023803712,107.66815002441405,109.16056154066833,108.74579697846782,0.41476456220050295,0.6305904669704582,45.11627546803324,26.83703211847539,51.04055634847858,-2.0935269487592865,-77.49286510760452,1.0688385418028592,105.51390874485162,112.38809015651555,6.30942482980664,0.10738585498388326,-0.008388556097725422,-0.011408834924885997,-0.002538233790231905,0.0019049754323337404,-0.012623881787043852,0.7818314824680298,0.6234898018587336,0.49999999999999994,-0.8660254037844387
2016-06-15,108.29000091552734,108.44000244140624,107.54000091552734,107.72000122070312,100.36062622070312,24605700.0,-0.0028735967161353,94.91000366210938,95.04000091552734,94.36000061035156,94.61000061035156,94.61000061035156,0.0,1.6299999952316284,1.6299999952316284,1.5770000219345093,1.5959999561309814,1.5959999561309814,0.0,20.25,20.450000762939453,18.6299991607666,20.13999938964844,20.13999938964844,0.0,-0.002873596716135305,0.008311030734785448,-0.0028694718890676096,109.45600051879885,109.04399948120118,108.31640029907226,107.68745002746581,108.93893687605829,108.66981210752229,0.26912476853600253,0.5582973272835671,43.21329166197662,13.692506131088395,29.689248943643804,-2.383323325586404,-86.32469900861369,1.0567787549511474,105.8683464719079,112.21965249049447,5.824535094827949,0.10792095670387838,0.0,-0.008388556097725422,0.0017230196790821491,9.053785204520368e-05,0.003596216871124788,0.9749279121818236,-0.22252093395631434,0.49999999999999994,-0.8660254037844387
2016-06-16,107.19000244140624,108.13999938964844,106.5,108.04000091552734,100.65876007080078,32079900.0,0.0029662220564026,94.5999984741211,95.31999969482422,94.20999908447266,94.56999969482422,94.56999969482422,0.0,1.569000005722046,1.5809999704360962,1.5180000066757202,1.5640000104904177,1.5640000104904177,0.0,20.799999237060547,22.88999938964844,19.239999771118164,19.3700008392334,19.3700008392334,0.0,0.002966222056402614,0.01529992865281366,0.0029706256459782754,109.2020004272461,109.18049964904786,108.29560028076172,107.70270004272462,108.80063903597662,108.62315942663378,0.17747960934283924,0.48213378369542154,45.75674385263326,24.139250514416233,21.55626292132667,-2.2969803522050674,-63.76468434053309,1.0984373717152396,106.48175670527391,111.87924259282181,4.943635452207762,0.10569088442208098,-0.002873596716135305,0.0,-0.0016321273943662286,0.0020822589583770175,-0.005209046759928174,0.43388373911755823,-0.900968867902419,0.49999999999999994,-0.8660254037844387
2016-06-17,107.52999877929688,107.68000030517578,106.23999786376952,106.48999786376952,99.47891235351562,29208800.0,-0.011790497721773,94.56999969482422,94.58999633789062,94.06999969482422,94.20999908447266,94.20999908447266,0.0,1.5980000495910645,1.621999979019165,1.5820000171661377,1.618000030517578,1.618000030517578,0.0,19.420000076293945,20.030000686645508,18.709999084472656,19.40999984741211,19.40999984741211,0.0,-0.011790497721773058,0.013391634499706819,-0.011721262177830094,108.84500045776369,109.18149948120117,108.2454002380371,107.70730003356934,108.445155778714,108.4651474590142,-0.01999168030020826,0.3817086908962956,37.090882727955055,18.484617091923226,18.772124579142616,-3.243685057255839,-94.45676537508353,1.148549206003996,106.48697317200767,111.87602579039468,4.935866098189004,0.10886563287446147,0.002966222056402614,-0.002873596716135305,-0.011408834924885997,-0.004713794547662498,0.010954564327527472,-0.433883739117558,-0.9009688679024191,0.49999999999999994,-0.8660254037844387
2016-06-20,107.7300033569336,108.23999786376952,107.08000183105467,107.16000366210938,100.10480499267578,20562800.0,0.0062720015366154,93.77999877929688,93.77999877929688,93.4499969482422,93.61000061035156,93.61000061035156,0.0,1.6729999780654907,1.6820000410079956,1.656000018119812,1.6699999570846558,1.6699999570846558,0.0,17.420000076293945,18.549999237060547,16.59000015258789,18.3700008392334,18.3700008392334,0.0,0.006272001536615496,0.010767622728753822,0.006291711724148552,108.51500091552734,109.2229995727539,108.21660034179686,107.71685005187989,108.24744006846714,108.36847014072495,-0.1210300722578097,0.28116093826547456,42.18779154975838,20.72592742343633,21.116598343258595,-2.987502670391712,-79.60076801407436,1.1915099770037105,106.6928361291969,111.7531630163109,4.633023179100018,0.11083168861408628,-0.011790497721773058,0.002966222056402614,-0.008388556097725422,0.0036279492060382066,-0.001315911994090131,0.0,1.0,0.49999999999999994,-0.8660254037844387
2016-06-21,107.3000030517578,107.72000122070312,107.0999984741211,107.5,100.42244720458984,22804100.0,0.003168072908858,93.61000061035156,94.13999938964844,93.43000030517578,94.0199966430664,94.0199966430664,0.0,1.6799999475479126,1.7059999704360962,1.6610000133514404,1.6970000267028809,1.6970000267028809,0.0,17.670000076293945,18.959999084472656,16.90999984741211,18.479999542236328,18.479999542236328,0.0,0.003168072908858089,0.005778217417971214,0.00317309655552811,108.24700088500975,109.17499961853026,108.17640029907227,107.72190006256105,108.13244928870296,108.30413901918978,-0.17168973048681835,0.19059080451501598,44.63898549316997,17.96013882897605,19.05689444811187,-2.432383642905006,-72.06205012391393,1.1506880319735908,106.54926938974212,111.80072984731841,4.810130960316446,0.08512143143165891,0.006272001536615496,-0.011790497721773058,0.0,-0.002538233790231905,0.019834077033493925,0.7818314824680298,0.6234898018587336,0.49999999999999994,-0.8660254037844387
2016-06-22,107.55999755859376,108.19000244140624,107.1500015258789,107.23999786376952,100.17953491210938,22724200.0,-0.0024218346064821,94.0500030517578,94.12000274658205,93.41999816894533,93.72000122070312,93.72000122070312,0.0,1.7029999494552612,1.7109999656677246,1.6799999475479126,1.684999942779541,1.684999942779541,0.0,18.26000022888184,21.21999931335449,17.829999923706055,21.170000076293945,21.170000076293945,0.0,-0.0024218346064821673,0.009669030672493133,-0.002418904331076388,107.9340003967285,109.0749996185303,108.10300018310548,107.72265007019044,107.99514906948244,108.2253137484179,-0.23016467893546633,0.10643970782491952,43.132884892664556,23.503373453892504,20.72981323543496,-2.8359199102307344,-77.82706150033417,1.1427818093702866,106.31099457693583,111.83900466012477,5.068081689224975,0.08063630848139733,0.003168072908858089,0.006272001536615496,-0.002873596716135305,0.0017230196790821491,0.007165822667109275,0.9749279121818236,-0.22252093395631434,0.49999999999999994,-0.8660254037844387
2016-06-23,108.06999969482422,108.79000091552734,107.62000274658205,108.7699966430664,101.60882568359376,18714200.0,0.0141664729398426,93.5,93.61000061035156,93.0199966430664,93.52999877929688,93.52999877929688,0.0,1.7389999628067017,1.7480000257492063,1.7079999446868896,1.7389999628067017,1.7389999628067017,0.0,19.540000915527344,19.790000915527344,17.25,17.25,17.25,0.0,0.01416647293984262,0.01082629936383106,0.014267292942998333,107.79199981689452,109.03549957275393,108.06000015258789,107.73085006713869,108.11435638849535,108.26566062950297,-0.1513042410076224,0.054890918058411134,53.150103528591444,35.40279857111047,25.622103617993005,-1.288688417168264,-43.90249266242046,1.1718690409693966,106.27810617649772,111.79289296901015,5.057790182208224,0.09592983812112743,-0.0024218346064821673,0.003168072908858089,0.002966222056402614,-0.0016321273943662286,0.002925159151376883,0.43388373911755823,-0.900968867902419,0.49999999999999994,-0.8660254037844387
2016-06-24,104.9000015258789,106.5,104.05999755859376,104.29000091552734,97.42377471923828,68012700.0,-0.0420601238470073,93.4499969482422,96.6999969482422,93.4499969482422,95.4499969482422,95.4499969482422,0.0,1.5260000228881836,1.587000012397766,1.5260000228881836,1.5789999961853027,1.5789999961853027,0.0,26.059999465942383,26.239999771118164,19.479999542236328,25.76000022888184,25.76000022888184,0.0,-0.04206012384700734,0.023260270790408762,-0.04118786863443913,107.32699966430664,108.74349975585938,107.93300018310546,107.72555007934572,107.52599400803874,107.97116731735663,-0.44517330931789445,-0.04512192741684998,34.1699000710511,27.25708604324826,28.721086022750413,-4.268405931402389,-96.49918770750058,1.4245926155053428,105.31815024331748,112.16884926840127,6.299869914490834,0.1747606948550356,0.01416647293984262,-0.0024218346064821673,-0.011790497721773058,-0.011408834924885997,0.005189303687986729,-0.433883739117558,-0.9009688679024191,0.49999999999999994,-0.8660254037844387
2016-06-27,103.5999984741211,103.5999984741211,101.75,102.22000122070312,95.49004364013672,48222600.0,-0.0200482875145196,95.52999877929688,96.70999908447266,95.52999877929688,96.54000091552734,96.54000091552734,0.0,1.4700000286102295,1.4900000095367432,1.4500000476837158,1.4600000381469729,1.4600000381469729,0.0,24.3799991607666,26.71999931335449,22.93000030517578,23.850000381469727,23.850000381469727,0.0,-0.02004828751451965,0.01785712839159179,-0.01984865690817572,106.74599990844727,108.34799995422364,107.75280014038087,107.70825008392336,106.70968742537173,107.54515501390082,-0.8354675885290987,-0.20319105963929973,29.01422954079893,21.636356267422652,28.098746960593793,-5.37813350388299,-94.689250827811,1.5042646369354857,103.91755272575523,112.77844718269205,8.17817999472117,0.18500700627861247,-0.04206012384700734,0.01416647293984262,0.006272001536615496,-0.008388556097725422,0.0,0.0,1.0,0.49999999999999994,-0.8660254037844387
2016-06-28,103.3499984741211,104.51000213623048,103.3000030517578,104.45999908447266,97.5825653076172,28260600.0,0.0216768563441577,96.41000366210938,96.41000366210938,95.7699966430664,96.25,96.25,0.0,1.4780000448226929,1.4830000400543213,1.4500000476837158,1.4609999656677246,1.4609999656677246,0.0,21.76000022888184,22.06999969482422,18.75,18.75,18.75,0.0,0.021676856344157763,0.011707780380622543,0.021913506243293357,106.38899993896484,108.05400009155275,107.63100006103515,107.7100500869751,106.36358152677187,107.3166249450543,-0.9530434182824337,-0.35316153136792655,39.629441019816895,13.490146101136208,20.79452947060237,-3.304637355516088,-68.3411231612798,1.5603886568349052,103.40513197020974,112.70286821289577,8.604712675891848,0.20502976508266157,-0.02004828751451965,-0.04206012384700734,0.003168072908858089,0.0,0.0019049754323337404,0.7818314824680298,0.6234898018587336,0.49999999999999994,-0.8660254037844387
2016-06-29,105.27999877929688,106.52999877929688,105.2300033569336,106.30999755859376,99.31077575683594,31356700.0,0.0175552390334413,96.04000091552734,96.1999969482422,95.58999633789062,95.7699966430664,95.7699966430664,0.0,1.465000033378601,1.4800000190734863,1.4559999704360962,1.4769999980926514,1.4769999980926514,0.0,18.1200008392334,18.270000457763672,16.479999542236328,16.639999389648438,16.639999389648438,0.0,0.017555239033441347,0.012347980978690162,0.017710237927961447,106.24799957275391,107.85200004577638,107.54440002441405,107.72070007324218,106.35533783935985,107.24205995346463,-0.886722114104785,-0.4598736479152983,46.71639193555171,32.19247511496942,22.439659161176092,-1.308952512189878,-40.392200666000946,1.5967894452627134,103.27262439910913,112.43137569244362,8.491962401668191,0.21709268616031097,0.021676856344157763,-0.02004828751451965,-0.0024218346064821673,-0.002873596716135305,9.053785204520368e-05,0.9749279121818236,-0.22252093395631434,0.49999999999999994,-0.8660254037844387
2016-06-30,106.48999786376952,107.61000061035156,106.12999725341795,107.54000091552734,100.45978546142578,36300800.0,0.0115034204052191,95.66999816894533,96.41999816894533,95.44000244140624,96.13999938964844,96.13999938964844,0.0,1.503999948501587,1.5119999647140503,1.4550000429153442,1.4880000352859497,1.4880000352859497,0.0,16.90999984741211,16.989999771118164,15.289999961853027,15.630000114440918,15.630000114440918,0.0,0.011503420405219126,0.013898050395558708,0.011569839182438812,106.19799957275391,107.7,107.48220001220702,107.73940006256103,106.53759369723177,107.26412965435817,-0.7265359571264014,-0.5132061097575189,50.84778864399933,57.30245133998499,34.32835751869687,-0.4627915547602895,-19.359322152764268,1.5884475818106343,103.30373350559708,112.09626649440293,8.163911781621026,0.221812483199505,0.017555239033441347,0.021676856344157763,0.01416647293984262,0.002966222056402614,0.0020822589583770175,0.43388373911755823,-0.900968867902419,0.49999999999999994,-0.8660254037844387
2016-07-01,107.48999786376952,108.4800033569336,107.4499969482422,108.08000183105467,100.96424865722656,19902800.0,0.0050089777294965,95.88999938964844,96.08000183105467,95.41000366210938,95.6500015258789,95.6500015258789,0.0,1.4290000200271606,1.4730000495910645,1.4140000343322754,1.4559999704360962,1.4559999704360962,0.0,15.59000015258789,15.859999656677246,14.609999656677246,14.770000457763672,14.770000457763672,0.0,0.005008977729496554,0.009582346536063753,0.005021543630455927,106.35699996948243,107.60100021362305,107.46419998168945,107.7652000808716,106.77488725628146,107.32456463040977,-0.5496773741283079,-0.5205003626316766,52.58592343841964,76.72108807490123,55.40533817661854,1.4931016989212602,-10.085212956531088,1.5485589265878312,103.34145243832853,111.86054798891757,7.917301450428771,0.22248895108189667,0.011503420405219126,0.017555239033441347,-0.04206012384700734,-0.011790497721773058,-0.004713794547662498,-0.433883739117558,-0.9009688679024191,1.2246467991473532e-16,-1.0
2016-07-04,107.48999786376952,108.4800033569336,107.4499969482422,108.08000183105467,100.96424865722656,19902800.0,0.0,95.88999938964844,96.08000183105467,95.41000366210938,95.6500015258789,95.6500015258789,0.0,1.4290000200271606,1.4730000495910645,1.4140000343322754,1.4559999704360962,1.4559999704360962,0.0,15.59000015258789,15.859999656677246,14.609999656677246,14.770000457763672,14.770000457763672,0.0,0.0,0.009582346536063753,0.0,106.44899978637694,107.48200035095216,107.44619995117188,107.80565010070802,106.97567411393888,107.38052294156866,-0.4048488276297775,-0.4973700556312969,52.585923438419634,86.82341731139118,73.61565224209247,0.8585275639278461,-10.085212956531088,1.5115194610237999,103.43087580019639,111.53312490170794,7.538238100385122,0.2219087233817888,0.005008977729496554,0.011503420405219126,-0.02004828751451965,0.006272001536615496,0.0036279492060382066,0.0,1.0,1.2246467991473532e-16,-1.0
2016-07-05,107.51000213623048,107.66000366210938,106.83999633789062,107.41999816894533,100.3477020263672,21167900.0,-0.0061253050945817,95.5500030517578,96.25,95.33999633789062,96.16999816894533,96.16999816894533,0.0,1.4019999504089355,1.4049999713897705,1.3569999933242798,1.3669999837875366,1.3669999837875366,0.0,16.049999237060547,16.6200008392334,15.489999771118164,15.579999923706056,15.579999923706056,0.0,-0.006125305094581771,0.007627265444378691,-0.006106583657672138,106.4409996032715,107.34400024414063,107.42559997558594,107.84540008544921,107.04403166086294,107.38344703248545,-0.3394153716225077,-0.46577911882953904,50.075830683382904,86.78977011033354,83.4447584988753,-0.07442030795783562,-19.460263755937234,1.492125606176675,103.49695331037773,111.19104717790353,7.167698101455629,0.22261210768491843,0.0,0.005008977729496554,0.021676856344157763,0.003168072908858089,-0.002538233790231905,0.7818314824680298,0.6234898018587336,1.2246467991473532e-16,-1.0
2016-07-06,106.91000366210938,108.3499984741211,106.56999969482422,108.3000030517578,101.16973114013672,24579300.0,0.0081584373160763,96.26000213623048,96.5,95.9800033569336,96.05999755859376,96.05999755859376,0.0,1.3359999656677246,1.3949999809265137,1.3359999656677246,1.3849999904632568,1.3849999904632568,0.0,15.869999885559082,17.040000915527344,14.960000038146973,14.960000038146973,14.960000038146973,0.0,0.008158437316076326,0.01664950629805034,0.008191808055091565,106.5470001220703,107.24050025939941,107.44,107.87810009002685,107.23725802869292,107.45134007095007,-0.21408204225714655,-0.41543970351506054,53.278143659130706,87.83144242137871,87.14820994770113,0.9884420077430817,-6.960196023395559,1.5126879756852607,103.63226659583171,110.84873392296711,6.729236911129474,0.22486871025410501,-0.006125305094581771,0.0,0.017555239033441347,-0.0024218346064821673,0.0017230196790821491,0.9749279121818236,-0.22252093395631434,1.2246467991473532e-16,-1.0
2016-07-07,108.4000015258789,108.86000061035156,108.11000061035156,108.62000274658205,101.46868133544922,19161700.0,0.0029505798880545,96.13999938964844,96.33999633789062,95.91999816894533,96.33000183105467,96.33000183105467,0.0,1.3930000066757202,1.4220000505447388,1.3700000047683716,1.3869999647140503,1.3869999647140503,0.0,14.800000190734863,15.979999542236328,14.329999923706056,14.760000228881836,14.760000228881836,0.0,0.002950579888054596,0.006918819090799999,0.002954937133305302,106.53200073242188,107.16200027465821,107.4868000793457,107.91010009765624,107.44998798529124,107.53790767655244,-0.0879196912611917,-0.34993570106428684,54.42299186067942,90.06801437656972,88.22974230276066,-0.1379000653797687,-3.3754970909580573,1.4582102631363136,103.76162468084718,110.56237586846925,6.346233898388997,0.22523556299519834,0.008158437316076326,-0.006125305094581771,0.011503420405219126,0.01416647293984262,-0.0016321273943662286,0.43388373911755823,-0.900968867902419,1.2246467991473532e-16,-1.0
2016-07-08,109.1999969482422,110.36000061035156,109.0199966430664,110.3000030517578,103.0380859375,29457900.0,0.0153484936698819,96.29000091552734,96.6999969482422,95.83000183105467,96.3000030517578,96.3000030517578,0.0,1.3899999856948853,1.440999984741211,1.3650000095367432,1.366000056266785,1.366000056266785,0.0,14.640000343322754,14.75,13.1899995803833,13.199999809265137,13.199999809265137,0.0,0.015348493669881912,0.012271098944446687,0.015466886741756669,107.13300094604493,107.23000030517579,107.5784001159668,107.94155010223389,107.88845184167072,107.74250733397506,0.1459445076956598,-0.25075965931229754,59.96886801932756,96.32249039300633,91.40731573031825,5.762778869949793,-0.6968357066273745,1.4783379488958281,103.631303991778,110.82869661857359,6.712107251992785,0.22818696199220267,0.002950579888054596,0.008158437316076326,0.005008977729496554,-0.04206012384700734,-0.011408834924885997,-0.433883739117558,-0.9009688679024191,1.2246467991473532e-16,-1.0
2016-07-11,110.66999816894533,111.33999633789062,110.66000366210938,110.93000030517578,103.6266098022461,20218500.0,0.0056954619513584,96.27999877929688,96.79000091552734,96.2699966430664,96.56999969482422,96.56999969482422,0.0,1.406999945640564,1.434000015258789,1.3899999856948853,1.434000015258789,1.434000015258789,0.0,13.25,13.670000076293944,13.0,13.539999961853027,13.539999961853027,0.0,0.00569546195135849,0.006144327162120258,0.0057117119305096775,108.0040008544922,107.37500038146975,107.66260009765625,107.96870010375979,108.35638237451764,107.97861792443437,0.3777644500832622,-0.1250548374331856,61.84387379523724,97.21747339392593,94.53599272116732,8.520836412109704,-4.275247020636764,1.447027615841328,103.42411976037435,111.32588100256514,7.35903256262473,0.22617081691544452,0.015348493669881912,0.002950579888054596,0.0,-0.02004828751451965,-0.008388556097725422,0.0,1.0,1.2246467991473532e-16,-1.0
2016-07-12,111.61000061035156,111.79000091552734,111.33999633789062,111.48999786376952,104.14971923828124,21906100.0,0.0050353237417804,96.5500030517578,96.63999938964844,96.06999969482422,96.44000244140624,96.44000244140624,0.0,1.4739999771118164,1.531000018119812,1.4709999561309814,1.5130000114440918,1.5130000114440918,0.0,12.93000030517578,13.93000030517578,12.75,13.550000190734863,13.550000190734863,0.0,0.005035323741780441,0.004031937775968275,0.005048022289191989,108.70700073242188,107.54800033569337,107.77779998779297,108.00115009307865,108.83847706517177,108.2387201421629,0.5997569230088686,0.01990751465522525,63.48126561992296,97.34661311348447,96.9621923001389,6.729847636330133,-2.988077932282429,1.4050971154492018,103.19392116698273,111.90207950440401,8.096996978316843,0.22644651637605273,0.00569546195135849,0.015348493669881912,-0.006125305094581771,0.021676856344157763,0.0,0.7818314824680298,0.6234898018587336,1.2246467991473532e-16,-1.0
2016-07-13,111.75,111.81999969482422,111.20999908447266,111.22000122070312,103.89751434326172,21107800.0,-0.0024244976894922,96.51000213623048,96.5999984741211,96.08999633789062,96.22000122070312,96.22000122070312,0.0,1.47599995136261,1.4809999465942385,1.4589999914169312,1.468000054359436,1.468000054359436,0.0,13.31999969482422,13.789999961853027,12.920000076293944,13.039999961853027,13.039999961853027,0.0,-0.0024244976894922006,0.005458618437150447,-0.002421560968805969,109.1980010986328,107.72300033569337,107.90119995117188,108.02910011291507,109.20486539679199,108.45955577761032,0.7453096191816684,0.1649879355605139,62.0976345287832,95.59279935430892,96.71896195390643,4.618571888691057,-5.958276984154043,1.3483045079422276,103.06881078263093,112.37718988875581,8.641032163156895,0.22633154958539398,0.005035323741780441,0.00569546195135849,0.008158437316076326,0.017555239033441347,-0.002873596716135305,0.9749279121818236,-0.22252093395631434,1.2246467991473532e-16,-1.0
2016-07-14,111.95999908447266,112.19000244140624,111.6999969482422,111.9800033569336,104.6074676513672,20871000.0,0.0068099672729553,96.2699966430664,96.37000274658205,95.83000183105467,96.08000183105467,96.08000183105467,0.0,1.5199999809265137,1.5509999990463257,1.5199999809265137,1.531000018119812,1.531000018119812,0.0,12.5,13.369999885559082,12.140000343322754,12.81999969482422,12.81999969482422,0.0,0.006809967272955373,0.004376612157654003,0.006833207825934107,109.64200134277345,107.92000045776368,108.04040008544922,108.05875011444095,109.63180969835223,108.720329672375,0.9114800259772267,0.3142863536438565,64.44670336777237,96.34738669016573,96.42893305265304,4.12869853413324,-2.0114850130662942,1.321282844568005,102.89087609590297,112.94912481962439,9.32009699875593,0.2270198112258387,-0.0024244976894922006,0.005035323741780441,0.002950579888054596,0.011503420405219126,0.002966222056402614,0.43388373911755823,-0.900968867902419,1.2246467991473532e-16,-1.0
2016-07-15,112.23999786376952,112.3000030517578,111.5500030517578,111.8000030517578,104.4393081665039,17999300.0,-0.001608821953614,96.12999725341795,96.7300033569336,95.91000366210938,96.58000183105467,96.58000183105467,0.0,1.5390000343322754,1.60099995136261,1.5360000133514404,1.593999981880188,1.593999981880188,0.0,13.119999885559082,13.220000267028809,12.270000457763672,12.670000076293944,12.670000076293944,0.0,-0.0016088219536140333,0.006682109891968343,-0.001607528493316912,110.01400146484377,108.1855007171631,108.16480010986328,108.08510013580326,109.96537790656848,108.94845362640335,1.016924280165128,0.4548139389481108,63.44379400201575,95.49156081574137,95.81058228673866,3.4418959638047077,-5.555555555555558,1.2804769270988619,102.91917989559899,113.4518215387272,9.735723893966563,0.2216758126170013,0.006809967272955373,-0.0024244976894922006,0.015348493669881912,0.005008977729496554,-0.011790497721773058,-0.433883739117558,-0.9009688679024191,1.2246467991473532e-16,-1.0
2016-07-18,111.87000274658205,112.73999786376952,111.8499984741211,112.54000091552734,105.13058471679688,20713900.0,0.0065971218281994,96.58999633789062,96.70999908447266,96.47000122070312,96.55999755859376,96.55999755859376,0.0,1.5770000219345093,1.6039999723434448,1.555999994277954,1.587000012397766,1.587000012397766,0.0,12.75,13.119999885559082,12.329999923706056,12.4399995803833,12.4399995803833,0.0,0.006597121828199434,0.007955657171695343,0.006618930768776066,110.46000137329104,108.454500579834,108.29800018310547,108.11385013580325,110.36147375410061,109.21449416633847,1.1469795877621465,0.5932470687109179,65.80007987713155,96.5899607579544,96.14296942128715,4.126571991962325,-2.663077157514926,1.256156776021209,102.86880549563938,114.04019566402863,10.300531659509994,0.22175348037124382,-0.0016088219536140333,0.006809967272955373,0.00569546195135849,0.0,0.006272001536615496,0.0,1.0,1.2246467991473532e-16,-1.0
2016-07-19,112.1500015258789,112.4800033569336,111.93000030517578,112.12999725341795,104.74757385253906,18936700.0,-0.0036498441958336,96.54000091552734,97.1500015258789,96.5199966430664,97.0500030517578,97.0500030517578,0.0,1.5529999732971191,1.5750000476837158,1.5460000038146973,1.5579999685287476,1.5579999685287476,0.0,12.529999732971191,12.829999923706056,11.9399995803833,11.970000267028809,11.970000267028809,0.0,-0.003649844195833626,0.0049041733773931145,-0.0036431916106010043,110.9310012817383,108.6860004425049,108.39400009155274,108.14400012969973,110.63355429245712,109.43045735797399,1.2030969344831277,0.7152170418653598,63.363136253873186,94.1843057167951,95.42194243016363,4.384657572852453,-9.22845013654422,1.2100027641876627,102.88715643453097,114.48484445047885,10.670820500091066,0.22277860586522072,0.006597121828199434,-0.0016088219536140333,0.005035323741780441,-0.006125305094581771,0.003168072908858089,0.7818314824680298,0.6234898018587336,1.2246467991473532e-16,-1.0
2016-07-20,112.73999786376952,113.6500015258789,112.5999984741211,113.44000244140624,105.97134399414062,24997900.0,0.0116153206640471,97.05999755859376,97.31999969482422,96.98999786376952,97.1999969482422,97.1999969482422,0.0,1.5679999589920044,1.5959999561309814,1.565999984741211,1.5800000429153442,1.5800000429153442,0.0,11.9399995803833,11.970000267028809,11.399999618530272,11.770000457763672,11.770000457763672,0.0,0.011615320664047175,0.009313491854298188,0.011683040442773018,111.44500122070315,108.99600067138674,108.53560012817384,108.18155014038088,111.06531554614159,109.72746069748749,1.3378548486541035,0.8397446032231086,67.50423672029379,95.04746156976759,95.27390934817235,4.746075018291526,-2.9660879966381004,1.232145729064326,102.869029755036,115.12297158773748,11.242560972164503,0.22455776255016824,-0.003649844195833626,0.006597121828199434,-0.0024244976894922006,0.008158437316076326,-0.0024218346064821673,0.9749279121818236,-0.22252093395631434,1.2246467991473532e-16,-1.0
2016-07-21,113.5199966430664,113.73999786376952,112.87000274658205,113.18000030517578,105.7284698486328,18885400.0,-0.0022945154996235,97.12999725341795,97.20999908447266,96.7300033569336,97.0,97.0,0.0,1.60099995136261,1.628000020980835,1.562999963760376,1.565000057220459,1.565000057220459,0.0,11.800000190734863,13.0600004196167,11.6899995803833,12.739999771118164,12.739999771118164,0.0,-0.0022945154996235387,0.007663804993960148,-0.002291885111141534,111.90100097656251,109.2165008544922,108.68140014648439,108.20910015106202,111.39065166291608,109.98320437213107,1.407447290785015,0.9532851407354901,65.91184636255292,93.33172438050411,94.18783055568893,4.198119539024985,-7.810288725305369,1.2062778282159792,102.81261571142923,115.62038599755516,11.726955346417446,0.22109193717125464,0.011615320664047175,-0.003649844195833626,0.006809967272955373,0.002950579888054596,0.01416647293984262,0.43388373911755823,-0.900968867902419,1.2246467991473532e-16,-1.0
2016-07-22,113.26000213623048,113.77999877929688,112.91000366210938,113.6500015258789,106.1675262451172,20003400.0,0.0041440804254837,96.91999816894533,97.54000091552734,96.83000183105467,97.47000122070312,97.47000122070312,0.0,1.5850000381469729,1.5989999771118164,1.5440000295639038,1.5700000524520874,1.5700000524520874,0.0,12.800000190734863,12.880000114440918,11.970000267028809,12.020000457763672,12.020000457763672,0.0,0.004144080425483732,0.007681397675951476,0.0041526790003958425,112.23600082397463,109.68450088500977,108.84440017700196,108.23675014495848,111.73824394952574,110.25481897611239,1.4834249734133493,1.059313107271062,67.40852736312313,95.80686994185311,94.72868529737494,3.0371698834397454,-1.8030134524972263,1.182257634571088,103.43021672167767,115.93878504834187,11.404134791822452,0.1476309334421732,-0.0022945154996235387,0.011615320664047175,-0.0016088219536140333,0.015348493669881912,-0.04206012384700734,-0.433883739117558,-0.9009688679024191,1.2246467991473532e-16,-1.0
2016-07-25,113.55999755859376,113.69000244140624,113.27999877929688,113.66000366210938,106.1768569946289,12968100.0,8.788317708583487e-05,97.3499984741211,97.56999969482422,97.22000122070312,97.29000091552734,97.29000091552734,0.0,1.5839999914169312,1.5839999914169312,1.5540000200271606,1.5709999799728394,1.5709999799728394,0.0,12.640000343322754,13.720000267028809,12.390000343322754,12.869999885559082,12.869999885559082,0.0,8.788317708583487e-05,0.003610458532264501,8.788703892537164e-05,112.50900115966797,110.25650100708009,108.98120025634766,108.26135017395019,112.03389928992323,110.50705487877883,1.5268444111443955,1.1528193680457288,67.44128944013381,96.24080342374444,95.12646591536722,2.4610144680638,-1.6642875509640498,1.1270966365381077,104.84027745033711,115.67272456382307,9.824769527912329,0.1178973656415463,0.004144080425483732,-0.0022945154996235387,0.006597121828199434,0.00569546195135849,-0.02004828751451965,0.0,1.0,1.2246467991473532e-16,-1.0
2016-07-26,113.62000274658205,114.1999969482422,113.22000122070312,113.79000091552734,106.29828643798828,21223800.0,0.0011429991726818,97.27999877929688,97.31999969482422,96.8499984741211,97.16000366210938,97.16000366210938,0.0,1.559000015258789,1.587000012397766,1.5490000247955322,1.562999963760376,1.562999963760376,0.0,12.880000114440918,13.5,12.800000190734863,13.050000190734863,13.050000190734863,0.0,0.0011429991726818417,0.008625204223281514,0.0011436526451853446,112.73900146484377,110.7230010986328,109.14740020751954,108.28940017700195,112.3040687707854,110.75023606668613,1.5538327040992783,1.2330220352564387,67.89303387067315,96.60013732693288,96.21593689751015,2.0629680651426847,-6.732287015740079,1.1165894287524627,105.82665962802508,115.61934256924053,8.844307726532861,0.1014616489189598,8.788317708583487e-05,0.004144080425483732,-0.003649844195833626,0.005035323741780441,0.021676856344157763,0.7818314824680298,0.6234898018587336,1.2246467991473532e-16,-1.0
2016-07-27,114.75,114.87999725341795,114.0999984741211,114.58000183105467,107.03628540039062,27646100.0,0.0069187277051909,97.12999725341795,97.52999877929688,96.66999816894533,97.0500030517578,97.0500030517578,0.0,1.5700000524520874,1.5700000524520874,1.5110000371932983,1.5149999856948853,1.5149999856948853,0.0,12.609999656677246,13.739999771118164,12.5,12.829999923706056,12.829999923706056,0.0,0.0069187277051909355,0.006797374982979179,0.006942717395852505,113.07500152587892,111.13650131225586,109.3218002319336,108.3247002029419,112.65421231851914,111.03392241960232,1.6202898989168233,1.3104756079885158,70.56577172693257,95.4946833860867,96.11187471225466,3.0210398970271712,-5.119375275035754,1.1146899222623305,106.41567478098986,115.85732784352186,8.495546423586033,0.08929555488942764,0.0011429991726818417,8.788317708583487e-05,0.011615320664047175,-0.0024244976894922006,0.017555239033441347,0.9749279121818236,-0.22252093395631434,1.2246467991473532e-16,-1.0
2016-07-28,114.76000213623048,115.11000061035156,114.4000015258789,114.9800033569336,107.40996551513672,16939700.0,0.0034850736850757,96.7300033569336,96.7699966430664,96.29000091552734,96.73999786376952,96.73999786376952,0.0,1.524999976158142,1.534999966621399,1.493000030517578,1.5110000371932983,1.5110000371932983,0.0,12.510000228881836,13.520000457763672,12.359999656677246,12.720000267028809,12.720000267028809,0.0,0.0034850736850757136,0.006186816584665302,0.003491153615320819,113.37500152587891,111.50850143432616,109.51520034790039,108.35105022430419,113.01202632442906,111.32622471125649,1.685801613172572,1.385540809025327,71.84382649432038,95.07568303739217,95.72350125013725,2.6790497500143586,-2.9212885970476776,1.0857834338487824,106.80845718023848,116.20854568841385,8.429929904233921,0.0844615395367144,0.0069187277051909355,0.0011429991726818417,-0.0022945154996235387,0.006809967272955373,0.011503420405219126,0.43388373911755823,-0.900968867902419,1.2246467991473532e-16,-1.0
2016-07-29,115.23999786376952,115.54000091552734,114.87000274658205,115.2300033569336,107.64349365234376,22385300.0,0.0021718156025285,96.62999725341795,96.62999725341795,95.37999725341795,95.52999877929688,95.52999877929688,0.0,1.524999976158142,1.5299999713897705,1.4579999446868896,1.4579999446868896,1.4579999446868896,0.0,12.850000381469728,12.899999618530272,11.770000457763672,11.869999885559082,11.869999885559082,0.0,0.002171815602528582,0.005813937707091368,0.0021741757022921693,113.7180015563965,111.86600151062012,109.69040039062499,108.36330024719237,113.353253560199,111.61539349982516,1.7378600603738334,1.4560046592950284,72.64333485486858,94.93334739673307,95.16790460673731,3.067978722315309,-7.159293937717381,1.0560844863556764,107.17629684269612,116.55570617854413,8.384503968310305,0.08432038952085454,0.0034850736850757136,0.0069187277051909355,0.004144080425483732,-0.0016088219536140333,0.005008977729496554,-0.433883739117558,-0.9009688679024191,1.2246467991473532e-16,-1.0
2016-08-01,115.30999755859376,116.12999725341795,115.16999816894533,115.83999633789062,108.21332550048828,13990100.0,0.0052797328718148,95.51000213623048,95.81999969482422,95.51000213623048,95.70999908447266,95.70999908447266,0.0,1.49399995803833,1.5080000162124634,1.475000023841858,1.496000051498413,1.496000051498413,0.0,11.890000343322754,12.979999542236328,11.859999656677246,12.4399995803833,12.4399995803833,0.0,0.00527973287181482,0.008325375984721644,0.005293695223093531,114.04800109863282,112.25400123596191,109.8806002807617,108.37825023651122,113.73582937215156,111.92832704338556,1.8075023287659917,1.5263041931892212,74.5427926537159,94.67502924006658,94.89468655806394,2.932286649651142,-5.894329745035187,1.04922124336403,107.59926324299958,116.90873922892423,8.29322419105204,0.08374118561003827,0.002171815602528582,0.0034850736850757136,8.788317708583487e-05,0.006597121828199434,0.0,0.0,1.0,-0.4999999999999997,-0.8660254037844388
2016-08-02,115.66999816894533,115.7699966430664,114.22000122070312,114.95999908447266,107.39128112792967,21278400.0,-0.0076255175508377,95.81999969482422,95.8499984741211,95.0,95.05999755859376,95.05999755859376,0.0,1.5520000457763672,1.5709999799728394,1.5160000324249268,1.5369999408721924,1.5369999408721924,0.0,12.390000343322754,14.239999771118164,12.350000381469728,13.369999885559082,13.369999885559082,0.0,-0.007625517550837798,0.013400150833402697,-0.007596517053298557,114.33100128173828,112.63100128173826,110.01060028076172,108.38765022277832,113.92416317404711,112.15289534272534,1.7712678313217651,1.5752969208157301,67.2846778354036,87.13351080895043,92.24729581525003,2.5238579330906363,-25.545843890396135,1.089990805779992,108.4250270724481,116.83697549102843,7.468590639213484,0.08615490188209778,0.00527973287181482,0.002171815602528582,0.0011429991726818417,-0.003649844195833626,-0.006125305094581771,0.7818314824680298,0.6234898018587336,-0.4999999999999997,-0.8660254037844388
2016-08-03,114.87000274658205,115.3499984741211,114.8000030517578,115.33999633789062,107.74625396728516,15011300.0,0.0032999649394452,95.12999725341795,95.61000061035156,95.12999725341795,95.55999755859376,95.55999755859376,0.0,1.5470000505447388,1.5709999799728394,1.5299999713897705,1.5420000553131104,1.5420000553131104,0.0,13.529999732971191,13.90999984741211,12.729999542236328,12.859999656677246,12.859999656677246,0.0,0.003299964939445208,0.004787981276335963,0.0033054158179994797,114.52100067138672,112.98300094604491,110.13260025024415,108.39425022125245,114.14198366079226,112.38897689792277,1.7530067628694894,1.610838889226482,68.70184392343036,83.77029208018317,88.52627737640006,1.6748888007700542,-17.248950124019157,1.0514197069645137,109.14053535173282,116.825466540357,6.801847290544282,0.08429583064928861,-0.007625517550837798,0.00527973287181482,0.0069187277051909355,0.011615320664047175,0.008158437316076326,0.9749279121818236,-0.22252093395631434,-0.4999999999999997,-0.8660254037844388
2016-08-04,115.3000030517578,115.77999877929688,115.02999877929688,115.66999816894533,108.05452728271484,12835300.0,0.0028570195467843,95.54000091552734,95.9000015258789,95.41999816894533,95.76000213623048,95.76000213623048,0.0,1.5210000276565552,1.5269999504089355,1.4839999675750732,1.503000020980835,1.503000020980835,0.0,12.729999542236328,12.979999542236328,11.789999961853027,12.420000076293944,12.420000076293944,0.0,0.002857019546784345,0.006504769992619406,0.002861104716673335,114.77000045776369,113.33550071716309,110.25480026245118,108.40340023040773,114.37706281589274,112.63201551059112,1.7450473053016253,1.6376805724415109,69.92044493230222,82.15252025322083,84.35210771411813,2.2000334485382367,-10.74764522592221,1.0298897278956198,109.90711601937639,116.76388541494978,6.0499749435836145,0.08429940521722548,0.003299964939445208,-0.007625517550837798,0.0034850736850757136,-0.0022945154996235387,0.002950579888054596,0.43388373911755823,-0.900968867902419,-0.4999999999999997,-0.8660254037844388
2016-08-05,116.26000213623048,117.04000091552734,116.12999725341795,116.77999877929688,109.0914306640625,23196600.0,0.0095503620921108,95.79000091552734,96.5199966430664,95.5500030517578,96.19000244140624,96.19000244140624,0.0,1.4989999532699585,1.587000012397766,1.4989999532699585,1.5820000171661377,1.5820000171661377,0.0,12.079999923706056,12.260000228881836,11.18000030517578,11.390000343322754,11.390000343322754,0.0,0.009550362092110869,0.007827315030005506,0.009596112327942441,115.08300018310548,113.65950050354003,110.38780029296875,108.42065021514895,114.74674527180106,112.93927353049526,1.807471741305804,1.6716388062143697,73.63841471856023,88.97176694352802,84.96485975897734,2.754067057979974,-5.08810381947451,1.0541835149446481,110.21424575433089,117.10475525274917,6.0624140242492714,0.07518601340516513,0.002857019546784345,0.003299964939445208,0.002171815602528582,0.004144080425483732,0.015348493669881912,-0.433883739117558,-0.9009688679024191,-0.4999999999999997,-0.8660254037844388
2016-08-08,116.83999633789062,116.87000274658205,116.27999877929688,116.6500015258789,108.97000122070312,12358200.0,-0.0011137178625422,96.22000122070312,96.47000122070312,96.1500015258789,96.4000015258789,96.4000015258789,0.0,1.5989999771118164,1.616000056266785,1.5750000476837158,1.5829999446868896,1.5829999446868896,0.0,11.65999984741211,11.779999732971191,11.40999984741211,11.5,11.5,0.0,-0.0011137178625422624,0.005049674647189587,-0.0011130979089760684,115.38199996948245,113.94550056457518,110.51820037841797,108.43085021972658,115.03955392627458,113.21414227089404,1.8254116553805346,1.7023933760476027,72.50805583664247,91.79349524912418,87.63926081529101,2.6306508599614813,-8.783765207230743,1.0210278329689713,110.5046175476585,117.38638358149187,6.039524158247335,0.07565693659039717,0.009550362092110869,0.002857019546784345,0.00527973287181482,8.788317708583487e-05,0.00569546195135849,0.0,1.0,-0.4999999999999997,-0.8660254037844388
2016-08-09,116.73999786376952,117.29000091552734,116.66999816894533,116.91999816894533,109.22222900390624,13276500.0,0.0023119787106541,96.37999725341795,96.5199966430664,96.08000183105467,96.18000030517578,96.18000030517578,0.0,1.593999981880188,1.593999981880188,1.5369999408721924,1.5449999570846558,1.5449999570846558,0.0,11.399999618530272,11.920000076293944,11.020000457763672,11.65999984741211,11.65999984741211,0.0,0.0023119787106541914,0.005310971029017263,0.0023146533943068093,115.69499969482425,114.217000579834,110.64980041503907,108.44040019989014,115.32885304053161,113.48865011519415,1.840202925337465,1.7299552859055753,73.42062452672141,92.58567488052847,91.11697902439356,2.750678643320826,-8.371106331709344,0.9938115155889332,110.73524790517708,117.69875325449091,6.096732810319747,0.07506846614914703,-0.0011137178625422624,0.009550362092110869,-0.007625517550837798,0.0011429991726818417,0.005035323741780441,0.7818314824680298,0.6234898018587336,-0.4999999999999997,-0.8660254037844388
2016-08-10,116.98999786376952,117.0199966430664,116.30999755859376,116.62000274658205,108.94198608398438,14688400.0,-0.0025691021229051,96.12000274658205,96.12000274658205,95.44000244140624,95.6500015258789,95.6500015258789,0.0,1.531999945640564,1.5399999618530271,1.5010000467300415,1.508999943733215,1.508999943733215,0.0,11.550000190734863,12.5,11.369999885559082,12.050000190734863,12.050000190734863,0.0,-0.0025691021229051416,0.006068887062459899,-0.0025658048043666337,115.89899978637698,114.48700065612793,110.77520050048828,108.44840023040773,115.52749145684706,113.72060216196361,1.8068892948834474,1.7453420877011498,70.61581711382509,89.18278567359779,91.18731860108348,1.7804162008439328,-15.296771440266532,0.9735391990806268,111.14928093511057,117.8247203771453,5.8307400873266095,0.07519281001895092,0.0023119787106541914,-0.0011137178625422624,0.003299964939445208,0.0069187277051909355,-0.0024244976894922006,0.9749279121818236,-0.22252093395631434,-0.4999999999999997,-0.8660254037844388
2016-08-11,117.0199966430664,117.37000274658205,116.77999877929688,117.12000274658205,109.40907287597656,12969800.0,0.0042783168231894,95.56999969482422,95.97000122070312,95.51000213623048,95.86000061035156,95.86000061035156,0.0,1.5149999856948853,1.5759999752044678,1.503000020980835,1.5729999542236328,1.5729999542236328,0.0,11.93000030517578,12.109999656677246,11.380000114440918,11.68000030517578,11.68000030517578,0.0,0.004278316823189476,0.005041907231332406,0.004287481886295907,116.11299972534184,114.74400062561035,110.90600051879883,108.46045024871827,115.77249319372936,113.97240961267609,1.800083581053272,1.7562903863715744,72.50135932043466,90.10267601914364,90.62371219108996,1.8611926658283613,-6.024094170593175,0.9575721134320107,111.42758352562161,118.0604177255991,5.780549888285019,0.07373318814307031,-0.0025691021229051416,0.0023119787106541914,0.002857019546784345,0.0034850736850757136,0.006809967272955373,0.43388373911755823,-0.900968867902419,-0.4999999999999997,-0.8660254037844388
2016-08-12,116.91999816894533,117.20999908447266,116.79000091552734,117.1999969482422,109.4837875366211,19379000.0,0.000682659666517,95.91999816894533,95.98999786376952,95.25,95.72000122070312,95.72000122070312,0.0,1.5369999408721924,1.5369999408721924,1.4800000190734863,1.5149999856948853,1.5149999856948853,0.0,11.609999656677246,12.0,11.279999732971191,11.550000190734863,11.550000190734863,0.0,0.0006826596665170392,0.003592184190239464,0.0006828927316588906,116.30999908447268,115.01400032043458,111.0488005065918,108.47250022888184,115.99210915596211,114.21149015605137,1.7806189999107431,1.7611561090794083,72.80205823947637,91.52753687805198,90.2709995235978,1.7096186183440478,-4.096523754984371,0.9191739745401036,111.83015108345764,118.19784955741152,5.536455089131031,0.07258481608286968,0.004278316823189476,-0.0025691021229051416,0.009550362092110869,0.002171815602528582,-0.0016088219536140333,-0.433883739117558,-0.9009688679024191,-0.4999999999999997,-0.8660254037844388
2016-08-15,117.3499984741211,117.97000122070312,117.30999755859376,117.6999969482422,109.95086669921876,11777800.0,0.0042571203680949,95.68000030517578,95.8000030517578,95.47000122070312,95.62999725341795,95.62999725341795,0.0,1.5199999809265137,1.555999994277954,1.5190000534057615,1.5529999732971191,1.5529999732971191,0.0,11.8100004196167,12.170000076293944,11.579999923706056,11.8100004196167,11.8100004196167,0.0,0.00425712036809496,0.005624232387654524,0.004266194777390542,116.49599914550784,115.27200012207032,111.1936004638672,108.49315021514892,116.2548611240052,114.46989806658402,1.78496305742118,1.7659174987477628,74.66675270761128,94.30084414680555,91.97701901466705,1.6056635610779804,-6.976849634005811,0.9085189958201623,112.09600851714056,118.44799172700009,5.510430289344269,0.07123518214037615,0.0006826596665170392,0.004278316823189476,-0.0011137178625422624,0.00527973287181482,0.006597121828199434,0.0,1.0,-0.4999999999999997,-0.8660254037844388
2016-08-16,117.4800033569336,117.48999786376952,117.02999877929688,117.0500030517578,109.34365844726562,14161400.0,-0.0055378473617264,95.61000061035156,95.66000366210938,94.43000030517578,94.79000091552734,94.79000091552734,0.0,1.5290000438690186,1.587000012397766,1.5149999856948853,1.5759999752044678,1.5759999752044678,0.0,12.039999961853027,12.779999732971191,11.869999885559082,12.640000343322754,12.640000343322754,0.0,-0.005537847361726461,0.003915552190401714,-0.005522541751437182,116.70499954223635,115.51800041198733,111.33100051879885,108.51200023651121,116.37719065135175,114.66101695437467,1.71617369697708,1.7559687383936264,68.12763831637655,88.13111403526702,91.31983168670817,1.8180271258956833,-24.53328450520871,0.8914817939005312,112.61639750677318,118.41960331720148,5.023637692594699,0.07358270456400379,0.00425712036809496,0.0006826596665170392,0.0023119787106541914,-0.007625517550837798,-0.003649844195833626,0.7818314824680298,0.6234898018587336,-0.4999999999999997,-0.8660254037844388
2016-08-17,117.08000183105467,117.3000030517578,116.43000030517578,117.26000213623048,109.53986358642578,15980300.0,0.0017927817488363,94.8000030517578,95.0999984741211,94.51000213623048,94.72000122070312,94.72000122070312,0.0,1.5809999704360962,1.587000012397766,1.5369999408721924,1.5609999895095823,1.5609999895095823,0.0,12.56999969482422,13.710000038146973,12.140000343322754,12.1899995803833,12.1899995803833,0.0,0.0017927817488363226,0.007430839878508224,0.0017943897428196465,116.89700012207032,115.70900039672853,111.4688005065918,108.53260025024414,116.51300780287156,114.85353437525288,1.6594734276186784,1.7366696762386369,69.07009850467131,83.18551898050501,88.53915905419252,1.6646487422413,-18.933308919270452,0.889947576234923,112.88137179009664,118.53662900336042,4.887482558723819,0.06452205925520646,-0.005537847361726461,0.00425712036809496,-0.0025691021229051416,0.003299964939445208,0.011615320664047175,0.9749279121818236,-0.22252093395631434,-0.4999999999999997,-0.8660254037844388
2016-08-18,117.1500015258789,117.45999908447266,116.9499969482422,117.29000091552734,109.56788635253906,10036300.0,0.0002557898228052,94.6999969482422,94.6999969482422,94.08000183105467,94.16000366210938,94.16000366210938,0.0,1.5490000247955322,1.565999984741211,1.524999976158142,1.5360000133514404,1.5360000133514404,0.0,12.199999809265137,12.529999732971191,11.420000076293944,11.43000030517578,11.43000030517578,0.0,0.000255789822805265,0.004353411264086011,0.00025582253981148995,117.05900039672852,115.91450042724611,111.61080047607422,108.55885025024415,116.6325452048186,115.03401337823617,1.5985318265824304,1.7090421063073955,69.21016266689162,79.46668836805554,83.59444046127585,1.4005384042765117,-18.13334147135417,0.8628086162346039,113.2692400091649,118.55976084532732,4.564157906614123,0.06306976052622028,0.0017927817488363226,-0.005537847361726461,0.004278316823189476,0.002857019546784345,-0.0022945154996235387,0.43388373911755823,-0.900968867902419,-0.4999999999999997,-0.8660254037844388
2016-08-19,117.08000183105467,117.5199966430664,116.76000213623048,117.26000213623048,109.53986358642578,18743000.0,-0.0002557898228052,94.2300033569336,94.62999725341795,94.22000122070312,94.51000213623048,94.51000213623048,0.0,1.555999994277954,1.5920000076293943,1.555999994277954,1.5779999494552612,1.5779999494552612,0.0,11.670000076293944,12.279999732971191,11.329999923706056,11.34000015258789,11.34000015258789,0.0,-0.00025578982280529045,0.006491240988641152,-0.00025575711137770796,117.10700073242191,116.0950004577637,111.77720046997071,108.59595027923586,116.72907704042044,115.19890143438388,1.5301756060365506,1.6732688062532266,68.87427795777094,81.33334689670164,81.32851808175405,0.41103216471235693,-18.933308919270452,0.8554647512775553,113.61270622685895,118.57729468866846,4.2763154677066995,0.06281885172242875,0.000255789822805265,0.0017927817488363226,0.0006826596665170392,0.009550362092110869,0.004144080425483732,-0.433883739117558,-0.9009688679024191,-0.4999999999999997,-0.8660254037844388
2016-08-22,117.08999633789062,117.5500030517578,116.87000274658205,117.3499984741211,109.62390899658205,14500600.0,0.0007669644785322,94.5,94.95999908447266,94.44000244140624,94.5199966430664,94.5199966430664,0.0,1.5679999589920044,1.5700000524520874,1.5360000133514404,1.5390000343322754,1.5390000343322754,0.0,12.529999732971191,13.020000457763672,11.9399995803833,12.270000457763672,12.270000457763672,0.0,0.0007669644785322275,0.005807501293393609,0.0007672586709948082,117.17700042724611,116.27950019836427,111.9636004638672,108.62560028076173,116.82460341483592,115.3582419558459,1.466361458990022,1.6318873368005857,69.35477325404257,81.12496401586873,80.6416664268753,0.6000831025166276,-19.55845756176916,0.842931576555998,114.02078679550107,118.53821360122748,3.8849726718983293,0.06265331078784064,-0.00025578982280529045,0.000255789822805265,0.00425712036809496,-0.0011137178625422624,8.788317708583487e-05,0.0,1.0,-0.4999999999999997,-0.8660254037844388
2016-08-23,117.80999755859376,118.01000213623048,117.51000213623048,117.55999755859376,109.820068359375,11997900.0,0.001787785815798,94.5500030517578,94.58000183105467,94.20999908447266,94.54000091552734,94.54000091552734,0.0,1.555999994277954,1.562999963760376,1.5269999504089355,1.5529999732971191,1.5529999732971191,0.0,12.149999618530272,12.4399995803833,11.720000267028809,12.380000114440918,12.380000114440918,0.0,0.0017877858157980997,0.004244121979132721,0.00178938485763247,117.24100036621095,116.4680000305176,112.15420043945313,108.65595027923584,116.93774097541404,115.52133496345684,1.416406011957207,1.5887910718319103,70.49918160175439,82.13580859230862,81.53137316829299,0.5473823124113127,-15.100807742034517,0.8298652969526689,114.46984784737838,118.46615221365683,3.431246664518423,0.06263307970643439,0.0007669644785322275,-0.00025578982280529045,-0.005537847361726461,0.0023119787106541914,0.0011429991726818417,0.7818314824680298,0.6234898018587336,-0.4999999999999997,-0.8660254037844388
2016-08-24,117.4800033569336,117.63999938964844,116.41000366210938,116.8000030517578,109.1101531982422,17728700.0,-0.0064853325804502,94.5500030517578,94.91000366210938,94.51000213623048,94.79000091552734,94.79000091552734,0.0,1.5490000247955322,1.5700000524520874,1.5440000295639038,1.559000015258789,1.559000015258789,0.0,12.699999809265137,14.010000228881836,12.300000190734863,13.449999809265137,13.449999809265137,0.0,-0.006485332580450207,0.010469830544710049,-0.006464348199180403,117.25900039672854,116.57900009155276,112.33580047607421,108.67180030822756,116.91655052562078,115.6160511181458,1.3004994074749732,1.531132738960523,61.542069500411905,66.9930828096901,76.75128513928914,0.15434771131578315,-64.36148626712605,0.8584460419945541,114.78637330783323,118.37162687527228,3.075385416433023,0.06562136549095164,0.0017877858157980997,0.0007669644785322275,0.0017927817488363226,-0.0025691021229051416,0.0069187277051909355,0.9749279121818236,-0.22252093395631434,-0.4999999999999997,-0.8660254037844388
2016-08-25,116.5,116.97000122070312,116.36000061035156,116.61000061035156,108.9326400756836,24266300.0,-0.001628241494354,94.77999877929688,94.83000183105467,94.58999633789062,94.7699966430664,94.7699966430664,0.0,1.559000015258789,1.5829999446868896,1.5540000200271606,1.5770000219345093,1.5770000219345093,0.0,13.619999885559082,14.09000015258789,13.289999961853027,13.630000114440918,13.630000114440918,0.0,-0.0016282414943540526,0.0052360567412151286,-0.0016269166283369163,117.20800018310548,116.66049995422364,112.5072004699707,108.68630031585694,116.86938900019474,115.68967700645734,1.1797119937373992,1.4608485899158983,59.50651895458799,46.53763977560621,65.22217705920164,-0.4354526334276119,-80.9247866640208,0.8406999397343404,115.03339389197033,118.28760601647694,2.7894721227695127,0.06552130361551084,-0.006485332580450207,0.0017877858157980997,0.000255789822805265,0.004278316823189476,0.0034850736850757136,0.43388373911755823,-0.900968867902419,-0.4999999999999997,-0.8660254037844388
2016-08-26,116.6500015258789,117.54000091552734,116.08000183105467,116.77999877929688,109.0914306640625,23896000.0,0.0014566338103559,94.70999908447266,95.58999633789062,94.25,95.56999969482422,95.56999969482422,0.0,1.565999984741211,1.6349999904632568,1.531000018119812,1.6349999904632568,1.6349999904632568,0.0,13.539999961853027,14.93000030517578,12.130000114440918,13.649999618530272,13.649999618530272,0.0,0.001456633810355978,0.01251606571259897,0.0014576952166822643,117.16600036621095,116.73799972534182,112.71300048828124,108.69780029296875,116.85563665851815,115.77044158222324,1.0851950762949087,1.3857178871917004,60.75718035061163,30.327664421175143,47.95279566882381,-0.3583602217419904,-63.73073380532772,0.8849355929299354,115.2566534444544,118.21934600622924,2.5378990292324617,0.06535775942593762,-0.0016282414943540526,-0.006485332580450207,-0.00025578982280529045,0.0006826596665170392,0.002171815602528582,-0.433883739117558,-0.9009688679024191,-0.4999999999999997,-0.8660254037844388
2016-08-29,116.80999755859376,117.25,116.79000091552734,116.94000244140624,109.24090576171876,11184900.0,0.0013692440016592,95.45999908447266,95.83000183105467,95.45999908447266,95.58000183105467,95.58000183105467,0.0,1.618000030517578,1.618000030517578,1.562999963760376,1.565999984741211,1.565999984741211,0.0,14.09000015258789,14.43000030517578,12.899999618530272,12.9399995803833,12.9399995803833,0.0,0.0013692440016592545,0.003938011249781196,0.0013701818442235503,117.09000091552736,116.7930000305176,112.90860046386719,108.71175029754639,116.86861600973171,115.85707571994051,1.0115402897911991,1.3108823677116004,61.948416140639374,33.30136320048334,36.722222465754896,-0.6457047804089311,-55.44038992920146,0.8552974234851632,115.37156771652062,118.21443234451459,2.4341053207393806,0.06313433314169964,0.001456633810355978,-0.0016282414943540526,0.0007669644785322275,0.00425712036809496,0.00527973287181482,0.0,1.0,-0.4999999999999997,-0.8660254037844388
2016-08-30,116.75,117.08999633789062,116.16000366210938,116.55999755859376,108.88593292236328,19843300.0,-0.0032547407266264,95.56999969482422,96.13999938964844,95.52999877929688,96.0500030517578,96.0500030517578,0.0,1.5700000524520874,1.5820000171661377,1.5609999895095823,1.5700000524520874,1.5700000524520874,0.0,12.9399995803833,13.600000381469728,12.699999809265137,13.119999885559082,13.119999885559082,0.0,-0.0032547407266264425,0.00796567602382227,-0.003249449799782589,117.04100036621097,116.87299995422366,113.08980041503906,108.72430027008056,116.82113624801818,115.9091440042852,0.9119922437329819,1.2311043429158768,57.48529923609109,35.23303909438201,32.95402223868016,-0.4186292015279665,-75.12975898232479,0.8606327986491695,115.73387475077126,118.01212515767605,1.949338519416054,0.057338950382023385,0.0013692440016592545,0.001456633810355978,0.0017877858157980997,-0.005537847361726461,-0.007625517550837798,0.7818314824680298,0.6234898018587336,-0.4999999999999997,-0.8660254037844388
2016-08-31,116.37999725341795,116.55999755859376,115.9499969482422,116.44000244140624,108.77381896972656,16169800.0,-0.0010301763332662,96.01000213623048,96.26000213623048,95.9000015258789,96.0199966430664,96.0199966430664,0.0,1.5750000476837158,1.5829999446868896,1.5540000200271606,1.5679999589920044,1.5679999589920044,0.0,13.140000343322754,14.34000015258789,12.970000267028809,13.420000076293944,13.420000076293944,0.0,-0.0010301763332662937,0.005241455789204767,-0.0010296458837952827,116.95900039672854,116.92800025939943,113.27380050659181,108.73575027465819,116.76250027777019,115.94846685147935,0.814033426290834,1.1476901595908684,56.11058653673921,31.0721552029097,33.20218583259168,-0.699300426305286,-76.21338547974464,0.8427304994850547,116.0171862018322,117.83881431696665,1.557905814769128,0.05678331327614403,-0.0032547407266264425,0.0013692440016592545,-0.006485332580450207,0.0017927817488363226,0.003299964939445208,0.9749279121818236,-0.22252093395631434,-0.4999999999999997,-0.8660254037844388
2016-09-01,116.4800033569336,116.87999725341795,115.91000366210938,116.73999786376952,109.05406951904295,20944700.0,0.0025731388748238,95.98999786376952,96.23999786376952,95.5999984741211,95.6500015258789,95.6500015258789,0.0,1.593999981880188,1.61899995803833,1.555999994277954,1.5700000524520874,1.5700000524520874,0.0,13.06999969482422,14.609999656677246,12.989999771118164,13.479999542236328,13.479999542236328,0.0,0.0025731388748238596,0.008327554630438973,0.0025764522379634336,116.90400009155276,116.98150024414063,113.43320053100587,108.74870025634763,116.75903836792392,116.00709877831567,0.7519395896082557,1.068540045594346,58.765507168824485,29.393472556164692,31.8995556178188,-0.4689257800875462,-60.47643786943648,0.8518207203295923,116.2802162564251,117.68278423185616,1.1989656249098295,0.056634085274300326,-0.0010301763332662937,-0.0032547407266264425,-0.0016282414943540526,0.000255789822805265,0.002857019546784345,0.43388373911755823,-0.900968867902419,-0.8660254037844384,-0.5000000000000004
2016-09-02,117.31999969482422,117.55999755859376,116.68000030517578,117.12000274658205,109.40907287597656,18088200.0,0.0032500097318057,95.66000366210938,95.95999908447266,95.19000244140624,95.87999725341795,95.87999725341795,0.0,1.5820000171661377,1.621000051498413,1.5440000295639038,1.5959999561309814,1.5959999561309814,0.0,13.470000267028809,13.899999618530272,11.899999618530272,11.979999542236328,11.979999542236328,0.0,0.003250009731805773,0.007500828978068993,0.003255296739491431,116.89000015258789,116.99850044250489,113.68980056762696,108.7627502822876,116.81457134925594,116.08953610929835,0.7250352399575917,0.9998390844669951,61.90873856084846,40.30974084661469,33.59178953522969,-0.11939227963324513,-42.38095411097479,0.8538333298359059,116.30131115049629,117.6956897345135,1.191791842411199,0.04678041219943471,0.0025731388748238596,-0.0010301763332662937,0.001456633810355978,-0.00025578982280529045,0.009550362092110869,-0.433883739117558,-0.9009688679024191,-0.8660254037844384,-0.5000000000000004
2016-09-05,117.31999969482422,117.55999755859376,116.68000030517578,117.12000274658205,109.40907287597656,18088200.0,0.0,95.66000366210938,95.95999908447266,95.19000244140624,95.87999725341795,95.87999725341795,0.0,1.5820000171661377,1.621000051498413,1.5440000295639038,1.5959999561309814,1.5959999561309814,0.0,13.470000267028809,13.899999618530272,11.899999618530272,11.979999542236328,11.979999542236328,0.0,0.0,0.007500828978068993,0.0,116.867000579834,117.02200050354006,113.98780059814453,108.77825031280518,116.86156079499841,116.16586697131936,0.6956938236790506,0.9390100323094063,61.908738560848455,51.58721796953798,40.43014379077245,-0.19599124885354702,-42.38095411097479,0.8557021815203399,116.34281948358519,117.70118152349492,1.1607749261376228,0.04654931216808021,0.003250009731805773,0.0025731388748238596,0.0013692440016592545,0.0007669644785322275,-0.0011137178625422624,0.0,1.0,-0.8660254037844384,-0.5000000000000004
2016-09-06,117.31999969482422,117.8499984741211,117.05999755859376,117.8499984741211,110.09101104736328,18525200.0,0.0062135772638403,95.8000030517578,95.86000061035156,94.7699966430664,94.81999969482422,94.81999969482422,0.0,1.6039999723434448,1.6080000400543213,1.534000039100647,1.5429999828338623,1.5429999828338623,0.0,12.420000076293944,12.93000030517578,11.850000381469728,12.020000457763672,12.020000457763672,0.0,0.006213577263840318,0.006733727562072111,0.006232921580093809,116.89600067138673,117.06850051879884,114.2556005859375,108.79170028686525,117.01362813024805,116.29061745300838,0.7230106772396709,0.8958101612954593,67.43865468345571,69.2062880788807,53.70108229834445,0.24668332898083678,-7.619227541408291,0.8510092339494107,116.29757575497565,117.83942528262203,1.317049010462714,0.05076525624784438,0.0,0.003250009731805773,-0.0032547407266264425,0.0017877858157980997,0.0023119787106541914,0.7818314824680298,0.6234898018587336,-0.8660254037844384,-0.5000000000000004
2016-09-07,117.95999908447266,118.12000274658205,117.47000122070312,117.91999816894533,110.1563949584961,17546900.0,0.0005937315152926,94.9000015258789,95.05999755859376,94.69000244140624,94.95999908447266,94.95999908447266,0.0,1.534000039100647,1.5440000295639038,1.5190000534057615,1.5410000085830688,1.5410000085830688,0.0,11.890000343322754,12.449999809265137,11.770000457763672,11.9399995803833,11.9399995803833,0.0,0.0005937315152926353,0.005510355467309271,0.0005939078087373595,117.00800018310548,117.13350028991701,114.48780059814452,108.80905029296876,117.15306967466302,116.41131232085556,0.7417573538074578,0.8649995997978591,67.91959757282386,80.31661123665961,67.03670576169276,0.9588999040447139,-9.049984637638076,0.8366515405158043,116.30474824127319,117.96225233856083,1.4150555504489797,0.04954166671669826,0.006213577263840318,0.0,-0.0010301763332662937,-0.006485332580450207,-0.0025691021229051416,0.9749279121818236,-0.22252093395631434,-0.8660254037844384,-0.5000000000000004
2016-09-08,117.56999969482422,117.5999984741211,116.91999816894533,117.2300033569336,109.51180267333984,20125300.0,-0.0058687979619628,94.94000244140624,95.13999938964844,94.47000122070312,95.02999877929688,95.02999877929688,0.0,1.5509999990463257,1.6200000047683716,1.5509999990463257,1.616000056266785,1.616000056266785,0.0,11.739999771118164,12.600000381469728,11.649999618530272,12.510000228881836,12.510000228881836,0.0,-0.005868797961962848,0.005783790992096963,-0.005851610207461055,117.07000045776368,117.13900032043459,114.68160064697265,108.83265029907228,117.16490562578157,116.47195610130578,0.692949524475793,0.830589584733446,58.7137212352352,81.01976851430162,76.84755594328064,0.531689171886509,-40.27148227804878,0.8483192876218182,116.3091661007602,117.96883454010899,1.4168367792184984,0.05243415119742856,0.0005937315152926353,0.006213577263840318,0.0025731388748238596,-0.0016282414943540526,0.004278316823189476,0.43388373911755823,-0.900968867902419,-0.8660254037844384,-0.5000000000000004
2016-09-09,116.25,116.51000213623048,114.26000213623048,114.27999877929688,106.7560577392578,50813300.0,-0.0254859329484419,94.9499969482422,95.58000183105467,94.8000030517578,95.33999633789062,95.33999633789062,0.0,1.656000018119812,1.6779999732971191,1.6469999551773071,1.6720000505447388,1.6720000505447388,0.0,12.520000457763672,17.540000915527344,12.520000457763672,17.5,17.5,0.0,-0.025485932948441984,0.01935483870967742,-0.02516390806114377,116.82000045776368,116.99300041198732,114.80560058593751,108.82835029602052,116.72107380324547,116.30958889226808,0.4114849109773928,0.7467686499822354,36.15226613522607,50.39886025007743,70.57841333367955,-2.1407775527766213,-99.48195233408083,0.9998679971276249,115.47020397392251,118.51579685005214,2.6032265737306237,0.10457753749091273,-0.005868797961962848,0.0005937315152926353,0.003250009731805773,0.001456633810355978,0.0006826596665170392,-0.433883739117558,-0.9009688679024191,-0.8660254037844384,-0.5000000000000004
2016-09-12,113.63999938964844,116.48999786376952,113.62999725341795,116.33000183105467,108.67105102539062,39646000.0,0.0177790412734527,95.3000030517578,95.4499969482422,94.94000244140624,95.0999984741211,95.0999984741211,0.0,1.687000036239624,1.6959999799728394,1.6610000133514404,1.6720000505447388,1.6720000505447388,0.0,20.1299991607666,20.51000022888184,14.760000228881836,15.15999984741211,15.15999984741211,0.0,0.017779041273452763,0.025167200155864152,0.01793802924804533,116.75900039672852,116.92450065612795,114.9706005859375,108.83690029144289,116.66090888444688,116.31110096180784,0.3498079226390445,0.6673765045135972,50.41223391982389,40.12674135346366,57.1817900392809,-0.5216355375545749,-39.866341327479425,1.1327346123579063,115.41239536907007,118.43660594318582,2.586464391248404,0.12336827928027189,-0.025485932948441984,-0.005868797961962848,0.0,0.0013692440016592545,0.00425712036809496,0.0,1.0,-0.8660254037844384,-0.5000000000000004
2016-09-13,115.75,116.08999633789062,114.7300033569336,115.29000091552734,107.69953918457033,45863900.0,-0.0089801332857163,95.12000274658205,95.66999816894533,95.08000183105467,95.62999725341795,95.62999725341795,0.0,1.662999987602234,1.7519999742507937,1.6610000133514404,1.7339999675750732,1.7339999675750732,0.0,15.979999542236328,18.96999931335449,15.829999923706056,17.850000381469727,17.850000381469727,0.0,-0.008980133285716391,0.01174939940351647,-0.008939932315491395,116.63200073242187,116.83650054931643,115.12800064086915,108.84020030975344,116.44999996615157,116.23546392134261,0.21453604480895194,0.5768084125726681,44.929822121094276,32.54092981308889,41.02217713887666,-1.0895647474838042,-63.02891689917309,1.1661106024838472,115.15930649089043,118.51369460774242,2.871010430029196,0.12578253820221533,0.017779041273452763,-0.025485932948441984,0.006213577263840318,-0.0032547407266264425,-0.005537847361726461,0.7818314824680298,0.6234898018587336,-0.8660254037844384,-0.5000000000000004
2016-09-14,115.41000366210938,116.47000122070312,115.37999725341795,115.83999633789062,108.21332550048828,28221800.0,0.0047592095676368,95.55999755859376,95.66000366210938,95.1999969482422,95.33000183105467,95.33000183105467,0.0,1.712000012397766,1.722000002861023,1.6820000410079956,1.6890000104904177,1.6890000104904177,0.0,17.6299991607666,18.13999938964844,16.34000015258789,18.13999938964844,18.13999938964844,0.0,0.004759209567636816,0.00944462293300345,0.004770552592963773,116.57200012207032,116.76550025939945,115.2788005065918,108.85495029449464,116.35615325411142,116.2061700262721,0.14998322783931428,0.4914433756259974,48.14173481307179,48.775050381129326,40.48090718256062,-0.5152920739739247,-50.779590629959515,1.1671027241046996,115.04414823285649,118.4868522859424,2.948391473027399,0.1270149692443685,-0.008980133285716391,0.017779041273452763,0.0005937315152926353,-0.0010301763332662937,0.0017927817488363226,0.9749279121818236,-0.22252093395631434,-0.8660254037844384,-0.5000000000000004
2016-09-15,115.87000274658205,117.81999969482422,115.86000061035156,117.63999938964844,109.89481353759766,38521400.0,0.015419152709412,95.33999633789062,95.55999755859376,95.08000183105467,95.29000091552734,95.29000091552734,0.0,1.6820000410079956,1.7339999675750732,1.6649999618530271,1.7029999494552612,1.7029999494552612,0.0,17.969999313354492,18.06999969482422,15.739999771118164,16.299999237060547,16.299999237060547,0.0,0.01541915270941207,0.016915500457520036,0.015538641191668923,116.66200027465821,116.78300018310549,115.45920043945311,108.87615028381349,116.55366804419403,116.31237960874444,0.2412884354495901,0.44141238759071594,56.984212628939794,58.50033587419608,46.60543868947143,0.7709452992531172,-10.690484848279135,1.2251670550210492,115.03232971662217,118.5336706495888,2.9981597728066864,0.13920421504122654,0.004759209567636816,-0.008980133285716391,-0.005868797961962848,0.0025731388748238596,0.000255789822805265,0.43388373911755823,-0.900968867902419,-0.8660254037844384,-0.5000000000000004
2016-09-16,117.22000122070312,117.41000366210938,116.70999908447266,117.29000091552734,109.84239196777344,27596500.0,-0.0004771296758611,95.2300033569336,96.11000061035156,95.22000122070312,96.11000061035156,96.11000061035156,0.0,1.6699999570846558,1.7029999494552612,1.6649999618530271,1.7009999752044678,1.7009999752044678,0.0,16.40999984741211,17.100000381469727,15.279999732971191,15.369999885559082,15.369999885559082,0.0,-0.000477129675861159,0.005971716177674682,-0.0004770158675985181,116.67900009155274,116.78450012207031,115.59900039672851,108.90865028381349,116.66695002439916,116.38479600183946,0.2821540225596948,0.4095607145845117,55.01971318716939,73.3481276571159,60.20783797081377,0.14514870641962943,-18.485541550413608,1.2040837157463873,115.03205836548378,118.53694187865685,3.0011546990478624,0.13921496772390052,0.01541915270941207,0.004759209567636816,-0.025485932948441984,0.003250009731805773,-0.00025578982280529045,-0.433883739117558,-0.9009688679024191,-0.8660254037844384,-0.5000000000000004
2016-09-19,117.58999633789062,117.9499969482422,116.5500030517578,116.77999877929688,109.36475372314452,16222900.0,-0.0043578780156052,96.04000091552734,96.05999755859376,95.6500015258789,95.83999633789062,95.83999633789062,0.0,1.6929999589920044,1.7050000429153442,1.6859999895095823,1.6959999799728394,1.6959999799728394,0.0,15.140000343322754,15.960000038146973,14.600000381469728,15.529999732971191,15.529999732971191,0.0,-0.004357878015605275,0.011905722766259567,-0.004348396243674779,116.64499969482422,116.75600013732911,115.71600036621093,108.93440029144287,116.68434214053727,116.41407028165112,0.27027185888614724,0.38170294344483885,52.19597208338733,80.32660791983405,70.72502381704867,-0.2903039270079704,-29.844149841805077,1.218077300084817,115.02385911858393,118.48814115607429,2.967112639535145,0.14009360002180457,-0.000477129675861159,0.01541915270941207,0.017779041273452763,0.0,0.0007669644785322275,0.0,1.0,-0.8660254037844384,-0.5000000000000004
2016-09-20,117.1999969482422,117.4800033569336,116.8000030517578,117.0,109.57079315185548,18078600.0,0.0018821931155449,95.83000183105467,96.04000091552734,95.5999984741211,96.0199966430664,96.0199966430664,0.0,1.6859999895095823,1.6929999589920044,1.6679999828338623,1.687999963760376,1.687999963760376,0.0,14.979999542236328,16.09000015258789,14.6899995803833,15.920000076293944,15.920000076293944,0.0,0.0018821931155449869,0.005802050536537956,0.0018839655528557486,116.55999984741212,116.72800025939942,115.82620040893555,108.95785030364989,116.73290488814692,116.4574724830103,0.2754324051366126,0.36044883578319364,53.30917886671507,75.57531908048617,76.41668488581203,-0.7212545482618284,-24.944351366322792,1.1810721056242388,115.03287234103459,118.42312817776426,2.904406679798892,0.1401110364712173,-0.004357878015605275,-0.000477129675861159,-0.008980133285716391,0.006213577263840318,0.0017877858157980997,0.7818314824680298,0.6234898018587336,-0.8660254037844384,-0.5000000000000004
2016-09-21,117.5,118.31999969482422,116.80999755859376,118.1500015258789,110.64776611328124,31546800.0,0.0097810243699045,96.0,96.33000183105467,95.48999786376952,95.66000366210938,95.66000366210938,0.0,1.684000015258789,1.7239999771118164,1.6619999408721924,1.6679999828338623,1.6679999828338623,0.0,15.06999969482422,15.649999618530272,12.979999542236328,13.300000190734863,13.300000190734863,0.0,0.009781024369904592,0.012851082010471953,0.009829014926753032,116.58300018310547,116.79550018310547,115.96480041503906,108.97870029449463,116.9509197554903,116.58284500470428,0.3680747507860218,0.3619740187837593,58.72050531589854,80.52893541497485,78.81028747176502,0.19505033964133134,-3.6246925469475832,1.2045671078103972,114.98473081832967,118.60626954788128,3.100751932971707,0.1421818700118793,0.0018821931155449869,-0.004357878015605275,0.004759209567636816,0.0005937315152926353,-0.006485332580450207,0.9749279121818236,-0.22252093395631434,-0.8660254037844384,-0.5000000000000004
2016-09-22,118.83999633789062,119.22000122070312,118.72000122070312,119.08999633789062,111.52811431884766,22614400.0,0.0079248279445774,95.5,95.52999877929688,95.0500030517578,95.4499969482422,95.4499969482422,0.0,1.6480000019073486,1.6480000019073486,1.6080000400543213,1.631999969482422,1.631999969482422,0.0,13.390000343322754,13.390000343322754,11.760000228881836,12.020000457763672,12.020000457763672,0.0,0.00792482794457746,0.004207337726419816,0.007956312508515806,116.76899948120119,116.91949996948242,116.1070002746582,109.01255027770998,117.28000846047497,116.76855991827364,0.511448542201336,0.39186892346727464,62.54196224529598,89.70176299762392,81.93533916436164,1.5866185513053828,-2.3256670938578528,1.194955149739956,114.84217929579304,118.99682064317179,3.55342038621715,0.14413763223030718,0.009781024369904592,0.0018821931155449869,0.01541915270941207,-0.005868797961962848,-0.0016282414943540526,0.43388373911755823,-0.900968867902419,-0.8660254037844384,-0.5000000000000004
2016-09-23,119.0,119.0,118.16000366210938,118.33000183105467,110.81633758544922,22213400.0,-0.0064024908984544,95.37000274658205,95.68000030517578,95.33999633789062,95.4800033569336,95.4800033569336,0.0,1.618000030517578,1.631999969482422,1.6080000400543213,1.6150000095367432,1.6150000095367432,0.0,12.0,12.579999923706056,11.93000030517578,12.289999961853027,12.289999961853027,0.0,-0.006402490898454458,0.007058792755383404,-0.006382038625377784,117.17399978637697,116.9970001220703,116.23760025024414,109.05505027770998,117.44154590210262,116.88422228218334,0.5573236199192735,0.42495986275767444,57.87677976520262,92.70945818767166,87.6467188667568,3.5439299046365607,-15.921265796179519,1.1760292587429055,114.82796346674125,119.16603677739936,3.7078500355837494,0.1466140623071159,0.00792482794457746,0.009781024369904592,-0.000477129675861159,-0.025485932948441984,0.001456633810355978,-0.433883739117558,-0.9009688679024191,-0.8660254037844384,-0.5000000000000004
2016-09-26,117.66000366210938,117.8000030517578,117.16999816894533,117.33999633789062,109.88921356201172,16403900.0,-0.0084015057351727,95.51000213623048,95.52999877929688,95.12999725341795,95.30999755859376,95.30999755859376,0.0,1.5989999771118164,1.6059999465942385,1.5740000009536743,1.5889999866485596,1.5889999866485596,0.0,13.260000228881836,14.630000114440918,13.260000228881836,14.5,14.5,0.0,-0.0084015057351727,0.00535445234747477,-0.008366311715748642,117.27499923706056,117.01699981689453,116.3336001586914,109.08650024414062,117.42592289222385,116.91798332334685,0.5079395688770063,0.4415558039815409,52.39411746387993,82.70717294510338,88.37279804346632,0.8682149840440648,-33.63154827465247,1.17488457326908,114.84280581158832,119.19119382220073,3.716031018926025,0.15015655726477928,-0.006402490898454458,0.00792482794457746,-0.004357878015605275,0.017779041273452763,0.0013692440016592545,0.0,1.0,-0.8660254037844384,-0.5000000000000004
2016-09-27,117.26000213623048,118.55999755859376,117.1500015258789,118.5,110.97554779052734,20238400.0,0.0098371780290859,95.31999969482422,95.66999816894533,95.23999786376952,95.44000244140624,95.44000244140624,0.0,1.562000036239624,1.5750000476837158,1.5460000038146973,1.555999994277954,1.555999994277954,0.0,13.359999656677246,14.760000228881836,12.970000267028809,13.100000381469728,13.100000381469728,0.0,0.009837178029085963,0.012024526752751981,0.009885722113231799,117.59599914550782,117.11399993896484,116.46100021362305,109.12010025024414,117.59116552418942,117.03516974383966,0.555995780349761,0.464443799255185,57.477077360877104,79.18901004013046,84.86854705763517,2.7842822959335507,-12.880155808776628,1.1916782489437785,114.85423395314214,119.37376592478753,3.8590877042888065,0.15321082915138762,-0.0084015057351727,-0.006402490898454458,0.0018821931155449869,-0.008980133285716391,-0.0032547407266264425,0.7818314824680298,0.6234898018587336,-0.8660254037844384,-0.5000000000000004
2016-09-28,118.6500015258789,118.7699966430664,118.08999633789062,118.6999969482422,111.162841796875,14794300.0,0.0016862826013744,95.4499969482422,95.73999786376952,95.37000274658205,95.43000030517578,95.43000030517578,0.0,1.5720000267028809,1.5720000267028809,1.5429999828338623,1.5670000314712524,1.5670000314712524,0.0,12.899999618530272,13.56999969482422,12.239999771118164,12.390000343322754,12.390000343322754,0.0,0.0016862826013744469,0.005731144512690676,0.0016877051753885208,117.88199920654297,117.22699966430665,116.56620010375977,109.1505502319336,117.7617549740437,117.1584902774991,0.6032646965445991,0.4922079787130679,58.30369062689538,81.39530016892036,81.09716105138473,2.4689232568769395,-9.302395409809838,1.1551298243889214,114.88462969470159,119.5693696339117,3.996297740815191,0.15304841074573014,0.009837178029085963,-0.0084015057351727,0.009781024369904592,0.004759209567636816,-0.0010301763332662937,0.9749279121818236,-0.22252093395631434,-0.8660254037844384,-0.5000000000000004
2016-09-29,118.5,118.72000122070312,117.33000183105467,117.83999633789062,110.3574447631836,27207500.0,-0.0072715740398209,95.37000274658205,95.68000030517578,95.33000183105467,95.54000091552734,95.54000091552734,0.0,1.5839999914169312,1.60099995136261,1.5429999828338623,1.5570000410079956,1.5570000410079956,0.0,12.529999732971191,15.6899995803833,12.140000343322754,14.020000457763672,14.020000457763672,0.0,-0.007271574039820969,0.011729952655261196,-0.0072452001106906305,117.9019989013672,117.2819995880127,116.65940002441407,109.17680023193358,117.77379210694323,117.20897220789847,0.5648198990447639,0.5067303627794071,53.48863962943273,84.37681266232937,81.6537076237934,0.1700076073442975,-24.687010794425433,1.1719062219074594,114.9361227823517,119.62787639367369,4.0004038367380685,0.15574563229228053,0.0016862826013744469,0.009837178029085963,0.00792482794457746,0.01541915270941207,0.0025731388748238596,0.43388373911755823,-0.900968867902419,-0.8660254037844384,-0.5000000000000004
2016-09-30,118.1500015258789,119.06999969482422,118.02999877929688,118.72000122070312,111.18157196044922,25543200.0,0.0074400528722954,95.51000213623048,95.95999908447266,95.33999633789062,95.45999908447266,95.45999908447266,0.0,1.5479999780654907,1.6150000095367432,1.5449999570846558,1.6080000400543213,1.6080000400543213,0.0,14.90999984741211,15.199999809265137,12.529999732971191,13.289999961853027,13.289999961853027,0.0,0.00744005287229549,0.008802377503986302,0.007467798833455497,118.04499893188478,117.36199951171875,116.76080001831055,109.20745025634766,117.91936273982937,117.32090028292103,0.5984624569083365,0.525076781605193,57.36842112778232,84.95824367885778,83.57678550336917,1.2192005235004408,-11.135862759191383,1.1760560172664691,114.9317726908997,119.7922263325378,4.141420273904558,0.15739477427052118,-0.007271574039820969,0.0016862826013744469,-0.006402490898454458,-0.000477129675861159,0.003250009731805773,-0.433883739117558,-0.9009688679024191,-0.8660254037844384,-0.5000000000000004
2016-10-03,118.56999969482422,118.6999969482422,118.08999633789062,118.5500030517578,111.02237701416016,19216400.0,-0.0014328725862968,95.41999816894533,95.8000030517578,95.41999816894533,95.75,95.75,0.0,1.600000023841858,1.6260000467300415,1.5959999561309814,1.621999979019165,1.621999979019165,0.0,13.75,14.420000076293944,13.420000076293944,13.56999969482422,13.56999969482422,0.0,-0.0014328725862968394,0.005144645457717786,-0.001431846514507784,118.22199935913086,117.43349952697756,116.85860000610352,109.23755027770996,118.01638432627989,117.4119449324645,0.6044393938153974,0.5409493040472338,56.38984864428161,82.24309182987666,83.85938272368793,1.5156741659212238,-17.447850956753207,1.1370523648054713,114.94969699494378,119.91730205901133,4.230143088707296,0.15757387473351775,0.00744005287229549,-0.007271574039820969,-0.0084015057351727,-0.004357878015605275,0.0,0.0,1.0,-1.0,-1.8369701987210297e-16
2016-10-04,118.9000015258789,119.16000366210938,117.91999816894533,118.37000274658205,110.85382080078124,21239700.0,-0.0015193720413884,95.72000122070312,96.44000244140624,95.72000122070312,96.12000274658205,96.12000274658205,0.0,1.6239999532699585,1.6859999895095823,1.6150000095367432,1.6829999685287476,1.6829999685287476,0.0,13.399999618530272,14.56999969482422,12.920000076293944,13.630000114440918,13.630000114440918,0.0,-0.001519372041388465,0.010428977941553329,-0.001518218380042624,118.35899963378908,117.4594997406006,116.9502000427246,109.25790027618407,118.07078716017253,117.48291217795469,0.5878749822178406,0.5503344396813552,55.3139570574136,82.03957241495327,83.08030264122922,1.1709425184461928,-25.29756903919559,1.144406159688227,114.94662330024525,119.97237618095596,4.278711293517905,0.15639229069420627,-0.0014328725862968394,0.00744005287229549,0.009837178029085963,0.0018821931155449869,0.006213577263840318,0.7818314824680298,0.6234898018587336,-1.0,-1.8369701987210297e-16
2016-10-05,118.72000122070312,119.16999816894533,118.66999816894533,118.79000091552734,111.2471160888672,14481300.0,0.0035415942380248,96.0999984741211,96.30999755859376,95.95999908447266,96.12999725341795,96.12999725341795,0.0,1.6859999895095823,1.7300000190734863,1.6799999475479126,1.715999960899353,1.715999960899353,0.0,13.5600004196167,13.68000030517578,12.699999809265137,12.989999771118164,12.989999771118164,0.0,0.0035415942380248905,0.004211590253191531,0.003547873093095788,118.42299957275392,117.50299987792971,117.03440002441405,109.28550029754638,118.18143543022711,117.57973356592304,0.6017018643040757,0.5606079246058994,57.35833225509151,80.38322953861447,81.55529792781479,0.5416837760330081,-16.104891388207776,1.119805392736445,114.92722478328702,120.0787749725724,4.384186101322669,0.15680392686204211,-0.001519372041388465,-0.0014328725862968394,0.0016862826013744469,0.009781024369904592,0.0005937315152926353,0.9749279121818236,-0.22252093395631434,-1.0,-1.8369701987210297e-16
2016-10-06,118.63999938964844,118.9800033569336,118.1500015258789,118.7300033569336,111.1909408569336,11987100.0,-0.0005050865296989,96.1500015258789,96.7699966430664,96.12000274658205,96.66000366210938,96.66000366210938,0.0,1.7139999866485596,1.746000051498413,1.7089999914169312,1.7419999837875366,1.7419999837875366,0.0,13.109999656677246,13.84000015258789,12.800000190734863,12.84000015258789,12.84000015258789,0.0,-0.0005050865296989191,0.006995969616694947,-0.0005049589949706057,118.38700027465822,117.5779998779297,117.10940002441406,109.31985031127928,118.26583049587427,117.66493873562752,0.6008917602467534,0.5686646917340702,56.95745616453587,80.08184902351789,80.83488365902853,-0.30228649930900453,-18.35199250204298,1.0991051383306054,114.94889385442748,120.20710590143192,4.472105370446467,0.15506406158624556,0.0035415942380248905,-0.001519372041388465,-0.007271574039820969,0.00792482794457746,-0.005868797961962848,0.43388373911755823,-0.900968867902419,-1.0,-1.8369701987210297e-16
2016-10-07,118.83999633789062,119.01000213623048,117.88999938964844,118.47000122070312,110.94745635986328,19984200.0,-0.002192188272088,97.13999938964844,97.19000244140624,96.4000015258789,96.5199966430664,96.5199966430664,0.0,1.741000056266785,1.7710000276565552,1.718000054359436,1.7359999418258667,1.7359999418258667,0.0,13.520000457763672,14.149999618530272,12.210000038146973,13.479999542236328,13.479999542236328,0.0,-0.0021921882720880486,0.009424459618776904,-0.002189787182245384,118.40100021362306,117.78750000000001,117.17419998168945,109.35290031433104,118.29724137661717,117.72457299378127,0.5726683828359,0.5694654299544362,55.15836550629486,78.18378570771185,79.5496214232814,0.1183126742855421,-30.991758986613693,1.1005978246342798,115.64156175988454,119.93343824011548,3.643745287259632,0.12109419206540709,-0.0005050865296989191,0.0035415942380248905,0.00744005287229549,-0.006402490898454458,-0.025485932948441984,-0.433883739117558,-0.9009688679024191,-1.0,-1.8369701987210297e-16
2016-10-10,119.08000183105467,119.4800033569336,119.02999877929688,119.22000122070312,111.64984130859376,19687300.0,0.0063108338440854,97.13999938964844,97.19000244140624,96.4000015258789,96.5199966430664,96.5199966430664,0.0,1.7230000495910645,1.7230000495910645,1.7230000495910645,1.7230000495910645,1.7230000495910645,0.0,14.1899995803833,14.359999656677246,13.289999961853027,13.380000114440918,13.380000114440918,0.0,0.006310833844085433,0.0037790105031671475,0.006330789112030333,118.58900070190431,117.93199996948242,117.24180007934571,109.40150032043455,118.43920442955347,117.83534545503473,0.6038589745187437,0.5763441388672977,59.16520439779992,80.30612064492078,79.52391845871684,1.6021859054766492,-9.737886576581001,1.0941267040340077,115.81022583940408,120.05377409956075,3.598300937196678,0.1072294875038696,-0.0021921882720880486,-0.0005050865296989191,-0.0014328725862968394,-0.0084015057351727,0.017779041273452763,0.0,1.0,-1.0,-1.8369701987210297e-16
2016-10-11,119.12000274658205,119.13999938964844,117.0,117.5199966430664,110.05777740478516,27774400.0,-0.0143620799241631,96.9000015258789,97.7300033569336,96.9000015258789,97.6999969482422,97.6999969482422,0.0,1.7710000276565552,1.781000018119812,1.7450000047683716,1.758999943733215,1.758999943733215,0.0,13.710000038146973,16.469999313354492,13.6899995803833,15.359999656677246,15.359999656677246,0.0,-0.014362079924163185,0.017965071694978962,-0.0142594372293664,118.49100036621095,118.04349975585937,117.29300003051759,109.44255031585692,118.29778784701699,117.81198628377781,0.48580156323917834,0.5582356237416739,48.57094684644206,60.079310876767494,72.85640574313337,-0.8270070522646361,-79.03242180650281,1.1745463123675162,116.30689146907447,119.78010804264427,2.9423192134706246,0.11549108230792417,0.006310833844085433,-0.0021921882720880486,-0.001519372041388465,0.009837178029085963,-0.008980133285716391,0.7818314824680298,0.6234898018587336,-1.0,-1.8369701987210297e-16
2016-10-12,117.62999725341795,117.81999969482422,117.05999755859376,117.41999816894533,109.96410369873048,14267800.0,-0.0008514945081338,97.5500030517578,98.04000091552734,97.45999908447266,97.97000122070312,97.97000122070312,0.0,1.7990000247955322,1.8009999990463257,1.7710000276565552,1.777999997138977,1.777999997138977,0.0,15.529999732971191,16.34000015258789,15.260000228881836,15.90999984741211,15.90999984741211,0.0,-0.0008514945081338097,0.00646095514729234,-0.0008511320895582264,118.36300048828124,118.12249984741212,117.33460006713868,109.48835029602049,118.1627432811598,117.78295012712356,0.3797931540362498,0.522547129800589,48.026180622551706,42.72169291041865,61.03570814403564,-1.0783477777636372,-83.06461288566018,1.1449360140720117,116.69100476958208,119.55399492524215,2.423746669227637,0.11483773026936471,-0.014362079924163185,0.006310833844085433,0.0035415942380248905,0.0016862826013744469,0.004759209567636816,0.9749279121818236,-0.22252093395631434,-1.0,-1.8369701987210297e-16
2016-10-13,116.62000274658205,117.31999969482422,115.94000244140624,117.0,109.57079315185548,22821000.0,-0.0035831293641308,97.98999786376952,98.12999725341795,97.51000213623048,97.5199966430664,97.5199966430664,0.0,1.7549999952316284,1.7599999904632568,1.7289999723434448,1.7380000352859497,1.7380000352859497,0.0,16.8799991607666,17.950000762939453,16.139999389648438,16.690000534057617,16.690000534057617,0.0,-0.0035831293641308787,0.011833280920227285,-0.003576717616437408,118.2790008544922,118.09049987792969,117.36120010375978,109.54900028228757,117.98385969944292,117.72495382141071,0.2589058780322091,0.46981887944691303,45.707404238582555,22.615463807447604,41.80548919821125,-0.7128278716863216,-70.05657388549417,1.1688688507482319,116.5867980944664,119.59420166139297,2.5466939085153566,0.10183175246706264,-0.0008514945081338097,-0.014362079924163185,-0.0005050865296989191,-0.007271574039820969,0.01541915270941207,0.43388373911755823,-0.900968867902419,-1.0,-1.8369701987210297e-16
2016-10-14,117.58000183105467,118.0500030517578,117.06999969482422,117.13999938964844,109.70191955566406,21313300.0,0.0011960121970512,97.52999877929688,98.12000274658205,97.51000213623048,98.0199966430664,98.0199966430664,0.0,1.777999997138977,1.7940000295639038,1.7519999742507937,1.7940000295639038,1.7940000295639038,0.0,16.489999771118164,16.5,15.25,16.1200008392334,16.1200008392334,0.0,0.0011960121970512275,0.008334779228373388,0.0011967277048625657,118.12100067138672,118.08299980163574,117.36840011596681,109.61465026855467,117.85403503639762,117.6816238635024,0.17241117289522379,0.4103373381365752,46.63236268700238,26.92567444628955,30.7542770547186,-1.330864062338939,-66.101789889977,1.1603784365346295,116.56110049857753,119.60489910469394,2.5776772365451435,0.10193308993440983,-0.0035831293641308787,-0.0008514945081338097,-0.0021921882720880486,0.00744005287229549,-0.000477129675861159,-0.433883739117558,-0.9009688679024191,-1.0,-1.8369701987210297e-16
2016-10-17,117.04000091552734,117.3000030517578,116.66999816894533,116.81999969482422,109.40225219726562,14182700.0,-0.0027353887682951,98.05999755859376,98.16999816894533,97.80999755859376,97.88999938964844,97.88999938964844,0.0,1.7890000343322754,1.7890000343322754,1.756999969482422,1.7660000324249268,1.7660000324249268,0.0,17.010000228881836,17.110000610351562,16.1299991607666,16.209999084472656,16.209999084472656,0.0,-0.002735388768295195,0.005382816796687932,-0.0027316510012970197,117.94800033569338,118.08499984741212,117.3718000793457,109.6771002578735,117.69495267615555,117.61779985100772,0.07715282514783439,0.343700435538827,44.755484920353595,29.566769756858292,26.36930267019848,-1.45930266756575,-75.14132695395395,1.122494611268761,116.57022206812111,119.59977762670313,2.565571886773739,0.10118656280940184,0.0011960121970512275,-0.0035831293641308787,0.006310833844085433,-0.0014328725862968394,-0.004357878015605275,0.0,1.0,-1.0,-1.8369701987210297e-16
2016-10-18,118.20999908447266,118.41000366210938,117.8000030517578,117.86000061035156,110.3761978149414,19276700.0,0.0088630345074634,97.87000274658205,97.95999908447266,97.61000061035156,97.9000015258789,97.9000015258789,0.0,1.7699999809265137,1.7869999408721924,1.7450000047683716,1.7489999532699585,1.7489999532699585,0.0,15.81999969482422,15.850000381469728,15.029999732971191,15.279999732971191,15.279999732971191,0.0,0.008863034507463433,0.005160313129819681,0.008902427492257114,117.89700012207032,118.1279998779297,117.39060012817382,109.73870025634763,117.72034466603186,117.63574064799616,0.08460401803570505,0.2918811520382026,51.576838358595566,37.66470184664371,31.385715349930514,-0.4308542066374239,-45.76277761613792,1.1558881366985034,116.69636183132464,119.55963792453475,2.4238758771577866,0.10582111541727984,-0.002735388768295195,0.0011960121970512275,-0.014362079924163185,-0.001519372041388465,0.0018821931155449869,0.7818314824680298,0.6234898018587336,-1.0,-1.8369701987210297e-16
2016-10-19,117.7699966430664,118.0199966430664,117.63999938964844,117.8499984741211,110.3668212890625,13702900.0,-8.495422344592692e-05,97.88999938964844,97.97000122070312,97.62999725341795,97.87000274658205,97.87000274658205,0.0,1.75600004196167,1.7699999809265137,1.7289999723434448,1.7519999742507937,1.7519999742507937,0.0,15.449999809265137,15.68000030517578,13.869999885559082,14.40999984741211,14.40999984741211,0.0,-8.495422344592692e-05,0.00322660494395404,-8.495061493807299e-05,117.8029998779297,118.11299972534181,117.4152000427246,109.81845024108884,117.74029140573789,117.65161159807948,0.08867980765840855,0.2512408831622438,51.51096272874749,44.35019055521454,37.19388738623884,-0.7913144491636921,-46.04532376426451,1.1004673593213226,116.67605550968885,119.54994394099477,2.4331686080184327,0.09980291307991254,0.008863034507463433,-0.002735388768295195,-0.0008514945081338097,0.0035415942380248905,0.009781024369904592,0.9749279121818236,-0.22252093395631434,-1.0,-1.8369701987210297e-16
2016-10-20,117.7300033569336,117.97000122070312,117.02999877929688,117.70999908447266,110.23571014404295,18132200.0,-0.0011886641518145,97.8499984741211,98.4000015258789,97.66000366210938,98.31999969482422,98.31999969482422,0.0,1.7489999532699585,1.7680000066757202,1.7239999771118164,1.746999979019165,1.746999979019165,0.0,14.43000030517578,14.720000267028809,13.739999771118164,13.75,13.75,0.0,-0.0011886641518145077,0.007984391528099702,-0.001187957970413489,117.7009994506836,118.04399986267092,117.42699996948241,109.88665023803709,117.73563104862015,117.65593659707157,0.07969445154857624,0.2169315968395103,50.53797808261748,52.73059695327195,44.91516311837673,-0.8590956317878107,-50.0001077597817,1.089005579470246,116.67359779033059,119.41440193501124,2.321849605121164,0.09518711827867103,-8.495422344592692e-05,0.008863034507463433,-0.0035831293641308787,-0.0005050865296989191,0.00792482794457746,0.43388373911755823,-0.900968867902419,-1.0,-1.8369701987210297e-16
2016-10-21,117.8000030517578,118.22000122070312,117.41000366210938,118.1500015258789,110.64776611328124,15707800.0,0.0037309848089457,98.31999969482422,98.80999755859376,98.30999755859376,98.6999969482422,98.6999969482422,0.0,1.7510000467300415,1.7580000162124634,1.7309999465942385,1.7400000095367432,1.7400000095367432,0.0,14.039999961853027,14.529999732971191,13.270000457763672,13.34000015258789,13.34000015258789,0.0,0.00373098480894571,0.006876040217400175,0.0037379535968866673,117.66899948120118,118.03499984741212,117.44600006103516,109.97320026397705,117.7993803528138,117.69253399920545,0.10684635360834704,0.19491454819327766,53.51017679802685,55.461301666325596,50.847363058270695,-0.27011031613655245,-37.570663476976975,1.069076435121925,116.67015337749653,119.39984631732771,2.312613159960985,0.09375548215422706,-0.0011886641518145077,-8.495422344592692e-05,0.0011960121970512275,-0.0021921882720880486,-0.006402490898454458,-0.433883739117558,-0.9009688679024191,-1.0,-1.8369701987210297e-16
2016-10-24,118.91000366210938,119.6500015258789,118.88999938964844,119.56999969482422,111.97761535644533,19143000.0,0.0119471109015407,98.62000274658205,98.8499984741211,98.54000091552734,98.66999816894533,98.66999816894533,0.0,1.7369999885559082,1.774999976158142,1.72599995136261,1.7630000114440918,1.7630000114440918,0.0,13.1899995803833,13.260000228881836,12.829999923706056,13.020000457763672,13.020000457763672,0.0,0.011947110901540721,0.006391406213307881,0.012018762690632068,117.70399932861328,118.14650001525878,117.4834001159668,110.06685028076173,118.0717833285077,117.83160553221425,0.2401777962934517,0.2039671978133125,61.54193747481996,70.09094821490818,59.427615611501906,0.293573620648743,-2.1563841185168076,1.0998566897560733,116.66163767074,119.63136235977755,2.513595145564197,0.09753715954265217,0.00373098480894571,-0.0011886641518145077,-0.002735388768295195,0.006310833844085433,-0.0084015057351727,0.0,1.0,-1.0,-1.8369701987210297e-16
2016-10-25,119.63999938964844,119.66000366210938,119.01000213623048,119.19000244140624,111.62174224853516,20341800.0,-0.0031831344437453,98.76000213623048,99.12000274658205,98.61000061035156,98.72000122070312,98.72000122070312,0.0,1.77400004863739,1.7790000438690186,1.7419999837875366,1.7580000162124634,1.7580000162124634,0.0,12.90999984741211,13.859999656677246,12.729999542236328,13.460000038146973,13.460000038146973,0.0,-0.0031831344437453597,0.005432978344992635,-0.0031780736424629197,117.87099990844727,118.1810001373291,117.52620010375976,110.15750030517579,118.2438170381844,117.93222752548773,0.31158951269667057,0.22549166078998412,58.623169858699505,82.54617171123175,69.36614053082184,1.4210396920040744,-12.634437270810938,1.0677241780505604,116.63092327872445,119.73107699593373,2.6232251492260428,0.09261260898971159,0.011947110901540721,0.00373098480894571,0.008863034507463433,-0.014362079924163185,0.009837178029085963,0.7818314824680298,0.6234898018587336,-1.0,-1.8369701987210297e-16
2016-10-26,118.41999816894533,119.02999877929688,118.02999877929688,118.37999725341795,110.8631591796875,20463700.0,-0.0068192133811394,98.69000244140624,98.83999633789062,98.33999633789062,98.62999725341795,98.62999725341795,0.0,1.781000018119812,1.7970000505447388,1.77400004863739,1.7899999618530271,1.7899999618530271,0.0,13.65999984741211,14.800000190734863,13.65999984741211,14.239999771118164,14.239999771118164,0.0,-0.0068192133811394015,0.008444519637412407,-0.006796015306396175,117.96699981689451,118.16500015258788,117.54860000610351,110.24565029144289,118.26476784052802,117.96539565348257,0.2993721870454493,0.2402677660410772,52.867341284841395,83.60013849152723,78.74575280588905,0.8175771584422693,-34.408763136090556,1.0743155697690463,116.63095637751412,119.69904392766163,2.5964435714345635,0.09577923436222502,-0.0031831344437453597,0.011947110901540721,-8.495422344592692e-05,-0.0008514945081338097,0.0016862826013744469,0.9749279121818236,-0.22252093395631434,-1.0,-1.8369701987210297e-16
2016-10-27,118.88999938964844,118.98999786376952,117.66999816894533,117.83999633789062,110.3574447631836,19099800.0,-0.0045720451750663,98.62000274658205,99.02999877929688,98.5,98.88999938964844,98.88999938964844,0.0,1.820000052452088,1.870000004768372,1.815000057220459,1.843000054359436,1.843000054359436,0.0,14.369999885559082,15.43000030517578,13.600000381469728,15.359999656677246,15.359999656677246,0.0,-0.004572045175066303,0.011102697464889722,-0.004561609287033197,118.05099945068359,118.16500015258788,117.55959991455079,110.33060028076173,118.19941837858381,117.95610681529057,0.243311563293247,0.24087652549151117,49.38609596975536,68.01062919240547,78.05231313172149,0.7179455879407052,-48.92491201588207,1.0918644358444138,116.63095637751412,119.69904392766163,2.5964435714345635,0.09356517642368647,-0.0068192133811394015,-0.0031831344437453597,-0.0011886641518145077,-0.0035831293641308787,-0.007271574039820969,0.43388373911755823,-0.900968867902419,-1.0,-1.8369701987210297e-16
2016-10-28,117.5,118.11000061035156,116.73999786376952,117.0999984741211,109.6644287109375,35369300.0,-0.0062995404331223,98.91999816894533,98.94000244140624,98.23999786376952,98.3499984741211,98.3499984741211,0.0,1.8650000095367432,1.878999948501587,1.8329999446868896,1.8450000286102293,1.8450000286102293,0.0,15.670000076293944,17.350000381469727,14.649999618530272,16.190000534057617,16.190000534057617,0.0,-0.006299540433122333,0.01165959784325145,-0.006279739928133021,118.04699935913087,118.0840000152588,117.55639984130859,110.397250289917,118.03027685482031,117.89269138261135,0.13758547220896844,0.22021831483500265,45.01192827013777,49.283001222343515,66.9645896354254,-0.034147956066046044,-68.81732118099681,1.111731458039959,116.50298695643372,119.66501307408387,2.677776936114597,0.09176828226777062,-0.004572045175066303,-0.0068192133811394015,0.00373098480894571,0.0011960121970512275,0.00744005287229549,-0.433883739117558,-0.9009688679024191,-1.0,-1.8369701987210297e-16
2016-10-31,117.52999877929688,117.52999877929688,116.93000030517578,116.98999786376952,109.5614242553711,18749400.0,-0.0009397109123085,98.31999969482422,98.6999969482422,98.29000091552734,98.4499969482422,98.4499969482422,0.0,1.840000033378601,1.843000054359436,1.825999975204468,1.8339999914169312,1.8339999914169312,0.0,16.309999465942383,17.6299991607666,16.25,17.059999465942383,17.059999465942383,0.0,-0.0009397109123085939,0.005105066624290518,-0.0009392695222797398,118.06399917602539,118.00599975585939,117.54919982910155,110.47105026245117,117.87023393312019,117.82582519603046,0.04440873708972504,0.18505639928594714,44.38263494143886,36.8278136459471,51.37381468689869,0.14552145984368647,-71.7743258652798,1.0751791020457544,116.36885770460425,119.64314180711453,2.7746759565483026,0.0917318072578198,-0.006299540433122333,-0.004572045175066303,0.011947110901540721,-0.002735388768295195,-0.0014328725862968394,0.0,1.0,-1.0,-1.8369701987210297e-16
2016-11-01,117.19000244140624,117.20999908447266,115.0999984741211,116.11000061035156,108.7373046875,23498700.0,-0.007550419437006,98.38999938964844,98.4800033569336,97.63999938964844,97.6999969482422,97.6999969482422,0.0,1.847000002861023,1.878999948501587,1.8109999895095823,1.820000052452088,1.820000052452088,0.0,16.540000915527344,20.43000030517578,16.510000228881836,18.559999465942383,18.559999465942383,0.0,-0.007550419437006099,0.018004954060876828,-0.007521986625056987,117.88899917602541,117.89299964904787,117.52019989013672,110.53585025787352,117.5994288065404,117.69872707857277,-0.09929827203237096,0.12818546502228353,39.61153918655086,27.18583246948272,37.7655491125911,-1.4848124817049244,-77.85085554527522,1.1490949240675978,116.06123052686512,119.72476877123061,3.1075112646818512,0.09492177392548382,-0.0009397109123085939,-0.006299540433122333,-0.0031831344437453597,0.008863034507463433,-0.001519372041388465,0.7818314824680298,0.6234898018587336,-0.8660254037844386,0.5000000000000001
2016-11-02,116.02999877929688,116.3000030517578,114.88999938964844,115.18000030517578,107.8663558959961,26960100.0,-0.008041909199577,97.75,97.8000030517578,97.18000030517578,97.4000015258789,97.4000015258789,0.0,1.7990000247955322,1.8220000267028809,1.77400004863739,1.7990000247955322,1.7990000247955322,0.0,19.09000015258789,19.81999969482422,18.559999465942383,19.31999969482422,19.31999969482422,0.0,-0.008041909199577034,0.012152061337097475,-0.008009659555264226,117.62199935913085,117.7124996185303,117.4877998352051,110.60885025024412,117.22720903709968,117.51215472498781,-0.2849456878881256,0.04555923444020172,35.29350303015942,18.818165635862943,27.61060391709759,-2.265590329669476,-93.92032168185614,1.1677312624991525,115.56812165679862,119.85687758026198,3.643415896665081,0.09652147743143583,-0.007550419437006099,-0.0009397109123085939,-0.0068192133811394015,-8.495422344592692e-05,0.0035415942380248905,0.9749279121818236,-0.22252093395631434,-0.8660254037844386,0.5000000000000001
2016-11-03,114.98999786376952,115.37000274658205,113.91999816894533,114.0500030517578,106.80810546875,36205200.0,-0.009859197900548,97.37999725341795,97.45999908447266,97.04000091552734,97.16000366210938,97.16000366210938,0.0,1.819000005722046,1.8289999961853027,1.805999994277954,1.812000036239624,1.812000036239624,0.0,19.850000381469727,22.56999969482422,18.84000015258789,22.07999992370605,22.07999992370605,0.0,-0.00985919790054809,0.012609832199097545,-0.00981075534123399,117.25599975585939,117.47849960327149,117.43659988403321,110.66910026550292,116.73840811627785,117.2556990454893,-0.5172909292114412,-0.06701079829012685,30.887664221978326,10.164571344720901,18.72285648335552,-3.1093331587644664,-97.73510873870595,1.1878936421518358,114.83770059721908,120.11929860932389,4.495799682444812,0.1008034635564918,-0.008041909199577034,-0.007550419437006099,-0.004572045175066303,-0.0011886641518145077,-0.0005050865296989191,0.43388373911755823,-0.900968867902419,-0.8660254037844386,0.5000000000000001
2016-11-04,113.7699966430664,114.54000091552734,113.4499969482422,113.6500015258789,106.43351745605467,26997500.0,-0.0035132765625763,97.16000366210938,97.3499984741211,96.88999938964844,97.06999969482422,97.06999969482422,0.0,1.7979999780654907,1.82099997997284,1.7710000276565552,1.7829999923706057,1.7829999923706057,0.0,21.86000061035156,23.01000022888184,19.200000762939453,22.51000022888184,22.51000022888184,0.0,-0.003513276562576366,0.009580768211717893,-0.003507112227591369,116.80599975585938,117.23749961853028,117.37399993896484,110.71670028686523,116.26326864083185,116.98861034033297,-0.725341699501115,-0.19867697853232452,29.484536866097006,3.855083909218885,10.94594029660091,-3.80871768250832,-96.77931785178127,1.1809015225185004,114.137810522998,120.33718871406256,5.287879911492678,0.10094397856017798,-0.00985919790054809,-0.008041909199577034,-0.006299540433122333,0.00373098480894571,-0.0021921882720880486,-0.433883739117558,-0.9009688679024191,-0.8660254037844386,0.5000000000000001
2016-11-07,115.48999786376952,116.47000122070312,115.3000030517578,116.3499984741211,108.96206665039062,26591200.0,0.023479268291169,97.54000091552734,97.87000274658205,97.22000122070312,97.77999877929688,97.77999877929688,0.0,1.8170000314712524,1.8329999446868896,1.8140000104904173,1.8279999494552608,1.8279999494552608,0.0,19.780000686645508,19.86000061035156,18.38999938964844,18.709999084472656,18.709999084472656,0.0,0.023479268291169027,0.010130731583573508,0.023757076293001056,116.48399963378907,117.09399948120117,117.36219985961914,110.77640026092529,116.27661169210712,116.94130575765061,-0.6646940655434861,-0.29188039593455684,46.98947070340514,17.394806759587148,10.47148733784231,-2.692984217547429,-53.301153130751345,1.2979799633974802,114.11746514133159,120.07053382107074,5.084008323325638,0.13312949573497776,-0.003513276562576366,-0.00985919790054809,-0.0009397109123085939,0.011947110901540721,0.006310833844085433,0.0,1.0,-0.8660254037844386,0.5000000000000001
2016-11-08,116.2300033569336,117.63999938964844,115.95999908447266,117.11000061035156,109.6738052368164,20777900.0,0.0065107440465686,97.75,97.98999786376952,97.5500030517578,97.86000061035156,97.86000061035156,0.0,1.8229999542236328,1.8739999532699585,1.819000005722046,1.861999988555908,1.861999988555908,0.0,18.920000076293945,19.90999984741211,17.700000762939453,18.739999771118164,18.739999771118164,0.0,0.006510744046568694,0.014454101838202884,0.006531985013733532,116.2759994506836,117.07349967956543,117.37319992065429,110.85120025634765,116.40482537183703,116.9538016726655,-0.5489763008284712,-0.34329957691333973,50.69939130785106,36.285574112341436,19.178488260382487,-1.7451143455401819,-41.06280668044307,1.325267130667359,114.1036787801319,120.04332057899896,5.073429781397225,0.12623619429083263,0.023479268291169027,-0.003513276562576366,-0.007550419437006099,-0.0031831344437453597,-0.014362079924163185,0.7818314824680298,0.6234898018587336,-0.8660254037844386,0.5000000000000001
2016-11-09,115.73999786376952,117.83999633789062,115.5999984741211,117.6500015258789,110.17955017089844,70234400.0,0.0046007560378952,97.66000366210938,98.6999969482422,95.88999938964844,98.5,98.5,0.0,1.9570000171661377,2.0899999141693115,1.9279999732971191,2.072000026702881,2.072000026702881,0.0,20.700000762939453,21.479999542236328,14.329999923706056,14.380000114440918,14.380000114440918,0.0,0.004600756037895298,0.019353705763897593,0.004611355765307801,116.20299987792968,117.0849998474121,117.39739990234375,110.9311502456665,116.59639093399733,117.0053720321628,-0.40898109816546935,-0.3564358811637657,53.20529050427308,57.75629700795363,37.14555929329407,-0.61665462449398,-32.3671491649447,1.390605040174657,114.10775739566398,120.06224229916023,5.085608669988704,0.12732737555366896,0.006510744046568694,0.023479268291169027,-0.008041909199577034,-0.0068192133811394015,-0.0008514945081338097,0.9749279121818236,-0.22252093395631434,-0.8660254037844386,0.5000000000000001
2016-11-10,118.22000122070312,118.37999725341795,114.1999969482422,115.75,108.40017700195312,72825400.0,-0.0162815874979491,98.61000061035156,99.08000183105467,98.30999755859376,98.79000091552734,98.79000091552734,0.0,2.117000102996826,2.125999927520752,2.065999984741211,2.117000102996826,2.117000102996826,0.0,14.010000228881836,16.299999237060547,13.260000228881836,14.739999771118164,14.739999771118164,0.0,-0.01628158749794913,0.03535780969391274,-0.016149758881619514,115.99400024414064,117.0224998474121,117.37759994506835,111.00165023803713,116.46617694415158,116.91238151126186,-0.44620456711027146,-0.3743896183530669,44.61286846531998,54.535696764042584,49.52585596144588,-1.7735882576725788,-62.96295386248445,1.5898475591033068,113.9858554200405,120.05914427478372,5.189847134236838,0.13958488426770801,0.004600756037895298,0.006510744046568694,-0.00985919790054809,-0.004572045175066303,-0.0035831293641308787,0.43388373911755823,-0.900968867902419,-0.8660254037844386,0.5000000000000001
2016-11-11,115.25,116.0500030517578,114.83999633789062,115.8000030517578,108.4469985961914,41115200.0,0.0004318395647696,98.61000061035156,99.08000183105467,98.30999755859376,98.79000091552734,98.79000091552734,0.0,2.117000102996826,2.125999927520752,2.065999984741211,2.117000102996826,2.117000102996826,0.0,14.829999923706056,16.0,14.149999618530272,14.170000076293944,14.170000076293944,0.0,0.0004318395647696665,0.010498973656114302,0.00043193282089792895,115.8640007019043,116.95550003051758,117.35119995117188,111.090050239563,116.36368865301408,116.82998310685414,-0.46629445384006374,-0.3927705854504663,44.865224466372524,47.50404812041879,53.26534729747166,-1.1101583597805018,-62.157752611314464,1.5627160701578686,113.87101739675072,120.03998266428445,5.274626046593831,0.13948536596885266,-0.01628158749794913,0.004600756037895298,-0.003513276562576366,-0.006299540433122333,0.0011960121970512275,-0.433883739117558,-0.9009688679024191,-0.8660254037844386,0.5000000000000001
2016-11-14,115.83000183105467,115.94000244140624,114.02999877929688,114.62999725341795,107.35128021240234,35906000.0,-0.0101551115817056,99.0,100.22000122070312,99.0,100.11000061035156,100.11000061035156,0.0,2.23799991607666,2.2699999809265137,2.188999891281128,2.2219998836517334,2.2219998836517334,0.0,14.6899995803833,15.5600004196167,14.390000343322754,14.479999542236328,14.479999542236328,0.0,-0.010155111581705617,0.01648971451192085,-0.010103722537025073,115.62800064086915,116.84599990844728,117.3013998413086,111.18010021209716,116.09696689923007,116.6670211917848,-0.5700542925547296,-0.428227326871319,40.244715559437346,32.00874848701028,44.68283112382388,-2.017266991576233,-78.85304806517023,1.5875223267258323,113.59051208499072,120.10148773190384,5.572270896748447,0.1434398031880977,0.0004318395647696665,-0.01628158749794913,0.023479268291169027,-0.0009397109123085939,-0.002735388768295195,0.0,1.0,-0.8660254037844386,0.5000000000000001
2016-11-15,115.5,116.62000274658205,115.33000183105467,116.22000122070312,108.84031677246094,31796600.0,0.0137753745057614,99.8000030517578,100.26000213623048,99.4499969482422,100.19000244140624,100.19000244140624,0.0,2.2149999141693115,2.242000102996826,2.200999975204468,2.23799991607666,2.23799991607666,0.0,14.15999984741211,14.649999618530272,13.300000190734863,13.369999885559082,13.369999885559082,0.0,0.01377537450576148,0.011168839095475084,0.013870692153017838,115.63900070190431,116.76399993896486,117.26879989624022,111.27960021972655,116.11589525637976,116.63390860133431,-0.5180133449545536,-0.44618453048796597,48.07145691514524,36.32975606028509,38.61418422257138,0.09473827385524586,-49.99993114266002,1.616271124328565,113.53353144972408,119.99446842820564,5.5333296066072,0.1488530831671612,-0.010155111581705617,0.0004318395647696665,0.006510744046568694,-0.007550419437006099,0.008863034507463433,0.7818314824680298,0.6234898018587336,-0.8660254037844386,0.5000000000000001
2016-11-16,115.66999816894533,116.98999786376952,115.66999816894533,116.91000366210938,109.48650360107422,16538100.0,0.0059194625229654,100.16999816894533,100.56999969482422,99.9000015258789,100.41000366210938,100.41000366210938,0.0,2.2790000438690186,2.2790000438690186,2.2049999237060547,2.2230000495910645,2.2230000495910645,0.0,13.510000228881836,14.489999771118164,13.510000228881836,13.720000267028809,13.720000267028809,0.0,0.005919462522965484,0.011411772419121375,0.005937017162162217,115.81200103759767,116.71700019836427,117.24860000610352,111.38070022583008,116.23806578033816,116.65436008731766,-0.4162943069794949,-0.4402064857862718,51.0667922733348,47.109902804196054,38.48280245049714,1.5019997849885867,-29.817312379581583,1.595108879363967,113.52594703476441,119.90805336196414,5.468017783487519,0.15069695056650353,0.01377537450576148,-0.010155111581705617,0.004600756037895298,-0.008041909199577034,-8.495422344592692e-05,0.9749279121818236,-0.22252093395631434,-0.8660254037844386,0.5000000000000001
2016-11-17,116.8499984741211,117.77999877929688,116.61000061035156,117.76000213623048,110.28254699707033,20598600.0,0.0072443947432348,100.25,101.01000213623048,99.95999908447266,100.88999938964844,100.88999938964844,0.0,2.2230000495910645,2.282999992370605,2.2230000495910645,2.276000022888184,2.276000022888184,0.0,13.369999885559082,13.550000190734863,12.970000267028809,13.350000381469728,13.350000381469728,0.0,0.007244394743234811,0.010012821431096839,0.007270698851582491,116.18300094604494,116.71950035095216,117.25919998168945,111.48675022125245,116.47220983509084,116.73625949834823,-0.26404966325739565,-0.4049751212804966,54.54513141262359,69.20226379678711,50.88064088708941,3.252958338623652,-12.575965087397067,1.5647438286197772,113.52509479285222,119.9139059090521,5.473645018176066,0.15306635327912946,0.005919462522965484,0.01377537450576148,-0.01628158749794913,-0.00985919790054809,-0.0011886641518145077,0.43388373911755823,-0.900968867902419,-0.8660254037844386,0.5000000000000001
2016-11-18,117.9000015258789,118.0999984741211,117.20999908447266,117.31999969482422,109.87046813964844,16428700.0,-0.0037435720643361,100.98999786376952,101.4800033569336,100.83000183105467,101.20999908447266,101.20999908447266,0.0,2.2799999713897705,2.3550000190734863,2.2669999599456787,2.3350000381469727,2.3350000381469727,0.0,13.5600004196167,13.739999771118164,12.850000381469728,12.850000381469728,12.850000381469728,0.0,-0.0037435720643361962,0.007548764869634745,-0.0037365736342019895,116.55000076293948,116.67800025939941,117.32000000000001,111.58325023651123,116.6026390442806,116.779499512902,-0.17686046862141325,-0.35935219074867997,52.46606503884977,78.70191972887048,65.00469544328455,3.2292108400100883,-21.500963346409918,1.5165477972646817,113.54079069375234,119.81520982504648,5.377551138470665,0.15296312492681516,0.007244394743234811,0.005919462522965484,0.0004318395647696665,-0.003513276562576366,0.00373098480894571,-0.433883739117558,-0.9009688679024191,-0.8660254037844386,0.5000000000000001
2016-11-21,117.61000061035156,118.6500015258789,117.56999969482422,118.54000091552734,111.01303100585938,20268500.0,0.0103454813168451,101.29000091552734,101.4000015258789,100.73999786376952,101.0500030517578,101.0500030517578,0.0,2.315000057220459,2.3410000801086426,2.309999942779541,2.33899998664856,2.33899998664856,0.0,13.270000457763672,13.4399995803833,12.15999984741211,12.420000076293944,12.420000076293944,0.0,0.010345481316845187,0.009182908132385726,0.01039918083136504,116.76900100708008,116.62650032043457,117.36419998168945,111.68585025787353,116.9006947167801,116.90990702420758,-0.009212307427489463,-0.28932421408444187,57.323339582641886,87.9358923584971,78.61335862805156,1.8822539494002286,-2.115394490701694,1.5032230853925392,113.66001243906814,119.592988201801,5.087159218901236,0.1513521944479562,-0.0037435720643361962,0.007244394743234811,-0.010155111581705617,0.023479268291169027,0.011947110901540721,0.0,1.0,-0.8660254037844386,0.5000000000000001
2016-11-22,119.01000213623048,119.19000244140624,118.61000061035156,118.9000015258789,111.35016632080078,18850600.0,0.0030322965069712,100.79000091552734,101.31999969482422,100.6500015258789,101.04000091552734,101.04000091552734,0.0,2.2980000972747803,2.325999975204468,2.2869999408721924,2.321000099182129,2.321000099182129,0.0,12.260000228881836,12.829999923706056,12.199999809265137,12.40999984741211,12.40999984741211,0.0,0.00303229650697126,0.004873555336892999,0.003036898568453683,116.94800109863282,116.6120002746582,117.43639999389649,111.77920024871827,117.20828037971839,117.0573214317388,0.1509589479795892,-0.20126758167163566,58.66557423768821,90.44378874652884,85.69386694463213,1.5284782735874416,-5.052275923301841,1.4422786882844216,113.69586372654938,119.52813682276702,5.001434742977393,0.15146204898711693,0.010345481316845187,-0.0037435720643361962,0.01377537450576148,0.006510744046568694,-0.0031831344437453597,0.7818314824680298,0.6234898018587336,-0.8660254037844386,0.5000000000000001
2016-11-23,118.51000213623048,118.63999938964844,117.9000015258789,118.41999816894533,110.9006118774414,22926000.0,-0.0040454756569698,100.94000244140624,101.91000366210938,100.88999938964844,101.6999969482422,101.6999969482422,0.0,2.321000099182129,2.4170000553131104,2.321000099182129,2.3570001125335693,2.3570001125335693,0.0,12.34000015258789,13.010000228881836,12.1899995803833,12.43000030517578,12.43000030517578,0.0,-0.004045475656969801,0.006244180663492719,-0.0040373037437968495,117.02500076293944,116.61400032043458,117.48800003051758,111.858800239563,117.39469850113791,117.15826044930967,0.2364380518282445,-0.11372645497165965,56.13065654012057,93.13921128145488,90.50629746216026,0.6544807760984584,-13.414695741631832,1.410687353406963,113.69270782316174,119.53529281770743,5.010191725257089,0.15014964506700218,0.00303229650697126,0.010345481316845187,0.005919462522965484,0.004600756037895298,-0.0068192133811394015,0.9749279121818236,-0.22252093395631434,-0.8660254037844386,0.5000000000000001
2016-11-24,118.51000213623048,118.63999938964844,117.9000015258789,118.41999816894533,110.9006118774414,22926000.0,0.0,100.94000244140624,101.91000366210938,100.88999938964844,101.6999969482422,101.6999969482422,0.0,2.321000099182129,2.4170000553131104,2.321000099182129,2.3570001125335693,2.3570001125335693,0.0,12.34000015258789,13.010000228881836,12.1899995803833,12.43000030517578,12.43000030517578,0.0,0.0,0.006244180663492719,0.0,117.29200057983398,116.64300041198732,117.50360000610351,111.94425022125246,117.55243691156981,117.25172250261602,0.30071440895379453,-0.03083828218656881,56.130656540120576,88.8701585019943,90.81771950999267,2.3066938824581658,-14.922552829083436,1.3627809612900037,113.65960765250716,119.62639317146747,5.115425270170867,0.149170230219704,-0.004045475656969801,0.00303229650697126,0.007244394743234811,-0.01628158749794913,-0.004572045175066303,0.43388373911755823,-0.900968867902419,-0.8660254037844386,0.5000000000000001
2016-11-25,118.55999755859376,118.8499984741211,118.41999816894533,118.8000030517578,111.25650024414062,7162800.0,0.0032039367791519,101.81999969482422,101.91999816894533,101.20999908447266,101.48999786376952,101.48999786376952,0.0,2.378999948501587,2.3919999599456787,2.3499999046325684,2.371999979019165,2.371999979019165,0.0,12.520000457763672,12.739999771118164,12.3100004196167,12.34000015258789,12.34000015258789,0.0,0.003203936779151987,0.003626858249244276,0.00320907487050226,117.59200057983398,116.72800064086915,117.53380004882813,112.03010025024416,117.74437016390644,117.36640995070059,0.3779602132058528,0.050921416891915525,57.804670921987345,88.03487636233436,90.01474871526118,2.5906735068557163,-7.558122342281626,1.2961537715675584,113.59658710169627,119.85941418004204,5.365316842540868,0.1474441881126096,0.0,-0.004045475656969801,-0.0037435720643361962,0.0004318395647696665,-0.006299540433122333,-0.433883739117558,-0.9009688679024191,-0.8660254037844386,0.5000000000000001
2016-11-28,118.6500015258789,119.08000183105467,118.41000366210938,118.52999877929688,111.0036392211914,13479000.0,-0.0022753619488558,101.44000244140624,101.5999984741211,100.63999938964844,101.33000183105467,101.33000183105467,0.0,2.325000047683716,2.345000028610229,2.313999891281128,2.319999933242798,2.319999933242798,0.0,13.399999618530272,13.5,12.739999771118164,13.149999618530272,13.149999618530272,0.0,-0.002275361948855811,0.005646845009093102,-0.002272775275101613,117.98200073242188,116.80500068664551,117.56880004882812,112.10635025024416,117.86523610473574,117.45260171578178,0.4126343889539612,0.12326401130432467,56.16473122934151,88.24285508694965,88.38262998375943,3.4022521323602604,-12.790759567785992,1.251428371380254,113.57236152748531,120.03763984580571,5.535104045472246,0.147719644914557,0.003203936779151987,0.0,0.010345481316845187,-0.010155111581705617,-0.0009397109123085939,0.0,1.0,-0.8660254037844386,0.5000000000000001
2016-11-29,118.63999938964844,119.51000213623048,118.3000030517578,118.94000244140624,111.38761901855467,18553000.0,0.0034531948959516,101.16999816894533,101.63999938964844,100.86000061035156,100.93000030517578,100.93000030517578,0.0,2.32699990272522,2.3499999046325684,2.299999952316284,2.302000045776367,2.302000045776367,0.0,13.06999969482422,13.550000190734863,12.619999885559082,12.899999618530272,12.899999618530272,0.0,0.003453194895951694,0.010198913441483543,0.0034591640423440317,118.25400085449219,116.94650077819824,117.60760009765625,112.19315025329591,118.03058477191583,117.56277954730952,0.4678052246063089,0.19217225396472154,58.10827775991672,89.74989005884275,88.67587383604224,2.3403899433263615,-10.401447913404127,1.2484691366011422,113.59633809394919,120.2966634624473,5.7293936320557455,0.14474798834613747,-0.002275361948855811,0.003203936779151987,0.00303229650697126,0.01377537450576148,-0.007550419437006099,0.7818314824680298,0.6234898018587336,-0.8660254037844386,0.5000000000000001
2016-11-30,119.08999633789062,119.12999725341795,117.45999908447266,117.5,110.03905487060548,30405300.0,-0.0121808343900003,100.86000061035156,101.83000183105467,100.83999633789062,101.5,101.5,0.0,2.358999967575073,2.4100000858306885,2.3540000915527344,2.368000030517578,2.368000030517578,0.0,12.600000381469728,13.420000076293944,12.229999542236328,13.329999923706056,13.329999923706056,0.0,-0.012180834390000334,0.01402299286505191,-0.012106948329010825,118.31300048828128,117.06250076293944,117.59460006713867,112.26790023803711,117.94895634546724,117.55812921047178,0.39082713499546173,0.23190323017086958,49.763046028004354,80.04298129613682,86.01190881397639,0.504658557359915,-36.678848630399386,1.2785783531971533,113.81065852911216,120.31434299676671,5.555736828845825,0.14893940472341274,0.003453194895951694,-0.002275361948855811,-0.004045475656969801,0.005919462522965484,-0.008041909199577034,0.9749279121818236,-0.22252093395631434,-0.8660254037844386,0.5000000000000001
2016-12-01,117.45999908447266,117.47000122070312,115.29000091552734,115.47000122070312,108.13793182373048,39796600.0,-0.0174277882749902,101.51000213623048,101.58999633789062,100.87000274658205,101.04000091552734,101.04000091552734,0.0,2.4140000343322754,2.492000102996826,2.4030001163482666,2.440999984741211,2.440999984741211,0.0,13.399999618530272,14.720000267028809,13.050000190734863,14.06999969482422,14.06999969482422,0.0,-0.017427788274990207,0.01855951236308124,-0.017276802759806698,118.08400039672854,117.13350067138671,117.52220016479492,112.32745025634766,117.56757863396507,117.40345306308151,0.16412557088355584,0.21834769831340683,40.85533020431798,59.73236805773067,76.50841313757007,-1.9446338943490964,-73.72259928300448,1.3451084054311178,114.10420988475916,120.16279145801427,5.172373009026868,0.15838026031037178,-0.012180834390000334,0.003453194895951694,0.0,0.007244394743234811,-0.00985919790054809,0.43388373911755823,-0.900968867902419,-0.5000000000000004,0.8660254037844384
2016-12-02,115.54000091552734,116.16000366210938,115.22000122070312,115.6999969482422,108.3533172607422,32876800.0,0.0019897848895619,100.88999938964844,101.11000061035156,100.62000274658205,100.7699966430664,100.7699966430664,0.0,2.427000045776367,2.438999891281128,2.374000072479248,2.390000104904175,2.390000104904175,0.0,14.15999984741211,14.479999542236328,12.390000343322754,14.119999885559082,14.119999885559082,0.0,0.001989784889561959,0.008135731642355593,0.0019917658251760173,117.92200012207033,117.23600044250487,117.46960006713867,112.388800239563,117.28025837462309,117.27727112864898,0.0029872459741113744,0.17527560784554774,42.11948557805599,33.595753765488396,57.79036770645196,-1.3808410763689136,-88.81129079013094,1.3161722651436272,114.58830411518156,119.88369676982819,4.5168656681047485,0.15767914888440954,-0.017427788274990207,-0.012180834390000334,0.003203936779151987,-0.0037435720643361962,-0.003513276562576366,-0.433883739117558,-0.9009688679024191,-0.5000000000000004,0.8660254037844384
2016-12-05,116.3000030517578,117.05999755859376,115.7699966430664,116.5999984741211,109.19617462158205,21419700.0,0.0077486880873992,100.66000366210938,101.54000091552734,99.8499984741211,100.13999938964844,100.13999938964844,0.0,2.4230000972747803,2.4489998817443848,2.361999988555908,2.38700008392334,2.38700008392334,0.0,13.75,13.770000457763672,12.140000343322754,12.140000343322754,12.140000343322754,0.0,0.007748688087399241,0.011092011020440471,0.007778786862718601,117.7279998779297,117.24850044250488,117.45480010986329,112.4593002319336,117.17560300531508,117.22710278386913,-0.05149977855404586,0.12992053056562905,46.90215031416675,23.211290402298403,38.846470741839155,-1.636580417093731,-67.83223871996937,1.3193028612299083,114.61609992650652,119.88090095850323,4.490292849910188,0.13622143349771215,0.001989784889561959,-0.017427788274990207,-0.002275361948855811,0.010345481316845187,0.023479268291169027,0.0,1.0,-0.5000000000000004,0.8660254037844384
2016-12-06,116.93000030517578,117.08000183105467,116.38999938964844,116.87999725341795,109.45838165283205,27293300.0,0.0023983690201202,100.13999938964844,100.58000183105467,99.9800033569336,100.48999786376952,100.48999786376952,0.0,2.384999990463257,2.4030001163482666,2.378000020980835,2.3959999084472656,2.3959999084472656,0.0,12.1899995803833,12.300000190734863,11.539999961853027,11.789999961853027,11.789999961853027,0.0,0.0023983690201202995,0.005900987253958757,0.002401247407783913,117.5259994506836,117.2370002746582,117.42240005493166,112.51475021362305,117.13012519733091,117.20139126309496,-0.07126606576404981,0.08968321129969328,48.3325331841661,27.35033614974705,28.052460105844613,-1.6989102157591582,-61.30546204065854,1.274352831242503,114.60004642664438,119.87395412267202,4.498501056553931,0.13442782287214416,0.007748688087399241,0.001989784889561959,0.003453194895951694,0.00303229650697126,0.006510744046568694,0.7818314824680298,0.6234898018587336,-0.5000000000000004,0.8660254037844384
2016-12-07,116.63999938964844,118.51000213623048,116.29000091552734,118.36000061035156,110.84442138671876,26622400.0,0.0125832082313754,100.4800033569336,100.5999984741211,100.13999938964844,100.2300033569336,100.2300033569336,0.0,2.371000051498413,2.375999927520752,2.345999956130981,2.3469998836517334,2.3469998836517334,0.0,11.59000015258789,12.239999771118164,11.329999923706056,12.220000267028809,12.220000267028809,0.0,0.012583208231375436,0.019032932375856647,0.012662709908162206,117.51999969482424,117.27250022888184,117.41560012817384,112.57740020751953,117.3193367993341,117.28721417770657,0.03212262162752211,0.07817109336525904,55.20203028268746,48.018580861783235,32.860069137942894,-0.050665056174184334,-26.806556654022394,1.3418991447754056,114.5933565570071,119.95164390075658,4.569091077014357,0.14095640909135732,0.0023983690201202995,0.007748688087399241,-0.012180834390000334,-0.004045475656969801,0.004600756037895298,0.9749279121818236,-0.22252093395631434,-0.5000000000000004,0.8660254037844384
2016-12-08,118.41000366210938,118.87000274658205,118.18000030517578,118.56999969482422,111.04108428955078,18578400.0,0.0017726525554735,100.19000244140624,101.25,99.43000030517578,101.06999969482422,101.06999969482422,0.0,2.3929998874664307,2.424999952316284,2.371000051498413,2.38700008392334,2.38700008392334,0.0,12.100000381469728,13.399999618530272,11.300000190734863,12.640000343322754,12.640000343322754,0.0,0.0017726525554735946,0.005827230977673398,0.0017742246327931976,117.53499984741211,117.41350021362305,117.43020019531251,112.64210021972656,117.51174647556334,117.3822353271227,0.12951114844064193,0.08843910438033563,56.09404211651571,63.32550238692668,46.231473132818984,0.1266690830926129,-21.91147414453902,1.2953350945347528,114.77522009712246,120.05178033012365,4.493997899220257,0.12662634102366818,0.012583208231375436,0.0023983690201202995,-0.017427788274990207,0.0,-0.01628158749794913,0.43388373911755823,-0.900968867902419,-0.5000000000000004,0.8660254037844384
2016-12-09,119.01000213623048,119.54000091552734,119.0,119.5,111.91204833984376,21863100.0,0.0078130185528864,101.08000183105467,101.73999786376952,101.01000213623048,101.56999969482422,101.56999969482422,0.0,2.4130001068115234,2.477999925613404,2.3980000019073486,2.46399998664856,2.46399998664856,0.0,12.59000015258789,12.720000267028809,11.670000076293944,11.75,11.75,0.0,0.007813018552886415,0.004537441440503513,0.00784361982653059,117.60499954223631,117.59850006103514,117.44580017089845,112.71125022888182,117.81763163316899,117.53910678437286,0.27852484879612405,0.1264562532634933,59.90194580688686,83.45200733911294,64.93203019594094,0.5892230052698171,-0.9259471840997735,1.2720969606896366,114.91804099710457,120.27895912496571,4.5586619940549875,0.12872298959204626,0.0017726525554735946,0.012583208231375436,0.001989784889561959,0.003203936779151987,0.0004318395647696665,-0.433883739117558,-0.9009688679024191,-0.5000000000000004,0.8660254037844384
2016-12-12,118.97000122070312,119.20999908447266,118.47000122070312,118.95999908447266,111.40631866455078,23259300.0,-0.0045292337268957,101.69000244140624,101.77999877929688,100.83999633789062,100.95999908447266,100.95999908447266,0.0,2.51200008392334,2.51200008392334,2.4660000801086426,2.4790000915527344,2.4790000915527344,0.0,12.229999542236328,12.779999732971191,12.06999969482422,12.640000343322754,12.640000343322754,0.0,-0.0045292337268957985,0.006220037456305893,-0.004518992215719497,117.6479995727539,117.81500015258788,117.45400009155274,112.78095024108886,117.9933804718311,117.64435806586174,0.3490224059693645,0.17096948380466753,56.82043872385406,87.91220313715516,78.22990428773159,0.36277761714689866,-13.425969259895698,1.2548042334472966,115.46498050439097,120.1650198007848,3.9893386158864255,0.12336221203078972,0.007813018552886415,0.0017726525554735946,0.007748688087399241,-0.002275361948855811,-0.010155111581705617,0.0,1.0,-0.5000000000000004,0.8660254037844384
2016-12-13,119.31999969482422,121.11000061035156,119.31999969482422,120.45999908447266,112.81109619140624,54477900.0,0.0125306583248154,100.9000015258789,101.16000366210938,100.75,101.02999877929688,101.02999877929688,0.0,2.4489998817443848,2.494999885559082,2.438999891281128,2.4809999465942383,2.4809999465942383,0.0,12.460000038146973,13.420000076293944,12.34000015258789,12.720000267028809,12.720000267028809,0.0,0.012530658324815444,0.015001683876177459,0.012609495975585583,117.79999923706056,118.02700004577636,117.49580001831055,112.86250022888183,118.37286025839134,117.85292406724032,0.5199361911510181,0.24076282527393764,62.579058412543034,91.53746761863786,87.63389269830199,1.277952422958139,-11.035680700090932,1.3187468971924117,115.5228799750655,120.53112011648722,4.2433003799802425,0.12183651350337693,-0.0045292337268957985,0.007813018552886415,0.0023983690201202995,0.003453194895951694,0.01377537450576148,0.7818314824680298,0.6234898018587336,-0.5000000000000004,0.8660254037844384
2016-12-14,120.61000061035156,121.0,119.86000061035156,120.20999908447266,112.57698822021484,28746000.0,-0.0020773773910324,101.02999877929688,102.3499984741211,100.7300033569336,102.0,102.0,0.0,2.444000005722046,2.5299999713897705,2.424000024795532,2.525000095367432,2.525000095367432,0.0,12.880000114440918,13.390000343322754,12.479999542236328,13.1899995803833,13.1899995803833,0.0,-0.002077377391032462,0.009451947466042837,-0.0020752211359970074,118.07099914550783,118.19199981689452,117.52419998168946,112.93945022583006,118.65549700086538,118.02752221666495,0.6279747842004326,0.31820521705923666,61.11610902216832,86.75272890897094,88.73413322158798,2.3063821995511966,-15.280163313100537,1.305979218082128,115.5658664694567,120.81813316433235,4.443842817629432,0.12154949014257621,0.012530658324815444,-0.0045292337268957985,0.012583208231375436,-0.012180834390000334,0.005919462522965484,0.9749279121818236,-0.22252093395631434,-0.5000000000000004,0.8660254037844384
2016-12-15,120.37000274658205,121.11000061035156,120.08000183105467,120.4000015258789,112.7549057006836,22762300.0,0.0015791596506493,102.25,103.55999755859376,102.16000366210938,103.12999725341795,103.12999725341795,0.0,2.61899995803833,2.621000051498413,2.565000057220459,2.5799999237060547,2.5799999237060547,0.0,13.06999969482422,13.239999771118164,12.460000038146973,12.789999961853027,12.789999961853027,0.0,0.0015791596506493598,0.008556939069490354,0.0015804071798466435,118.5639991760254,118.32399978637696,117.55759994506838,113.01815021514892,118.92388231240592,118.20326142475487,0.7206208876510516,0.3986883511775996,61.84614218823525,87.2099469698736,88.50004783249413,4.269507450470053,-12.054315077187717,1.2862663295974681,115.52930905252555,121.11869052022837,4.723793548049367,0.11957909225403925,-0.002077377391032462,0.012530658324815444,0.0017726525554735946,-0.017427788274990207,0.007244394743234811,0.43388373911755823,-0.900968867902419,-0.5000000000000004,0.8660254037844384
2016-12-16,120.33999633789062,120.58000183105467,119.36000061035156,119.5999984741211,112.33690643310548,26283900.0,-0.003714037788477,103.1500015258789,103.2699966430664,102.62000274658205,102.9499969482422,102.9499969482422,0.0,2.568000078201294,2.61899995803833,2.555000066757202,2.5969998836517334,2.5969998836517334,0.0,12.880000114440918,12.949999809265137,12.149999618530272,12.199999809265137,12.199999809265137,0.0,-0.003714037788477009,0.010137952948557448,-0.003707149280827937,118.95399932861329,118.43799972534181,117.58019989013673,113.08370021820068,119.02790018343903,118.30672342841163,0.7211767550274004,0.4631860319475598,56.994147859274165,82.34293678612045,85.435204221655,3.370787924587014,-25.636711251350363,1.2815331075335854,115.62977330770029,121.24622614298333,4.742103757499804,0.11956324258633302,0.0015791596506493598,-0.002077377391032462,0.007813018552886415,0.001989784889561959,-0.0037435720643361962,-0.433883739117558,-0.9009688679024191,-0.5000000000000004,0.8660254037844384
2016-12-19,119.72000122070312,120.83000183105467,119.5500030517578,120.08999633789062,112.79718017578124,21138700.0,0.0040888911216075,102.93000030517578,103.20999908447266,102.5199966430664,103.13999938964844,103.13999938964844,0.0,2.563999891281128,2.569999933242798,2.5290000438690186,2.5420000553131104,2.5420000553131104,0.0,12.5,12.520000457763672,11.670000076293944,11.710000038146973,11.710000038146973,0.0,0.004088891121607518,0.010691603460120292,0.004097262042282113,119.30299911499024,118.51549949645997,117.59759979248048,113.1508002090454,119.19129959181619,118.43881771800267,0.7524818738135224,0.5210452003207524,59.110123645625066,81.66380402427936,83.7388959267578,2.99313714360307,-17.317561598623854,1.2814235126595348,115.6115019455287,121.41949704739123,4.900620700700852,0.11513399899514287,-0.003714037788477009,0.0015791596506493598,-0.0045292337268957985,0.007748688087399241,0.010345481316845187,0.0,1.0,-0.5000000000000004,0.8660254037844384
2016-12-20,120.47000122070312,120.7699966430664,120.33000183105467,120.5500030517578,113.229248046875,11461800.0,0.0038231670585751,103.16000366210938,103.6500015258789,103.02999877929688,103.29000091552734,103.29000091552734,0.0,2.565999984741211,2.5899999141693115,2.556999921798706,2.568000078201294,2.568000078201294,0.0,11.649999618530272,11.75,11.380000114440918,11.449999809265137,11.449999809265137,0.0,0.003823167058575138,0.003652318482222432,0.003830484684284041,119.66999969482423,118.5979995727539,117.6581999206543,113.2204002380371,119.40033089334567,118.59520181679935,0.8051290765463222,0.5778619755658664,61.04775135716081,82.51270918230318,82.17314999756766,3.13997765621313,-9.507599603116246,1.238464712124981,115.5574682449051,121.63853090060272,5.127458032685615,0.1153716118194074,0.004088891121607518,-0.003714037788477009,0.012530658324815444,0.0023983690201202995,0.00303229650697126,0.7818314824680298,0.6234898018587336,-0.5000000000000004,0.8660254037844384
2016-12-21,120.5999984741211,120.68000030517578,120.19000244140624,120.45999908447266,113.14469909667967,7079300.0,-0.0007469848469192,103.26000213623048,103.37999725341795,102.7699966430664,103.0199966430664,103.0199966430664,0.0,2.565999984741211,2.568000078201294,2.5369999408721924,2.5460000038146973,2.5460000038146973,0.0,11.4399995803833,11.489999771118164,10.93000030517578,11.270000457763672,11.270000457763672,0.0,-0.0007469848469192109,0.004063000580175724,-0.0007467059231933693,119.87999954223633,118.69999961853028,117.71899993896484,113.28480022430418,119.56335676890367,118.73333494773811,0.830021821165559,0.6282939446858049,60.44423149695245,87.37971936605632,83.85207752421294,1.7742467584419999,-11.035680700090932,1.1850027943853072,115.54972064727916,121.85027858978141,5.307967955139462,0.11410749246062568,0.003823167058575138,0.004088891121607518,-0.002077377391032462,0.012583208231375436,-0.004045475656969801,0.9749279121818236,-0.22252093395631434,-0.5000000000000004,0.8660254037844384
2016-12-22,120.47000122070312,120.5,119.6500015258789,120.12000274658205,112.82534790039062,16645000.0,-0.0028264932732693,103.04000091552734,103.13999938964844,102.58999633789062,103.08999633789062,103.08999633789062,0.0,2.552000045776367,2.575999975204468,2.5439999103546143,2.552999973297119,2.552999973297119,0.0,11.31999969482422,11.670000076293944,11.140000343322754,11.43000030517578,11.43000030517578,0.0,-0.0028264932732693015,0.007055685776609912,-0.0028225025020055527,120.03499984741212,118.78499984741214,117.7813999938965,113.34780025482176,119.64899461162342,118.83605108098581,0.8129435306376109,0.6652238618761661,58.10727993913241,86.97248254397633,85.6216370307786,1.3072472427656479,-18.53927206486382,1.1610739143664348,115.57535219080043,121.99464750402385,5.404129579887579,0.11487507399142069,-0.0007469848469192109,0.003823167058575138,0.0015791596506493598,0.0017726525554735946,0.0,0.43388373911755823,-0.900968867902419,-0.5000000000000004,0.8660254037844384
2016-12-23,119.91999816894533,120.25,119.80999755859376,120.1999969482422,112.90048217773438,9007500.0,0.0006657127373728,103.06999969482422,103.2300033569336,102.87999725341795,103.01000213623048,103.01000213623048,0.0,2.54099988937378,2.5450000762939453,2.526000022888184,2.5429999828338623,2.5429999828338623,0.0,11.380000114440918,11.8100004196167,11.350000381469728,11.4399995803833,11.4399995803833,0.0,0.0006657127373728747,0.0036691331564761443,0.0006659343732764444,120.10499954223634,118.85499954223633,117.84259994506837,113.41195022583007,119.73376420187248,118.93708410818999,0.7966800936824825,0.6915151082374295,58.5136938552754,83.84843400417296,86.06687863806853,0.5857715048051897,-18.879745222526367,1.109568809154992,115.58350468251001,122.12649440196265,5.5050185054500105,0.11454110524294482,-0.0028264932732693015,-0.0007469848469192109,-0.003714037788477009,0.007813018552886415,0.003203936779151987,-0.433883739117558,-0.9009688679024191,-0.5000000000000004,0.8660254037844384
2016-12-26,119.91999816894533,120.25,119.80999755859376,120.1999969482422,112.90048217773438,9007500.0,0.0,103.06999969482422,103.2300033569336,102.87999725341795,103.01000213623048,103.01000213623048,0.0,2.54099988937378,2.5450000762939453,2.526000022888184,2.5429999828338623,2.5429999828338623,0.0,11.380000114440918,11.8100004196167,11.350000381469728,11.4399995803833,11.4399995803833,0.0,0.0,0.0036691331564761443,0.0,120.2289993286133,118.9384994506836,117.91019989013672,113.47400020599365,119.80549231669858,119.03063320745312,0.7748591092454546,0.7081839084390346,58.51369385527539,81.23374583002781,84.0182207927257,1.0423653945130176,-18.879745222526367,1.061742640030081,115.6170644005311,122.25993450083608,5.585130240405766,0.1140320019841888,0.0006657127373728747,-0.0028264932732693015,0.004088891121607518,-0.0045292337268957985,-0.002275361948855811,0.0,1.0,-0.5000000000000004,0.8660254037844384
2016-12-27,120.45999908447266,121.5199966430664,120.41000366210938,120.81999969482422,113.48283386230467,16110600.0,0.0051448399934855,102.95999908447266,103.1500015258789,102.9499969482422,103.0199966430664,103.0199966430664,0.0,2.552000045776367,2.575999975204468,2.549999952316284,2.562999963760376,2.562999963760376,0.0,12.260000228881836,12.329999923706056,11.84000015258789,11.989999771118164,11.989999771118164,0.0,0.005144839993485515,0.009214618872598928,0.005158097408773932,120.26499938964845,119.03249931335449,117.96939987182618,113.53750019073486,119.96157037487176,119.16317887318431,0.7983915016874477,0.7262254270887172,61.841272763878465,80.42749803780043,81.83655929066707,0.29885490045464125,-20.958015441545985,1.0801895725153754,115.60613119812966,122.45886742857932,5.757029609543654,0.11470088962930212,0.0,0.0006657127373728747,0.003823167058575138,0.012530658324815444,0.003453194895951694,0.7818314824680298,0.6234898018587336,-0.5000000000000004,0.8660254037844384
2016-12-28,121.08000183105467,121.19000244140624,119.8000030517578,119.87999725341795,112.59992218017578,17975200.0,-0.0078105573911747,103.01000213623048,103.62999725341795,102.87000274658205,103.26000213623048,103.26000213623048,0.0,2.559999942779541,2.562999963760376,2.503000020980835,2.50600004196167,2.50600004196167,0.0,11.890000343322754,13.039999961853027,11.850000381469728,12.949999809265137,12.949999809265137,0.0,-0.007810557391174757,0.01148000799990019,-0.007780134246560877,120.23199920654298,119.1514991760254,118.00999984741213,113.60075016021729,119.94902066387885,119.2162765309794,0.7327441328994553,0.7275291682508649,54.68026335763939,68.79722894728728,76.81949093837184,-0.27452111602031243,-53.7705524940658,1.102318845167737,115.7844304225168,122.51856792953399,5.651743833343361,0.10898089775148576,0.005144839993485515,0.0,-0.0007469848469192109,-0.002077377391032462,-0.012180834390000334,0.9749279121818236,-0.22252093395631434,-0.5000000000000004,0.8660254037844384
2016-12-29,119.8499984741211,120.12999725341795,119.33000183105467,119.70999908447266,112.44024658203124,13267500.0,-0.0014190855420975,103.1999969482422,103.25,102.61000061035156,102.68000030517578,102.68000030517578,0.0,2.486000061035156,2.496999979019165,2.4600000381469727,2.476999998092652,2.476999998092652,0.0,13.149999618530272,13.710000038146973,12.949999809265137,13.369999885559082,13.369999885559082,0.0,-0.0014190855420975887,0.006674972319970636,-0.00141807911633407,120.16299896240236,119.36349906921387,118.04999984741212,113.6630001449585,119.91224811320097,119.2528485719789,0.6593995412220721,0.7139032428451063,53.47428162550663,55.30905358256761,68.1779268558851,-0.5730917214797046,-59.34427131668538,1.0807243149674188,116.47209300750501,122.25490513092274,4.844707275265547,0.0849513523010458,-0.007810557391174757,0.005144839993485515,-0.0028264932732693015,0.0015791596506493598,-0.017427788274990207,0.43388373911755823,-0.900968867902419,-0.5000000000000004,0.8660254037844384
2016-12-30,119.94000244140624,119.9499969482422,118.13999938964844,118.4800033569336,111.2849349975586,41749000.0,-0.0103280448442249,102.13999938964844,102.58999633789062,101.91000366210938,102.38999938964844,102.38999938964844,0.0,2.4739999771118164,2.4830000400543213,2.431999921798706,2.446000099182129,2.446000099182129,0.0,13.199999809265137,14.68000030517578,13.050000190734863,14.039999961853027,14.039999961853027,0.0,-0.010328044844224995,0.015090858110312232,-0.010274893728819623,120.0509994506836,119.50249938964845,118.0565998840332,113.71910015106201,119.69190276608292,119.19560077827184,0.4963019878110799,0.6703829918383011,45.63228901361528,32.314824445449844,52.14036899176824,-0.9364507788265928,-89.94070285289928,1.1328152609407292,117.13233470886544,121.87266407043145,3.9667198475152805,0.09547644800521028,-0.0014190855420975887,-0.007810557391174757,0.0006657127373728747,-0.003714037788477009,0.001989784889561959,-0.433883739117558,-0.9009688679024191,-0.5000000000000004,0.8660254037844384
2017-01-02,119.94000244140624,119.9499969482422,118.13999938964844,118.4800033569336,111.2849349975586,41749000.0,0.0,102.13999938964844,102.58999633789062,101.91000366210938,102.38999938964844,102.38999938964844,0.0,2.4739999771118164,2.4830000400543213,2.431999921798706,2.446000099182129,2.446000099182129,0.0,13.199999809265137,14.68000030517578,13.050000190734863,14.039999961853027,14.039999961853027,0.0,0.0,0.015090858110312232,0.0,119.89000015258789,119.59649963378908,118.0347999572754,113.77595016479492,119.50545670313687,119.14259356187641,0.36286314126046193,0.6088790217227333,45.632289013615285,20.258107659172012,35.96066189572982,-1.3406553668526082,-89.94070285289928,1.181185425058803,117.58976106109225,121.60323820648591,3.3558483381061723,0.09248757716497409,-0.010328044844224995,-0.0014190855420975887,0.0,0.004088891121607518,0.007748688087399241,0.0,1.0,0.0,1.0
2017-01-03,119.2699966430664,119.98999786376952,118.88999938964844,119.54000091552734,112.28060913085938,22307600.0,0.0089072823830047,102.87000274658205,103.81999969482422,102.58999633789062,103.20999908447266,103.20999908447266,0.0,2.510999917984009,2.5179998874664307,2.447999954223633,2.450000047683716,2.450000047683716,0.0,14.06999969482422,14.06999969482422,12.850000381469728,12.850000381469728,12.850000381469728,0.0,0.008907282383004799,0.009222759328257484,0.008947070268968904,119.78899993896485,119.72949981689455,118.04179992675782,113.82950016021728,119.51077119735078,119.17203114362833,0.33874005372244653,0.554851228122676,52.58239898878846,20.51293047990736,24.361954194843072,-0.8378283788153975,-58.57980285447935,1.204671788042883,118.18042372420736,121.27857590958173,2.587626433011463,0.09663480117552997,0.0,-0.010328044844224995,0.005144839993485515,0.003823167058575138,0.0023983690201202995,0.7818314824680298,0.6234898018587336,0.0,1.0
2017-01-04,119.66999816894533,120.41000366210938,119.66000366210938,120.19000244140624,112.89108276367188,19749100.0,0.0054223079589465,103.18000030517578,103.44000244140624,102.38999938964844,102.6999969482422,102.6999969482422,0.0,2.4560000896453857,2.4739999771118164,2.434000015258789,2.45199990272522,2.45199990272522,0.0,12.779999732971191,12.800000190734863,11.630000114440918,11.850000381469728,11.850000381469728,0.0,0.005422307958946526,0.006267234991858025,0.0054370352774004704,119.7620002746582,119.82099990844726,118.07800003051759,113.88365016937256,119.61526831182086,119.2474364249452,0.36783188687564916,0.5174473598732706,56.27376341783694,37.376840480065226,26.0492928730482,-0.22413800856588512,-39.34897285242569,1.1807668565099652,118.40178116303474,121.24021865385978,2.3688981839525916,0.08852097545217595,0.008907282383004799,0.0,-0.007810557391174757,-0.0007469848469192109,0.012583208231375436,0.9749279121818236,-0.22252093395631434,0.0,1.0
2017-01-05,120.0999984741211,120.9499969482422,120.0999984741211,120.87000274658205,113.52979278564452,20644300.0,0.0056418094365304,102.43000030517578,102.51000213623048,101.3000030517578,101.5199966430664,101.5199966430664,0.0,2.438999891281128,2.443000078201294,2.345999956130981,2.368000030517578,2.368000030517578,0.0,11.960000038146973,12.09000015258789,11.399999618530272,11.670000076293944,11.670000076293944,0.0,0.005641809436530405,0.007077422855290576,0.005657754415463678,119.83700027465822,119.93600006103516,118.13860015869142,113.94200019836425,119.80830437870719,119.36762652284423,0.44067785586295827,0.5020934590712082,59.79956234236716,60.946873337652136,39.61221476587491,0.6243756100990773,-19.23060428013853,1.1571405434821895,118.57192964358718,121.30007047848314,2.274663848642283,0.09007017101662226,0.005422307958946526,0.008907282383004799,-0.0014190855420975887,-0.0028264932732693015,0.0017726525554735946,0.43388373911755823,-0.900968867902419,0.0,1.0
2017-01-06,121.0,122.25,120.69000244140624,121.93000030517578,114.5254135131836,24074300.0,0.0087314564667153,101.41999816894533,102.29000091552734,101.37000274658205,102.22000122070312,102.22000122070312,0.0,2.33899998664856,2.424999952316284,2.33899998664856,2.4179999828338623,2.4179999828338623,0.0,11.699999809265137,11.739999771118164,10.979999542236328,11.31999969482422,11.31999969482422,0.0,0.008731456466715358,0.012892541806560034,0.008769686820611966,120.01000061035157,120.05750007629395,118.2352001953125,113.99985019683838,120.13471913662545,119.55743198820213,0.5772871484233235,0.5171321969416313,64.59239662711455,77.87818112367096,58.73396498046277,1.4392707161868852,-7.785879496422909,1.1859160445615877,118.44642235010879,121.6685778024791,2.68384353357575,0.09103082381645157,0.005641809436530405,0.005422307958946526,-0.010328044844224995,0.0006657127373728747,0.007813018552886415,-0.433883739117558,-0.9009688679024191,0.0,1.0
2017-01-09,122.02999877929688,122.5500030517578,121.9499969482422,122.33000183105467,114.9011459350586,18909200.0,0.0032754076833352,102.26000213623048,102.5199966430664,101.8000030517578,101.93000030517578,101.93000030517578,0.0,2.38700008392334,2.3919999599456787,2.368000030517578,2.375999927520752,2.375999927520752,0.0,11.710000038146973,12.079999923706056,11.460000038146973,11.5600004196167,11.5600004196167,0.0,0.003275407683335275,0.004916873797571415,0.0032807776924703713,120.22300109863284,120.22600021362305,118.3420002746582,114.06180019378661,120.47245493576841,119.76280753211714,0.7096474036512745,0.5556352382835599,66.22865346923514,89.33161018474406,76.05222154868905,1.7720506962488909,-4.988685669206349,1.1454936661344757,118.40675374081937,122.04524668642674,3.0263777711496074,0.08875517372016326,0.008731456466715358,0.005641809436530405,0.0,0.0,-0.0045292337268957985,0.0,1.0,0.0,1.0
2017-01-10,122.37999725341795,122.97000122070312,122.0999984741211,122.5999984741211,115.15474700927734,16176600.0,0.0022046918572315,101.8499984741211,102.0999984741211,101.51000213623048,102.01000213623048,102.01000213623048,0.0,2.390000104904175,2.3919999599456787,2.36299991607666,2.378999948501587,2.378999948501587,0.0,11.59000015258789,11.789999961853027,11.3100004196167,11.489999771118164,11.489999771118164,0.0,0.002204691857231512,0.0071090273419476884,0.0022071239773542306,120.4010009765625,120.33300018310547,118.47180023193359,114.13040019989013,120.7997693262842,119.97296982411743,0.8267995021667787,0.6098680910602037,67.3262319053679,93.18830846229257,86.79936659023586,1.47326500893306,-7.660509447493046,1.1258157433093012,118.22671851994215,122.43928184626878,3.5007548385867198,0.07881446823817291,0.003275407683335275,0.008731456466715358,0.008907282383004799,0.005144839993485515,0.012530658324815444,0.7818314824680298,0.6234898018587336,0.0,1.0
2017-01-11,122.6500015258789,122.93000030517578,122.0199966430664,122.93000030517578,115.46471405029295,20686000.0,0.0026881272399476,102.05999755859376,102.9499969482422,101.27999877929688,101.77999877929688,101.77999877929688,0.0,2.371999979019165,2.3980000019073486,2.3289999961853027,2.369999885559082,2.369999885559082,0.0,11.5600004196167,12.229999542236328,11.210000038146973,11.260000228881836,11.260000228881836,0.0,0.0026881272399476783,0.007419516109156884,0.002691743493567378,120.70600128173827,120.46900024414063,118.62680023193359,114.19170021057127,121.1274971691906,120.19200911901063,0.9354880501799698,0.6749920828841569,68.66663936048492,95.50754296411614,92.67582053705092,2.5442134815121267,-0.8281759909521402,1.1104005946521638,118.06582836455345,122.87217212372781,3.9896934061326075,0.07813640985137107,0.002204691857231512,0.003275407683335275,0.005422307958946526,-0.007810557391174757,-0.002077377391032462,0.9749279121818236,-0.22252093395631434,0.0,1.0
2017-01-12,122.48999786376952,122.81999969482422,121.5999984741211,122.73999786376952,115.28624725341795,19622500.0,-0.0015468350073295,101.66999816894533,101.8000030517578,100.72000122070312,101.3499984741211,101.3499984741211,0.0,2.3359999656677246,2.36299991607666,2.309000015258789,2.361000061035156,2.361000061035156,0.0,11.479999542236328,12.600000381469728,11.31999969482422,11.539999961853027,11.539999961853027,0.0,-0.0015468350073295464,0.009960006873867217,-0.001545639274672772,121.00900115966796,120.58600006103516,118.80060012817381,114.26000019073486,121.37557419912582,120.3807490260298,0.994825173096018,0.7389587009265293,66.96329696606601,95.58311403439481,94.75965515360116,2.531115865399648,-4.761972458370356,1.126086397252344,117.97786473738847,123.19413538468186,4.325768036632068,0.0787558755188246,0.0026881272399476783,0.002204691857231512,0.005641809436530405,-0.0014190855420975887,0.0015791596506493598,0.43388373911755823,-0.900968867902419,0.0,1.0
2017-01-13,122.8000030517578,123.37000274658205,122.8000030517578,123.16000366210938,115.68074798583984,16930800.0,0.0034160821605921,101.48999786376952,101.66999816894533,101.01000213623048,101.18000030517578,101.18000030517578,0.0,2.3359999656677246,2.430999994277954,2.3359999656677246,2.380000114440918,2.380000114440918,0.0,11.449999809265137,11.619999885559082,10.9399995803833,11.229999542236328,11.229999542236328,0.0,0.0034160821605921385,0.004641691210577605,0.00342192361899607,121.47700119018553,120.76400032043458,118.99080017089844,114.3308002090454,121.65010180881559,120.58661973981347,1.06348206900212,0.8038633745416475,68.80540982888843,96.79819175537234,95.96294958462776,3.9500339066304577,-4.015276284560443,1.0906520033637859,117.96058622038571,123.56741442048344,4.642797675814489,0.07701065157931214,-0.0015468350073295464,0.0026881272399476783,0.008731456466715358,-0.010328044844224995,-0.003714037788477009,-0.433883739117558,-0.9009688679024191,0.0,1.0
2017-01-16,122.8000030517578,123.37000274658205,122.8000030517578,123.16000366210938,115.68074798583984,16930800.0,0.0,101.48999786376952,101.66999816894533,101.01000213623048,101.18000030517578,101.18000030517578,0.0,2.3359999656677246,2.430999994277954,2.3359999656677246,2.380000114440918,2.380000114440918,0.0,11.449999809265137,11.619999885559082,10.9399995803833,11.229999542236328,11.229999542236328,0.0,0.0,0.004641691210577605,0.0,121.94500122070313,120.91750068664552,119.12700027465822,114.40360023498536,121.88239440163002,120.77724077109465,1.1051536305353693,0.8641214257403919,68.80540982888841,95.73582499083625,96.03904359353447,3.9500339066304577,-4.015276284560443,1.0534625527538188,117.9387629170889,123.89623845620216,4.926892720477162,0.07653023514821333,0.0034160821605921385,-0.0015468350073295464,0.003275407683335275,0.0,0.004088891121607518,0.0,1.0,0.0,1.0
2017-01-17,122.83999633789062,123.02999877929688,122.43000030517578,122.79000091552734,115.33319854736328,14538500.0,-0.0030089066561069,101.5500030517578,101.62000274658205,100.27999877929688,100.33000183105467,100.33000183105467,0.0,2.3329999446868896,2.3540000915527344,2.312999963760376,2.32699990272522,2.32699990272522,0.0,12.199999809265137,12.75,11.789999961853027,11.869999885559082,11.869999885559082,0.0,-0.003008906656106956,0.004884390198699649,-0.003004384433260232,122.27000122070314,121.02950057983401,119.24060028076173,114.47000022888183,122.02202617299884,120.9263341151267,1.095692057872128,0.9104355521667391,65.09690454677204,93.62651779388563,95.38684484669807,2.7187552075531642,-11.089894049222204,1.0303583244809458,117.94246497579059,124.11653618387743,5.101294460034787,0.07733612666096151,0.0,0.0034160821605921385,0.002204691857231512,0.008907282383004799,0.003823167058575138,0.7818314824680298,0.6234898018587336,0.0,1.0
2017-01-18,122.97000122070312,123.16000366210938,122.66000366210938,123.04000091552734,115.56802368164062,12499700.0,0.0020339884992254,100.44000244140624,101.33999633789062,100.31999969482422,100.93000030517578,100.93000030517578,0.0,2.361999988555908,2.3970000743865967,2.3580000400543213,2.388999938964844,2.388999938964844,0.0,11.789999961853027,12.8100004196167,11.6899995803833,12.479999542236328,12.479999542236328,0.0,0.002033988499225458,0.004066032325254791,0.002036058457018486,122.55500106811525,121.15850067138673,119.3484002685547,114.53065021514891,122.17863767184937,121.08290202626749,1.0957356455818825,0.9474955708497679,66.41410825265167,92.86168242386023,94.07467506952736,2.3712442101917,-6.309782394636631,0.9924755870180211,117.95812384909343,124.35887749368004,5.282958776410678,0.07717066079161587,-0.003008906656106956,0.0,0.0026881272399476783,0.005422307958946526,-0.0007469848469192109,0.9749279121818236,-0.22252093395631434,0.0,1.0
2017-01-19,123.22000122070312,123.6500015258789,122.72000122070312,122.9800033569336,115.51168060302734,12710700.0,-0.0004876506130579,101.33999633789062,101.7300033569336,100.97000122070312,101.1500015258789,101.1500015258789,0.0,2.434999942779541,2.496000051498413,2.433000087738037,2.4590001106262207,2.4590001106262207,0.0,12.579999923706056,13.279999732971191,12.170000076293944,12.779999732971191,12.779999732971191,0.0,-0.0004876506130579232,0.00754747846098483,-0.0004875317308228322,122.7660011291504,121.3015007019043,119.49300033569335,114.59095024108886,122.30192470032387,121.22342805076127,1.0784966495625952,0.9736957865923334,65.77258535020167,90.14688396102042,92.21169472625542,1.7456776391206086,-12.159671673079874,0.9880130668864325,118.04147583951077,124.56152556429784,5.375077544019795,0.07604695422136527,0.002033988499225458,-0.003008906656106956,-0.0015468350073295464,0.005641809436530405,-0.0028264932732693015,0.43388373911755823,-0.900968867902419,0.0,1.0
2017-01-20,123.5199966430664,123.83000183105467,122.91999816894533,123.25,115.76528930664062,22091000.0,0.0021931176749867,101.1500015258789,101.5,100.6999969482422,100.73999786376952,100.73999786376952,0.0,2.497999906539917,2.513000011444092,2.4600000381469727,2.4670000076293945,2.4670000076293945,0.0,12.579999923706056,12.59000015258789,11.529999732971191,11.539999961853027,11.539999961853027,0.0,0.0021931176749867727,0.00736725782740238,0.0021955243165827643,122.89800109863282,121.4540008544922,119.6420002746582,114.65400024414062,122.44778243873559,121.37354449144563,1.0742379472899586,0.9938042187318585,67.3032022694319,89.92987466021411,90.97948034836492,1.08258811737917,-11.740921951641148,0.9824409665452121,118.1262836645911,124.78171804439329,5.479798387025325,0.07610412651685801,-0.0004876506130579232,0.002033988499225458,0.0034160821605921385,0.008731456466715358,0.0006657127373728747,-0.433883739117558,-0.9009688679024191,0.0,1.0
2017-01-23,123.16999816894533,123.52999877929688,122.56999969482422,123.3499984741211,115.85919952392578,17434200.0,0.0008108833647517,100.72000122070312,100.72000122070312,99.93000030517578,100.16000366210938,100.16000366210938,0.0,2.4579999446868896,2.470999956130981,2.38100004196167,2.4030001163482666,2.4030001163482666,0.0,12.300000190734863,12.619999885559082,11.59000015258789,11.770000457763672,11.770000457763672,0.0,0.0008108833647517033,0.007794098390387891,0.0008112122195489402,123.00000076293945,121.61150093078615,119.81640029907227,114.71460021972656,122.58658490571798,121.51994849016232,1.0666364155556636,1.0083706580966196,67.87618200433285,88.19617648397362,89.42431170173604,0.8338074289209111,-11.510876923358094,0.9808379749686009,118.2358531956124,124.9871486659599,5.55152713244606,0.07598140151894144,0.0021931176749867727,-0.0004876506130579232,0.0,0.003275407683335275,0.0,0.0,1.0,0.0,1.0
2017-01-24,123.58999633789062,124.37000274658205,123.37999725341795,124.18000030517578,116.6387939453125,17640900.0,0.0067062715815027,100.06999969482422,100.43000030517578,99.91999816894533,100.3499984741211,100.3499984741211,0.0,2.436000108718872,2.4730000495910645,2.4189999103546143,2.470999956130981,2.470999956130981,0.0,11.81999969482422,11.890000343322754,11.039999961853027,11.06999969482422,11.06999969482422,0.0,0.0067062715815027155,0.008010401509014138,0.006728808973220257,123.15800094604492,121.77950096130373,119.97560028076171,114.78275020599365,122.8317257364038,121.7169893653485,1.1147363710553009,1.029643800688356,72.22662134395314,90.76616656317739,89.63073923578837,1.2887453921039003,-4.449701435468567,0.9836355676466261,118.23928171812102,125.31972020448643,5.8141464125520335,0.07722314449398317,0.0008108833647517033,0.0021931176749867727,-0.003008906656106956,0.002204691857231512,0.005144839993485515,0.7818314824680298,0.6234898018587336,0.0,1.0
2017-01-25,124.95999908447266,125.45999908447266,124.8499984741211,125.43000030517578,117.8128890991211,15036200.0,0.010015752103126,100.30999755859376,100.41000366210938,99.83999633789062,100.02999877929688,100.02999877929688,0.0,2.4820001125335693,2.5360000133514404,2.4820001125335693,2.5230000019073486,2.5230000019073486,0.0,10.789999961853027,11.050000190734863,10.510000228881836,10.8100004196167,10.8100004196167,0.0,0.010015752103126043,0.004881567020012569,0.010066077623874348,123.40800094604492,122.05700111389162,120.14600021362305,114.85670021057128,123.23146028544564,121.99202721274311,1.239433072702525,1.0716016550911898,77.2283120329131,94.47017199074176,91.14417167929759,2.033677697709028,-0.628905668948021,1.0048043684787866,118.28144600500417,125.83255622277906,6.186544113703839,0.07500342875216431,0.0067062715815027155,0.0008108833647517033,0.002033988499225458,0.0026881272399476783,-0.007810557391174757,0.9749279121818236,-0.22252093395631434,0.0,1.0
2017-01-26,125.5999984741211,125.81999969482422,125.33999633789062,125.55999755859376,117.9350128173828,16052200.0,0.0010360535826019,99.91000366210938,100.7300033569336,99.79000091552734,100.37999725341795,100.37999725341795,0.0,2.5380001068115234,2.555000066757202,2.503999948501587,2.507999897003174,2.507999897003174,0.0,10.609999656677246,11.010000228881836,10.600000381469728,10.630000114440918,10.630000114440918,0.0,0.0010360535826019362,0.003821682824562253,0.001036590471514165,123.69000091552734,122.34950103759769,120.30200012207031,114.93125019073484,123.5896967890069,122.25632131243574,1.333375476571149,1.1239564193871816,77.67852688243754,96.25340220515764,93.82991358635893,2.2975393057723497,-6.161186280110453,0.9673185819398442,118.4356438940813,126.26335818111409,6.397830984719222,0.07390315004043659,0.010015752103126043,0.0067062715815027155,-0.0004876506130579232,-0.0015468350073295464,-0.0014190855420975887,0.43388373911755823,-0.900968867902419,0.0,1.0
2017-01-27,125.83000183105467,125.91999816894533,125.38999938964844,125.8000030517578,118.1604461669922,15053000.0,0.0019096802546718,100.47000122070312,100.81999969482422,100.31999969482422,100.52999877929688,100.52999877929688,0.0,2.5209999084472656,2.525000095367432,2.4809999465942383,2.4809999465942383,2.4809999465942383,0.0,10.56999969482422,10.81999969482422,10.300000190734863,10.579999923706056,10.579999923706056,0.0,0.001909680254671848,0.004212022344309354,0.0019115048552924563,123.9540008544922,122.7155010223389,120.47160018920898,115.01535018920897,123.92974390635318,122.51881625608922,1.4109276502639574,1.1813506655625368,78.52278312827502,96.81074770166963,95.84477396585633,2.1435525423426314,-2.777664945932612,0.9360814531796332,118.95936495236496,126.47163709231283,6.121697811086105,0.05675872866732462,0.0010360535826019362,0.010015752103126043,0.0021931176749867727,0.0034160821605921385,-0.010328044844224995,-0.433883739117558,-0.9009688679024191,0.0,1.0
2017-01-30,125.37999725341795,125.37999725341795,124.12999725341795,124.81999969482422,117.2399444580078,25006700.0,-0.0078207720757755,100.3499984741211,101.0199966430664,100.16999816894533,100.43000030517578,100.43000030517578,0.0,2.490000009536743,2.496999979019165,2.4660000801086426,2.4830000400543213,2.4830000400543213,0.0,11.100000381469728,12.899999618530272,11.100000381469728,11.880000114440918,11.880000114440918,0.0,-0.007820772075775568,0.009969692354303542,-0.007790269407780381,124.12000045776367,123.0325008392334,120.59720016479494,115.09455017089843,124.06670633534873,122.68927428858811,1.3774320467606174,1.220566941802153,67.32529171038146,88.53273977783286,93.8656298948867,1.3478369465374964,-25.462929440458293,0.9885046206910768,119.73991433883515,126.32508733963166,5.352384903076434,0.0679269524213467,0.001909680254671848,0.0010360535826019362,0.0008108833647517033,0.0,0.0,0.0,1.0,0.0,1.0
2017-01-31,124.37999725341795,124.5999984741211,123.8499984741211,124.56999969482422,117.0051040649414,19091100.0,-0.0020050837635696,100.33000183105467,100.51000213623048,99.43000030517578,99.51000213623048,99.51000213623048,0.0,2.484999895095825,2.496000051498413,2.433000087738037,2.450999975204468,2.450999975204468,0.0,12.289999961853027,12.989999771118164,11.789999961853027,11.989999771118164,11.989999771118164,0.0,-0.002005083763569675,0.006029908478546698,-0.0020030749259737357,124.29800033569335,123.28400077819825,120.71060012817382,115.17515018463133,124.14413608296034,122.82858728164264,1.3155488013177035,1.239563313705263,64.78717703781514,80.16981290910091,88.50443346286778,1.449628443704805,-31.249966886306346,0.9871829492633659,120.36774324588254,126.20025831051396,4.7309586222179565,0.0655026888545583,-0.007820772075775568,0.001909680254671848,0.0067062715815027155,-0.003008906656106956,0.008907282383004799,0.7818314824680298,0.6234898018587336,0.0,1.0
2017-02-01,125.4499969482422,125.68000030517578,124.86000061035156,125.43000030517578,117.8128890991211,22861900.0,0.0068801220020716,99.55999755859376,100.04000091552734,99.5,99.63999938964844,99.63999938964844,0.0,2.486999988555908,2.5160000324249268,2.463000059127808,2.4739999771118164,2.4739999771118164,0.0,11.789999961853027,12.050000190734863,9.970000267028809,11.8100004196167,11.8100004196167,0.0,0.006880122002071624,0.006536466438995067,0.0069038444146107825,124.5370002746582,123.54600067138672,120.85080017089844,115.26440017700195,124.34196134791657,123.02128454264509,1.320676805271475,1.2557860120185054,69.10238200923926,76.4156805587229,81.70607774855222,1.9424572268081197,-14.040061997066633,0.9959556393410942,120.86836385562451,126.22363748714893,4.33463940752613,0.06668860682922154,-0.002005083763569675,-0.007820772075775568,0.010015752103126043,0.002033988499225458,0.005422307958946526,0.9749279121818236,-0.22252093395631434,0.49999999999999994,0.8660254037844387
2017-02-02,125.20999908447266,125.6999969482422,124.86000061035156,125.31999969482422,117.7095718383789,15101400.0,-0.0008773453449676,99.73999786376952,99.8499984741211,99.2300033569336,99.8499984741211,99.8499984741211,0.0,2.4549999237060547,2.4739999771118164,2.433000087738037,2.470000028610229,2.470000028610229,0.0,12.369999885559082,12.470000267028809,11.619999885559082,11.93000030517578,11.93000030517578,0.0,-0.0008773453449676667,0.006708700136032566,-0.0008769605900696975,124.77099990844727,123.76850051879883,120.98880020141603,115.3596001815796,124.49242878590236,123.1915597391028,1.300869046799562,1.2648026189747168,67.9552728029317,79.17267574584177,78.5860564045552,1.9027453846289852,-17.19194387910169,0.9848156892374903,121.29539278470881,126.24160825288885,3.9963443424191576,0.06615292690018015,0.006880122002071624,-0.002005083763569675,0.0010360535826019362,-0.0004876506130579232,0.005641809436530405,0.43388373911755823,-0.900968867902419,0.49999999999999994,0.8660254037844387
2017-02-03,125.4499969482422,125.80999755859376,125.33000183105467,125.68000030517578,118.0477066040039,16957200.0,0.0028685010254201,99.8000030517578,100.26000213623048,99.55999755859376,99.87000274658205,99.87000274658205,0.0,2.4830000400543213,2.502000093460083,2.427999973297119,2.490999937057495,2.490999937057495,0.0,11.84000015258789,11.84000015258789,10.720000267028809,10.970000267028809,10.970000267028809,0.0,0.0028685010254201186,0.0038261916238796416,0.0028726191111227983,125.01399993896486,123.95600051879883,121.12640014648437,115.45940017700194,124.6751320965598,123.37588866992303,1.299243426636778,1.2716907805071291,69.72647277663921,87.29708676455871,80.96181435637445,1.9716026816842038,-6.876733830155524,0.9494715588469228,121.50123641806036,126.4107646195373,3.960702330608335,0.06109445702439985,-0.0008773453449676667,0.006880122002071624,0.001909680254671848,0.0021931176749867727,0.008731456466715358,-0.433883739117558,-0.9009688679024191,0.49999999999999994,0.8660254037844387
2017-02-06,125.47000122070312,125.8499984741211,125.3499984741211,125.83000183105467,118.18861389160156,11630100.0,0.0011929351423388,99.62000274658205,100.25,99.62000274658205,99.91000366210938,99.91000366210938,0.0,2.421999931335449,2.4579999446868896,2.4059998989105225,2.4130001068115234,2.4130001068115234,0.0,11.369999885559082,11.84000015258789,11.09000015258789,11.369999885559082,11.369999885559082,0.0,0.0011929351423388484,0.00398501629979659,0.0011936469724933563,125.2620002746582,124.13100051879884,121.27240020751954,115.5549501800537,124.85280436340517,123.55767483000685,1.295129533398324,1.2763785310853681,70.45914742878632,91.08162107320516,85.85046119453521,2.0105418626769467,-2.686459071127323,0.917366447500714,121.66530422813176,126.59669680946593,3.972732484813363,0.060744610014597314,0.0028685010254201186,-0.0008773453449676667,-0.007820772075775568,0.0008108833647517033,0.003275407683335275,0.0,1.0,0.49999999999999994,0.8660254037844387
2017-02-07,126.08999633789062,126.5500030517578,125.97000122070312,126.29000091552734,118.62065887451172,17541100.0,0.003648889735031,99.93000030517578,100.72000122070312,99.91000366210938,100.26000213623048,100.26000213623048,0.0,2.4230000972747803,2.440999984741211,2.367000102996826,2.388999938964844,2.388999938964844,0.0,11.390000343322754,11.670000076293944,11.0600004196167,11.289999961853027,11.289999961853027,0.0,0.003648889735031008,0.004599903623602375,0.0036555550376993207,125.47300033569338,124.31550064086915,121.41940017700196,115.65775016784666,125.07391152527012,123.76006935486022,1.3138421704098988,1.2838712589502743,72.64551258458273,94.63469853934065,91.00446879236817,1.6991468877163616,-6.532711480695208,0.9032689313008863,121.78090273894914,126.85009854278915,4.077686030870958,0.061209584178242564,0.0011929351423388484,0.0028685010254201186,-0.002005083763569675,0.0067062715815027155,0.002204691857231512,0.7818314824680298,0.6234898018587336,0.49999999999999994,0.8660254037844387
2017-02-08,126.12000274658205,126.68000030517578,125.87999725341795,126.5,118.81793212890624,12569100.0,0.0016616784908722,100.44000244140624,100.63999938964844,100.05999755859376,100.27999877929688,100.27999877929688,0.0,2.365999937057495,2.371000051498413,2.325000047683716,2.3510000705718994,2.3510000705718994,0.0,11.1899995803833,11.81999969482422,11.149999618530272,11.449999809265137,11.449999809265137,0.0,0.0016616784908722434,0.006343189298570701,0.0016630598435911637,125.5800003051758,124.49400062561035,121.59940017700195,115.76500015258787,125.29330975215164,123.96302718042612,1.330282571725519,1.2931535215053231,73.60591106724654,95.46708687652132,93.72780216302237,0.853065209456167,-4.379568818613489,0.8958927970478106,121.86901672110763,127.11898453011308,4.2170448235442555,0.06104970928446213,0.003648889735031008,0.0011929351423388484,0.006880122002071624,0.010015752103126043,0.0026881272399476783,0.9749279121818236,-0.22252093395631434,0.49999999999999994,0.8660254037844387
2017-02-09,126.62999725341795,127.23999786376952,126.55999755859376,126.95999908447266,119.24998474121094,17542700.0,0.0036296624284595,100.2300033569336,100.66999816894533,100.08000183105467,100.6500015258789,100.6500015258789,0.0,2.351999998092652,2.3980000019073486,2.3489999771118164,2.3949999809265137,2.3949999809265137,0.0,11.4399995803833,11.529999732971191,10.739999771118164,10.880000114440918,10.880000114440918,0.0,0.0036296624284595214,0.005369978045682998,0.003636257630169615,125.72000045776367,124.70500068664552,121.82920013427734,115.8747001647949,125.54972349558565,124.18502509924438,1.364698396341268,1.3074624964725123,75.62472656344394,94.36400871478224,94.8219313768814,1.115006015530996,-5.995693556344528,0.8847574446707895,121.99656281622347,127.41343855706756,4.343751823116887,0.06046280654309833,0.0016616784908722434,0.003648889735031008,-0.0008773453449676667,0.0010360535826019362,-0.0015468350073295464,0.43388373911755823,-0.900968867902419,0.49999999999999994,0.8660254037844387
2017-02-10,127.23999786376952,127.55999755859376,127.0199966430664,127.37999725341795,119.64446258544922,13915700.0,0.0033025313663893,100.66000366210938,101.01000213623048,100.58000183105467,100.8000030517578,100.8000030517578,0.0,2.4110000133514404,2.434000015258789,2.3970000743865967,2.4089999198913574,2.4089999198913574,0.0,10.850000381469728,10.949999809265137,10.550000190734863,10.850000381469728,10.850000381469728,0.0,0.0033025313663893638,0.0042439557104167365,0.003307990731356014,125.87799987792971,124.91600036621097,122.06280014038086,115.98370014190672,125.8313040737137,124.42168970325724,1.4096143704564525,1.3278928712693003,77.32971722387512,95.10617018096099,94.97908859075486,1.2559572045559493,-4.306227082158998,0.8644175182029552,122.06081328243067,127.77118744999126,4.571371282157389,0.06042114624165775,0.0036296624284595214,0.0016616784908722434,0.0028685010254201186,0.001909680254671848,0.0034160821605921385,-0.433883739117558,-0.9009688679024191,0.49999999999999994,0.8660254037844387
2017-02-13,127.7699966430664,128.25999450683594,127.72000122070312,128.10000610351562,120.32074737548828,19120200.0,0.0056365385686045,100.8499984741211,101.11000061035156,100.58000183105467,100.95999908447266,100.95999908447266,0.0,2.436000108718872,2.45199990272522,2.427000045776367,2.434000015258789,2.434000015258789,0.0,11.359999656677246,11.399999618530272,11.06999969482422,11.06999969482422,11.06999969482422,0.0,0.005636538568604571,0.004226291776787927,0.005652453740231156,126.20600051879883,125.16300048828127,122.29280029296875,116.09480018615722,126.18033515522168,124.69415758475786,1.4861775704638234,1.359549811108205,79.92245310577731,95.35674038242027,94.9423064260545,2.6277891497442574,-3.6278582142356686,0.8655303564326,122.1002659000449,128.22573507651765,4.893993554466011,0.0616373347343971,0.0033025313663893638,0.0036296624284595214,0.0011929351423388484,-0.007820772075775568,0.0,0.0,1.0,0.49999999999999994,0.8660254037844387
2017-02-14,128.14999389648438,128.5399932861328,127.73999786376952,128.52999877929688,120.7246322631836,16333500.0,0.0033511139377026,100.97000122070312,101.37999725341795,100.6999969482422,101.25,101.25,0.0,2.440999984741211,2.502000093460083,2.430999994277954,2.470000028610229,2.470000028610229,0.0,11.170000076293944,11.34000015258789,10.729999542236328,10.739999771118164,10.739999771118164,0.0,0.0033511139377026566,0.006242648930670314,0.003356735197421079,126.6020004272461,125.45000038146972,122.52580032348632,116.20080017089842,126.54182186661787,124.97829396953853,1.5635278970793394,1.400345428302432,81.29806461232812,97.28427065890125,95.91572707409416,3.1789348110893436,-0.2131027269015373,0.8608492897133639,122.25082937878427,128.64917138415515,5.100312463861881,0.05890216809045294,0.005636538568604571,0.0033025313663893638,0.003648889735031008,-0.002005083763569675,-0.003008906656106956,0.7818314824680298,0.6234898018587336,0.49999999999999994,0.8660254037844387
2017-02-15,128.44000244140625,129.35000610351562,128.3699951171875,129.2899932861328,121.43849182128906,17891400.0,0.0058957087589576,101.20999908447266,101.76000213623048,101.0,101.18000030517578,101.18000030517578,0.0,2.483999967575073,2.5239999294281006,2.4830000400543213,2.502000093460083,2.502000093460083,0.0,10.84000015258789,12.010000228881836,10.800000190734863,11.970000267028809,11.970000267028809,0.0,0.005895708758957679,0.0076301071916843165,0.005913122655443193,126.98799972534181,125.7625,122.74440017700196,116.31545013427733,126.96461746962017,125.29767910410108,1.666938365519087,1.453664015745763,83.45565415922285,98.35596614607311,96.99899239579821,3.0774080934110875,-1.0911406206434493,0.8693608394715612,122.34123124191744,129.18376875808255,5.440840883542478,0.06026377086218566,0.0033511139377026566,0.005636538568604571,0.0016616784908722434,0.006880122002071624,0.002033988499225458,0.9749279121818236,-0.22252093395631434,0.49999999999999994,0.8660254037844387
2017-02-16,129.3699951171875,129.6300048828125,128.9199981689453,129.25,121.4009017944336,15098300.0,-0.0003095875557587,101.0500030517578,101.06999969482422,100.41000366210938,100.44000244140624,100.44000244140624,0.0,2.4749999046325684,2.492000102996826,2.437999963760376,2.450000047683716,2.450000047683716,0.0,12.020000457763672,12.859999656677246,11.6899995803833,11.760000228881836,11.760000228881836,0.0,-0.00030958755575870067,0.00548818691091424,-0.0003095396384763527,127.38099975585938,126.07599983215333,122.95800018310548,116.43225013732909,127.31621478198629,125.59044361490841,1.7257711670778804,1.5080854460121866,82.91356690476897,97.37376166688003,97.67133282395146,3.135972163059375,-6.574471651814884,0.8579784019283916,122.5800215297239,129.57197813458276,5.545826814117958,0.06015078094816178,0.005895708758957679,0.0033511139377026566,0.0036296624284595214,-0.0008773453449676667,-0.0004876506130579232,0.43388373911755823,-0.900968867902419,0.49999999999999994,0.8660254037844387
2017-02-17,129.05999755859375,129.82000732421875,129.0399932861328,129.80999755859375,121.92688751220705,15563700.0,0.0043232755167496,100.54000091552734,100.95999908447266,100.4499969482422,100.9499969482422,100.9499969482422,0.0,2.4059998989105225,2.428999900817871,2.400000095367432,2.424999952316284,2.424999952316284,0.0,11.84000015258789,12.260000228881836,11.369999885559082,11.489999771118164,11.489999771118164,0.0,0.004323275516749678,0.006043809490479868,0.004332634354430764,127.79399948120117,126.40399971008303,123.16420013427734,116.55380012512207,127.69987367069513,125.9030031662925,1.7968705044026194,1.5658424576902732,84.4378535839845,97.38890673672795,97.70621151656036,3.2861212948675385,-0.16766751735780572,0.8524095187967878,122.79527808328068,130.0127213368854,5.709821896584329,0.0604873679684757,-0.00030958755575870067,0.005895708758957679,0.0033025313663893638,0.0028685010254201186,0.0021931176749867727,-0.433883739117558,-0.9009688679024191,0.49999999999999994,0.8660254037844387
2017-02-20,129.05999755859375,129.82000732421875,129.0399932861328,129.80999755859375,121.92688751220705,15563700.0,0.0,100.54000091552734,100.95999908447266,100.4499969482422,100.9499969482422,100.9499969482422,0.0,2.4059998989105225,2.428999900817871,2.400000095367432,2.424999952316284,2.424999952316284,0.0,11.84000015258789,12.260000228881836,11.369999885559082,11.489999771118164,11.489999771118164,0.0,0.0,0.006043809490479868,0.0,128.19199905395507,126.72699966430666,123.38120010375977,116.66875011444091,128.0245081149872,126.19241015831483,1.832097956672385,1.6190935574866956,84.4378535839845,97.68535043772351,97.48267294711049,3.162994253852756,-0.20180951765679245,0.8472384130317272,123.11281825913557,130.34118106947776,5.703885383138363,0.060871471422708635,0.004323275516749678,-0.00030958755575870067,0.005636538568604571,0.0011929351423388484,0.0008108833647517033,0.0,1.0,0.49999999999999994,0.8660254037844387
2017-02-21,130.05999755859375,130.52999877929688,129.99000549316406,130.4499969482422,122.52801513671876,18479600.0,0.0049181164269051,100.94000244140624,101.5999984741211,100.91000366210938,101.37000274658205,101.37000274658205,0.0,2.4560000896453857,2.4609999656677246,2.4130001068115234,2.427000045776367,2.427000045776367,0.0,12.050000190734863,12.09000015258789,11.5,11.56999969482422,11.56999969482422,0.0,0.004918116426905196,0.004151878335147119,0.004930230212360165,128.60799865722657,127.04049949645997,123.58100006103516,116.79360008239745,128.39766024318027,126.5077869575687,1.8898732856115714,1.673249503111671,86.08340353935733,99.40651849044325,98.1602585549649,3.2940026942413083,-1.4109674936556238,0.8381500421511128,123.27210406839814,130.8088949245218,5.932589123938141,0.05957002861751286,0.0,0.004323275516749678,0.0033511139377026566,0.003648889735031008,0.0067062715815027155,0.7818314824680298,0.6234898018587336,0.49999999999999994,0.8660254037844387
2017-02-22,130.3300018310547,130.58999633789062,130.11000061035156,130.5,122.57500457763672,12110900.0,0.000383426051204,101.38999938964844,101.72000122070312,101.16999816894533,101.33000183105467,101.33000183105467,0.0,2.407999992370605,2.4539999961853027,2.3919999599456787,2.4179999828338623,2.4179999828338623,0.0,11.479999542236328,12.06999969482422,11.4399995803833,11.739999771118164,11.739999771118164,0.0,0.000383426051204048,0.0036829258098321485,0.0003834995683682507,129.00799865722658,127.2939994812012,123.7868000793457,116.9168000793457,128.72109712884483,126.80350644219324,1.917590686651593,1.7221177398196557,86.20612751485146,98.8920880692558,98.66131899914086,3.1620553359683794,-1.7109587809201021,0.812567591107395,123.3060436473852,131.2819553150172,6.2657404906268885,0.05279966568816325,0.004918116426905196,0.0,0.005895708758957679,0.0016616784908722434,0.010015752103126043,0.9749279121818236,-0.22252093395631434,0.49999999999999994,0.8660254037844387
2017-02-23,130.6999969482422,130.6999969482422,129.49000549316406,130.00999450683594,122.11474609375,17489000.0,-0.0037619804298377,101.37000274658205,101.44000244140624,100.87000274658205,101.0500030517578,101.0500030517578,0.0,2.3989999294281006,2.3989999294281006,2.38100004196167,2.388000011444092,2.388000011444092,0.0,11.65999984741211,12.460000038146973,11.539999961853027,11.710000038146973,11.710000038146973,0.0,-0.0037619804298377217,0.009257777225176886,-0.003754913046690511,129.31299819946287,127.51649932861329,123.97899993896485,117.04030006408692,128.91938903315116,127.04102407661122,1.87836495653994,1.7533671831637125,78.86643738057008,94.66027605051463,97.65296087007123,2.4023278547237314,-12.897245573880367,0.8409550099624471,123.44031036034461,131.59268829688196,6.393194590080818,0.05655239034512183,0.000383426051204048,0.004918116426905196,-0.00030958755575870067,0.0036296624284595214,0.0010360535826019362,0.43388373911755823,-0.900968867902419,0.49999999999999994,0.8660254037844387
2017-02-24,129.4199981689453,130.25999450683594,129.3800048828125,130.25999450683594,122.34955596923828,18624500.0,0.0019210162442265,100.95999908447266,101.16999816894533,100.66000366210938,101.08999633789062,101.08999633789062,0.0,2.352999925613404,2.352999925613404,2.313999891281128,2.316999912261963,2.316999912261963,0.0,11.8100004196167,12.59000015258789,11.34000015258789,11.470000267028809,11.470000267028809,0.0,0.0019210162442265828,0.006799487223564136,0.0019228625780216557,129.6009979248047,127.7394989013672,124.19219985961914,117.15925003051757,129.12563602910265,127.27946633070195,1.8461696984007006,1.7719276862111102,79.81089068775071,92.08770457008188,95.21335622995076,2.260949376288909,-9.128681934953843,0.8437431966810893,123.57173833812585,131.90725946460856,6.525406157197231,0.05655285212952614,-0.0037619804298377217,0.000383426051204048,0.004323275516749678,0.0033025313663893638,0.001909680254671848,-0.433883739117558,-0.9009688679024191,0.49999999999999994,0.8660254037844387
2017-02-27,130.02000427246094,130.42999267578125,129.8000030517578,130.4199981689453,122.49983978271484,12008700.0,0.0012275613904376,101.08000183105467,101.2699966430664,100.69000244140624,101.12999725341795,101.12999725341795,0.0,2.3310000896453857,2.369999885559082,2.3289999961853027,2.36899995803833,2.36899995803833,0.0,11.779999732971191,12.140000343322754,11.529999732971191,12.09000015258789,12.09000015258789,0.0,0.0012275613904376053,0.004845328436563306,0.0012283151523193592,129.83299713134767,128.01949882507324,124.39879989624022,117.27970001220703,129.32476866600152,127.51209831871998,1.8126703472815393,1.7800762184251961,80.41417798062395,90.721656272817,92.48987896447116,1.8110788094381025,-5.809103672714766,0.8284750843483999,123.92580187037258,132.11319577977392,6.39542724705449,0.04398391832149247,0.0019210162442265828,-0.0037619804298377217,0.0,0.005636538568604571,-0.007820772075775568,0.0,1.0,0.49999999999999994,0.8660254037844387
2017-02-28,130.38999938964844,130.4499969482422,129.66000366210938,130.02000427246094,122.12416076660156,16598600.0,-0.0030714836697651,101.20999908447266,101.38999938964844,100.77999877929688,101.12000274658205,101.12000274658205,0.0,2.3559999465942383,2.36899995803833,2.336999893188477,2.3580000400543213,2.3580000400543213,0.0,12.1899995803833,12.960000038146973,12.130000114440918,12.920000076293944,12.920000076293944,0.0,-0.003071483669765156,0.00605869537411417,-0.003066771489494524,129.98199768066408,128.29199905395507,124.58819992065429,117.38750003814698,129.4317279900722,127.6978691301082,1.733858859964002,1.7708327467329572,74.42670028850083,89.54575603712843,90.7850389600091,1.159266713853005,-16.424946280946106,0.825726384475858,124.44711084406767,132.13688726384245,5.993964141552381,0.04547203725074875,0.0012275613904376053,0.0019210162442265828,0.004918116426905196,0.0033511139377026566,-0.002005083763569675,0.7818314824680298,0.6234898018587336,0.49999999999999994,0.8660254037844387
2017-03-01,130.85000610351562,131.67999267578125,130.60000610351562,131.44000244140625,123.45791625976562,25813800.0,0.0108621005482871,101.44000244140624,101.97000122070312,101.2300033569336,101.77999877929688,101.77999877929688,0.0,2.434999942779541,2.470999956130981,2.434999942779541,2.463000059127808,2.463000059127808,0.0,12.3100004196167,12.579999923706056,11.779999732971191,12.539999961853027,12.539999961853027,0.0,0.010862100548287144,0.008253622635762401,0.010921307338300323,130.1969985961914,128.5924991607666,124.80779998779296,117.49850006103516,129.74069329027745,127.97506419020436,1.7656291000730846,1.769792017400983,80.09337232786748,90.87198021079288,90.37979750691277,1.6629354682656943,-5.150009413960499,0.8853165286790333,124.74999675241101,132.43500156912222,5.976246567152727,0.05261245473928445,-0.003071483669765156,0.0012275613904376053,0.000383426051204048,0.005895708758957679,0.006880122002071624,0.9749279121818236,-0.22252093395631434,0.8660254037844386,0.5000000000000001
2017-03-02,131.41000366210938,131.42999267578125,130.6199951171875,130.77999877929688,122.83797454833984,19951400.0,-0.0050341320647277,101.91000366210938,102.26000213623048,101.77999877929688,102.1999969482422,102.1999969482422,0.0,2.4820001125335693,2.505000114440918,2.4649999141693115,2.489000082015991,2.489000082015991,0.0,12.43000030517578,12.710000038146973,11.31999969482422,11.8100004196167,11.8100004196167,0.0,-0.0050341320647277294,0.006163895715857923,-0.005021482058075288,130.3499984741211,128.86549911499023,125.02099990844727,117.60460006713869,129.90058644243427,128.18283712272972,1.7177493197045521,1.7593834778616968,72.09685513311706,85.23262555537546,88.55012060109893,1.1837514733438104,-22.72716763896703,0.8806515855032988,125.23179026798284,132.49920796199763,5.639537148364176,0.05779755199883953,0.010862100548287144,-0.003071483669765156,-0.0037619804298377217,-0.00030958755575870067,-0.0008773453449676667,0.43388373911755823,-0.900968867902419,0.8660254037844386,0.5000000000000001
2017-03-03,130.69000244140625,131.05999755859375,130.33999633789062,131.02000427246094,123.06340026855467,13722700.0,0.001833465010367,102.12000274658205,102.16999816894533,101.33999633789062,101.54000091552734,101.54000091552734,0.0,2.49399995803833,2.5199999809265137,2.4820001125335693,2.492000102996826,2.492000102996826,0.0,11.960000038146973,11.970000267028809,10.9399995803833,10.960000038146973,10.960000038146973,0.0,0.0018334650103670968,0.005509229529825217,0.0018351468350377154,130.47099914550782,129.13249931335451,125.23740005493164,117.70905010223389,130.0728045701307,128.39299765233943,1.679806917791268,1.743468165847611,73.14678456794361,85.12394206222163,87.07618260946332,0.9321367665237137,-16.75099676040759,0.8691765594461436,125.70545677631867,132.55954185039036,5.307792469376344,0.05773943459056899,-0.0050341320647277294,0.010862100548287144,0.0019210162442265828,0.004323275516749678,0.0028685010254201186,-0.433883739117558,-0.9009688679024191,0.8660254037844386,0.5000000000000001
2017-03-06,130.58999633789062,130.9499969482422,130.2100067138672,130.72999572753906,122.79098510742188,12026200.0,-0.0022160700709189,101.44000244140624,101.75,101.22000122070312,101.63999938964844,101.63999938964844,0.0,2.470999956130981,2.506999969482422,2.46399998664856,2.49399995803833,2.49399995803833,0.0,11.59000015258789,11.720000267028809,11.0600004196167,11.239999771118164,11.239999771118164,0.0,-0.002216070070918968,0.005666515469227348,-0.002213616400475904,130.56299896240236,129.37749900817872,125.44800003051758,117.8120500946045,130.17391090203967,128.56610862087274,1.6078022811669257,1.716334988911474,69.73237428326061,77.27366676167699,82.54341145975803,0.7087267438935456,-28.700835315594396,0.8649494879566869,126.25771643211556,132.49728158424188,4.82275913505785,0.05967022456195693,0.0018334650103670968,-0.0050341320647277294,0.0012275613904376053,0.0,0.0011929351423388484,0.0,1.0,0.8660254037844386,0.5000000000000001
2017-03-07,130.47000122070312,131.0800018310547,130.27999877929688,130.50999450683594,122.58439636230467,15500900.0,-0.0016838591768493,101.68000030517578,101.91000366210938,101.52999877929688,101.80999755859376,101.80999755859376,0.0,2.510999917984009,2.5179998874664307,2.503000020980835,2.510999917984009,2.510999917984009,0.0,11.270000457763672,11.579999923706056,11.039999961853027,11.449999809265137,11.449999809265137,0.0,-0.0016838591768493702,0.006131701113457697,-0.0016824422813813689,130.56899871826175,129.58849868774413,125.64179992675781,117.91290008544922,130.22561607200834,128.71010016798112,1.515515904027211,1.6761711719346217,67.17083970334203,70.71894851608872,77.7055191133291,0.04599276350888291,-42.391322375731846,0.8603104567996245,126.79408922877154,132.38290814671672,4.312743009248042,0.06060437216539121,-0.002216070070918968,0.0018334650103670968,-0.003071483669765156,0.004918116426905196,0.003648889735031008,0.7818314824680298,0.6234898018587336,0.8660254037844386,0.5000000000000001
2017-03-08,130.58999633789062,131.14999389648438,130.4600067138672,130.74000549316406,122.80042266845705,15776000.0,0.0017607149685507,101.79000091552734,102.19000244140624,101.70999908447266,102.06999969482422,102.06999969482422,0.0,2.566999912261963,2.5829999446868896,2.5450000762939453,2.552000045776367,2.552000045776367,0.0,11.489999771118164,11.859999656677246,11.09000015258789,11.859999656677246,11.859999656677246,0.0,0.0017607149685507223,0.005283614380629154,0.0017622659372886762,130.59299926757814,129.80049896240234,125.85900009155273,118.01485012054444,130.3047529060323,128.86046352540208,1.4442893806302095,1.6297948136737392,68.47470608536531,64.43408632591623,70.80890053456064,0.18391225529813218,-35.605583330925064,0.8481445086437361,127.37347125820348,132.22752666660122,3.7396276957330907,0.06060578673704028,-0.0016838591768493702,-0.002216070070918968,0.010862100548287144,0.000383426051204048,0.0016616784908722434,0.9749279121818236,-0.22252093395631434,0.8660254037844386,0.5000000000000001
2017-03-09,130.7100067138672,131.02000427246094,130.13999938964844,130.83999633789062,122.89435577392578,20855300.0,0.0007646325301729,102.11000061035156,102.25,101.6999969482422,101.8499984741211,101.8499984741211,0.0,2.562999963760376,2.6070001125335693,2.558000087738037,2.5980000495910645,2.5980000495910645,0.0,11.75,12.43000030517578,11.619999885559082,12.300000190734863,12.300000190734863,0.0,0.0007646325301729345,0.006732498183852814,0.0007649249361489918,130.6759994506836,129.99449882507326,126.08160003662108,118.11615009307862,130.38709804939512,129.00709558558643,1.3800024638086938,1.5798363437007303,69.05018278246173,63.395014611763436,66.18268315125613,0.638413865182531,-31.81805045805277,0.8504202496557908,127.93031310218122,132.05868454796533,3.1758047325829093,0.06021556513191123,0.0017607149685507223,-0.0016838591768493702,-0.0050341320647277294,-0.0037619804298377217,0.0036296624284595214,0.43388373911755823,-0.900968867902419,0.8660254037844386,0.5000000000000001
2017-03-10,131.44000244140625,131.60000610351562,130.82000732421875,131.38999938964844,123.41094207763672,21922600.0,0.004194688995156,102.0,102.0,101.16999816894533,101.25,101.25,0.0,2.61299991607666,2.615000009536743,2.575000047683716,2.5820000171661377,2.5820000171661377,0.0,11.970000267028809,12.09000015258789,11.460000038146973,11.65999984741211,11.65999984741211,0.0,0.004194688995156028,0.005934257188138637,0.00420349901716599,130.78899993896485,130.19499893188475,126.33979995727537,118.22280010223389,130.54139056328026,129.1836069784799,1.3577835848003588,1.5354257919206562,72.07030385938997,73.32263184928614,67.05057759565526,0.8674995627711303,-12.608470663163763,0.845390144630154,128.4449977096763,131.9450001540932,2.688277178947583,0.060650468232965146,0.0007646325301729345,0.0017607149685507223,0.0018334650103670968,0.0019210162442265828,0.0033025313663893638,-0.433883739117558,-0.9009688679024191,0.8660254037844386,0.5000000000000001
2017-03-13,131.33999633789062,131.63999938964844,131.27000427246094,131.61000061035156,123.61759948730467,10731600.0,0.0016731464029931,101.27999877929688,101.38999938964844,101.01000213623048,101.37999725341795,101.37999725341795,0.0,2.578000068664551,2.615000009536743,2.575999975204468,2.6080000400543213,2.6080000400543213,0.0,12.15999984741211,12.229999542236328,11.289999961853027,11.350000381469728,11.350000381469728,0.0,0.0016731464029931243,0.0028170787841019537,0.0016745468934022956,130.9080001831055,130.37049865722656,126.60239990234375,118.32855010986329,130.70579210898353,129.36333984010002,1.3424522688835054,1.4968310873132262,73.19696897943572,84.17677648266856,73.6314743145727,0.9124386275981446,-3.043149430777803,0.8114333569556788,128.8115430657813,131.92945424867182,2.391577247156353,0.05870899582786004,0.004194688995156028,0.0007646325301729345,-0.002216070070918968,0.0012275613904376053,0.005636538568604571,0.0,1.0,0.8660254037844386,0.5000000000000001
2017-03-14,131.30999755859375,131.36000061035156,130.75999450683594,131.2899932861328,123.31700897216795,14019700.0,-0.0024345770362669,101.41000366210938,101.79000091552734,101.33999633789062,101.6999969482422,101.6999969482422,0.0,2.6080000400543213,2.61299991607666,2.588000059127808,2.595000028610229,2.595000028610229,0.0,11.390000343322754,12.539999961853027,11.279999732971191,12.300000190734863,12.300000190734863,0.0,-0.002434577036266978,0.004569386297093544,-0.0024316158571545676,131.03499908447267,130.50849838256838,126.83739974975586,118.43410007476807,130.79566921316035,129.50605491017652,1.2896143029838356,1.4553877304473481,68.84655709608369,89.13059823616308,82.21000218937259,0.9767643223657906,-16.956585197569197,0.8141885531385321,129.16127674765428,131.85572001748247,2.0645730379410088,0.05967955016348762,0.0016731464029931243,0.004194688995156028,-0.0016838591768493702,-0.003071483669765156,0.0033511139377026566,0.7818314824680298,0.6234898018587336,0.8660254037844386,0.5000000000000001
2017-03-15,131.55999755859375,132.41000366210938,131.13999938964844,132.10000610351562,124.07785034179688,22709100.0,0.0061508454175118,101.72000122070312,101.72000122070312,100.48999786376952,100.73999786376952,100.73999786376952,0.0,2.57699990272522,2.5910000801086426,2.50600004196167,2.507999897003174,2.507999897003174,0.0,12.119999885559082,12.25,10.600000381469728,11.630000114440918,11.630000114440918,0.0,0.006150845417511852,0.009653422742694316,0.006169800710951634,131.1009994506836,130.6489990234375,127.07559982299804,118.54275009155275,130.99633642706115,129.69819944301645,1.298136984044703,1.4239375811668191,73.19014314926227,89.92310624068043,87.74349365317069,0.5021330263620419,-10.230946649611727,0.8467468188044183,129.2516622566889,132.04633579018613,2.139069992412189,0.05995982456411664,-0.002434577036266978,0.0016731464029931243,0.0017607149685507223,0.010862100548287144,0.005895708758957679,0.9749279121818236,-0.22252093395631434,0.8660254037844386,0.5000000000000001
2017-03-16,132.35000610351562,132.35000610351562,131.7100067138672,132.00999450683594,123.99327087402344,18457300.0,-0.0006818969546817,100.55999755859376,100.75,100.2300033569336,100.2699966430664,100.2699966430664,0.0,2.5220000743865967,2.5380001068115234,2.515000104904175,2.5220000743865967,2.5220000743865967,0.0,11.289999961853027,11.550000190734863,11.15999984741211,11.210000038146973,11.210000038146973,0.0,-0.0006818969546817132,0.004835658180082526,-0.0006816645157894374,131.2239990234375,130.7869987487793,127.29839965820312,118.65185005187989,131.15228382394957,129.86944352181789,1.2828403021316888,1.3957181253597932,71.98898636942009,86.0888935627768,88.38086601320677,0.9405075233368001,-14.545787464488635,0.8319791452932769,129.4267476386046,132.14724985895398,2.080101421682609,0.06008828442883879,0.006150845417511852,-0.002434577036266978,0.0007646325301729345,-0.0050341320647277294,-0.00030958755575870067,0.43388373911755823,-0.900968867902419,0.8660254037844386,0.5000000000000001
2017-03-17,131.89999389648438,132.0399932861328,131.6199951171875,131.69000244140625,123.95003509521484,21234500.0,-0.0003487553662947,100.25,100.47000122070312,100.13999938964844,100.3000030517578,100.3000030517578,0.0,2.5220000743865967,2.5309998989105225,2.490000009536743,2.500999927520752,2.500999927520752,0.0,11.380000114440918,11.380000114440918,10.779999732971191,11.279999732971191,11.279999732971191,0.0,-0.00034875536629479903,0.0031842167428372185,-0.00034869455821129325,131.29099884033204,130.88099899291993,127.49359970092773,118.7656000518799,131.23500976509675,130.0042997380837,1.2307100270130604,1.3627165056904467,67.73325253002378,83.01380110495896,86.34193363613872,0.5113708953573429,-26.18186257102273,0.8025519326969938,129.54541254035718,132.21658544548268,2.0409172650569394,0.05899804743595503,-0.0006818969546817132,0.006150845417511852,0.004194688995156028,0.0018334650103670968,0.004323275516749678,-0.433883739117558,-0.9009688679024191,0.8660254037844386,0.5000000000000001
2017-03-20,131.64999389648438,132.11000061035156,131.4600067138672,131.80999755859375,124.06295776367188,10105200.0,0.0009106190361929,100.33999633789062,100.4499969482422,100.0199966430664,100.41000366210938,100.41000366210938,0.0,2.503999948501587,2.509999990463257,2.4719998836517334,2.4730000495910645,2.4730000495910645,0.0,11.710000038146973,11.720000267028809,11.029999732971191,11.34000015258789,11.34000015258789,0.0,0.0009106190361929188,0.0049372877069440765,0.0009110337755877662,131.3989990234375,130.98099899291992,127.68319961547851,118.88450004577639,131.32346942563476,130.13805513219555,1.1854142934392087,1.327256063240199,68.48561358006887,77.6134709247057,82.23872186414715,0.8261316196365319,-26.431937190371524,0.7916549301103781,129.6841199594039,132.27787802643596,1.980255217913152,0.058918092861384816,-0.00034875536629479903,-0.0006818969546817132,0.0016731464029931243,-0.002216070070918968,0.0,0.0,1.0,0.8660254037844386,0.5000000000000001
2017-03-21,132.30999755859375,132.42999267578125,129.72999572753906,129.80999755859375,122.18053436279295,35841900.0,-0.0152894198753062,100.37999725341795,100.37999725341795,99.66000366210938,99.80999755859376,99.80999755859376,0.0,2.493000030517578,2.499000072479248,2.4210000038146973,2.436000108718872,2.436000108718872,0.0,11.149999618530272,12.850000381469728,10.920000076293944,12.470000267028809,12.470000267028809,0.0,-0.015289419875306262,0.02040659812609012,-0.015173130117248634,131.3289993286133,130.9489990234375,127.82739959716797,118.99340003967286,131.09062759993614,130.113754571188,0.9768730287481446,1.2571794563417882,48.279428089407105,50.11641145582307,70.24789449516257,-0.5363550514941771,-97.03696587113656,0.9279650742626503,129.5680913465221,132.3299067003529,2.109077102098721,0.08028509095941182,0.0009106190361929188,-0.00034875536629479903,-0.002434577036266978,-0.0016838591768493702,0.004918116426905196,0.7818314824680298,0.6234898018587336,0.8660254037844386,0.5000000000000001
2017-03-22,129.85000610351562,130.82000732421875,129.67999267578125,130.69000244140625,123.0087661743164,29177900.0,0.0067558817606003,99.69000244140624,99.93000030517578,99.5500030517578,99.68000030517578,99.68000030517578,0.0,2.4189999103546143,2.4210000038146973,2.375,2.3959999084472656,2.3959999084472656,0.0,12.949999809265137,13.15999984741211,11.989999771118164,12.8100004196167,12.8100004196167,0.0,0.006755881760600341,0.00877947319870503,0.006778754208621951,131.32399902343752,130.9584991455078,127.98259963989257,119.10825004577637,131.02899296016233,130.15643959861157,0.8725533615507572,1.180254237383582,54.623341744035244,37.752908259800336,55.16093021344303,-0.038246175353286935,-63.27237215909092,0.9431114724179968,129.5880226538146,132.328975637201,2.0929935829067134,0.08394150070966098,-0.015289419875306262,0.0009106190361929188,0.006150845417511852,0.0017607149685507223,0.000383426051204048,0.9749279121818236,-0.22252093395631434,0.8660254037844386,0.5000000000000001
2017-03-23,130.52000427246094,130.8800048828125,130.13999938964844,130.36000061035156,122.6981964111328,20311700.0,-0.0025279701096819,99.73999786376952,99.87000274658205,99.62999725341795,99.76000213623048,99.76000213623048,0.0,2.4119999408721924,2.437000036239624,2.38700008392334,2.4179999828338623,2.4179999828338623,0.0,12.649999618530272,13.170000076293944,12.18000030517578,13.119999885559082,13.119999885559082,0.0,-0.002527970109681906,0.0056696710767745505,-0.002524777484098184,131.2759994506836,130.97599945068362,128.13499969482424,119.2198500442505,130.92607106019145,130.1715181920738,0.7545528681176563,1.095113963530397,52.04529170347024,21.472741075624935,36.447353597082774,-0.3668570322330849,-75.27243874289773,0.9286039024712872,129.64824774186985,132.30375115949738,2.027473299508896,0.08328527646792958,0.006755881760600341,-0.015289419875306262,-0.0006818969546817132,0.0007646325301729345,-0.0037619804298377217,0.43388373911755823,-0.900968867902419,0.8660254037844386,0.5000000000000001
2017-03-24,130.77999877929688,131.2899932861328,130.1300048828125,130.6300048828125,122.9522933959961,22967600.0,0.0020687691336304,99.7699966430664,100.0,99.52999877929688,99.62999725341795,99.62999725341795,0.0,2.41599988937378,2.424999952316284,2.3929998874664307,2.400000095367432,2.400000095367432,0.0,12.859999656677246,14.15999984741211,12.270000457763672,12.960000038146973,12.960000038146973,0.0,0.00206876913363044,0.008869769186019784,0.0020709105129130823,131.20000000000002,130.99449996948243,128.28439971923828,119.34055007934572,130.88052241751777,130.20548016916555,0.6750422483522129,1.0110996204947602,53.9599354217827,32.00036251183712,30.40867061575413,-0.5784264482581417,-65.4541015625,0.9451313668176462,129.69883142604198,132.2901685129229,1.978202968433493,0.08332651068592306,-0.002527970109681906,0.006755881760600341,-0.00034875536629479903,0.004194688995156028,0.0019210162442265828,-0.433883739117558,-0.9009688679024191,0.8660254037844386,0.5000000000000001
2017-03-27,129.6999969482422,131.07000732421875,129.39999389648438,130.83999633789062,123.14996337890624,18472400.0,0.0016064056299887,99.43000030517578,99.43000030517578,98.86000061035156,99.16999816894533,99.16999816894533,0.0,2.358999967575073,2.381999969482422,2.3480000495910645,2.372999906539917,2.372999906539917,0.0,14.779999732971191,15.109999656677246,12.479999542236328,12.5,12.5,0.0,0.0016064056299887176,0.012875971218417277,0.001607696590689045,131.12299957275388,131.0154998779297,128.4379995727539,119.45895004272462,130.87428763603666,130.25248136684888,0.6218062691877719,0.9332409502333626,55.44971784645946,35.59943729692029,29.690846961460778,-0.5850651689765087,-52.475147803841395,0.9969086568831268,129.74568059870762,132.28531915715178,1.9384260341794641,0.08339653890974985,0.00206876913363044,-0.002527970109681906,0.0009106190361929188,0.0016731464029931243,0.0012275613904376053,0.0,1.0,0.8660254037844386,0.5000000000000001
2017-03-28,130.83999633789062,132.02999877929688,130.5500030517578,131.63999938964844,123.90291595458984,23721900.0,0.0060954959039322,99.22000122070312,99.79000091552734,99.12000274658205,99.70999908447266,99.70999908447266,0.0,2.365999937057495,2.4200000762939453,2.3570001125335693,2.4089999198913574,2.4089999198913574,0.0,12.4399995803833,12.670000076293944,11.34000015258789,11.529999732971191,11.529999732971191,0.0,0.006095495903932211,0.011311493189873035,0.006114111243110454,131.15800018310546,131.09649963378908,128.61499954223632,119.57965003967284,130.99208944428463,130.35526047964885,0.6368289646357823,0.8739585531138466,60.67097206291991,51.99945148295366,39.86641709723702,0.26659008409942053,-26.072396184797608,1.0314148762156936,129.88890405059664,132.30409521698152,1.8423002697490711,0.08486794905276397,0.0016064056299887176,0.00206876913363044,-0.015289419875306262,-0.002434577036266978,-0.003071483669765156,0.7818314824680298,0.6234898018587336,0.8660254037844386,0.5000000000000001
2017-03-29,131.72999572753906,132.3000030517578,131.58999633789062,132.25,124.4770965576172,13710000.0,0.0046234124881776,99.70999908447266,100.12999725341795,99.66999816894533,100.0,100.0,0.0,2.4030001163482666,2.4049999713897705,2.378000020980835,2.385999917984009,2.385999917984009,0.0,11.539999961853027,11.699999809265137,11.029999732971191,11.420000076293944,11.420000076293944,0.0,0.004623412488177636,0.005389863636948071,0.004634116950385625,131.17299957275392,131.13699951171876,128.79919952392578,119.704700050354,131.18561414516392,130.49561155523043,0.6900025899334992,0.8371673604777772,64.12364907106041,71.83736709404721,53.145418624640385,0.11354571502959465,-5.940354729219333,1.0084571503336575,129.83060811366198,132.44339090977553,1.9924070291695701,0.07755683848207441,0.006095495903932211,0.0016064056299887176,0.006755881760600341,0.006150845417511852,0.010862100548287144,0.9749279121818236,-0.22252093395631434,0.8660254037844386,0.5000000000000001
2017-03-30,132.1999969482422,132.61000061035156,132.0800018310547,132.47000122070312,124.68418884277344,16092400.0,0.0016623154958563,99.95999908447266,100.58999633789062,99.93000030517578,100.41000366210938,100.41000366210938,0.0,2.381999969482422,2.4200000762939453,2.378000020980835,2.41599988937378,2.41599988937378,0.0,11.369999885559082,11.640000343322754,11.119999885559082,11.539999961853027,11.539999961853027,0.0,0.0016623154958563487,0.004009068014611041,0.0016636979081559033,131.21900024414063,131.22149963378905,128.98899948120115,119.82320007324218,131.38321215678533,130.64186264156174,0.7413495152235896,0.8180037914269398,65.30660626488435,87.8753021684981,70.57070691516631,0.3484635504953125,-4.361342580488758,0.9742815524024587,129.7988803723774,132.6441188952007,2.1682716100362796,0.07491885615257415,0.004623412488177636,0.006095495903932211,-0.002527970109681906,-0.0006818969546817132,-0.0050341320647277294,0.43388373911755823,-0.900968867902419,0.8660254037844386,0.5000000000000001
2017-03-31,132.27999877929688,132.74000549316406,132.1300048828125,132.3800048828125,124.59944152832033,19841400.0,-0.0006799268575464,100.48999786376952,100.6500015258789,100.25,100.3499984741211,100.3499984741211,0.0,2.4140000343322754,2.427000045776367,2.3949999809265137,2.3959999084472656,2.3959999084472656,0.0,11.609999656677246,12.539999961853027,11.5,12.369999885559082,12.369999885559082,0.0,-0.0006799268575464895,0.004611434956008131,-0.0006796957596602038,131.28800048828126,131.28949966430665,129.1715995788574,119.96365009307861,131.53656488386642,130.77061391869142,0.7659509651749943,0.8075932261765508,64.37154698888209,92.97329290861767,84.22865405705431,0.5239596238243351,-10.778423964438922,0.948261485113109,129.78006823615877,132.79893109245452,2.29939398353613,0.07496613475208544,0.0016623154958563487,0.004623412488177636,0.00206876913363044,-0.00034875536629479903,0.0018334650103670968,-0.433883739117558,-0.9009688679024191,0.8660254037844386,0.5000000000000001
2017-04-03,132.49000549316406,132.80999755859375,131.55999755859375,132.3000030517578,124.52418518066406,23700300.0,-0.0006041687088422,100.5,100.69000244140624,100.37000274658205,100.54000091552734,100.54000091552734,0.0,2.380000114440918,2.3910000324249268,2.3320000171661377,2.3499999046325684,2.3499999046325684,0.0,12.59000015258789,13.59000015258789,12.270000457763672,12.380000114440918,12.380000114440918,0.0,-0.0006041687088422523,0.009434673923871902,-0.0006039862356779224,131.33700103759767,131.36800003051758,129.35059967041016,120.1140501022339,131.65401690969586,130.88390200262228,0.7701149070735767,0.8000975623559561,63.501138116781284,89.96813295875903,90.27224267862492,0.3717513862681315,-14.955834578795224,0.9698142361764585,129.81832117324495,132.9176788877902,2.3592942831018586,0.07437328390579595,-0.0006799268575464895,0.0016623154958563487,0.0016064056299887176,0.0009106190361929188,-0.002216070070918968,0.0,1.0,1.0,6.123233995736766e-17
2017-04-04,131.9199981689453,132.52999877929688,131.8699951171875,132.50999450683594,124.7218246459961,13400000.0,0.0015858990632801,100.5,100.7300033569336,100.41999816894533,100.54000091552734,100.54000091552734,0.0,2.325000047683716,2.358999967575073,2.321000099182129,2.3499999046325684,2.3499999046325684,0.0,12.710000038146973,13.06999969482422,11.699999809265137,11.789999961853027,11.789999961853027,0.0,0.0015858990632801931,0.005003059970211124,0.0015871572662393696,131.60700073242185,131.4680000305176,129.51719955444335,120.25430007934571,131.78570577079432,131.0043532992307,0.781352471563622,0.7963485441974893,64.84484564740288,88.48933581720962,90.47692056152877,2.0799607110565272,-8.79773400513697,0.947684909457381,129.89352437387285,133.04247568716235,2.395222649282363,0.07388681810399764,-0.0006041687088422523,-0.0006799268575464895,0.006095495903932211,-0.015289419875306262,-0.0016838591768493702,0.7818314824680298,0.6234898018587336,1.0,6.123233995736766e-17
2017-04-05,132.6999969482422,133.47999572753906,131.72000122070312,131.97000122070312,124.21353912353516,32011200.0,-0.0040836803669054,100.52999877929688,100.8499984741211,100.41000366210938,100.55999755859376,100.55999755859376,0.0,2.377000093460083,2.384000062942505,2.352999925613404,2.3570001125335693,2.3570001125335693,0.0,11.890000343322754,12.890000343322754,10.899999618530272,12.890000343322754,12.890000343322754,0.0,-0.00408368036690546,0.013262958156075913,-0.0040753534828698035,131.73500061035156,131.52949981689454,129.64799957275392,120.38260009765625,131.81405891693413,131.07588277489532,0.7381761420388102,0.7847140637657535,58.845421994254494,79.74559291345268,86.0676872298071,0.9794159885112494,-37.00965267570974,1.0057070235558494,129.97884567699535,133.08015395679374,2.3578803873775813,0.07583316525759703,0.0015858990632801931,-0.0006041687088422523,0.004623412488177636,0.006755881760600341,0.0017607149685507223,0.9749279121818236,-0.22252093395631434,1.0,6.123233995736766e-17
2017-04-06,132.10000610351562,132.38999938964844,131.6999969482422,132.0399932861328,124.2794189453125,18832200.0,0.0005302349316683,100.5199966430664,100.7699966430664,100.37999725341795,100.66999816894533,100.66999816894533,0.0,2.3480000495910645,2.368000030517578,2.328000068664551,2.3429999351501465,2.3429999351501465,0.0,13.109999656677246,13.220000267028809,11.699999809265137,12.390000343322754,12.390000343322754,0.0,0.0005302349316683167,0.005223333910110143,0.0005303755310588354,131.90299987792972,131.58949966430666,129.77759948730468,120.50510005950929,131.848818050657,131.14729836832032,0.7015196823366807,0.768075187479939,59.370138284090984,72.96615055776638,80.40035976280956,1.2887332524665898,-35.29416164585414,0.9831566962594495,130.05843892823455,133.12056040037876,2.3270256973055474,0.07582983599220691,-0.00408368036690546,0.0015858990632801931,0.0016623154958563487,-0.002527970109681906,0.0007646325301729345,0.43388373911755823,-0.900968867902419,1.0,6.123233995736766e-17
2017-04-07,132.0,132.3699951171875,131.5,131.97000122070312,124.21353912353516,16743100.0,-0.0005302349316683,100.73999786376952,101.26000213623048,100.5199966430664,101.18000030517578,101.18000030517578,0.0,2.313999891281128,2.372999906539917,2.2709999084472656,2.372999906539917,2.372999906539917,0.0,13.170000076293944,13.43000030517578,12.229999542236328,12.869999885559082,12.869999885559082,0.0,-0.0005302349316683222,0.006590872099905303,-0.0005300943819694925,132.03699951171876,131.6184997558594,129.9009994506836,120.62455005645752,131.86746161527947,131.20823932034867,0.6592222949307995,0.7463046089701112,58.56598921997276,63.562177667575455,72.09130704626483,1.02579521381227,-37.00965267570974,0.9750737263257387,130.0813897463078,133.15560976541101,2.3357051058974436,0.07467228805735623,0.0005302349316683167,-0.00408368036690546,-0.0006799268575464895,0.00206876913363044,0.004194688995156028,-0.433883739117558,-0.9009688679024191,1.0,6.123233995736766e-17
2017-04-10,132.10000610351562,132.57000732421875,131.66000366210938,132.02000427246094,124.26065063476562,15619300.0,0.0003792064829014,101.12999725341795,101.33999633789062,100.94000244140624,101.0199966430664,101.0199966430664,0.0,2.390000104904175,2.3910000324249268,2.345999956130981,2.361000061035156,2.361000061035156,0.0,13.239999771118164,14.109999656677246,12.9399995803833,14.050000190734863,14.050000190734863,0.0,0.0003792064829014293,0.006888748070127127,0.0003792783907687891,132.1550003051758,131.63899993896484,130.04499954223633,120.74425006866457,131.8909297163843,131.26837005754217,0.6225596588421354,0.7215556189445161,58.99331154599153,63.97069914892396,66.83300912475526,0.9018709627008664,-35.784088231664214,0.9704258645959986,130.0914662404502,133.1865336374795,2.3511781451274745,0.07450331051306563,-0.0005302349316683222,0.0005302349316683167,-0.0006041687088422523,0.0016064056299887176,0.0016731464029931243,0.0,1.0,1.0,6.123233995736766e-17
2017-04-11,131.89999389648438,132.10000610351562,130.5,131.4499969482422,123.7240982055664,33778400.0,-0.0043273085863565,100.95999908447266,101.08000183105467,100.58000183105467,100.70999908447266,100.70999908447266,0.0,2.3429999351501465,2.3429999351501465,2.2929999828338623,2.2980000972747803,2.2980000972747803,0.0,14.31999969482422,15.880000114440918,14.170000076293944,15.06999969482422,15.06999969482422,0.0,-0.004327308586356512,0.012130448654693008,-0.004317959277199357,132.13600006103516,131.64700012207032,130.18259948730469,120.86440006256106,131.8230939059009,131.28182390129774,0.5412700046031489,0.6854984960762427,52.36357179693294,59.150469793470386,62.22778220332327,-0.14433488475174736,-49.75484971221488,1.0153958816616862,130.10542034238637,133.18857990175428,2.341989985726252,0.07570429381545406,0.0003792064829014293,-0.0005302349316683222,0.0015858990632801931,0.006095495903932211,-0.002434577036266978,0.7818314824680298,0.6234898018587336,1.0,6.123233995736766e-17
2017-04-12,131.42999267578125,131.5399932861328,130.77999877929688,130.9199981689453,123.22528839111328,15955200.0,-0.0040397791604259,100.73999786376952,100.81999969482422,100.08999633789062,100.77999877929688,100.77999877929688,0.0,2.2929999828338623,2.305000066757202,2.2780001163482666,2.2960000038146973,2.2960000038146973,0.0,15.15999984741211,16.15999984741211,14.84000015258789,15.770000457763672,15.770000457763672,0.0,-0.004039779160425998,0.005782504368776265,-0.0040316302295803075,132.0029998779297,131.5879997253418,130.29239944458007,120.97750003814699,131.68415610021543,131.25502199519755,0.4291341050178801,0.6342256178645702,47.06706056078152,50.57201733816528,57.89772876018654,-1.0056724620451323,-62.74501004162506,0.9971529263169898,130.02919312947841,133.1468063212052,2.3692230281135367,0.0736307371969157,-0.004327308586356512,0.0003792064829014293,-0.00408368036690546,0.004623412488177636,0.006150845417511852,0.9749279121818236,-0.22252093395631434,1.0,6.123233995736766e-17
2017-04-13,130.74000549316406,131.50999450683594,130.3800048828125,130.39999389648438,122.7358169555664,23683000.0,-0.0039800771020316,100.16000366210938,100.5999984741211,100.01000213623048,100.55999755859376,100.55999755859376,0.0,2.239000082015991,2.2709999084472656,2.220000028610229,2.2320001125335693,2.2320001125335693,0.0,15.890000343322754,16.219999313354492,14.970000267028809,15.960000038146973,15.960000038146973,0.0,-0.003980077102031605,0.008643028732949844,-0.0039721670927911346,131.7959991455078,131.50749969482422,130.3939993286133,121.08639999389649,131.4865926842568,131.19168658047806,0.29490610377874305,0.5663617150474048,42.522459766616386,37.33664438934329,49.019710506992986,-1.5626234657988651,-75.4902070781302,1.0066412618674505,129.8758654690936,133.13913392055483,2.4814314461410514,0.07475322802635942,-0.004039779160425998,-0.004327308586356512,0.0005302349316683167,0.0016623154958563487,-0.0006818969546817132,0.43388373911755823,-0.900968867902419,1.0,6.123233995736766e-17
2017-04-14,130.74000549316406,131.50999450683594,130.3800048828125,130.39999389648438,122.7358169555664,23683000.0,0.0,100.16000366210938,100.5999984741211,100.01000213623048,100.55999755859376,100.55999755859376,0.0,2.239000082015991,2.2709999084472656,2.220000028610229,2.2320001125335693,2.2320001125335693,0.0,15.890000343322754,16.219999313354492,14.970000267028809,15.960000038146973,15.960000038146973,0.0,0.0,0.008643028732949844,0.0,131.597998046875,131.44299926757813,130.48839920043946,121.18689994812011,131.31942363998414,131.13304267796002,0.18638096202411703,0.49036556444274726,42.522459766616386,20.80319722573624,36.23728631774827,-1.4957024575432682,-99.35519120303601,1.0154518591643067,129.74125716269475,133.1447413724615,2.5893233026722835,0.07477343209569538,-0.003980077102031605,-0.004039779160425998,-0.0005302349316683222,-0.0006799268575464895,-0.00034875536629479903,-0.433883739117558,-0.9009688679024191,1.0,6.123233995736766e-17
2017-04-17,130.77000427246094,131.5,130.72000122070312,131.47999572753906,123.75233459472656,13325500.0,0.0082480508340632,100.47000122070312,100.47000122070312,100.0,100.3000030517578,100.3000030517578,0.0,2.220000028610229,2.252000093460083,2.2179999351501465,2.252000093460083,2.252000093460083,0.0,16.190000534057617,16.280000686645508,14.600000381469728,14.65999984741211,14.65999984741211,0.0,0.008248050834063284,0.0059646612664456125,0.00828215971812174,131.51599731445316,131.4264991760254,130.60139907836916,121.28964992523196,131.34412703806953,131.15874290385477,0.18538413421475752,0.42936927839714933,53.36796885289122,20.21276071654171,26.11753411054041,-0.6198089987178235,-64.51631956920866,1.0214914480465438,129.73336223427015,133.11963611778066,2.576553362328493,0.08088550336703587,0.0,-0.003980077102031605,0.0003792064829014293,-0.0006041687088422523,0.0009106190361929188,0.0,1.0,1.0,6.123233995736766e-17
2017-04-18,131.0399932861328,131.66000366210938,130.9499969482422,131.27999877929688,123.5640869140625,12841100.0,-0.0015223228273354,100.3499984741211,100.4000015258789,99.47000122070312,99.5,99.5,0.0,2.2230000495910645,2.226999998092652,2.177000045776367,2.178999900817871,2.178999900817871,0.0,14.5,15.5,14.289999961853027,14.420000076293944,14.420000076293944,0.0,-0.0015223228273354122,0.005418244431048237,-0.001521164681705156,131.39299774169922,131.49999923706056,130.70119903564455,121.38859992980959,131.33426115210452,131.16772482055418,0.16653633155033276,0.376802689027786,51.43255679200829,21.720212048572314,20.912056663616752,-0.928228645783854,-70.96785308203839,0.999242538462304,129.9839638917264,133.01603458239472,2.3057571925930427,0.05824779682313805,0.008248050834063284,0.0,-0.004327308586356512,0.0015858990632801931,-0.015289419875306262,0.7818314824680298,0.6234898018587336,1.0,6.123233995736766e-17
2017-04-19,131.85000610351562,132.2899932861328,131.30999755859375,131.49000549316406,123.76177215576172,17764800.0,0.0015985816003293,99.51000213623048,99.88999938964844,99.51000213623048,99.73999786376952,99.73999786376952,0.0,2.2090001106262207,2.2249999046325684,2.200000047683716,2.20199990272522,2.20199990272522,0.0,14.0,15.149999618530272,13.460000038146973,14.93000030517578,14.93000030517578,0.0,0.0015985816003293376,0.0074326559133388774,0.0015998600130207041,131.34499816894532,131.53999938964844,130.80099914550783,121.48994995117188,131.35822181995982,131.19159746296972,0.16662435699009848,0.33476702262024854,53.34583313270175,33.440801466160664,25.124591410424895,-0.3637157862386698,-64.19342295027097,1.0000105362032778,130.07251103257153,133.00748774672536,2.231242760964162,0.05367240207387362,-0.0015223228273354122,0.008248050834063284,-0.004039779160425998,-0.00408368036690546,0.006755881760600341,0.9749279121818236,-0.22252093395631434,1.0,6.123233995736766e-17
2017-04-20,132.02000427246094,132.8800048828125,131.82000732421875,132.58999633789062,124.797119140625,21977900.0,0.0083308464040217,99.77999877929688,99.8499984741211,99.37000274658205,99.77999877929688,99.77999877929688,0.0,2.236000061035156,2.256999969482422,2.2249999046325684,2.240999937057495,2.240999937057495,0.0,14.59000015258789,14.8100004196167,13.829999923706056,14.149999618530272,14.149999618530272,0.0,0.008330846404021746,0.008029067749506678,0.008365644470250677,131.39999847412113,131.6514991760254,130.91359909057616,121.59299991607666,131.5477255919492,131.29518256481572,0.2525430271334699,0.31832222352289286,61.82817798580627,45.37632714940368,33.512446888045545,0.4165427747076198,-28.70974251947962,1.027866882877932,130.22316320668895,133.07983514536184,2.169874218335607,0.05958505569862295,0.0015985816003293376,-0.0015223228273354122,-0.003980077102031605,0.0005302349316683167,-0.002527970109681906,0.43388373911755823,-0.900968867902419,1.0,6.123233995736766e-17
2017-04-21,132.7100067138672,132.75999450683594,132.22000122070312,132.55999755859375,124.76889038085938,22454900.0,-0.0002262227932412,99.83999633789062,100.02999877929688,99.6500015258789,99.9800033569336,99.9800033569336,0.0,2.239000082015991,2.239000082015991,2.2090001106262207,2.236999988555908,2.236999988555908,0.0,13.850000381469728,15.329999923706056,13.850000381469728,14.630000114440918,14.630000114440918,0.0,-0.00022622279324126262,0.00406897188466789,-0.00022619720679462052,131.45899810791016,131.74799880981448,131.0171990966797,121.69679988861084,131.70345974066373,131.38887256435484,0.31458717630889055,0.3175752140800924,61.49978168503439,59.1397955316227,45.985641382395684,0.44706852499298744,-29.677447935381295,0.9930187688247093,130.34977757667494,133.146220042954,2.1225692166420638,0.05951832113774802,0.008330846404021746,0.0015985816003293376,0.0,-0.0005302349316683222,0.00206876913363044,-0.433883739117558,-0.9009688679024191,1.0,6.123233995736766e-17
2017-04-24,134.02999877929688,134.2899932861328,133.8000030517578,134.16000366210938,126.27478790283205,22469900.0,0.0119972396411843,98.79000091552734,99.33000183105467,98.79000091552734,99.08999633789062,99.08999633789062,0.0,2.312999963760376,2.312999963760376,2.2660000324249268,2.2730000019073486,2.2730000019073486,0.0,11.5600004196167,12.010000228881836,10.81999969482422,10.84000015258789,10.84000015258789,0.0,0.011997239641184316,0.003655825105108387,0.012069495187268853,131.672998046875,131.9139991760254,131.13839904785155,121.80489990234373,132.0813895747323,131.59414153455887,0.4872480401734265,0.35150977929875926,70.49973830823049,79.42941895698019,61.31518054600219,1.6209660054486428,-3.324552674198522,1.0456599801614488,130.2139351576245,133.61406319442634,2.5775338918083524,0.07171812840047495,-0.00022622279324126262,0.008330846404021746,0.008248050834063284,0.0003792064829014293,0.0016064056299887176,0.0,1.0,1.0,6.123233995736766e-17
2017-04-25,134.60000610351562,135.3699951171875,134.47999572753906,135.1300048828125,127.18781280517578,19384400.0,0.0072044463280225,99.0500030517578,99.22000122070312,98.6999969482422,98.81999969482422,98.81999969482422,0.0,2.305000066757202,2.3340001106262207,2.2960000038146973,2.32699990272522,2.32699990272522,0.0,10.8100004196167,11.149999618530272,10.220000267028809,10.760000228881836,10.760000228881836,0.0,0.007204446328022587,0.006612179415236977,0.007230460787202464,132.04099884033204,132.0884994506836,131.27039916992186,121.91989994049072,132.55040731443694,131.8560573381332,0.6943499763037266,0.42007781869975275,74.40591712743004,87.39618881453427,75.32180110104571,2.7995496538651867,-4.80943294681736,1.0573979426554971,129.86957871622118,134.30742018514601,3.359748568104324,0.07281096957240905,0.011997239641184316,-0.00022622279324126262,-0.0015223228273354122,-0.004327308586356512,0.006095495903932211,0.7818314824680298,0.6234898018587336,1.0,6.123233995736766e-17
2017-04-26,135.17999267578125,135.50999450683594,134.86000061035156,134.94000244140625,127.00901794433594,25398500.0,-0.0014067436623645,98.8499984741211,99.33000183105467,98.7300033569336,98.95999908447266,98.95999908447266,0.0,2.3399999141693115,2.3499999046325684,2.309000015258789,2.311000108718872,2.311000108718872,0.0,10.609999656677246,10.890000343322754,10.390000343322754,10.850000381469728,10.850000381469728,0.0,-0.001406743662364554,0.004808358719498787,-0.0014057546623096329,132.44299926757813,132.2229995727539,131.38339935302736,122.02739994049071,132.9180373339707,132.08449771615344,0.8335396178172516,0.5027701785232526,72.38410387758552,93.58501182157005,86.8035398643615,3.0705807582378175,-11.110978914273984,1.0282976536432742,129.66296976023787,134.78302938526994,3.872291236453781,0.0723141359985438,0.007204446328022587,0.011997239641184316,0.0015985816003293376,-0.004039779160425998,0.004623412488177636,0.9749279121818236,-0.22252093395631434,1.0,6.123233995736766e-17
2017-04-27,135.27000427246094,135.75,135.19000244140625,135.75,127.77140808105467,16136500.0,0.0059847016046934,98.9499969482422,99.33000183105467,98.80999755859376,99.08000183105467,99.08000183105467,0.0,2.311000108718872,2.322000026702881,2.282000064849853,2.2960000038146973,2.2960000038146973,0.0,10.720000267028809,11.079999923706056,10.329999923706056,10.359999656677246,10.359999656677246,0.0,0.005984701604693403,0.00413985023217566,0.006002645710187826,132.97799987792968,132.38699951171876,131.51339935302735,122.14024993896483,133.35372389797521,132.35601640384576,0.9977074941294575,0.6017576416444936,75.44709450724879,94.69319604630289,91.8914655608024,4.102765608840924,0.0,1.0127047897111654,129.37925065445702,135.3947483689805,4.543873444303704,0.07443048921655512,-0.001406743662364554,0.007204446328022587,0.008330846404021746,-0.003980077102031605,0.0016623154958563487,0.43388373911755823,-0.900968867902419,1.0,6.123233995736766e-17
2017-04-28,136.2899932861328,136.33999633789062,135.77000427246094,135.99000549316406,127.99726104736328,22771900.0,0.0017660726451087,99.16999816894533,99.25,98.72000122070312,99.0500030517578,99.0500030517578,0.0,2.312999963760376,2.3359999656677246,2.282000064849853,2.282000064849853,2.282000064849853,0.0,10.390000343322754,11.15999984741211,10.289999961853027,10.81999969482422,10.81999969482422,0.0,0.0017660726451087406,0.00418220040728172,0.001767633069875263,133.53700103759766,132.56749954223633,131.63699951171876,122.25194995880126,133.75930568185044,132.6252007808323,1.1341049010181337,0.7082270935192216,76.28637407025299,94.33889435232668,94.20570074006653,4.286818909759471,-5.87233802874596,0.9825113288668411,129.15541187748153,135.97958720699114,5.1476986086890895,0.07410680291442077,0.005984701604693403,-0.001406743662364554,-0.00022622279324126262,0.0,-0.0006799268575464895,-0.433883739117558,-0.9009688679024191,1.0,6.123233995736766e-17
2017-05-01,136.44000244140625,137.3800048828125,136.3800048828125,137.1999969482422,129.13613891601562,24815500.0,0.0088583226924678,98.93000030517578,99.20999908447266,98.88999938964844,99.13999938964844,99.13999938964844,0.0,2.29099988937378,2.338000059127808,2.2799999713897705,2.325000047683716,2.325000047683716,0.0,10.920000076293944,11.039999961853027,9.899999618530272,10.109999656677246,10.109999656677246,0.0,0.00885832269246783,0.007329228833966395,0.00889767374186956,134.10900115966797,132.81249923706056,131.7847994995117,122.36964992523194,134.28864279975687,132.9640745710108,1.3245682287460738,0.8314953205645921,79.99842377070249,97.18537334960699,95.40582124941218,4.350472624410837,-2.5715419224330405,1.0116176189226695,128.82596647532597,136.79903199879516,6.003249369803554,0.07829875950945357,0.0017660726451087406,0.005984701604693403,0.011997239641184316,0.008248050834063284,-0.0006041687088422523,0.0,1.0,0.8660254037844387,-0.4999999999999998
2017-05-02,137.3699951171875,137.49000549316406,137.02000427246094,137.42999267578125,129.3526153564453,18345100.0,0.0016749393345791,99.06999969482422,99.22000122070312,98.91999816894533,98.9800033569336,98.9800033569336,0.0,2.338000059127808,2.3399999141693115,2.2929999828338623,2.2960000038146973,2.2960000038146973,0.0,10.149999618530272,10.59000015258789,10.039999961853027,10.59000015258789,10.59000015258789,0.0,0.0016749393345791702,0.003421425619926511,0.0016763428289463533,134.7240005493164,133.05849914550782,131.92439941406252,122.48784988403318,134.77192739606832,133.2948833195123,1.4770440765560124,0.9606050717628762,80.61944185376639,96.90401933070842,96.14276234421402,4.684638904379882,-0.8440620566957269,0.9729307333355592,128.57440975528846,137.5425885357272,6.74002700919651,0.07829589120696868,0.00885832269246783,0.0017660726451087406,0.007204446328022587,-0.0015223228273354122,0.0015858990632801931,0.7818314824680298,0.6234898018587336,0.8660254037844387,-0.4999999999999998
2017-05-03,137.1199951171875,137.1699981689453,136.6199951171875,136.99000549316406,128.93850708007812,23827600.0,-0.0032065262427603,98.93000030517578,99.38999938964844,98.88999938964844,99.20999908447266,99.20999908447266,0.0,2.2790000438690186,2.318000078201294,2.2790000438690186,2.309000015258789,2.309000015258789,0.0,10.5600004196167,11.149999618530272,10.399999618530272,10.68000030517578,10.68000030517578,0.0,-0.003206526242760356,0.004011107579808188,-0.0032013908279014958,135.2740005493164,133.30949935913085,132.05419952392577,122.59989990234374,135.1131701802369,133.56859607311614,1.5445741071207522,1.0773988788344515,75.7726177829819,96.51734927335204,96.86891398455582,4.18282741670882,-7.032348200815086,0.96129264942543,128.52970821268937,138.08929050557234,7.170968564760568,0.07747587156053157,0.0016749393345791702,0.00885832269246783,-0.001406743662364554,0.0015985816003293376,-0.00408368036690546,0.9749279121818236,-0.22252093395631434,0.8660254037844387,-0.4999999999999998
2017-05-04,136.97000122070312,137.42999267578125,136.55999755859375,137.0399932861328,128.98556518554688,14630100.0,0.0003648989067017,99.3499984741211,99.45999908447266,98.70999908447266,98.76000213623048,98.76000213623048,0.0,2.3410000801086426,2.36899995803833,2.338000059127808,2.3559999465942383,2.3559999465942383,0.0,10.710000038146973,11.239999771118164,10.270000457763672,10.460000038146973,10.460000038146973,0.0,0.0003648989067017381,0.006351720153566003,0.00036496549040632154,135.71900024414066,133.55949935913085,132.19479949951173,122.71019985198973,135.40960450422088,133.82573660741366,1.5838678968072202,1.1786926824290054,75.9495266972674,95.15881389725293,96.19339416710446,3.3562086666794024,-6.647148050730367,0.9547713971227207,128.54215354292543,138.57684517533627,7.513274368772793,0.07751591056834341,-0.003206526242760356,0.0016749393345791702,0.005984701604693403,0.008330846404021746,0.0005302349316683167,0.43388373911755823,-0.900968867902419,0.8660254037844387,-0.4999999999999998
2017-05-05,137.38999938964844,137.5399932861328,136.8800048828125,137.5399932861328,129.4562225341797,19330700.0,0.0036422737445309,98.7699966430664,98.9800033569336,98.54000091552734,98.6500015258789,98.6500015258789,0.0,2.361000061035156,2.380000114440918,2.338000059127808,2.351999998092652,2.351999998092652,0.0,10.510000228881836,10.979999542236328,9.989999771118164,10.56999969482422,10.56999969482422,0.0,0.0036422737445309735,0.004803758688785895,0.003648914884047505,136.21699981689454,133.83799896240237,132.34039947509766,122.82174980163573,135.73735662451503,134.10086673176323,1.636489892751797,1.2702521244935638,77.70330407092891,95.44016791615151,95.70544369558549,3.756786224545471,0.0,0.9337154689939773,128.57958330291933,139.0964146218854,7.857881469014227,0.0772250124597564,0.0003648989067017381,-0.003206526242760356,0.0017660726451087406,-0.00022622279324126262,-0.0005302349316683222,-0.433883739117558,-0.9009688679024191,0.8660254037844387,-0.4999999999999998
2017-05-08,137.61000061035156,137.83999633789062,137.3300018310547,137.83999633789062,129.738525390625,13279900.0,0.0021783077807967,98.5,99.18000030517578,98.5,99.1500015258789,99.1500015258789,0.0,2.3329999446868896,2.390000104904175,2.3310000896453857,2.375999927520752,2.375999927520752,0.0,10.529999732971191,10.550000190734863,9.670000076293944,9.770000457763672,9.770000457763672,0.0,0.0021783077807967614,0.003706086073496999,0.0021806820168166485,136.58499908447266,134.12899856567384,132.48879943847658,122.93174980163575,136.06083965734203,134.37783929518008,1.6830003621619483,1.3528017720272407,78.70661577285607,97.78428398308986,96.1277552654981,2.742987906477365,0.0,0.9034496859826888,128.65447949818952,139.60351763315816,8.163065595101456,0.07696711570525865,0.0036422737445309735,0.0003648989067017381,0.00885832269246783,0.011997239641184316,0.0003792064829014293,0.0,1.0,0.8660254037844387,-0.4999999999999998
2017-05-09,138.0500030517578,138.6300048828125,137.92999267578125,138.32000732421875,130.19033813476562,28426100.0,0.0034764373071071,99.13999938964844,99.69000244140624,99.08000183105467,99.58999633789062,99.58999633789062,0.0,2.388999938964844,2.41599988937378,2.388999938964844,2.407000064849853,2.407000064849853,0.0,9.869999885559082,10.140000343322754,9.5600004196167,9.960000038146973,9.960000038146973,0.0,0.003476437307107145,0.005070714897186934,0.0034824871238536836,136.90399932861328,134.47249908447264,132.65479949951174,123.04854984283448,136.40840391378458,134.66985174177555,1.7385521720090367,1.4299518520236,80.23882580364916,98.48263499887966,97.235695632707,2.360691427616454,-4.552095003360968,0.8953467473354878,128.84574236761415,140.09925580133114,8.368635602323254,0.07313671155225297,0.0021783077807967614,0.0036422737445309735,0.0016749393345791702,0.007204446328022587,-0.004327308586356512,0.7818314824680298,0.6234898018587336,0.8660254037844387,-0.4999999999999998
2017-05-10,138.39999389648438,138.4499969482422,137.91000366210938,138.39999389648438,130.26560974121094,20499400.0,0.00057799876835,99.47000122070312,99.72000122070312,99.37000274658205,99.66999816894533,99.66999816894533,0.0,2.38100004196167,2.41599988937378,2.371000051498413,2.4140000343322754,2.4140000343322754,0.0,9.75,10.239999771118164,9.619999885559082,10.210000038146973,10.210000038146973,0.0,0.0005779987683500394,0.0039016857655116513,0.0005781658418260172,137.2499984741211,134.84649887084962,132.7939993286133,123.16384983062746,136.71480237266147,134.94615856805027,1.7686438046112016,1.4976902425411205,80.49074707617606,97.28653070912313,97.85114989703088,2.564096185325419,-3.5883128692696276,0.8699643572495825,129.21960304707346,140.47339469462577,8.34563132286491,0.06935997639327292,0.003476437307107145,0.0021783077807967614,-0.003206526242760356,-0.001406743662364554,-0.004039779160425998,0.9749279121818236,-0.22252093395631434,0.8660254037844387,-0.4999999999999998
2017-05-11,138.02000427246094,138.3300018310547,137.3800048828125,138.2899932861328,130.16212463378906,27232100.0,-0.0007947318907257,99.66000366210938,99.88999938964844,99.48999786376952,99.62000274658205,99.62000274658205,0.0,2.3940000534057617,2.4230000972747803,2.3910000324249268,2.400000095367432,2.400000095367432,0.0,10.34000015258789,11.229999542236328,10.31999969482422,10.600000381469728,10.600000381469728,0.0,-0.0007947318907257346,0.006883038101975627,-0.0007944161749786627,137.5039978027344,135.24099884033203,132.94419921875001,123.27694980621338,136.95713943627246,135.19385002864897,1.763289407623489,1.5508100755575944,78.99919826274389,94.94000574168889,96.90305714989722,1.8710816104109116,-7.039574902302714,0.8806804041368891,129.8243007455448,140.65769693511925,8.010437871998082,0.06608796541581573,0.0005779987683500394,0.003476437307107145,0.0003648989067017381,0.005984701604693403,-0.003980077102031605,0.43388373911755823,-0.900968867902419,0.8660254037844387,-0.4999999999999998
2017-05-12,138.35000610351562,138.6300048828125,138.22999572753906,138.60000610351562,130.45387268066406,19738600.0,0.0022389122061,99.62999725341795,99.6999969482422,99.16000366210938,99.25,99.25,0.0,2.378999948501587,2.380000114440918,2.322000026702881,2.3350000381469727,2.3350000381469727,0.0,10.720000267028809,10.869999885559082,10.279999732971191,10.399999618530272,10.399999618530272,0.0,0.0022389122061000108,0.0028912839727245434,0.0022414204415903694,137.76499786376957,135.6509994506836,133.0957992553711,123.38604984283448,137.20988815430985,135.4461578860465,1.7637302682633447,1.5933941140987447,80.11743355204835,96.21641722379704,96.14765122486968,1.9192591403217216,-0.7228605570364977,0.8463467435037855,130.54468699800455,140.75731190336265,7.52860277234517,0.06524056508762081,-0.0007947318907257346,0.0005779987683500394,0.0036422737445309735,0.0017660726451087406,0.0,-0.433883739117558,-0.9009688679024191,0.8660254037844387,-0.4999999999999998
2017-05-15,138.66000366210938,139.1199951171875,138.52999877929688,139.0399932861328,130.8679656982422,20481300.0,0.0031692212693853,99.16000366210938,99.26000213623048,98.79000091552734,98.91000366210938,98.91000366210938,0.0,2.3420000076293945,2.3499999046325684,2.3329999446868896,2.338000059127808,2.338000059127808,0.0,10.539999961853027,10.880000114440918,10.25,10.420000076293944,10.420000076293944,0.0,0.003169221269385375,0.004254985737115259,0.0031742485605756876,137.9489974975586,136.02899932861328,133.26199920654298,123.49799980163576,137.4914427899749,135.71236791568253,1.7790748742923768,1.6305302661374712,81.61378851521609,96.7865282880826,95.9809837511895,1.3411052323745691,-1.8779796764129664,0.8280360002457027,131.10678637721662,140.95121228000994,7.237005308707416,0.06229726517436904,0.0022389122061000108,-0.0007947318907257346,0.0021783077807967614,0.00885832269246783,0.008248050834063284,0.0,1.0,0.8660254037844387,-0.4999999999999998
2017-05-16,139.39999389648438,139.63999938964844,138.99000549316406,139.6199951171875,131.41390991210938,21786000.0,0.0041630402487557,98.87000274658205,98.88999938964844,98.08000183105467,98.11000061035156,98.11000061035156,0.0,2.3540000915527344,2.358999967575073,2.308000087738037,2.3289999961853027,2.3289999961853027,0.0,10.460000038146973,10.670000076293944,10.18000030517578,10.649999618530272,10.649999618530272,0.0,0.004163040248755742,0.004662797166024608,0.004171717738212788,138.16799774169922,136.44599914550784,133.44419921875001,123.61149978637698,137.81891237877684,136.0018217824607,1.8170905963161488,1.6678423321732068,83.38856387065512,98.98320841521988,97.32871797569983,1.5935403901045144,-0.44953452089083745,0.8153187071198935,131.81320246372266,141.07879582729302,6.79066694633487,0.060308128654635314,0.003169221269385375,0.0022389122061000108,0.003476437307107145,0.0016749393345791702,-0.0015223228273354122,0.7818314824680298,0.6234898018587336,0.8660254037844387,-0.4999999999999998
2017-05-17,138.50999450683594,138.77000427246094,136.0500030517578,136.07000732421875,128.07260131835938,55642200.0,-0.025754658825063,98.08999633789062,98.12999725341795,97.41999816894533,97.41999816894533,97.41999816894533,0.0,2.2869999408721924,2.2869999408721924,2.211999893188477,2.2160000801086426,2.2160000801086426,0.0,11.890000343322754,15.59000015258789,11.529999732971191,15.59000015258789,15.59000015258789,0.0,-0.025754658825063,0.019637580886402273,-0.025425836549454295,138.07599792480468,136.67499923706055,133.55079925537112,123.70874980926516,137.54985006269098,136.00687256333168,1.5429774993592957,1.6428693656104247,50.96296509425367,68.47483747492747,88.08152472607665,-0.6715805037260337,-92.24797337791377,1.0120810898563075,132.66241376975393,140.68758470436717,5.871718294794877,0.11890746954694284,0.004163040248755742,0.003169221269385375,0.0005779987683500394,-0.003206526242760356,0.0015985816003293376,0.9749279121818236,-0.22252093395631434,0.8660254037844387,-0.4999999999999998
2017-05-18,136.02000427246094,137.72000122070312,135.8699951171875,137.25999450683594,129.19264221191406,41319900.0,0.0087073399792341,97.43000030517578,98.06999969482422,97.37000274658205,97.87999725341795,97.87999725341795,0.0,2.196000099182129,2.23799991607666,2.190999984741211,2.2330000400543213,2.2330000400543213,0.0,14.0600004196167,16.299999237060547,14.029999732971191,14.65999984741211,14.65999984741211,0.0,0.00870733997923412,0.013600985483060915,0.00874535913243868,138.097998046875,136.90849914550782,133.67919921875,123.80944976806643,137.50525690025174,136.09969641099866,1.4055604892530766,1.5954075903389553,56.999102745632506,48.05748688424845,71.8385109247986,0.1605379680979502,-63.13003144845004,1.0719328765462588,133.38284797717543,140.4341503138402,5.150375893881194,0.11919259741701596,-0.025754658825063,0.004163040248755742,-0.0007947318907257346,0.0003648989067017381,0.008330846404021746,0.43388373911755823,-0.900968867902419,0.8660254037844387,-0.4999999999999998
2017-05-19,137.75,138.4199981689453,137.66000366210938,137.83999633789062,129.738525390625,36730100.0,0.0042164409368561,97.8499984741211,97.8499984741211,97.08000183105467,97.1500015258789,97.1500015258789,0.0,2.246999979019165,2.260999917984009,2.2330000400543213,2.244999885559082,2.244999885559082,0.0,14.229999542236328,14.229999542236328,11.720000267028809,12.039999961853027,12.039999961853027,0.0,0.0042164409368561275,0.005517201501531306,0.00422534263070129,138.12799835205078,137.17249908447266,133.80819915771485,123.91264976501466,137.5567552752731,136.22860751669435,1.3281477585787513,1.5419556239869145,59.608818766289964,32.2922034145994,49.60817592459177,0.21812059502845685,-47.74538492983799,1.0782236469436244,134.28485468384795,140.06014348509737,4.210238086930906,0.11926834797732803,0.00870733997923412,-0.025754658825063,0.0022389122061000108,0.0036422737445309735,-0.00022622279324126262,-0.433883739117558,-0.9009688679024191,0.8660254037844387,-0.4999999999999998
2017-05-22,138.14999389648438,139.07000732421875,138.10000610351562,139.0,130.8303680419922,19509700.0,0.0083805018107957,97.16000366210938,97.44000244140624,96.8000030517578,96.9800033569336,96.9800033569336,0.0,2.249000072479248,2.25600004196167,2.23799991607666,2.253999948501587,2.253999948501587,0.0,12.289999961853027,12.520000457763672,10.890000343322754,10.93000030517578,10.93000030517578,0.0,0.008380501810795707,0.007021362747434833,0.008415716519667438,138.2439987182617,137.41449890136718,133.95599914550783,124.01914978027345,137.77879292523107,136.43389584879108,1.3448970764399917,1.50254391447753,64.27824197255615,57.38283057636603,45.910840291737955,0.8415581057226881,-16.976091892613866,1.089065599756803,134.79067360731412,140.03832419542024,3.8188478145037394,0.1158711150617815,0.0042164409368561275,0.00870733997923412,0.003169221269385375,0.0021783077807967614,0.011997239641184316,0.0,1.0,0.8660254037844387,-0.4999999999999998
2017-05-23,139.41000366210938,139.4199981689453,138.77999877929688,139.13999938964844,130.96214294433594,19687500.0,0.0010067126288406,96.9499969482422,97.41999816894533,96.8000030517578,97.3499984741211,97.3499984741211,0.0,2.244999885559082,2.2890000343322754,2.234999895095825,2.2850000858306885,2.2850000858306885,0.0,11.0,11.0,10.5600004196167,10.720000267028809,10.720000267028809,0.0,0.0010067126288406554,0.004590770911961354,0.0010072195340875556,138.32599792480468,137.61499862670897,134.11299926757815,124.1295997619629,137.98820930437222,136.63434796292867,1.3538613414435474,1.4728073998707336,64.80703294407346,74.00531291275247,54.56011563457263,0.5928224566296081,-13.262584439290725,1.0569894418919197,135.11634141713085,140.11365583628708,3.63137337428736,0.11409208740403039,0.008380501810795707,0.0042164409368561275,0.004163040248755742,0.003476437307107145,0.007204446328022587,0.7818314824680298,0.6234898018587336,0.8660254037844387,-0.4999999999999998
2017-05-24,139.55999755859375,139.85000610351562,139.1699981689453,139.77999877929688,131.5645294189453,15891900.0,0.0045891529907484,97.33999633789062,97.47000122070312,97.02999877929688,97.23999786376952,97.23999786376952,0.0,2.276000022888184,2.296999931335449,2.253999948501587,2.2660000324249268,2.2660000324249268,0.0,10.609999656677246,10.899999618530272,9.880000114440918,10.020000457763672,10.020000457763672,0.0,0.0045891529907484884,0.0048725132306255145,0.0045996992800081404,138.46399841308596,137.85699844360352,134.26659912109375,124.24219974517823,138.2638692235914,136.8673591345115,1.3965100890798965,1.4575479377125662,67.19756920631883,89.33411684269687,73.57408677727179,0.997113398606555,-1.7589731400047492,1.0322049613187245,135.51668986593253,140.1973070212745,3.3952698870465947,0.11407754257655892,0.0010067126288406554,0.008380501810795707,-0.025754658825063,0.0005779987683500394,-0.001406743662364554,0.9749279121818236,-0.22252093395631434,0.8660254037844387,-0.4999999999999998
2017-05-25,140.30999755859375,141.3300018310547,140.00999450683594,140.97000122070312,132.68460083007812,23928600.0,0.0084774403464116,97.08000183105467,97.27999877929688,96.87999725341795,97.25,97.25,0.0,2.247999906539917,2.2690000534057617,2.247999906539917,2.255000114440918,2.255000114440918,0.0,9.81999969482422,10.289999961853027,9.720000267028809,9.989999771118164,9.989999771118164,0.0,0.008477440346411607,0.009407792368234575,0.00851347560075344,138.73199920654298,138.11799850463868,134.44579925537107,124.3605997467041,138.68019722314705,137.17125854830348,1.508938674843563,1.4678260851387657,71.12504681480345,92.79501091875257,85.37814689140063,1.937962300009059,-6.5934096644467814,1.0691905392072307,135.6088622160201,140.62713479325726,3.6333226889822163,0.1156339028383996,0.0045891529907484884,0.0010067126288406554,0.00870733997923412,-0.0007947318907257346,0.005984701604693403,0.43388373911755823,-0.900968867902419,0.8660254037844387,-0.4999999999999998
2017-05-26,141.0,141.27999877929688,140.80999755859375,141.22000122070312,132.91990661621094,13851600.0,0.0017718513134905,97.2300033569336,97.5500030517578,97.04000091552734,97.4000015258789,97.4000015258789,0.0,2.233999967575073,2.252000093460083,2.2309999465942383,2.25,2.25,0.0,9.93000030517578,10.479999542236328,9.649999618530272,9.8100004196167,9.8100004196167,0.0,0.0017718513134905352,0.003333341990802305,0.0017734219695484388,138.99399871826174,138.37949829101564,134.63639923095704,124.48039974212647,139.07093629969413,137.4711654129257,1.5997708867684253,1.4942150454646976,71.88659600901059,96.54431882653861,92.89114886266267,1.8903282841349336,-2.014660715932559,1.0263913021712232,135.7186196401826,141.04037694184868,3.8457700507587402,0.1156338247676745,0.008477440346411607,0.0045891529907484884,0.0042164409368561275,0.0022389122061000108,0.0017660726451087406,-0.433883739117558,-0.9009688679024191,0.8660254037844387,-0.4999999999999998
2017-05-29,141.0,141.27999877929688,140.80999755859375,141.22000122070312,132.91990661621094,13851600.0,0.0,97.2300033569336,97.5500030517578,97.04000091552734,97.4000015258789,97.4000015258789,0.0,2.233999967575073,2.252000093460083,2.2309999465942383,2.25,2.25,0.0,9.93000030517578,10.479999542236328,9.649999618530272,9.8100004196167,9.8100004196167,0.0,0.0,0.003333341990802305,0.0,139.21199951171877,138.58049850463865,134.82459930419924,124.59974975585938,139.40156167215704,137.74885695424254,1.652704717914503,1.5259129799546587,71.88659600901059,96.4590896345627,95.26613979328462,1.5678999135766905,-2.014660715932559,0.9866491534949304,135.69676850296557,141.46422850631174,4.16181213488211,0.11279080133976288,0.0017718513134905352,0.008477440346411607,0.008380501810795707,0.003169221269385375,0.00885832269246783,0.0,1.0,0.8660254037844387,-0.4999999999999998
2017-05-30,141.14999389648438,141.50999450683594,141.05999755859375,141.33999633789062,133.03282165527344,20306400.0,0.0008491362098896,97.63999938964844,97.77999877929688,97.22000122070312,97.27999877929688,97.27999877929688,0.0,2.23799991607666,2.247999906539917,2.213000059127808,2.2170000076293945,2.2170000076293945,0.0,10.609999656677246,10.84000015258789,10.140000343322754,10.380000114440918,10.380000114440918,0.0,0.0008491362098896226,0.0031880762855165494,0.0008494968281052007,139.38399963378907,138.77599868774416,135.05519927978517,124.71864974975584,139.6997823899622,138.0148672789572,1.6849151110049831,1.5577134061647238,72.29337012465072,97.65217543676458,96.88519463262196,1.2319161157823229,-3.014152257841096,0.9483168531197346,135.69713091465778,141.85486646083055,4.4371761719604805,0.11280646307729947,0.0,0.0017718513134905352,0.0010067126288406554,0.004163040248755742,0.0016749393345791702,0.7818314824680298,0.6234898018587336,0.8660254037844387,-0.4999999999999998
2017-05-31,141.83999633789062,141.83999633789062,140.57000732421875,141.2899932861328,132.98577880859375,33229400.0,-0.0003536808861337,97.43000030517578,97.5,96.86000061035156,96.91999816894533,96.91999816894533,0.0,2.220000028610229,2.2219998836517334,2.196000099182129,2.196000099182129,2.196000099182129,0.0,10.100000381469728,11.300000190734863,9.93000030517578,10.40999984741211,10.40999984741211,0.0,-0.0003536808861337731,0.008953673480408958,-0.00035361834842218,139.90599822998047,138.9909980773926,135.26719909667966,124.84109970092771,139.9444302201423,138.25746920541465,1.6869610147276433,1.5835629278773078,71.82698452756136,95.2528024911702,96.45468918749916,3.8362502248392034,-9.212779552715656,0.971293436016316,135.83761461369355,142.14438154109163,4.537536253884852,0.11170963083672644,0.0008491362098896226,0.0,0.0045891529907484884,-0.025754658825063,-0.003206526242760356,0.9749279121818236,-0.22252093395631434,0.8660254037844387,-0.4999999999999998
2017-06-01,141.5800018310547,141.89999389648438,140.97999572753906,141.83999633789062,133.50343322753906,20120700.0,0.0038849983162842,96.98999786376952,97.31999969482422,96.9000015258789,97.1999969482422,97.1999969482422,0.0,2.2290000915527344,2.239000082015991,2.2149999141693115,2.2170000076293945,2.2170000076293945,0.0,10.420000076293944,10.539999961853027,9.6899995803833,9.890000343322754,9.890000343322754,0.0,0.0038849983162842065,0.006498079933938217,0.00389255470459271,140.36399841308594,139.2309982299805,135.49679901123045,124.96724967956543,140.23605577671896,138.52284158559806,1.7132141911208976,1.6094931805260257,73.82708591290877,95.59269453335472,96.16589082042982,3.3367346745934703,-0.9949845893790665,0.9676294883683871,135.97389103893443,142.48810542102655,4.678709816711938,0.111914907110501,-0.0003536808861337731,0.0008491362098896226,0.008477440346411607,0.00870733997923412,0.0003648989067017381,0.43388373911755823,-0.900968867902419,0.49999999999999994,-0.8660254037844387
2017-06-02,142.33999633789062,143.49000549316406,142.11000061035156,143.4600067138672,135.02822875976562,37222900.0,0.011356663934015,97.19000244140624,97.30999755859376,96.6500015258789,96.72000122070312,96.72000122070312,0.0,2.2060000896453857,2.2079999446868896,2.1440000534057617,2.1589999198913574,2.1589999198913574,0.0,10.079999923706056,10.300000190734863,9.579999923706056,9.75,9.75,0.0,0.011356663934015054,0.00969513080172214,0.011421395655254463,140.9259994506836,139.5269989013672,135.75339904785156,125.10064971923828,140.73204822858793,138.8885575210254,1.8434907075625233,1.6562926859333253,78.63773207923145,96.46618387543344,95.77056029998612,4.0771985818978775,-0.39368423160487387,1.0163708931473192,135.86598849888134,143.18800930385305,5.247744782461574,0.11690973195506106,0.0038849983162842065,-0.0003536808861337731,0.0017718513134905352,0.0042164409368561275,0.0036422737445309735,-0.433883739117558,-0.9009688679024191,0.49999999999999994,-0.8660254037844387
2017-06-05,143.4499969482422,143.67999267578125,143.22999572753906,143.42999267578125,134.99998474121094,15727500.0,-0.000209193093503,96.68000030517578,96.97000122070312,96.68000030517578,96.8000030517578,96.8000030517578,0.0,2.174999952316284,2.188999891281128,2.1700000762939453,2.181999921798706,2.181999921798706,0.0,10.079999923706056,10.279999732971191,9.600000381469728,10.06999969482422,10.06999969482422,0.0,-0.00020919309350302473,0.003136960319382577,-0.00020917121415353623,141.36899871826174,139.80649871826174,136.00519897460939,125.23309967041014,141.14711660507922,139.2249601250814,1.922156479997824,1.7094654447462252,78.3504001620912,98.47010195019683,96.84299345299499,3.1870450904901078,-3.201025328425511,0.9759156113683812,135.8464557534542,143.76654168306928,5.665034173823101,0.11719724760051331,0.011356663934015054,0.0038849983162842065,0.0,0.008380501810795707,0.0021783077807967614,0.0,1.0,0.49999999999999994,-0.8660254037844387
2017-06-06,143.25999450683594,143.72999572753906,142.64999389648438,142.86000061035156,134.4635467529297,22393000.0,-0.0039815309624088,96.79000091552734,96.8000030517578,96.5199966430664,96.63999938964844,96.63999938964844,0.0,2.1419999599456787,2.1540000438690186,2.132999897003174,2.1470000743865967,2.1470000743865967,0.0,10.1899995803833,10.770000457763672,9.859999656677246,10.449999809265137,10.449999809265137,0.0,-0.003981530962408819,0.007538753821487499,-0.003973615177139345,141.74099884033203,140.03349838256838,136.22959899902347,125.36459968566894,141.41063722127495,139.49422238324956,1.9164148380253891,1.750855323402058,72.90255560165947,95.11221704390043,96.68283428984356,2.673567081372203,-11.06863930826828,0.9833503413459745,135.91491772430746,144.1520790408293,5.882279177242369,0.11891803262130152,-0.00020919309350302473,0.011356663934015054,0.0008491362098896226,0.0010067126288406554,0.003476437307107145,0.7818314824680298,0.6234898018587336,0.49999999999999994,-0.8660254037844387
2017-06-07,143.25999450683594,143.5399932861328,142.60000610351562,143.4199981689453,134.99057006835938,18842400.0,0.0039117902052772,96.54000091552734,96.9800033569336,96.51000213623048,96.75,96.75,0.0,2.1540000438690186,2.183000087738037,2.1449999809265137,2.177999973297119,2.177999973297119,0.0,10.479999542236328,10.93000030517578,10.119999885559082,10.390000343322754,10.390000343322754,0.0,0.003911790205277285,0.006561407361860077,0.003919451242782257,142.10499877929686,140.2844985961914,136.45299896240238,125.49949966430664,141.7197696747627,139.7850205895974,1.9347490851652935,1.7876340757547053,74.75943846479869,93.5410949628579,95.70780465231837,2.604091730889016,-5.107050474732466,0.9802529728653468,135.9775182573595,144.59147893502333,6.140351046525179,0.1191211610571348,-0.003981530962408819,-0.00020919309350302473,-0.0003536808861337731,0.0045891529907484884,0.0005779987683500394,0.9749279121818236,-0.22252093395631434,0.49999999999999994,-0.8660254037844387
2017-06-08,143.74000549316406,143.8000030517578,142.7899932861328,143.57000732421875,135.1317596435547,25417400.0,0.0010453751691217,96.6999969482422,97.16000366210938,96.58999633789062,96.91999816894533,96.91999816894533,0.0,2.20199990272522,2.2149999141693115,2.180000066757202,2.194000005722046,2.194000005722046,0.0,10.270000457763672,10.529999732971191,9.729999542236328,10.15999984741211,10.15999984741211,0.0,0.0010453751691217833,0.00702664343277094,0.0010459217641929364,142.36499938964846,140.5484992980957,136.67499908447266,125.63364971160888,142.00442162083286,140.06538997734714,1.9390316434857198,1.8179135893009084,75.2487325132319,93.26309843094158,93.97213681256663,1.8443683627731877,-4.035014924174485,0.9823784580624649,136.11096876047205,144.98602983571934,6.314589710718837,0.11877191105933554,0.003911790205277285,-0.003981530962408819,0.0038849983162842065,0.008477440346411607,-0.0007947318907257346,0.43388373911755823,-0.900968867902419,0.49999999999999994,-0.8660254037844387
2017-06-09,143.74000549316406,143.89999389648438,138.11000061035156,139.97999572753906,131.7527313232422,109783700.0,-0.0253233815095584,97.19000244140624,97.5,97.1500015258789,97.2699966430664,97.2699966430664,0.0,2.2090001106262207,2.2290000915527344,2.197000026702881,2.1989998817443848,2.1989998817443848,0.0,9.93000030517578,12.109999656677246,9.369999885559082,10.699999809265137,10.699999809265137,0.0,-0.02532338150955843,0.04028101478268116,-0.02500543417199308,142.24099884033203,140.61749877929688,136.82699890136718,125.74794967651366,141.69297148340306,140.05906447736135,1.63390700604171,1.781112272649069,50.178769346970384,74.38498387432134,87.06305908937361,-0.8780664795676799,-67.70298297812904,1.3257795172103468,136.26544375217,144.96955380642376,6.189919554688642,0.15300834983291234,0.0010453751691217833,0.003911790205277285,0.011356663934015054,0.0017718513134905352,0.0022389122061000108,-0.433883739117558,-0.9009688679024191,0.49999999999999994,-0.8660254037844387
2017-06-12,138.8000030517578,139.47999572753906,137.47000122070312,139.22999572753906,131.04685974121094,104454000.0,-0.0053719511256965,97.2699966430664,97.31999969482422,97.04000091552734,97.13999938964844,97.13999938964844,0.0,2.2109999656677246,2.2230000495910645,2.187000036239624,2.213000059127808,2.213000059127808,0.0,11.1899995803833,12.369999885559082,11.1899995803833,11.460000038146973,11.460000038146973,0.0,-0.005371951125696579,0.014481228117022597,-0.0053575479987543195,142.0419982910156,140.6269989013672,136.9655987548828,125.85849964141843,141.31405213634707,139.99765197737452,1.3164001589725558,1.6881698499137665,46.679849084408474,51.877881008173546,73.17532110447883,-1.4091527233837213,-72.62835907317582,1.4103663021836033,136.28863502962685,144.96536277310753,6.170029803143532,0.15402902394654286,-0.02532338150955843,0.0010453751691217833,-0.00020919309350302473,0.0,0.003169221269385375,0.0,1.0,0.49999999999999994,-0.8660254037844387
2017-06-13,140.00999450683594,140.55999755859375,139.27999877929688,140.36000061035156,132.1104278564453,51193000.0,0.0080831803357691,97.16999816894533,97.27999877929688,96.9499969482422,96.9800033569336,96.9800033569336,0.0,2.213000059127808,2.226999998092652,2.200000047683716,2.2070000171661377,2.2070000171661377,0.0,11.119999885559082,11.140000343322754,10.260000228881836,10.420000076293944,10.420000076293944,0.0,0.008083180335769128,0.009142195768276953,0.008115937438979426,141.94399871826172,140.66399917602538,137.1225988769531,125.9710496520996,141.1672749785016,140.0244926168543,1.1427823616473063,1.5790923522604745,52.09934879287259,34.87142243475522,53.71142910575003,-0.6933605157285149,-55.054390644429475,1.404625982817252,136.3492385567762,144.97875979527456,6.134847074623162,0.15602682361194264,-0.005371951125696579,-0.02532338150955843,-0.003981530962408819,0.0008491362098896226,0.004163040248755742,0.7818314824680298,0.6234898018587336,0.49999999999999994,-0.8660254037844387
2017-06-14,140.92999267578125,140.92999267578125,138.6199951171875,139.75,131.53627014160156,60093800.0,-0.0043555153686769,97.0,97.12999725341795,96.31999969482422,96.94000244140624,96.94000244140624,0.0,2.200000047683716,2.20199990272522,2.102999925613404,2.138000011444092,2.138000011444092,0.0,10.329999923706056,11.260000228881836,10.010000228881836,10.640000343322754,10.640000343322754,0.0,-0.0043555153686769335,0.0163910996852746,-0.004346043867692551,141.78999938964844,140.84799880981447,137.27819885253905,126.08019966125487,140.94923267411673,140.00415983042066,0.9450728436960674,1.4522884505475933,49.19263326316891,35.925352874730656,40.891552105886475,-1.089952126343514,-64.54119165820273,1.4692953810870018,137.07873189068297,144.61726572894597,5.352247743641849,0.12387407030133572,0.008083180335769128,-0.005371951125696579,0.003911790205277285,-0.0003536808861337731,-0.025754658825063,0.9749279121818236,-0.22252093395631434,0.49999999999999994,-0.8660254037844387
2017-06-15,138.33999633789062,139.27999877929688,137.49000549316406,139.1300048828125,130.95269775390625,55145200.0,-0.0044464600082679,96.93000030517578,97.55999755859376,96.83999633789062,97.43000030517578,97.43000030517578,0.0,2.1519999504089355,2.171999931335449,2.1519999504089355,2.1619999408721924,2.1619999408721924,0.0,11.0600004196167,12.010000228881836,10.739999771118164,10.899999618530272,10.899999618530272,0.0,-0.004446460008267947,0.012939087274231353,-0.004436589140524361,141.51900024414064,140.94149932861328,137.41999908447266,126.18969966888427,140.66935147545453,139.93940761207932,0.7299438633752118,1.307819533113117,46.36143803643707,35.406996427746506,35.40125724574413,-1.9105975218882516,-74.18342841412829,1.5257738900690687,137.46563052919694,144.4173681280296,4.932356780613129,0.12227935958605042,-0.0043555153686769335,0.008083180335769128,0.0010453751691217833,0.0038849983162842065,0.00870733997923412,0.43388373911755823,-0.900968867902419,0.49999999999999994,-0.8660254037844387
2017-06-16,138.67999267578125,138.77999877929688,137.63999938964844,138.14999389648438,130.384521484375,48087400.0,-0.0043482299719956,97.4800033569336,97.55999755859376,97.0999984741211,97.16000366210938,97.16000366210938,0.0,2.174000024795532,2.178999900817871,2.1440000534057617,2.157000064849853,2.157000064849853,0.0,10.630000114440918,11.350000381469728,10.260000228881836,10.380000114440918,10.380000114440918,0.0,-0.0043482299719956275,0.008220359459591493,-0.004338790107241586,140.98799896240237,140.95699920654297,137.5435989379883,126.3090496444702,140.28175800176683,139.80685844796116,0.4748995538056704,1.1412355372516276,42.224650913124506,23.950235249820437,31.76086151743253,-3.7013889368998156,-89.42467417820768,1.523219004575854,137.53704905523136,144.37694935785458,4.852472981920379,0.12276920686676189,-0.004446460008267947,-0.0043555153686769335,-0.02532338150955843,0.011356663934015054,0.0042164409368561275,-0.433883739117558,-0.9009688679024191,0.49999999999999994,-0.8660254037844387
2017-06-19,139.49000549316406,140.58999633789062,139.27999877929688,140.4600067138672,132.56468200683594,39626500.0,0.0165827502273831,97.11000061035156,97.58000183105467,97.0500030517578,97.52999877929688,97.52999877929688,0.0,2.1459999084472656,2.190999984741211,2.1459999084472656,2.190000057220459,2.190000057220459,0.0,10.56999969482422,10.600000381469728,10.010000228881836,10.369999885559082,10.369999885559082,0.0,0.016582750227383147,0.009391336346731656,0.016721007199633098,140.69100036621094,141.02999954223634,137.71239898681642,126.42969966888427,140.3091808805515,139.85523980099123,0.4539410795602805,1.0037766457133581,52.89425450751887,27.63093780355453,28.996056493707155,-2.0706868253333996,-53.499083997000454,1.5887035357780253,137.72555739356633,144.33444169090635,4.6861549448993305,0.13300122101440875,-0.0043482299719956275,-0.004446460008267947,-0.005371951125696579,-0.00020919309350302473,0.008380501810795707,0.0,1.0,0.49999999999999994,-0.8660254037844387
2017-06-20,140.32000732421875,140.5,139.30999755859375,139.36000061035156,131.5265350341797,40935100.0,-0.0078620738076439,97.54000091552734,97.87000274658205,97.43000030517578,97.75,97.75,0.0,2.174000024795532,2.183000087738037,2.151000022888184,2.1530001163482666,2.1530001163482666,0.0,10.279999732971191,11.149999618530272,10.239999771118164,10.859999656677246,10.859999656677246,0.0,-0.007862073807643963,0.00848063269164938,-0.007831248541770086,140.34100036621095,141.0409996032715,137.8705990600586,126.55004966735841,140.1631531466746,139.8185554164994,0.34459773017519524,0.8719408626057256,48.31828996482301,28.823244643992822,26.80147256578926,-2.44995099051287,-70.60650789281341,1.5602248861800414,137.7616790407828,144.3203201657602,4.650166365401493,0.13637614459840663,0.016582750227383147,-0.0043482299719956275,0.008083180335769128,-0.003981530962408819,0.0010067126288406554,0.7818314824680298,0.6234898018587336,0.49999999999999994,-0.8660254037844387
2017-06-21,139.67999267578125,140.80999755859375,139.58999633789062,140.74000549316406,132.82899475097656,35743400.0,0.0098539285854794,97.7300033569336,97.8000030517578,97.5199966430664,97.55999755859376,97.55999755859376,0.0,2.1670000553131104,2.177000045776367,2.151000022888184,2.1549999713897705,2.1549999713897705,0.0,11.029999732971191,11.399999618530272,10.399999618530272,10.75,10.75,0.0,0.00985392858547945,0.008734258910901689,0.009902638402649266,140.07300109863283,141.08899993896483,138.06699920654296,126.67454971313478,140.25189966151913,139.88681097773383,0.36508868378530224,0.770570426841641,53.72675825004728,42.249965986071686,32.901382811206346,-1.8686324850069256,-49.14451015197107,1.5523514620416232,137.85967298768855,144.3183268902411,4.5777161262370365,0.13985195172093218,-0.007862073807643963,0.016582750227383147,-0.0043555153686769335,0.003911790205277285,0.0045891529907484884,0.9749279121818236,-0.22252093395631434,0.49999999999999994,-0.8660254037844387
2017-06-22,140.9600067138672,141.22000122070312,140.33999633789062,140.6999969482422,132.79124450683594,24099100.0,-0.0002842422286816,97.54000091552734,97.6500015258789,97.43000030517578,97.54000091552734,97.54000091552734,0.0,2.157999992370605,2.164999961853028,2.138999938964844,2.1530001163482666,2.1530001163482666,0.0,10.8100004196167,11.010000228881836,10.239999771118164,10.479999542236328,10.479999542236328,0.0,-0.00028424222868162006,0.006242940131230342,-0.00028420183568655943,139.78600006103517,141.07549972534179,138.27299926757814,126.78984970092775,140.32083770563037,139.94704697554926,0.37379073008111163,0.6912144874895352,53.551786396665136,43.49408474056074,38.18909845687508,-1.9990319910587773,-49.7667277335333,1.5043267063824002,137.84182356513674,144.30917588554684,4.584319979728097,0.136626138313709,0.00985392858547945,-0.007862073807643963,-0.004446460008267947,0.0010453751691217833,0.008477440346411607,0.43388373911755823,-0.900968867902419,0.49999999999999994,-0.8660254037844387
2017-06-23,140.5399932861328,141.4199981689453,140.14999389648438,141.24000549316406,133.30087280273438,21654300.0,0.0038304698701925,97.55999755859376,97.58000183105467,97.18000030517578,97.3000030517578,97.3000030517578,0.0,2.1549999713897705,2.1670000553131104,2.1440000534057617,2.1440000534057617,2.1440000534057617,0.0,10.25,10.6899995803833,9.850000381469728,10.020000457763672,10.020000457763672,0.0,0.00383046987019259,0.009036604049605072,0.0038378154959772814,139.91200103759766,141.07649993896484,138.48979949951172,126.90959972381593,140.4622481344817,140.04282168055775,0.41942645392396116,0.6368568807764204,55.65117221384811,53.24010352890551,46.32805141851264,0.9001355937154891,-41.368451527779094,1.4875893896737244,137.8426232162205,144.3103766617092,4.584571809115559,0.13716654913169496,-0.00028424222868162006,0.00985392858547945,-0.0043482299719956275,-0.02532338150955843,0.0017718513134905352,-0.433883739117558,-0.9009688679024191,0.49999999999999994,-0.8660254037844387
2017-06-26,142.0500030517578,142.2899932861328,140.27000427246094,140.5800018310547,132.67796325683594,34411100.0,-0.0046839116522365,97.3000030517578,97.47000122070312,97.11000061035156,97.43000030517578,97.43000030517578,0.0,2.1440000534057617,2.1470000743865967,2.121000051498413,2.13700008392334,2.13700008392334,0.0,10.130000114440918,10.4399995803833,9.68000030517578,9.899999618530272,9.899999618530272,0.0,-0.004683911652236555,0.014220267302182775,-0.004672959244762409,140.04700164794923,141.04449996948244,138.671799621582,127.0285997390747,140.48036408780064,140.08261280281678,0.3977512849838547,0.5890357616179074,52.52631231045949,52.41063829114023,49.714942186868825,0.9696230301963586,-51.63290586526688,1.525617934245021,137.80394311618434,144.28505682278055,4.595084323031746,0.1382348505364969,0.00383046987019259,-0.00028424222868162006,0.016582750227383147,-0.005371951125696579,0.0,0.0,1.0,0.49999999999999994,-0.8660254037844387
2017-06-27,140.0500030517578,140.22000122070312,138.02000427246094,138.02999877929688,130.27133178710938,65957800.0,-0.0183054202279443,97.43000030517578,97.4499969482422,96.33999633789062,96.47000122070312,96.47000122070312,0.0,2.1700000762939453,2.2160000801086426,2.1679999828338623,2.197999954223633,2.197999954223633,0.0,10.039999961853027,11.3100004196167,9.800000190734863,11.0600004196167,11.0600004196167,0.0,-0.018305420227944378,0.01570865334025835,-0.018138893684008672,139.81400146484376,140.87900009155274,138.806799621582,127.1337497329712,140.1033848095693,139.93056731959308,0.17281748997621094,0.5057921072895681,42.57853624294066,38.569263432337586,48.07333508412778,-1.6600183962116979,-91.29085230994124,1.5995021931270732,137.37463179357422,144.38336838953126,4.975004501311252,0.15249277285620166,-0.004683911652236555,0.00383046987019259,-0.007862073807643963,0.008083180335769128,0.0008491362098896226,0.7818314824680298,0.6234898018587336,0.49999999999999994,-0.8660254037844387
2017-06-28,138.5399932861328,140.13999938964844,137.74000549316406,140.02000427246094,132.1494903564453,57427200.0,0.0143143415488201,96.43000030517578,96.62000274658205,95.97000122070312,96.0500030517578,96.0500030517578,0.0,2.2090001106262207,2.240000009536743,2.2049999237060547,2.220999956130981,2.220999956130981,0.0,11.170000076293944,11.489999771118164,9.760000228881836,10.029999732971191,10.029999732971191,0.0,0.014314341548820147,0.017323473457426554,0.01441728232582462,139.84100189208985,140.81550064086917,138.97739959716796,127.2430997467041,140.09055703462954,139.93719227906476,0.15336475556478035,0.43530663694461064,50.46307655380126,32.24472942315541,41.07487704887774,0.1932052039076476,-60.34205355532563,1.656680171938309,137.29649505902773,144.33450622271062,4.998037241391751,0.16197351096720572,-0.018305420227944378,-0.004683911652236555,0.00985392858547945,-0.0043555153686769335,-0.0003536808861337731,0.9749279121818236,-0.22252093395631434,0.49999999999999994,-0.8660254037844387
2017-06-29,139.44000244140625,139.44000244140625,136.25,137.58999633789062,129.85601806640625,88769400.0,-0.0175075011594836,96.04000091552734,96.0500030517578,95.52999877929688,95.62999725341795,95.62999725341795,0.0,2.2790000438690186,2.296999931335449,2.257999897003174,2.2669999599456787,2.2669999599456787,0.0,9.789999961853027,15.15999984741211,9.729999542236328,11.4399995803833,11.4399995803833,0.0,-0.017507501159483616,0.022877240286529064,-0.017355135338417926,139.68700103759767,140.60300064086917,139.07739959716798,127.33559974670412,139.7058553889774,139.76332591305186,-0.05747052407446063,0.33675120474079645,42.74475224502468,23.51749620930699,31.44382968826666,-1.1068845618305019,-77.81460550681216,1.807631893404211,136.8396786780783,144.36632260366005,5.353117565966079,0.172099049218974,0.014314341548820147,-0.018305420227944378,-0.00028424222868162006,-0.004446460008267947,0.0038849983162842065,0.43388373911755823,-0.900968867902419,0.49999999999999994,-0.8660254037844387
2017-06-30,137.97999572753906,138.6699981689453,137.19000244140625,137.63999938964844,129.90325927734375,68898300.0,0.0003637306966774,95.54000091552734,95.83000183105467,95.47000122070312,95.66000366210938,95.66000366210938,0.0,2.265000104904175,2.305000066757202,2.265000104904175,2.302000045776367,2.302000045776367,0.0,11.739999771118164,11.850000381469728,10.399999618530272,11.18000030517578,11.18000030517578,0.0,0.0003637306966774863,0.010726161569547534,0.00036379685470833145,139.63600158691406,140.3120002746582,139.1789996337891,127.43214973449707,139.38803138908065,139.60604246687382,-0.21801107779316453,0.22579874823400425,42.93815764272199,28.28553381553566,28.015919815999354,-0.3691599923037823,-76.98673949125524,1.7842293101281292,136.5789168481198,144.0450837011966,5.321117822040819,0.16560560454416848,-0.017507501159483616,0.014314341548820147,0.00383046987019259,-0.0043482299719956275,0.011356663934015054,-0.433883739117558,-0.9009688679024191,0.49999999999999994,-0.8660254037844387
2017-07-03,138.27000427246094,138.42999267578125,136.10000610351562,136.19000244140625,128.53475952148438,32797000.0,-0.0105906441575891,95.62000274658205,96.23999786376952,95.62000274658205,96.1999969482422,96.1999969482422,0.0,2.309000015258789,2.352999925613404,2.289999961853028,2.345999956130981,2.345999956130981,0.0,11.06999969482422,11.449999809265137,10.279999732971191,11.220000267028809,11.220000267028809,0.0,-0.010590644157589148,0.016850990817027737,-0.010534760740202986,139.20900115966796,139.95000076293948,139.219599609375,127.52639976501466,138.8960269355923,139.35300246498733,-0.45697552939503794,0.08924389270819583,38.8408610537602,15.55085228251168,22.451294102451445,-3.040014287596765,-98.54609815439758,1.823211971709379,136.08807601853698,143.81192550734198,5.519006392781939,0.16824982760811324,0.0003637306966774863,-0.017507501159483616,-0.004683911652236555,0.016582750227383147,-0.00020919309350302473,0.0,1.0,1.2246467991473532e-16,-1.0
2017-07-04,138.27000427246094,138.42999267578125,136.10000610351562,136.19000244140625,128.53475952148438,32797000.0,0.0,95.62000274658205,96.23999786376952,95.62000274658205,96.1999969482422,96.1999969482422,0.0,2.309000015258789,2.352999925613404,2.289999961853028,2.345999956130981,2.345999956130981,0.0,11.06999969482422,11.449999809265137,10.279999732971191,11.220000267028809,11.220000267028809,0.0,0.0,0.016850990817027737,0.0,138.89200134277345,139.61650085449222,139.24079956054692,127.6148497772217,138.47971547494828,139.11870616694426,-0.6389906919959856,-0.05640302423264046,38.8408610537602,8.640354733316538,17.49224694378796,-2.2746829470879373,-98.54609815439758,1.8594101574633968,135.66179033979307,143.57121136919136,5.665104755519877,0.16836386652821236,-0.010590644157589148,0.0003637306966774863,-0.018305420227944378,-0.007862073807643963,-0.003981530962408819,0.7818314824680298,0.6234898018587336,1.2246467991473532e-16,-1.0
2017-07-05,136.6199951171875,137.89999389648438,136.16000366210938,137.52999877929688,129.79940795898438,42116600.0,0.0097908732118372,96.19000244140624,96.51000213623048,96.06999969482422,96.29000091552734,96.29000091552734,0.0,2.3359999656677246,2.3570001125335693,2.322999954223633,2.3340001106262207,2.3340001106262207,0.0,11.199999809265137,12.029999732971191,10.789999961853027,11.06999969482422,11.06999969482422,0.0,0.00979087321183727,0.012735985189301916,0.009838960622076787,138.5710006713867,139.3220008850098,139.2925994873047,127.70899978637696,138.33360521407883,139.00102413822964,-0.6674189241508088,-0.17860620421627413,44.515420915365745,8.669836754448024,10.953681256758747,-2.280806159285749,-76.89829342786079,1.8508801629570828,135.69633109106812,142.94767067895148,5.204734027519673,0.17246320761624295,0.0,-0.010590644157589148,0.014314341548820147,0.00985392858547945,0.003911790205277285,0.9749279121818236,-0.22252093395631434,1.2246467991473532e-16,-1.0
2017-07-06,136.47999572753906,137.05999755859375,135.8000030517578,136.2899932861328,128.62911987304688,48430500.0,-0.0090570193283183,96.19000244140624,96.33999633789062,95.79000091552734,95.81999969482422,95.81999969482422,0.0,2.372999906539917,2.3910000324249268,2.361999988555908,2.369999885559082,2.369999885559082,0.0,11.199999809265137,13.050000190734863,11.18000030517578,12.539999961853027,12.539999961853027,0.0,-0.009057019328318322,0.009232081962775843,-0.009016128072843799,138.13000030517577,138.9580001831055,139.30339935302734,127.80124977111817,138.0192033790102,138.80020703807432,-0.7810036590641118,-0.2990856951858417,40.7477009973246,10.701848782665941,9.337346756810167,-3.134331028970552,-92.45006206974382,1.8422455604272243,135.68326056108393,142.23273980512707,4.713279721507842,0.17385027589576377,0.00979087321183727,0.0,-0.017507501159483616,-0.00028424222868162006,0.0010453751691217833,0.43388373911755823,-0.900968867902419,1.2246467991473532e-16,-1.0
2017-07-07,136.75,138.1300048828125,136.74000549316406,137.75999450683594,130.0164794921875,36970400.0,0.0107279839936446,95.80999755859376,96.1500015258789,95.75,96.01000213623048,96.01000213623048,0.0,2.38700008392334,2.3959999084472656,2.361999988555908,2.3929998874664307,2.3929998874664307,0.0,12.479999542236328,12.56999969482422,10.979999542236328,11.1899995803833,11.1899995803833,0.0,0.01072798399364463,0.01016452935757541,0.01078573514698622,137.78199920654296,138.8470001220703,139.33879913330074,127.89644973754883,137.9793250909834,138.72315425798257,-0.743829166999177,-0.3880343895485088,46.525874609939606,20.283955482917364,13.21854700667711,-2.463898931593114,-69.79977805364331,1.8420859915881147,135.56762468414198,142.12637555999865,4.723725302016182,0.1572935799263741,-0.009057019328318322,0.00979087321183727,0.0003637306966774863,0.00383046987019259,-0.02532338150955843,-0.433883739117558,-0.9009688679024191,1.2246467991473532e-16,-1.0
2017-07-10,137.85000610351562,138.99000549316406,137.5,138.66000366210938,130.86587524414062,24853500.0,0.0065117378613133,96.04000091552734,96.1999969482422,95.9499969482422,96.0500030517578,96.0500030517578,0.0,2.372999906539917,2.385999917984009,2.364000082015991,2.371000051498413,2.371000051498413,0.0,11.260000228881836,11.729999542236328,10.609999656677246,11.109999656677246,11.109999656677246,0.0,0.006511737861313321,0.010808889569763048,0.006532985320558238,137.58999938964843,138.81850051879883,139.3679992675781,127.99699974060061,138.0840448711566,138.71847643606606,-0.6344315649094483,-0.4373138246206967,49.75644813423719,27.27267740034358,19.419493888642293,-1.3657690595656098,-55.93212767558213,1.8169373845578252,135.54323506573323,142.09376597186443,4.7187737093040605,0.1582288006122826,0.01072798399364463,-0.009057019328318322,-0.010590644157589148,-0.004683911652236555,-0.005371951125696579,0.0,1.0,1.2246467991473532e-16,-1.0
2017-07-11,138.4600067138672,139.22000122070312,137.94000244140625,139.0500030517578,131.23399353027344,31517700.0,0.0028089943723029,96.06999969482422,96.20999908447266,95.6500015258789,95.73999786376952,95.73999786376952,0.0,2.38700008392334,2.3910000324249268,2.3550000190734863,2.361999988555908,2.361999988555908,0.0,10.789999961853027,12.140000343322754,10.68000030517578,10.890000343322754,10.890000343322754,0.0,0.0028089943723029645,0.009244537897084178,0.002812943293628356,137.69199981689454,138.75300064086915,139.40039947509763,128.10039974212648,138.23265382201834,138.74303396315435,-0.5103801411360109,-0.4519270879237596,51.13411246449361,41.44840374173971,29.66834554166688,0.7389728910248516,-49.92288304555543,1.7785846270391859,135.55607632279663,141.94992495894166,4.6080795417852425,0.1557122517608107,0.006511737861313321,0.01072798399364463,0.0,-0.018305420227944378,0.008083180335769128,0.7818314824680298,0.6234898018587336,1.2246467991473532e-16,-1.0
2017-07-12,140.24000549316406,140.86000061035156,139.9600067138672,140.6999969482422,132.79124450683594,36045800.0,0.0117963649707835,95.77999877929688,95.9800033569336,95.51000213623048,95.79000091552734,95.79000091552734,0.0,2.351999998092652,2.351999998092652,2.302000045776367,2.32699990272522,2.32699990272522,0.0,10.850000381469728,10.850000381469728,10.079999923706056,10.300000190734863,10.300000190734863,0.0,0.011796364970783518,0.006417526106901392,0.01186621647845576,137.75999908447267,138.80050048828124,139.47459930419922,128.20994972229005,138.6122450722066,138.88799418427197,-0.2757491120653697,-0.4166914927520816,56.56094636732682,56.548593085806715,41.756558075963326,0.4856396622143159,-24.499210021442273,1.780828407864512,135.51422259401016,142.08677838255232,4.735253666536363,0.16065461925744742,0.0028089943723029645,0.006511737861313321,0.00979087321183727,0.014314341548820147,-0.0043555153686769335,0.9749279121818236,-0.22252093395631434,1.2246467991473532e-16,-1.0
2017-07-13,140.8699951171875,141.35000610351562,140.60000610351562,141.00999450683594,133.083740234375,31073600.0,0.0022002509624886,95.77999877929688,95.91999816894533,95.45999908447266,95.7300033569336,95.7300033569336,0.0,2.3320000171661377,2.365999937057495,2.328000068664551,2.3480000495910645,2.3480000495910645,0.0,10.06999969482422,10.399999618530272,9.899999618530272,9.899999618530272,9.899999618530272,0.0,0.0022002509624886616,0.005324057826339009,0.002202673290888635,138.1019989013672,138.8944999694824,139.5539993286133,128.32134967803955,138.98112960061113,139.04517939335076,-0.06404979273963818,-0.346163152749593,57.515567789635554,68.61841527793452,55.53847070182698,2.485644494492574,-19.722661099198735,1.7071978073027612,135.46414694131042,142.3248529976544,4.93950880549727,0.15968369086414236,0.011796364970783518,0.0028089943723029645,-0.009057019328318322,-0.017507501159483616,-0.004446460008267947,0.43388373911755823,-0.900968867902419,1.2246467991473532e-16,-1.0
2017-07-14,141.63999938964844,142.3000030517578,141.19000244140625,142.1199951171875,134.13137817382812,34544800.0,0.0078411978593839,95.8000030517578,95.83000183105467,95.08999633789062,95.11000061035156,95.11000061035156,0.0,2.3359999656677246,2.3359999656677246,2.2790000438690186,2.319000005722046,2.319000005722046,0.0,10.09000015258789,10.140000343322754,9.5,9.510000228881836,9.510000228881836,0.0,0.007841197859383994,0.007836773617161463,0.007872020560949933,138.54999847412108,139.0930000305176,139.64559936523435,128.439599647522,139.4640319877767,139.27294352104235,0.19108846673435664,-0.23871282885280307,60.83454045041643,84.33625867993857,69.83442234789327,3.254864681346396,-2.769352839543271,1.677398574275555,135.3950272377712,142.790972823264,5.317266565441915,0.1603249278074767,0.0022002509624886616,0.011796364970783518,0.01072798399364463,0.0003637306966774863,-0.0043482299719956275,-0.433883739117558,-0.9009688679024191,1.2246467991473532e-16,-1.0
2017-07-17,142.27000427246094,142.69000244140625,141.9199981689453,142.19000244140625,134.19747924804688,25343200.0,0.0004926870422433,95.0999984741211,95.3499984741211,95.0199966430664,95.12999725341795,95.12999725341795,0.0,2.305000066757202,2.3299999237060547,2.305000066757202,2.309000015258789,2.309000015258789,0.0,9.770000457763672,10.029999732971191,9.710000038146973,9.81999969482422,9.81999969482422,0.0,0.0004926870422433804,0.005412274192290767,0.0004928084324391513,139.14999847412108,139.17949981689452,139.73259948730467,128.5544496536255,139.88341205756586,139.48902195958783,0.3943900979780324,-0.11209224348663599,61.041261019617366,90.08369712301938,81.01279036029749,4.40560973084747,-7.256894692199856,1.612584695574511,135.2719003226471,143.08709931114194,5.615194047094989,0.14997675847937206,0.007841197859383994,0.0022002509624886616,0.006511737861313321,-0.010590644157589148,0.016582750227383147,0.0,1.0,1.2246467991473532e-16,-1.0
2017-07-18,142.08999633789062,143.1699981689453,141.63999938964844,143.13999938964844,135.0940704345703,25748500.0,0.0066589129927469,95.16000366210938,95.19000244140624,94.4800033569336,94.66000366210938,94.66000366210938,0.0,2.2929999828338623,2.299999952316284,2.259000062942505,2.263000011444092,2.263000011444092,0.0,9.859999656677246,10.350000381469728,9.65999984741211,9.890000343322754,9.890000343322754,0.0,0.006658912992746992,0.010767814897105996,0.0066811328465135045,139.84499816894532,139.36849975585938,139.82899932861326,128.68254966735842,140.38442549327087,139.7594647321849,0.6249607610859584,0.03531835742788289,63.83110025712583,96.52223771026091,90.31406450440628,5.103162364089333,-0.40703933747412435,1.6066857015546798,135.077311909608,143.65968760211075,6.15804554654534,0.1479381783390142,0.0004926870422433804,0.007841197859383994,0.0028089943723029645,0.0,-0.007862073807643963,0.7818314824680298,0.6234898018587336,1.2246467991473532e-16,-1.0
2017-07-19,143.55999755859375,144.19000244140625,143.5,143.97999572753906,135.88682556152344,33752300.0,0.0058510204984386,94.69000244140624,94.88999938964844,94.63999938964844,94.8000030517578,94.8000030517578,0.0,2.2709999084472656,2.275000095367432,2.255000114440918,2.2679998874664307,2.2679998874664307,0.0,9.6899995803833,9.9399995803833,9.579999923706056,9.789999961853027,9.789999961853027,0.0,0.005851020498438669,0.00480636983240841,0.0058681711521682,140.48999786376953,139.53049926757814,139.9405993652344,128.81534965515138,140.93759014469674,140.0720966577667,0.8654934869300348,0.2013533833283133,66.1399802472103,96.61100200939889,94.40564561422639,4.689883665739653,-2.50305994212936,1.566922655140618,134.7992396678623,144.26175886729396,6.781685186466184,0.14554508100288374,0.006658912992746992,0.0004926870422433804,0.011796364970783518,0.00979087321183727,0.00985392858547945,0.9749279121818236,-0.22252093395631434,1.2246467991473532e-16,-1.0
2017-07-20,144.35000610351562,144.44000244140625,143.52000427246094,144.1699981689453,136.06617736816406,36139400.0,0.0013189913750581,94.7699966430664,95.16999816894533,94.08999633789062,94.2699966430664,94.2699966430664,0.0,2.255000114440918,2.2709999084472656,2.23799991607666,2.2660000324249268,2.2660000324249268,0.0,9.65999984741211,10.279999732971191,9.5,9.579999923706056,9.579999923706056,0.0,0.0013189913750581705,0.006373385036683459,0.001319861626758012,141.2779983520508,139.7039993286133,140.05819946289063,128.9511996459961,141.43488368688884,140.375644917854,1.0592387690348346,0.3729304604696176,66.65844399886629,97.98828368328523,97.04050780098166,5.781792700120612,-3.125049670540825,1.5207137632695247,134.55601939865068,144.8519792585759,7.369839023510674,0.14544852193931856,0.005851020498438669,0.006658912992746992,0.0022002509624886616,-0.009057019328318322,-0.00028424222868162006,0.43388373911755823,-0.900968867902419,1.2246467991473532e-16,-1.0
2017-07-21,143.63999938964844,144.11000061035156,143.35000610351562,144.11000061035156,136.00958251953125,39697100.0,-0.0004160227244972,94.29000091552734,94.36000061035156,93.8499984741211,93.94000244140624,93.94000244140624,0.0,2.246000051498413,2.252000093460083,2.2249999046325684,2.2320001125335693,2.2320001125335693,0.0,9.520000457763672,9.979999542236328,9.300000190734863,9.359999656677246,9.359999656677246,0.0,-0.00041602272449728025,0.005290967070908434,-0.0004159361990428989,141.91299896240236,139.84749908447267,140.16839935302733,129.08604965209963,141.84644013665235,140.652263858039,1.1941762786133552,0.5371796240983651,66.31314928872713,96.850808160102,97.15003128426204,4.609470351859316,-3.8194659070238113,1.470662213423822,134.36979785292112,145.32520031602422,7.833820793953319,0.1452178475324818,0.0013189913750581705,0.005851020498438669,0.007841197859383994,0.01072798399364463,0.00383046987019259,-0.433883739117558,-0.9009688679024191,1.2246467991473532e-16,-1.0
2017-07-24,144.08999633789062,144.8699951171875,143.9199981689453,144.77000427246094,136.63246154785156,26712700.0,0.0045692153911347,93.9499969482422,94.12000274658205,93.81999969482422,93.9800033569336,93.9800033569336,0.0,2.244999885559082,2.260999917984009,2.240999937057495,2.253999948501587,2.253999948501587,0.0,9.9399995803833,9.970000267028809,9.260000228881836,9.43000030517578,9.43000030517578,0.0,0.004569215391134798,0.0065930805218042164,0.004579670173098682,142.52399902343748,140.05699920654297,140.28299957275388,129.2257996749878,142.29621923446905,140.9572816665147,1.3389375679543605,0.6975312128695641,68.26087227839778,97.3176828552546,97.38559156621393,4.406462172928096,-1.1024358566715575,1.4334718373394197,134.15710728524488,145.95689112784106,8.424986904935016,0.1441196908357656,-0.00041602272449728025,0.0013189913750581705,0.0004926870422433804,0.006511737861313321,-0.004683911652236555,0.0,1.0,1.2246467991473532e-16,-1.0
2017-07-25,144.2899932861328,144.74000549316406,144.00999450683594,144.39999389648438,136.28326416015625,28120900.0,-0.0025590139765735,94.02999877929688,94.12000274658205,93.63999938964844,94.0500030517578,94.0500030517578,0.0,2.2799999713897705,2.328000068664551,2.2780001163482666,2.325999975204468,2.325999975204468,0.0,9.399999618530272,9.520000457763672,9.039999961853027,9.43000030517578,9.43000030517578,0.0,-0.0025590139765735128,0.005059332041692483,-0.0025557424914943727,143.05899810791016,140.37549896240236,140.37859954833985,129.35849964141846,142.6198768747791,141.2122973872532,1.4075794875259078,0.8395408678008329,65.95842704022179,96.63205394401072,96.93351498645578,3.84753018864384,-5.181936404272469,1.3853674036455328,134.25279793306817,146.49819999173656,8.723318634078836,0.12504080237333245,0.004569215391134798,-0.00041602272449728025,0.006658912992746992,0.0028089943723029645,-0.018305420227944378,0.7818314824680298,0.6234898018587336,1.2246467991473532e-16,-1.0
2017-07-26,144.75999450683594,144.9499969482422,144.52999877929688,144.8699951171875,136.726806640625,18610600.0,0.0032492784563158,94.08999633789062,94.29000091552734,93.4000015258789,93.66999816894533,93.66999816894533,0.0,2.328000068664551,2.336999893188477,2.282000064849853,2.282000064849853,2.282000064849853,0.0,9.25,9.65999984741211,8.84000015258789,9.600000381469728,9.600000381469728,0.0,0.003249278456315857,0.002901341426380609,0.0032545630837510497,143.4759979248047,140.61799850463868,140.55459930419923,129.4935996246338,142.9660489120727,141.48323795984092,1.4828109522317732,0.968194884687021,67.45986235992476,97.58039432828366,97.17671037584967,2.9637514281391812,-0.974444754204995,1.3256985213678385,134.17858906537938,147.05740794389797,9.158727200980422,0.11678409753411545,-0.0025590139765735128,0.004569215391134798,0.005851020498438669,0.011796364970783518,0.014314341548820147,0.9749279121818236,-0.22252093395631434,1.2246467991473532e-16,-1.0
2017-07-27,145.82000732421875,145.9600067138672,142.3000030517578,143.9600067138672,135.8679656982422,80665900.0,-0.006301249116078,93.45999908447266,94.0999984741211,93.1500015258789,93.86000061035156,93.86000061035156,0.0,2.306999921798706,2.325999975204468,2.299999952316284,2.309999942779541,2.309999942779541,0.0,9.329999923706056,11.5,9.15999984741211,10.109999656677246,10.109999656677246,0.0,-0.006301249116078011,0.025099461516084408,-0.006281437879553486,143.7709991455078,140.9364990234375,140.68859954833985,129.62484966278075,143.11896549696414,141.66670231199103,1.4522631849731056,1.065008544744238,61.77845886555544,90.06765855474464,94.76003560901299,2.0920589475579607,-23.640643177288588,1.492434602849377,134.49755760521435,147.37544044166066,9.137365356510475,0.09752150007458438,0.003249278456315857,-0.0025590139765735128,0.0013189913750581705,0.0022002509624886616,-0.017507501159483616,0.43388373911755823,-0.900968867902419,1.2246467991473532e-16,-1.0
2017-07-28,143.10000610351562,144.0800018310547,142.8699951171875,143.83999633789062,135.75473022460938,38013200.0,-0.000833770387323,93.87000274658205,93.9499969482422,93.26000213623048,93.26000213623048,93.26000213623048,0.0,2.328000068664551,2.328000068664551,2.2869999408721924,2.2890000343322754,2.2890000343322754,0.0,10.619999885559082,11.300000190734863,10.260000228881836,10.289999961853027,10.289999961853027,0.0,-0.0008337703873230488,0.008455671993416222,-0.0008334228973759794,143.94299926757813,141.24649887084962,140.80859954833986,129.75329963684084,143.22989331864514,141.82768705465026,1.4022062639948842,1.1324480885943673,61.04824348231545,82.98362718745337,90.21056002349388,1.2102457640002509,-26.43403050614632,1.472261182207792,134.87921026338137,147.61378747831787,9.015853360429498,0.09792261244731984,-0.006301249116078011,0.003249278456315857,-0.00041602272449728025,0.007841197859383994,0.0003637306966774863,-0.433883739117558,-0.9009688679024191,1.2246467991473532e-16,-1.0
2017-07-31,144.25,144.42999267578125,142.9199981689453,143.22999572753906,135.1790008544922,33848600.0,-0.0042499709017745,93.36000061035156,93.54000091552734,92.77999877929688,92.86000061035156,92.86000061035156,0.0,2.2939999103546143,2.305000066757202,2.29099988937378,2.2920000553131104,2.2920000553131104,0.0,10.529999732971191,10.84000015258789,10.229999542236328,10.260000228881836,10.260000228881836,0.0,-0.004249970901774568,0.010467899527458838,-0.00424095255586765,144.0469985961914,141.59849853515627,140.89319946289064,129.87159961700442,143.2299090738596,141.93156177116052,1.298347302699085,1.1656279314153108,57.33839962172503,68.14171440369878,80.39766671529893,0.7314109770561216,-45.50018310546875,1.474956419681231,135.64315138689645,147.55384568341609,8.41159646446564,0.08912681288939912,-0.0008337703873230488,-0.006301249116078011,0.004569215391134798,0.0004926870422433804,-0.010590644157589148,0.0,1.0,1.2246467991473532e-16,-1.0
2017-08-01,143.72000122070312,143.75999450683594,143.1199951171875,143.55999755859375,135.49046325683594,20149400.0,0.0023014235524451,92.88999938964844,93.12000274658205,92.77999877929688,93.02999877929688,93.02999877929688,0.0,2.305000066757202,2.321000099182129,2.250999927520752,2.250999927520752,2.250999927520752,0.0,10.1899995803833,10.5600004196167,9.949999809265137,10.09000015258789,10.09000015258789,0.0,0.002301423552445169,0.00445309897169862,0.002304073860399436,144.08899841308596,141.96699829101564,140.98159942626955,129.99344959259037,143.28069191766485,142.0521866443037,1.2285052733611508,1.178203399804479,58.797148370752794,61.09650042560168,70.7406140055846,0.29341775236565065,-44.77628511157988,1.4153166318217458,136.5313641026962,147.4026324793351,7.657602476284022,0.08863679942890366,-0.004249970901774568,-0.0008337703873230488,-0.0025590139765735128,0.006658912992746992,0.0,0.7818314824680298,0.6234898018587336,-0.4999999999999997,-0.8660254037844388
2017-08-02,144.49000549316406,144.52000427246094,142.61000061035156,143.9499969482422,135.8585205078125,41769700.0,0.0027127979002509,93.05999755859376,93.16000366210938,92.5500030517578,92.83000183105467,92.83000183105467,0.0,2.2709999084472656,2.2839999198913574,2.243000030517578,2.26200008392334,2.26200008392334,0.0,10.079999923706056,10.8100004196167,9.800000190734863,10.279999732971191,10.279999732971191,0.0,0.0027127979002509774,0.013218932725417737,0.002716480866102433,144.08599853515625,142.2879981994629,141.06499938964848,130.12129959106448,143.38366192236904,142.19276518533619,1.1908967370328583,1.1807420672501547,60.51546291165157,55.86166667207609,61.69996050045886,-0.02083538004379669,-42.13853176672308,1.4506514196994336,137.20907237909213,147.36692401983365,7.1389377665584846,0.08452334806990666,0.002301423552445169,-0.004249970901774568,0.003249278456315857,0.005851020498438669,0.00979087321183727,0.9749279121818236,-0.22252093395631434,-0.4999999999999997,-0.8660254037844388
2017-08-03,144.08999633789062,144.1699981689453,143.1300048828125,143.38999938964844,135.3300323486328,27112800.0,-0.0038975747511375,92.9000015258789,93.04000091552734,92.68000030517578,92.80999755859376,92.80999755859376,0.0,2.243000030517578,2.250999927520752,2.227999925613404,2.227999925613404,2.227999925613404,0.0,10.470000267028809,10.600000381469728,9.899999618530272,10.4399995803833,10.4399995803833,0.0,-0.003897574751137515,0.007217664741235965,-0.00388998906512672,144.00799865722655,142.64299850463865,141.11339935302738,130.24904960632327,143.38463691733511,142.2814492004704,1.10318771686471,1.1652311971730658,56.84933455682835,51.1981245669412,56.052097221539654,-0.5410271132714,-59.490809420873425,1.4213186958732464,138.40665437763784,146.87934263163947,5.939785578558286,0.07699251478343226,0.0027127979002509774,0.002301423552445169,-0.006301249116078011,0.0013189913750581705,-0.009057019328318322,0.43388373911755823,-0.900968867902419,-0.4999999999999997,-0.8660254037844388
2017-08-04,143.7100067138672,143.97000122070312,143.05999755859375,143.64999389648438,135.57534790039062,29472900.0,0.001811079710454,92.75,93.7699966430664,92.6999969482422,93.54000091552734,93.54000091552734,0.0,2.2320001125335693,2.29099988937378,2.2300000190734863,2.2669999599456787,2.2669999599456787,0.0,10.479999542236328,10.5,9.68000030517578,10.029999732971191,10.029999732971191,0.0,0.0018110797104540866,0.006332221971996922,0.0018127207058211692,143.96199798583982,142.9374984741211,141.161999206543,130.38179958343508,143.42546106797346,142.38282288165664,1.0426381863168217,1.140712595001817,58.11795557210202,48.29941018326107,51.78640047409278,-0.3192052681416371,-53.47242826262026,1.3847961934615414,139.36325988881103,146.51173705943117,5.001120942321776,0.07065949968622845,-0.003897574751137515,0.0027127979002509774,-0.0008337703873230488,-0.00041602272449728025,0.01072798399364463,-0.433883739117558,-0.9009688679024191,-0.4999999999999997,-0.8660254037844388
2017-08-07,143.91000366210938,144.55999755859375,143.7100067138672,144.55999755859375,136.43426513671875,17933900.0,0.0063153657069646,93.5,93.54000091552734,93.3000030517578,93.43000030517578,93.43000030517578,0.0,2.276000022888184,2.276000022888184,2.253000020980835,2.256999969482422,2.256999969482422,0.0,10.1899995803833,10.31999969482422,9.760000228881836,9.93000030517578,9.93000030517578,0.0,0.006315365706964647,0.005906405552752827,0.006335349675511637,143.94099731445314,143.2324981689453,141.22879913330078,130.5196495819092,143.6000051434535,142.54409507994828,1.0559100635052232,1.1237520887024983,62.296194243613,49.595061441942775,49.697532064048346,-0.14506231102400838,-38.25157799067797,1.350882441222101,140.21405810578207,146.25093823210855,4.214741908086998,0.07049989428676658,0.0018110797104540866,-0.003897574751137515,-0.004249970901774568,0.004569215391134798,0.006511737861313321,0.0,1.0,-0.4999999999999997,-0.8660254037844388
2017-08-08,144.27999877929688,145.47000122070312,143.89999389648438,144.30999755859375,136.19830322265625,30810400.0,-0.0017309888866221,93.4499969482422,93.87999725341795,93.23999786376952,93.63999938964844,93.63999938964844,0.0,2.259999990463257,2.29099988937378,2.253000020980835,2.282999992370605,2.282999992370605,0.0,10.039999961853027,11.520000457763672,9.520000457763672,10.960000038146973,10.960000038146973,0.0,-0.0017309888866221877,0.010881669930011356,-0.00172949158941893,143.93199768066407,143.4954978942871,141.28819915771484,130.66064956665042,143.70923474578277,142.67490267095906,1.034332074823709,1.1058680859267405,60.510218147836895,54.397940499219516,50.76413737480779,-0.06232433635360153,-45.0821722490432,1.3665342185790044,141.17571934815882,145.81527644041537,3.233242269157815,0.07171170496540509,0.006315365706964647,0.0018110797104540866,0.002301423552445169,-0.0025590139765735128,0.0028089943723029645,0.7818314824680298,0.6234898018587336,-0.4999999999999997,-0.8660254037844388
2017-08-09,143.1199951171875,144.19000244140625,142.7899932861328,144.1199951171875,136.0189666748047,36169500.0,-0.0013175987979317,93.55999755859376,93.88999938964844,93.48999786376952,93.5199966430664,93.5199966430664,0.0,2.2249999046325684,2.249000072479248,2.211999893188477,2.240999937057495,2.240999937057495,0.0,11.489999771118164,12.630000114440918,11.109999656677246,11.109999656677246,11.109999656677246,0.0,-0.0013175987979317544,0.009782065420887569,-0.0013167311457499276,143.85699768066408,143.66649780273437,141.34479919433596,130.80534954071047,143.7724286490758,142.78194655586486,0.990482093210943,1.082790887383581,59.122907357077025,55.46425305661867,53.15241833259365,-0.517705546544206,-50.27349059042283,1.3774963652848569,141.74422550382906,145.58877010163968,2.6760202668053434,0.062062340986937053,-0.0017309888866221877,0.006315365706964647,0.0027127979002509774,0.003249278456315857,0.011796364970783518,0.9749279121818236,-0.22252093395631434,-0.4999999999999997,-0.8660254037844388
2017-08-10,143.3000030517578,143.39999389648438,140.88999938964844,141.02999877929688,133.10275268554688,63331700.0,-0.0216729303352985,93.5,93.80999755859376,93.31999969482422,93.4000015258789,93.4000015258789,0.0,2.240999937057495,2.240999937057495,2.2100000381469727,2.211999893188477,2.211999893188477,0.0,11.56999969482422,16.170000076293945,11.5600004196167,16.040000915527344,16.040000915527344,0.0,-0.02167293033529855,0.01751566261955602,-0.02143975991399727,143.56399688720705,143.66749801635743,141.3285992431641,130.94024951934819,143.3505163614175,142.65217264648945,0.6983437149280576,1.0059014528924763,42.18425385380938,35.801887451952744,48.55469366926364,-2.035292996612562,-97.23867480467574,1.5098177483030146,141.75103369569155,145.5839623370233,2.6679163305922953,0.10197998830728307,-0.0013175987979317544,-0.0017309888866221877,-0.003897574751137515,-0.006301249116078011,0.0022002509624886616,0.43388373911755823,-0.900968867902419,-0.4999999999999997,-0.8660254037844388
2017-08-11,141.22000122070312,142.41000366210938,140.89999389648438,142.10000610351562,134.11248779296875,45862500.0,0.007557502420883,93.43000030517578,93.51000213623048,92.93000030517578,93.06999969482422,93.06999969482422,0.0,2.1989998817443848,2.2219998836517334,2.181999921798706,2.188999891281128,2.188999891281128,0.0,16.170000076293945,17.280000686645508,14.5,15.510000228881836,15.510000228881836,0.0,0.007557502420883008,0.010692605527350962,0.007586132420622116,143.38999786376954,143.66649856567383,141.30139923095703,131.08249954223635,143.15813016789414,142.61127142108398,0.5468587468101589,0.9140929116760129,47.76506852180377,25.451270087701683,38.90580353209103,-1.2096706609249601,-76.13402434179638,1.5098314638260137,141.74661840029714,145.58637873105053,2.672690132416734,0.10169551486216902,-0.02167293033529855,-0.0013175987979317544,0.0018110797104540866,-0.0008337703873230488,0.007841197859383994,-0.433883739117558,-0.9009688679024191,-0.4999999999999997,-0.8660254037844388
2017-08-14,143.22999572753906,144.14999389648438,143.19000244140625,143.92999267578125,135.83963012695312,34161000.0,0.0127960907591823,93.08999633789062,93.5,93.0500030517578,93.45999908447266,93.45999908447266,0.0,2.219000101089477,2.226999998092652,2.203000068664551,2.219000101089477,2.219000101089477,0.0,14.050000190734863,14.050000190734863,12.0600004196167,12.329999923706056,12.329999923706056,0.0,0.012796090759182302,0.006702446999330224,0.012878311053707403,143.45999755859376,143.7534980773926,141.31139923095702,131.22039951324467,143.27687824603063,142.7089544769875,0.5679237690431478,0.8448590831494399,55.649892127471,28.86254469283831,30.038567410830908,0.4887223131485425,-40.03966677501294,1.5484140587647806,141.96192574091327,145.54507041387194,2.492561726066387,0.11141086365014481,0.007557502420883008,-0.02167293033529855,0.006315365706964647,-0.004249970901774568,0.0004926870422433804,0.0,1.0,-0.4999999999999997,-0.8660254037844388
2017-08-15,144.2899932861328,144.3000030517578,143.63999938964844,144.02999877929688,135.93406677246094,25509200.0,0.0006949653361314,93.47000122070312,94.13999938964844,93.44000244140624,93.8499984741211,93.8499984741211,0.0,2.260999917984009,2.282999992370605,2.25,2.2660000324249268,2.2660000324249268,0.0,11.779999732971191,12.369999885559082,11.449999809265137,12.039999961853027,12.039999961853027,0.0,0.0006949653361314475,0.00457414715378468,0.000695206880492405,143.50699768066406,143.79799804687502,141.33479919433594,131.3549995040894,143.39274294345623,142.80680961049188,0.5859333329643448,0.793073933112421,56.040416201541746,48.58638207711847,34.30006561921948,0.3273901007913398,-38.06716265183526,1.4849561732893946,142.0264871616883,145.56950893206175,2.4638881058820505,0.10910225559032491,0.012796090759182302,0.007557502420883008,-0.0017309888866221877,0.002301423552445169,0.006658912992746992,0.7818314824680298,0.6234898018587336,-0.4999999999999997,-0.8660254037844388
2017-08-16,144.38999938964844,144.9600067138672,143.8000030517578,144.27999877929688,136.17002868652344,31913000.0,0.0017343507661045,93.83999633789062,94.1500015258789,93.4800033569336,93.48999786376952,93.48999786376952,0.0,2.2799999713897705,2.282000064849853,2.220000028610229,2.2260000705718994,2.2260000705718994,0.0,11.59000015258789,12.539999961853027,11.25,11.739999771118164,11.739999771118164,0.0,0.0017343507661045415,0.00803382275097189,0.0017358556222515364,143.53999786376954,143.81299819946287,141.35199920654296,131.48814949035648,143.52924384127786,142.91593473410705,0.6133091071708066,0.7571209679240982,57.05837406366887,65.30353163463808,47.584152801531616,0.2292475429321065,-25.982575669237562,1.461745279633679,142.0299556881577,145.59604071076802,2.479668087904191,0.10729280740669082,0.0006949653361314475,0.012796090759182302,-0.0013175987979317544,0.0027127979002509774,0.005851020498438669,0.9749279121818236,-0.22252093395631434,-0.4999999999999997,-0.8660254037844388
2017-08-17,143.72000122070312,143.94000244140625,141.3300018310547,141.3300018310547,133.38580322265625,70191000.0,-0.0206586106039815,93.44000244140624,94.08000183105467,93.30999755859376,93.62000274658205,93.62000274658205,0.0,2.240000009536743,2.246999979019165,2.197999954223633,2.1989998817443848,2.1989998817443848,0.0,11.8100004196167,15.770000457763672,11.539999961853027,15.550000190734863,15.550000190734863,0.0,-0.020658610603981508,0.018160315809791317,-0.020446683390783038,143.33399810791016,143.67099838256834,141.30719909667968,131.61604949951175,143.19089891662813,142.79845822276985,0.3924406938582763,0.6841849131109339,44.08545293961089,48.51909934782405,54.136337686526865,-1.4366396313287555,-90.39296363545502,1.5680489702485725,141.5816300134606,145.7603667516761,2.9085457644613255,0.1299594954446016,0.0017343507661045415,0.0006949653361314475,-0.02167293033529855,-0.003897574751137515,0.0013189913750581705,0.43388373911755823,-0.900968867902419,-0.4999999999999997,-0.8660254037844388
2017-08-18,141.41000366210938,142.1999969482422,140.64999389648438,141.22999572753906,133.29141235351562,60751900.0,-0.0007079035445792,93.68000030517578,93.76000213623048,93.33000183105467,93.43000030517578,93.43000030517578,0.0,2.184000015258789,2.2109999656677246,2.1630001068115234,2.194000005722046,2.194000005722046,0.0,15.380000114440918,16.040000915527344,13.31999969482422,14.260000228881836,14.260000228881836,0.0,-0.0007079035445792457,0.010961056584521777,-0.00070765303997955,143.09199829101564,143.52699813842773,141.33219909667972,131.74319946289063,142.8892215029221,142.6822758157157,0.2069456872063995,0.588737067930027,43.72253093378005,31.88589180656664,48.569507596342916,-1.6846489883523332,-87.9667852756075,1.566759976070661,141.18349713786458,145.87049913899088,3.2655890960708462,0.12994638448607193,-0.020658610603981508,0.0017343507661045415,0.007557502420883008,0.0018110797104540866,-0.00041602272449728025,-0.433883739117558,-0.9009688679024191,-0.4999999999999997,-0.8660254037844388
2017-08-21,141.22000122070312,141.52999877929688,140.17999267578125,141.0500030517578,133.12155151367188,37111500.0,-0.0012751696493673,93.43000030517578,93.58000183105467,93.0,93.0999984741211,93.0999984741211,0.0,2.177999973297119,2.197000026702881,2.177000045776367,2.180000066757202,2.180000066757202,0.0,14.59000015258789,14.739999771118164,13.06999969482422,13.1899995803833,13.1899995803833,0.0,-0.0012751696493673223,0.009559595608597909,-0.0012743569660230714,142.74099884033205,143.34099807739258,141.36859924316408,131.87529949188232,142.6062648181276,142.56136672208922,0.0448980960383949,0.4799692735517006,43.03584003698661,12.695515143404869,31.033502099265185,-2.4280537950433,-83.55370565872288,1.5512775566024444,140.82848181216812,145.85351434261705,3.5056491847055598,0.1282637508211076,-0.0007079035445792457,-0.020658610603981508,0.012796090759182302,0.006315365706964647,0.004569215391134798,0.0,1.0,-0.4999999999999997,-0.8660254037844388
2017-08-22,141.80999755859375,143.35000610351562,141.75999450683594,143.1999969482422,135.15066528320312,36294200.0,0.0151275632590435,93.13999938964844,93.58000183105467,93.05999755859376,93.5500030517578,93.5500030517578,0.0,2.2060000896453857,2.2170000076293945,2.197000026702881,2.2149999141693115,2.2149999141693115,0.0,12.600000381469728,12.9399995803833,11.350000381469728,11.350000381469728,11.350000381469728,0.0,0.015127563259043594,0.011212267287591756,0.015242564006045622,142.6299987792969,143.28099822998047,141.4253991699219,132.01019947052004,142.69760822276064,142.60867266476723,0.08893555799340902,0.4017625304400423,52.61016695081111,28.52278149866713,24.368062816212877,-0.7691779011366641,-42.91116456966822,1.6047579491135422,140.81814088389214,145.7438555760688,3.4378003734105658,0.1407235915603717,-0.0012751696493673223,-0.0007079035445792457,0.0006949653361314475,-0.0017309888866221877,-0.0025590139765735128,0.7818314824680298,0.6234898018587336,-0.4999999999999997,-0.8660254037844388
2017-08-23,142.47999572753906,143.00999450683594,142.3800048828125,142.69000244140625,134.66940307617188,25702300.0,-0.0035672863054051,93.51000213623048,93.62999725341795,93.12999725341795,93.1500015258789,93.1500015258789,0.0,2.196000099182129,2.196000099182129,2.1710000038146973,2.1710000038146973,2.1710000038146973,0.0,11.510000228881836,12.59000015258789,11.390000343322754,12.25,12.25,0.0,-0.003567286305405102,0.004421600525789957,-0.003560931098805842,142.48699951171875,143.1719985961914,141.48419921875,132.13909946441652,142.69643810255226,142.6146970926664,0.0817410098858602,0.3377582263292059,50.44430078849021,40.32775095235073,27.182015864807575,-0.9922236498956913,-52.55187691455669,1.548703243136124,140.81453959524873,145.52945759713407,3.2931844551416085,0.14044791360699072,0.015127563259043594,-0.0012751696493673223,0.0017343507661045415,-0.0013175987979317544,0.003249278456315857,0.9749279121818236,-0.22252093395631434,-0.4999999999999997,-0.8660254037844388
2017-08-24,143.00999450683594,143.1699981689453,141.47000122070312,142.27000427246094,134.27297973632812,38160800.0,-0.0029480189979845,93.16000366210938,93.37999725341795,93.13999938964844,93.27999877929688,93.27999877929688,0.0,2.184999942779541,2.194000005722046,2.174999952316284,2.194000005722046,2.194000005722046,0.0,12.0600004196167,12.829999923706056,11.550000190734863,12.229999542236328,12.229999542236328,0.0,-0.0029480189979845177,0.011887259726878228,-0.002943677856948157,142.61100006103516,143.0874984741211,141.54699920654298,132.26164947509767,142.63083289792283,142.5891642911697,0.04166860675312023,0.27854030241398875,48.66738624940404,48.01520684423368,38.95524643175051,0.8792494532348352,-60.491337983074025,1.5595099363579856,140.7278154880862,145.447181460156,3.2982378072137046,0.13919136353239256,-0.003567286305405102,0.015127563259043594,-0.020658610603981508,-0.02167293033529855,-0.006301249116078011,0.43388373911755823,-0.900968867902419,-0.4999999999999997,-0.8660254037844388
2017-08-25,142.82000732421875,143.17999267578125,141.77999877929688,141.97000122070312,133.9898681640625,26380400.0,-0.0021107035848479,93.2699966430664,93.44000244140624,92.41999816894533,92.73999786376952,92.73999786376952,0.0,2.196000099182129,2.203000068664551,2.1619999408721924,2.1689999103546143,2.1689999103546143,0.0,12.199999809265137,12.449999809265137,11.100000381469728,11.279999732971191,11.279999732971191,0.0,-0.0021107035848479025,0.009802505424231066,-0.0021084776164316255,142.5979995727539,142.99399871826174,141.62339935302734,132.38489948272706,142.52916648604287,142.54330036002403,-0.014133873981165834,0.22000546713495783,47.38344824045767,40.264773695313146,42.86924383063251,-0.09148830206087065,-66.16246401642985,1.5481159335098706,140.61177525383232,145.37622218269115,3.3319208998736562,0.13929473458312155,-0.0029480189979845177,-0.003567286305405102,-0.0007079035445792457,0.007557502420883008,-0.0008337703873230488,-0.433883739117558,-0.9009688679024191,-0.4999999999999997,-0.8660254037844388
2017-08-28,142.39999389648438,142.74000549316406,141.9499969482422,142.41000366210938,134.40505981445312,15362100.0,0.0030938884330437,92.36000061035156,92.5500030517578,92.18000030517578,92.20999908447266,92.20999908447266,0.0,2.1760001182556152,2.180000066757202,2.1549999713897705,2.1589999198913574,2.1589999198913574,0.0,12.09000015258789,12.109999656677246,11.229999542236328,11.31999969482422,11.31999969482422,0.0,0.003093888433043703,0.005547813053251676,0.00309867944554032,142.4460006713867,142.95299911499023,141.6623992919922,132.50424949645998,142.51083374389924,142.53342653054887,-0.02259278664962494,0.1714858163780413,49.488256267787314,39.999670164504394,42.75988356801707,-1.0560613430279426,-53.34718750698295,1.4939654057535852,140.5596780442372,145.34632018574328,3.3484027415582633,0.13921964434071743,-0.0021107035848479025,-0.0029480189979845177,-0.0012751696493673223,0.012796090759182302,-0.004249970901774568,0.0,1.0,-0.4999999999999997,-0.8660254037844388
2017-08-29,141.19000244140625,143.2100067138672,141.05999755859375,142.97000122070312,134.93365478515625,24498300.0,0.0039251367939983,92.22000122070312,92.4800033569336,91.62000274658205,92.3499984741211,92.3499984741211,0.0,2.111999988555908,2.1410000324249268,2.0910000801086426,2.135999917984009,2.135999917984009,0.0,13.329999923706056,14.34000015258789,11.479999542236328,11.699999809265137,11.699999809265137,0.0,0.0039251367939983055,0.015227771925039026,0.003932850232222229,142.34000091552733,142.9234992980957,141.73459930419924,132.6245994949341,142.58147489417675,142.56576539648623,0.015709497690522767,0.14033055264053762,52.113782563550906,46.28618555316261,42.18354313766005,-0.7359560977418518,-41.63179181709937,1.5408256735764319,140.54719657598613,145.29980202020525,3.3252792350868767,0.1397383937449202,0.003093888433043703,-0.0021107035848479025,0.015127563259043594,0.0006949653361314475,0.002301423552445169,0.7818314824680298,0.6234898018587336,-0.4999999999999997,-0.8660254037844388
2017-08-30,143.08999633789062,144.88999938964844,143.0,144.64999389648438,136.51918029785156,33642700.0,0.011681908152914,92.3000030517578,92.9499969482422,92.25,92.87999725341795,92.87999725341795,0.0,2.1429998874664307,2.1549999713897705,2.132999897003174,2.1429998874664307,2.1429998874664307,0.0,11.399999618530272,11.979999542236328,10.960000038146973,11.220000267028809,11.220000267028809,0.0,0.011681908152914075,0.013208466266121223,0.011750408118862632,142.3770004272461,142.9584991455078,141.81279907226565,132.75574947357177,142.89970858683947,142.7201526927824,0.17955589405707428,0.14817562092384495,58.99909146977067,66.17847197615635,50.82144256460778,0.25644241774182186,-6.485604747448626,1.5679094232456376,140.49936126213308,145.41763702888252,3.4403521274684516,0.14572177121687468,0.0039251367939983055,0.003093888433043703,-0.003567286305405102,0.0017343507661045415,0.0027127979002509774,0.9749279121818236,-0.22252093395631434,-0.4999999999999997,-0.8660254037844388
2017-08-31,145.05999755859375,146.2100067138672,144.97999572753906,146.1999969482422,137.98208618164062,38480700.0,0.0106587466968731,92.8499984741211,93.3499984741211,92.58000183105467,92.66999816894533,92.66999816894533,0.0,2.1429998874664307,2.1480000019073486,2.121000051498413,2.121000051498413,2.121000051498413,0.0,11.06999969482422,11.220000267028809,10.34000015258789,10.59000015258789,10.59000015258789,0.0,0.01065874669687316,0.008479325844682228,0.010715753497767544,142.86399993896487,143.0989990234375,141.92279907226563,132.89464946746827,143.4074452578245,142.97791893392758,0.4295263238969085,0.20444576151845767,64.12441965863012,83.90553479732361,65.45673077554753,3.4458324871523547,-0.16599904348112426,1.5673453799697217,140.2464372165383,145.9515608303367,3.986836842138891,0.1493519169334817,0.011681908152914075,0.0039251367939983055,-0.0029480189979845177,-0.020658610603981508,-0.003897574751137515,0.43388373911755823,-0.900968867902419,-0.4999999999999997,-0.8660254037844388
2017-09-01,146.38999938964844,146.58999633789062,145.61000061035156,146.0,137.79331970214844,22293600.0,-0.0013689872624301,92.61000061035156,92.93000030517578,92.0999984741211,92.80999755859376,92.80999755859376,0.0,2.127000093460083,2.1670000553131104,2.0999999046325684,2.157000064849853,2.157000064849853,0.0,10.329999923706056,10.460000038146973,10.020000457763672,10.130000114440918,10.130000114440918,0.0,-0.0013689872624301762,0.006694417184404744,-0.0013680506268306525,143.34100036621095,143.2164993286133,142.01799896240232,133.03064945220945,143.8062998335438,143.20177679067368,0.6045230428701132,0.28446121778878874,63.029585969328316,94.71469680802143,81.59956786050046,3.3774725035489137,-9.204305785005928,1.5253918333675318,140.08811141428595,146.34488724294067,4.368753501158005,0.14954095823644492,0.01065874669687316,0.011681908152914075,-0.0021107035848479025,-0.0007079035445792457,0.0018110797104540866,-0.433883739117558,-0.9009688679024191,-0.8660254037844384,-0.5000000000000004
2017-09-04,146.38999938964844,146.58999633789062,145.61000061035156,146.0,137.79331970214844,22293600.0,0.0,92.61000061035156,92.93000030517578,92.0999984741211,92.80999755859376,92.80999755859376,0.0,2.127000093460083,2.1670000553131104,2.0999999046325684,2.157000064849853,2.157000064849853,0.0,10.329999923706056,10.460000038146973,10.020000457763672,10.130000114440918,10.130000114440918,0.0,0.0,0.006694417184404744,0.0,143.83600006103515,143.28849945068362,142.12639892578122,133.16799945831295,144.14379216684475,143.4090525839571,0.7347395828876415,0.3745168908085593,63.029585969328316,93.80846312883567,90.80956491139357,3.5093915924452714,-9.204305785005928,1.4864349686654983,139.96944568194306,146.60755321942418,4.632686895968083,0.1481316507890622,-0.0013689872624301762,0.01065874669687316,0.003093888433043703,-0.0012751696493673223,0.006315365706964647,0.0,1.0,-0.8660254037844384,-0.5000000000000004
2017-09-05,145.57000732421875,145.8800048828125,143.60000610351562,144.69000244140625,136.55694580078125,44794300.0,-0.0090131662096159,92.5999984741211,92.7300033569336,92.18000030517578,92.30999755859376,92.30999755859376,0.0,2.138000011444092,2.138000011444092,2.066999912261963,2.069999933242798,2.069999933242798,0.0,11.75,14.0600004196167,11.40999984741211,12.229999542236328,12.229999542236328,0.0,-0.009013166209615996,0.015662558663054677,-0.008972669386583587,143.98500061035156,143.30749969482423,142.2595989990234,133.29674945831295,144.22782451677728,143.50393775858296,0.7238867581943111,0.44439086428570973,55.79318912577941,83.98343831183773,90.83553274956493,1.0405066514789145,-29.641073494474945,1.5516891777954183,139.9595987913672,146.65540059828126,4.672331748982353,0.1517935228045142,0.0,-0.0013689872624301762,0.0039251367939983055,0.015127563259043594,-0.0017309888866221877,0.7818314824680298,0.6234898018587336,-0.8660254037844384,-0.5000000000000004
2017-09-06,145.05999755859375,145.4600067138672,144.0800018310547,145.1300048828125,136.97218322753906,30722700.0,0.0030361500964199,92.23999786376952,92.37999725341795,91.98999786376952,92.29000091552734,92.29000091552734,0.0,2.075000047683716,2.109999895095825,2.059999942779541,2.1080000400543213,2.1080000400543213,0.0,12.270000457763672,12.59000015258789,11.350000381469728,11.630000114440918,11.630000114440918,0.0,0.0030361500964199767,0.00951333866012977,0.0030407638683103144,144.2290008544922,143.35800018310547,142.3617990112305,133.434899482727,144.3666214961673,143.62438717519257,0.7422343209747453,0.5039595556235168,57.55583550621859,79.45928532094221,85.7503955872052,1.7100023825482829,-22.77676475769247,1.539426013868067,139.92900731133656,146.7869930548744,4.783817948617023,0.15202879539677835,-0.009013166209615996,0.0,0.011681908152914075,-0.003567286305405102,-0.0013175987979317544,0.9749279121818236,-0.22252093395631434,-0.8660254037844384,-0.5000000000000004
2017-09-07,145.39999389648438,145.83999633789062,144.94000244140625,145.47000122070312,137.2931365966797,22721100.0,0.0023404600760675,92.1999969482422,92.25,91.41000366210938,91.52999877929688,91.52999877929688,0.0,2.0840001106262207,2.094000101089477,2.0339999198913574,2.061000108718872,2.061000108718872,0.0,11.93000030517578,12.06999969482422,11.31999969482422,11.550000190734863,11.550000190734863,0.0,0.0023404600760675355,0.006189779465363072,0.0023432010907460388,144.54900054931642,143.58000030517576,142.51939910888674,133.584899482727,144.536372223019,143.76109932671187,0.7752728963071149,0.5582222237602364,58.918916717427216,76.7031829990367,80.04863554393887,2.2492421818684147,-17.472612750722472,1.4937522911978034,140.21123544305462,146.9487651672969,4.6925266122871045,0.12786971756198362,0.0030361500964199767,-0.009013166209615996,0.01065874669687316,-0.0029480189979845177,-0.02167293033529855,0.43388373911755823,-0.900968867902419,-0.8660254037844384,-0.5000000000000004
2017-09-08,145.27999877929688,145.35000610351562,144.05999755859375,144.2100067138672,136.1039276123047,27890100.0,-0.0086995556296533,91.48999786376952,91.51000213623048,91.01000213623048,91.33000183105467,91.33000183105467,0.0,2.0369999408721924,2.075000047683716,2.0369999408721924,2.061000108718872,2.061000108718872,0.0,11.869999885559082,12.600000381469728,11.84000015258789,12.119999885559082,12.119999885559082,0.0,-0.008699555629653319,0.008879464177870765,-0.008661823991016337,144.7730010986328,143.68550033569335,142.65079925537108,133.7274495315551,144.48616214468794,143.7943517257604,0.6918104189275311,0.5849398627936955,52.22525981953597,72.23760864615724,76.13335898871205,1.5778019820411244,-43.037796553113296,1.4877702462629157,140.38033183400884,146.99066883737785,4.600559547014305,0.1307287348228122,0.0023404600760675355,0.0030361500964199767,-0.0013689872624301762,-0.0021107035848479025,0.007557502420883008,-0.433883739117558,-0.9009688679024191,-0.8660254037844384,-0.5000000000000004
2017-09-11,145.33999633789062,146.1199951171875,145.3000030517578,145.8699951171875,137.67063903808594,27126300.0,0.0114453913508857,91.86000061035156,91.98999786376952,91.41999816894533,91.86000061035156,91.86000061035156,0.0,2.102999925613404,2.134000062942505,2.0980000495910645,2.125,2.125,0.0,11.380000114440918,11.390000343322754,10.510000228881836,10.729999542236328,10.729999542236328,0.0,0.011445391350885743,0.005641888579131007,0.011511140444411483,145.11900024414064,143.7825004577637,142.84439910888673,133.87379951477044,144.6990595250725,143.94810308808835,0.7509564369841542,0.6181431776317873,58.85697675932708,75.48989141567347,74.8102276869558,2.429598599890153,-13.019916449143798,1.5179286860527297,140.33626009931703,147.22874081621035,4.793685389355148,0.12915464776417485,-0.008699555629653319,0.0023404600760675355,0.0,0.003093888433043703,0.012796090759182302,0.0,1.0,-0.8660254037844384,-0.5000000000000004
2017-09-12,146.27999877929688,146.41000366210938,145.52999877929688,146.22000122070312,138.00094604492188,30256700.0,0.0023963816568625,91.86000061035156,92.08000183105467,91.7699966430664,91.91000366210938,91.91000366210938,0.0,2.1459999084472656,2.180000066757202,2.1429998874664307,2.1710000038146973,2.1710000038146973,0.0,10.65999984741211,10.949999809265137,10.289999961853027,10.579999923706056,10.579999923706056,0.0,0.002396381656862516,0.006015893424638501,0.0023992552743548057,145.44400024414065,143.892000579834,143.0449990844727,134.02049953460684,144.93305055516953,144.1163918386524,0.8166587165171393,0.6578462854088577,60.11416857099062,79.08386541358777,75.60378849180616,2.273204149297703,-6.690690756979589,1.472362700106999,140.27758299103954,147.50641816862844,5.023792252841889,0.1293002279438182,0.011445391350885743,-0.008699555629653319,-0.009013166209615996,0.0039251367939983055,0.0006949653361314475,0.7818314824680298,0.6234898018587336,-0.8660254037844384,-0.5000000000000004
2017-09-13,145.97000122070312,146.44000244140625,145.72999572753906,146.4199981689453,138.1896514892578,28450900.0,0.0013664873126358,91.87999725341795,92.52999877929688,91.70999908447266,92.5199966430664,92.5199966430664,0.0,2.1670000553131104,2.197000026702881,2.1600000858306885,2.194999933242798,2.194999933242798,0.0,10.720000267028809,10.859999656677246,10.329999923706056,10.5,10.5,0.0,0.001366487312635846,0.004864059107553712,0.0013674213818397618,145.62100067138672,143.9990005493164,143.22279907226564,134.1607995223998,145.16181172651966,144.28702934460003,0.8747823819196299,0.7012335047110122,60.85031806037528,92.40509472592117,82.32628385172747,1.2236462821613407,-3.0741086161130693,1.4179087010898697,140.2135625716594,147.78443852697342,5.257589237726111,0.12926984512564416,0.002396381656862516,0.011445391350885743,0.0030361500964199767,0.011681908152914075,0.0017343507661045415,0.9749279121818236,-0.22252093395631434,-0.8660254037844384,-0.5000000000000004
2017-09-14,145.85000610351562,146.2899932861328,145.47000122070312,145.55999755859375,137.37802124023438,35296400.0,-0.0058906227128085,92.3499984741211,92.66000366210938,92.02999877929688,92.12000274658205,92.12000274658205,0.0,2.2079999446868896,2.2249999046325684,2.184999942779541,2.197000026702881,2.197000026702881,0.0,10.56999969482422,11.039999961853027,10.279999732971191,10.4399995803833,10.4399995803833,0.0,-0.0058906227128085265,0.005622159966504945,-0.005873307011607376,145.55700073242187,144.21050033569338,143.40819915771485,134.29574951171867,145.2230710853003,144.38132328637732,0.8417477989229667,0.7293363635534031,56.05902251531696,90.53651349009695,87.34182454320197,-0.43775608960854523,-18.625660156616462,1.3844864330293212,140.5835882793855,147.83741239200126,5.030024925875914,0.10524963665350133,0.001366487312635846,0.002396381656862516,0.0023404600760675355,0.01065874669687316,-0.020658610603981508,0.43388373911755823,-0.900968867902419,-0.8660254037844384,-0.5000000000000004
2017-09-15,145.52999877929688,146.58999633789062,145.2899932861328,146.05999755859375,137.8499298095703,46422400.0,0.0034292231583994,92.0,92.16999816894533,91.58000183105467,91.87000274658205,91.87000274658205,0.0,2.197000026702881,2.213000059127808,2.183000087738037,2.20199990272522,2.20199990272522,0.0,10.510000228881836,10.739999771118164,10.0,10.170000076293944,10.170000076293944,0.0,0.0034292231583994016,0.008932887120608917,0.0034351096709328566,145.56300048828126,144.4520004272461,143.57419921874998,134.42854949951163,145.35182900426852,144.50566952876372,0.8461594755048054,0.7527009859436837,58.12352836900854,89.5720547955285,90.83788767051554,0.04109421821489726,-9.584066840684958,1.378451905795642,141.02287996524646,147.88112088924575,4.7477645887316555,0.10513628561140631,-0.0058906227128085265,0.001366487312635846,-0.008699555629653319,-0.0013689872624301762,-0.0007079035445792457,-0.433883739117558,-0.9009688679024191,-0.8660254037844384,-0.5000000000000004
2017-09-18,145.91000366210938,146.3699951171875,145.11000061035156,145.5500030517578,137.66929626464844,24858200.0,-0.0013112229834267,91.93000030517578,92.20999908447266,91.8000030517578,92.0500030517578,92.0500030517578,0.0,2.2149999141693115,2.23799991607666,2.2109999656677246,2.2290000915527344,2.2290000915527344,0.0,10.18000030517578,10.420000076293944,9.880000114440918,10.149999618530272,10.149999618530272,0.0,-0.0013112229834267252,0.008635422350846935,-0.0013103637061796514,145.51800079345705,144.6770004272461,143.71199920654297,134.56149951934808,145.38231731926686,144.58302756750402,0.7992897517628421,0.7620187391075155,55.271037898534686,80.94035704531298,87.01630844364614,-0.3082170878371147,-28.969201866759608,1.369990663012806,141.617102164424,147.7368986900682,4.229971942721916,0.10514980966756378,0.0034292231583994016,-0.0058906227128085265,0.011445391350885743,0.0,-0.0012751696493673223,0.0,1.0,-0.8660254037844384,-0.5000000000000004
2017-09-19,145.80999755859375,146.00999450683594,145.30999755859375,145.8000030517578,137.90576171875,20871200.0,0.0017161604817838,91.9800033569336,92.0500030517578,91.75,91.79000091552734,91.79000091552734,0.0,2.220000028610229,2.244999885559082,2.2160000801086426,2.243000030517578,2.243000030517578,0.0,10.15999984741211,10.300000190734863,9.850000381469728,10.18000030517578,10.18000030517578,0.0,0.0017161604817838992,0.004800747273594142,0.0017176339279529884,145.6290008544922,144.80700073242187,143.846999206543,134.6881995391845,145.446576662727,144.67317389967099,0.7734027630560263,0.7642955438972178,56.400604628820155,78.34182161998655,82.95141115360934,0.7671577798203916,-26.421266432595736,1.3221339691006189,141.7907033653924,147.82329809945134,4.165955170362321,0.09240457231201134,-0.0013112229834267252,0.0034292231583994016,0.002396381656862516,-0.009013166209615996,0.015127563259043594,0.7818314824680298,0.6234898018587336,-0.8660254037844384,-0.5000000000000004
2017-09-20,145.75,145.91000366210938,144.22999572753906,145.35000610351562,137.4801025390625,34236200.0,-0.0030913679597966,91.83000183105467,92.6999969482422,91.52999877929688,92.51000213623048,92.51000213623048,0.0,2.2320001125335693,2.2890000343322754,2.2300000190734863,2.2769999504089355,2.2769999504089355,0.0,10.039999961853027,10.670000076293944,9.670000076293944,9.779999732971191,9.779999732971191,0.0,-0.003091367959796632,0.011526641060516724,-0.003086594601867332,145.6510009765625,144.94000091552735,143.93999938964845,134.8138995742797,145.43171965361756,144.7233096184743,0.7084100351432596,0.7531184421464262,53.76848794280638,67.7127169847798,75.6649652166931,0.1515890672509578,-41.47138074630522,1.3476963952055971,142.086558721858,147.7934431091967,3.9374115849942015,0.09210692667348712,0.0017161604817838992,-0.0013112229834267252,0.001366487312635846,0.0030361500964199767,-0.003567286305405102,0.9749279121818236,-0.22252093395631434,-0.8660254037844384,-0.5000000000000004
2017-09-21,145.25,145.25999450683594,143.9499969482422,144.4600067138672,136.63833618164062,28841800.0,-0.0061416445189659,92.47000122070312,92.66000366210938,92.0999984741211,92.26000213623048,92.26000213623048,0.0,2.260999917984009,2.2780001163482666,2.244999885559082,2.2780001163482666,2.2780001163482666,0.0,9.739999771118164,10.210000038146973,9.539999961853027,9.670000076293944,9.670000076293944,0.0,-0.006141644518965913,0.009018916066049914,-0.006122823171321845,145.5500015258789,145.04950103759768,144.00899963378907,134.93419960021964,145.2822253551944,144.70380569961452,0.5784196555798928,0.7181786848331195,48.90712204985823,53.623336327263814,66.55929164401005,-0.6942974485190259,-71.23734383930758,1.3514330209247285,142.47281056541266,147.6261915097827,3.55284293121026,0.09460144393336094,-0.003091367959796632,0.0017161604817838992,-0.0058906227128085265,0.0023404600760675355,-0.0029480189979845177,0.43388373911755823,-0.900968867902419,-0.8660254037844384,-0.5000000000000004
2017-09-22,144.0,144.52999877929688,143.85000610351562,144.32000732421875,136.50587463378906,21702400.0,-0.0009699020004129,92.18000030517578,92.22000122070312,91.77999877929688,92.16999816894533,92.16999816894533,0.0,2.253000020980835,2.2660000324249268,2.239000082015991,2.26200008392334,2.26200008392334,0.0,9.899999618530272,10.199999809265137,9.5,9.59000015258789,9.59000015258789,0.0,-0.0009699020004129783,0.004722171359592014,-0.0009694317974969779,145.56100158691407,145.16700134277346,144.05299987792966,135.05779964447015,145.13419181196738,144.67537619032592,0.45881562164146317,0.6663060721947882,48.169349680839694,37.12388748264881,52.81998026489747,0.07627807033517382,-75.91961296644077,1.303472996271623,142.9998032476741,147.33419943787283,2.985799906387955,0.09421006592364142,-0.006141644518965913,-0.003091367959796632,0.0034292231583994016,-0.008699555629653319,-0.0021107035848479025,-0.433883739117558,-0.9009688679024191,-0.8660254037844384,-0.5000000000000004
2017-09-25,143.75,143.8300018310547,142.10000610351562,142.8000030517578,135.0681915283203,54947700.0,-0.010587877970059,92.31999969482422,92.72000122070312,92.20999908447266,92.6500015258789,92.6500015258789,0.0,2.243000030517578,2.256999969482422,2.2149999141693115,2.220000028610229,2.220000028610229,0.0,10.079999923706056,11.210000038146973,9.789999961853027,10.210000038146973,10.210000038146973,0.0,-0.010587877970059015,0.01203475288722826,-0.01053202369001105,145.25400238037108,145.1865013122559,144.0651998901367,135.17134967803946,144.77508584885823,144.5364596615431,0.23862618731513408,0.5807700952188574,40.94703950850205,22.811069859994603,37.85276455663574,-2.1046083280960897,-84.40983361426785,1.3689392980167303,143.11902938825898,147.25397323625282,2.8480222407871936,0.10221971137285332,-0.0009699020004129783,-0.006141644518965913,-0.0013112229834267252,0.011445391350885743,0.003093888433043703,0.0,1.0,-0.8660254037844384,-0.5000000000000004
2017-09-26,143.52999877929688,143.8000030517578,142.6699981689453,143.1699981689453,135.41815185546875,29628800.0,0.0025876391247309,92.5999984741211,93.29000091552734,92.5500030517578,92.97000122070312,92.97000122070312,0.0,2.2249999046325684,2.246000051498413,2.220000028610229,2.2290000915527344,2.2290000915527344,0.0,10.420000076293944,10.68000030517578,9.9399995803833,10.170000076293944,10.170000076293944,0.0,0.002587639124730977,0.007872952640026739,0.002590989952471867,144.94900207519532,145.19650115966797,144.06579986572265,135.28444965362544,144.52814928271778,144.43524029172102,0.09290899099676153,0.48319787437443823,43.18030382814744,21.16705450010309,27.034003947582168,-2.0859000316613088,-76.1693899189821,1.3518725540735712,143.1726953090041,147.22030701033185,2.7876785383944775,0.10169012180752396,-0.010587877970059015,-0.0009699020004129783,0.0017161604817838992,0.002396381656862516,0.0039251367939983055,0.7818314824680298,0.6234898018587336,-0.8660254037844384,-0.5000000000000004
2017-09-27,143.92999267578125,145.0,143.57000732421875,144.4600067138672,136.63833618164062,33249400.0,0.0089701408457409,93.04000091552734,93.61000061035156,93.01000213623048,93.36000061035156,93.36000061035156,0.0,2.2869999408721924,2.315999984741211,2.2869999408721924,2.309000015258789,2.309000015258789,0.0,9.899999618530272,10.420000076293944,9.630000114440918,9.869999885559082,9.869999885559082,0.0,0.00897014084574094,0.009935334874937928,0.00901049312409885,144.75300292968748,145.18700180053713,144.0754000854492,135.40444969177238,144.51766581058692,144.43707484150963,0.08059096907729213,0.40267649331500904,50.24532722567047,30.66071719862976,24.879613852909152,-1.3386091241557097,-47.43862487086075,1.3860246452865082,143.15065046082157,147.2233531402527,2.8051427668616986,0.09801077200274706,0.002587639124730977,-0.010587877970059015,-0.003091367959796632,0.001366487312635846,0.011681908152914075,0.9749279121818236,-0.22252093395631434,-0.8660254037844384,-0.5000000000000004
2017-09-28,144.11000061035156,144.55999755859375,143.77999877929688,144.41000366210938,136.59103393554688,24149400.0,-0.0003462456949341,93.47000122070312,93.66999816894533,93.06999969482422,93.08999633789062,93.08999633789062,0.0,2.3320000171661377,2.344000101089477,2.306999921798706,2.309000015258789,2.309000015258789,0.0,9.739999771118164,10.130000114440918,9.550000190734863,9.550000190734863,9.550000190734863,0.0,-0.00034624569493417955,0.005412523599981491,-0.00034618575881129043,144.63800354003905,145.09750213623047,144.0802001953125,135.52589969635002,144.50110240312884,144.43506956896147,0.06603283416737327,0.3353477614854819,49.98587903980314,42.61323473438094,31.480335477704596,-0.7900480322703057,-48.5522810070143,1.3427370834301058,143.09149456219103,147.10350971026992,2.7650477017254578,0.08962872381497897,0.00897014084574094,0.002587639124730977,-0.006141644518965913,-0.0058906227128085265,0.01065874669687316,0.43388373911755823,-0.900968867902419,-0.8660254037844384,-0.5000000000000004
2017-09-29,144.6999969482422,145.55999755859375,144.32000732421875,145.4499969482422,137.57473754882812,43102400.0,0.0071760076341903,93.16999816894533,93.2699966430664,92.9499969482422,93.08000183105467,93.08000183105467,0.0,2.312000036239624,2.33899998664856,2.2960000038146973,2.325999975204468,2.325999975204468,0.0,9.59000015258789,9.829999923706056,9.359999656677246,9.510000228881836,9.510000228881836,0.0,0.0071760076341903034,0.00856938673480783,0.0072018168758092305,144.5770034790039,145.07000198364258,144.10700012207033,135.65214969635002,144.64708617930012,144.5102493748341,0.13683680446601443,0.2956455700815884,55.17071991456936,59.539765827488075,44.27123925349959,-0.4176370125618093,-25.3897966396607,1.3353980227833127,143.10135615629503,147.03864781099014,2.714063280387262,0.0935834010265735,-0.00034624569493417955,0.00897014084574094,-0.0009699020004129783,0.0034292231583994016,-0.0013689872624301762,-0.433883739117558,-0.9009688679024191,-0.8660254037844384,-0.5000000000000004
2017-10-02,145.6699981689453,146.1699981689453,144.92999267578125,145.5800018310547,137.69764709472656,27351300.0,0.0008930031555871,93.29000091552734,93.66000366210938,93.12000274658205,93.55999755859376,93.55999755859376,0.0,2.3410000801086426,2.344000101089477,2.318000078201294,2.336999893188477,2.336999893188477,0.0,9.59000015258789,10.039999961853027,9.369999885559082,9.449999809265137,9.449999809265137,0.0,0.0008930031555871057,0.00851242883744618,0.000893402001619803,144.5800033569336,145.04900207519535,144.12320007324217,135.7790497207641,144.79061166418543,144.58949029751713,0.20112136666830338,0.2767407293989314,55.787740024868384,67.8545212332119,56.669173931693635,0.02061063460521357,-22.494358653689307,1.3285842706676518,143.11344427553806,146.98455987485264,2.668832976394929,0.09364710990463061,0.0071760076341903034,-0.00034624569493417955,-0.010587877970059015,-0.0013112229834267252,0.0,0.0,1.0,-1.0,-1.8369701987210297e-16
2017-10-03,145.77000427246094,146.05999755859375,145.4499969482422,145.88999938964844,137.99085998535156,19715200.0,0.002127132569208,93.5999984741211,93.91999816894533,93.43000030517578,93.56999969482422,93.56999969482422,0.0,2.3480000495910645,2.361000061035156,2.32699990272522,2.3340001106262207,2.3340001106262207,0.0,9.300000190734863,9.75,9.300000190734863,9.510000228881836,9.510000228881836,0.0,0.002127132569208065,0.004184678551640851,0.0021293965206485854,144.58900299072263,145.10900192260743,144.15300018310543,135.90439971923826,144.95974823733357,144.68582430434168,0.27392393299189166,0.27617737011752347,57.297050949422854,78.84189277363927,68.74539327811308,0.06172588203491123,-15.590166385732152,1.2772568663593598,143.14609751749296,147.0719063277219,2.7054205860520892,0.08763727539857842,0.0008930031555871057,0.0071760076341903034,0.002587639124730977,0.0017161604817838992,-0.009013166209615996,0.7818314824680298,0.6234898018587336,-1.0,-1.8369701987210297e-16
2017-10-04,145.61000061035156,146.33999633789062,145.47000122070312,146.02999877929688,138.1233367919922,26381100.0,0.0009595799010129,93.58999633789062,93.58999633789062,93.26000213623048,93.45999908447266,93.45999908447266,0.0,2.309000015258789,2.3480000495910645,2.309000015258789,2.3299999237060547,2.3299999237060547,0.0,9.529999732971191,9.880000114440918,9.529999732971191,9.630000114440918,9.630000114440918,0.0,0.0009595799010129532,0.005974830805169649,0.0009600404451040045,144.65700225830076,145.15400161743165,144.17620025634764,136.03514972686762,145.1244021668664,144.785392783968,0.3390093828983822,0.2887437726736952,57.99447191928606,83.14778061733094,76.61473154139404,0.46783119864265543,-12.472133108585727,1.2481667414185127,143.1482722067476,147.1597310281157,2.7635881730223972,0.08715590640916607,0.002127132569208065,0.0008930031555871057,0.00897014084574094,-0.003091367959796632,0.0030361500964199767,0.9749279121818236,-0.22252093395631434,-1.0,-1.8369701987210297e-16
2017-10-05,146.55999755859375,147.5399932861328,146.41000366210938,147.4600067138672,139.475830078125,31562400.0,0.0097442942866978,93.4800033569336,93.98999786376952,93.41000366210938,93.95999908447266,93.95999908447266,0.0,2.325000047683716,2.358999967575073,2.319000005722046,2.3499999046325684,2.3499999046325684,0.0,9.479999542236328,9.619999885559082,9.130000114440918,9.1899995803833,9.1899995803833,0.0,0.009744294286697874,0.007710082170079696,0.009791924504181537,144.9570022583008,145.25350189208984,144.24620025634766,136.1738997650146,145.48372594332807,144.98351233433092,0.500213608997143,0.33103773993838476,64.39161917041773,90.15578521313573,84.04848620136865,2.076699335852945,-1.4703448662749086,1.2668687246626145,142.99967182379456,147.50733196038513,3.103305653821245,0.0930823157640267,0.0009595799010129532,0.002127132569208065,-0.00034624569493417955,-0.006141644518965913,0.0023404600760675355,0.43388373911755823,-0.900968867902419,-1.0,-1.8369701987210297e-16
2017-10-06,146.9600067138672,147.66000366210938,146.9600067138672,147.66000366210938,139.66500854492188,23561100.0,0.0013554340288815,93.91999816894533,94.2699966430664,93.7699966430664,93.8000030517578,93.8000030517578,0.0,2.365999937057495,2.4019999504089355,2.3540000915527344,2.369999885559082,2.369999885559082,0.0,9.229999542236328,10.270000457763672,9.109999656677246,9.649999618530272,9.649999618530272,0.0,0.0013554340288815653,0.004763179887471628,0.0013563530447597838,145.29100189208984,145.42600173950194,144.32260040283202,136.31979976654048,145.81853790006366,145.1817709512034,0.6367669488602701,0.39218358172276185,65.19007804662758,95.3525073417131,89.55202439072659,2.314298897163464,0.0,1.2263778834897268,142.98788093490623,147.86412254409765,3.3530741070129384,0.08606684261631274,0.009744294286697874,0.0009595799010129532,0.0071760076341903034,-0.0009699020004129783,-0.008699555629653319,-0.433883739117558,-0.9009688679024191,-1.0,-1.8369701987210297e-16
2017-10-09,147.85000610351562,148.00999450683594,147.3000030517578,147.49000549316406,139.50424194335938,13704800.0,-0.0011517501949308,93.7699966430664,93.83999633789062,93.62000274658205,93.73999786376952,93.73999786376952,0.0,2.361000061035156,2.361000061035156,2.361000061035156,2.361000061035156,2.361000061035156,0.0,9.920000076293944,10.529999732971191,9.880000114440918,10.329999923706056,10.329999923706056,0.0,-0.00115175019493086,0.00480210636299218,-0.0011510871852400406,145.76000213623047,145.5070022583008,144.40780059814455,136.46484977722167,146.07568676054063,145.3527512876449,0.7229354728957276,0.45833395995735504,63.8788951331571,96.57705913367172,94.02845056284018,3.2843153649698174,-8.798477732709898,1.189493138603184,142.90466255316696,148.10934196343462,3.576927109685366,0.07754969440507271,0.0013554340288815653,0.009744294286697874,0.0008930031555871057,-0.010587877970059015,0.011445391350885743,0.0,1.0,-1.0,-1.8369701987210297e-16
2017-10-10,147.99000549316406,148.13999938964844,146.9499969482422,147.60000610351562,139.60829162597656,19223100.0,0.0007455751707495,93.7300033569336,93.73999786376952,93.13999938964844,93.29000091552734,93.29000091552734,0.0,2.3550000190734863,2.364000082015991,2.319000005722046,2.345000028610229,2.345000028610229,0.0,10.149999618530272,10.65999984741211,9.9399995803833,10.079999923706056,10.079999923706056,0.0,0.0007455751707495552,0.008041100055646788,0.0007458531810053959,146.20300292968753,145.5760025024414,144.48860076904296,136.60514980316162,146.31019742869063,145.51921460733902,0.790982821351605,0.5248637322362051,64.37816301286783,94.08707537843212,95.33888061793897,3.094229231841407,-8.94029613199373,1.1895295173748317,142.82512154799795,148.32688345688487,3.7793055272242766,0.0772808117206251,-0.00115175019493086,0.0013554340288815653,0.002127132569208065,0.002587639124730977,0.002396381656862516,0.7818314824680298,0.6234898018587336,-1.0,-1.8369701987210297e-16
2017-10-11,147.52999877929688,148.07000732421875,147.33999633789062,148.0399932861328,140.0244598388672,12439100.0,0.0029765363175332,93.26000213623048,93.37000274658205,92.9000015258789,92.95999908447266,92.95999908447266,0.0,2.345999956130981,2.351999998092652,2.3320000171661377,2.345000028610229,2.345000028610229,0.0,9.949999809265137,10.380000114440918,9.720000267028809,9.850000381469728,9.850000381469728,0.0,0.002976536317533213,0.004948220649145485,0.002980970600267696,146.56100158691407,145.6570022583008,144.57040069580077,136.74439975738525,146.5763198682971,145.70593895391633,0.8703809143807746,0.593967168665119,66.37987477475559,93.53516470139418,94.73309973783267,2.478185245662162,-1.6557320311138213,1.1567067651572098,142.71286995616515,148.60113456043644,4.042555121263125,0.07770855004267689,0.0007455751707495552,-0.00115175019493086,0.0009595799010129532,0.00897014084574094,0.001366487312635846,0.9749279121818236,-0.22252093395631434,-1.0,-1.8369701987210297e-16
2017-10-12,147.82000732421875,148.35000610351562,147.6199951171875,147.77000427246094,139.76905822753906,14513500.0,-0.0018256440251399,92.9499969482422,93.2300033569336,92.8000030517578,93.12000274658205,93.12000274658205,0.0,2.3340001106262207,2.345999956130981,2.318000078201294,2.322999954223633,2.322999954223633,0.0,9.9399995803833,10.329999923706056,9.649999618530272,9.90999984741211,9.90999984741211,0.0,-0.001825644025139969,0.004938512719235405,-0.0018239785507619954,146.89700164794925,145.76750259399412,144.65800079345703,136.87889976501467,146.75996362278386,145.85883268121592,0.901130941567942,0.6553999232456836,64.00315825601447,93.37464751333914,93.66562919772181,2.3267090403330326,-9.280029296875004,1.1262284952408466,142.67647117268962,148.85853401529863,4.241043259023171,0.07443472791937233,0.002976536317533213,0.0007455751707495552,0.009744294286697874,-0.00034624569493417955,-0.0058906227128085265,0.43388373911755823,-0.900968867902419,-1.0,-1.8369701987210297e-16
2017-10-13,148.3699951171875,148.50999450683594,147.77999877929688,148.33999633789062,140.30821228027344,18409900.0,0.0038500426524365,93.08999633789062,93.23999786376952,92.75,93.08999633789062,93.08999633789062,0.0,2.3289999961853027,2.3320000171661377,2.2730000019073486,2.2799999713897705,2.2799999713897705,0.0,9.949999809265137,9.979999542236328,9.4399995803833,9.609999656677246,9.609999656677246,0.0,0.0038500426524365255,0.004920103468106795,0.003857463587231491,147.18600158691407,145.881502532959,144.75180084228515,137.01094974517824,147.00304557895413,146.04262258171033,0.9604229972437963,0.7164045380453061,66.71287932129664,95.38443643207033,94.09808288226787,1.9869367138431997,-2.9109293758001753,1.0986400480361433,142.5837837532736,149.1792213126444,4.521092424230198,0.07464187166423833,-0.001825644025139969,0.002976536317533213,0.0013554340288815653,0.0071760076341903034,0.0034292231583994016,-0.433883739117558,-0.9009688679024191,-1.0,-1.8369701987210297e-16
2017-10-16,148.7100067138672,148.88999938964844,148.38999938964844,148.85000610351562,140.79066467285156,21809400.0,0.0034326203756538,93.06999969482422,93.36000061035156,93.06999969482422,93.27999877929688,93.27999877929688,0.0,2.2890000343322754,2.312000036239624,2.2869999408721924,2.306999921798706,2.306999921798706,0.0,9.949999809265137,10.020000457763672,9.75,9.90999984741211,9.90999984741211,0.0,0.003432620375653843,0.003362248520115056,0.003438518563791515,147.51300201416018,146.04650268554687,144.8376010131836,137.14354976654056,147.2871933519636,146.2505769166589,1.036616435304694,0.7804469174971838,68.96410400464963,95.68576223579178,94.81494872706708,2.2461905696743782,-0.7517546199494629,1.0594516911591196,142.49793354478138,149.59507182631236,4.859505808784656,0.07469100548280334,0.0038500426524365255,-0.001825644025139969,-0.00115175019493086,0.0008930031555871057,-0.0013112229834267252,0.0,1.0,-1.0,-1.8369701987210297e-16
2017-10-17,148.8000030517578,149.05999755859375,148.57000732421875,149.0399932861328,140.97032165527344,13138200.0,0.001275244022321,93.31999969482422,93.7300033569336,93.27999877929688,93.48999786376952,93.48999786376952,0.0,2.305000066757202,2.3289999961853027,2.2980000972747803,2.2980000972747803,2.2980000972747803,0.0,9.850000381469728,10.460000038146973,9.779999732971191,10.3100004196167,10.3100004196167,0.0,0.001275244022321056,0.003292945055952481,0.0012760574917332068,147.8280014038086,146.2085021972656,144.93220092773436,137.27574974060062,147.55685488029732,146.45720035143475,1.0996545288625725,0.8442884397702616,69.7839105156883,98.65281570668319,96.57433812484842,2.159156837112086,-0.37886888420078924,1.0187758728173968,142.41962717834747,149.99737721618374,5.182838155070018,0.07466079791826533,0.003432620375653843,0.0038500426524365255,0.0007455751707495552,0.002127132569208065,0.0017161604817838992,0.7818314824680298,0.6234898018587336,-1.0,-1.8369701987210297e-16
2017-10-18,149.19000244140625,149.2100067138672,148.63999938964844,148.86000061035156,140.800048828125,17218200.0,-0.0012085929942366,93.4800033569336,93.8000030517578,93.36000061035156,93.36000061035156,93.36000061035156,0.0,2.3320000171661377,2.3499999046325684,2.3289999961853027,2.33899998664856,2.33899998664856,0.0,10.34000015258789,10.40999984741211,9.869999885559082,10.06999969482422,10.06999969482422,0.0,-0.0012085929942366735,0.0038206804403171585,-0.0012078629398662999,148.11100158691406,146.3840019226074,145.0270010375976,137.40539974212652,147.7573388387672,146.63518555579896,1.1221532829682417,0.8998614084098576,67.95257380840914,97.23726219117222,97.19194671121572,1.9379592239344081,-7.157589922333063,0.9867209764889221,142.44054895298063,150.3274548922342,5.387819594810179,0.0735501380410603,0.001275244022321056,0.003432620375653843,0.002976536317533213,0.0009595799010129532,-0.003091367959796632,0.9749279121818236,-0.22252093395631434,-1.0,-1.8369701987210297e-16
2017-10-19,147.99000549316406,148.3300018310547,147.27000427246094,148.30999755859375,140.2798614501953,27680300.0,-0.0037013529091826,93.41999816894533,93.5500030517578,93.05999755859376,93.2699966430664,93.2699966430664,0.0,2.313999891281128,2.3289999961853027,2.2980000972747803,2.321000099182129,2.321000099182129,0.0,10.220000267028809,11.770000457763672,9.989999771118164,10.050000190734863,10.050000190734863,0.0,-0.0037013529091826205,0.007162629361769388,-0.0036945113461195334,148.19600067138674,146.57650146484372,145.17260101318362,137.53324974060064,147.84236325720207,146.75924570415413,1.0831175530479413,0.9365126373374745,62.550750527169804,90.47845295764188,95.45617695183242,0.5764212708710186,-21.028182320540477,1.0298120737319008,142.6526746153259,150.50032831436152,5.353964394434583,0.0707804007522488,-0.0012085929942366735,0.001275244022321056,-0.001825644025139969,0.009744294286697874,-0.006141644518965913,0.43388373911755823,-0.900968867902419,-1.0,-1.8369701987210297e-16
2017-10-20,148.91000366210938,149.0399932861328,148.52999877929688,148.7100067138672,140.65821838378906,30173300.0,0.0026935270759191,93.16000366210938,93.77999877929688,93.12000274658205,93.6999969482422,93.6999969482422,0.0,2.365000009536743,2.3919999599456787,2.36299991607666,2.38100004196167,2.38100004196167,0.0,9.920000076293944,10.039999961853027,9.289999961853027,9.970000267028809,9.970000267028809,0.0,0.0026935270759191813,0.003424850542567727,0.0026971578791306072,148.3010009765625,146.79600143432614,145.30480102539065,137.6609997558594,147.97584686591978,146.9037465196884,1.072100346231366,0.9636301791162528,64.74575493181153,86.17212998479546,91.29594837786985,0.7110951007156523,-13.297837802740087,1.0083966204324124,142.91271862484066,150.67928424381162,5.290720144339612,0.07040537195592275,-0.0037013529091826205,-0.0012085929942366735,0.0038500426524365255,0.0013554340288815653,-0.0009699020004129783,-0.433883739117558,-0.9009688679024191,-1.0,-1.8369701987210297e-16
2017-10-23,149.02000427246094,149.02999877929688,147.52999877929688,147.74000549316406,139.74073791503906,29297100.0,-0.0065441309423275,93.83999633789062,94.0199966430664,93.68000030517578,93.94000244140624,93.94000244140624,0.0,2.384999990463257,2.388000011444092,2.36299991607666,2.375999927520752,2.375999927520752,0.0,10.25,11.079999923706056,9.9399995803833,11.06999969482422,11.06999969482422,0.0,-0.0065441309423275775,0.010065762696244948,-0.006522764750557464,148.3260009765625,147.04300155639646,145.38100128173826,137.7838997650147,147.9395635778035,146.96569162883478,0.9738719489687355,0.9656785330867494,56.15094322992054,75.4563973775638,84.03566010666705,0.16950301084068176,-39.30478774402807,1.043511147544383,143.6299487500082,150.45605436278473,4.642251273793853,0.062181359171182844,0.0026935270759191813,-0.0037013529091826205,0.003432620375653843,-0.00115175019493086,-0.010587877970059015,0.0,1.0,-1.0,-1.8369701987210297e-16
2017-10-24,148.02999877929688,148.3000030517578,147.44000244140625,147.99000549316406,139.9771728515625,20289500.0,0.0016905245158158,93.83000183105467,93.98999786376952,93.68000030517578,93.95999908447266,93.95999908447266,0.0,2.407999992370605,2.4140000343322754,2.3970000743865967,2.4059998989105225,2.4059998989105225,0.0,10.890000343322754,11.15999984741211,10.390000343322754,11.15999984741211,11.15999984741211,0.0,0.0016905245158158496,0.005809637353532426,0.0016919542579429958,148.36500091552736,147.28400192260742,145.46020141601562,137.90989978790287,147.94732387247436,147.0415667298962,0.9057571425781532,0.9536942549850302,57.709145867424766,67.94198325811576,76.52350354015834,0.2642272178328509,-43.57142467888458,1.0304032520306101,144.37965118918606,150.18835265602877,3.943878079776088,0.062093072044004785,-0.0065441309423275775,0.0026935270759191813,0.001275244022321056,0.0007455751707495552,0.002587639124730977,0.7818314824680298,0.6234898018587336,-1.0,-1.8369701987210297e-16
2017-10-25,147.6999969482422,148.17999267578125,146.3300018310547,147.42999267578125,139.44754028320312,36179100.0,-0.0037908830374201,93.94000244140624,94.01000213623048,93.61000061035156,93.70999908447266,93.70999908447266,0.0,2.450000047683716,2.4749999046325684,2.430000066757202,2.444000005722046,2.444000005722046,0.0,11.34000015258789,13.199999809265137,10.989999771118164,11.229999542236328,11.229999542236328,0.0,-0.003790883037420119,0.012525327575834995,-0.003783706711386614,148.3040008544922,147.43250122070313,145.52320129394533,138.03184974670413,147.8677344575985,147.07033902218396,0.7973954354145292,0.92243449107093,53.15264746623056,51.77261645835942,65.05699903134632,-0.4120512280573728,-61.80593820200907,1.0889452229374639,144.8502632623964,150.01473917900987,3.5029426170301248,0.05857803371602827,0.0016905245158158496,-0.0065441309423275775,-0.0012085929942366735,0.002976536317533213,0.00897014084574094,0.9749279121818236,-0.22252093395631434,-1.0,-1.8369701987210297e-16
2017-10-26,147.33999633789062,147.7100067138672,146.9199981689453,146.9600067138672,139.00294494628906,28230200.0,-0.0031933556471395,93.62999725341795,94.72000122070312,93.4800033569336,94.61000061035156,94.61000061035156,0.0,2.424999952316284,2.4570000171661377,2.4230000972747803,2.45199990272522,2.45199990272522,0.0,11.170000076293944,11.8100004196167,10.600000381469728,11.300000190734863,11.300000190734863,0.0,-0.003193355647139502,0.005361806465029162,-0.00318826231004965,148.2230010986328,147.56000137329102,145.63580139160155,138.1517497634888,147.72808403548598,147.06216625860495,0.6659177768810309,0.8711311482329502,49.612287434146644,38.832589857882645,52.8490631914526,-0.548147482692267,-78.1248675454584,1.0675926030792076,145.38669877187112,149.7333039747109,2.9456527259334497,0.060303566925587894,-0.003790883037420119,0.0016905245158158496,-0.0037013529091826205,-0.001825644025139969,-0.00034624569493417955,0.43388373911755823,-0.900968867902419,-1.0,-1.8369701987210297e-16
2017-10-27,149.42999267578125,151.52000427246094,149.1999969482422,151.24000549316406,143.05123901367188,60165100.0,0.0287077612912111,94.72000122070312,95.1500015258789,94.72000122070312,94.91999816894533,94.91999816894533,0.0,2.4590001106262207,2.470000028610229,2.4189999103546143,2.427999973297119,2.427999973297119,0.0,11.119999885559082,11.119999885559082,9.739999771118164,9.800000190734863,9.800000190734863,0.0,0.02870776129121114,0.015525713965953793,0.029123800714776715,148.51300201416015,147.84950180053713,145.83600158691408,138.2916997909546,148.26837964435953,147.37163583153523,0.8967438128242975,0.8762536811512198,69.52165185970063,51.55807664818599,47.38776098814268,1.9549745361107882,-5.394964307974548,1.317050099901675,145.34268953924834,150.3563140618259,3.3910324089839836,0.1143540540949151,-0.003193355647139502,-0.003790883037420119,0.0026935270759191813,0.0038500426524365255,0.0071760076341903034,-0.433883739117558,-0.9009688679024191,-1.0,-1.8369701987210297e-16
2017-10-30,151.1300048828125,152.19000244140625,150.99000549316406,151.5800018310547,143.37278747558594,31733400.0,0.0022452627381715,94.79000091552734,94.9000015258789,94.44000244140624,94.48999786376952,94.48999786376952,0.0,2.4049999713897705,2.407999992370605,2.369999885559082,2.369999885559082,2.369999885559082,0.0,10.279999732971191,10.890000343322754,10.100000381469728,10.5,10.5,0.0,0.0022452627381715925,0.0079401634981265,0.0022477852280842203,148.78600158691404,148.1495018005371,146.0466015625,138.43284980773925,148.77785998077417,147.68336664631445,1.0944933344597132,0.9199016118129186,70.51820830794193,68.6902008337441,53.02695577993757,1.8340581898535668,-10.40956564533474,1.308689160497426,145.36550573260982,150.9334978684644,3.7583603509859356,0.11428871933619751,0.02870776129121114,-0.003193355647139502,-0.0065441309423275775,0.003432620375653843,0.0008930031555871057,0.0,1.0,-1.0,-1.8369701987210297e-16
2017-10-31,152.07000732421875,152.3699951171875,151.6300048828125,152.14999389648438,143.9119110107422,26319300.0,0.0037532397017605,94.54000091552734,94.6999969482422,94.4499969482422,94.5500030517578,94.5500030517578,0.0,2.369999885559082,2.378999948501587,2.36899995803833,2.375999927520752,2.375999927520752,0.0,10.34000015258789,10.369999885559082,9.899999618530272,10.18000030517578,10.18000030517578,0.0,0.0037532397017605414,0.004866115596333958,0.0037602919260257828,149.0970016479492,148.4625015258789,146.22560150146484,138.57269977569578,149.29664981396036,148.0142279241048,1.2824218898555557,0.9924056674214461,72.16157468812641,93.51768722721044,71.25532156971352,2.086688640934693,-3.6424083650593575,1.271639455185668,145.3588628698814,151.56614018187642,4.181040497228198,0.11445468962296763,0.0022452627381715925,0.02870776129121114,0.0016905245158158496,0.001275244022321056,0.002127132569208065,0.7818314824680298,0.6234898018587336,-1.0,-1.8369701987210297e-16
2017-11-01,152.75999450683594,152.8300018310547,151.5,152.10000610351562,143.86460876464844,29481600.0,-0.0003287429186833,94.5500030517578,94.8499984741211,94.51000213623048,94.81999969482422,94.81999969482422,0.0,2.3980000019073486,2.401000022888184,2.3489999771118164,2.375999927520752,2.375999927520752,0.0,9.789999961853027,10.489999771118164,9.739999771118164,10.199999809265137,10.199999809265137,0.0,-0.00032874291868336303,0.008706479961251705,-0.0003286888886508965,149.42100219726564,148.76600189208983,146.413801574707,138.7060498046875,149.72793539696886,148.31687815961672,1.4110572373521393,1.0761359814075848,71.78366676350133,91.5724408296683,84.59344296354094,2.1765453982799166,-11.230703500600958,1.2758081963191694,145.48201068104137,152.0499931031383,4.414975423525279,0.11471611131643979,0.0037532397017605414,0.0022452627381715925,-0.003790883037420119,-0.0012085929942366735,0.0009595799010129532,0.9749279121818236,-0.22252093395631434,-0.8660254037844386,0.5000000000000001
2017-11-02,151.92999267578125,151.99000549316406,150.77000427246094,151.80999755859375,143.59031677246094,31017400.0,-0.0019084179888304,94.8000030517578,94.8000030517578,94.41000366210938,94.69000244140624,94.69000244140624,0.0,2.36299991607666,2.369999885559082,2.3359999656677246,2.3469998836517334,2.3469998836517334,0.0,10.4399995803833,10.890000343322754,9.670000076293944,9.93000030517578,9.93000030517578,0.0,-0.001908417988830452,0.008030022243906828,-0.0019065981170964807,149.77100219726563,148.98350143432617,146.6046014404297,138.8372998046875,150.04825265260345,148.57562774472612,1.4726249078773321,1.1554337667015344,69.50933079420392,89.81150490395456,91.6338776536111,2.3599218242972686,-15.692373422475958,1.2796791702288492,145.4939378362948,152.47306503235754,4.684496691829479,0.11175022064172005,-0.00032874291868336303,0.0037532397017605414,-0.003193355647139502,-0.0037013529091826205,0.009744294286697874,0.43388373911755823,-0.900968867902419,-0.8660254037844386,0.5000000000000001
2017-11-03,152.36000061035156,153.2899932861328,151.83999633789062,153.27000427246094,144.97128295898438,26199200.0,0.0095714518538033,94.7300033569336,95.0199966430664,94.41000366210938,94.94000244140624,94.94000244140624,0.0,2.3510000705718994,2.361000061035156,2.3239998817443848,2.3429999351501465,2.3429999351501465,0.0,9.829999923706056,9.90999984741211,8.989999771118164,9.140000343322754,9.140000343322754,0.0,0.009571451853803311,0.009516913510327674,0.009617404693881726,150.227001953125,149.26400146484377,146.83060150146486,138.97464981079102,150.54390674796613,148.92335933937315,1.6205474085929836,1.2484564950798243,73.97905553720696,90.92990808400887,90.77128460587724,3.0663690086220208,-0.28719882489640636,1.2939874957510076,145.34670212975615,153.1813007999314,5.24881993869133,0.11540036756269118,-0.001908417988830452,-0.00032874291868336303,0.02870776129121114,0.0026935270759191813,0.0013554340288815653,-0.433883739117558,-0.9009688679024191,-0.8660254037844386,0.5000000000000001
2017-11-06,153.14999389648438,153.85000610351562,153.10000610351562,153.7899932861328,145.46311950683594,28693900.0,0.0033869060540755,94.87000274658205,95.08000183105467,94.70999908447266,94.72000122070312,94.72000122070312,0.0,2.325000047683716,2.3329999446868896,2.315000057220459,2.319999933242798,2.319999933242798,0.0,9.630000114440918,9.739999771118164,9.380000114440918,9.399999618530272,9.399999618530272,0.0,0.003386906054075545,0.004897159842571933,0.003392648101146367,150.83200073242188,149.5790008544922,147.05820129394533,139.11949977874752,151.04330467691486,149.28385074283682,1.7594539340780386,1.3506559828794673,75.36422844700054,94.40746180722886,91.71629159839742,4.0950233978762665,-0.7980423309410289,1.2551312460545072,145.26884369940197,153.88915800958242,5.763051137482952,0.11495071074838839,0.009571451853803311,-0.001908417988830452,0.0022452627381715925,-0.0065441309423275775,-0.00115175019493086,0.0,1.0,-0.8660254037844386,0.5000000000000001
2017-11-07,153.6699981689453,154.0800018310547,153.33999633789062,153.8800048828125,145.54824829101562,21333100.0,0.0005850547162613,94.72000122070312,95.1500015258789,94.6999969482422,94.91000366210938,94.91000366210938,0.0,2.32699990272522,2.3289999961853027,2.303999900817871,2.306999921798706,2.306999921798706,0.0,9.3100004196167,10.3100004196167,9.289999961853027,9.890000343322754,9.890000343322754,0.0,0.0005850547162613033,0.00481554956713475,0.0005852258941529964,151.42100067138674,149.89300079345705,147.27640136718747,139.26604980468747,151.4797200932068,149.62430660505726,1.8554134881495372,1.4516074839334814,75.60630211747215,98.77805102013079,94.7051403037895,3.9799980883982786,-2.5806057837701624,1.2183365494194756,145.28515380160954,154.50084778530456,6.14818165952502,0.1149770456055932,0.003386906054075545,0.009571451853803311,0.0037532397017605414,0.0016905245158158496,0.0007455751707495552,0.7818314824680298,0.6234898018587336,-0.8660254037844386,0.5000000000000001
2017-11-08,153.8000030517578,154.5399932861328,153.6199951171875,154.5,146.13467407226562,17373500.0,0.0040209866702221,94.8000030517578,94.97000122070312,94.77999877929688,94.87000274658205,94.87000274658205,0.0,2.315000057220459,2.32699990272522,2.305999994277954,2.325000047683716,2.325000047683716,0.0,9.789999961853027,10.270000457763672,9.5,9.779999732971191,9.779999732971191,0.0,0.004020986670222158,0.005981782514241619,0.004029081683466718,152.12800140380858,150.2160011291504,147.4734014892578,139.41139980316163,151.94437854040575,149.98546907875672,1.9589094616490286,1.5530678794765909,77.26351819444962,98.71140747878427,97.2989734353813,4.795501373839626,-0.48712944893597454,1.1970266650998924,145.26237562950396,155.16962662879686,6.595336665083365,0.11514430985550769,0.0005850547162613033,0.003386906054075545,-0.00032874291868336303,-0.003790883037420119,0.002976536317533213,0.9749279121818236,-0.22252093395631434,-0.8660254037844386,0.5000000000000001
2017-11-09,153.22999572753906,153.77000427246094,152.11000061035156,153.69000244140625,145.36856079101562,40594500.0,-0.0052563056153009,94.87999725341795,94.95999908447266,94.41999816894533,94.44000244140624,94.44000244140624,0.0,2.3329999446868896,2.345000028610229,2.315000057220459,2.3310000896453857,2.3310000896453857,0.0,9.9399995803833,12.1899995803833,9.789999961853027,10.5,10.5,0.0,-0.005256305615300925,0.010833411919302384,-0.005242515413358628,152.8010009765625,150.51200103759766,147.6232015991211,139.55324981689455,152.2129360636366,150.2598789574715,1.9530571061650903,1.6330657248142908,70.52272920890437,95.52637924483007,97.6719459145817,4.579474292378362,-10.353127032803645,1.2822390025676456,145.46713095665285,155.55687111854246,6.70361173350503,0.11733281340419134,0.004020986670222158,0.0005850547162613033,-0.001908417988830452,-0.003193355647139502,-0.001825644025139969,0.43388373911755823,-0.900968867902419,-0.8660254037844386,0.5000000000000001
2017-11-10,153.3300018310547,153.8000030517578,153.05999755859375,153.67999267578125,145.3590850830078,20150800.0,-6.518615030700731e-05,94.5,94.6500015258789,94.26000213623048,94.38999938964844,94.38999938964844,0.0,2.368000030517578,2.4059998989105225,2.365999937057495,2.400000095367432,2.400000095367432,0.0,10.779999732971191,11.579999923706056,10.5,11.289999961853027,11.289999961853027,0.0,-6.518615030700731e-05,0.004826227641863795,-6.518402573607585e-05,153.0449996948242,150.77900085449218,147.77680145263673,139.69324977874757,152.43863708088963,150.51322071438335,1.9254163665062833,1.6915358531526894,70.44094183031729,92.89489824365765,95.71089498909066,1.6133212734691902,-10.475048787287422,1.243508037610247,145.65354979461307,155.9044519143713,6.7986271706699775,0.11732118777587544,-0.005256305615300925,0.004020986670222158,0.009571451853803311,0.02870776129121114,0.0038500426524365255,-0.433883739117558,-0.9009688679024191,-0.8660254037844386,0.5000000000000001
2017-11-13,153.10000610351562,154.07000732421875,153.10000610351562,153.8699951171875,145.538818359375,12522400.0,0.0012357139540104,94.41000366210938,94.63999938964844,94.4000015258789,94.48999786376952,94.48999786376952,0.0,2.381999969482422,2.4040000438690186,2.378999948501587,2.400000095367432,2.400000095367432,0.0,11.43000030517578,12.18000030517578,11.0,11.5,11.5,0.0,0.0012357139540104891,0.006335736002827311,0.0012364777630826662,153.2739990234375,151.03000030517578,147.93420135498047,139.83344974517823,152.65884600955084,150.76187067014664,1.8969753394042073,1.732623750402993,71.12547112778736,90.33701948393892,92.9194323241422,1.5107489500396971,-8.16076572809219,1.2239718364025955,145.81147276548097,156.24852784487058,6.910584028537496,0.11716690199295461,-6.518615030700731e-05,-0.005256305615300925,0.003386906054075545,0.0022452627381715925,0.003432620375653843,0.0,1.0,-0.8660254037844386,0.5000000000000001
2017-11-14,153.3300018310547,153.5,152.57000732421875,153.30999755859375,145.0091552734375,25173800.0,-0.0036459636324517,94.5199966430664,94.54000091552734,93.75,93.83000183105467,93.83000183105467,0.0,2.388000011444092,2.407000064849853,2.374000072479248,2.38100004196167,2.38100004196167,0.0,11.529999732971191,12.609999656677246,11.449999809265137,11.59000015258789,11.59000015258789,0.0,-0.0036459636324517324,0.006065301406608957,-0.0036393251773531032,153.38999938964844,151.2435005187988,148.10660125732426,139.96854972839353,152.75902317094207,150.9506208100316,1.8084023609104634,1.7477794725044873,66.25540981944788,88.40749964226038,90.54647245661897,0.7624079583588984,-16.141686557839265,1.2294015475858922,146.0183890124079,156.4686120251897,6.909535270563838,0.11867289356768176,0.0012357139540104891,-6.518615030700731e-05,0.0005850547162613033,0.0037532397017605414,0.001275244022321056,0.7818314824680298,0.6234898018587336,-0.8660254037844386,0.5000000000000001
2017-11-15,152.64999389648438,153.0,151.77999877929688,152.58999633789062,144.32809448242188,24808000.0,-0.0047077384570502,93.86000061035156,93.91000366210938,93.4000015258789,93.80999755859376,93.80999755859376,0.0,2.3350000381469727,2.358999967575073,2.319000005722046,2.3350000381469727,2.3350000381469727,0.0,12.520000457763672,14.510000228881836,12.329999923706056,13.130000114440918,13.130000114440918,0.0,-0.0047077384570502895,0.007992147196091192,-0.0046966744253587045,153.43899841308595,151.43000030517578,148.2558010864258,140.09899971008298,152.7330190427803,151.07205603431746,1.6609630084628577,1.7304161796961615,60.51788235279646,79.72690862923294,86.15714258514407,0.3221500425460367,-36.516821826369714,1.250872778422391,146.2976500796393,156.56235053071225,6.778511807691054,0.12033622508052802,-0.0036459636324517324,0.0012357139540104891,0.004020986670222158,-0.00032874291868336303,-0.0012085929942366735,0.9749279121818236,-0.22252093395631434,-0.8660254037844386,0.5000000000000001
2017-11-16,153.36000061035156,154.88999938964844,153.3300018310547,154.5399932861328,146.17250061035156,34790600.0,0.012698293516182,93.83999633789062,94.0,93.7699966430664,93.93000030517578,93.93000030517578,0.0,2.3580000400543213,2.361000061035156,2.3429999351501465,2.361000061035156,2.361000061035156,0.0,12.470000267028809,12.520000457763672,11.380000114440918,11.760000228881836,11.760000228881836,0.0,0.012698293516182076,0.01017212801503114,0.012779259190970116,153.71199798583987,151.74150009155275,148.43720092773438,140.23689968109127,153.01101508021915,151.32894027519268,1.682074805026474,1.720747904762224,68.47921601918878,79.61539592431396,82.58326806526908,1.7982977217856633,-8.4953038428491,1.3258106550892068,146.65039667805115,156.83260350505435,6.71023208605411,0.12538373956348747,-0.0047077384570502895,-0.0036459636324517324,-0.005256305615300925,-0.001908417988830452,-0.0037013529091826205,0.43388373911755823,-0.900968867902419,-0.8660254037844386,0.5000000000000001
2017-11-17,154.5800018310547,154.69000244140625,153.8000030517578,153.9499969482422,145.61444091796875,28725800.0,-0.0038251223300124,93.87000274658205,93.93000030517578,93.51000213623048,93.66000366210938,93.66000366210938,0.0,2.367000102996826,2.374000072479248,2.3359999656677246,2.3540000915527344,2.3540000915527344,0.0,11.75,12.010000228881836,11.15999984741211,11.43000030517578,11.43000030517578,0.0,-0.0038251223300124707,0.005757532534002333,-0.0038178158685977515,153.77999725341797,152.00349960327148,148.6320007324219,140.36974967956542,153.1554738291458,151.52309262134452,1.6323812078012736,1.703074565370034,64.25731515806137,77.3907513509545,78.9110186348338,0.44365672135851103,-22.81562027791769,1.294681278986295,147.03133566204966,156.9756635444933,6.542170350286868,0.12706885885170865,0.012698293516182076,-0.0047077384570502895,-6.518615030700731e-05,0.009571451853803311,0.0026935270759191813,-0.433883739117558,-0.9009688679024191,-0.8660254037844386,0.5000000000000001
2017-11-20,154.05999755859375,154.1999969482422,153.61000061035156,153.8300018310547,145.5009765625,21143900.0,-0.0007795146144868,93.70999908447266,94.0999984741211,93.58000183105467,94.08000183105467,94.08000183105467,0.0,2.3359999656677246,2.371999979019165,2.3359999656677246,2.371999979019165,2.371999979019165,0.0,11.960000038146973,12.079999923706056,10.4399995803833,10.649999618530272,10.649999618530272,0.0,-0.0007795146144868495,0.0038296530393376856,-0.0007792108718988056,153.78399810791018,152.30799942016603,148.79120086669926,140.4983996582031,153.25924736790103,151.69397478502677,1.5652725828742575,1.6755141688708788,63.40117377270419,80.98698310173525,79.33104345900124,0.02601505082807137,-25.72812657402743,1.2443466403366044,147.70283542357225,156.9131634167598,6.047172852542946,0.12369214957461261,-0.0038251223300124707,0.012698293516182076,0.0012357139540104891,0.003386906054075545,-0.0065441309423275775,0.0,1.0,-0.8660254037844386,0.5000000000000001
2017-11-21,154.55999755859375,155.57000732421875,154.49000549316406,155.5,147.08055114746094,20147800.0,0.010797605330396,94.04000091552734,94.16999816894533,93.87999725341795,93.9499969482422,93.9499969482422,0.0,2.3580000400543213,2.374000072479248,2.3350000381469727,2.36299991607666,2.36299991607666,0.0,10.739999771118164,10.779999732971191,9.670000076293944,9.729999542236328,9.729999542236328,0.0,0.010797605330396014,0.006987589597012373,0.010856109850798434,153.9459976196289,152.68349914550782,148.9768008422852,140.63324966430662,153.6039785420701,151.97590257872847,1.6280759633416437,1.666026527765032,69.49314048660675,83.33258938470357,80.57010794579777,1.0527651844183454,-1.4584849939441757,1.2797508441099943,148.34372984307424,157.0232684479414,5.684660525493679,0.12753531813836305,-0.0007795146144868495,-0.0038251223300124707,-0.0036459636324517324,0.0005850547162613033,0.0016905245158158496,0.7818314824680298,0.6234898018587336,-0.8660254037844386,0.5000000000000001
2017-11-22,155.63999938964844,155.83999633789062,155.33999633789062,155.69000244140625,147.26028442382812,17299000.0,0.0012212596893482,93.93000030517578,93.95999908447266,93.20999908447266,93.22000122070312,93.22000122070312,0.0,2.368000030517578,2.371999979019165,2.319000005722046,2.322000026702881,2.322000026702881,0.0,9.600000381469728,9.880000114440918,9.31999969482422,9.880000114440918,9.880000114440918,0.0,0.001221259689348248,0.003212541775641094,0.001222005730635134,154.06499786376952,153.09649963378908,149.1622009277344,140.76524971008297,153.92490529581414,152.25102108707497,1.6738842087391674,1.667598063959859,70.10288447043342,89.70631842085267,84.67529696909716,0.7702281174150486,-3.694433169470379,1.2240543552449947,149.32715144592262,156.86584782165554,4.924146792229525,0.12549386459639486,0.010797605330396014,-0.0007795146144868495,-0.0047077384570502895,0.004020986670222158,-0.003790883037420119,0.9749279121818236,-0.22252093395631434,-0.8660254037844386,0.5000000000000001
2017-11-23,155.63999938964844,155.83999633789062,155.33999633789062,155.69000244140625,147.26028442382812,17299000.0,0.0,93.93000030517578,93.95999908447266,93.20999908447266,93.22000122070312,93.22000122070312,0.0,2.368000030517578,2.371999979019165,2.319000005722046,2.322000026702881,2.322000026702881,0.0,9.600000381469728,9.880000114440918,9.31999969482422,9.880000114440918,9.880000114440918,0.0,0.0,0.003212541775641094,0.0,154.2649978637695,153.53299942016602,149.36480102539065,140.89744972229002,154.19645870282832,152.50576044665507,1.690698256173249,1.672218102402537,70.10288447043342,97.05088288903836,90.02993023153152,1.3013208199814381,-3.694433169470379,1.1723361870132096,150.90733649422089,156.15866234611116,3.4203238858893346,0.12399923836269132,0.001221259689348248,0.010797605330396014,0.012698293516182076,-0.005256305615300925,-0.003193355647139502,0.43388373911755823,-0.900968867902419,-0.8660254037844386,0.5000000000000001
2017-11-24,155.85000610351562,156.30999755859375,155.75999450683594,156.25999450683594,147.7993621826172,8280600.0,0.0036540297177188,93.12999725341795,93.25,92.68000030517578,92.76000213623048,92.76000213623048,0.0,2.336999893188477,2.344000101089477,2.3289999961853027,2.3399999141693115,2.3399999141693115,0.0,9.81999969482422,9.960000038146973,8.5600004196167,9.670000076293944,9.670000076293944,0.0,0.003654029717718877,0.0035290537710502257,0.00366071382313482,154.522998046875,153.78399887084962,149.56880096435546,141.02969970703126,154.5139257495987,152.78385185852034,1.7300738910783764,1.6837892601377051,72.04672952528365,97.16910441216925,94.64210190735342,1.6788143896503942,-1.1038204245514938,1.1328832534542304,151.1217612239056,156.44623651779364,3.4623077387652184,0.07825306776574463,0.0,0.001221259689348248,-0.0038251223300124707,-6.518615030700731e-05,0.02870776129121114,-0.433883739117558,-0.9009688679024191,-0.8660254037844386,0.5000000000000001
2017-11-27,156.2100067138672,156.55999755859375,155.8300018310547,156.19000244140625,147.73312377929688,22653400.0,-0.0004482647937256,92.69000244140624,92.9800033569336,92.5,92.9000015258789,92.9000015258789,0.0,2.3329999446868896,2.3510000705718994,2.3239998817443848,2.328000068664551,2.328000068664551,0.0,10.06999969482422,10.260000228881836,9.789999961853027,9.869999885559082,9.869999885559082,0.0,-0.00044826479372566205,0.004673168786659163,-0.00044816433807381983,154.7549987792969,154.0144989013672,149.7816009521484,141.16159973144534,154.77178370218448,153.03615930910448,1.735624393080002,1.6941562867261646,71.43255300532563,95.82042026868831,96.68013585663198,1.5077711040751192,-7.740485599913171,1.1041055730317184,151.3574600243835,156.6715377783509,3.4503749918834665,0.0785568920964408,0.003654029717718877,0.0,-0.0007795146144868495,0.0012357139540104891,0.0022452627381715925,0.0,1.0,-0.8660254037844386,0.5000000000000001
2017-11-28,156.5399932861328,156.69000244140625,155.6999969482422,156.58999633789062,148.1115264892578,25227300.0,0.0025581190396526,92.88999938964844,93.33999633789062,92.83000183105467,93.26000213623048,93.26000213623048,0.0,2.328000068664551,2.3420000076293945,2.309999942779541,2.338000059127808,2.338000059127808,0.0,9.720000267028809,10.3100004196167,9.529999732971191,10.029999732971191,10.029999732971191,0.0,0.0025581190396526212,0.006324297531778179,0.0025613938179920304,155.08299865722657,154.2364990234375,149.9974008178711,141.29229972839357,155.05150872306234,153.29940649642197,1.7521022266403747,1.7057454747090068,72.8566252405714,96.3729704363365,96.45416503906468,2.139455242012699,-2.0367826665257827,1.095955567326886,151.4947960905148,156.97820195636018,3.55519342085957,0.07821563122438231,-0.00044826479372566205,0.003654029717718877,0.010797605330396014,-0.0036459636324517324,0.0037532397017605414,0.7818314824680298,0.6234898018587336,-0.8660254037844386,0.5000000000000001
2017-11-29,156.41000366210938,156.4499969482422,153.1199951171875,153.86000061035156,145.52932739257812,71986300.0,-0.0175879182060962,93.22000122070312,93.44000244140624,92.98999786376952,93.26000213623048,93.26000213623048,0.0,2.36299991607666,2.3949999809265137,2.36299991607666,2.375999927520752,2.375999927520752,0.0,9.90999984741211,10.93000030517578,9.8100004196167,10.699999809265137,10.699999809265137,0.0,-0.017587918206096252,0.021290210044674955,-0.017434153559054533,155.20999908447266,154.3244987487793,150.16760070800783,141.40909973144534,154.8681997826453,153.34093198634267,1.527267796302624,1.6700499390277304,53.320182051775646,77.52842096273122,89.90727055591867,0.8322985142805029,-57.63746884536736,1.26553025685376,151.76457641673952,156.88442108081907,3.3175838610135444,0.1033436583059497,0.0025581190396526212,-0.00044826479372566205,0.001221259689348248,-0.0047077384570502895,-0.00032874291868336303,0.9749279121818236,-0.22252093395631434,-0.8660254037844386,0.5000000000000001
2017-11-30,154.50999450683594,155.4499969482422,154.14999389648438,155.14999389648438,146.7494659423828,56595500.0,0.0083491903313185,93.26000213623048,93.51000213623048,92.7300033569336,93.01000213623048,93.01000213623048,0.0,2.390000104904175,2.437000036239624,2.38100004196167,2.4170000553131104,2.4170000553131104,0.0,10.489999771118164,12.050000190734863,10.25,11.279999732971191,11.279999732971191,0.0,0.008349190331318538,0.008413714956803632,0.008384142025979813,155.2709991455078,154.49149856567382,150.38140045166014,141.53479972839358,154.91155272323593,153.4749365722791,1.4366161509568371,1.6233631814135518,58.925030383771684,69.65367857742197,81.18502332549656,0.39472022573609045,-31.364712755840905,1.2887064054992505,152.2006169440477,156.78238018729994,2.9657057416039847,0.10644185179563612,-0.017587918206096252,0.0025581190396526212,0.0,0.012698293516182076,-0.001908417988830452,0.43388373911755823,-0.900968867902419,-0.8660254037844386,0.5000000000000001
2017-12-01,154.1999969482422,155.24000549316406,152.25999450683594,154.49000549316406,146.12525939941406,59015800.0,-0.0042626244882758,93.02999877929688,93.25,92.5999984741211,92.9000015258789,92.9000015258789,0.0,2.382999897003174,2.424000024795532,2.315000057220459,2.361999988555908,2.361999988555908,0.0,11.1899995803833,14.579999923706056,10.539999961853027,11.43000030517578,11.43000030517578,0.0,-0.004262624488275885,0.01932562286190172,-0.00425355239939218,155.325,154.55249862670897,150.58480041503904,141.6559497833252,154.84669930322485,153.55012686271502,1.2965724405098342,1.5580050332328084,55.26868367426282,55.39713221995015,67.5264105867011,0.3507687922224677,-44.80642173894127,1.409513875558456,152.3347618883849,156.77023536503305,2.869881442267178,0.10309304995908612,0.008349190331318538,-0.017587918206096252,0.003654029717718877,-0.0038251223300124707,0.009571451853803311,-0.433883739117558,-0.9009688679024191,-0.5000000000000004,0.8660254037844384
2017-12-04,155.4600067138672,155.6300048828125,152.55999755859375,152.7100067138672,144.4415740966797,51319100.0,-0.0115891007015254,93.22000122070312,93.36000061035156,93.06999969482422,93.19000244140624,93.19000244140624,0.0,2.3959999084472656,2.4030001163482666,2.378000020980835,2.378999948501587,2.378999948501587,0.0,11.050000190734863,11.859999656677246,10.260000228881836,11.68000030517578,11.68000030517578,0.0,-0.011589100701525457,0.019747891365200245,-0.011522205740844838,155.21300048828127,154.4984992980957,150.78300048828126,141.76739982604983,154.5179773664006,153.48789574057815,1.0300816258224472,1.4524203517507364,46.82892832071977,47.58998328060613,57.54693135932608,-0.7280732651992982,-81.05891566339945,1.5281205504627626,152.15363994210236,156.84335865408906,3.0354461262035723,0.11075252500742791,-0.004262624488275885,0.008349190331318538,-0.00044826479372566205,-0.0007795146144868495,0.003386906054075545,0.0,1.0,-0.5000000000000004,0.8660254037844384
2017-12-05,152.67999267578125,154.5500030517578,152.10000610351562,152.80999755859375,144.53619384765625,40604200.0,0.0006548583652717,93.08999633789062,93.48999786376952,93.04000091552734,93.37999725341795,93.37999725341795,0.0,2.390000104904175,2.3959999084472656,2.3550000190734863,2.3559999465942383,2.3559999465942383,0.0,11.380000114440918,11.670000076293944,10.649999618530272,11.329999923706056,11.329999923706056,0.0,0.0006548583652717331,0.016046614263630472,0.0006550728318235333,154.94400024414062,154.44499893188478,150.97580047607423,141.8813497924805,154.25521124212264,153.43768106043115,0.8175301816914953,1.3254423177388883,47.31562433604722,29.86763278703267,44.28491609586298,-1.7299051070136655,-84.53176423656129,1.5939688645898644,151.99428506613398,156.89571279763558,3.1735749071831627,0.11076063815609107,-0.011589100701525457,-0.004262624488275885,0.0025581190396526212,0.010797605330396014,0.0005850547162613033,0.7818314824680298,0.6234898018587336,-0.5000000000000004,0.8660254037844384
2017-12-06,152.24000549316406,153.74000549316406,152.05999755859375,153.5,145.18882751464844,28647800.0,0.0045052012959722,93.30999755859376,93.6500015258789,93.16999816894533,93.61000061035156,93.61000061035156,0.0,2.3329999446868896,2.3350000381469727,2.313999891281128,2.3299999237060547,2.3299999237060547,0.0,11.630000114440918,11.68000030517578,10.859999656677246,11.020000457763672,11.020000457763672,0.0,0.004505201295972236,0.011035259287649913,0.004515364972735414,154.725,154.3949989318848,151.15660034179686,141.9916497802735,154.1390248971807,153.442297278177,0.6967276190036955,1.1996993779918497,50.67113463752343,21.836950636490894,33.09818890137656,-1.406642948849882,-68.89846819056659,1.6001145124456109,151.90846718921316,156.88153067455644,3.221000369019258,0.1110270314313019,0.0006548583652717331,-0.011589100701525457,-0.017587918206096252,0.001221259689348248,0.004020986670222158,0.9749279121818236,-0.22252093395631434,-0.5000000000000004,0.8660254037844384
2017-12-07,153.49000549316406,154.4600067138672,153.3300018310547,154.02000427246094,145.6806640625,32666200.0,0.0033818398343485,93.54000091552734,93.8000030517578,93.51000213623048,93.8000030517578,93.8000030517578,0.0,2.33899998664856,2.375999927520752,2.322999954223633,2.375999927520752,2.375999927520752,0.0,10.899999618530272,11.31999969482422,10.119999885559082,10.15999984741211,10.15999984741211,0.0,0.003381839834348558,0.007362074678294455,0.0033875647063954517,154.55800018310546,154.41149902343753,151.34880035400388,142.1078498077393,154.12071403183919,153.48509038886468,0.6356236429745081,1.0868842309883813,53.09568125594281,29.63416044250632,27.11291462200996,-1.072643164466398,-57.667286245353154,1.566535253186103,151.94033282134103,156.88266522553403,3.200754111870139,0.11016876926133613,0.004505201295972236,0.0006548583652717331,0.008349190331318538,0.0,-0.005256305615300925,0.43388373911755823,-0.900968867902419,-0.5000000000000004,0.8660254037844384
2017-12-08,155.14999389648438,155.52999877929688,154.4600067138672,154.6999969482422,146.32382202148438,28081700.0,0.0044051309461639,93.79000091552734,94.08999633789062,93.7699966430664,93.9000015258789,93.9000015258789,0.0,2.38100004196167,2.3919999599456787,2.361999988555908,2.382999897003174,2.382999897003174,0.0,10.0,10.0600004196167,9.43000030517578,9.579999923706056,9.579999923706056,0.0,0.004405130946163942,0.0068965008541578355,0.004414847798253074,154.4020004272461,154.46249923706057,151.53380035400392,142.22624977111823,154.20983448051658,153.5750834673371,0.634751013179482,0.9964575874266015,56.13207776979621,43.484536897888155,31.65188265896179,-0.9983345791846322,-42.98063487041578,1.5624966284468056,152.0128910848307,156.91210738929044,3.1717836553587633,0.11121378976197265,0.003381839834348558,0.004505201295972236,-0.004262624488275885,0.003654029717718877,-6.518615030700731e-05,-0.433883739117558,-0.9009688679024191,-0.5000000000000004,0.8660254037844384
2017-12-11,154.77000427246094,155.9499969482422,154.75999450683594,155.89999389648438,147.45889282226562,20821500.0,0.007727319488086,93.91999816894533,93.9800033569336,93.66999816894533,93.87000274658205,93.87000274658205,0.0,2.361999988555908,2.38700008392334,2.3580000400543213,2.384999990463257,2.384999990463257,0.0,9.739999771118164,10.079999923706056,9.279999732971191,9.34000015258789,9.34000015258789,0.0,0.0077273194880860575,0.007688844146513948,0.007757252271708648,154.3729995727539,154.5639991760254,151.74020019531253,142.35209976196293,154.4698590060501,153.74729905468132,0.7225599513687655,0.9416780602150343,60.937842132057554,60.76309244465536,44.62726326168328,-0.18567676572683964,-17.06280155026497,1.5401754407006052,152.05037145648512,157.07762689556566,3.2525397025702203,0.11425986293426497,0.004405130946163942,0.003381839834348558,-0.011589100701525457,-0.00044826479372566205,0.0012357139540104891,0.0,1.0,-0.5000000000000004,0.8660254037844384
2017-12-12,155.8300018310547,156.14999389648438,155.36000061035156,155.69000244140625,147.26028442382812,20310300.0,-0.001347780828909,93.91000366210938,94.22000122070312,93.76000213623048,94.0999984741211,94.0999984741211,0.0,2.3919999599456787,2.4210000038146973,2.3919999599456787,2.4030001163482666,2.4030001163482666,0.0,9.359999656677246,9.920000076293944,9.210000038146973,9.920000076293944,9.920000076293944,0.0,-0.0013477808289090736,0.005069584013669556,-0.0013468729802338375,154.28300018310546,154.682999420166,151.93620025634766,142.47799980163578,154.65757338072027,153.89120300925353,0.7663703714667349,0.9066165224653744,59.70520911600546,72.78610473955725,59.01124469403358,-0.5747454610972491,-21.598249360647525,1.48659100108862,152.19411116194337,157.17188767838863,3.2180501639511836,0.11340038863610274,0.0077273194880860575,0.004405130946163942,0.0006548583652717331,0.0025581190396526212,-0.0036459636324517324,0.7818314824680298,0.6234898018587336,-0.5000000000000004,0.8660254037844384
2017-12-13,156.32000732421875,156.49000549316406,155.75999450683594,155.99000549316406,147.5440216064453,24418500.0,0.0019249194426578,94.05999755859376,94.11000061035156,93.41000366210938,93.43000030517578,93.43000030517578,0.0,2.4260001182556152,2.4260001182556152,2.3489999771118164,2.3489999771118164,2.3489999771118164,0.0,9.779999732971191,10.210000038146973,9.649999618530272,10.18000030517578,10.18000030517578,0.0,0.0019249194426578676,0.004669977943476107,0.001926773289399275,154.49600067138672,154.8529998779297,152.135400390625,142.60424980163577,154.86256293648083,154.04666985991355,0.8158930765672778,0.8884718332857551,60.92138020318299,82.07341348308681,71.87420355576647,1.3843785742642167,-15.11870863982705,1.437549004707848,152.50560344879221,157.2003963070672,3.031773915891765,0.11158025803155909,-0.0013477808289090736,0.0077273194880860575,0.004505201295972236,-0.017587918206096252,-0.0047077384570502895,0.9749279121818236,-0.22252093395631434,-0.5000000000000004,0.8660254037844384
2017-12-14,156.25999450683594,156.66000366210938,155.7100067138672,155.8800048828125,147.43997192382812,24594700.0,-0.0007054598840241,93.41000366210938,93.76000213623048,93.27999877929688,93.48999786376952,93.48999786376952,0.0,2.367000102996826,2.388999938964844,2.344000101089477,2.345999956130981,2.345999956130981,0.0,9.979999542236328,10.539999961853027,9.779999732971191,10.489999771118164,10.489999771118164,0.0,-0.0007054598840241538,0.0060795915886239695,-0.0007052111057046506,154.56900177001953,154.92000045776368,152.30380035400393,142.72944984436037,155.0190924666857,154.18247245420235,0.836620012483337,0.8781014691252715,60.20387620098229,81.92950424916731,78.92967415727045,0.4705195069586572,-17.494529252023515,1.402723857817444,152.5340429834729,157.30595793205447,3.0802446001041446,0.10291134289730829,0.0019249194426578676,-0.0013477808289090736,0.003381839834348558,0.008349190331318538,0.012698293516182076,0.43388373911755823,-0.900968867902419,-0.5000000000000004,0.8660254037844384
2017-12-15,156.49000549316406,157.82000732421875,156.22999572753906,157.64999389648438,149.11412048339844,49816200.0,0.0112907991340145,93.6500015258789,94.0,93.41000366210938,93.93000030517578,93.93000030517578,0.0,2.3580000400543213,2.380000114440918,2.352999925613404,2.3550000190734863,2.3550000190734863,0.0,10.119999885559082,10.199999809265137,9.220000267028809,9.420000076293944,9.420000076293944,0.0,0.011290799134014562,0.01016046738364479,0.011354780781125173,154.88500061035157,155.1050003051758,152.5036001586914,142.86074981689458,155.42384653280857,154.4393258943714,0.984520638437175,0.8993853029876523,66.94912166531891,88.14504836770185,84.04932203331865,2.045432255137137,-2.9516170050438717,1.4411008995023586,152.47448202226474,157.73551858808685,3.3919193807232473,0.10845681901048101,-0.0007054598840241538,0.0019249194426578676,0.004405130946163942,-0.004262624488275885,-0.0038251223300124707,-0.433883739117558,-0.9009688679024191,-0.5000000000000004,0.8660254037844384
2017-12-18,158.36000061035156,158.77000427246094,158.07000732421875,158.63999938964844,150.36434936523438,26844500.0,0.0083494225514443,93.9800033569336,94.02999877929688,93.37999725341795,93.6999969482422,93.6999969482422,0.0,2.372999906539917,2.3980000019073486,2.367000102996826,2.3919999599456787,2.3919999599456787,0.0,9.460000038146973,9.890000343322754,9.239999771118164,9.529999732971191,9.529999732971191,0.0,0.008349422551444306,0.0044202888705750015,0.008384376193099286,155.4779998779297,155.3455001831055,152.72660003662108,142.99589981079103,155.9186392800147,154.75048689402155,1.168152385993153,0.9531387195887525,70.0108896954381,92.53879201896649,87.53778154527855,3.8831722972105425,-1.9374776860331067,1.418165862107659,152.35140004882413,158.33960031738684,3.854762617201287,0.11107030318055082,0.011290799134014562,-0.0007054598840241538,0.0077273194880860575,-0.011589100701525457,-0.0007795146144868495,0.0,1.0,-0.5000000000000004,0.8660254037844384
2017-12-19,158.33999633789062,158.5,157.25999450683594,157.6999969482422,149.47335815429688,31415000.0,-0.0059431739982859,93.70999908447266,93.76000213623048,93.43000030517578,93.47000122070312,93.47000122070312,0.0,2.4089999198913574,2.4719998836517334,2.407000064849853,2.463000059127808,2.463000059127808,0.0,9.399999618530272,10.149999618530272,9.18000030517578,10.029999732971191,10.029999732971191,0.0,-0.0059431739982859924,0.007831284083889613,-0.005925548274566594,155.96699981689454,155.45550003051758,152.9285998535156,143.12794982910157,156.19269430589586,154.9689691202601,1.2237251856357432,1.0072560127981507,63.95293756858351,93.05482112584656,91.24622050417162,3.2000520043025373,-15.946441931383271,1.4154400778722904,152.28126809981464,158.62973196122053,4.083782085651275,0.10864126288773646,0.008349422551444306,0.011290799134014562,-0.0013477808289090736,0.0006548583652717331,0.010797605330396014,0.7818314824680298,0.6234898018587336,-0.5000000000000004,0.8660254037844384
2017-12-20,158.25,158.27999877929688,156.91000366210938,157.52999877929688,149.312255859375,38972600.0,-0.0010783806380097,93.5,93.54000091552734,93.16000366210938,93.3499984741211,93.3499984741211,0.0,2.4830000400543213,2.496999979019165,2.4719998836517334,2.496999979019165,2.496999979019165,0.0,9.6899995803833,9.850000381469728,8.899999618530273,9.720000267028809,9.720000267028809,0.0,-0.001078380638009756,0.008657157138625592,-0.0010777993945622066,156.3699996948242,155.54749984741213,153.11839996337892,143.25509979248045,156.39843345564987,155.1586750209295,1.2397584347203576,1.0537564971825921,62.89304269491781,87.87871207762645,91.15744174081317,2.625406370877443,-18.479944149704263,1.4121940092519483,152.240757802699,158.85424189212526,4.2517456699168505,0.10883142972769537,-0.0059431739982859924,0.008349422551444306,0.0019249194426578676,0.004505201295972236,0.001221259689348248,0.9749279121818236,-0.22252093395631434,-0.5000000000000004,0.8660254037844384
2017-12-21,157.75,158.25,157.3699951171875,157.5500030517578,149.33114624023438,18638700.0,0.0001265079405858,93.30999755859376,93.5,93.23999786376952,93.27999877929688,93.27999877929688,0.0,2.486000061035156,2.499000072479248,2.4790000915527344,2.4809999465942383,2.4809999465942383,0.0,9.59000015258789,9.859999656677246,9.199999809265137,9.619999885559082,9.619999885559082,0.0,0.00012650794058582563,0.00557847786251981,0.00012651594305279623,156.7229995727539,155.6404998779297,153.31399993896486,143.38279983520505,156.57559800889723,155.33581043062048,1.2397875782767471,1.0909627134014233,62.9708122617895,82.46393191236476,87.79915503861258,2.291909285401861,-18.181818181818176,1.3741805002205592,152.2144138497477,159.0665859061117,4.402563639758431,0.10882168836304162,-0.001078380638009756,-0.0059431739982859924,-0.0007054598840241538,0.003381839834348558,0.0,0.43388373911755823,-0.900968867902419,-0.5000000000000004,0.8660254037844384
2017-12-22,157.30999755859375,157.42999267578125,156.9499969482422,157.3699951171875,149.1605224609375,23330400.0,-0.0011432399344547,93.37000274658205,93.55999755859376,93.30999755859376,93.3499984741211,93.3499984741211,0.0,2.484999895095825,2.492000102996826,2.4809999465942383,2.484999895095825,2.484999895095825,0.0,9.369999885559082,10.18000030517578,9.350000381469728,9.899999618530272,9.899999618530272,0.0,-0.001143239934454792,0.003051272868784306,-0.0011425866846450639,156.98999938964843,155.69599990844728,153.49459991455078,143.51119979858396,156.6978129486342,155.4864907777736,1.2113221708605977,1.1150346048932582,61.71733892865247,80.82458019421773,83.72240806140297,1.7259199881164904,-20.86449708582435,1.3188823290273497,152.19257042731502,159.19942938957954,4.500346165851856,0.10842507504145768,0.00012650794058582563,-0.001078380638009756,0.011290799134014562,0.004405130946163942,0.003654029717718877,-0.433883739117558,-0.9009688679024191,-0.5000000000000004,0.8660254037844384
2017-12-25,157.30999755859375,157.42999267578125,156.9499969482422,157.3699951171875,149.1605224609375,23330400.0,0.0,93.37000274658205,93.55999755859376,93.30999755859376,93.3499984741211,93.3499984741211,0.0,2.484999895095825,2.492000102996826,2.4809999465942383,2.484999895095825,2.484999895095825,0.0,9.369999885559082,10.18000030517578,9.350000381469728,9.899999618530272,9.899999618530272,0.0,0.0,0.003051272868784306,0.0,157.13699951171878,155.75499954223633,153.66499969482422,143.63899978637693,156.80122558995012,155.6260096177302,1.1752159722199167,1.12707087835859,61.71733892865248,80.02972921551103,81.10608044069784,0.9429129430750249,-20.86449708582435,1.258961857492472,152.1775794652421,159.33241961923056,4.59365039646658,0.10838702945506126,-0.001143239934454792,0.00012650794058582563,0.008349422551444306,0.0077273194880860575,-0.00044826479372566205,0.0,1.0,-0.5000000000000004,0.8660254037844384
2017-12-26,156.49000549316406,156.72000122070312,155.9499969482422,156.52000427246094,148.3549346923828,21918700.0,-0.0054154479572675,93.25,93.4000015258789,93.1999969482422,93.26000213623048,93.26000213623048,0.0,2.48799991607666,2.490000009536743,2.4590001106262207,2.4670000076293945,2.4670000076293945,0.0,10.1899995803833,10.460000038146973,10.130000114440918,10.25,10.25,0.0,-0.005415447957267551,0.004920469329874063,-0.005400810853056992,157.21999969482425,155.75149993896486,153.81459991455077,143.77254981994625,156.75796077187488,155.69223144400655,1.0657293278683255,1.1148025682605374,55.65082276416873,72.30357675756534,77.71929538909802,0.5331118363666657,-41.36027555565529,1.2704644511676748,152.17738374851,159.3256161294197,4.589511101794143,0.11004295404788159,0.0,-0.001143239934454792,-0.0059431739982859924,-0.0013477808289090736,0.0025581190396526212,0.7818314824680298,0.6234898018587336,-0.5000000000000004,0.8660254037844384
2017-12-27,156.52999877929688,156.9600067138672,156.38999938964844,156.5399932861328,148.37388610839844,22388200.0,0.0001277355936659,93.3000030517578,93.30999755859376,92.95999908447266,93.02999877929688,93.02999877929688,0.0,2.4670000076293945,2.4670000076293945,2.4110000133514404,2.4140000343322754,2.4140000343322754,0.0,10.039999961853027,10.789999961853027,9.710000038146973,10.470000267028809,10.470000267028809,0.0,0.00012773559366593734,0.003641521297284651,0.00012774375220425682,157.2749984741211,155.8854995727539,153.96819976806643,143.9017997741699,156.72442731252994,155.7550286174974,0.9693986950325382,1.0857217936149375,55.76095127003033,62.011601311911605,71.44830242832933,0.35257886633823604,-51.74042342278553,1.2204317992427516,152.41039139299403,159.36060775251377,4.45853936290975,0.08809199603964402,-0.005415447957267551,0.0,-0.001078380638009756,0.0019249194426578676,-0.017587918206096252,0.9749279121818236,-0.22252093395631434,-0.5000000000000004,0.8660254037844384
2017-12-28,157.0399932861328,157.07000732421875,156.5399932861328,156.72999572753906,148.55398559570312,25393800.0,0.001213085914481,93.0,93.0199966430664,92.56999969482422,92.5999984741211,92.5999984741211,0.0,2.431999921798706,2.440999984741211,2.4200000762939453,2.431999921798706,2.431999921798706,0.0,10.289999961853027,10.4399995803833,10.06999969482422,10.18000030517578,10.18000030517578,0.0,0.0012130859144810276,0.0033750258580324305,0.001213822000814213,157.35999755859376,155.96449966430663,154.13659973144533,144.03364974975585,156.72528399176213,155.8272484034264,0.8980355883357163,1.0481845525590934,56.8576084728849,52.00879795594337,62.10799200847343,0.5452853593156921,-50.872907153729074,1.171116244874408,152.48795646417759,159.44104286443567,4.458121184771986,0.08369349562278428,0.00012773559366593734,-0.005415447957267551,0.00012650794058582563,-0.0007054598840241538,0.008349190331318538,0.43388373911755823,-0.900968867902419,-0.5000000000000004,0.8660254037844384
2017-12-29,156.8699951171875,156.89999389648438,155.6999969482422,155.75999450683594,147.634521484375,33186000.0,-0.0062086613283928,92.66999816894533,92.66999816894533,92.08000183105467,92.12000274658205,92.12000274658205,0.0,2.434000015258789,2.441999912261963,2.4049999713897705,2.4049999713897705,2.4049999713897705,0.0,10.029999732971191,11.0600004196167,9.949999809265137,11.039999961853027,11.039999961853027,0.0,-0.006208661328392886,0.007649626987912805,-0.006189427416848248,157.1709976196289,156.02799911499022,154.2775994873047,144.15929969787598,156.5767779171581,155.8222666333086,0.7545112838494958,0.9894498988171739,50.037953020623505,36.37222770536946,50.13087565774147,-1.198857889515329,-88.26998630737701,1.1731791522578208,152.61911843281584,159.4368797971646,4.369575590932358,0.08546288436173531,0.0012130859144810276,0.00012773559366593734,-0.001143239934454792,0.011290799134014562,-0.004262624488275885,-0.433883739117558,-0.9009688679024191,-0.5000000000000004,0.8660254037844384
2018-01-01,156.8699951171875,156.89999389648438,155.6999969482422,155.75999450683594,147.634521484375,33186000.0,0.0,92.66999816894533,92.66999816894533,92.08000183105467,92.12000274658205,92.12000274658205,0.0,2.434000015258789,2.441999912261963,2.4049999713897705,2.4049999713897705,2.4049999713897705,0.0,10.029999732971191,11.0600004196167,9.949999809265137,11.039999961853027,11.039999961853027,0.0,0.0,0.007649626987912805,0.0,156.88299713134765,156.18049850463868,154.43799926757814,144.28389968872074,156.4511189309547,155.8176538831995,0.6334650477551804,0.9182529286047754,50.03795302062351,20.937139915305302,36.43938852553937,-1.8154342498065,-98.04568679297799,1.175094709113847,153.14405833581904,159.21693867345832,3.888373001613199,0.07263301914563218,-0.006208661328392886,0.0012130859144810276,0.0,0.008349422551444306,-0.011589100701525457,0.0,1.0,0.0,1.0
2018-01-02,156.55999755859375,158.52999877929688,156.1699981689453,158.49000549316406,150.22215270996094,32573300.0,0.0173754463220913,92.23999786376952,92.25,91.75,91.8499984741211,91.8499984741211,0.0,2.433000087738037,2.4800000190734863,2.424999952316284,2.4649999141693115,2.4649999141693115,0.0,10.949999809265137,11.06999969482422,9.520000457763672,9.770000457763672,9.770000457763672,0.0,0.017375446322091384,0.015074097133070756,0.017527277492884963,156.96199798583984,156.4644989013672,154.64799926757811,144.4181497192383,156.7647937866792,156.01560585430798,0.7491879323712283,0.884439929358066,64.09491068750945,34.854622416119895,30.721330012264886,0.5009566012744814,-9.120459651285318,1.2890168207814963,153.70557944601512,159.22341835671926,3.5265756446019765,0.09275669214765737,0.0,-0.006208661328392886,-0.005415447957267551,-0.0059431739982859924,0.0006548583652717331,0.7818314824680298,0.6234898018587336,0.0,1.0
2018-01-03,158.63999938964844,160.1699981689453,158.61000061035156,160.02999877929688,151.6818084716797,29383600.0,0.0096697448395271,91.81999969482422,92.26000213623048,91.80999755859376,92.16000366210938,92.16000366210938,0.0,2.450999975204468,2.4649999141693115,2.440000057220459,2.447000026702881,2.447000026702881,0.0,9.5600004196167,9.649999618530272,8.9399995803833,9.149999618530272,9.149999618530272,0.0,0.00966974483952715,0.009833570124783692,0.009716647880402496,157.21199798583984,156.79099884033207,154.89999938964843,144.5570497131348,157.2671330163127,156.31296829319606,0.9541647231166337,0.8983848881097797,69.33597397967723,63.23395900466165,39.67524044536228,1.5869993140179968,-3.1319765417517242,1.3169436675671928,153.96451636556634,159.6174813150978,3.605414208304229,0.09639902274706828,0.017375446322091384,0.0,0.00012773559366593734,-0.001078380638009756,0.004505201295972236,0.9749279121818236,-0.22252093395631434,0.0,1.0
2018-01-04,160.5800018310547,160.7899932861328,160.0800018310547,160.30999755859375,151.94720458984375,24776100.0,0.0017481609091111,92.22000122070312,92.26000213623048,91.8000030517578,91.8499984741211,91.8499984741211,0.0,2.4730000495910645,2.486999988555908,2.4489998817443848,2.453000068664551,2.453000068664551,0.0,9.010000228881836,9.3100004196167,8.920000076293945,9.220000267028809,9.220000267028809,0.0,0.0017481609091111912,0.0044214189001262,0.0017496898331985644,157.48799743652344,157.10549850463872,155.16699920654295,144.69624969482427,157.73526602281746,156.60904453507737,1.1262214877400822,0.9439522080358402,70.18804509359978,92.77246185259928,63.6203477577936,1.7518212969689586,-9.430178249165111,1.2771615846578175,154.17922890477266,160.03176810450478,3.7252287510225606,0.09630494328822312,0.00966974483952715,0.017375446322091384,0.0012130859144810276,0.00012650794058582563,0.003381839834348558,0.43388373911755823,-0.900968867902419,0.0,1.0
2018-01-05,161.07000732421875,162.02999877929688,160.77000427246094,161.9199981689453,153.4732208251953,26992300.0,0.0099929723573078,91.87000274658205,92.0999984741211,91.77999877929688,91.9499969482422,91.9499969482422,0.0,2.4649999141693115,2.4800000190734863,2.436000108718872,2.4760000705718994,2.4760000705718994,0.0,9.100000381469728,9.539999961853027,9.0,9.220000267028809,9.220000267028809,0.0,0.009992972357307872,0.00782265132887023,0.010043068837434665,157.94299774169923,157.46649856567385,155.3805990600586,144.84394966125495,158.3790709683756,157.00244850795647,1.376622460419128,1.0304862585124979,74.56466400640275,95.23335978516505,83.74659354747533,2.89127736730855,-1.7377658535879803,1.3087929872324824,154.04948066571114,160.88351646563655,4.339993498410814,0.10004439597991904,0.0017481609091111912,0.00966974483952715,-0.006208661328392886,-0.001143239934454792,0.004405130946163942,-0.433883739117558,-0.9009688679024191,0.0,1.0
2018-01-08,161.9199981689453,162.6300048828125,161.86000061035156,162.5500030517578,154.0703582763672,23159100.0,0.0038832753609116,92.05999755859376,92.4000015258789,91.87999725341795,92.33000183105467,92.33000183105467,0.0,2.470999956130981,2.489000082015991,2.461999893188477,2.4800000190734863,2.4800000190734863,0.0,9.609999656677246,9.890000343322754,9.31999969482422,9.520000457763672,9.520000457763672,0.0,0.003883275360911643,0.00475546122263122,0.0038908250440121694,158.46099853515625,157.79899902343752,155.5999990844726,144.99519966125496,159.02075282735748,157.41337847416398,1.6073743531935065,1.1458638774486998,76.04656322449816,95.89254321415721,94.63278828397384,3.2916109139566,-1.1544262547752426,1.270308079034515,153.7822445413543,161.81575350552075,5.090975870495389,0.09823614470938545,0.009992972357307872,0.0017481609091111912,0.0,0.0,0.0077273194880860575,0.0,1.0,0.0,1.0
2018-01-09,162.8699951171875,163.0399932861328,162.07000732421875,162.55999755859375,154.07981872558594,24782400.0,6.140154981425537e-05,92.33999633789062,92.63999938964844,92.20999908447266,92.52999877929688,92.52999877929688,0.0,2.490999937057495,2.5460000038146973,2.489000082015991,2.5460000038146973,2.5460000038146973,0.0,9.40999984741211,10.09000015258789,9.369999885559082,10.079999923706056,10.079999923706056,0.0,6.140154981425537e-05,0.005955584152969013,6.140343492799794e-05,159.06499786376952,158.14249877929686,155.80819915771482,145.14544967651375,159.56525201677846,157.7946095174551,1.7706424993233725,1.2708196018236344,76.07038198148042,96.8561177666898,95.99400692200402,3.8589273711101764,-6.539454591567329,1.248856499240197,153.72966098778147,162.55533657081224,5.580837315178544,0.09768830748678907,0.003883275360911643,0.009992972357307872,0.017375446322091384,-0.005415447957267551,-0.0013477808289090736,0.7818314824680298,0.6234898018587336,0.0,1.0
2018-01-10,161.83999633789062,162.2100067138672,161.1199951171875,162.17999267578125,153.7196502685547,34004000.0,-0.0023402809796428,92.56999969482422,92.58000183105467,91.91999816894533,92.33000183105467,92.33000183105467,0.0,2.5840001106262207,2.595000028610229,2.549999952316284,2.549999952316284,2.549999952316284,0.0,10.109999656677246,10.850000381469728,9.81999969482422,9.81999969482422,9.81999969482422,0.0,-0.0023402809796428635,0.006735118767575563,-0.0023375446571151093,159.6289978027344,158.45199813842774,156.00979888916018,145.29649963378913,159.96751981047117,158.11945271436815,1.8480670961030228,1.3862691006795123,73.09428438298255,93.52982791303764,95.42616296462822,3.602912758108608,-11.716635414544507,1.2625097808234864,153.8123580643923,163.09163821246318,5.8562089825868044,0.09904809828249476,6.140154981425537e-05,0.003883275360911643,0.00966974483952715,0.00012773559366593734,0.0019249194426578676,0.9749279121818236,-0.22252093395631434,0.0,1.0
2018-01-11,162.4600067138672,163.3000030517578,162.2100067138672,163.2899932861328,154.77175903320312,20473500.0,0.0068210187522155,92.33000183105467,92.5500030517578,91.79000091552734,91.8499984741211,91.8499984741211,0.0,2.563999891281128,2.569999933242798,2.526000022888184,2.5309998989105225,2.5309998989105225,0.0,9.6899995803833,10.020000457763672,9.619999885559082,9.880000114440918,9.880000114440918,0.0,0.006821018752215514,0.0067093210196056555,0.006844334883733927,160.28499755859377,158.82249755859377,156.23939880371097,145.45274963378913,160.47866957595755,158.50245571968406,1.976213856273489,1.5042580517983075,76.04269676391249,93.87073421907579,94.75222663293441,4.1855405713133,-0.13170733666081347,1.252331251905849,153.8744434718739,163.77055164531365,6.230923405412904,0.09987053212112457,-0.0023402809796428635,6.140154981425537e-05,0.0017481609091111912,0.0012130859144810276,-0.0007054598840241538,0.43388373911755823,-0.900968867902419,0.0,1.0
2018-01-12,163.14999389648438,164.66000366210938,162.94000244140625,164.49000549316406,155.9091339111328,37762700.0,0.0073218532902002,91.8499984741211,91.87999725341795,90.9000015258789,90.97000122070312,90.97000122070312,0.0,2.5480000972747803,2.594000101089477,2.5460000038146973,2.552000045776367,2.552000045776367,0.0,9.739999771118164,10.3100004196167,9.539999961853027,10.15999984741211,10.15999984741211,0.0,0.007321853290200228,0.0105424534786954,0.007348723598119111,161.15799865722659,159.16449813842775,156.463798828125,145.61534965515142,161.0957981786047,158.94597792512704,2.1498202534776567,1.6333704921341774,78.75339045587114,95.41811922592584,94.27289378601307,5.60478383038527,-1.8972995710171747,1.285736249677083,153.64511640659788,164.6838798702576,6.935443263270404,0.0961215912638138,0.006821018752215514,-0.0023402809796428635,0.009992972357307872,-0.006208661328392886,0.011290799134014562,-0.433883739117558,-0.9009688679024191,0.0,1.0
2018-01-15,163.14999389648438,164.66000366210938,162.94000244140625,164.49000549316406,155.9091339111328,37762700.0,0.0,91.8499984741211,91.87999725341795,90.9000015258789,90.97000122070312,90.97000122070312,0.0,2.5480000972747803,2.594000101089477,2.5460000038146973,2.552000045776367,2.552000045776367,0.0,9.739999771118164,10.3100004196167,9.539999961853027,10.15999984741211,10.15999984741211,0.0,0.0,0.0105424534786954,0.0,162.03099975585937,159.4569984436035,156.6777990722656,145.77769966125496,161.61798391930614,159.35664663387053,2.2613372854356157,1.7589638507944652,78.75339045587114,98.69123117376827,95.99336153958996,5.60478383038527,-1.8972995710171747,1.3167551761789433,153.45565156126568,165.45834532594134,7.527229210275614,0.09360549741006567,0.007321853290200228,0.006821018752215514,0.003883275360911643,0.0,0.008349422551444306,0.0,1.0,0.0,1.0
2018-01-16,165.5800018310547,166.4199981689453,163.52999877929688,164.02000427246094,155.46368408203125,41231800.0,-0.0028612011534022,90.44000244140624,90.83000183105467,90.33999633789062,90.38999938964844,90.38999938964844,0.0,2.5390000343322754,2.562999963760376,2.526000022888184,2.5439999103546143,2.5439999103546143,0.0,10.420000076293944,12.40999984741211,10.399999618530272,11.65999984741211,11.65999984741211,0.0,-0.00286120115340224,0.017453794888812567,-0.002857111818448499,162.58399963378906,159.77299880981445,156.88059906005861,145.940549697876,161.98752551209918,159.70208053302537,2.285444979073816,1.8642600764503354,74.9036775352331,91.27246688053657,95.12727242674354,3.4891782368796704,-22.38800021635594,1.4291297628553359,153.50170037595902,166.0442972436699,7.850260658023282,0.09081725394878525,0.0,0.007321853290200228,6.140154981425537e-05,0.017375446322091384,-0.0059431739982859924,0.7818314824680298,0.6234898018587336,0.0,1.0
2018-01-17,164.8000030517578,166.0399932861328,164.0,165.7899932861328,157.141357421875,33849900.0,0.0107336045435545,90.4000015258789,90.81999969482422,90.33999633789062,90.54000091552734,90.54000091552734,0.0,2.561000108718872,2.5810000896453857,2.54099988937378,2.578000068664551,2.578000068664551,0.0,11.350000381469728,12.8100004196167,11.18000030517578,11.90999984741211,11.90999984741211,0.0,0.010733604543554565,0.012378599807987401,0.010791416334624548,163.15999908447267,160.18599853515624,157.10639892578126,146.11489967346193,162.57252055425818,160.15303703325557,2.419483521002604,1.9753047653607894,79.05587161040566,89.94592988719133,93.30320931383204,3.599321721410342,-5.876910551052883,1.47276287166087,153.46485480182815,166.90714226848434,8.391674421972645,0.09514346927279334,-0.00286120115340224,0.0,-0.0023402809796428635,0.00966974483952715,-0.001078380638009756,0.9749279121818236,-0.22252093395631434,0.0,1.0
2018-01-18,165.52999877929688,166.1999969482422,165.13999938964844,165.82000732421875,157.16978454589844,26432200.0,0.0001808852458935,90.77999877929688,91.0,90.11000061035156,90.5,90.5,0.0,2.61299991607666,2.619999885559082,2.5980000495910645,2.611000061035156,2.611000061035156,0.0,12.010000228881836,12.399999618530272,11.619999885559082,12.220000267028809,12.220000267028809,0.0,0.00018088524589355456,0.006403658348400385,0.00018090160661610177,163.71100006103518,160.5994987487793,157.34899902343747,146.29199974060063,163.07213390348286,160.57281261036397,2.4993212931188964,2.0801080709124107,79.11896127219056,88.71272011607306,89.97703896126698,3.437096780948472,-5.596928884371987,1.4432796350132187,153.55155232950338,167.6474451680552,8.777046596267148,0.09512525239036985,0.010733604543554565,-0.00286120115340224,0.006821018752215514,0.0017481609091111912,0.00012650794058582563,0.43388373911755823,-0.900968867902419,0.0,1.0
2018-01-19,166.30999755859375,166.61000061035156,165.5399932861328,166.33999633789062,157.6626434326172,38937600.0,0.0031309309050324,90.5,90.9800033569336,90.41000366210938,90.56999969482422,90.56999969482422,0.0,2.625999927520752,2.6459999084472656,2.61299991607666,2.63700008392334,2.63700008392334,0.0,12.300000190734863,12.329999923706056,11.18000030517578,11.270000457763672,11.270000457763672,0.0,0.003130930905032481,0.006433812398089711,0.003135837388482443,164.15299987792972,161.04799880981446,157.60219909667967,146.4716997528076,163.57488197031483,161.00001140499558,2.5748705653192587,2.1790605697937804,80.2300673411934,95.31330444962165,91.32398481762868,2.7297419830338323,-2.5862472157101135,1.416617327099328,153.72895473602517,168.36704288360374,9.089270438476575,0.09412415203438186,0.00018088524589355456,0.010733604543554565,0.007321853290200228,0.009992972357307872,-0.001143239934454792,-0.433883739117558,-0.9009688679024191,0.0,1.0
2018-01-22,166.27999877929688,168.1199951171875,166.08999633789062,168.1199951171875,159.3497772216797,26081400.0,0.0106440606607561,90.66999816894533,90.6999969482422,90.16000366210938,90.4000015258789,90.4000015258789,0.0,2.657999992370605,2.664999961853028,2.631999969482422,2.664999961853028,2.664999961853028,0.0,11.59000015258789,11.619999885559082,10.84000015258789,11.029999732971191,11.029999732971191,0.0,0.010644060660756188,0.012208316058453239,0.010700910198702562,164.70999908447266,161.58549880981448,157.8871990966797,146.65489974975586,164.27413014675676,161.52741760589868,2.746712540858084,2.2925909640066413,83.47218694830083,97.27227463330595,93.76609973300022,3.426633011908426,0.0,1.4604302879705815,153.8373958183468,169.33360180128216,9.59009694376989,0.09748997579772335,0.003130930905032481,0.00018088524589355456,0.0,0.003883275360911643,0.0,0.0,1.0,0.0,1.0
2018-01-23,168.63999938964844,169.66000366210938,168.55999755859375,169.50999450683594,160.6672821044922,37989700.0,0.008234013082727,90.38999938964844,90.6999969482422,90.08999633789062,90.12000274658205,90.12000274658205,0.0,2.628000020980835,2.638999938964844,2.611000061035156,2.624000072479248,2.624000072479248,0.0,10.770000457763672,11.56999969482422,10.760000228881836,11.100000381469728,11.100000381469728,0.0,0.008234013082727008,0.006522806614663367,0.008268005803231615,165.40499877929685,162.2349983215332,158.21119903564457,146.84604972839355,165.0796477406151,162.1187195985607,2.9609281420543994,2.426258399616193,85.47532084003115,98.61596517095767,97.06718141796175,4.275342675086534,-1.5658572714168484,1.4661144491813882,154.10631448076487,170.36368216230153,10.020875797290188,0.09324563979976418,0.010644060660756188,0.003130930905032481,-0.00286120115340224,6.140154981425537e-05,-0.005415447957267551,0.7818314824680298,0.6234898018587336,0.0,1.0
2018-01-24,169.8699951171875,170.24000549316406,167.44000244140625,168.41000366210938,159.6246795654297,54287400.0,-0.006510348971308,90.0,90.58999633789062,89.20999908447266,89.20999908447266,89.20999908447266,0.0,2.6519999504089355,2.6630001068115234,2.634000062942505,2.6540000438690186,2.6540000438690186,0.0,11.0,12.1899995803833,10.890000343322754,11.470000267028809,11.470000267028809,0.0,-0.0065103489713080305,0.01648321146901892,-0.00648920256449248,166.0279998779297,162.82849884033203,158.5275991821289,147.03064971923826,165.59201019007574,162.58474064030503,3.0072695497707116,2.542460629647097,77.47319798223218,93.03664808600222,96.30829596342193,3.8414177257873736,-19.32419847057648,1.5613922065082757,154.71728008634147,170.9397175943226,9.962898155739106,0.09964641001567014,0.008234013082727008,0.010644060660756188,0.010733604543554565,-0.0023402809796428635,0.00012773559366593734,0.9749279121818236,-0.22252093395631434,0.0,1.0
2018-01-25,169.57000732421875,169.6300048828125,167.80999755859375,168.35000610351562,159.56777954101562,28925000.0,-0.000356524870143,89.31999969482422,90.11000061035156,89.16000366210938,89.38999938964844,89.38999938964844,0.0,2.63700008392334,2.6760001182556152,2.61899995803833,2.621000051498413,2.621000051498413,0.0,11.270000457763672,12.010000228881836,11.199999809265137,11.579999923706056,11.579999923706056,0.0,-0.00035652487014304826,0.010733073336128874,-0.00035646132270383823,166.53400115966798,163.40949935913088,158.80379943847655,147.20944976806638,166.01631725368188,163.0117973412836,3.0045199123982798,2.6348724861973336,77.04949311529435,86.12876343919315,92.593792232051,3.098789286197201,-20.723653940427212,1.5798647149161669,155.47482593514218,171.34417278311957,9.711397997187891,0.10031001937573165,-0.0065103489713080305,0.008234013082727008,0.00018088524589355456,0.006821018752215514,0.0012130859144810276,0.43388373911755823,-0.900968867902419,0.0,1.0
2018-01-26,169.2899932861328,170.9499969482422,168.9600067138672,170.92999267578125,162.01319885253906,32038200.0,0.0152090242523266,89.4000015258789,89.58000183105469,88.44000244140625,89.06999969482422,89.06999969482422,0.0,2.635999917984009,2.6730000972747803,2.630000114440918,2.6619999408721924,2.6619999408721924,0.0,11.399999618530272,11.600000381469728,11.079999923706056,11.079999923706056,11.079999923706056,0.0,0.015209024252326623,0.01175491944766949,0.015325270042344963,167.1779998779297,164.16799926757815,159.14339935302735,147.40129974365234,166.77226731862027,163.59833032902418,3.1739369895960863,2.7426853868770844,81.68747246308406,86.58288178794044,88.58276443771193,3.9151236960015927,-0.2035022251749785,1.6527308670454808,156.41399311579974,171.92200541935657,9.446428276365996,0.10140485881908991,-0.00035652487014304826,-0.0065103489713080305,0.003130930905032481,0.007321853290200228,-0.006208661328392886,-0.433883739117558,-0.9009688679024191,0.0,1.0
2018-01-29,170.57000732421875,170.91000366210938,169.74000549316406,170.10000610351562,161.22650146484375,37277800.0,-0.004867588605101,89.0199966430664,89.62000274658203,89.01000213623047,89.30999755859375,89.30999755859375,0.0,2.720000028610229,2.7249999046325684,2.694000005722046,2.6989998817443848,2.6989998817443848,0.0,11.710000038146973,13.84000015258789,11.68000030517578,13.84000015258789,13.84000015258789,0.0,-0.00486758860510103,0.006859342901483172,-0.004855761093954691,167.73899993896487,164.88499984741213,159.46879943847657,147.58099975585938,167.2842271316811,164.07993594194946,3.2042911897316344,2.8350065474479944,76.34254901722774,90.14197986613866,87.61787503109075,3.410541931427381,-8.646904235981868,1.619677746729174,157.7797124377812,171.99028725704306,8.618476412295003,0.10574254904199268,0.015209024252326623,-0.00035652487014304826,0.010644060660756188,0.0,0.0,0.0,1.0,0.0,1.0
2018-01-30,168.5500030517578,169.4199981689453,167.82000732421875,168.6999969482422,159.8995361328125,44987700.0,-0.0082644988541492,89.37000274658203,89.63999938964844,88.91000366210938,89.19000244140625,89.19000244140625,0.0,2.7109999656677246,2.7330000400543213,2.700999975204468,2.7260000705718994,2.7260000705718994,0.0,13.93000030517578,15.420000076293944,13.880000114440918,14.789999961853027,14.789999961853027,0.0,-0.008264498854149269,0.009492677637242417,-0.008230441769652819,168.206999206543,165.39549942016603,159.73279937744144,147.74884971618653,167.50203787269047,164.42216268315633,3.0798751895341354,2.883980275865223,68.23252790057208,88.46861922676655,88.39782696028188,2.853306032114903,-25.743735858543538,1.6668435347697241,158.77415717451387,172.0168416658182,8.00667765309803,0.10316091798308742,-0.00486758860510103,0.015209024252326623,0.008234013082727008,-0.00286120115340224,0.017375446322091384,0.7818314824680298,0.6234898018587336,0.0,1.0
2018-01-31,169.64999389648438,169.99000549316406,168.33999633789062,169.39999389648438,160.56300354003906,42449200.0,0.0041406921124133,89.0999984741211,89.30000305175781,88.77999877929688,89.12999725341797,89.12999725341797,0.0,2.713000059127808,2.753999948501587,2.697999954223633,2.720000028610229,2.720000028610229,0.0,14.229999542236328,14.4399995803833,13.40999984741211,13.539999961853027,13.539999961853027,0.0,0.004140692112413335,0.009725960593197702,0.004149276622513076,168.56799926757813,165.8639991760254,160.00699920654301,147.9211496734619,167.7940311071203,164.79089092118062,3.003140185939685,2.9078122578801153,69.95134745043273,82.08616568329612,86.8989215920671,2.1774538612358545,-19.350862855586225,1.665641079091418,159.52103190019577,172.20696645185504,7.64839544125314,0.10033426675861332,-0.008264498854149269,-0.00486758860510103,-0.0065103489713080305,0.010733604543554565,0.00966974483952715,0.9749279121818236,-0.22252093395631434,0.0,1.0
2018-02-01,168.10000610351562,169.72999572753906,167.4199981689453,167.9600067138672,159.19810485839844,38037900.0,-0.0085370417814388,89.04000091552734,89.33000183105469,88.55999755859375,88.66999816894531,88.66999816894531,0.0,2.743000030517578,2.776000022888184,2.7219998836517334,2.7730000019073486,2.7730000019073486,0.0,13.050000190734863,14.300000190734863,12.5,13.470000267028809,13.470000267028809,0.0,-0.008537041781438858,0.01374180532254864,-0.008500704717449237,168.78199920654296,166.24649963378906,160.2523992919922,148.08219970703124,167.8195658158506,165.0256402391574,2.793925576693198,2.885034921642732,62.46405241440605,72.52571934299444,81.02683475101902,1.290555599520759,-37.32824325688694,1.711666541913013,160.41143245834684,172.08156680923128,7.019777484994651,0.10816251583374177,0.004140692112413335,-0.008264498854149269,-0.00035652487014304826,0.00018088524589355456,0.0017481609091111912,0.43388373911755823,-0.900968867902419,0.49999999999999994,0.8660254037844387
2018-02-02,167.3000030517578,167.6999969482422,164.47000122070312,164.61000061035156,156.02293395996094,68478100.0,-0.0201463601755376,88.63999938964844,89.43000030517578,88.58999633789062,89.19999694824219,89.19999694824219,0.0,2.7860000133514404,2.8540000915527344,2.7860000133514404,2.8540000915527344,2.8540000915527344,0.0,13.640000343322754,17.860000610351562,13.640000343322754,17.309999465942383,17.309999465942383,0.0,-0.020146360175537687,0.019306608897907758,-0.019944778245078454,168.60899963378907,166.3809997558594,160.41939941406247,148.22529968261716,167.32578655346614,164.99485211850512,2.330934434961023,2.7742148243063904,49.25549938735324,52.62539274045101,69.07909258891385,-1.040035929798194,-85.4447156661738,1.8386907527166596,160.84973453568048,171.9122649760383,6.648914513430331,0.13045659957563607,-0.008537041781438858,0.004140692112413335,0.015209024252326623,0.003130930905032481,0.009992972357307872,-0.433883739117558,-0.9009688679024191,0.49999999999999994,0.8660254037844387
2018-02-05,163.07000732421875,165.75,158.0,158.1199951171875,149.8714141845703,105372200.0,-0.0402253213206488,89.19000244140625,89.66999816894531,89.0199966430664,89.55000305175781,89.55000305175781,0.0,2.8340001106262207,2.861999988555908,2.7939999103546143,2.7939999103546143,2.7939999103546143,0.0,18.440000534057617,38.79999923706055,16.799999237060547,37.31999969482422,37.31999969482422,0.0,-0.04022532132064887,0.04752560036740116,-0.039427022805309186,167.60899963378904,166.15949935913088,160.45799926757812,148.32989967346188,165.90951094788483,164.48560345174084,1.4239074961439826,2.5041533586739093,34.17736008023883,26.051214838941636,50.4007756407957,-5.948132459217318,-99.07339656011435,2.2609271275226126,159.70460053691244,172.61439818134932,7.769521269761489,0.19481641178443396,-0.020146360175537687,-0.008537041781438858,-0.00486758860510103,0.010644060660756188,0.003883275360911643,0.0,1.0,0.49999999999999994,0.8660254037844387
2018-02-06,155.80999755859375,162.50999450683594,155.10000610351562,162.30999755859375,153.8428497314453,118537900.0,0.026153937416859,89.66000366210938,90.02999877929688,89.37000274658203,89.58999633789062,89.58999633789062,0.0,2.73799991607666,2.7869999408721924,2.736000061035156,2.7679998874664307,2.7679998874664307,0.0,37.31999969482422,50.29999923706055,22.420000076293945,29.979999542236328,29.979999542236328,0.0,0.026153937416859053,0.04755784942833158,0.0264989529089521,166.88899993896484,166.14699935913086,160.5723992919922,148.45429969787594,165.35573965722466,164.32444745965586,1.0312921975688027,2.209581126452888,45.72836623769168,20.323606376125138,33.00007131850593,-4.247535355770323,-54.51106864533644,2.62871721865102,159.66185373767797,172.63214498058375,7.806515491062325,0.218014949319209,-0.04022532132064887,-0.020146360175537687,-0.008264498854149269,0.008234013082727008,6.140154981425537e-05,0.7818314824680298,0.6234898018587336,0.49999999999999994,0.8660254037844387
2018-02-07,161.7899932861328,163.5500030517578,160.1999969482422,160.2100067138672,151.85244750976562,91028300.0,-0.013022315798649,89.62999725341797,90.4000015258789,89.47000122070312,90.26000213623048,90.26000213623048,0.0,2.7869999408721924,2.8510000705718994,2.7720000743865967,2.844000101089477,2.844000101089477,0.0,31.3799991607666,31.63999938964844,21.170000076293945,27.729999542236328,27.729999542236328,0.0,-0.013022315798649067,0.02070589185074623,-0.012937892304739629,166.06900024414065,166.04850006103518,160.69939941406253,148.57039970397946,164.56408843516965,164.01967407107892,0.5444143640907271,1.8765477739804561,41.77182432588035,26.218434967248626,24.197752060771798,-4.869067614709106,-67.76022989280334,2.680237853284206,159.25705051986014,172.83994960221023,8.180079360763484,0.22273207268403356,0.026153937416859053,-0.04022532132064887,0.004140692112413335,-0.0065103489713080305,-0.0023402809796428635,0.9749279121818236,-0.22252093395631434,0.49999999999999994,0.8660254037844387
2018-02-08,160.6199951171875,160.8000030517578,153.4499969482422,153.4499969482422,145.44503784179688,94184800.0,-0.0431110408501809,90.2699966430664,90.56999969482422,90.01000213623047,90.2300033569336,90.2300033569336,0.0,2.8570001125335693,2.884000062942505,2.808000087738037,2.8510000705718994,2.8510000705718994,0.0,27.290000915527344,36.16999816894531,24.40999984741211,33.459999084472656,33.459999084472656,0.0,-0.043111040850180915,0.04576021869601664,-0.042194971322781494,164.5789993286133,165.5565002441406,160.66539947509767,148.65244972229004,162.85422820641156,163.23673502494287,-0.3825068185313114,1.4247368554781026,32.133479748117615,25.909567153953407,24.15053616577572,-8.850613967968417,-100.0,3.013792728300736,156.78621989942332,174.3267805888579,10.59490908757319,0.26679606717371124,-0.013022315798649067,0.026153937416859053,-0.008537041781438858,-0.00035652487014304826,0.006821018752215514,0.43388373911755823,-0.900968867902419,0.49999999999999994,0.8660254037844387
2018-02-09,155.6199951171875,157.24000549316406,150.1300048828125,156.10000610351562,147.95681762695312,113836600.0,0.0171221899438141,90.25,90.55999755859376,90.12000274658205,90.44000244140624,90.44000244140624,0.0,2.8310000896453857,2.861999988555908,2.7880001068115234,2.8289999961853027,2.8289999961853027,0.0,32.18000030517578,41.060001373291016,27.729999542236328,29.059999465942383,29.059999465942383,0.0,0.017122189943814158,0.045688220238006526,0.017269614848520076,163.09600067138675,165.1370002746582,160.6975994873047,148.74524978637692,161.81511711365835,162.70808843817048,-0.892971324512132,0.9611952194800557,38.15755504057425,20.30471282774478,24.1442383163156,-8.67605874201085,-71.32563162396231,3.306379005590081,155.4023319167429,174.8716686325735,11.78980887593266,0.2740468145910451,-0.043111040850180915,-0.013022315798649067,-0.020146360175537687,0.015209024252326623,0.007321853290200228,-0.433883739117558,-0.9009688679024191,0.49999999999999994,0.8660254037844387
2018-02-12,157.6999969482422,159.9499969482422,156.4600067138672,158.8699951171875,150.58230590820312,63050600.0,0.0175893594145489,90.33000183105467,90.43000030517578,90.06999969482422,90.20999908447266,90.20999908447266,0.0,2.881999969482422,2.881999969482422,2.828000068664551,2.8570001125335693,2.8570001125335693,0.0,27.25,29.700000762939453,24.420000076293945,25.61000061035156,25.61000061035156,0.0,0.01758935941454894,0.02213056627718534,0.01774496318155272,161.9729995727539,164.85599975585936,160.8207992553711,148.8503997802734,161.36202142189362,162.4237852292088,-1.0617638073151738,0.5566034141210099,43.77547985268062,23.55106798127805,23.255115987658744,-6.6020050460750825,-58.021164432203534,3.3452084226712584,154.72625799421596,174.98574151750276,12.28920000078234,0.2832335749274634,0.017122189943814158,-0.043111040850180915,-0.04022532132064887,-0.00486758860510103,0.0,0.0,1.0,0.49999999999999994,0.8660254037844387
2018-02-13,157.9600067138672,160.00999450683594,157.72000122070312,159.69000244140625,151.3594970703125,31785600.0,0.0051479647457816,90.08999633789062,90.18000030517578,89.61000061035156,89.69999694824219,89.69999694824219,0.0,2.844000101089477,2.852999925613404,2.8350000381469727,2.8399999141693115,2.8399999141693115,0.0,26.940000534057617,27.81999969482422,24.46999931335449,24.96999931335449,24.96999931335449,0.0,0.005147964745781669,0.014497297979234484,0.005161238283754033,161.07200012207034,164.6394996643066,160.95839935302735,148.95724975585935,161.10478773258788,162.2212828004827,-1.1164950678948173,0.22198371771784448,45.35796805302924,38.85686561487007,27.57088214129763,-5.3408385713250714,-54.08260709922394,3.2698359129185124,154.25270016980303,175.0262991588102,12.617627623604115,0.2842374294934984,0.01758935941454894,0.017122189943814158,0.026153937416859053,-0.008264498854149269,-0.00286120115340224,0.7818314824680298,0.6234898018587336,0.49999999999999994,0.8660254037844387
2018-02-14,158.75,162.92999267578125,158.0,162.67999267578125,154.19357299804688,52107400.0,0.0185509980514807,89.69000244140625,90.12000274658205,88.94000244140625,89.12000274658203,89.12000274658203,0.0,2.819000005722046,2.9130001068115234,2.816999912261963,2.9130001068115234,2.9130001068115234,0.0,23.479999542236328,25.71999931335449,18.989999771118164,19.26000022888184,19.26000022888184,0.0,0.018550998051480763,0.031055071973425198,0.018724136790820856,160.4,164.48399963378907,161.141999206543,149.07864974975587,161.34712695461764,162.25526130976408,-0.9081343551464442,-0.00403989685501327,50.79611388017717,49.39159036658485,37.266507987577654,-3.9669430122940446,-39.72145736881797,3.3884185388372794,154.07662325542174,174.8913760121564,12.654576009263577,0.2899381190941653,0.005147964745781669,0.01758935941454894,-0.013022315798649067,0.004140692112413335,0.010733604543554565,0.9749279121818236,-0.22252093395631434,0.49999999999999994,0.8660254037844387
2018-02-15,164.13999938964844,165.6999969482422,162.44000244140625,165.6999969482422,157.0560302734375,51633900.0,0.018393841792955,88.95999908447266,89.0,88.54000091552734,88.58999633789062,88.58999633789062,0.0,2.9170000553131104,2.9260001182556152,2.881999969482422,2.8910000324249268,2.8910000324249268,0.0,18.38999938964844,20.65999984741211,17.600000381469727,19.1299991607666,19.1299991607666,0.0,0.01839384179295509,0.01986106079540738,0.01856405049662402,160.17399902343752,164.47799911499024,161.37559906005862,149.2156997680664,162.0167992613291,162.5104269126143,-0.4936276512851805,-0.10195744774104672,55.60236357600333,60.374572318922596,49.541009433459166,-1.3455642267716152,-25.0722185751903,3.3792453936943265,154.07372815562894,174.88227007435154,12.651261585553991,0.2979740181335393,0.018550998051480763,0.005147964745781669,-0.043111040850180915,-0.008537041781438858,0.00018088524589355456,0.43388373911755823,-0.900968867902419,0.49999999999999994,0.8660254037844387
2018-02-16,165.16000366210938,166.75999450683594,164.67999267578125,164.9600067138672,156.35462951660156,62256300.0,-0.0044759289826995,88.56999969482422,89.2300033569336,88.25,89.0999984741211,89.0999984741211,0.0,2.877000093460083,2.888000011444092,2.8499999046325684,2.877000093460083,2.877000093460083,0.0,18.739999771118164,20.989999771118164,17.440000534057617,19.459999084472656,19.459999084472656,0.0,-0.004475928982699599,0.012593859196746172,-0.004465926940944498,160.20899963378906,164.40899963378905,161.58079925537112,149.34749977111815,162.46960040787343,162.69187726826266,-0.22227686038922911,-0.1260213302706832,54.20518828451936,69.95967998121611,59.908614222241184,0.21262748448930796,-25.327284112343406,3.2864422820772097,154.03847321433057,174.77952605324754,12.615521586480298,0.2981250336431368,0.01839384179295509,0.018550998051480763,0.017122189943814158,-0.020146360175537687,0.003130930905032481,-0.433883739117558,-0.9009688679024191,0.49999999999999994,0.8660254037844387
2018-02-19,165.16000366210938,166.75999450683594,164.67999267578125,164.9600067138672,156.35462951660156,62256300.0,0.0,88.56999969482422,89.2300033569336,88.25,89.0999984741211,89.0999984741211,0.0,2.877000093460083,2.888000011444092,2.8499999046325684,2.877000093460083,2.877000093460083,0.0,18.739999771118164,20.989999771118164,17.440000534057617,19.459999084472656,19.459999084472656,0.0,0.0,0.012593859196746172,0.0,160.89300079345705,164.25100021362303,161.76199951171878,149.47709983825683,162.85273983956478,162.85988685682594,-0.0071470172611611815,-0.1022464676687788,54.20518828451936,74.7577377333743,68.36399667783766,4.325835952379298,-25.327284112343406,3.2002679641470295,154.02322604080481,174.47877438644124,12.45383487408428,0.2952678937177016,-0.004475928982699599,0.01839384179295509,0.01758935941454894,-0.04022532132064887,0.010644060660756188,0.0,1.0,0.49999999999999994,0.8660254037844387
2018-02-20,164.3800048828125,166.67999267578125,164.30999755859375,165.2899932861328,156.66741943359375,36785600.0,0.0019985174983678,89.23999786376953,89.80000305175781,89.22000122070312,89.72000122070312,89.72000122070312,0.0,2.9019999504089355,2.914999961853028,2.890000104904175,2.8929998874664307,2.8929998874664307,0.0,20.530000686645508,21.61000061035156,19.75,20.600000381469727,20.600000381469727,0.0,0.0019985174983678596,0.014417782253243536,0.0020005158654989863,161.19100036621094,164.04000015258788,161.9539993286133,149.60544982910156,163.22770190826756,163.0398947404783,0.1878071677892592,-0.0442357405771712,54.792685748708884,75.56411583776077,73.42717785078372,1.8359902485139814,-22.653084262030898,3.1409627607927773,154.09894178860188,173.98105851657388,12.1202857287722,0.293520293646082,0.0,-0.004475928982699599,0.005147964745781669,0.026153937416859053,0.008234013082727008,0.7818314824680298,0.6234898018587336,0.49999999999999994,0.8660254037844387
2018-02-21,166.10000610351562,167.72000122070312,164.72000122070312,164.82000732421875,156.22195434570312,41161800.0,-0.0028474306013699,89.70999908447266,90.12999725341795,89.58999633789062,90.08000183105467,90.08000183105467,0.0,2.884000062942505,2.943000078201294,2.877000093460083,2.943000078201294,2.943000078201294,0.0,20.76000022888184,21.040000915527344,16.969999313354492,20.020000457763672,20.020000457763672,0.0,-0.0028474306013699974,0.01806140812620056,-0.0028433805158796233,161.6520004272461,163.86050033569333,162.1305993652344,149.74919982910157,163.47267197226003,163.1717549318665,0.3009170403935286,0.024794815616968766,53.735325679308275,78.51100758519146,76.27762038544216,2.8774735766567683,-16.4866088700513,3.130893992164722,154.12414282527098,173.59685784611568,11.88371509970485,0.2929387715436384,0.0019985174983678596,0.0,0.018550998051480763,-0.013022315798649067,-0.0065103489713080305,0.9749279121818236,-0.22252093395631434,0.49999999999999994,0.8660254037844387
2018-02-22,165.5399932861328,166.4199981689453,164.3800048828125,164.8000030517578,156.20294189453125,37074400.0,-0.0001217089382065,90.16000366210938,90.23999786376952,89.63999938964844,89.75,89.75,0.0,2.9210000038146973,2.927999973297119,2.9040000438690186,2.9170000553131104,2.9170000553131104,0.0,20.56999969482422,20.61000061035156,18.06999969482422,18.71999931335449,18.71999931335449,0.0,-0.00012170893820656492,0.012323265487915793,-0.00012170153197421651,162.7870010375977,163.68300018310546,162.30899932861328,149.8868998718262,163.67687675372122,163.2923659037103,0.384510850010912,0.09673802249575743,53.68783605052316,81.41999090619487,78.49837144304902,7.396550230850717,-16.60033414933317,3.052972513162443,154.16425412800692,173.201746238204,11.630708191382508,0.2929476210170944,-0.0028474306013699974,0.0019985174983678596,0.01839384179295509,-0.043111040850180915,-0.00035652487014304826,0.43388373911755823,-0.900968867902419,0.49999999999999994,0.8660254037844387
2018-02-23,166.1300048828125,168.1699981689453,165.4499969482422,168.1699981689453,159.3971710205078,50096900.0,0.0202429471428593,89.77999877929688,90.05999755859375,89.76000213623047,89.87999725341797,89.87999725341797,0.0,2.884000062942505,2.8929998874664307,2.861999988555908,2.871000051498413,2.871000051498413,0.0,17.959999084472656,18.799999237060547,16.469999313354492,16.489999771118164,16.489999771118164,0.0,0.020242947142859343,0.016372727025571354,0.020449225137727067,163.99400024414066,163.54500045776368,162.5193994140625,150.03854988098146,164.3681262022172,163.65367199743145,0.7144542047857669,0.22028125895375936,60.08726944910866,88.97101899353851,82.9673391616416,7.732217548681986,0.0,3.0756169848785184,154.39577704586404,172.69422386966332,11.18863112451117,0.2971712906877182,-0.00012170893820656492,-0.0028474306013699974,-0.004475928982699599,0.017122189943814158,0.015209024252326623,-0.433883739117558,-0.9009688679024191,0.49999999999999994,0.8660254037844387
2018-02-26,168.9600067138672,170.39999389648438,168.82000732421875,170.39999389648438,161.51083374023438,39266700.0,0.0131732038726779,89.87999725341797,90.05000305175781,89.5,89.81999969482422,89.81999969482422,0.0,2.8410000801086426,2.861999988555908,2.8310000896453857,2.858999967575073,2.858999967575073,0.0,16.530000686645508,16.940000534057617,15.800000190734863,15.800000190734863,15.800000190734863,0.0,0.01317320387267798,0.00935124591313093,0.01326035277912574,165.14700012207035,163.5599998474121,162.75459930419922,150.19554985046386,165.29610584748906,164.15339954550944,1.142706301979615,0.4047662675589305,63.66517569888307,94.46655528355559,88.28585506109633,7.257505591784016,0.0,3.015215466497129,154.36466110445372,172.75533859037046,11.243994560451037,0.3007853109264817,0.020242947142859343,-0.00012170893820656492,0.0,0.01758935941454894,-0.00486758860510103,0.0,1.0,0.49999999999999994,0.8660254037844387
2018-02-27,170.4499969482422,170.72999572753906,168.2100067138672,168.2899932861328,159.5109100341797,42209900.0,-0.0124599010418542,89.80000305175781,90.5,89.69000244140625,90.36000061035156,90.36000061035156,0.0,2.869999885559082,2.924999952316284,2.8499999046325684,2.907999992370605,2.907999992370605,0.0,15.829999923706056,18.979999542236328,15.289999961853027,18.59000015258789,18.59000015258789,0.0,-0.012459901041854269,0.01478433006037002,-0.012382597871244072,166.006999206543,163.53949966430662,162.96639923095702,150.34129981994633,165.7567039149727,164.45981389666673,1.2968900183059588,0.5831910177083363,58.33647943542699,96.05177423006658,93.16311616905355,5.385428463426874,-11.844677309800222,2.9798421484381823,154.390699663352,172.68829966526124,11.18848965507921,0.3026931278628528,0.01317320387267798,0.020242947142859343,0.0019985174983678596,0.005147964745781669,-0.008264498854149269,0.7818314824680298,0.6234898018587336,0.49999999999999994,0.8660254037844387
2018-02-28,169.25,169.8000030517578,167.10000610351562,167.2100067138672,158.48728942871094,42936300.0,-0.0064379241309175,90.41000366210938,90.6999969482422,90.30999755859376,90.61000061035156,90.61000061035156,0.0,2.88100004196167,2.8970000743865967,2.868000030517578,2.868000030517578,2.868000030517578,0.0,18.07999992370605,20.440000534057617,15.649999618530272,19.850000381469727,19.850000381469727,0.0,-0.006437924130917596,0.015952714612952362,-0.006417245097839475,166.46000061035159,163.43000030517575,163.15999938964845,150.47844985961916,165.98028896095647,164.66353188312604,1.316757077830431,0.7299042297327553,55.76376507130407,90.35599659565894,93.62477536976037,2.784616573664462,-17.08733290322294,2.9598532055670397,154.52742824530742,172.3325723650441,10.89466076392878,0.30304635071266817,-0.012459901041854269,0.01317320387267798,-0.0028474306013699974,0.018550998051480763,0.004140692112413335,0.9749279121818236,-0.22252093395631434,0.49999999999999994,0.8660254037844387
2018-03-01,167.3000030517578,168.07000732421875,163.0,164.47999572753906,155.89964294433594,76809900.0,-0.0164619114483027,90.66999816894533,90.93000030517578,90.22000122070312,90.31999969482422,90.31999969482422,0.0,2.8310000896453857,2.868000030517578,2.7950000762939453,2.803999900817871,2.803999900817871,0.0,19.959999084472656,25.299999237060547,19.56999969482422,22.46999931335449,22.46999931335449,0.0,-0.016461911448302703,0.03030488482806683,-0.01632715464882084,166.33800048828127,163.2559997558594,163.29859924316406,150.59599983215332,165.74947461735377,164.6499366123418,1.099538005011965,0.8038309847885973,49.786608648566016,75.75659269046096,87.38812117206216,-0.7362711183900642,-43.798211715593915,3.1105784997564476,154.5934243810962,171.91857513062257,10.612259748759735,0.3070607174640792,-0.006437924130917596,-0.012459901041854269,-0.00012170893820656492,0.01839384179295509,-0.008537041781438858,0.43388373911755823,-0.900968867902419,0.8660254037844386,0.5000000000000001
2018-03-02,162.5,166.27999877929688,161.9600067138672,165.99000549316406,157.3309326171875,57445100.0,0.0091389522373503,90.25,90.29000091552734,89.87999725341797,89.94000244140625,89.94000244140625,0.0,2.816999912261963,2.869999885559082,2.816999912261963,2.8570001125335693,2.8570001125335693,0.0,22.46999931335449,26.21999931335449,19.36000061035156,19.59000015258789,19.59000015258789,0.0,0.00913895223735033,0.026584566556490385,0.00918083996743091,166.44100036621094,163.32500000000005,163.4709994506836,150.71984985351563,165.78647936747842,164.7492009738842,1.037278393594221,0.850520466549722,52.80018939946388,67.56033412597381,77.8909744706979,0.624393027022282,-36.4334530032617,3.196965183018822,154.5952896175101,172.05471038249,10.689986692165851,0.3004252179540517,-0.016461911448302703,-0.006437924130917596,0.020242947142859343,-0.004475928982699599,-0.020146360175537687,-0.433883739117558,-0.9009688679024191,0.8660254037844386,0.5000000000000001
2018-03-05,165.2100067138672,168.25999450683594,164.58999633789062,167.8300018310547,159.07496643066406,38540200.0,0.0110241400785096,89.83000183105469,90.22000122070312,89.83000183105469,90.08000183105467,90.08000183105467,0.0,2.8420000076293945,2.8949999809265137,2.8299999237060547,2.88100004196167,2.88100004196167,0.0,21.549999237060547,21.56999969482422,17.940000534057617,18.729999542236328,18.729999542236328,0.0,0.011024140078509654,0.02221413969979135,0.011085129824534246,166.72799987792968,163.81050033569338,163.68019958496095,150.85289985656738,166.10086743879785,164.97740844478574,1.1234589940121111,0.9051081720421998,56.24608476664745,65.6625143008768,69.65981370577052,1.7398126820918933,-22.780792378513993,3.230753253442143,155.2207143556531,172.40028631573367,10.487466874757631,0.26095429657140773,0.00913895223735033,-0.016461911448302703,0.01317320387267798,0.0,-0.04022532132064887,0.0,1.0,0.8660254037844386,0.5000000000000001
2018-03-06,168.64999389648438,169.11000061035156,167.47999572753906,168.5399932861328,159.74783325195312,29480900.0,0.0042209517071289,89.95999908447266,90.05999755859375,89.5,89.62000274658203,89.62000274658203,0.0,2.8940000534057617,2.8970000743865967,2.8570001125335693,2.877000093460083,2.877000093460083,0.0,18.25,19.63999938964844,17.68000030517578,18.36000061035156,18.36000061035156,0.0,0.004220951707128961,0.009665015960883937,0.004229872470740581,167.05299987792966,164.12200012207032,163.92059936523438,150.9888998413086,166.47611756915708,165.24130361821886,1.2348139509382179,0.9710493278214035,57.53439366456167,71.9380672563865,68.38697189441237,1.966241231781006,-24.971552849064814,3.116414084111454,155.31229300268177,172.93170724145887,10.735559050993874,0.24632450214981508,0.011024140078509654,0.00913895223735033,-0.012459901041854269,0.0019985174983678596,0.026153937416859053,0.7818314824680298,0.6234898018587336,0.8660254037844386,0.5000000000000001
2018-03-07,167.25,169.07000732421875,166.9600067138672,168.92999267578125,160.11753845214844,34609400.0,0.0023116310643854,89.51000213623047,89.77999877929688,89.41000366210938,89.63999938964844,89.63999938964844,0.0,2.864000082015991,2.882999897003174,2.8499999046325684,2.882999897003174,2.882999897003174,0.0,20.11000061035156,20.489999771118164,17.520000457763672,17.760000228881836,17.760000228881836,0.0,0.002311631064385429,0.012615848193432361,0.0023143049434179996,167.4639984130859,164.55799942016603,164.16839935302735,151.12709983825687,166.85363681633004,165.51453984470498,1.3390969716250538,1.0446588565821338,58.261397131171044,77.24102628995162,71.61386928240498,2.493620415558965,-20.524575902566333,3.044527407414319,155.70049406890016,173.4155047714319,10.765207868928934,0.2399489821278715,0.004220951707128961,0.011024140078509654,-0.006437924130917596,-0.0028474306013699974,-0.013022315798649067,0.9749279121818236,-0.22252093395631434,0.8660254037844386,0.5000000000000001
2018-03-08,169.6300048828125,169.97999572753906,168.9499969482422,169.86000061035156,160.99905395507812,25828400.0,0.0054903280497926,89.58999633789062,90.2300033569336,89.44000244140625,90.12000274658205,90.12000274658205,0.0,2.884999990463257,2.888000011444092,2.8480000495910645,2.865999937057495,2.865999937057495,0.0,17.559999465942383,17.68000030517578,14.90999984741211,16.540000915527344,16.540000915527344,0.0,0.005490328049792686,0.006072031772966353,0.005505427521877104,167.96999816894532,165.3784996032715,164.4309994506836,151.26719985961915,167.31615432310258,165.83642582734547,1.479728495757115,1.1316727844171302,60.01915298446261,81.52791068580542,76.90233474404783,3.0703868112214687,-9.920139190952593,2.902061382010283,157.92446866732774,172.83253053921527,9.014510294657804,0.16835120567943967,0.002311631064385429,0.004220951707128961,-0.016461911448302703,-0.00012170893820656492,-0.043111040850180915,0.43388373911755823,-0.900968867902419,0.8660254037844386,0.5000000000000001
2018-03-09,171.07000732421875,173.16000366210938,170.82000732421875,173.16000366210938,164.12686157226562,38310500.0,0.0192411860521263,90.1999969482422,90.36000061035156,90.0,90.08999633789062,90.08999633789062,0.0,2.875,2.9140000343322754,2.869999885559082,2.8940000534057617,2.8940000534057617,0.0,16.40999984741211,16.75,13.3100004196167,14.640000343322754,14.640000343322754,0.0,0.01924118605212632,0.013678589102154944,0.01942749066128191,168.46899871826173,166.23149948120115,164.77899963378906,151.41569984436038,168.2152080675652,166.37891307436502,1.8362949932001698,1.2725972261737382,65.5613189434838,89.85176163549369,82.87356620375024,2.9672388342128966,0.0,2.9304857869922496,159.3669232934281,173.0960756689742,8.259055845849911,0.1705156445471638,0.005490328049792686,0.002311631064385429,0.00913895223735033,0.020242947142859343,0.017122189943814158,-0.433883739117558,-0.9009688679024191,0.8660254037844386,0.5000000000000001
2018-03-12,173.6699981689453,174.47999572753906,173.27999877929688,174.0800018310547,164.9989471435547,37635000.0,0.005299417968159,90.11000061035156,90.19000244140624,89.83999633789062,89.9000015258789,89.9000015258789,0.0,2.8989999294281006,2.901000022888184,2.869999885559082,2.869999885559082,2.869999885559082,0.0,15.279999732971191,16.350000381469727,15.18000030517578,15.779999732971191,15.779999732971191,0.0,0.005299417968159058,0.0069096387452876945,0.005313484721116701,168.83699951171874,166.99199981689452,165.14539978027344,151.56894989013674,169.11748403117898,166.94936409337907,2.1681199377999008,1.4517017684989706,66.9373325538051,95.6283395255924,89.00267061563049,2.159629146938741,-3.1948422322701786,2.815450521166352,160.1915128830634,173.79248675072563,8.144685902663353,0.16411925370640204,0.01924118605212632,0.005490328049792686,0.011024140078509654,0.01317320387267798,0.01758935941454894,0.0,1.0,0.8660254037844386,0.5000000000000001
2018-03-13,174.47999572753906,175.2100067138672,171.27000427246094,171.7100067138672,162.75250244140625,55638900.0,-0.0137084359775364,89.91000366210938,90.11000061035156,89.58999633789062,89.66000366210938,89.66000366210938,0.0,2.865999937057495,2.871999979019165,2.8299999237060547,2.8480000495910645,2.8480000495910645,0.0,15.699999809265137,16.979999542236328,15.029999732971191,16.350000381469727,16.350000381469727,0.0,-0.013708435977536439,0.022581399231341105,-0.013614903252648913,169.1790008544922,167.59300003051757,165.4097998046875,151.71319992065432,169.51633367466945,167.3020042874893,2.2143293871801575,1.6042272922352079,60.257957951259016,90.13002114270238,91.87004076792948,2.0322143705357116,-26.415094339622648,2.895775658326345,161.41344366210268,173.77255639893247,7.37448027935491,0.1764280969982597,0.005299417968159058,0.01924118605212632,0.004220951707128961,-0.012459901041854269,0.005147964745781669,0.7818314824680298,0.6234898018587336,0.8660254037844386,0.5000000000000001
2018-03-14,172.61000061035156,172.74000549316406,170.92999267578125,171.67999267578125,162.72401428222656,40536400.0,-0.0001750550825553,89.69999694824219,89.88999938964844,89.55999755859375,89.69999694824219,89.69999694824219,0.0,2.8499999046325684,2.8570001125335693,2.8010001182556152,2.816999912261963,2.816999912261963,0.0,16.59000015258789,17.59000015258789,14.9399995803833,17.229999542236328,17.229999542236328,0.0,-0.00017505508255532363,0.010486141075155437,-0.00017503976130839316,169.6259994506836,168.0430000305176,165.6427996826172,151.85449989318852,169.84920429022512,167.62629972365906,2.222904566566058,1.7279627471013779,60.17606380927107,81.24948268210883,89.00261445013453,2.6732765877841174,-26.64161538178066,2.8182211696875212,162.062263886086,174.0237361749492,7.118102084996657,0.16772842466046284,-0.013708435977536439,0.005299417968159058,0.002311631064385429,-0.006437924130917596,0.018550998051480763,0.9749279121818236,-0.22252093395631434,0.8660254037844386,0.5000000000000001
2018-03-15,171.8000030517578,172.52999877929688,170.89999389648438,171.52999877929688,162.5819091796875,28810400.0,-0.0008736706056001,89.75,90.16999816894533,89.62000274658203,90.13999938964844,90.13999938964844,0.0,2.812999963760376,2.8350000381469727,2.808000087738037,2.825999975204468,2.825999975204468,0.0,16.989999771118164,17.40999984741211,15.960000038146973,16.59000015258789,16.59000015258789,0.0,-0.000873670605600121,0.009487804737241081,-0.0008732890665578141,170.33099975585938,168.33450012207032,165.86719970703126,151.99429985046388,170.10778805777463,167.9154626166693,2.1923254411053392,1.8208352859021704,59.739114507886754,73.05654849646226,81.47868410709115,4.286237375295252,-27.773644789209907,2.733348577767877,162.2669197719046,174.40208047223604,7.208956388340732,0.15743390674288868,-0.00017505508255532363,-0.013708435977536439,0.005490328049792686,-0.016461911448302703,0.01839384179295509,0.43388373911755823,-0.900968867902419,0.8660254037844386,0.5000000000000001
2018-03-16,171.82000732421875,172.1999969482422,170.94000244140625,171.02000427246094,162.0985107421875,31176700.0,-0.0029776898452502,90.13999938964844,90.37999725341795,89.88999938964844,90.2300033569336,90.2300033569336,0.0,2.822999954223633,2.858999967575073,2.822999954223633,2.8480000495910645,2.8480000495910645,0.0,16.600000381469727,16.719999313354492,15.229999542236328,15.800000190734863,15.800000190734863,0.0,-0.0029776898452502074,0.007333223449690402,-0.002973260923918253,170.83399963378906,168.6375,166.04919982910155,152.1494998931885,170.24812901388023,168.14542866524644,2.102700348633789,1.8772082984484941,58.191914313064046,71.32069329795597,75.20890815884235,3.0303021946125694,-31.622659935141506,2.6281090012727386,162.67512106888609,174.5998789311139,7.071237335840372,0.1567390149674078,-0.000873670605600121,-0.00017505508255532363,0.01924118605212632,0.00913895223735033,-0.004475928982699599,-0.433883739117558,-0.9009688679024191,0.8660254037844386,0.5000000000000001
2018-03-19,169.10000610351562,169.22000122070312,165.63999938964844,167.10000610351562,158.6399383544922,71395100.0,-0.0215671457970785,90.1999969482422,90.3499984741211,89.76000213623047,89.9000015258789,89.9000015258789,0.0,2.874000072479248,2.878999948501587,2.8340001106262207,2.845000028610229,2.845000028610229,0.0,16.6299991607666,21.8700008392334,16.559999465942383,19.020000457763672,19.020000457763672,0.0,-0.021567145797078507,0.021170914854155398,-0.021336237895461352,170.76100006103516,168.74449996948243,166.14019989013673,152.28884994506836,169.76380241228566,168.06798995697008,1.6958124553155756,1.8409291298219106,47.91886636867015,59.79871449980345,68.05865209807389,-0.43496140116467935,-61.2075517762382,2.824672992811293,162.98669935312503,174.50230058583983,6.824282412047448,0.1773693826972314,-0.0029776898452502074,-0.000873670605600121,0.005299417968159058,0.011024140078509654,0.0,0.0,1.0,0.8660254037844386,0.5000000000000001
2018-03-20,167.1699981689453,168.0399932861328,166.61000061035156,167.64999389648438,159.16207885742188,34075700.0,0.0032859512807814,89.87999725341797,90.4499969482422,89.8499984741211,90.37000274658205,90.37000274658205,0.0,2.869999885559082,2.888999938964844,2.869999885559082,2.878999948501587,2.878999948501587,0.0,18.3799991607666,19.309999465942383,18.09000015258789,18.200000762939453,18.200000762939453,0.0,0.0032859512807814494,0.008554122698117584,0.0032913559368821232,170.6720001220703,168.86250000000004,166.24199981689455,152.42529991149905,169.43860110216238,168.037027285823,1.4015738163393792,1.7530580671254046,49.271986623576105,50.03769592669025,60.38570124148322,-0.5280642133036475,-57.05670050854953,2.72505297016629,163.30970801040405,174.41529198959603,6.576702334261292,0.17755071448333576,-0.021567145797078507,-0.0029776898452502074,-0.013708435977536439,0.004220951707128961,0.0019985174983678596,0.7818314824680298,0.6234898018587336,0.8660254037844386,0.5000000000000001
2018-03-21,167.2100067138672,168.75999450683594,166.19000244140625,166.9199981689453,158.4690704345703,43863500.0,-0.0043636118436955,90.4000015258789,90.4000015258789,89.62999725341797,89.77999877929688,89.77999877929688,0.0,2.9030001163482666,2.936000108718872,2.869999885559082,2.907000064849853,2.907000064849853,0.0,17.760000228881836,18.3700008392334,16.260000228881836,17.860000610351562,17.860000610351562,0.0,-0.004363611843695514,0.015369846075226255,-0.004354105122441609,170.47100067138675,168.9674995422363,166.33679992675783,152.56114990234377,169.0511237278213,167.9542843882765,1.0968393395448004,1.621814321609284,47.50768910496584,39.72321516312893,49.85320852987421,-1.1898387462157876,-62.56610222582547,2.7139771912565327,163.66268171350373,174.2723173709689,6.279098457519106,0.17804356082391512,0.0032859512807814494,-0.021567145797078507,-0.00017505508255532363,0.002311631064385429,-0.0028474306013699974,0.9749279121818236,-0.22252093395631434,0.8660254037844386,0.5000000000000001
2018-03-22,164.61000061035156,165.77000427246094,162.58999633789062,162.8000030517578,154.5576934814453,66607300.0,-0.024991987835572,89.6500015258789,89.95999908447266,89.4000015258789,89.86000061035156,89.86000061035156,0.0,2.8499999046325684,2.8499999046325684,2.799000024795532,2.8320000171661377,2.8320000171661377,0.0,18.1299991607666,23.809999465942383,18.1200008392334,23.34000015258789,23.34000015258789,0.0,-0.02499198783557203,0.019318437049871056,-0.024682273596978943,169.76500091552734,168.86749954223635,166.32700012207033,152.6794998931885,168.0894128545808,167.5724857707566,0.5169270838241857,1.4008368740522643,39.01629749157316,27.347091484745913,39.03600085818836,-4.1563626122838375,-98.33592281138725,2.8294075226706865,163.17095998520148,174.5640390992712,6.746756566511576,0.20011092712056017,-0.004363611843695514,0.0032859512807814494,-0.000873670605600121,0.005490328049792686,-0.00012170893820656492,0.43388373911755823,-0.900968867902419,0.8660254037844386,0.5000000000000001
2018-03-23,162.61000061035156,163.3000030517578,158.42999267578125,158.50999450683594,150.48480224609375,80110400.0,-0.026705349889162,89.69000244140625,89.73999786376953,89.4000015258789,89.44000244140625,89.44000244140625,0.0,2.845000028610229,2.851999998092652,2.825000047683716,2.8299999237060547,2.8299999237060547,0.0,24.020000457763672,26.01000022888184,21.6299991607666,24.8700008392334,24.8700008392334,0.0,-0.026705349889162056,0.029949021325239102,-0.026351915220839572,168.3,168.38449935913087,166.20739990234375,152.78129989624026,166.61565618569696,166.9011901215773,-0.2855339358803235,1.063562712065747,32.50195498939495,13.191581173780715,26.753962607218515,-8.460388568632915,-99.52323144144512,2.975164869335392,161.0393857990743,175.72961291918745,8.724215813227438,0.20481059432059318,-0.02499198783557203,-0.004363611843695514,-0.0029776898452502074,0.01924118605212632,0.020242947142859343,-0.433883739117558,-0.9009688679024191,0.8660254037844386,0.5000000000000001
2018-03-26,161.72000122070312,164.60000610351562,159.16000366210938,164.39999389648438,156.0766143798828,57481500.0,0.0364849071740129,89.47000122070312,89.5199966430664,88.9800033569336,89.02999877929688,89.02999877929688,0.0,2.8540000915527344,2.8540000915527344,2.819000005722046,2.8429999351501465,2.8429999351501465,0.0,23.40999984741211,24.540000915527344,20.709999084472656,21.030000686645508,21.030000686645508,0.0,0.03648490717401298,0.03363840217872711,0.037158650244591085,167.33199920654297,168.0844993591309,166.20559967041015,152.90099983215333,166.27478506427965,166.71591632712597,-0.4411312628463122,0.7626239170833352,45.865962966671354,12.572964129124133,17.70387892921692,-5.560666264218447,-64.42195335979521,3.197653921288556,160.59724902694532,175.57174969131646,8.908912315808776,0.2423212623620672,-0.026705349889162056,-0.02499198783557203,-0.021567145797078507,0.005299417968159058,0.01317320387267798,0.0,1.0,0.8660254037844386,0.5000000000000001
2018-03-27,165.6199951171875,165.6199951171875,157.67999267578125,159.0800018310547,151.02603149414062,78889100.0,-0.0328947885526955,89.0199966430664,89.62999725341797,88.94000244140625,89.37000274658203,89.37000274658203,0.0,2.8410000801086426,2.8410000801086426,2.7860000133514404,2.7860000133514404,2.7860000133514404,0.0,20.32999992370605,24.059999465942383,19.84000015258789,22.5,22.5,0.0,-0.03289478855269556,0.04794108607350311,-0.032359638923543765,166.06899871826172,167.623999786377,166.106799621582,152.99959983825687,165.1678953360912,166.1502930311207,-0.9823976950295048,0.41361959466076725,38.45923217974151,14.680390071277095,13.481645124727315,-7.35542740025559,-92.01364498492836,3.5363931012969627,159.12536324992598,176.12263632282801,10.140119013126796,0.26421126561398206,0.03648490717401298,-0.026705349889162056,0.0032859512807814494,-0.013708435977536439,-0.012459901041854269,0.7818314824680298,0.6234898018587336,0.8660254037844386,0.5000000000000001
2018-03-28,158.1699981689453,159.77999877929688,156.0399932861328,157.25,149.28860473632812,89369700.0,-0.0115708389314173,89.31999969482422,90.1500015258789,89.25,90.05999755859375,90.05999755859375,0.0,2.7720000743865967,2.789999961853028,2.74399995803833,2.775000095367432,2.775000095367432,0.0,22.520000457763672,24.940000534057617,21.709999084472656,22.8700008392334,22.8700008392334,0.0,-0.01157083893141739,0.023645479777835425,-0.011504154221783303,164.6259994506836,167.12599945068362,165.93599975585937,153.08214981079104,163.94975759207716,165.49101206585252,-1.5412544737753535,0.02264478097354311,36.28838662487847,16.625459335121295,14.626271178507508,-8.405168506170886,-93.68802364991252,3.5509368435731843,157.44078767661688,176.81121122475037,11.590311269222601,0.2657894176920549,-0.03289478855269556,0.03648490717401298,-0.004363611843695514,-0.00017505508255532363,-0.006437924130917596,0.9749279121818236,-0.22252093395631434,0.8660254037844386,0.5000000000000001
2018-03-29,158.10000610351562,161.7100067138672,156.6300048828125,160.1300048828125,152.02285766601562,68692600.0,0.0181495118958123,90.06999969482422,90.18000030517578,89.9000015258789,90.1500015258789,90.1500015258789,0.0,2.7679998874664307,2.775000095367432,2.739000082015991,2.740999937057495,2.740999937057495,0.0,22.8700008392334,23.049999237060547,19.600000381469727,19.96999931335449,19.96999931335449,0.0,0.018149511895812324,0.03213157264351127,0.018315215247116212,163.48600006103516,166.90849990844728,165.82219970703125,153.1792998504639,163.36210332911338,165.09390042266438,-1.7317970935509948,-0.3282435939313645,41.8512113026292,11.877932280492187,14.39459389563019,-6.646064232270208,-78.66453452368255,3.6601557712504347,156.7875233897323,177.02947642716225,12.127574718203723,0.2708673617211284,-0.01157083893141739,-0.03289478855269556,-0.02499198783557203,-0.000873670605600121,-0.016461911448302703,0.43388373911755823,-0.900968867902419,0.8660254037844386,0.5000000000000001
2018-03-30,158.10000610351562,161.7100067138672,156.6300048828125,160.1300048828125,152.02285766601562,68692600.0,0.0,90.06999969482422,90.18000030517578,89.9000015258789,90.1500015258789,90.1500015258789,0.0,2.7679998874664307,2.775000095367432,2.739000082015991,2.740999937057495,2.740999937057495,0.0,22.8700008392334,23.049999237060547,19.600000381469727,19.96999931335449,19.96999931335449,0.0,0.0,0.03213157264351127,0.0,162.3970001220703,166.6154998779297,165.69799987792967,153.27374984741215,162.86485741429786,164.72620445674943,-1.8613470424515697,-0.6348642836354056,41.8512113026292,16.32763576757413,14.94367579439587,-6.367675779202419,-78.66453452368255,3.7615733469507386,156.05290779670878,177.1780919591506,12.679002960660398,0.2681431817807984,0.018149511895812324,-0.01157083893141739,-0.026705349889162056,-0.0029776898452502074,0.00913895223735033,-0.433883739117558,-0.9009688679024191,0.8660254037844386,0.5000000000000001
2018-04-02,158.99000549316406,159.74000549316406,153.8800048828125,155.50999450683594,147.63673400878906,85549400.0,-0.0292761323217848,89.97000122070312,90.1500015258789,89.81999969482422,90.05000305175781,90.05000305175781,0.0,2.763000011444092,2.7739999294281006,2.7170000076293945,2.7320001125335693,2.7320001125335693,0.0,21.06999969482422,25.71999931335449,20.440000534057617,23.6200008392334,23.6200008392334,0.0,-0.02927613232178484,0.036857666569509735,-0.02885173798576124,161.23799896240237,165.99949951171877,165.44579986572268,153.34839981079105,161.7333400439191,164.0435222382373,-2.3101821943182017,-0.9699278657719648,36.00286680290653,17.104501853906488,15.103356633990934,-6.935973173753131,-91.35742539091544,3.939318107882829,154.35369362531898,177.64530539811855,14.031133733120258,0.28061559350453485,0.0,0.018149511895812324,0.03648490717401298,-0.021567145797078507,0.011024140078509654,0.0,1.0,1.0,6.123233995736766e-17
2018-04-03,156.8699951171875,157.9199981689453,154.44000244140625,157.25999450683594,149.29812622070312,64090000.0,0.0111903974354044,90.0199966430664,90.27999877929688,89.8499984741211,90.1999969482422,90.1999969482422,0.0,2.759000062942505,2.7839999198913574,2.753000020980835,2.7839999198913574,2.7839999198913574,0.0,23.030000686645508,23.3799991607666,20.920000076293945,21.100000381469727,21.100000381469727,0.0,0.011190397435404452,0.0221839474460325,0.01125324414054818,160.19899902343752,165.4354995727539,165.20079986572267,153.44454978942875,161.045133038214,163.54103870257794,-2.4959056643639315,-1.2751234254903583,39.45421375136046,16.033771592685994,16.488636404722204,-6.197434994279661,-81.87672530734402,3.906509366429703,153.2286792572428,177.64231988826504,14.757195821980039,0.28430133270956487,-0.02927613232178484,0.0,-0.03289478855269556,0.0032859512807814494,0.004220951707128961,0.7818314824680298,0.6234898018587336,1.0,6.123233995736766e-17
2018-04-04,154.22000122070312,160.22999572753906,154.0399932861328,159.74000549316406,151.65255737304688,65768700.0,0.0156469436101261,90.16000366210938,90.2300033569336,89.91999816894531,90.13999938964844,90.13999938964844,0.0,2.756999969482422,2.7950000762939453,2.747999906539917,2.7880001068115234,2.7880001068115234,0.0,21.68000030517578,24.51000022888184,19.86000061035156,20.059999465942383,20.059999465942383,0.0,0.015646943610126175,0.040137481470693175,0.015769998002943764,159.4809997558594,164.97600021362308,165.02739990234377,153.5431497955323,160.84434418512942,163.2594806870658,-2.415136501936388,-1.5031260407795644,44.05850127418949,19.584255350172544,17.574176265588342,-4.301457437421092,-68.01308325122291,4.069616014642314,152.63194071701727,177.3200597102289,14.96467301985963,0.29168846459358944,0.011190397435404452,-0.02927613232178484,-0.01157083893141739,-0.004363611843695514,0.002311631064385429,0.9749279121818236,-0.22252093395631434,1.0,6.123233995736766e-17
2018-04-05,161.3300018310547,161.5800018310547,159.47999572753906,160.64999389648438,152.51649475097656,43054900.0,0.0056806548539738,90.08999633789062,90.58999633789062,90.06999969482422,90.45999908447266,90.45999908447266,0.0,2.816999912261963,2.8340001106262207,2.813999891281128,2.8320000171661377,2.8320000171661377,0.0,19.76000022888184,20.209999084472656,18.56999969482422,18.940000534057617,18.940000534057617,0.0,0.005680654853973853,0.01301683555247683,0.005696820369500921,159.26599884033206,164.51549987792973,164.87339965820314,153.6584497833252,160.8144441407225,163.06618536924498,-2.2517412285224907,-1.6528490783281495,45.69050524738537,31.414372005614247,22.344132982824263,-1.320644419515091,-55.867075424590325,3.9289295924189793,152.25169148290445,176.779308272955,14.90900055511488,0.29176025576245235,0.015646943610126175,0.011190397435404452,0.018149511895812324,-0.02499198783557203,0.005490328049792686,0.43388373911755823,-0.900968867902419,1.0,6.123233995736766e-17
2018-04-06,158.8800048828125,160.4600067138672,155.8800048828125,156.6300048828125,148.69998168945312,59870900.0,-0.0253420221712344,90.37999725341795,90.5999984741211,90.06999969482422,90.11000061035156,90.11000061035156,0.0,2.819000005722046,2.819000005722046,2.7739999294281006,2.775000095367432,2.775000095367432,0.0,20.32999992370605,23.1200008392334,18.600000381469727,21.489999771118164,21.489999771118164,0.0,-0.025342022171234446,0.028826798151427725,-0.025023608546438925,159.0779998779297,163.68899993896488,164.58739990234378,153.75339981079102,160.17068425489018,162.58943125913888,-2.4187470042487007,-1.8060286635122598,40.12194655791259,31.53367900233764,27.510768786041478,-1.1860385396343955,-81.51880431717385,3.989005265365615,151.65224678938932,175.72575308854044,14.706856482798154,0.2901945763131431,0.005680654853973853,0.015646943610126175,0.0,-0.026705349889162056,0.01924118605212632,-0.433883739117558,-0.9009688679024191,1.0,6.123233995736766e-17
2018-04-09,157.97999572753906,160.8800048828125,157.4600067138672,157.72999572753906,149.74427795410156,41810400.0,0.0069982952798306,90.06999969482422,90.2699966430664,89.81999969482422,89.83999633789062,89.83999633789062,0.0,2.789999961853028,2.812000036239624,2.7860000133514404,2.7860000133514404,2.7860000133514404,0.0,21.270000457763672,22.020000457763672,20.34000015258789,21.770000457763672,21.770000457763672,0.0,0.006998295279830644,0.021648298907689732,0.007022840573237987,158.41100006103517,162.87149963378909,164.33999969482423,153.86109977722168,159.7951937122208,162.22947307161297,-2.4342793593921783,-1.9316788026882437,42.197861868175,29.49591089559143,30.81465396784777,-4.057176652418323,-74.12638757146152,4.007647746410928,151.61032318581195,174.13267608176622,13.828295893753666,0.29105066877085456,-0.025342022171234446,0.005680654853973853,-0.02927613232178484,0.03648490717401298,0.005299417968159058,0.0,1.0,1.0,6.123233995736766e-17
2018-04-10,160.2100067138672,161.72999572753906,159.07000732421875,161.2100067138672,153.0481719970703,48296800.0,0.0218236958833104,89.83000183105469,89.97000122070312,89.54000091552734,89.58999633789062,89.58999633789062,0.0,2.799000024795532,2.812000036239624,2.7839999198913574,2.796999931335449,2.796999931335449,0.0,20.51000022888184,21.68000030517578,20.239999771118164,20.46999931335449,20.46999931335449,0.0,0.02182369588331044,0.016603135209094736,0.02206357456931629,158.6240005493164,162.34649963378905,164.1901998901367,153.986199798584,160.0128572509356,162.1539570451133,-2.141099794177677,-1.9735630009861302,48.3041069141494,35.334423582193146,32.1213378267074,1.3389520104950694,-38.35153736478518,4.0071014788101476,151.86849457524542,172.82450469233268,12.908199538861941,0.30375890886741236,0.006998295279830644,-0.025342022171234446,0.011190397435404452,-0.03289478855269556,-0.013708435977536439,0.7818314824680298,0.6234898018587336,1.0,6.123233995736766e-17
2018-04-11,160.1999969482422,162.0,160.10000610351562,160.27999877929688,152.16525268554688,41622100.0,-0.0057856024864204,89.58000183105469,89.66999816894531,89.36000061035156,89.56999969482422,89.56999969482422,0.0,2.7769999504089355,2.796999931335449,2.755000114440918,2.789999961853028,2.789999961853028,0.0,20.950000762939453,21.65999984741211,19.63999938964844,20.239999771118164,20.239999771118164,0.0,-0.005785602486420489,0.01186013690810637,-0.005768898118824528,158.9270004272461,161.77649993896483,164.00779998779296,154.099949798584,160.0539559476066,162.01514532171947,-1.9611893741128767,-1.9710882756114798,46.87883458402543,47.34551627668396,37.39195025148951,1.9268672682333068,-45.485526233701414,3.856593794358307,152.23816572593606,171.3148341519936,11.791989833662376,0.303701620368127,0.02182369588331044,0.006998295279830644,0.015646943610126175,-0.01157083893141739,-0.00017505508255532363,0.9749279121818236,-0.22252093395631434,1.0,6.123233995736766e-17
2018-04-12,161.25,162.77000427246094,161.16000366210938,162.2100067138672,153.99749755859375,30467900.0,0.0119692336567632,89.5199966430664,89.95999908447266,89.44000244140625,89.75,89.75,0.0,2.7920000553131104,2.838000059127808,2.7920000553131104,2.8340001106262207,2.8340001106262207,0.0,19.82999992370605,19.920000076293945,18.15999984741211,18.489999771118164,18.489999771118164,0.0,0.011969233656763261,0.009984499909156976,0.012041151581650755,159.1350006103516,161.31050033569338,163.89279998779298,154.22954986572265,160.38565606549284,162.0295794989156,-1.6439234334227706,-1.905655307173738,50.16511331536166,62.3723381422531,48.350759333710066,1.2989457113780079,-29.045921974754098,3.7589803442730036,152.93926866126708,169.68173201011967,10.379028838179092,0.3084769864266972,-0.005785602486420489,0.02182369588331044,0.005680654853973853,0.018149511895812324,-0.000873670605600121,0.43388373911755823,-0.900968867902419,1.0,6.123233995736766e-17
2018-04-13,163.02000427246094,163.25999450683594,160.6699981689453,161.3699951171875,153.20004272460938,44604900.0,-0.0051918164743673,89.76000213623047,89.87999725341797,89.66000366210938,89.80000305175781,89.80000305175781,0.0,2.838000059127808,2.8489999771118164,2.818000078201294,2.8289999961853027,2.8289999961853027,0.0,18.270000457763672,18.450000762939453,17.260000228881836,17.40999984741211,17.40999984741211,0.0,-0.0051918164743673355,0.015887598270221334,-0.005178362289172678,159.25899963378907,160.82799987792967,163.8279998779297,154.3475998687744,160.53709284267663,161.98072139656537,-1.4436285538887432,-1.813249956516739,48.75148409590003,63.08916651069936,57.6023403098788,0.7743647015326445,-36.20105225944642,3.6754814866742627,153.81011058819772,167.84588916766162,8.727198367272631,0.30860234789884894,0.011969233656763261,-0.005785602486420489,-0.025342022171234446,0.0,-0.0029776898452502074,-0.433883739117558,-0.9009688679024191,1.0,6.123233995736766e-17
2018-04-16,162.5,163.19000244140625,161.47999572753906,162.60000610351562,154.36778259277344,28180800.0,0.0075934176661225,89.7699966430664,89.8499984741211,89.38999938964844,89.43000030517578,89.43000030517578,0.0,2.864000082015991,2.865000009536743,2.8299999237060547,2.8320000171661377,2.8320000171661377,0.0,17.59000015258789,17.65999984741211,16.3799991607666,16.559999465942383,16.559999465942383,0.0,0.007593417666122566,0.010523118239182692,0.007622320773520874,159.96800079345704,160.60299987792968,163.91760009765625,154.46729988098141,160.85446411357495,162.02659433782094,-1.17213022424599,-1.6850260100625893,50.9319096550276,75.90563142659674,67.12237869318307,4.5591999531374325,-7.036131486009234,3.5429476179274406,154.16739821115422,167.03860154470513,8.014298203230318,0.30240808073354447,-0.0051918164743673355,0.011969233656763261,0.006998295279830644,-0.02927613232178484,-0.021567145797078507,0.0,1.0,1.0,6.123233995736766e-17
2018-04-17,164.24000549316406,166.4600067138672,163.91000366210938,166.10000610351562,157.6905975341797,35536100.0,0.0212969158530718,89.41000366210938,89.66999816894531,89.2300033569336,89.5199966430664,89.5199966430664,0.0,2.838000059127808,2.8410000801086426,2.813999891281128,2.813999891281128,2.813999891281128,0.0,16.15999984741211,16.270000457763672,14.56999969482422,15.25,15.25,0.0,0.021296915853071887,0.01552607748703435,0.021525313673591562,160.852001953125,160.52550048828124,163.9934002685547,154.60254989624022,161.66147057356582,162.32832854268722,-0.666857969121395,-1.4813924018743505,56.591424949141356,84.63370886822793,74.54283560184135,5.621271719105536,-2.861689649860577,3.5655942602434494,154.41825834210186,166.6327426344606,7.60906164765419,0.31266605413296855,0.007593417666122566,-0.0051918164743673355,0.02182369588331044,0.011190397435404452,0.0032859512807814494,0.7818314824680298,0.6234898018587336,1.0,6.123233995736766e-17
2018-04-18,166.10000610351562,167.0,165.30999755859375,166.44000244140625,158.01339721679688,29573900.0,0.0020449522367489,89.51000213623047,89.77999877929688,89.44999694824219,89.62000274658203,89.62000274658203,0.0,2.8399999141693115,2.867000102996826,2.8320000171661377,2.867000102996826,2.867000102996826,0.0,15.300000190734863,16.899999618530273,14.949999809265137,15.600000381469728,15.600000381469728,0.0,0.002044952236748979,0.010174607942837878,0.002047044577576873,161.52200164794922,160.50150070190426,164.11800018310547,154.73124992370606,162.39662932246435,162.63289697962938,-0.23626765716502973,-1.2323674529324864,57.10895737246874,95.27796773365912,85.27243600949458,4.194313708427228,-4.2682756631527985,3.4316234160407926,154.49715763388198,166.50584376992654,7.4819774790442715,0.31243350047102963,0.021296915853071887,0.007593417666122566,-0.005785602486420489,0.015646943610126175,-0.004363611843695514,0.9749279121818236,-0.22252093395631434,1.0,6.123233995736766e-17
2018-04-19,165.60000610351562,165.99000549316406,164.33999633789062,164.91000366210938,156.560791015625,34705700.0,-0.0092354463927127,89.62000274658203,89.94999694824219,89.5,89.94000244140625,89.94000244140625,0.0,2.8929998874664307,2.934000015258789,2.8929998874664307,2.9140000343322754,2.9140000343322754,0.0,15.550000190734863,16.920000076293945,15.15999984741211,15.960000038146973,15.960000038146973,0.0,-0.009235446392712732,0.009963823034173236,-0.009192930642323183,161.94800262451173,160.60700073242185,164.3472003173828,154.85074996948245,162.78330229779436,162.80157154870196,-0.01826925090759346,-0.9895478125275078,53.989542017368144,92.31339287402696,90.74168982530466,2.6517335371764523,-15.929856064905701,3.3365078937175667,154.36323627005865,166.85076519478505,7.775208345700424,0.3005949585024352,0.002044952236748979,0.021296915853071887,0.011969233656763261,0.005680654853973853,-0.02499198783557203,0.43388373911755823,-0.900968867902419,1.0,6.123233995736766e-17
2018-04-20,164.49000549316406,164.61000061035156,161.72999572753906,162.3000030517578,154.08294677734375,49197100.0,-0.015953302701249,89.9000015258789,90.4800033569336,89.88999938964844,90.31999969482422,90.31999969482422,0.0,2.9170000553131104,2.953000068664551,2.91599988937378,2.950999975204468,2.950999975204468,0.0,16.15999984741211,17.5,15.1899995803833,16.8799991607666,16.8799991607666,0.0,-0.01595330270124908,0.01750869224046678,-0.015826722784212044,162.51500244140627,160.79650115966797,164.47120025634763,154.95165000915532,162.70894856763488,162.7644183267061,-0.05546975907122942,-0.8027322018362522,49.065936243254164,81.17882616926835,89.5900622589848,3.6199948874339203,-36.265389764136444,3.3253293252070484,154.59077480332525,167.0022275160107,7.7187330714124816,0.2898510769196473,-0.009235446392712732,0.002044952236748979,-0.0051918164743673355,-0.025342022171234446,-0.026705349889162056,-0.433883739117558,-0.9009688679024191,1.0,6.123233995736766e-17
2018-04-23,163.08999633789062,163.72999572753906,161.02000427246094,161.88999938964844,153.69369506835938,33040600.0,-0.0025294441721693,90.31999969482422,90.98999786376952,90.31999969482422,90.94000244140624,90.94000244140624,0.0,2.9749999046325684,2.990000009536743,2.96399998664856,2.9730000495910645,2.9730000495910645,0.0,17.290000915527344,17.559999465942383,15.789999961853027,16.34000015258789,16.34000015258789,0.0,-0.0025294441721693457,0.016616540044942743,-0.0025262478238221586,162.93100280761723,160.67100143432617,164.5316003417969,155.05014999389653,162.58295638640618,162.69964655359072,-0.11669016718454372,-0.6655237949059105,48.32045545064501,69.4585858472609,80.9836016301854,2.6374207663679368,-39.42899662917512,3.2813766201978396,154.67410727326603,166.6678955953863,7.464812078751317,0.25817931273272854,-0.01595330270124908,-0.009235446392712732,0.007593417666122566,0.006998295279830644,0.03648490717401298,0.0,1.0,1.0,6.123233995736766e-17
2018-04-24,162.66000366210938,162.91000366210938,157.38999938964844,158.4600067138672,150.43736267089844,70256800.0,-0.0214148259994737,90.91999816894533,91.08000183105467,90.70999908447266,90.7699966430664,90.7699966430664,0.0,2.9749999046325684,3.003000020980835,2.9749999046325684,2.9830000400543213,2.9830000400543213,0.0,16.15999984741211,19.65999984741211,15.369999885559082,18.020000457763672,18.020000457763672,0.0,-0.02141482599947379,0.0339358425438594,-0.02118715667557214,162.65600280761723,160.6400016784668,164.5070004272461,155.12675003051763,161.9486564367848,162.38559915805564,-0.4369427212708388,-0.6198075801788961,42.50261084585803,49.16902636991157,66.6021461288136,-1.7058494420144743,-76.79853449695374,3.4412785953594898,154.6022082296703,166.6777951272633,7.517173039977422,0.2419384358276585,-0.0025294441721693457,-0.01595330270124908,0.021296915853071887,0.02182369588331044,-0.03289478855269556,0.7818314824680298,0.6234898018587336,1.0,6.123233995736766e-17
2018-04-25,158.74000549316406,159.30999755859375,156.47000122070312,158.64999389648438,150.61773681640625,52089300.0,0.0011982800982138,90.77999877929688,91.26000213623048,90.75,91.16999816894533,91.16999816894533,0.0,3.032000064849853,3.0350000858306885,3.006999969482422,3.0239999294281006,3.0239999294281006,0.0,18.13999938964844,19.84000015258789,17.75,17.84000015258789,17.84000015258789,0.0,0.0011982800982138688,0.017890867075804187,0.0011989983226601275,162.49300231933594,160.71000137329105,164.42640045166016,155.20010002136232,161.4411698921232,162.10888765719852,-0.6677177650753094,-0.6293896171581789,42.912613860046584,36.22748431880744,51.618365511993304,-1.0169733561434524,-75.09001591744881,3.3983298626831426,154.80672785383993,166.61327489274217,7.346491778989188,0.23819222415105887,-0.02141482599947379,-0.0025294441721693457,0.002044952236748979,-0.005785602486420489,-0.01157083893141739,0.9749279121818236,-0.22252093395631434,1.0,6.123233995736766e-17
2018-04-26,160.6999969482422,162.52999877929688,160.17999267578125,161.99000549316406,153.78868103027344,43005500.0,0.0208343762051668,91.20999908447266,91.63999938964844,90.95999908447266,91.55999755859376,91.55999755859376,0.0,2.990000009536743,3.003000020980835,2.9809999465942383,2.990000009536743,2.990000009536743,0.0,18.06999969482422,18.1200008392334,16.239999771118164,16.239999771118164,16.239999771118164,0.0,0.020834376205166837,0.014623560349366457,0.021052926971890207,162.47100219726562,160.80300140380862,164.3522006225586,155.2892000579834,161.52560613843718,162.10008157097374,-0.5744754325365591,-0.618406780233855,49.70292962069827,33.511049552825796,39.63585341384827,-0.13562740373422183,-47.578300927120075,3.432735221263811,154.87962992127748,166.72637288633976,7.36723995301103,0.24101327653108068,0.0011982800982138688,-0.02141482599947379,-0.009235446392712732,0.011969233656763261,0.018149511895812324,0.43388373911755823,-0.900968867902419,1.0,6.123233995736766e-17
2018-04-27,164.3699951171875,164.41000366210938,161.1699981689453,162.08999633789062,153.8835906982422,51043400.0,0.000616953035423,91.58000183105467,91.98999786376952,91.48999786376952,91.54000091552734,91.54000091552734,0.0,2.9679999351501465,2.9830000400543213,2.9549999237060547,2.9570000171661377,2.9570000171661377,0.0,16.219999313354492,16.770000457763672,15.25,15.40999984741211,15.40999984741211,0.0,0.0006169530354230915,0.019711660214226462,0.0006171433900916679,162.54300231933593,160.90100097656253,164.29480041503905,155.3791000366211,161.61243539989155,162.0993345166713,-0.48689911677973896,-0.5921052475430317,49.89507377874123,43.56765433668653,37.76872940277325,0.4461803572468707,-46.6287201453715,3.418968812113829,154.9596841016569,166.84231785146815,7.385058935427082,0.2410036213720793,0.020834376205166837,0.0011982800982138688,-0.01595330270124908,-0.0051918164743673355,0.0,-0.433883739117558,-0.9009688679024191,1.0,6.123233995736766e-17
2018-04-30,162.47000122070312,163.47999572753906,160.5399932861328,160.94000244140625,152.79183959960938,35615300.0,-0.0071199424722936,91.52999877929688,91.91999816894533,91.4800033569336,91.83999633789062,91.83999633789062,0.0,2.9549999237060547,2.9590001106262207,2.934999942779541,2.936000108718872,2.936000108718872,0.0,15.3100004196167,16.350000381469727,15.130000114440918,15.93000030517578,15.93000030517578,0.0,-0.007119942472293641,0.018095663318254553,-0.007094655730861432,162.377001953125,161.17250137329103,164.21440032958984,155.45995002746585,161.5089841755092,162.01345806665165,-0.5044738911424531,-0.5745789762629161,47.64091466928831,49.41437929711991,42.164361062210745,-1.020912422999893,-57.5498410361487,3.3847569284918593,155.79935683602181,166.54564591056024,6.6675698292036705,0.21611181730724108,0.0006169530354230915,0.020834376205166837,-0.0025294441721693457,0.007593417666122566,-0.02927613232178484,0.0,1.0,1.0,6.123233995736766e-17
2018-05-01,160.52000427246094,162.8000030517578,160.13999938964844,162.77999877929688,154.5386962890625,36513500.0,0.0113680568508927,91.80999755859376,92.56999969482422,91.8000030517578,92.4499969482422,92.4499969482422,0.0,2.9660000801086426,2.9790000915527344,2.963000059127808,2.9760000705718994,2.9760000705718994,0.0,16.0,16.81999969482422,15.420000076293944,15.489999771118164,15.489999771118164,0.0,0.011368056850892724,0.01657116615567976,0.011432918760784228,162.04500122070314,161.44850158691406,164.1642004394531,155.5518500518799,161.70452488378425,162.07023886018092,-0.3657139763966768,-0.5328059762896682,51.422453635370644,51.91514972356423,48.29906111912355,-1.9988002421563305,-40.07598964778711,3.3329888380359676,156.3621202631873,166.53488291064082,6.300933453988802,0.2162160132486304,-0.007119942472293641,0.0006169530354230915,-0.02141482599947379,0.021296915853071887,0.011190397435404452,0.7818314824680298,0.6234898018587336,0.8660254037844387,-0.4999999999999998
2018-05-02,163.05999755859375,163.57000732421875,161.6300048828125,161.82000732421875,153.6272735595703,38646800.0,-0.0059151592074061,92.47000122070312,92.83000183105467,92.22000122070312,92.51000213623048,92.51000213623048,0.0,2.986999988555908,2.989000082015991,2.9570000171661377,2.96399998664856,2.96399998664856,0.0,15.479999542236328,15.970000267028809,14.75,15.970000267028809,15.970000267028809,0.0,-0.005915159207406147,0.011897476207854918,-0.005897699096589881,161.58300170898437,161.55250167846683,164.10420043945314,155.63660011291506,161.72229141308185,162.0517031908504,-0.32941177776854147,-0.4921271365854429,49.41710928862748,51.060483547651955,50.79667085611203,-2.775772079680141,-49.1927186731083,3.2334898097052736,156.5285319052837,166.57647145164995,6.219612473946314,0.21129257828441605,0.011368056850892724,-0.007119942472293641,0.0011982800982138688,0.002044952236748979,0.015646943610126175,0.9749279121818236,-0.22252093395631434,0.8660254037844387,-0.4999999999999998
2018-05-03,161.0,162.39999389648438,159.22000122070312,161.8000030517578,153.60826110839844,60337100.0,-0.0001237646629429,92.72000122070312,92.76000213623048,92.3499984741211,92.41000366210938,92.41000366210938,0.0,2.941999912261963,2.953000068664551,2.927000045776367,2.946000099182129,2.946000099182129,0.0,15.779999732971191,18.65999984741211,15.43000030517578,15.899999618530272,15.899999618530272,0.0,-0.00012376466294296927,0.019751507302989132,-0.00012375700441302762,161.27200164794922,161.6100021362305,164.04420043945314,155.7258000946045,161.73424704980124,162.03305873610282,-0.2988116863015762,-0.45346404652866956,49.37390034230187,53.78286629550949,52.25283318890855,-1.8858774733422272,-49.38269279257609,3.229668585853558,156.60322979807205,166.61677447438893,6.196116913528583,0.21046142559061795,-0.005915159207406147,0.011368056850892724,0.020834376205166837,-0.009235446392712732,0.005680654853973853,0.43388373911755823,-0.900968867902419,0.8660254037844387,-0.4999999999999998
2018-05-04,161.10000610351562,165.25,160.97999572753906,164.8699951171875,156.5228729248047,41543200.0,0.0187965496499618,92.43000030517578,92.9000015258789,92.3499984741211,92.56999969482422,92.56999969482422,0.0,2.933000087738037,2.9649999141693115,2.9110000133514404,2.944000005722046,2.944000005722046,0.0,15.9399995803833,16.920000076293945,10.90999984741211,14.770000457763672,14.770000457763672,0.0,0.018796549649961893,0.02650530174230549,0.018974316845820294,161.52900085449218,162.02200164794925,163.978200378418,155.83095008850097,162.2166698293991,162.24320217173872,-0.026532342339606885,-0.36807770569085707,55.766105327573555,60.39887319698475,55.08074101338207,1.5834824504655811,-20.22796894336134,3.303978277754085,157.39930675022393,166.64469654567458,5.706255756264242,0.19685690117093255,-0.00012376466294296927,-0.005915159207406147,0.0006169530354230915,-0.01595330270124908,-0.025342022171234446,-0.433883739117558,-0.9009688679024191,0.8660254037844387,-0.4999999999999998
2018-05-07,165.63999938964844,166.77999877929688,165.50999450683594,166.24000549316406,157.82350158691406,32500200.0,0.0082751778907604,92.56999969482422,92.97000122070312,92.4499969482422,92.75,92.75,0.0,2.953000068664551,2.9590001106262207,2.946000099182129,2.950000047683716,2.950000047683716,0.0,15.050000190734863,15.270000457763672,14.510000228881836,14.75,14.75,0.0,0.008275177890760488,0.007667255959554813,0.008309511816424475,161.96400146484376,162.44750213623047,163.8950006103516,155.94600013732912,162.83564454690142,162.5392616770295,0.29638286987193396,-0.23518559057829885,58.29667441849205,74.39063857001123,62.85745935416849,2.6870134782357487,-7.2174225540288734,3.2044086623508914,157.92263652345952,166.97236774900142,5.57086511428947,0.19729012000407867,0.018796549649961893,-0.00012376466294296927,-0.007119942472293641,-0.0025294441721693457,0.006998295279830644,0.0,1.0,0.8660254037844387,-0.4999999999999998
2018-05-08,165.88999938964844,166.42999267578125,164.86000061035156,166.07000732421875,157.66209411621094,26040200.0,-0.0010232320396513,92.7699966430664,93.27999877929688,92.6500015258789,93.12000274658205,93.12000274658205,0.0,2.9549999237060547,2.986999988555908,2.9549999237060547,2.969000101089477,2.969000101089477,0.0,14.529999732971191,15.5600004196167,14.520000457763672,14.710000038146973,14.710000038146973,0.0,-0.0010232320396513811,0.009464054923178542,-0.0010227087162568704,162.72500152587892,162.69050216674805,163.8506008911133,156.05855018615725,163.33323882033486,162.80079839163608,0.5324404286987772,-0.08166038672288367,57.85438720090835,88.55605726936648,74.44852301212082,4.802473992124092,-6.886436694510389,3.0876646197136624,157.92961745275284,167.45138688074326,5.852689186631913,0.18402869220607077,0.008275177890760488,0.018796549649961893,0.011368056850892724,-0.02141482599947379,0.02182369588331044,0.7818314824680298,0.6234898018587336,0.8660254037844387,-0.4999999999999998
2018-05-09,166.3699951171875,168.0,165.77999877929688,167.8800048828125,159.38043212890625,29122700.0,0.010839901251747,93.06999969482422,93.41999816894533,92.83999633789062,93.04000091552734,93.04000091552734,0.0,3.002000093460083,3.009999990463257,2.993000030517578,3.003999948501587,3.003999948501587,0.0,14.539999961853027,14.630000114440918,13.380000114440918,13.420000076293944,13.420000076293944,0.0,0.010839901251747016,0.013343759607250113,0.010898865845513583,163.64800262451175,163.07050247192382,163.86400085449216,156.1782002258301,164.03274129148525,163.177035909501,0.8557053819842508,0.10581276701854322,61.22729976892846,94.95180658789191,85.96616747575654,5.817845156899598,-1.0407209877850265,3.0256886626414814,157.92225764673836,168.21874729710927,6.314133760729463,0.18477778349212726,-0.0010232320396513811,0.008275177890760488,-0.005915159207406147,0.0011982800982138688,-0.005785602486420489,0.9749279121818236,-0.22252093395631434,0.8660254037844387,-0.4999999999999998
2018-05-10,168.4199981689453,169.74000549316406,168.2899932861328,169.6199951171875,161.03236389160156,27067600.0,0.0103113634653935,93.08000183105467,93.16000366210938,92.54000091552734,92.6500015258789,92.6500015258789,0.0,2.9809999465942383,2.9820001125335693,2.950999975204468,2.970999956130981,2.970999956130981,0.0,13.359999656677246,13.630000114440918,12.920000076293944,13.229999542236328,13.229999542236328,0.0,0.01031136346539359,0.008609501382233214,0.010364708770266295,164.41100158691407,163.44100189208984,163.96680084228515,156.3093502044678,164.89231880313173,163.6542921471074,1.2380266560243172,0.33225554481969805,64.1939265570576,97.05615633816085,93.52134006513974,4.710160729234262,-0.9043733032220502,2.9424252303350587,157.54174195172274,169.34026183245695,7.218824985253119,0.18371976989541222,0.010839901251747016,-0.0010232320396513811,-0.00012376466294296927,0.020834376205166837,0.011969233656763261,0.43388373911755823,-0.900968867902419,0.8660254037844387,-0.4999999999999998
2018-05-11,169.4199981689453,169.86000061035156,168.72000122070312,169.4600067138672,160.8804473876953,24688800.0,-0.0009438364045229,92.69000244140624,92.83999633789062,92.37000274658205,92.54000091552734,92.54000091552734,0.0,2.961999893188477,2.9820001125335693,2.9549999237060547,2.970999956130981,2.970999956130981,0.0,13.220000267028809,13.4399995803833,12.649999618530272,12.649999618530272,12.649999618530272,0.0,-0.0009438364045229301,0.0067288360404279554,-0.0009433911310431364,165.14800262451172,163.84550247192385,164.0362008666992,156.4384002685547,165.59504002016794,164.0843450779785,1.5106949421894456,0.5679434242936476,63.7112244494881,98.35588239909633,96.78794844171635,4.546863188653011,-2.9872585117039163,2.8136805274288714,157.45516506446967,170.23583987937803,7.800442869707962,0.18205389798593288,0.01031136346539359,0.010839901251747016,0.018796549649961893,0.0006169530354230915,-0.0051918164743673355,-0.433883739117558,-0.9009688679024191,0.8660254037844387,-0.4999999999999998
2018-05-14,169.85000610351562,170.82000732421875,169.47000122070312,169.75,161.15576171875,21821700.0,0.001709835045524,92.5500030517578,92.69000244140624,92.23999786376952,92.58999633789062,92.58999633789062,0.0,2.996999979019165,2.996999979019165,2.986000061035156,2.994999885559082,2.994999885559082,0.0,13.09000015258789,13.279999732971191,12.8100004196167,12.93000030517578,12.93000030517578,0.0,0.0017098350455240538,0.007948225228163132,0.001711297646949106,166.02900238037108,164.2030021667481,164.0746008300781,156.56435028076172,166.2342646324498,164.50402322035046,1.730241412099332,0.8004030218547845,64.2361689748053,96.21729144122564,97.20977672616092,5.474088122871269,-7.456493861397084,2.709846247637635,157.3246812718966,171.0813230615996,8.377825988670494,0.1810425653002555,-0.0009438364045229301,0.01031136346539359,0.008275177890760488,-0.007119942472293641,0.007593417666122566,0.0,1.0,0.8660254037844387,-0.4999999999999998
2018-05-15,168.41000366210938,168.5,166.97999572753906,167.8699951171875,159.37100219726562,49361600.0,-0.0111365300386947,92.6500015258789,93.45999908447266,92.61000061035156,93.22000122070312,93.22000122070312,0.0,3.026000022888184,3.095000028610229,3.0230000019073486,3.0799999237060547,3.0799999237060547,0.0,13.130000114440918,15.010000228881836,12.5,14.630000114440918,14.630000114440918,0.0,-0.011136530038694763,0.009025617477632796,-0.011074748444918403,166.53800201416016,164.2915016174317,164.06120086669924,156.6821502685547,166.4859154762556,164.753354471968,1.7325610042875894,0.9868346183413456,58.34378039160322,88.0417070973615,94.20496031256116,3.12691754273314,-25.43112633481449,2.714143249410728,157.26643016416477,171.3165730706986,8.551959637724247,0.1719281572319492,0.0017098350455240538,-0.0009438364045229301,-0.0010232320396513811,0.011368056850892724,0.021296915853071887,0.7818314824680298,0.6234898018587336,0.8660254037844387,-0.4999999999999998
2018-05-16,168.08999633789062,169.3699951171875,168.00999450683594,168.97999572753906,160.4247589111328,22941200.0,0.0065902094762538,93.30999755859376,93.62999725341795,93.13999938964844,93.38999938964844,93.38999938964844,0.0,3.061000108718872,3.095000028610229,3.058000087738037,3.095000028610229,3.095000028610229,0.0,14.380000114440918,14.90999984741211,13.210000038146973,13.420000076293944,13.420000076293944,0.0,0.006590209476253858,0.008090907489924151,0.00661197268849989,167.2540008544922,164.41850128173832,164.06220092773438,156.80645027160645,166.8696201302992,165.0664390094177,1.8031811208815043,1.1501039188493773,60.63951215857481,83.7500730710035,89.33635720319687,4.424662019063396,-15.862160590777908,2.627418731595676,157.14253391509953,171.6944686483771,8.850545783982172,0.173211592070001,-0.011136530038694763,0.0017098350455240538,0.010839901251747016,-0.005915159207406147,0.002044952236748979,0.9749279121818236,-0.22252093395631434,0.8660254037844387,-0.4999999999999998
2018-05-17,168.38999938964844,169.61000061035156,167.50999450683594,168.3300018310547,159.8076934814453,27480200.0,-0.0038538642090277,93.26000213623048,93.56999969482422,93.12000274658205,93.47000122070312,93.47000122070312,0.0,3.1059999465942383,3.115000009536743,3.0929999351501465,3.108999967575073,3.108999967575073,0.0,13.539999961853027,13.859999656677246,12.649999618530272,13.43000030517578,13.43000030517578,0.0,-0.0038538642090277866,0.012471085641233871,-0.0038464476049443475,167.9070007324219,164.58950119018556,164.03160095214844,156.94295028686523,167.09429423810775,165.30818440361304,1.7861098344947095,1.2773051019784438,58.60279662494783,79.08038659086384,83.62405558640961,4.0358458937778945,-21.465553301816055,2.58974640101853,157.1070723288925,172.0719300514786,9.092231044125942,0.1701195908005943,0.006590209476253858,-0.011136530038694763,0.01031136346539359,-0.00012376466294296927,-0.009235446392712732,0.43388373911755823,-0.900968867902419,0.8660254037844387,-0.4999999999999998
2018-05-18,167.67999267578125,168.25999450683594,167.2100067138672,167.4600067138672,158.98170471191406,26217900.0,-0.005182045718013,93.5,93.83000183105467,93.33999633789062,93.63999938964844,93.63999938964844,0.0,3.1040000915527344,3.1059999465942383,3.065000057220459,3.066999912261963,3.066999912261963,0.0,13.18000030517578,13.869999885559082,13.0600004196167,13.420000076293944,13.420000076293944,0.0,-0.0051820457180130905,0.006261854954866087,-0.005168642081847863,168.16600189208984,164.84750137329104,163.91760101318357,157.06975028991698,167.15055769591692,165.46757864881704,1.6829790470998773,1.3584398910027307,55.89664195584923,77.90225961500516,80.24423975895749,1.570941756162933,-28.96550726239052,2.4847641664591706,157.34166166429458,172.3533410822875,9.106403975150059,0.159847031255865,-0.0038538642090277866,0.006590209476253858,-0.0009438364045229301,0.018796549649961893,-0.01595330270124908,-0.433883739117558,-0.9009688679024191,0.8660254037844387,-0.4999999999999998
2018-05-21,168.75999450683594,169.5,167.67999267578125,168.39999389648438,159.8740997314453,22954600.0,0.0055974979105684,93.66999816894533,94.05999755859376,93.51000213623048,93.68000030517578,93.68000030517578,0.0,3.075999975204468,3.078000068664551,3.058000087738037,3.065000057220459,3.065000057220459,0.0,12.989999771118164,13.59000015258789,12.779999732971191,13.079999923706056,13.079999923706056,0.0,0.005597497910568411,0.010784589852217773,0.005613193173065634,168.38200073242186,165.17300109863282,163.8040008544922,157.19210029602053,167.34277864985037,165.68479459308867,1.6579840567617055,1.4183487241545256,58.145520585882686,76.2355885636313,77.73941158983342,1.2993192564644935,-20.862173744899493,2.4529948178644307,157.64259781074506,172.7034043865206,9.118201204555211,0.15968912767984733,-0.0051820457180130905,-0.0038538642090277866,0.0017098350455240538,0.008275177890760488,-0.0025294441721693457,0.0,1.0,0.8660254037844387,-0.4999999999999998
2018-05-22,169.1699981689453,169.4499969482422,167.8800048828125,168.17999267578125,159.66525268554688,19477700.0,-0.0013071759334613,93.54000091552734,93.7300033569336,93.29000091552734,93.61000061035156,93.61000061035156,0.0,3.0739998817443848,3.078000068664551,3.058000087738037,3.065000057220459,3.065000057220459,0.0,13.029999732971191,13.420000076293944,12.770000457763672,13.220000267028809,13.220000267028809,0.0,-0.0013071759334613768,0.009280558505780561,-0.001306321951143108,168.5929992675781,165.6590003967285,163.73340057373048,157.31285026550296,167.47158080768588,165.8696240806955,1.6019567269903803,1.4550703247216965,57.40769734818861,75.80452799942472,76.64745872602039,1.2705396871833528,-22.7587349944358,2.3899231926905204,158.72150618276402,172.59649461069296,8.375632108548537,0.13461541542075242,0.005597497910568411,-0.0051820457180130905,-0.011136530038694763,-0.0010232320396513811,-0.02141482599947379,0.7818314824680298,0.6234898018587336,0.8660254037844387,-0.4999999999999998
2018-05-23,166.89999389648438,169.6199951171875,166.8800048828125,169.60000610351562,161.01339721679688,26557800.0,0.008408121177237,93.5500030517578,94.19000244140624,93.51000213623048,94.01000213623048,94.01000213623048,0.0,3.007999897003174,3.0280001163482666,3.003000020980835,3.003000020980835,3.003000020980835,0.0,13.5,14.600000381469728,12.489999771118164,12.579999923706056,12.579999923706056,0.0,0.008408121177237023,0.01641695826588473,0.008443568707495297,168.76499938964844,166.20650100708008,163.69180084228515,157.43945030212404,167.79903085319813,166.14594867497846,1.6530821782196767,1.4946726954212926,60.86000050693161,81.32690649439614,77.78900768581738,1.0245420363811404,-12.398371777476259,2.414927981382269,159.89824177859296,172.5147602355672,7.590869418782117,0.13577985870106324,-0.0013071759334613768,0.005597497910568411,0.006590209476253858,0.010839901251747016,0.0011982800982138688,0.9749279121818236,-0.22252093395631434,0.8660254037844387,-0.4999999999999998
2018-05-24,169.5500030517578,169.85000610351562,167.83999633789062,169.5500030517578,160.9658966064453,27696500.0,-0.00029505382245,93.91999816894533,93.9800033569336,93.61000061035156,93.77999877929688,93.77999877929688,0.0,2.99399995803833,2.994999885559082,2.9549999237060547,2.9809999465942383,2.9809999465942383,0.0,12.729999542236328,14.239999771118164,12.529999732971191,12.529999732971191,12.529999732971191,0.0,-0.0002950538224500876,0.011854967439967622,-0.00029501029835177217,168.75800018310548,166.58450088500976,163.65220092773436,157.58055030822754,168.06841119143806,166.39810085103616,1.6703103404018975,1.5298002244174138,60.67350617313087,81.17804023811962,79.43649157731349,-0.04126404164870492,-21.308772513729057,2.3860052516853214,160.4360799119364,172.73292185808313,7.381744328444474,0.11939226130178604,0.008408121177237023,-0.0013071759334613768,-0.0038538642090277866,0.01031136346539359,0.020834376205166837,0.43388373911755823,-0.900968867902419,0.8660254037844387,-0.4999999999999998
2018-05-25,169.52999877929688,170.3300018310547,169.2100067138672,169.72000122070312,161.12730407714844,27460500.0,0.0010022408661315,93.8000030517578,94.27999877929688,93.75,94.19000244140624,94.19000244140624,0.0,2.950999975204468,2.950999975204468,2.921999931335449,2.930999994277954,2.930999994277954,0.0,12.4399995803833,13.520000457763672,12.289999961853027,13.220000267028809,13.220000267028809,0.0,0.0010022408661315338,0.006606471569940662,0.001002743277340068,168.78399963378908,166.96600112915038,163.62620086669924,157.72300033569334,168.32250196517114,166.64416754508557,1.6783344200855765,1.5595070635510464,61.109827037099315,82.61213275095402,81.70569316115659,0.15342529005969982,-18.456457455932618,2.2955759563640483,161.0493062000254,172.88269605827537,7.087305067033792,0.11932886922033067,-0.0002950538224500876,0.008408121177237023,-0.0051820457180130905,-0.0009438364045229301,0.0006169530354230915,-0.433883739117558,-0.9009688679024191,0.8660254037844387,-0.4999999999999998
2018-05-28,169.52999877929688,170.3300018310547,169.2100067138672,169.72000122070312,161.12730407714844,27460500.0,0.0,93.8000030517578,94.27999877929688,93.75,94.19000244140624,94.19000244140624,0.0,2.950999975204468,2.950999975204468,2.921999931335449,2.930999994277954,2.930999994277954,0.0,12.4399995803833,13.520000457763672,12.289999961853027,13.220000267028809,13.220000267028809,0.0,0.0,0.006606471569940662,0.0,168.7809997558594,167.40500106811524,163.678600769043,157.86635032653805,168.5375018506376,166.8720070766128,1.6654947740248076,1.5807046056457987,61.109827037099315,79.4697630356066,81.08664534156009,-0.01767232948269514,-21.82548092351848,2.211605896422866,162.09955179219563,172.71045034403485,6.338459713949508,0.11445098674605389,0.0010022408661315338,-0.0002950538224500876,0.005597497910568411,0.0017098350455240538,-0.007119942472293641,0.0,1.0,0.8660254037844387,-0.4999999999999998
2018-05-29,168.9499969482422,169.9199981689453,167.9600067138672,168.97000122070312,160.415283203125,41220500.0,-0.0044287883844787,94.41000366210938,95.02999877929688,94.27999877929688,94.83000183105467,94.83000183105467,0.0,2.878999948501587,2.8910000324249268,2.759000062942505,2.7679998874664307,2.7679998874664307,0.0,14.390000343322754,18.780000686645508,14.390000343322754,17.020000457763672,17.020000457763672,0.0,-0.004428788384478779,0.011601015036884365,-0.004418995763018074,168.89100036621096,167.71450119018553,163.70500091552734,157.99520034790038,168.60404021526304,167.02741405024912,1.57662616501392,1.579888917519423,57.82707296412988,70.92120702777197,77.66770093811087,0.6552726130406613,-46.95444053723297,2.1936334363268135,162.84040672882554,172.58859565154552,5.812370936050239,0.11221661674584943,0.0,0.0010022408661315338,-0.0013071759334613768,-0.011136530038694763,0.011368056850892724,0.7818314824680298,0.6234898018587336,0.8660254037844387,-0.4999999999999998
2018-05-30,169.5800018310547,170.47999572753906,169.22000122070312,170.17999267578125,161.56399536132812,22665800.0,0.0071353475729045,94.81999969482422,94.97000122070312,94.04000091552734,94.1500015258789,94.1500015258789,0.0,2.865999937057495,2.865999937057495,2.821000099182129,2.8420000076293945,2.8420000076293945,0.0,16.600000381469727,16.639999389648438,14.649999618530272,14.9399995803833,14.9399995803833,0.0,0.007135347572904599,0.007430089003603244,0.007160864820770163,169.0110000610352,168.1325004577637,163.77020080566405,158.13265029907222,168.84649443995815,167.26093839288112,1.5855560470770342,1.5810223434309454,61.427172381681174,71.65868733156792,74.01655246498215,0.7101414241819757,-16.24401654454479,2.1448020842203226,164.01108252438598,172.25391839114144,4.902583286582433,0.10974892256193287,-0.004428788384478779,0.0,0.008408121177237023,0.006590209476253858,-0.005915159207406147,0.9749279121818236,-0.22252093395631434,0.8660254037844387,-0.4999999999999998
2018-05-31,170.17999267578125,171.1999969482422,169.6300048828125,170.07000732421875,161.45957946777344,35670900.0,-0.0006464908776187,94.06999969482422,94.25,93.72000122070312,93.98999786376952,93.98999786376952,0.0,2.865999937057495,2.869999885559082,2.822000026702881,2.822000026702881,2.822000026702881,0.0,14.93000030517578,16.290000915527344,14.199999809265137,15.43000030517578,15.43000030517578,0.0,-0.0006464908776187332,0.009225479686209417,-0.0006462819474175596,169.18500061035158,168.54600067138676,163.9156008911133,158.27165031433103,169.03472719138287,167.4690175729802,1.5657096184026784,1.5779597984252922,60.91811768062665,70.21477588411362,70.93155674781784,1.0336870874096635,-26.15721526588135,2.1037442257352774,165.61099709783525,171.48100424493828,3.4827329771815503,0.10993137795488903,0.007135347572904599,-0.004428788384478779,-0.0002950538224500876,-0.0038538642090277866,-0.00012376466294296927,0.43388373911755823,-0.900968867902419,0.8660254037844387,-0.4999999999999998
2018-06-01,170.9199981689453,172.83999633789062,170.8699951171875,172.74000549316406,163.99436950683594,45543300.0,0.0155772655557719,93.9499969482422,94.4499969482422,93.87999725341795,94.19000244140624,94.19000244140624,0.0,2.900000095367432,2.924000024795532,2.880000114440918,2.8949999809265137,2.8949999809265137,0.0,14.920000076293944,14.93000030517578,13.369999885559082,13.460000038146973,13.460000038146973,0.0,0.015577265555771996,0.011525867316917964,0.015699223591551847,169.71300048828127,168.93950119018558,164.20020111083983,158.42550033569333,169.6047700070415,167.85946112262346,1.7453088844180513,1.6114296156238441,67.8775443866155,85.3070223490704,75.72682852158397,3.1529909038631634,-1.677701142362653,2.1513331391593202,165.96956499259687,171.9094373877743,3.5159760466502963,0.10403457032249416,-0.0006464908776187332,0.007135347572904599,0.0010022408661315338,-0.0051820457180130905,0.018796549649961893,-0.433883739117558,-0.9009688679024191,0.49999999999999994,-0.8660254037844387
2018-06-04,173.17999267578125,174.33999633789062,173.07000732421875,174.3000030517578,165.47540283203125,20459600.0,0.0089904654407157,94.16000366210938,94.1999969482422,93.66000366210938,94.0199966430664,94.0199966430664,0.0,2.9110000133514404,2.940999984741211,2.9019999504089355,2.937000036239624,2.937000036239624,0.0,13.90999984741211,13.90999984741211,12.6899995803833,12.739999771118164,12.739999771118164,0.0,0.00899046544071573,0.0073333471958824,0.009031001062103972,170.30300140380862,169.34250106811524,164.39820129394528,158.58495033264157,170.32711355238246,168.33653830255935,1.9905752498231095,1.6872587424636973,71.11408968492381,90.54299331547159,82.02159718288519,3.503568508975231,-0.5361036453411572,2.1119515466998378,165.78553606993702,172.89946606629346,4.20091232353712,0.10460599171008785,0.015577265555771996,-0.0006464908776187332,0.0,0.005597497910568411,0.008275177890760488,0.0,1.0,0.49999999999999994,-0.8660254037844387
2018-06-05,174.7100067138672,175.1300048828125,174.07000732421875,174.83999633789062,165.98809814453125,24779300.0,0.003093527461456,94.05999755859376,94.31999969482422,93.77999877929688,93.88999938964844,93.88999938964844,0.0,2.9110000133514404,2.930999994277954,2.900000095367432,2.9189999103546143,2.9189999103546143,0.0,12.90999984741211,13.34000015258789,12.300000190734863,12.399999618530272,12.399999618530272,0.0,0.003093527461456097,0.006067182862225917,0.003098317355482827,170.96900177001953,169.7810005187988,164.71340118408202,158.7443003082275,171.0214032116914,168.8182759348061,2.203127276885283,1.7904324493480146,72.1597606323246,98.09031337411135,91.31344301288445,3.960045161227105,-3.5152550899621215,2.0368119761208314,165.78719996599136,173.77480107160625,4.704649566916922,0.1038542458774309,0.00899046544071573,0.015577265555771996,-0.004428788384478779,-0.0013071759334613768,-0.0010232320396513811,0.7818314824680298,0.6234898018587336,0.49999999999999994,-0.8660254037844387
2018-06-06,175.02000427246094,175.88999938964844,174.13999938964844,175.86000061035156,166.95645141601562,25036600.0,0.005816920584764,93.87999725341795,93.88999938964844,93.41999816894533,93.66000366210938,93.66000366210938,0.0,2.9549999237060547,2.9809999465942383,2.947999954223633,2.9749999046325684,2.9749999046325684,0.0,12.100000381469728,12.5600004196167,11.619999885559082,11.640000343322754,11.640000343322754,0.0,0.005816920584764056,0.009998857029369637,0.0058338717191710465,171.59500122070312,170.18000030517578,165.08560119628908,158.90035034179687,171.76580281148526,169.3398851700317,2.425917641453566,1.9175294877691251,74.06927101292021,98.53856374533039,95.72395681163778,3.6910343641232775,-0.33295002870550316,2.016325406397915,165.4578008916864,174.90219971866517,5.549652609027258,0.10001064070872678,0.003093527461456097,0.00899046544071573,0.007135347572904599,0.008408121177237023,0.010839901251747016,0.9749279121818236,-0.22252093395631434,0.49999999999999994,-0.8660254037844387
2018-06-07,175.88999938964844,175.92999267578125,173.5500030517578,174.42999267578125,165.5988311767578,39600300.0,-0.0081648246314928,93.58999633789062,93.58999633789062,93.20999908447266,93.4000015258789,93.4000015258789,0.0,2.990000009536743,2.992000102996826,2.884000062942505,2.933000087738037,2.933000087738037,0.0,11.65999984741211,13.279999732971191,11.220000267028809,12.130000114440918,12.130000114440918,0.0,-0.008164824631492883,0.013531125318563767,-0.008131582983127439,172.08300018310547,170.42050018310547,165.37160095214847,159.04150032043458,172.17567817522308,169.71693017045757,2.4587480047655106,2.025773191168402,67.11879789457119,93.19239562980847,96.60709091641672,2.8782008470585185,-16.57460799190693,2.0423014219425952,165.34189552201047,175.49910484420047,5.9600865572373944,0.10192022090836482,0.005816920584764056,0.003093527461456097,-0.0006464908776187332,-0.0002950538224500876,0.01031136346539359,0.43388373911755823,-0.900968867902419,0.49999999999999994,-0.8660254037844387
2018-06-08,173.61000061035156,174.8800048828125,173.17999267578125,174.44000244140625,165.60833740234375,31780300.0,5.740350143576945e-05,93.44000244140624,93.81999969482422,93.38999938964844,93.5500030517578,93.5500030517578,0.0,2.924000024795532,2.941999912261963,2.9210000038146973,2.937000036239624,2.937000036239624,0.0,12.539999961853027,13.3100004196167,12.09000015258789,12.18000030517578,12.18000030517578,0.0,5.740350143576945e-05,0.009792132947725398,5.740514904828409e-05,172.5550003051758,170.66949996948242,165.65780090332035,159.1837003326416,172.5240357546359,170.06678737571303,2.4572483789228556,2.1120682287192927,67.14204061888302,88.87614642723248,93.53570193412378,2.781051842301873,-16.464002697690105,2.0178521923060706,165.30868889533608,176.03031104362876,6.282096186026106,0.10167675070253757,-0.008164824631492883,0.005816920584764056,0.015577265555771996,0.0010022408661315338,-0.0009438364045229301,-0.433883739117558,-0.9009688679024191,0.49999999999999994,-0.8660254037844387
2018-06-11,174.30999755859375,175.33999633789062,174.27999877929688,174.91000366210938,166.05455017089844,22319700.0,0.0026907625453191,93.54000091552734,93.68000030517578,93.37000274658205,93.58000183105467,93.58000183105467,0.0,2.963000059127808,2.970000028610229,2.95199990272522,2.9570000171661377,2.9570000171661377,0.0,12.520000457763672,12.6899995803833,12.140000343322754,12.350000381469728,12.350000381469728,0.0,0.002690762545319141,0.006081105923011875,0.002694385895986695,173.07400054931642,170.9275001525879,166.04580108642577,159.32825035095215,172.89110774040103,170.42554413766834,2.4655636027326864,2.1827673035219712,68.27597365130283,85.23025909065362,89.09960038256486,3.0579792623600057,-11.270612038442085,1.9494340041837621,165.26484292802155,176.59015737715424,6.625800084259421,0.10176980572388095,5.740350143576945e-05,-0.008164824631492883,0.00899046544071573,0.0,0.0017098350455240538,0.0,1.0,0.49999999999999994,-0.8660254037844387
2018-06-12,175.14999389648438,176.0,174.9600067138672,175.8300018310547,166.9279327392578,22511800.0,0.0052458289312377,93.66999816894533,93.91000366210938,93.47000122070312,93.8000030517578,93.8000030517578,0.0,2.970000028610229,2.9809999465942383,2.9570000171661377,2.9570000171661377,2.9570000171661377,0.0,12.289999961853027,12.600000381469728,11.880000114440918,12.34000015258789,12.34000015258789,0.0,0.00524582893123776,0.005937729502562588,0.005259612383162748,173.76000061035157,171.32550048828122,166.41720123291014,159.4839503479004,173.34324529280926,170.82587433717845,2.5173709556308097,2.2496880339437393,70.42731921035708,90.06069176829817,88.05569909539474,4.05989262046063,-2.083309958973323,1.888045599448538,165.45263491272613,177.19836606383632,6.85579853415552,0.09082137172592937,0.002690762545319141,5.740350143576945e-05,0.003093527461456097,-0.004428788384478779,-0.011136530038694763,0.7818314824680298,0.6234898018587336,0.49999999999999994,-0.8660254037844387
2018-06-13,176.10000610351562,177.13999938964844,175.42999267578125,175.82000732421875,166.91848754882812,37858600.0,-5.6584044987297645e-05,93.83000183105467,94.02999877929688,93.5199966430664,93.70999908447266,93.70999908447266,0.0,2.9570000171661377,3.009000062942505,2.950000047683716,2.976999998092652,2.976999998092652,0.0,12.130000114440918,12.949999809265137,11.979999542236328,12.9399995803833,12.9399995803833,0.0,-5.6584044987297645e-05,0.009710429611581082,-5.658244414041835e-05,174.32400207519532,171.66750106811523,166.73880126953125,159.63740036010742,173.7242856053338,171.19581011399626,2.528475491337531,2.3054455254224977,70.37148791605384,90.75568933208945,88.68221339701374,3.3141467218080005,-14.379010006316284,1.8753285361927272,165.57712861370115,177.7578735225293,7.095545069998434,0.08973096243267853,0.00524582893123776,0.002690762545319141,0.005816920584764056,0.007135347572904599,0.006590209476253858,0.9749279121818236,-0.22252093395631434,0.49999999999999994,-0.8660254037844387
2018-06-14,176.6300048828125,177.88999938964844,176.5,177.60000610351562,168.6083526611328,35916000.0,0.0100729908805932,93.5,94.87000274658205,93.19000244140624,94.7699966430664,94.7699966430664,0.0,2.938999891281128,2.9649999141693115,2.927999973297119,2.946000099182129,2.946000099182129,0.0,12.979999542236328,13.06999969482422,11.880000114440918,12.119999885559082,12.119999885559082,0.0,0.010072990880593293,0.007869554159672084,0.010123894225978702,175.077001953125,172.13100128173826,167.07780151367191,159.7980503845215,174.32055029736176,171.6701950021088,2.6503552952529503,2.3744274793885882,74.2818680445614,93.53910079697577,91.45182729912113,4.427587731528585,-2.9203776437830786,1.889233073995367,165.708195043338,178.55380752013852,7.462695494215619,0.09131717179743808,-5.6584044987297645e-05,0.00524582893123776,-0.008164824631492883,-0.0006464908776187332,-0.0038538642090277866,0.43388373911755823,-0.900968867902419,0.49999999999999994,-0.8660254037844387
2018-06-15,176.92999267578125,177.3300018310547,176.11000061035156,176.97999572753906,168.0197296142578,49615700.0,-0.003497174940442,94.91000366210938,95.12999725341795,94.6500015258789,94.79000091552734,94.79000091552734,0.0,2.9260001182556152,2.930000066757202,2.888999938964844,2.924000024795532,2.924000024795532,0.0,12.1899995803833,13.15999984741211,11.93000030517578,11.979999542236328,11.979999542236328,0.0,-0.003497174940442024,0.006895389539402399,-0.0034910669464757182,175.50100097656252,172.60700073242188,167.48480133056643,159.9619003295898,174.72969574815826,172.0635135743629,2.666182173795363,2.4327784182699435,70.77781845245649,91.17880655599275,91.82453222835265,2.4545502486641935,-9.16419268192239,1.8607168182217024,166.2308587339459,178.98314273089787,7.388045642899947,0.08957229700045906,0.010072990880593293,-5.6584044987297645e-05,5.740350143576945e-05,0.015577265555771996,-0.0051820457180130905,-0.433883739117558,-0.9009688679024191,0.49999999999999994,-0.8660254037844387
2018-06-18,175.49000549316406,176.64999389648438,174.94000244140625,176.5,167.92266845703125,31633200.0,-0.0005778440618663,94.79000091552734,95.0500030517578,94.6999969482422,94.75,94.75,0.0,2.9019999504089355,2.933000087738037,2.9019999504089355,2.9260001182556152,2.9260001182556152,0.0,12.789999961853027,13.739999771118164,12.279999732971191,12.3100004196167,12.3100004196167,0.0,-0.0005778440618663659,0.009744095968728744,-0.000577677142139188,175.72100067138672,173.01200103759766,167.86020141601563,160.11505035400387,175.0020502484416,172.39214219848418,2.6099080499574256,2.46820434460744,68.09954607753752,90.62771268570884,91.78187334622578,1.2621898506730982,-16.032291617167992,1.8735222802153533,166.73274246481503,179.29125961038028,7.258754924657582,0.08966405855551182,-0.003497174940442024,0.010072990880593293,0.002690762545319141,0.00899046544071573,0.005597497910568411,0.0,1.0,0.49999999999999994,-0.8660254037844387
2018-06-19,174.27000427246094,176.0399932861328,173.7100067138672,176.0,167.4469757080078,38236000.0,-0.0028368284149446,94.73999786376952,95.3000030517578,94.52999877929688,95.08999633789062,95.08999633789062,0.0,2.884000062942505,2.8949999809265137,2.868000030517578,2.8929998874664307,2.8929998874664307,0.0,14.609999656677246,14.68000030517578,13.210000038146973,13.350000381469728,13.350000381469728,0.0,-0.002836828414944622,0.013369980576937541,-0.002832808419460986,175.83700103759767,173.40300140380862,168.1560012817383,160.26395034790036,175.15558097945058,172.6593909245224,2.496190054928178,2.4738014866715874,65.32645596006647,83.9740506470373,88.5935232962463,0.663465846720556,-22.88136375979768,1.9389844949237434,167.42390841984897,179.38209438776826,6.896181652630058,0.09067421861725022,-0.0005778440618663659,-0.003497174940442024,0.00524582893123776,0.003093527461456097,-0.0013071759334613768,0.7818314824680298,0.6234898018587336,0.49999999999999994,-0.8660254037844387
2018-06-20,176.80999755859375,177.97999572753906,176.64999389648438,177.25,168.63626098632812,33038000.0,0.0070773553253389,94.97000122070312,95.3000030517578,94.91999816894533,95.05999755859376,95.05999755859376,0.0,2.900000095367432,2.930000066757202,2.884000062942505,2.927999973297119,2.927999973297119,0.0,12.899999618530272,13.020000457763672,12.25,12.789999961853027,12.789999961853027,0.0,0.007077355325338933,0.007522209430572121,0.0071024589921180326,175.97600097656252,173.78550109863284,168.49540130615236,160.4181003570556,175.47779929030435,172.99943604122444,2.478363249079905,2.474713839153251,68.75226393305434,83.6063921135701,86.06938514877207,0.7904011058934448,-10.267168282324057,1.9419138686819806,167.85217184874983,179.71883034851584,6.828336325382531,0.0896175804078527,-0.002836828414944622,-0.0005778440618663659,-5.6584044987297645e-05,0.005816920584764056,0.008408121177237023,0.9749279121818236,-0.22252093395631434,0.49999999999999994,-0.8660254037844387
2018-06-21,177.6999969482422,177.8800048828125,175.3699951171875,175.7100067138672,167.17108154296875,43469400.0,-0.0087263651236985,95.12999725341795,95.52999877929688,94.68000030517578,94.87000274658205,94.87000274658205,0.0,2.9260001182556152,2.9260001182556152,2.8910000324249268,2.8970000743865967,2.8970000743865967,0.0,12.539999961853027,15.18000030517578,12.18000030517578,14.640000343322754,14.640000343322754,0.0,-0.00872636512369852,0.014124984854986117,-0.008688400909684368,176.1040023803711,174.09350128173833,168.7654013061523,160.56885040283197,175.513523509314,173.2002190540128,2.313304455301221,2.442431962382845,60.78426204685866,73.53980109759331,80.37341461940024,0.7338268026331581,-46.232064665098314,1.9824921470350536,168.45364542611793,179.73335713735872,6.479111298351484,0.09752058041581836,0.007077355325338933,-0.002836828414944622,0.010072990880593293,-0.008164824631492883,-0.0002950538224500876,0.43388373911755823,-0.900968867902419,0.49999999999999994,-0.8660254037844387
2018-06-22,176.3000030517578,176.3699951171875,174.69000244140625,175.32000732421875,166.800048828125,30073200.0,-0.0022219457537053,94.86000061035156,94.87999725341795,94.43000030517578,94.5199966430664,94.5199966430664,0.0,2.9130001068115234,2.927999973297119,2.8970000743865967,2.900000095367432,2.900000095367432,0.0,14.600000381469728,14.600000381469728,13.109999656677246,13.770000457763672,13.770000457763672,0.0,-0.0022219457537053277,0.009529169862169775,-0.0022194790595309044,176.19200286865234,174.3735015869141,169.04440155029295,160.7151504516601,175.4837517885301,173.3572404073614,2.1265113811687115,2.3792478461400184,58.92187988874139,62.69479240539876,73.28032853885405,0.5044742435772955,-55.41638983638138,1.9608850419454962,169.10399271709508,179.64301045673312,6.043933076829917,0.09857626228202575,-0.00872636512369852,0.007077355325338933,-0.003497174940442024,5.740350143576945e-05,0.0010022408661315338,-0.433883739117558,-0.9009688679024191,0.49999999999999994,-0.8660254037844387
2018-06-25,173.72999572753906,173.99000549316406,169.80999755859375,171.3699951171875,163.0419921875,77799700.0,-0.0227879942487304,94.5,94.6999969482422,94.20999908447266,94.27999877929688,94.27999877929688,0.0,2.881999969482422,2.8970000743865967,2.865999937057495,2.875,2.875,0.0,15.06999969482422,19.61000061035156,14.5600004196167,17.329999923706055,17.329999923706055,0.0,-0.02278799424873047,0.024060369754028102,-0.022530308995876824,175.83800201416014,174.4560012817383,169.21980133056638,160.84425041198725,174.85086614678508,173.2100370525337,1.6408290942513872,2.2315640957622924,44.16294863146035,39.1485890471175,58.46106085003652,-2.023902847638408,-80.9057783571678,2.2143939507797468,169.4480802050171,179.4639223584595,5.741185215673543,0.13155284566606115,-0.0022219457537053277,-0.00872636512369852,-0.0005778440618663659,0.002690762545319141,0.0,0.0,1.0,0.49999999999999994,-0.8660254037844387
2018-06-26,172.0,173.05999755859375,171.3699951171875,172.07000732421875,163.70799255371094,39008100.0,0.0040765191713054,94.29000091552734,94.7699966430664,94.16999816894533,94.68000030517578,94.68000030517578,0.0,2.86899995803833,2.8910000324249268,2.865999937057495,2.880000114440918,2.880000114440918,0.0,16.709999084472656,17.540000915527344,15.100000381469728,15.920000076293944,15.920000076293944,0.0,0.0040765191713054835,0.009825595589571221,0.00408483947770355,175.46200256347655,174.61100158691406,169.33920135498045,160.97560043334957,174.4230417125441,173.12559040599186,1.297451306552233,2.044741537920281,46.71043769196954,30.446712079657093,44.09669784405778,-2.138426018131256,-72.33769556747953,2.1769374143959257,170.15672350660978,179.06527966721833,5.101944367562801,0.13071029101268564,-0.02278799424873047,-0.0022219457537053277,-0.002836828414944622,0.00524582893123776,-0.004428788384478779,0.7818314824680298,0.6234898018587336,0.49999999999999994,-0.8660254037844387
2018-06-27,172.8000030517578,173.5800018310547,169.61000061035156,169.72999572753906,161.48170471191406,52843500.0,-0.0136924548536519,94.66999816894533,95.41999816894533,94.52999877929688,95.29000091552734,95.29000091552734,0.0,2.865999937057495,2.865999937057495,2.825999975204468,2.82699990272522,2.82699990272522,0.0,16.520000457763672,18.190000534057617,14.760000228881836,17.90999984741211,17.90999984741211,0.0,-0.013692454853651937,0.02297454369554619,-0.013599139584259734,174.85300140380858,174.58850173950194,169.40500122070313,161.0975003814697,173.70103463792793,172.8740648742546,0.8269697636733326,1.8011871830708914,40.12086544526809,16.06338677696611,28.552895967913564,-3.4637762160079286,-98.56636574445433,2.3050134005607257,170.03650804916154,179.14049542984233,5.214540069920852,0.13845625274544682,0.0040765191713054835,-0.02278799424873047,0.007077355325338933,-5.6584044987297645e-05,0.007135347572904599,0.9749279121818236,-0.22252093395631434,0.49999999999999994,-0.8660254037844387
2018-06-28,169.52000427246094,171.77000427246094,169.1699981689453,171.19000244140625,162.87071228027344,46407700.0,0.0085648571533585,95.2699966430664,95.52999877929688,95.08999633789062,95.38999938964844,95.38999938964844,0.0,2.825999975204468,2.852999925613404,2.8239998817443848,2.8469998836517334,2.8469998836517334,0.0,17.540000915527344,18.989999771118164,16.399999618530273,16.850000381469727,16.850000381469727,0.0,0.00856485715335855,0.01533745893102248,0.008601640482043482,174.2120010375977,174.6445014953613,169.53060119628907,161.23115036010736,173.31472199230922,172.74931950885843,0.5654024834507823,1.5540302431468695,45.30539444761334,17.341494629808928,21.283864495477374,-3.6092361721954287,-77.07145479863935,2.326084307914647,170.30391319202937,178.98508979869325,4.970770068529447,0.14173033943629587,-0.013692454853651937,0.0040765191713054835,-0.00872636512369852,0.010072990880593293,-0.0006464908776187332,0.43388373911755823,-0.900968867902419,0.49999999999999994,-0.8660254037844387
2018-06-29,172.00999450683594,172.9199981689453,171.39999389648438,171.64999389648438,163.30838012695312,36408500.0,0.0026836061509268,95.3000030517578,95.31999969482422,94.4800033569336,94.62999725341795,94.62999725341795,0.0,2.8510000705718994,2.852999925613404,2.8329999446868896,2.8489999771118164,2.8489999771118164,0.0,15.729999542236328,16.510000228881836,14.65999984741211,16.09000015258789,16.09000015258789,0.0,0.002683606150926897,0.008836720661603941,0.002687210245182259,173.67900085449222,174.59000091552733,169.7176010131836,161.3678002929687,173.05860997756693,172.6678879820159,0.3907219955510186,1.3213685936276995,46.86632381962047,17.503989500352695,16.969623635709244,-3.0116408406180732,-71.85021095584823,2.2835065521735336,170.12318945735328,179.05681237370138,5.116915556160913,0.13039650883872453,0.00856485715335855,-0.013692454853651937,-0.0022219457537053277,-0.003497174940442024,0.015577265555771996,-0.433883739117558,-0.9009688679024191,0.49999999999999994,-0.8660254037844387
2018-07-02,170.0399932861328,172.85000610351562,169.6699981689453,172.8000030517578,164.40249633789062,31770000.0,0.0066773510114689,94.62999725341795,95.13999938964844,94.52999877929688,94.87000274658205,94.87000274658205,0.0,2.8289999961853027,2.871000051498413,2.8289999961853027,2.865999937057495,2.865999937057495,0.0,17.700000762939453,18.07999992370605,15.539999961853027,15.600000381469728,15.600000381469728,0.0,0.006677351011468932,0.01870152940560984,0.006699694223204933,173.309001159668,174.51500091552734,169.93580108642578,161.51780029296873,173.01882429667322,172.6776742834783,0.34115001319491967,1.1253248775411435,50.65767963002976,30.76052643125518,21.86867018713893,-2.096315551412004,-58.79675495174688,2.3475423652018748,169.97786953673594,179.05213229431874,5.199703584206569,0.12847632133808545,0.002683606150926897,0.00856485715335855,-0.02278799424873047,-0.0005778440618663659,0.00899046544071573,0.0,1.0,1.2246467991473532e-16,-1.0
2018-07-03,173.4499969482422,173.4499969482422,170.6300048828125,170.8000030517578,162.49966430664062,25512700.0,-0.0116417310814732,94.83999633789062,94.9800033569336,94.55999755859376,94.58999633789062,94.58999633789062,0.0,2.881999969482422,2.881999969482422,2.8359999656677246,2.838000059127808,2.838000059127808,0.0,15.369999885559082,16.450000762939453,14.68000030517578,16.139999389648438,16.139999389648438,0.0,-0.01164173108147325,0.016258242231455205,-0.01157422833373023,172.78900146484375,174.3130012512207,170.18260101318361,161.6559503173828,172.67746718207084,172.5385875255731,0.1388796564977497,0.9280358333324648,44.685841817422975,29.284932417921198,25.84981611650969,-2.954543720592152,-81.49823683864129,2.381288772361004,169.4863008359186,179.1397016665228,5.5379694924142076,0.13381208192277913,0.006677351011468932,0.002683606150926897,0.0040765191713054835,-0.002836828414944622,0.003093527461456097,0.7818314824680298,0.6234898018587336,1.2246467991473532e-16,-1.0
2018-07-04,173.4499969482422,173.4499969482422,170.6300048828125,170.8000030517578,162.49966430664062,25512700.0,0.0,94.83999633789062,94.9800033569336,94.55999755859376,94.58999633789062,94.58999633789062,0.0,2.881999969482422,2.881999969482422,2.8359999656677246,2.838000059127808,2.838000059127808,0.0,15.369999885559082,16.450000762939453,14.68000030517578,16.139999389648438,16.139999389648438,0.0,0.0,0.016258242231455205,0.0,172.14400177001954,174.06000137329102,170.42560119628908,161.78765029907223,172.38862654663808,172.40980349047567,-0.02117694383758817,0.7381932778984542,44.68584181742298,26.06892379032351,28.70479421316663,-3.6389263459758463,-81.49823683864129,2.4126247218659103,169.0478331096761,179.07216963690593,5.759126995369555,0.13141759867798622,-0.01164173108147325,0.006677351011468932,-0.013692454853651937,0.007077355325338933,0.005816920584764056,0.9749279121818236,-0.22252093395631434,1.2246467991473532e-16,-1.0
2018-07-05,171.91000366210938,173.05999755859375,171.02999877929688,172.9199981689453,164.5166015625,31626200.0,0.012335550503423,94.51000213623048,94.58999633789062,94.18000030517578,94.47000122070312,94.47000122070312,0.0,2.8580000400543213,2.861999988555908,2.819999933242798,2.8399999141693115,2.8399999141693115,0.0,15.619999885559082,16.219999313354492,14.470000267028809,14.970000267028809,14.970000267028809,0.0,0.012335550503423057,0.011808497097625891,0.012411947215185348,171.86500091552736,173.98450164794923,170.64420104980468,161.93020027160642,172.47037602699302,172.44759568888082,0.022780338112198706,0.5951106899412032,51.68743732943307,26.522934953548145,27.292263720597614,-1.5878484083523088,-57.43472146207298,2.4017225636494834,168.95035706667204,179.01864622922642,5.786888525810859,0.13733747895016557,0.0,-0.01164173108147325,0.00856485715335855,-0.00872636512369852,-0.008164824631492883,0.43388373911755823,-0.900968867902419,1.2246467991473532e-16,-1.0
2018-07-06,173.32000732421875,175.74000549316406,173.0,175.61000061035156,167.075927734375,37005600.0,0.0154368797178094,94.36000061035156,94.48999786376952,93.91999816894533,94.04000091552734,94.04000091552734,0.0,2.8289999961853027,2.8359999656677246,2.811000108718872,2.8310000896453857,2.8310000896453857,0.0,14.989999771118164,15.449999809265137,13.34000015258789,13.369999885559082,13.369999885559082,0.0,0.015436879717809472,0.015808939403276785,0.015556643813255056,171.89400024414064,174.04300155639646,170.91460113525386,162.08100028991697,172.95339519366354,172.68184790528608,0.27154728837746234,0.5303980096284551,58.811660156405516,44.72194702895187,32.43793525760784,0.16540798198606552,-26.90120061243011,2.4316000465472882,168.95961837861176,179.12638473418116,5.84152552222847,0.14832060454141105,0.012335550503423057,0.0,0.002683606150926897,-0.0022219457537053277,5.740350143576945e-05,-0.433883739117558,-0.9009688679024191,1.2246467991473532e-16,-1.0
2018-07-09,176.52000427246094,177.22999572753906,175.82000732421875,177.19000244140625,168.57908630371094,27362100.0,0.0089566284144134,93.97000122070312,94.20999908447266,93.70999908447266,94.08000183105467,94.08000183105467,0.0,2.861999988555908,2.861999988555908,2.8489999771118164,2.859999895095825,2.859999895095825,0.0,13.020000457763672,13.220000267028809,12.600000381469728,12.6899995803833,12.6899995803833,0.0,0.00895662841441341,0.007987697536784426,0.00899685903121683,172.47600097656252,174.1570014953613,171.2396011352539,162.23905029296873,173.6051809240855,173.015785278332,0.5893956457534841,0.542197536853461,62.325740926385166,68.89902292918026,46.714634970560084,3.3961647254753493,-8.967009137956117,2.373628265878732,168.89270809598034,179.42129489474226,6.045457092370961,0.15122037552549583,0.015436879717809472,0.012335550503423057,0.006677351011468932,-0.02278799424873047,0.002690762545319141,0.0,1.0,1.2246467991473532e-16,-1.0
2018-07-10,177.52000427246094,177.72000122070312,176.7100067138672,177.32000732421875,168.70281982421875,23902500.0,0.0007337098362559,94.05999755859376,94.4800033569336,94.0199966430664,94.11000061035156,94.11000061035156,0.0,2.867000102996826,2.875,2.8580000400543213,2.872999906539917,2.872999906539917,0.0,12.520000457763672,13.210000038146973,11.93000030517578,12.640000343322754,12.640000343322754,0.0,0.0007337098362559918,0.005689468693825511,0.0007339790671596624,173.00100097656252,174.2315017700195,171.53040130615236,162.3962003326416,174.17669267795213,173.33461654099028,0.8420761369618504,0.6021732568751388,62.608422820937584,85.90081057713816,66.50726017842342,3.0510837313488426,-6.42935851819929,2.2762258545185325,168.82720720761603,179.63579633242296,6.203579154746627,0.1502882341596199,0.00895662841441341,0.015436879717809472,-0.01164173108147325,0.0040765191713054835,0.00524582893123776,0.7818314824680298,0.6234898018587336,1.2246467991473532e-16,-1.0
2018-07-11,175.92999267578125,177.07000732421875,175.8000030517578,176.4199981689453,167.8465118408203,30280600.0,-0.005088762631252,94.1999969482422,94.7699966430664,94.08999633789062,94.72000122070312,94.72000122070312,0.0,2.844000101089477,2.865999937057495,2.838000059127808,2.8420000076293945,2.8420000076293945,0.0,14.050000190734863,14.149999618530272,13.09000015258789,13.630000114440918,13.630000114440918,0.0,-0.005088762631252034,0.007218804782203393,-0.00507583681346091,173.67000122070314,174.26150131225583,171.82240112304692,162.54815032958984,174.5218165996434,173.5631633282462,0.9586532713971962,0.6734692597795503,59.291628083742786,89.7996412384085,81.5331582482423,3.941555770816992,-15.204708628619057,2.222210027228704,168.81359363472998,179.70940898978168,6.252565984455565,0.15160397246006027,0.0007337098362559918,0.00895662841441341,0.0,-0.013692454853651937,-5.6584044987297645e-05,0.9749279121818236,-0.22252093395631434,1.2246467991473532e-16,-1.0
2018-07-12,177.1999969482422,179.4600067138672,177.0800018310547,179.4600067138672,170.7388458251953,27930100.0,0.0170852299179147,94.6999969482422,94.94000244140624,94.63999938964844,94.80999755859376,94.80999755859376,0.0,2.864000082015991,2.871000051498413,2.845000028610229,2.852999925613404,2.852999925613404,0.0,13.06999969482422,13.329999923706056,12.420000076293944,12.579999923706056,12.579999923706056,0.0,0.01708522991791472,0.013431179028223508,0.017232017232017283,174.49700164794922,174.35450134277343,172.17560119628908,162.70815032958984,175.28153815567782,173.9999665419959,1.2815716136819333,0.795089730560027,65.86893658265653,92.78864428439388,89.49636536664684,4.83089208161647,0.0,2.280624207063931,168.6111403268872,180.09786235865965,6.588141942598915,0.15945352318306968,-0.005088762631252034,0.0007337098362559918,0.012335550503423057,0.00856485715335855,0.010072990880593293,0.43388373911755823,-0.900968867902419,1.2246467991473532e-16,-1.0
2018-07-13,179.4499969482422,179.89999389648438,178.9499969482422,179.61000061035156,170.8815460205078,28049800.0,0.0008354314146253,94.9000015258789,95.23999786376952,94.66999816894533,94.75,94.75,0.0,2.844000101089477,2.845000028610229,2.82699990272522,2.8310000896453857,2.8310000896453857,0.0,12.390000343322754,12.970000267028809,11.619999885559082,12.18000030517578,12.18000030517578,0.0,0.0008354314146253024,0.005293936831418226,0.0008357804846508277,175.29300231933595,174.48600158691409,172.47040130615235,162.86790031433108,175.94745545639688,174.41552462113336,1.5319308352635232,0.9424579515007263,66.15946270972253,94.03088338784426,92.20638963688221,4.637347507665842,-2.702641207848111,2.185579402862378,168.3805142300625,180.59148894376568,6.9982546465887845,0.15870686135211448,0.01708522991791472,-0.005088762631252034,0.015436879717809472,0.002683606150926897,-0.003497174940442024,-0.433883739117558,-0.9009688679024191,1.2246467991473532e-16,-1.0
2018-07-16,179.64999389648438,179.9499969482422,178.8800048828125,179.17999267578125,170.47238159179688,21405300.0,-0.0023973043317879,94.69000244140624,94.7699966430664,94.41000366210938,94.51000213623048,94.51000213623048,0.0,2.8580000400543213,2.877000093460083,2.8550000190734863,2.8580000400543213,2.8580000400543213,0.0,12.770000457763672,12.970000267028809,12.460000038146973,12.829999923706056,12.829999923706056,0.0,-0.0023973043317879424,0.005955981640868992,-0.00239443309262799,175.93100128173828,174.62000122070316,172.7292010498047,163.02635025024415,176.4447688747637,174.76844818073693,1.6763206940267708,1.0892305000059352,64.46532345153872,96.71815373574353,94.51256046932721,3.692123559808315,-7.1428975849212595,2.105894593045757,168.2179640440317,181.02203839737462,7.332535943096103,0.15905415679600282,0.0008354314146253024,0.01708522991791472,0.00895662841441341,0.006677351011468932,-0.0005778440618663659,0.0,1.0,1.2246467991473532e-16,-1.0
2018-07-17,177.27999877929688,180.6499938964844,177.27999877929688,180.2700042724609,171.50949096679688,31034100.0,0.0060653071852384,94.5500030517578,95.05999755859376,94.3000030517578,94.97000122070312,94.97000122070312,0.0,2.8510000705718994,2.867000102996826,2.8469998836517334,2.864000082015991,2.864000082015991,0.0,12.90999984741211,13.18000030517578,11.850000381469728,12.0600004196167,12.0600004196167,0.0,0.006065307185238404,0.019009449122249673,0.006083738405693095,176.8780014038086,174.8335014343262,173.01320098876954,163.18970024108887,177.03326662825557,175.17597085419797,1.8572957740576044,1.242843554816269,66.78701429177434,95.61481527627022,95.45461746661934,5.544497102750863,-3.310015378419928,2.1961874876273124,167.9695548776054,181.697447991047,7.851980885138484,0.15952720691497943,-0.0023973043317879424,0.0008354314146253024,0.0007337098362559918,-0.01164173108147325,-0.002836828414944622,0.7818314824680298,0.6234898018587336,1.2246467991473532e-16,-1.0
2018-07-18,180.2899932861328,180.44000244140625,179.3800048828125,179.92999267578125,171.1859588623047,23220800.0,-0.0018881616360747,95.02999877929688,95.41000366210938,94.95999908447266,95.08000183105467,95.08000183105467,0.0,2.8510000705718994,2.875,2.8469998836517334,2.875,2.875,0.0,11.869999885559082,12.470000267028809,11.4399995803833,12.100000381469728,12.100000381469728,0.0,-0.0018881616360747198,0.005879403173039447,-0.0018863801802946334,177.79100036621094,174.96750106811524,173.25420074462892,163.34915023803714,177.47891678941335,175.5281206187597,1.9507961706536605,1.3844340779837474,65.35264013178188,94.32989877279911,95.55428926160428,5.345427084832523,-6.557390718261457,2.1150310641249153,167.8067011906621,182.12830094556838,8.185291364097871,0.15831495275417415,0.006065307185238404,-0.0023973043317879424,-0.005088762631252034,0.0,0.007077355325338933,0.9749279121818236,-0.22252093395631434,1.2246467991473532e-16,-1.0
2018-07-19,179.27999877929688,179.8800048828125,178.82000732421875,179.02999877929688,170.3297119140625,31094100.0,-0.0050144038218523,95.08000183105467,95.6500015258789,94.93000030517578,95.16999816894533,95.16999816894533,0.0,2.881999969482422,2.888999938964844,2.8340001106262207,2.8469998836517334,2.8469998836517334,0.0,12.199999809265137,13.09000015258789,11.789999961853027,12.869999885559082,12.869999885559082,0.0,-0.005014403821852374,0.005912525467487663,-0.005001852686591701,178.40200042724607,175.1335006713867,173.4424008178711,163.50545021057133,177.71754478785698,175.7875190010217,1.930025786835273,1.4935524197540526,61.582493743959695,91.79284475724172,93.91251960210369,3.5334262520532786,-14.75405963159343,2.043242084656171,167.74977081436376,182.51723052840967,8.432115875851169,0.1558977774871998,-0.0018881616360747198,0.006065307185238404,0.01708522991791472,0.012335550503423057,-0.00872636512369852,0.43388373911755823,-0.900968867902419,1.2246467991473532e-16,-1.0
2018-07-20,179.57000732421875,180.1699981689453,178.7899932861328,178.99000549316406,170.29173278808594,35897300.0,-0.0002229990314741,95.12999725341795,95.27999877929688,94.36000061035156,94.45999908447266,94.45999908447266,0.0,2.8550000190734863,2.8970000743865967,2.8469998836517334,2.8949999809265137,2.8949999809265137,0.0,13.0,13.579999923706056,12.489999771118164,12.859999656677246,12.859999656677246,0.0,-0.00022299903147415543,0.007685052216547844,-0.00022297416903827028,178.74000091552733,175.31700057983397,173.633000793457,163.65870025634766,177.91330797328882,176.02474022266188,1.8885677506269474,1.5725554859286315,61.41294786808037,87.37392698451309,91.16555683818464,1.9247223227976353,-16.566768696605838,1.9958679988101948,167.73402981442564,182.8999713452423,8.650582362610386,0.15552176480561875,-0.005014403821852374,-0.0018881616360747198,0.0008354314146253024,0.015436879717809472,-0.0022219457537053277,-0.433883739117558,-0.9009688679024191,1.2246467991473532e-16,-1.0
2018-07-23,178.4600067138672,179.63999938964844,177.74000549316406,179.55999755859375,170.83396911621094,22184700.0,0.0031791024937881,94.43000030517578,94.72000122070312,94.20999908447266,94.66999816894533,94.66999816894533,0.0,2.888000011444092,2.9649999141693115,2.888000011444092,2.9649999141693115,2.9649999141693115,0.0,13.470000267028809,13.550000190734863,12.579999923706056,12.619999885559082,12.619999885559082,0.0,0.0031791024937881515,0.010646608903981043,0.0031841611994152252,178.9770004272461,175.72650070190426,173.8292007446289,163.8122502136231,178.1666448325665,176.28661113643463,1.8800336961318749,1.6340511279692804,62.97740344735718,85.93365092650353,88.36680755608612,1.337544491524694,-10.878218892290137,1.989019848644065,168.15644569302367,183.29655571078484,8.61572384204263,0.1275653955101267,-0.00022299903147415543,-0.005014403821852374,-0.0023973043317879424,0.00895662841441341,-0.02278799424873047,0.0,1.0,1.2246467991473532e-16,-1.0
2018-07-24,181.41000366210932,182.0500030517578,179.55999755859375,180.3000030517578,171.5380401611328,36900300.0,0.0041129065364497,94.66999816894533,94.86000061035156,94.4000015258789,94.61000061035156,94.61000061035156,0.0,2.9579999446868896,2.9730000495910645,2.947000026702881,2.9489998817443848,2.9489998817443848,0.0,12.609999656677246,13.210000038146973,11.65999984741211,12.40999984741211,12.40999984741211,0.0,0.0041129065364497105,0.013725844456747256,0.004121376144125888,179.275,176.13800048828125,174.07780090332034,163.96855026245123,178.49485378936515,176.58389942645857,1.9109543629065797,1.6894317749567402,64.96346888020308,85.55826692734271,86.28861494611978,1.68057500814915,-15.88021162907588,2.0248045375383503,168.51031449831416,183.76568647824834,8.661033926605263,0.12757205228216914,0.0031791024937881515,-0.00022299903147415543,0.006065307185238404,0.0007337098362559918,0.0040765191713054835,0.7818314824680298,0.6234898018587336,1.2246467991473532e-16,-1.0
2018-07-25,180.3800048828125,182.92999267578125,180.2899932861328,182.82000732421875,173.935546875,35026600.0,0.0138797598035309,94.58999633789062,94.66999816894533,94.13999938964844,94.36000061035156,94.36000061035156,0.0,2.938999891281128,2.9489998817443848,2.927999973297119,2.936000108718872,2.936000108718872,0.0,12.369999885559082,12.81999969482422,11.800000190734863,12.289999961853027,12.289999961853027,0.0,0.013879759803530942,0.01463576515237133,0.013976530871024906,179.91500091552734,176.79250106811523,174.35460113525392,164.13835029602055,179.16026202549648,177.04583334481117,2.1144286806853074,1.7744311561024537,70.72318992882502,90.7113206329045,87.40107949558357,3.6277118363557563,-1.1076075799204665,2.068747026974785,169.23386237726925,184.3511397589612,8.550858939354857,0.11887145106055319,0.0041129065364497105,0.0031791024937881515,-0.0018881616360747198,-0.005088762631252034,-0.013692454853651937,0.9749279121818236,-0.22252093395631434,1.2246467991473532e-16,-1.0
2018-07-26,180.33999633789065,180.9199981689453,179.80999755859375,180.0500030517578,171.30010986328125,40873500.0,-0.0152677636533558,94.16000366210938,94.77999877929688,94.08000183105467,94.75,94.75,0.0,2.9670000076293945,2.9760000705718994,2.947000026702881,2.9749999046325684,2.9749999046325684,0.0,12.449999809265137,12.529999732971191,11.779999732971191,12.140000343322754,12.140000343322754,0.0,-0.015267763653355896,0.006155043988532808,-0.015151802257032165,179.9740005493164,177.23550109863282,174.589001159668,164.2970503234864,179.2971452603059,177.26836443421465,2.028780826091264,1.825301090100216,59.202372250876095,80.87318688754709,85.71425814926477,0.3287620170611723,-40.392620128362346,2.135980079735515,170.02906848457604,184.4419337126896,8.132041909646926,0.13498474823196357,0.013879759803530942,0.0041129065364497105,-0.005014403821852374,0.01708522991791472,0.00856485715335855,0.43388373911755823,-0.900968867902419,1.2246467991473532e-16,-1.0
2018-07-27,181.19000244140625,181.3099975585937,176.60000610351562,177.6199951171875,168.98825073242188,59456100.0,-0.0135878564670967,94.76000213623048,94.91000366210938,94.62999725341795,94.68000030517578,94.68000030517578,0.0,2.977999925613404,2.98799991607666,2.950999975204468,2.9600000381469727,2.9600000381469727,0.0,12.170000076293944,14.260000228881836,11.600000381469728,13.029999732971191,13.029999732971191,0.0,-0.013587856467096714,0.02599476456545222,-0.013495958249557072,179.775,177.53400115966798,174.7922009277344,164.44160026550298,179.03912216136462,177.2944111514719,1.7447110098927112,1.8091830740587151,51.30641058555605,61.34188161939073,77.64212971328078,-1.1079591817836514,-74.474127433545,2.319838035117126,170.82425825823583,184.24374406110013,7.558825754619971,0.14658632483609704,-0.015267763653355896,0.013879759803530942,-0.00022299903147415543,0.0008354314146253024,0.002683606150926897,-0.433883739117558,-0.9009688679024191,1.2246467991473532e-16,-1.0
2018-07-30,177.6300048828125,177.72999572753906,174.27000427246094,175.11000061035156,166.6002197265625,60193000.0,-0.0142321415941227,94.66000366210938,94.76000213623048,94.26000213623048,94.36000061035156,94.36000061035156,0.0,2.986000061035156,2.990000009536743,2.96399998664856,2.9749999046325684,2.9749999046325684,0.0,13.630000114440918,14.460000038146973,12.979999542236328,14.260000228881836,14.260000228881836,0.0,-0.014232141594122769,0.01947864302182944,-0.014131343424819587,179.36800079345704,177.64950103759764,174.92640106201173,164.57845024108892,178.43464192274723,177.13260296324077,1.3020389595064614,1.7077542511482646,44.67799991845237,31.61099739752579,57.942021968154535,-2.2714545327581126,-90.30026024551529,2.40127756511434,171.20873739037432,184.09026468482097,7.251091176282224,0.15569488939323195,-0.013587856467096714,-0.015267763653355896,0.0031791024937881515,-0.0023973043317879424,0.006677351011468932,0.0,1.0,1.2246467991473532e-16,-1.0
2018-07-31,175.8000030517578,177.1300048828125,174.82000732421875,176.4499969482422,167.87509155273438,47285100.0,0.0076231515869784,94.33000183105467,94.56999969482422,94.16000366210938,94.48999786376952,94.48999786376952,0.0,2.9539999961853027,2.969000101089477,2.944999933242798,2.96399998664856,2.96399998664856,0.0,13.979999542236328,14.119999885559082,12.8100004196167,12.829999923706056,12.829999923706056,0.0,0.0076231515869784605,0.01313991762510753,0.0076522817812862964,178.98600006103518,177.93200073242184,175.09180114746093,164.72075019836427,178.12931192666954,177.08203955472237,1.047272371947173,1.5756578753080464,48.503030989383625,20.132923872306694,37.69526762974107,-2.119047669430986,-74.82684070401962,2.3947575646485837,172.3129843630231,183.55101710182058,6.315914333868183,0.15042829281821554,-0.014232141594122769,-0.013587856467096714,0.0041129065364497105,0.006065307185238404,-0.01164173108147325,0.7818314824680298,0.6234898018587336,1.2246467991473532e-16,-1.0
2018-08-01,176.86000061035156,177.64999389648438,176.10000610351562,177.1199951171875,168.51251220703125,37101900.0,0.0037898032513144,94.55999755859376,94.70999908447266,94.48999786376952,94.62000274658205,94.62000274658205,0.0,2.992000102996826,3.0160000324249268,2.986000061035156,3.003000020980835,3.003000020980835,0.0,13.09000015258789,13.630000114440918,12.449999809265137,13.149999618530272,13.149999618530272,0.0,0.003789803251314419,0.00876392506852694,0.0037969936361681444,178.7050003051758,178.24800033569335,175.24220092773436,164.8692002105713,177.97403241751846,177.08485107786794,0.8891813396505199,1.438362568176541,50.35144148495693,22.594256039064433,24.77939243629897,-1.5617171527690383,-67.09013093327178,2.334416866671453,173.71112833710959,182.7848723342771,5.09051657246028,0.15048606975398152,0.0076231515869784605,-0.014232141594122769,0.013879759803530942,-0.0018881616360747198,0.0,0.9749279121818236,-0.22252093395631434,-0.4999999999999997,-0.8660254037844388
2018-08-02,175.8699951171875,179.74000549316406,175.7899932861328,179.52999877929688,170.805419921875,47178200.0,0.0135150099575781,94.62999725341795,95.19000244140624,94.61000061035156,95.16999816894533,95.16999816894533,0.0,2.983999967575073,3.003000020980835,2.9800000190734863,2.986000061035156,2.986000061035156,0.0,13.56999969482422,14.529999732971191,12.170000076293944,12.1899995803833,12.1899995803833,0.0,0.013515009957578107,0.02245984145504318,0.013606750530350764,178.7550003051758,178.57850036621096,175.44180084228518,165.03205017089846,178.21341185779207,177.26597312982562,0.9474387279664427,1.3401778001345215,56.41199780901773,39.60735876350783,27.444846224959655,0.27928280366933694,-39.2609520721851,2.4498165338400097,174.77153878477893,182.385461947643,4.2636281227864465,0.15163339184072633,0.003789803251314419,0.0076231515869784605,-0.015267763653355896,-0.005014403821852374,0.012335550503423057,0.43388373911755823,-0.900968867902419,-0.4999999999999997,-0.8660254037844388
2018-08-03,179.8699951171875,180.08999633789062,179.0800018310547,180.0800018310547,171.32870483398438,28934400.0,0.0030589484198416,95.18000030517578,95.37000274658205,94.9800033569336,95.13999938964844,95.13999938964844,0.0,2.9790000915527344,2.983999967575073,2.950999975204468,2.953000068664551,2.953000068664551,0.0,12.43000030517578,12.460000038146973,11.06999969482422,11.640000343322754,11.640000343322754,0.0,0.003058948419841633,0.005615136121941371,0.003063631776724085,178.8639999389649,178.8020004272461,175.64900085449221,165.17625015258793,178.5005795459863,177.47441970028703,1.0261598456992829,1.2773742092474738,57.68159859241934,53.579682642604965,38.59376581505907,0.608970503625273,-32.90986906672821,2.346972103339719,175.2100499647284,182.3939508897638,4.017796729270099,0.14307506321598812,0.013515009957578107,0.003789803251314419,-0.013587856467096714,-0.00022299903147415543,0.015436879717809472,-0.433883739117558,-0.9009688679024191,-0.4999999999999997,-0.8660254037844388
2018-08-06,179.9600067138672,181.19000244140625,179.74000549316406,181.13999938964844,172.33718872070312,24808800.0,0.0058689954424272,95.1999969482422,95.5199966430664,95.1999969482422,95.36000061035156,95.36000061035156,0.0,2.9600000381469727,2.9600000381469727,2.924999952316284,2.937999963760376,2.937999963760376,0.0,11.90999984741211,12.149999618530272,11.170000076293944,11.270000457763672,11.270000457763672,0.0,0.005868995442427245,0.00805732881832825,0.00588625173870283,179.02200012207035,178.99950027465826,175.8774008178711,165.32405014038085,178.90664413731895,177.7459441217212,1.1607000155977403,1.254039370517527,60.09406962486994,69.05316091700863,54.08006744104047,0.8799297463451478,-20.669696110060777,2.2829024494041814,175.34688502003667,182.65211552927985,4.081145756292048,0.1412796898595938,0.003058948419841633,0.013515009957578107,-0.014232141594122769,0.0031791024937881515,0.00895662841441341,0.0,1.0,-0.4999999999999997,-0.8660254037844388
2018-08-07,181.6499938964844,182.13999938964844,181.259994506836,181.8000030517578,172.9651336669922,29895700.0,0.0036370774118681,95.33999633789062,95.37000274658205,94.98999786376952,95.22000122070312,95.22000122070312,0.0,2.9539999961853027,2.976999998092652,2.9539999961853027,2.9730000495910645,2.9730000495910645,0.0,11.119999885559082,11.239999771118164,10.520000457763672,10.93000030517578,10.93000030517578,0.0,0.003637077411868159,0.004844508188169416,0.0036436996039592717,179.1720001220703,179.22350006103517,176.1340008544922,165.47230018615724,179.35177627800184,178.0462447832054,1.3055314947964405,1.2643377953733097,61.5633495714722,77.79067943989949,66.8078409998377,0.8319467413261233,-13.048396503512528,2.1912665601610257,175.45685440573175,182.9901457163386,4.203294382735162,0.14155482416727797,0.005868995442427245,0.003058948419841633,0.0076231515869784605,0.0041129065364497105,0.0007337098362559918,0.7818314824680298,0.6234898018587336,-0.4999999999999997,-0.8660254037844388
2018-08-08,181.5500030517578,182.3500061035156,181.0599975585937,182.0200042724609,173.1744384765625,22680700.0,0.0012093666943906,95.13999938964844,95.41999816894533,94.98999786376952,95.0999984741211,95.0999984741211,0.0,2.976999998092652,2.986000061035156,2.9579999446868896,2.970999956130981,2.970999956130981,0.0,10.93000030517578,11.18000030517578,10.520000457763672,10.850000381469728,10.850000381469728,0.0,0.0012093666943906074,0.007105527530914648,0.001210098273177307,179.09199981689454,179.50350036621097,176.3708010864258,165.62190017700198,179.76227289253399,178.34059733796505,1.4216755545689352,1.295805347212435,62.06473722575392,85.25798136169887,77.36727390620231,-0.43759053698050143,-10.507963301330104,2.1268909876439452,175.78204049088112,183.22496024154083,4.146392541357225,0.13956711315904624,0.003637077411868159,0.005868995442427245,0.003789803251314419,0.013879759803530942,-0.005088762631252034,0.9749279121818236,-0.22252093395631434,-0.4999999999999997,-0.8660254037844388
2018-08-09,181.91000366210932,182.6300048828125,181.63999938964844,181.91000366210932,173.0697479248047,18852900.0,-0.0006047209400754,95.0999984741211,95.62000274658205,95.02999877929688,95.5,95.5,0.0,2.953000068664551,2.953000068664551,2.928999900817871,2.934999942779541,2.934999942779541,0.0,10.9399995803833,11.3100004196167,10.170000076293944,11.270000457763672,11.270000457763672,0.0,-0.000604720940075483,0.005442281750502071,-0.0006045381332187016,179.27799987792966,179.62600021362303,176.6076010131836,165.77240020751952,180.0926930109302,178.6049978064202,1.487695204510004,1.334183318671949,61.63183691085395,88.22182009757853,83.7568269663923,1.0330466974870438,-11.778179902421805,2.045684880895382,175.75238516657015,183.4996152606759,4.312978123930971,0.12703507547129997,0.0012093666943906074,0.003637077411868159,0.013515009957578107,-0.015267763653355896,0.01708522991791472,0.43388373911755823,-0.900968867902419,-0.4999999999999997,-0.8660254037844388
2018-08-10,180.67999267578125,181.22000122070312,179.83999633789062,180.5200042724609,171.74732971191406,33818500.0,-0.0076702969904154,95.63999938964844,96.4499969482422,95.52999877929688,96.36000061035156,96.36000061035156,0.0,2.890000104904175,2.8929998874664307,2.852999925613404,2.8570001125335693,2.8570001125335693,0.0,12.34000015258789,13.81999969482422,12.300000190734863,13.15999984741211,13.15999984741211,0.0,-0.007670296990415494,0.0076378400418071245,-0.007640955330131871,179.56800079345703,179.67150039672848,176.7632009887695,165.9086502075195,180.15843320501185,178.74685013723803,1.4115830677738188,1.349663268492323,56.289013545533095,83.29495137796168,85.59158427907968,1.6327042196798192,-27.829002662363045,2.0474221982756187,175.7773529333177,183.56564786013925,4.334741408417249,0.1304375779147325,-0.000604720940075483,0.0012093666943906074,0.003058948419841633,-0.013587856467096714,0.0008354314146253024,-0.433883739117558,-0.9009688679024191,-0.4999999999999997,-0.8660254037844388
2018-08-13,180.8500061035156,182.009994506836,180.2400054931641,180.32000732421875,171.55706787109375,26089200.0,-0.0011084149322829,95.19000244140624,96.5199966430664,95.16000366210938,96.38999938964844,96.38999938964844,0.0,2.864000082015991,2.890000104904175,2.861999988555908,2.877000093460083,2.877000093460083,0.0,14.5,15.020000457763672,12.949999809265137,14.779999732971191,14.779999732971191,0.0,-0.0011084149322829239,0.009787055316209338,-0.0011078008673524042,180.08900146484373,179.72850112915035,176.88360107421872,166.04130027770995,180.1832907618129,178.8633802992366,1.3199104625763027,1.343712707309119,55.54292920115464,76.75145936593094,82.75607694715706,2.9752765094555085,-30.13843933742232,2.027605542232496,175.83127334404963,183.62572891425106,4.336794398903064,0.13017024003467953,-0.007670296990415494,-0.000604720940075483,0.005868995442427245,-0.014232141594122769,-0.0023973043317879424,0.0,1.0,-0.4999999999999997,-0.8660254037844388
2018-08-14,181.009994506836,181.66000366210932,180.0399932861328,181.4499969482422,172.63211059570312,20913000.0,0.0062468333568112,95.16999816894533,96.79000091552734,95.16000366210938,96.7300033569336,96.7300033569336,0.0,2.8929998874664307,2.8949999809265137,2.877000093460083,2.8949999809265137,2.8949999809265137,0.0,13.93000030517578,14.220000267028809,13.109999656677246,13.3100004196167,13.3100004196167,0.0,0.006246833356811226,0.008949839374285626,0.006266385512120998,180.58900146484373,179.78750076293943,177.01580108642577,166.1791502380371,180.37816863664818,179.0549815324963,1.3231871041518843,1.3396075866776722,58.86077477112086,75.97254386123726,78.67298486837663,2.833663976467306,-14.114926416502849,1.9984916017856398,175.82065052077778,183.75435100510109,4.412820941754104,0.1302781075502614,-0.0011084149322829239,-0.007670296990415494,0.003637077411868159,0.0076231515869784605,0.006065307185238404,0.7818314824680298,0.6234898018587336,-0.4999999999999997,-0.8660254037844388
2018-08-15,180.00999450683594,180.5800018310547,178.1199951171875,179.22999572753906,170.52001953125,58528000.0,-0.012310095440885,96.66000366210938,96.9800033569336,96.6500015258789,96.6999969482422,96.6999969482422,0.0,2.869999885559082,2.875,2.836999893188477,2.851999998092652,2.851999998092652,0.0,13.520000457763672,16.860000610351562,13.4399995803833,14.640000343322754,14.640000343322754,0.0,-0.01231009544088509,0.013665945163804602,-0.0122346361703215,180.80000152587886,179.7525009155273,177.08320098876953,166.3028002166748,180.2015266506314,179.06794554694392,1.1335811036874759,1.298402290079633,50.83412814116977,71.69222374771999,74.80540899162939,1.1912831235996408,-40.66996300291487,2.0935994753048575,175.7785982297628,183.7264036012918,4.42152700577111,0.1376703706584648,0.006246833356811226,-0.0011084149322829239,0.0012093666943906074,0.003789803251314419,-0.0018881616360747198,0.9749279121818236,-0.22252093395631434,-0.4999999999999997,-0.8660254037844388
2018-08-16,180.6100006103516,180.9900054931641,179.47000122070312,179.82000732421875,171.0813446044922,27711800.0,0.0032864363986711,96.72000122070312,96.7699966430664,96.31999969482422,96.6500015258789,96.6500015258789,0.0,2.872999906539917,2.8929998874664307,2.858999967575073,2.871000051498413,2.871000051498413,0.0,14.18000030517578,14.359999656677246,12.81999969482422,13.449999809265137,13.449999809265137,0.0,0.0032864363986711753,0.008415947441029173,0.0032918426515855526,180.8290023803711,179.7920013427734,177.19100128173827,166.43345024108885,180.14283136964482,179.12365382674207,1.019177542902753,1.242557340644257,52.680995831272924,70.53423401553744,72.73300054149823,0.16153765214380336,-33.612408533969976,2.069771638899155,175.83265851468866,183.75134417085815,4.40435925793635,0.13696754308099407,-0.01231009544088509,0.006246833356811226,-0.000604720940075483,0.013515009957578107,-0.005014403821852374,0.43388373911755823,-0.900968867902419,-0.4999999999999997,-0.8660254037844388
2018-08-17,179.35000610351562,180.3099975585937,178.27000427246094,179.86000061035156,171.11944580078125,36092600.0,0.00022268327552,96.61000061035156,96.66000366210938,96.08999633789062,96.0999984741211,96.0999984741211,0.0,2.858999967575073,2.877000093460083,2.845999956130981,2.872999906539917,2.872999906539917,0.0,13.18000030517578,13.960000038146973,12.399999618530272,12.640000343322754,12.640000343322754,0.0,0.00022268327552001026,0.011374369761411275,0.00022270807128110803,180.80700225830077,179.8355010986328,177.29940124511717,166.56435028076172,180.09931894513815,179.17819803293537,0.921120912202781,1.1782700549559617,52.810394441481186,63.416737706379266,68.54773182321223,-0.12216860199142109,-35.46741534397737,2.0676446137015554,175.89418255820397,183.7768196390616,4.383248598136543,0.1369575537324261,0.0032864363986711753,-0.01231009544088509,-0.007670296990415494,0.003058948419841633,-0.00022299903147415543,-0.433883739117558,-0.9009688679024191,-0.4999999999999997,-0.8660254037844388
2018-08-20,180.259994506836,180.3300018310547,179.0,179.6999969482422,170.9671630859375,24939000.0,-0.000890316784971,96.12999725341795,96.4000015258789,95.7699966430664,95.9000015258789,95.9000015258789,0.0,2.852999925613404,2.852999925613404,2.821000099182129,2.822999954223633,2.822999954223633,0.0,12.56999969482422,12.789999961853027,12.260000228881836,12.489999771118164,12.489999771118164,0.0,-0.0008903167849710986,0.0073782418261654275,-0.0008899205705764635,180.66300201416016,179.84250106811518,177.39520111083985,166.693500289917,180.03788479176956,179.21684980443956,0.8210349873299947,1.1068230414307683,52.195424392878365,62.69462514506175,65.54853228899282,-0.7949665707509886,-42.836300686867425,2.0149558435124937,175.90274578826921,183.78225634796115,4.3813395125702685,0.13656143890827552,0.00022268327552001026,0.0032864363986711753,-0.0011084149322829239,0.005868995442427245,0.0031791024937881515,0.0,1.0,-0.4999999999999997,-0.8660254037844388
2018-08-21,180.2400054931641,181.44000244140625,180.1300048828125,180.3600006103516,171.59512329101562,26258700.0,0.0036662582744339,95.73999786376952,95.75,95.08000183105467,95.26000213623048,95.26000213623048,0.0,2.844000101089477,2.852999925613404,2.8329999446868896,2.844000101089477,2.844000101089477,0.0,12.470000267028809,12.890000343322754,12.09000015258789,12.859999656677246,12.859999656677246,0.0,0.003666258274433952,0.0072680732283013265,0.003672987220139312,180.51900177001954,179.8455009460449,177.48580108642582,166.82875030517582,180.0874410715514,179.30152764191453,0.7859134296368779,1.0426411190719902,54.546687337201355,62.83638108984265,62.982581313761216,-0.7920805375323663,-33.18714069962726,1.9953165327733202,175.9041878297044,183.7868140623854,4.3829988469079595,0.13639381394515016,-0.0008903167849710986,0.00022268327552001026,0.006246833356811226,0.003637077411868159,0.0041129065364497105,0.7818314824680298,0.6234898018587336,-0.4999999999999997,-0.8660254037844388
2018-08-22,179.97999572753906,181.2700042724609,179.75,181.0599975585937,172.26104736328125,18042400.0,0.0038732758730436,95.20999908447266,95.37999725341795,94.93000030517578,95.1500015258789,95.1500015258789,0.0,2.819000005722046,2.8350000381469727,2.808000087738037,2.822999954223633,2.822999954223633,0.0,13.09000015258789,13.289999961853027,11.970000267028809,12.25,12.25,0.0,0.003873275873043698,0.008445406759326477,0.0038807867000756335,180.42300109863282,179.75750045776368,177.59060089111327,166.97110031127934,180.23706514648097,179.43178467277966,0.8052804737013162,0.9951689899978555,56.964344099304064,63.05498055300998,62.86199559597145,-0.5274182459803745,-34.811616954475355,1.9613656570367195,176.02263795076803,183.49236296475934,4.155445527985863,0.1272208573323523,0.003666258274433952,-0.0008903167849710986,-0.01231009544088509,0.0012093666943906074,0.013879759803530942,0.9749279121818236,-0.22252093395631434,-0.4999999999999997,-0.8660254037844388
2018-08-23,180.7400054931641,182.0500030517578,180.5,180.8000030517578,172.01373291015625,25776200.0,-0.0014367273459326,95.16999816894533,95.70999908447266,95.1500015258789,95.62000274658205,95.62000274658205,0.0,2.821000099182129,2.825999975204468,2.813999891281128,2.821000099182129,2.821000099182129,0.0,12.029999732971191,12.68000030517578,11.649999618530272,12.40999984741211,12.40999984741211,0.0,-0.0014367273459326563,0.008575871443228635,-0.0014356957473005139,180.31200103759767,179.79500045776365,177.65460083007812,167.10240036010745,180.323670978062,179.53313418233358,0.7905367957284284,0.95424255114397,55.77764132545915,63.80826431108035,63.23320865131099,-0.6101921763540218,-40.57644941265631,1.9319826138025118,176.0328113096252,183.5571896059021,4.184976377051416,0.11476680335286928,0.003873275873043698,0.003666258274433952,0.0032864363986711753,-0.000604720940075483,-0.015267763653355896,0.43388373911755823,-0.900968867902419,-0.4999999999999997,-0.8660254037844388
2018-08-24,181.3999938964844,182.6300048828125,181.3600006103516,182.47999572753903,173.61204528808594,23136100.0,0.0092488689921168,95.63999938964844,95.69000244140624,95.02999877929688,95.1500015258789,95.1500015258789,0.0,2.8320000171661377,2.8499999046325684,2.816999912261963,2.825999975204468,2.825999975204468,0.0,12.130000114440918,12.170000076293944,11.829999923706056,11.989999771118164,11.989999771118164,0.0,0.00924886899211686,0.007001126324103599,0.009291771946862593,180.50800018310548,180.03800048828123,177.7646008300781,167.24505035400392,180.65541324721232,179.7514202227192,0.9039930244931327,0.9441926458138026,61.376712549712614,73.76193182843366,66.875058897508,1.085747512015282,-3.326138147567348,1.9246982721776673,176.23967980101312,183.83632117554933,4.219465531684059,0.10670253061053264,-0.0014367273459326563,0.003873275873043698,0.00022268327552001026,-0.007670296990415494,-0.013587856467096714,-0.433883739117558,-0.9009688679024191,-0.4999999999999997,-0.8660254037844388
2018-08-27,183.3999938964844,184.33999633789065,183.1100006103516,184.33999633789065,175.38165283203125,29343600.0,0.0101412874778569,95.16999816894533,95.3000030517578,94.69000244140624,94.77999877929688,94.77999877929688,0.0,2.8299999237060547,2.8510000705718994,2.828000068664551,2.8480000495910645,2.8480000495910645,0.0,12.369999885559082,12.479999542236328,12.020000457763672,12.15999984741211,12.15999984741211,0.0,0.01014128747785695,0.006706629053833574,0.010192884606646357,180.90999908447264,180.4995002746582,177.92140075683594,167.3976003265381,181.22227218423976,180.0913147497689,1.1309574344708437,0.9815456035452109,66.44257201864308,85.3658041465921,74.3120000953687,2.229363825636879,0.0,1.920077010618664,176.99036228956615,184.00863825975026,3.888252299593463,0.09378910246290065,0.00924886899211686,-0.0014367273459326563,-0.0008903167849710986,-0.0011084149322829239,-0.014232141594122769,0.0,1.0,-0.4999999999999997,-0.8660254037844388
2018-08-28,184.8300018310547,185.0200042724609,184.22000122070312,184.6100006103516,175.6385498046875,20277000.0,0.0014637164276735,94.7699966430664,94.91000366210938,94.43000030517578,94.72000122070312,94.72000122070312,0.0,2.852999925613404,2.885999917984009,2.852999925613404,2.884000062942505,2.884000062942505,0.0,12.010000228881836,12.5,11.869999885559082,12.5,12.5,0.0,0.0014637164276735286,0.004328318150908385,0.0014647881834155552,181.2259994506836,180.90750045776366,178.09360076904292,167.54315032958988,181.74346117287234,180.42603222092316,1.3174289519491822,1.048722273226005,67.11682044041643,96.91059589237523,85.346110622467,1.7415286388848938,-5.942074175306978,1.8400717278428869,177.4843536299311,184.33064728559623,3.7844166982250327,0.09191592137877257,0.01014128747785695,0.00924886899211686,0.003666258274433952,0.006246833356811226,0.0076231515869784605,0.7818314824680298,0.6234898018587336,-0.4999999999999997,-0.8660254037844388
2018-08-29,184.92999267578125,186.83999633789065,184.8600006103516,186.7400054931641,177.66505432128906,29175600.0,0.0114718713170942,94.7300033569336,94.93000030517578,94.52999877929688,94.5999984741211,94.5999984741211,0.0,2.872999906539917,2.8989999294281006,2.871000051498413,2.884000062942505,2.884000062942505,0.0,12.34000015258789,12.550000190734863,12.09000015258789,12.25,12.25,0.0,0.011471871317094201,0.010706731227802434,0.011537925579863106,181.9770004272461,181.3885009765625,178.2834008789062,167.69840034484864,182.51216029907107,180.89373394479287,1.6184263542781991,1.162663089436444,71.91145169441549,97.6370806620194,93.30449356699556,4.190152287366874,-1.146683838634821,1.8679234421068993,177.53033463340057,185.24666731972445,4.254036305929294,0.09748729356336376,0.0014637164276735286,0.01014128747785695,0.003873275873043698,-0.01231009544088509,0.003789803251314419,0.9749279121818236,-0.22252093395631434,-0.4999999999999997,-0.8660254037844388
2018-08-30,186.3800048828125,187.5200042724609,185.7899932861328,186.41000366210932,177.3511199951172,29315500.0,-0.0017685639737615,94.52999877929688,94.9000015258789,94.47000122070312,94.72000122070312,94.72000122070312,0.0,2.877000093460083,2.878999948501587,2.858999967575073,2.859999895095825,2.859999895095825,0.0,12.25,13.949999809265137,12.239999771118164,13.529999732971191,13.529999732971191,0.0,-0.0017685639737615917,0.009282170517249696,-0.001767000986047318,182.6360000610352,181.73250122070317,178.4974008178711,167.85200035095215,183.11182850876926,181.30234651644597,1.809481992323299,1.292026870013815,70.20355750017953,93.70091211857749,96.0828628909907,3.6647737011870345,-11.808505630325694,1.8580725524084134,177.3772113646413,186.08779107676503,4.793077547282114,0.08966542914243741,0.011471871317094201,0.0014637164276735286,-0.0014367273459326563,0.0032864363986711753,0.013515009957578107,0.43388373911755823,-0.900968867902419,-0.4999999999999997,-0.8660254037844388
2018-08-31,186.17999267578125,187.17999267578125,185.97999572753903,186.6499938964844,177.57940673828125,28653200.0,0.0012863744166785,94.6999969482422,95.22000122070312,94.5500030517578,95.13999938964844,95.13999938964844,0.0,2.8420000076293945,2.8570001125335693,2.8310000896453857,2.852999925613404,2.852999925613404,0.0,13.539999961853027,14.029999732971191,12.81999969482422,12.859999656677246,12.859999656677246,0.0,0.0012863744166785004,0.006445359305239217,0.0012872021511358689,183.31499938964848,182.0610008239746,178.72400054931643,168.0039503479004,183.65616164534083,181.69846854459698,1.9576931007438532,1.4251601161598229,70.74766578224967,92.59646333794417,94.64481870618035,3.7751547109369095,-9.255420517206936,1.811067152110828,177.2620239282826,186.85997771966663,5.271834027026913,0.08957711689921849,-0.0017685639737615917,0.011471871317094201,0.00924886899211686,0.00022268327552001026,0.003058948419841633,-0.433883739117558,-0.9009688679024191,-0.4999999999999997,-0.8660254037844388
2018-09-03,186.17999267578125,187.17999267578125,185.97999572753903,186.6499938964844,177.57940673828125,28653200.0,0.0,94.6999969482422,95.22000122070312,94.5500030517578,95.13999938964844,95.13999938964844,0.0,2.8420000076293945,2.8570001125335693,2.8310000896453857,2.852999925613404,2.852999925613404,0.0,13.539999961853027,14.029999732971191,12.81999969482422,12.859999656677246,12.859999656677246,0.0,0.0,0.006445359305239217,0.0,184.0099990844727,182.33650054931638,179.02960052490238,168.1562503051758,184.11675122243986,182.06524820029236,2.0515030221475,1.5504286973573584,70.74766578224967,89.89355111175347,92.06364218942504,3.8675554069396996,-9.255420517206936,1.7674192804059272,177.14367223123998,187.5293288673928,5.695873620950523,0.08844943549243928,0.0012863744166785004,-0.0017685639737615917,0.01014128747785695,-0.0008903167849710986,0.005868995442427245,0.0,1.0,-0.8660254037844384,-0.5000000000000004
2018-09-04,186.0800018310547,186.3999938964844,184.8500061035156,185.8500061035156,176.81834411621094,29063500.0,-0.0042949696501375,95.13999938964844,95.73999786376952,95.13999938964844,95.41999816894533,95.41999816894533,0.0,2.86899995803833,2.9059998989105225,2.868000030517578,2.9019999504089355,2.9019999504089355,0.0,13.130000114440918,14.350000381469728,13.119999885559082,13.15999984741211,13.15999984741211,0.0,-0.0042949696501375575,0.008329684961934104,-0.004285759458538929,184.55899963378909,182.53900070190429,179.3052005004883,168.30255035400393,184.38340581952843,182.34560063756817,2.037805181960266,1.64790399427794,66.08250540437606,87.8117082355726,90.1005742284234,3.0439152110143164,-18.054034258868302,1.7697456027318472,177.12318120910325,187.95482019470532,5.9338765655295225,0.09036611218819478,0.0,0.0012863744166785004,0.0014637164276735286,0.003666258274433952,0.003637077411868159,0.7818314824680298,0.6234898018587336,-0.8660254037844384,-0.5000000000000004
2018-09-05,185.5200042724609,185.5500030517578,182.82000732421875,183.4499969482422,174.534912109375,42623300.0,-0.0129981101086706,95.4000015258789,95.66000366210938,95.08999633789062,95.12999725341795,95.12999725341795,0.0,2.888000011444092,2.9170000553131104,2.884000062942505,2.9019999504089355,2.9019999504089355,0.0,13.6899995803833,14.300000190734863,13.229999542236328,13.90999984741211,13.90999984741211,0.0,-0.012998110108670661,0.014715371198082224,-0.012913999496201534,184.79799957275392,182.61050033569336,179.57960052490236,168.45050033569336,184.23980445471517,182.42740777169217,1.812396683022996,1.6808025320269515,54.47660765307755,76.23015534772722,84.64513823168443,1.3200040991246866,-44.00007918074307,1.8597636867722045,177.1857802776667,188.03522039372,5.941301346915291,0.10328976963450535,-0.0042949696501375575,0.0,0.011471871317094201,0.003873275873043698,0.0012093666943906074,0.9749279121818236,-0.22252093395631434,-0.8660254037844384,-0.5000000000000004
2018-09-06,183.52999877929688,183.75,180.5800018310547,181.8099975585937,172.9746551513672,46091400.0,-0.0089797092758767,95.0999984741211,95.20999908447266,94.93000030517578,95.0199966430664,95.0199966430664,0.0,2.907999992370605,2.9100000858306885,2.871000051498413,2.878999948501587,2.878999948501587,0.0,14.210000038146973,15.40999984741211,13.720000267028809,14.649999618530272,14.649999618530272,0.0,-0.008979709275876753,0.017272370675256086,-0.008939512096181934,184.8989990234375,182.6055000305176,179.7920004272461,168.58380035400393,183.86598800915803,182.38167368183304,1.484314327324995,1.6415048910865602,48.24169631944238,56.97568734127925,73.67251697485969,0.5586252709004371,-67.0188245365509,1.9533518640702838,177.17787768283213,188.03312237820305,5.944642792006129,0.10850720138143471,-0.012998110108670661,-0.0042949696501375575,-0.0017685639737615917,-0.0014367273459326563,-0.000604720940075483,0.43388373911755823,-0.900968867902419,-0.8660254037844384,-0.5000000000000004
2018-09-07,180.5,182.6699981689453,180.44000244140625,181.1100006103516,172.30859375,46629500.0,-0.0038580627914064,95.0199966430664,95.45999908447266,94.87000274658205,95.37000274658205,95.37000274658205,0.0,2.888999938964844,2.950000047683716,2.885999917984009,2.941999912261963,2.941999912261963,0.0,14.720000267028809,15.630000114440918,14.3100004196167,14.880000114440918,14.880000114440918,0.0,-0.00385806279140643,0.012354546966975416,-0.0038506300289157247,184.76199951171878,182.63499984741213,179.98120056152345,168.71690032958986,183.4419899478032,182.28747567653812,1.1545142712650716,1.5441067671222626,45.83060868840743,35.494770672242815,56.233537787083094,-0.7507645491361056,-82.4967842659776,1.9731121400323395,177.2488485638818,188.02115113094246,5.898268445840442,0.10575468743917138,-0.008979709275876753,-0.012998110108670661,0.0012863744166785004,0.00924886899211686,-0.007670296990415494,-0.433883739117558,-0.9009688679024191,-0.8660254037844384,-0.5000000000000004
2018-09-10,182.1499938964844,182.25,180.72999572753903,181.72000122070312,172.88902282714844,26132000.0,0.0033628831502887,95.43000030517578,95.55999755859376,95.02999877929688,95.1500015258789,95.1500015258789,0.0,2.941999912261963,2.947999954223633,2.930000066757202,2.937000036239624,2.937000036239624,0.0,15.09000015258789,15.199999809265137,13.93000030517578,14.15999984741211,14.15999984741211,0.0,0.003362883150288759,0.008344794528649736,0.003368543985627248,184.5,182.70499954223632,180.15960052490232,168.86195030212403,183.17706860517242,182.24544053166147,0.9316280735109501,1.4216110284000003,48.25753369429741,25.279439440197496,39.249965817906514,-1.4212841321669238,-74.64607287687903,1.94074729234867,177.40990737978532,188.00009170468732,5.796329794715793,0.10623156345878189,-0.00385806279140643,-0.008979709275876753,0.0,0.01014128747785695,-0.0011084149322829239,0.0,1.0,-0.8660254037844384,-0.5000000000000004
2018-09-11,180.9900054931641,183.4199981689453,180.5200042724609,183.1199951171875,174.2209930419922,30116500.0,0.007674666196604,95.1500015258789,95.3499984741211,94.87999725341795,95.05999755859376,95.05999755859376,0.0,2.953000068664551,2.9809999465942383,2.947999954223633,2.976999998092652,2.976999998092652,0.0,13.960000038146973,14.920000076293944,13.210000038146973,13.220000267028809,13.220000267028809,0.0,0.0076746661966040275,0.016022950486036285,0.007704191932274673,184.35099945068356,182.7884994506836,180.40600036621092,169.013500289917,183.16828806855935,182.31022235281154,0.8580657157478129,1.3089019658695629,53.41599076048434,26.903378987561155,29.22586303333382,-0.8071098468327194,-62.147005894459916,2.009264906929794,177.52415563864076,188.0528432627264,5.760038326112684,0.10739081107576091,0.003362883150288759,-0.00385806279140643,-0.0042949696501375575,0.0014637164276735286,0.006246833356811226,0.7818314824680298,0.6234898018587336,-0.8660254037844384,-0.5000000000000004
2018-09-12,182.8500061035156,182.97999572753903,181.009994506836,182.5800018310547,173.7072296142578,36204000.0,-0.002953274656624,95.0999984741211,95.27999877929688,94.7300033569336,94.8000030517578,94.8000030517578,0.0,2.9660000801086426,2.9679999351501465,2.9549999237060547,2.963000059127808,2.963000059127808,0.0,13.06999969482422,13.859999656677246,12.90999984741211,13.140000343322754,13.140000343322754,0.0,-0.0029532746566240157,0.0107738646701919,-0.0029489180308513996,183.93499908447265,182.95599975585938,180.64160034179687,169.15890029907226,183.07778249355863,182.33020601786657,0.7475764756920569,1.1966368678340618,51.29192201179532,31.144297830431103,27.775705419396584,-2.2276981577264046,-69.77402773736773,2.016460314317059,177.96215838285016,187.9498411288686,5.459062703243526,0.09729763088041161,0.0076746661966040275,0.003362883150288759,-0.012998110108670661,0.011471871317094201,-0.01231009544088509,0.9749279121818236,-0.22252093395631434,-0.8660254037844384,-0.5000000000000004
2018-09-13,183.72000122070312,184.8800048828125,183.63999938964844,184.52999877929688,175.56243896484375,31133200.0,0.0106234635605886,94.83000183105467,94.97000122070312,94.43000030517578,94.54000091552734,94.54000091552734,0.0,2.9809999465942383,2.9830000400543213,2.944000005722046,2.963000059127808,2.963000059127808,0.0,12.90999984741211,12.90999984741211,12.300000190734863,12.369999885559082,12.369999885559082,0.0,0.010623463560588638,0.00674943111759749,0.010680092905204441,183.74699859619142,183.1914993286133,180.87380035400392,169.31145027160642,183.3012003836722,182.49315362982438,0.8080467538478331,1.118918845036816,57.81542953253738,41.94908709504789,33.332254637680045,-1.008532184903649,-42.23170508302868,2.036713366991399,178.3794209112987,188.0035777459279,5.253604490329093,0.10297826855708338,-0.0029532746566240157,0.0076746661966040275,-0.008979709275876753,-0.0017685639737615917,0.0032864363986711753,0.43388373911755823,-0.900968867902419,-0.8660254037844384,-0.5000000000000004
2018-09-14,184.66000366210932,184.9499969482422,183.259994506836,183.9900054931641,175.04869079589844,31224100.0,-0.0029305888662651,94.5500030517578,95.0,94.36000061035156,94.9800033569336,94.9800033569336,0.0,2.989000082015991,3.003000020980835,2.9809999465942383,2.99399995803833,2.99399995803833,0.0,12.130000114440918,13.149999618530272,11.93000030517578,12.06999969482422,12.06999969482422,0.0,-0.002930588866265138,0.009151967983811795,-0.0029262988824630964,183.48099975585941,183.3979995727539,181.04140045166017,169.45790031433103,183.40717040051712,182.60403154562732,0.8031388548897951,1.0557628470074119,55.59491137522214,46.045180084555824,39.71285500334494,-1.425121077044093,-49.858726925936104,2.01194830087817,178.8401295677539,187.95586957775387,4.970468615380812,0.1040159369723176,0.010623463560588638,-0.0029532746566240157,-0.00385806279140643,0.0012863744166785004,0.00022268327552001026,-0.433883739117558,-0.9009688679024191,-0.8660254037844384,-0.5000000000000004
2018-09-17,183.67999267578125,183.8099975585937,181.1699981689453,181.33999633789065,172.52748107910156,33071200.0,-0.0145076339569623,94.93000030517578,94.9800033569336,94.44000244140624,94.51000213623048,94.51000213623048,0.0,3.0199999809265137,3.0199999809265137,2.989000082015991,3.000999927520752,3.000999927520752,0.0,12.720000267028809,13.75,12.31999969482422,13.68000030517578,13.68000030517578,0.0,-0.014507633956962378,0.014372819549858749,-0.014402905302139835,182.95000000000002,183.47999954223633,181.12440032958986,169.58510032653808,183.0891436216515,182.5103993080172,0.5787443136342745,0.9603591403327845,46.21430889002949,40.20711430080108,42.733793826801595,-2.8448956508076075,-87.28822508863196,2.069666802545356,179.14888751362815,187.8111115708445,4.721072639430839,0.11784469244436474,-0.002930588866265138,0.010623463560588638,0.003362883150288759,0.0,-0.0008903167849710986,0.0,1.0,-0.8660254037844384,-0.5000000000000004
2018-09-18,181.4900054931641,183.72999572753903,181.3999938964844,182.83999633789065,173.95457458496094,31877300.0,0.0082376651409843,94.61000061035156,94.7300033569336,94.31999969482422,94.62000274658205,94.62000274658205,0.0,3.006999969482422,3.0480000972747803,3.005000114440918,3.0480000972747803,3.0480000972747803,0.0,13.479999542236328,13.479999542236328,12.5600004196167,12.789999961853027,12.789999961853027,0.0,0.008237665140984306,0.012838182602525687,0.008271688063451688,182.6489990234375,183.60399932861327,181.23480010986327,169.7208502960205,183.05081327030368,182.53481390282263,0.5159993674810437,0.8714871857624363,51.23048415797596,32.250419365151735,39.50090458350288,-1.6195908887667263,-66.10178988997673,2.092547701624144,179.51368429771753,187.694314359509,4.455583806292714,0.12058266702932607,-0.014507633956962378,-0.002930588866265138,0.0076746661966040275,-0.0042949696501375575,0.003666258274433952,0.7818314824680298,0.6234898018587336,-0.8660254037844384,-0.5000000000000004
2018-09-19,182.8699951171875,183.3000030517578,181.509994506836,182.6999969482422,173.82135009765625,31843400.0,-0.0007661513311655,94.54000091552734,94.7300033569336,94.31999969482422,94.5500030517578,94.5500030517578,0.0,3.0439999103546143,3.0920000076293945,3.0439999103546143,3.0829999446868896,3.0829999446868896,0.0,12.609999656677246,12.770000457763672,11.65999984741211,11.75,11.75,0.0,-0.0007661513311655398,0.009788421243051588,-0.0007658579121736508,182.57399902343752,183.6859992980957,181.3604000854492,169.8544002532959,182.99684152844804,182.54704968396481,0.4497918444832294,0.787148117506595,50.75470889604439,26.713703124636865,33.05707893019655,-0.4088307508730032,-66.46887564748071,2.070937761859692,179.74748471316005,187.62451388303137,4.2883122284611614,0.12007808385934884,0.008237665140984306,-0.014507633956962378,-0.0029532746566240157,-0.012998110108670661,0.003873275873043698,0.9749279121818236,-0.22252093395631434,-0.8660254037844384,-0.5000000000000004
2018-09-20,183.9600067138672,184.97000122070312,183.5200042724609,184.72000122070312,175.74319458007812,33295800.0,0.0109957595832004,94.5500030517578,94.55999755859376,93.83000183105467,93.91000366210938,93.91000366210938,0.0,3.0920000076293945,3.095999956130981,3.059000015258789,3.078000068664551,3.078000068664551,0.0,11.81999969482422,11.960000038146973,11.3100004196167,11.800000190734863,11.800000190734863,0.0,0.010995759583200421,0.00788213141619174,0.011056435134936704,182.86499938964846,183.881999206543,181.46559997558592,169.99860023498536,183.2619430195642,182.70800905705653,0.5539339625076707,0.7405052865068101,56.964925961877164,43.64363067950656,34.20258438976505,1.6005740614850381,-36.49844242402289,2.0851567983312096,180.16423593572742,187.59976247735855,4.043640255009017,0.12547424620634007,-0.0007661513311655398,0.008237665140984306,0.010623463560588638,-0.008979709275876753,-0.0014367273459326563,0.43388373911755823,-0.900968867902419,-0.8660254037844384,-0.5000000000000004
2018-09-21,185.22000122070312,185.47999572753903,183.47999572753903,183.7100067138672,174.7822723388672,38605400.0,-0.0054827665266358,93.88999938964844,94.33000183105467,93.80999755859376,94.22000122070312,94.22000122070312,0.0,3.068000078201294,3.0829999446868896,3.061000108718872,3.068000078201294,3.068000078201294,0.0,11.760000228881836,12.029999732971191,11.100000381469728,11.68000030517578,11.68000030517578,0.0,-0.005482766526635886,0.010797969910478806,-0.005467763593958619,183.12500000000003,183.94349975585936,181.54760009765627,170.12890029907228,183.3308758956108,182.78223110570914,0.5486447899016582,0.7021331871857798,53.34275518905459,50.63286802935957,40.33006727783433,1.4355949946184197,-45.134077840417675,2.0790741698789805,180.28313741930123,187.6038620924175,3.9798768006658407,0.1236248894894451,0.010995759583200421,-0.0007661513311655398,-0.002930588866265138,-0.00385806279140643,0.00924886899211686,-0.433883739117558,-0.9009688679024191,-0.8660254037844384,-0.5000000000000004
2018-09-24,182.0500030517578,183.9600067138672,181.3000030517578,183.88999938964844,175.26837158203125,34945600.0,0.002777309878238,94.2300033569336,94.37000274658205,93.83999633789062,94.26000213623048,94.26000213623048,0.0,3.075999975204468,3.0910000801086426,3.065000057220459,3.078000068664551,3.078000068664551,0.0,12.460000038146973,12.920000076293944,12.18000030517578,12.199999809265137,12.199999809265137,0.0,0.0027773098782380465,0.014611390373627851,0.0027811701762385788,183.34199981689454,183.92099990844727,181.64180023193362,170.25515029907228,183.4168948946935,182.86428801563056,0.5526068790629495,0.6722279255612138,53.90526898033668,61.96069635129028,52.079065020052134,1.1941438225667849,-32.485390681688564,2.120569133609723,180.2653704514477,187.57662936544685,3.9752170321162748,0.11853695748402013,-0.005482766526635886,0.010995759583200421,-0.014507633956962378,0.003362883150288759,0.01014128747785695,0.0,1.0,-0.8660254037844384,-0.5000000000000004
2018-09-25,183.8099975585937,184.27999877929688,183.17999267578125,184.13999938964844,175.50669860839844,25277500.0,0.0013588597554003,94.25,94.37000274658205,94.01000213623048,94.12999725341795,94.12999725341795,0.0,3.0980000495910645,3.109999895095825,3.0929999351501465,3.101999998092652,3.101999998092652,0.0,12.279999732971191,12.600000381469728,11.800000190734863,12.420000076293944,12.420000076293944,0.0,0.0013588597554003731,0.005984473739873548,0.0013597834236489525,183.44400024414065,183.8974998474121,181.71920013427737,170.3873503112793,183.5281417400712,182.9587851544467,0.5693565856244902,0.6516536575738692,54.72180075616722,65.26442237805307,59.2859955862343,0.5570141435446121,-26.58726434373454,2.0476717743172874,180.2544987508359,187.5405009439883,3.961990891229037,0.1185199885970263,0.0027773098782380465,-0.005482766526635886,0.008237665140984306,0.0076746661966040275,0.0014637164276735286,0.7818314824680298,0.6234898018587336,-0.8660254037844384,-0.5000000000000004
2018-09-26,184.3000030517578,185.9900054931641,183.91000366210932,184.2700042724609,175.63055419921875,36210600.0,0.0007054540352329,94.16999816894533,94.4000015258789,93.9499969482422,94.19000244140624,94.19000244140624,0.0,3.0850000381469727,3.0910000801086426,3.061000108718872,3.061000108718872,3.061000108718872,0.0,12.210000038146973,13.130000114440918,11.550000190734863,12.890000343322754,12.890000343322754,0.0,0.0007054540352329765,0.011285956574133296,0.0007057029264545545,183.61300048828127,183.77399978637692,181.80600036621095,170.5210503387451,183.64227443736192,183.0559124965218,0.5863619408401064,0.6385953142271167,55.16656326899322,69.97878300994586,65.7346339130964,0.9256229731939746,-30.990995944739332,2.0499810640842506,180.37761481656912,187.17038475618472,3.6962627724877657,0.1105464235358476,0.0013588597554003731,0.0027773098782380465,-0.0007661513311655398,-0.0029532746566240157,0.011471871317094201,0.9749279121818236,-0.22252093395631434,-0.8660254037844384,-0.5000000000000004
2018-09-27,185.0200042724609,186.4900054931641,184.9199981689453,185.8300018310547,177.117431640625,33113300.0,0.0084303032596431,94.26000213623048,95.0,94.20999908447266,95.0,95.0,0.0,3.055999994277954,3.0739998817443848,3.053999900817871,3.055999994277954,3.055999994277954,0.0,12.770000457763672,13.0,11.9399995803833,12.40999984741211,12.40999984741211,0.0,0.00843030325964315,0.00848560851780536,0.008465938333939826,183.74300079345704,183.7449996948242,181.94200042724611,170.6624503326416,183.9788478825454,183.2614005953761,0.717447287169307,0.6543657088155548,60.21655177623974,77.12213474942232,70.78844671247374,0.7044941529060829,-11.055335463259153,2.0621253609856027,180.43456628486143,187.05543310478697,3.603290881886261,0.11492804295469868,0.0007054540352329765,0.0013588597554003731,0.010995759583200421,0.010623463560588638,-0.0017685639737615917,0.43388373911755823,-0.900968867902419,-0.8660254037844384,-0.5000000000000004
2018-09-28,185.3099975585937,186.27999877929688,184.97000122070312,185.7899932861328,177.07931518554688,28076800.0,-0.0002152275850459,95.0199966430664,95.37000274658205,94.91999816894533,95.19000244140624,95.19000244140624,0.0,3.0309998989105225,3.058000087738037,3.0299999713897705,3.055999994277954,3.055999994277954,0.0,12.59000015258789,13.220000267028809,12.09000015258789,12.119999885559082,12.119999885559082,0.0,-0.0002152275850459137,0.007069222253804942,-0.0002152044252508034,183.92299957275392,183.7019996643066,182.07800018310547,170.80455032348632,184.25748563694347,183.44870375765439,0.8087818792890857,0.6852489429102611,60.02979827018866,82.0760577947778,76.39232518471532,0.9783073749816251,-11.725495207668091,2.008401946529042,180.53104158584839,186.87295774276484,3.4522847701742747,0.1148172497535534,0.00843030325964315,0.0007054540352329765,-0.005482766526635886,-0.002930588866265138,0.0012863744166785004,-0.433883739117558,-0.9009688679024191,-0.8660254037844384,-0.5000000000000004
2018-10-01,186.8699951171875,187.52999877929688,185.6999969482422,186.1699981689453,177.4415283203125,27371300.0,0.0020433961355716,95.11000061035156,95.37000274658205,95.0,95.3000030517578,95.3000030517578,0.0,3.0859999656677246,3.0859999656677246,3.062999963760376,3.0799999237060547,3.0799999237060547,0.0,11.989999771118164,12.399999618530272,11.56999969482422,12.0,12.0,0.0,0.002043396135571654,0.00979291421240248,0.0020454852922042743,184.4059997558594,183.67799987792966,182.21020019531252,170.94855033874515,184.55171833417452,183.6502811214537,0.9014372127208219,0.7284865968723733,61.25878507779933,85.45342597695274,81.55053950705096,2.6635060817222698,-20.85889139821453,1.9956590811380166,180.5949406069804,186.76105914887893,3.357026179507867,0.1150793414101931,-0.0002152275850459137,0.00843030325964315,0.0027773098782380465,-0.014507633956962378,0.0,0.0,1.0,-1.0,-1.8369701987210297e-16
2018-10-02,186.009994506836,187.17999267578125,185.32000732421875,185.75,177.04119873046875,25618600.0,-0.0022586700535031,95.3000030517578,95.73999786376952,95.26000213623048,95.51000213623048,95.51000213623048,0.0,3.069000005722046,3.0739998817443848,3.0460000038146973,3.055999994277954,3.055999994277954,0.0,12.470000267028809,12.6899995803833,11.609999656677246,12.050000190734863,12.050000190734863,0.0,-0.002258670053503131,0.00999938393898584,-0.0022561211776821466,184.6970001220703,183.67299957275392,182.31920013427737,171.09470031738283,184.73606935968616,183.80581585319788,0.9302535064882704,0.7688399787955528,59.09600717861281,79.80940462992936,82.44629613388662,1.5915574931054048,-27.987399504329325,1.9859681004540513,180.6044826285635,186.74151651694436,3.341282552501657,0.11430487155458055,0.002043396135571654,-0.0002152275850459137,0.0013588597554003731,0.008237665140984306,-0.0042949696501375575,0.7818314824680298,0.6234898018587336,-1.0,-1.8369701987210297e-16
2018-10-03,186.52999877929688,186.97000122070312,185.66000366210932,185.9499969482422,177.2318115234375,29128700.0,0.0010760786503347,95.45999908447266,96.12000274658205,95.26000213623048,95.76000213623048,95.76000213623048,0.0,3.0859999656677246,3.178999900817871,3.0799999237060547,3.1610000133514404,3.1610000133514404,0.0,11.65999984741211,12.140000343322754,11.34000015258789,11.609999656677246,11.609999656677246,0.0,0.0010760786503347867,0.007022985938812994,0.0010766578306948826,185.02200012207032,183.7979995727539,182.38179992675782,171.24175033569338,184.92282745023323,183.9646440824604,0.9581833677728184,0.806708656591006,59.82341376844061,75.43697179859488,80.23326746849233,1.7788724982413138,-24.842793701671507,1.9376844903211767,180.56828493643775,187.02771420907004,3.5144176147985857,0.10336956712324866,-0.002258670053503131,0.002043396135571654,0.0007054540352329765,-0.0007661513311655398,-0.012998110108670661,0.9749279121818236,-0.22252093395631434,-1.0,-1.8369701987210297e-16
2018-10-04,185.1999969482422,185.32000732421875,181.0599975585937,182.3800048828125,173.82920837402344,80557300.0,-0.0193852892294022,96.0500030517578,96.12000274658205,95.5500030517578,95.75,95.75,0.0,3.200000047683716,3.2100000381469727,3.1760001182556152,3.197000026702881,3.197000026702881,0.0,12.84000015258789,15.84000015258789,12.420000076293944,14.220000267028809,14.220000267028809,0.0,-0.019385289229402285,0.023002212936405184,-0.019198602779976093,184.78800048828126,183.82649993896484,182.42839996337892,171.37000038146974,184.53162397832233,183.84726340100502,0.6843605773173067,0.7822390407362662,44.58266985105008,55.857256953854346,70.36787779412619,-1.2667801658872888,-79.59803593243613,2.1485641259874138,180.66123349081136,186.99176638711833,3.4437542456658194,0.12140742670181476,0.0010760786503347867,-0.002258670053503131,0.00843030325964315,0.010995759583200421,-0.008979709275876753,0.43388373911755823,-0.900968867902419,-1.0,-1.8369701987210297e-16
2018-10-05,182.3600006103516,182.97000122070312,178.42999267578125,180.1499938964844,171.7037353515625,83325600.0,-0.0123027333271787,95.76000213623048,95.9499969482422,95.5199966430664,95.62000274658205,95.62000274658205,0.0,3.2039999961853027,3.247999906539917,3.188999891281128,3.2249999046325684,3.2249999046325684,0.0,14.289999961853027,17.360000610351562,11.720000267028809,14.81999969482422,14.81999969482422,0.0,-0.012302733327178733,0.024895857258865152,-0.012227364102628924,184.43199920654297,183.77849960327148,182.47899993896482,171.49195037841798,183.85752704265497,183.57339158585535,0.2841354567996177,0.6826183239489365,38.059964150669614,38.15342333468055,56.482550695709925,-1.9378437141573843,-81.09890036185072,2.3193815844827324,180.4167620215224,187.14023718502057,3.658466674835384,0.12867682967085753,-0.019385289229402285,0.0010760786503347867,-0.0002152275850459137,-0.005482766526635886,-0.00385806279140643,-0.433883739117558,-0.9009688679024191,-1.0,-1.8369701987210297e-16
2018-10-08,179.52000427246094,180.63999938964844,176.92999267578125,179.0500030517578,170.65528869628906,66864500.0,-0.0061248564181683,95.62000274658205,96.02999877929688,95.58999633789062,95.7699966430664,95.7699966430664,0.0,3.2330000400543213,3.2330000400543213,3.2330000400543213,3.2330000400543213,3.2330000400543213,0.0,16.049999237060547,18.3799991607666,15.6899995803833,15.6899995803833,15.6899995803833,0.0,-0.006124856418168361,0.0206662579410172,-0.00610613772103874,183.9479995727539,183.64499969482424,182.55779998779295,171.6084004211426,183.11790796713234,183.23832576851478,-0.12041780138244462,0.5220110988826603,35.31528737806513,19.767716692055842,37.92613232686358,-2.6320062830796216,-79.9999136295456,2.418711950867336,179.76669573870834,187.52330365094014,4.223696765564812,0.12961998190114,-0.012302733327178733,-0.019385289229402285,0.002043396135571654,0.0027773098782380465,0.003362883150288759,0.0,1.0,-1.0,-1.8369701987210297e-16
2018-10-09,179.17999267578125,181.0200042724609,178.75,179.6300048828125,171.20814514160156,49097900.0,0.0032343729837742,95.75,96.16000366210938,95.63999938964844,95.68000030517578,95.68000030517578,0.0,3.239000082015991,3.239000082015991,3.203000068664551,3.2079999446868896,3.2079999446868896,0.0,16.1200008392334,17.489999771118164,15.270000457763672,15.949999809265137,15.949999809265137,0.0,0.003234372983774234,0.012668849007982647,0.003239609211856287,183.49700012207032,183.4705001831055,182.62140014648438,171.71410041809082,182.5813074926216,182.97104273994424,-0.38973524732264764,0.33966182964159874,37.85988919501316,21.457661538578712,26.459600521771698,-2.4492204419380865,-74.52820139286753,2.4080899738383055,179.19864740059742,187.74235296561355,4.656718958355386,0.12676443226125905,-0.006124856418168361,-0.012302733327178733,-0.002258670053503131,0.0013588597554003731,0.0076746661966040275,0.7818314824680298,0.6234898018587336,-1.0,-1.8369701987210297e-16
2018-10-10,178.50999450683594,178.6199951171875,171.5,171.72999572753906,163.6785125732422,114471100.0,-0.0449758245824473,95.58999633789062,95.79000091552734,95.37999725341795,95.51000213623048,95.51000213623048,0.0,3.226999998092652,3.242000102996826,3.211999893188477,3.2249999046325684,3.2249999046325684,0.0,16.030000686645508,22.959999084472656,15.829999923706056,22.959999084472656,22.959999084472656,0.0,-0.044975824582447324,0.03988569456213189,-0.04397940624922847,182.2429992675781,182.92799987792972,182.51360015869142,171.77260040283204,180.91187491337814,182.1383725908772,-1.2264976774990544,0.026429928213468123,24.00702780539574,15.635556055231191,18.953644761955246,-6.805235933234277,-98.56521681189328,2.8167981816221768,176.15589338201417,189.70010637384527,7.40412238742529,0.20159178085922755,0.003234372983774234,-0.006124856418168361,0.0010760786503347867,0.0007054540352329765,-0.0029532746566240157,0.9749279121818236,-0.22252093395631434,-1.0,-1.8369701987210297e-16
2018-10-11,171.02000427246094,173.39999389648438,167.80999755859375,169.60000610351562,161.64837646484375,143084500.0,-0.0124807541550589,95.43000030517578,95.43000030517578,94.98999786376952,95.0199966430664,95.0199966430664,0.0,3.188999891281128,3.190999984741211,3.127000093460083,3.132999897003174,3.132999897003174,0.0,23.06999969482422,28.84000015258789,20.64999961853028,24.979999542236328,24.979999542236328,0.0,-0.012480754155058988,0.03268621329809412,-0.012403192554001241,180.6199996948242,182.18150024414066,182.31500030517577,171.81905044555666,179.17158740416852,181.20960470292448,-2.0380172987559604,-0.3864595171804176,21.701432260319134,11.994567890700356,16.36259516150342,-8.733786561706212,-90.9228781231381,3.0148837642127804,173.21647394168133,191.1465265466,9.84186241791328,0.19756545513564905,-0.044975824582447324,0.003234372983774234,-0.019385289229402285,0.00843030325964315,0.010623463560588638,0.43388373911755823,-0.900968867902419,-1.0,-1.8369701987210297e-16
2018-10-12,174.1699981689453,174.86000061035156,170.92999267578125,174.32000732421875,166.14707946777344,102078400.0,0.027449956361845,95.04000091552734,95.37000274658205,94.9499969482422,95.22000122070312,95.22000122070312,0.0,3.1670000553131104,3.1730000972747803,3.13100004196167,3.1410000324249268,3.1410000324249268,0.0,21.6299991607666,26.799999237060547,20.8799991607666,21.309999465942383,21.309999465942383,0.0,0.02744995636184509,0.022564207245143308,0.02783017745871441,179.4730010986328,181.6980003356934,182.19980041503908,171.881050491333,178.42519046879164,180.69926415635368,-2.274073687562037,-0.7639823512567415,36.30063496346564,14.508040976091333,14.046054974007626,-6.173629569085178,-66.9877821366946,3.1752488172572915,172.12146656728623,191.27453410410055,10.54115482912765,0.22721587864015583,-0.012480754155058988,-0.044975824582447324,-0.012302733327178733,-0.0002152275850459137,-0.002930588866265138,-0.433883739117558,-0.9009688679024191,-1.0,-1.8369701987210297e-16
2018-10-15,173.7100067138672,174.0399932861328,171.55999755859375,172.2100067138672,164.13600158691406,64885300.0,-0.0121780548297414,95.3499984741211,95.37000274658205,94.95999908447266,95.06999969482422,95.06999969482422,0.0,3.1610000133514404,3.164999961853028,3.1429998874664307,3.1630001068115234,3.1630001068115234,0.0,21.96999931335449,22.88999938964844,19.46999931335449,21.299999237060547,21.299999237060547,0.0,-0.012178054829741401,0.014276642862745832,-0.012104202416928111,178.077001953125,181.24150085449222,182.02120056152344,171.92935050964354,177.46900835264944,180.07043027172503,-2.601421919075591,-1.1314702648205115,33.31055790644862,21.467252670158956,15.989953845650215,-7.498518339356554,-77.68758172969041,3.145588884997842,170.7649755575651,191.71802615141934,11.560845885223701,0.22574363837463535,0.02744995636184509,-0.012480754155058988,-0.006124856418168361,0.002043396135571654,-0.014507633956962378,0.0,1.0,-1.0,-1.8369701987210297e-16
2018-10-16,174.02000427246094,177.64999389648438,173.6999969482422,177.22000122070312,168.91114807128906,71979700.0,0.0286774634778721,95.0500030517578,95.1999969482422,94.79000091552734,95.0500030517578,95.0500030517578,0.0,3.1730000972747803,3.177000045776367,3.1540000438690186,3.1559998989105225,3.1559998989105225,0.0,20.280000686645508,20.559999465942383,17.549999237060547,17.6200008392334,17.6200008392334,0.0,0.028677463477872183,0.022698522303549233,0.029092620986301165,177.2240020751953,180.96050109863285,181.92960052490236,172.00265052795407,177.43069956311922,179.85928737905675,-2.428587815937533,-1.3908937750439159,44.913159398799394,34.34756816288421,23.440953936378165,-4.592193151707605,-52.281931644962356,3.309474477684938,170.3637134011649,191.5572887961008,11.711713476845604,0.24908312704481306,-0.012178054829741401,0.02744995636184509,0.003234372983774234,-0.002258670053503131,0.008237665140984306,0.7818314824680298,0.6234898018587336,-1.0,-1.8369701987210297e-16
2018-10-17,178.0800018310547,178.25999450683594,175.47000122070312,177.2899932861328,168.9778289794922,66987600.0,0.0003946912364574,95.08999633789062,95.66000366210938,95.05999755859376,95.58000183105467,95.58000183105467,0.0,3.157999992370605,3.178999900817871,3.1459999084472656,3.178999900817871,3.178999900817871,0.0,17.059999465942383,19.549999237060547,17.059999465942383,17.399999618530273,17.399999618530273,0.0,0.000394691236457427,0.015667078040462353,0.00039476913729208363,176.35800170898438,180.69000091552735,181.83500030517578,172.07820053100582,177.40905244358285,179.66896929809943,-2.2599168545165753,-1.5646983909384478,45.05697536350469,39.367828098764285,31.727549643935813,-4.6571679506506385,-51.927002329054375,3.2723686782883576,170.00434949377342,191.37565233728128,11.827606804595103,0.24916077101076647,0.028677463477872183,-0.012178054829741401,-0.044975824582447324,0.0010760786503347867,-0.0007661513311655398,0.9749279121818236,-0.22252093395631434,-1.0,-1.8369701987210297e-16
2018-10-18,176.6199951171875,176.67999267578125,172.44000244140625,173.17999267578125,165.0605010986328,82486200.0,-0.023455436829129,95.66000366210938,95.98999786376952,95.48999786376952,95.9000015258789,95.9000015258789,0.0,3.2070000171661377,3.2149999141693115,3.1600000858306885,3.174999952316284,3.174999952316284,0.0,18.020000457763672,21.56999969482422,17.510000228881836,20.059999465942383,20.059999465942383,0.0,-0.02345543682912904,0.02400628666964781,-0.02318249621573021,175.43800048828126,180.11300048828124,181.66040008544923,172.12765052795405,176.75842786392107,179.1883043631129,-2.4298764991918347,-1.7377340125891254,38.672323011872756,41.00742563404185,38.24094063189678,-5.044419322689831,-72.76878912385772,3.3850559758910865,169.10228153475006,191.12371944181243,12.226456639644484,0.25631212521236163,0.000394691236457427,0.028677463477872183,-0.012480754155058988,-0.019385289229402285,0.010995759583200421,0.43388373911755823,-0.900968867902419,-1.0,-1.8369701987210297e-16
2018-10-19,174.5800018310547,176.07000732421875,172.38999938964844,173.02000427246094,164.9080352783203,82923700.0,-0.0009241234502968,95.9499969482422,96.08999633789062,95.54000091552734,95.70999908447266,95.70999908447266,0.0,3.194000005722046,3.2090001106262207,3.180999994277954,3.197999954223633,3.197999954223633,0.0,19.239999771118164,21.07999992370605,18.38999938964844,19.88999938964844,19.88999938964844,0.0,-0.0009241234502968863,0.021079206644364374,-0.0009236965797250196,174.7250015258789,179.57850036621093,181.51040008544922,172.17030052185055,176.1832857729272,178.73139324528685,-2.5481074723596464,-1.8998087045432297,38.44395536044377,34.06717126619015,38.14747499966543,-3.957807308125924,-73.10269474851745,3.4061239729396027,168.26917482142073,190.88782591100113,12.595411501629997,0.2562692306199576,-0.02345543682912904,0.000394691236457427,0.02744995636184509,-0.012302733327178733,-0.005482766526635886,-0.433883739117558,-0.9009688679024191,-1.0,-1.8369701987210297e-16
2018-10-22,174.05999755859375,175.25,172.58999633789062,173.91000366210938,165.75628662109375,52909300.0,0.0051306001120055,95.66000366210938,96.08999633789062,95.47000122070312,96.01000213623048,96.01000213623048,0.0,3.190000057220459,3.197999954223633,3.178999900817871,3.196000099182129,3.196000099182129,0.0,19.3799991607666,20.88999938964844,18.81999969482422,19.63999938964844,19.63999938964844,0.0,0.0051306001120055575,0.015282107890492983,0.005143784178507804,174.21100158691405,179.079500579834,181.38220001220705,172.2174005126953,175.83355006357064,178.37425327616262,-2.5407032125919784,-2.02798760615298,40.54721279445237,28.65523421652044,34.57661037225081,-2.870706116750315,-68.1628134780635,3.3528296650231577,167.69075428184382,190.46824687782416,12.71920712433866,0.2570964331294673,-0.0009241234502968863,-0.02345543682912904,-0.012178054829741401,-0.006124856418168361,0.0027773098782380465,0.0,1.0,-1.0,-1.8369701987210297e-16
2018-10-23,170.63999938964844,174.1300048828125,168.82000732421875,173.27000427246094,165.14630126953125,77567000.0,-0.0036868012812256,96.02999877929688,96.16000366210938,95.80999755859376,95.95999908447266,95.95999908447266,0.0,3.1489999294281006,3.16599988937378,3.111000061035156,3.16599988937378,3.16599988937378,0.0,22.18000030517578,24.65999984741211,20.18000030517578,20.709999084472656,20.709999084472656,0.0,-0.0036868012812256244,0.031118129263869837,-0.0036800133738328356,173.57500152587892,178.5360008239746,181.21860015869143,172.2636505126953,175.43915840339992,177.9961607573699,-2.5570023539699775,-2.1337905557163794,39.50197507972104,29.972231445375776,30.898212309362123,-3.5406115000112126,-68.81779743729173,3.4926273717067713,167.12662716074868,189.94537448720052,12.781034201023527,0.2566399459669426,0.0051306001120055575,-0.0009241234502968863,0.028677463477872183,0.003234372983774234,0.0013588597554003731,0.7818314824680298,0.6234898018587336,-1.0,-1.8369701987210297e-16
2018-10-24,173.07000732421875,173.36000061035156,165.0399932861328,165.33999633789062,157.58810424804688,102997400.0,-0.0468470614825064,95.91999816894533,96.52999877929688,95.91000366210938,96.43000030517578,96.43000030517578,0.0,3.1449999809265137,3.1470000743865967,3.117000102996826,3.124000072479248,3.124000072479248,0.0,21.600000381469727,26.3799991607666,20.39999961853028,25.229999542236328,25.229999542236328,0.0,-0.046847061482506495,0.0480730743174498,-0.04576667453877048,172.93600158691407,177.5895004272461,180.94080017089846,172.26140052795407,173.88544116255233,177.05866709666773,-3.1732259341154077,-2.341677631396185,29.391794487564,21.564192938974166,26.730552866956792,-3.7209570538781076,-98.32681026772228,3.8374402254576268,165.0939090874922,190.085091767,14.072443820937519,0.29937994449259686,-0.0036868012812256244,0.0051306001120055575,0.000394691236457427,-0.044975824582447324,0.0007054540352329765,0.9749279121818236,-0.22252093395631434,-1.0,-1.8369701987210297e-16
2018-10-25,167.91000366210938,172.0800018310547,167.16000366210938,171.05999755859375,163.03993225097656,83481100.0,0.0340104600227504,96.36000061035156,96.7300033569336,96.20999908447266,96.68000030517578,96.68000030517578,0.0,3.1429998874664307,3.1449999809265137,3.117000102996826,3.135999917984009,3.135999917984009,0.0,24.780000686645508,24.780000686645508,22.059999465942383,24.21999931335449,24.21999931335449,0.0,0.03401046002275041,0.029301399926391407,0.034595428563239716,173.0820007324219,176.85100021362305,180.76559997558593,172.28760047912596,173.45075753117408,176.61432120495854,-3.1635636737844663,-2.5060548398738414,41.101624756190255,23.5091610813938,25.015195155247913,0.8608439873445624,-62.3279090508046,4.0447663160080864,164.66399283576132,189.03800759148479,13.78223178058447,0.32752268337363577,-0.046847061482506495,-0.0036868012812256244,-0.02345543682912904,-0.012480754155058988,0.00843030325964315,0.43388373911755823,-0.900968867902419,-1.0,-1.8369701987210297e-16
2018-10-26,165.1999969482422,169.9600067138672,164.22999572753906,166.66000366210938,158.84620666503906,130970900.0,-0.0260586734885942,96.58999633789062,96.86000061035156,96.29000091552734,96.36000061035156,96.36000061035156,0.0,3.08899998664856,3.101999998092652,3.059000015258789,3.07699990272522,3.07699990272522,0.0,24.51000022888184,27.520000457763672,23.32999992370605,24.15999984741211,24.15999984741211,0.0,-0.02605867348859426,0.03468529716815528,-0.025722076352938217,172.31600036621097,175.89450073242188,180.50160003662108,172.28920051574707,172.4060261667026,175.87696434993268,-3.470938183230089,-2.699031508545091,36.1369826218473,17.939407036506257,21.00425368562474,-4.394219447147275,-85.52705957195435,4.243711709939986,163.65876407083928,188.13023739400447,13.91258579504553,0.3361477016559475,0.03401046002275041,-0.046847061482506495,-0.0009241234502968863,0.02744995636184509,-0.0002152275850459137,-0.433883739117558,-0.9009688679024191,-1.0,-1.8369701987210297e-16
2018-10-29,169.2100067138672,169.86000061035156,160.08999633789062,163.22999572753906,155.57705688476562,111871900.0,-0.020795328903654,96.44000244140624,96.6999969482422,96.3499984741211,96.58000183105467,96.58000183105467,0.0,3.094000101089477,3.117000102996826,3.0850000381469727,3.086999893188477,3.086999893188477,0.0,24.479999542236328,27.86000061035156,22.01000022888184,24.700000762939453,24.700000762939453,0.0,-0.020795328903654042,0.057738927278585477,-0.020580597100232523,171.41799926757815,174.74750061035158,180.17220001220704,172.26475051879882,170.99432917606205,174.940151859385,-3.9458226833229446,-2.9483897435006616,32.80991381625523,23.03017433118429,21.492914149694784,-5.214569790505101,-83.05450838368816,4.638446892977197,162.26905941894438,187.22594180175878,14.281682024432927,0.3391726515067167,-0.02605867348859426,0.03401046002275041,0.0051306001120055575,-0.012178054829741401,0.002043396135571654,0.0,1.0,-1.0,-1.8369701987210297e-16
2018-10-30,162.75,166.0399932861328,162.00999450683594,165.9199981689453,158.14088439941406,92584000.0,0.0163451575905295,96.66000366210938,97.0199966430664,96.62000274658205,97.01000213623048,97.01000213623048,0.0,3.117000102996826,3.122999906539917,3.094000101089477,3.109999895095825,3.109999895095825,0.0,23.940000534057617,25.549999237060547,23.11000061035156,23.350000381469727,23.350000381469727,0.0,0.01634515759052959,0.02476189726142473,0.016479470469398683,170.28799896240233,173.75600051879886,179.88339996337893,172.24680053710935,170.21366286727485,174.27199232675983,-4.05832945948498,-3.1703776866975257,37.657611887762386,21.168100387129428,20.712560584939993,-6.376257179732898,-67.91413088296919,4.594986313428603,161.818990780413,185.6930102571847,13.73996834957579,0.34861016544877876,-0.020795328903654042,-0.02605867348859426,-0.0036868012812256244,0.028677463477872183,-0.002258670053503131,0.7818314824680298,0.6234898018587336,-1.0,-1.8369701987210297e-16
2018-10-31,168.6199951171875,171.25,168.5399932861328,169.82000732421875,161.8581085205078,73828600.0,0.0232337689646154,96.98999786376952,97.1999969482422,96.87999725341795,97.12999725341795,97.12999725341795,0.0,3.1489999294281006,3.1610000133514404,3.134000062942505,3.1589999198913574,3.1589999198913574,0.0,22.71999931335449,22.799999237060547,20.38999938964844,21.229999542236328,21.229999542236328,0.0,0.023233768964615407,0.016071680656755963,0.023505775468570356,169.54100036621097,172.94950103759766,179.65860015869146,172.2538505554199,170.15310047603543,173.94221565990495,-3.7891151838695123,-3.2941251861319234,43.96941126581609,34.193744656217106,26.130673124843607,-4.213427855377073,-46.45012676469131,4.647487421830466,162.38015487108532,183.51884720411,12.222465058415695,0.3628573621270925,0.01634515759052959,-0.020795328903654042,-0.046847061482506495,0.000394691236457427,0.0010760786503347867,0.9749279121818236,-0.22252093395631434,-1.0,-1.8369701987210297e-16
2018-11-01,170.07000732421875,172.24000549316406,168.77999877929688,172.05999755859375,163.99302673339844,52706800.0,0.0131038289008826,97.08000183105467,97.12000274658205,96.1999969482422,96.27999877929688,96.27999877929688,0.0,3.1640000343322754,3.174000024795532,3.135999917984009,3.1440000534057617,3.1440000534057617,0.0,20.959999084472656,21.209999084472656,19.030000686645508,19.34000015258789,19.34000015258789,0.0,0.013103828900882616,0.020344602603979935,0.013190060309027585,169.42900085449222,172.43350067138672,179.48380004882813,172.27240051269527,170.4464692579675,173.80279209684485,-3.356322838877361,-3.3065647166810113,47.271439974512674,50.50452543089778,35.28879015808144,-0.6467231577289057,-34.12216605964616,4.562667371261661,162.84008946262475,182.0269118801487,11.127085133003844,0.36355018387431093,0.023233768964615407,0.01634515759052959,0.03401046002275041,-0.02345543682912904,-0.019385289229402285,0.43388373911755823,-0.900968867902419,-0.8660254037844386,0.5000000000000001
2018-11-02,171.52999877929688,172.5500030517578,168.22000122070312,169.3800048828125,161.43869018554688,75966800.0,-0.0156984637499612,96.30999755859376,96.58999633789062,95.98999786376952,96.54000091552734,96.54000091552734,0.0,3.1549999713897705,3.2160000801086426,3.1549999713897705,3.21399998664856,3.21399998664856,0.0,18.520000457763672,21.61000061035156,18.049999237060547,19.51000022888184,19.51000022888184,0.0,-0.015698463749961238,0.025243408510869206,-0.01557588513811703,169.06500091552735,171.89500122070314,179.2218002319336,172.26465057373042,170.28239781563593,173.47517822913875,-3.192780413502817,-3.2838078560453727,43.93532029977403,56.85199756911874,47.18342255207787,-2.1038026238378755,-48.8717144683063,4.54604840410402,162.93733183258982,180.85267060881645,10.422256987697033,0.36491076476139156,0.013103828900882616,0.023233768964615407,-0.02605867348859426,-0.0009241234502968863,-0.012302733327178733,-0.433883739117558,-0.9009688679024191,-0.8660254037844386,0.5000000000000001
2018-11-05,169.60000610351562,169.66000366210938,167.0800018310547,168.9600067138672,161.03842163085938,39573500.0,-0.0024824630684117,96.44000244140624,96.68000030517578,96.25,96.3499984741211,96.3499984741211,0.0,3.203000068664551,3.2049999237060547,3.186000108718872,3.200999975204468,3.200999975204468,0.0,20.57999992370605,20.8700008392334,19.63999938964844,19.959999084472656,19.959999084472656,0.0,-0.0024824630684117466,0.015212274399801492,-0.002479384305134391,168.57000122070315,171.3905014038086,178.9142004394531,172.25895057678215,170.07895303074844,173.14072107985936,-3.061768049110924,-3.2393998946584834,43.41817471083537,55.27430412384841,54.21027570795498,-2.8462979955193157,-51.18320710050227,4.405616506029069,163.01171887241483,179.76928393520237,9.777417608053717,0.36473696928375887,-0.015698463749961238,0.013103828900882616,-0.020795328903654042,0.0051306001120055575,-0.006124856418168361,0.0,1.0,-0.8660254037844386,0.5000000000000001
2018-11-06,168.97000122070312,171.19000244140625,168.72000122070312,170.24000549316406,162.2583770751953,34410400.0,0.0075470047316181,96.33000183105467,96.4499969482422,96.1500015258789,96.31999969482422,96.31999969482422,0.0,3.193000078201294,3.2239999771118164,3.190999984741211,3.21399998664856,3.21399998664856,0.0,19.84000015258789,20.600000381469727,19.690000534057617,19.90999984741211,19.90999984741211,0.0,0.007547004731618175,0.014617986641764237,0.0075755551500149565,168.26700134277345,170.92100143432617,178.6268005371094,172.26665061950678,170.10373033265853,172.92585325862268,-2.822122925964152,-3.155944500919617,45.52273403936026,53.70886057372245,55.278387422229855,-1.748715129326314,-38.81849671002408,4.26735827136293,163.48715843585865,178.3548444327937,8.698571780044091,0.3660180027472804,-0.0024824630684117466,-0.015698463749961238,0.01634515759052959,-0.0036868012812256244,0.003234372983774234,0.7818314824680298,0.6234898018587336,-0.8660254037844386,0.5000000000000001
2018-11-07,172.27999877929688,175.5800018310547,171.8699951171875,175.5800018310547,167.34799194335938,51169600.0,0.0308854435268453,95.98999786376952,96.45999908447266,95.68000030517578,96.0,96.0,0.0,3.200000047683716,3.2149999141693115,3.184000015258789,3.213000059127808,3.213000059127808,0.0,18.030000686645508,18.049999237060547,16.329999923706055,16.360000610351562,16.360000610351562,0.0,0.030885443526845347,0.02153475005894314,0.031367347313016714,169.29100189208987,171.11350173950197,178.4036004638672,172.29755065917962,170.9462336401041,173.12245685658058,-2.1762232164764725,-2.9600002440309883,53.32290507538184,68.97731033540836,59.3201583443264,6.193302116831717,-3.066365183248576,4.343975276114908,163.39741752973163,178.8295859492723,9.018673723967238,0.34839295437681567,0.007547004731618175,-0.0024824630684117466,0.023233768964615407,-0.046847061482506495,-0.044975824582447324,0.9749279121818236,-0.22252093395631434,-0.8660254037844386,0.5000000000000001
2018-11-08,174.75999450683594,175.3000030517578,173.6300048828125,174.4600067138672,166.28048706054688,40296500.0,-0.0063993849029126,96.19000244140624,96.73999786376952,96.06999969482422,96.63999938964844,96.63999938964844,0.0,3.219000101089477,3.239000082015991,3.2060000896453857,3.233999967575073,3.233999967575073,0.0,16.18000030517578,17.200000762939453,16.09000015258789,16.719999313354492,16.719999313354492,0.0,-0.006399384902912632,0.009555952285635879,-0.006378952447626651,169.6310028076172,171.35650177001955,178.16460052490237,172.33005065917962,171.48681411299074,173.22153462378702,-1.7347205107962793,-2.7149442973840467,51.65243211151055,83.62823364046554,68.77146818319878,1.9876120681627047,-7.230437185330684,4.1729768241239995,163.53570984639572,179.17729369364338,9.128094753148318,0.3459067198489264,0.030885443526845347,0.007547004731618175,0.013103828900882616,0.03401046002275041,-0.012480754155058988,0.43388373911755823,-0.900968867902419,-0.8660254037844386,0.5000000000000001
2018-11-09,172.8300018310547,173.25,170.16000366210938,171.52000427246094,163.47837829589844,50602700.0,-0.0169953047851654,96.62999725341795,97.01000213623048,96.62000274658205,96.91000366210938,96.91000366210938,0.0,3.213000059127808,3.2300000190734863,3.180000066757202,3.188999891281128,3.188999891281128,0.0,16.8700008392334,18.40999984741211,16.84000015258789,17.360000610351562,17.360000610351562,0.0,-0.016995304785165404,0.017878819100581665,-0.01685169928344099,170.11700286865235,171.21650161743165,177.86200073242188,172.3646006774902,171.49192029137077,173.0954953385036,-1.6035750471328356,-2.492670447333805,47.45020085058152,87.83092144242613,80.14548847276667,2.916116946813975,-26.210433304142335,4.1820501260978435,163.5198160419253,178.91318719293798,8.990588527154829,0.3374078540350925,-0.006399384902912632,0.030885443526845347,-0.015698463749961238,-0.02605867348859426,0.02744995636184509,-0.433883739117558,-0.9009688679024191,-0.8660254037844386,0.5000000000000001
2018-11-12,170.32000732421875,170.63999938964844,166.17999267578125,166.3300018310547,158.53170776367188,62578400.0,-0.0307261164615484,97.0500030517578,97.69000244140624,96.97000122070312,97.54000091552734,97.54000091552734,0.0,3.186000108718872,3.186000108718872,3.186000108718872,3.186000108718872,3.186000108718872,0.0,17.260000228881836,20.709999084472656,17.25,20.450000762939453,20.450000762939453,0.0,-0.030726116461548436,0.02618604111128989,-0.030258867159013603,170.42700347900393,170.92250137329106,177.45560089111328,172.40565071105954,170.69777898978367,172.5943476712852,-1.8965686815015204,-2.373450094167348,41.09432279659597,68.94773497196974,80.13563001828713,1.8991644824215437,-59.71592459461776,4.264761659710833,162.94163996425684,178.90336278232527,9.33857314854548,0.351812793913672,-0.016995304785165404,-0.006399384902912632,-0.0024824630684117466,-0.020795328903654042,-0.012178054829741401,0.0,1.0,-0.8660254037844386,0.5000000000000001
2018-11-13,167.11000061035156,169.47999572753906,166.0,166.47000122070312,158.6651611328125,64128100.0,0.0008414545671851,97.5999984741211,97.66000366210938,97.08000183105467,97.3000030517578,97.3000030517578,0.0,3.1670000553131104,3.1689999103546143,3.1429998874664307,3.1449999809265137,3.1449999809265137,0.0,19.450000762939453,21.25,19.11000061035156,20.020000457763672,20.020000457763672,0.0,0.0008414545671851557,0.020824580903768458,0.0008418086893984267,170.4820037841797,170.38500137329106,177.06800079345706,172.4264507293701,170.04735164069436,172.14069237864948,-2.093340737955117,-2.317428222924902,41.32264664783126,51.75384071826282,69.51083237755289,0.331486895990549,-58.812119946451425,4.208706950269992,162.74941522443117,178.02058752215095,8.962744475532004,0.33328306911831196,-0.030726116461548436,-0.016995304785165404,0.007547004731618175,0.01634515759052959,0.028677463477872183,0.7818314824680298,0.6234898018587336,-0.8660254037844386,0.5000000000000001
2018-11-14,168.1199951171875,168.6999969482422,164.25,165.1999969482422,157.4546661376953,75270700.0,-0.0076584940724088,97.02999877929688,97.41000366210938,96.75,96.8000030517578,96.8000030517578,0.0,3.1470000743865967,3.164999961853028,3.094000101089477,3.119999885559082,3.119999885559082,0.0,20.520000457763672,22.36000061035156,19.299999237060547,21.25,21.25,0.0,-0.007658494072408851,0.026469171291257365,-0.007629242528572,170.02000274658204,169.7805015563965,176.70300079345705,172.45140068054198,169.3016047649325,171.6265667912119,-2.324962026279394,-2.3189349835958004,39.814983259771154,38.15365762599332,52.951744438741954,-2.720533610127623,-67.01098258095085,4.225941950125149,162.54270177116098,177.01830134163203,8.526067150097706,0.33337975501758593,0.0008414545671851557,-0.030726116461548436,0.030885443526845347,0.023233768964615407,0.000394691236457427,0.9749279121818236,-0.22252093395631434,-0.8660254037844386,0.5000000000000001
2018-11-15,164.89999389648438,168.5399932861328,163.4600067138672,168.08999633789062,160.20919799804688,73254300.0,0.0173428659170458,97.01000213623048,97.38999938964844,96.7699966430664,96.93000030517578,96.93000030517578,0.0,3.1010000705718994,3.128999948501587,3.0810000896453857,3.118000030517578,3.118000030517578,0.0,20.40999984741211,22.96999931335449,19.940000534057617,19.979999542236328,19.979999542236328,0.0,0.017342865917045886,0.030806469134586966,0.017494126582077385,169.62300262451168,169.526001739502,176.428600769043,172.52460067749024,169.11520346846453,171.3645986094844,-2.2493951410198747,-2.3050270150806154,44.75456220658007,41.94103417580075,43.94951084001896,-2.307335392906286,-48.353794945195446,4.286945137420897,162.43504148814537,176.6169619908586,8.365631441308658,0.33249439239259304,-0.007658494072408851,0.0008414545671851557,-0.006399384902912632,0.013103828900882616,-0.02345543682912904,0.43388373911755823,-0.900968867902419,-0.8660254037844386,0.5000000000000001
2018-11-16,166.4499969482422,168.30999755859375,165.77999877929688,167.5,159.6468048095703,65390700.0,-0.0035165434638694,97.0500030517578,97.05999755859376,96.4000015258789,96.47000122070312,96.47000122070312,0.0,3.1010000705718994,3.102999925613404,3.068000078201294,3.0739998817443848,3.0739998817443848,0.0,20.040000915527344,21.36000061035156,18.100000381469727,18.13999938964844,18.13999938964844,0.0,-0.003516543463869475,0.015199752632519308,-0.0035103676661774053,169.43500213623045,169.25000152587893,176.15640075683595,172.58160064697267,168.8667106271623,171.0783320458189,-2.2116214186566197,-2.286345895795816,43.96131514885186,41.697377105658326,40.59735630248413,-1.1099331849194378,-59.5430911568787,4.161448968983467,162.30341941894537,176.1965836328125,8.208664158707737,0.3325630443447184,0.017342865917045886,-0.007658494072408851,-0.016995304785165404,-0.015698463749961238,-0.0009241234502968863,-0.433883739117558,-0.9009688679024191,-0.8660254037844386,0.5000000000000001
2018-11-19,166.6999969482422,166.89999389648438,161.5399932861328,162.05999755859375,154.46189880371094,67280500.0,-0.0330164490004025,96.43000030517578,96.56999969482422,96.12000274658205,96.19000244140624,96.19000244140624,0.0,3.0850000381469727,3.095999956130981,3.052000045776367,3.056999921798706,3.056999921798706,0.0,18.780000686645508,20.989999771118164,18.520000457763672,20.100000381469727,20.100000381469727,0.0,-0.03301644900040256,0.03215357353615166,-0.032477355322231616,168.74500122070313,168.65750122070312,175.76320068359374,172.59755065917972,167.81952400122867,170.41030726898742,-2.590783267758752,-2.347233370188403,37.38216151082043,31.935615259374945,38.52467551361134,-4.083812074509777,-96.29626811980098,4.289917379332304,161.37131141421253,175.94369102719372,8.640220273340798,0.34943026698793095,-0.003516543463869475,0.017342865917045886,-0.030726116461548436,-0.0024824630684117466,0.0051306001120055575,0.0,1.0,-0.8660254037844386,0.5000000000000001
2018-11-20,158.3699951171875,161.3800048828125,157.1300048828125,159.16000366210938,151.69784545898438,102652800.0,-0.0180567726297627,96.1999969482422,96.88999938964844,96.04000091552734,96.80999755859376,96.80999755859376,0.0,3.04099988937378,3.061000108718872,3.0360000133514404,3.0480000972747803,3.0480000972747803,0.0,20.76000022888184,23.809999465942383,20.3700008392334,22.479999542236328,22.479999542236328,0.0,-0.01805677262976278,0.026835891463248256,-0.017894725923569665,167.63700103759766,167.95200119018557,175.28400085449218,172.59490066528323,166.48729010290262,169.57695144625572,-3.0896613433531,-2.495718964821343,34.42449250005293,18.38778198468905,30.67359144990744,-6.50845951217947,-88.99729476925316,4.335637043364372,159.85855564691718,176.04544673345396,9.637807809272278,0.3532190294143945,-0.03301644900040256,-0.003516543463869475,0.0008414545671851557,0.007547004731618175,-0.0036868012812256244,0.7818314824680298,0.6234898018587336,-0.8660254037844386,0.5000000000000001
2018-11-21,161.35000610351562,161.97000122070312,159.22999572753906,160.3699951171875,152.85108947753906,42965800.0,0.0075734924575167,96.81999969482422,96.87000274658205,96.5,96.70999908447266,96.70999908447266,0.0,3.07699990272522,3.0850000381469727,3.061000108718872,3.061000108718872,3.061000108718872,0.0,21.65999984741211,22.309999465942383,20.11000061035156,20.799999237060547,20.799999237060547,0.0,0.007573492457516751,0.016981750167435295,0.007602243888602311,166.11600036621095,167.7035011291504,174.83980072021484,172.58335067749024,165.54616779740797,168.89495468113958,-3.3487868837316057,-2.6663325486033953,36.67574973201833,10.755787565061297,20.35972826970843,-8.662721582895557,-82.43907441576197,4.226662794452185,158.99086614486444,176.41613611343635,10.390522470459642,0.3171488893349212,-0.01805677262976278,-0.03301644900040256,-0.007658494072408851,0.030885443526845347,-0.046847061482506495,0.9749279121818236,-0.22252093395631434,-0.8660254037844386,0.5000000000000001
2018-11-22,161.35000610351562,161.97000122070312,159.22999572753906,160.3699951171875,152.85108947753906,42965800.0,0.0,96.81999969482422,96.87000274658205,96.5,96.70999908447266,96.70999908447266,0.0,3.07699990272522,3.0850000381469727,3.061000108718872,3.061000108718872,3.061000108718872,0.0,21.65999984741211,22.309999465942383,20.11000061035156,20.799999237060547,20.799999237060547,0.0,0.0,0.016981750167435295,0.0,164.706999206543,167.16900100708008,174.35660064697265,172.55670066833497,164.74983353891253,168.2634761949209,-3.513642656008386,-2.835794570084394,36.67574973201833,15.374852133074306,14.839473894274883,-8.07635621600588,-82.43907441576197,4.120472987217319,158.02255534377025,176.31544667038992,10.942753271490156,0.28826715344949133,0.007573492457516751,-0.01805677262976278,0.017342865917045886,-0.006399384902912632,0.03401046002275041,0.43388373911755823,-0.900968867902419,-0.8660254037844386,0.5000000000000001
2018-11-23,159.08999633789062,160.83999633789062,159.08999633789062,159.2100067138672,151.7455291748047,23503700.0,-0.007259208342595,96.51000213623048,96.9800033569336,96.4000015258789,96.91999816894533,96.91999816894533,0.0,3.049999952316284,3.053999900817871,3.032000064849853,3.053999900817871,3.053999900817871,0.0,21.229999542236328,22.64999961853028,20.64999961853028,21.520000457763672,21.520000457763672,0.0,-0.007259208342595066,0.011000063110713647,-0.0072329239295140235,163.47599945068362,166.796501159668,173.86100067138673,172.52795066833497,163.89755248890555,167.59284882595395,-3.695296337048404,-3.007694923477196,35.32730042895104,15.465191898257078,13.86527719879756,-7.177003994845533,-88.72627547370485,3.951153488130368,156.98046311844297,176.61253920089302,11.770076677841708,0.27598026367484,0.0,0.007573492457516751,-0.003516543463869475,-0.016995304785165404,-0.02605867348859426,-0.433883739117558,-0.9009688679024191,-0.8660254037844386,0.5000000000000001
2018-11-26,161.44000244140625,162.97000122070312,160.75999450683594,162.88999938964844,155.2529296875,42012600.0,0.0228506236834126,96.93000030517578,97.0999984741211,96.66000366210938,97.06999969482422,97.06999969482422,0.0,3.062999963760376,3.0789999961853027,3.056999921798706,3.072000026702881,3.072000026702881,0.0,20.780000686645508,20.799999237060547,18.670000076293945,18.89999961853028,18.89999961853028,0.0,0.0228506236834126,0.013689337713366903,0.023113699176302793,163.13199920654296,166.77950134277344,173.49200073242187,172.51760063171386,163.74254431978906,167.24448960844984,-3.501945288660778,-3.1065449965139127,42.54444842414313,20.018045898775906,16.952696643369094,-2.0681791640334026,-68.78051241420549,3.9374992751807656,156.93631637861557,176.6226863069313,11.80383066852763,0.2806045373647355,-0.007259208342595066,0.0,-0.03301644900040256,-0.030726116461548436,-0.020795328903654042,0.0,1.0,-0.8660254037844386,0.5000000000000001
2018-11-27,162.0,163.85000610351562,161.17999267578125,163.44000244140625,155.77716064453125,36608100.0,0.0033709372162935,97.02999877929688,97.5,96.97000122070312,97.37000274658205,97.37000274658205,0.0,3.056999921798706,3.0739998817443848,3.0439999103546143,3.055000066757202,3.055000066757202,0.0,19.40999984741211,19.93000030517578,18.700000762939453,19.020000457763672,19.020000457763672,0.0,0.003370937216293564,0.01648156436873071,0.0033766252146509856,162.8289993286133,166.65550155639647,173.10400085449217,172.50835067749023,163.69599941542248,166.96267574422438,-3.266676328801907,-3.138571262971512,43.558238439030404,25.740258365879864,20.407832054304283,-1.820147027739703,-65.27243701445009,3.846964571791738,156.70482988481209,176.60617322798086,11.941605981986818,0.27422374097362023,0.0228506236834126,-0.007259208342595066,-0.01805677262976278,0.0008414545671851557,0.01634515759052959,0.7818314824680298,0.6234898018587336,-0.8660254037844386,0.5000000000000001
2018-11-28,164.6199951171875,168.6999969482422,163.47000122070312,168.6999969482422,160.7905731201172,70141000.0,0.0316762015266899,97.37000274658205,97.54000091552734,96.69000244140624,96.79000091552734,96.79000091552734,0.0,3.065999984741211,3.075000047683716,3.0429999828338623,3.0439999103546143,3.0439999103546143,0.0,18.8700008392334,19.3799991607666,18.18000030517578,18.489999771118164,18.489999771118164,0.0,0.031676201526689964,0.03177011227473311,0.032183231834775006,163.1789993286133,166.59950103759766,172.8240008544922,172.52775062561034,164.4658451897024,167.09136620378126,-2.6255210140788563,-3.035961213192981,52.237925504708144,45.907072212837804,30.555125492497858,2.1186441069345565,-28.225833932831012,3.947895281437752,156.7114060117595,176.48759606343583,11.870497767705384,0.2854268287907426,0.003370937216293564,0.0228506236834126,0.007573492457516751,-0.007658494072408851,0.023233768964615407,0.9749279121818236,-0.22252093395631434,-0.8660254037844386,0.5000000000000001
2018-11-29,167.99000549316406,169.25999450683594,166.82000732421875,168.14999389648438,160.26634216308594,44885700.0,-0.0032656603733877,96.8499984741211,97.01000213623048,96.62999725341795,96.77999877929688,96.77999877929688,0.0,3.013000011444092,3.0439999103546143,3.007999897003174,3.0350000858306885,3.0350000858306885,0.0,18.64999961853028,20.479999542236328,18.59000015258789,18.790000915527344,18.790000915527344,0.0,-0.0032656603733877245,0.014524597314311516,-0.0032603339042744928,163.18499908447268,166.40400085449218,172.49260070800784,172.54450057983397,165.0326372984381,167.16978306990742,-2.137145771469335,-2.856198124848252,51.34872909818129,62.690296297611575,44.77920895877641,0.03569371164310355,-18.430840159884166,3.8401875600934265,156.8205599845905,175.98744172439388,11.51828179694032,0.2810891831885509,0.031676201526689964,0.003370937216293564,0.0,0.017342865917045886,0.013103828900882616,0.43388373911755823,-0.900968867902419,-0.8660254037844386,0.5000000000000001
2018-11-30,168.3800048828125,169.47000122070312,167.5399932861328,169.3699951171875,161.42910766601562,36722800.0,0.0072290146923512,96.76000213623048,97.30999755859376,96.70999908447266,97.2699966430664,97.2699966430664,0.0,3.015000104904175,3.0220000743865967,3.007999897003174,3.013000011444092,3.013000011444092,0.0,19.18000030517578,19.90999984741211,18.030000686645508,18.06999969482422,18.06999969482422,0.0,0.007229014692351253,0.0114622156942776,0.007255207096112937,163.37199859619142,166.40350036621092,172.20580047607424,172.55050056457517,165.69992311670723,167.33276174007634,-1.6328386233691106,-2.611526224552424,53.24970235341288,84.15087734859014,64.2494152863465,1.116414995335821,-0.8906938615143356,3.7037461582703473,156.8207128716534,175.98628786076844,11.517531149847562,0.27710296717777616,-0.0032656603733877245,0.031676201526689964,-0.007259208342595066,-0.003516543463869475,-0.015698463749961238,-0.433883739117558,-0.9009688679024191,-0.8660254037844386,0.5000000000000001
2018-12-03,173.11000061035156,173.30999755859375,169.50999450683594,172.3300018310547,164.25039672851562,50771700.0,0.0173259882856828,97.12999725341795,97.16000366210938,96.70999908447266,97.04000091552734,97.04000091552734,0.0,3.04099988937378,3.04099988937378,2.986000061035156,2.992000102996826,2.992000102996826,0.0,16.040000915527344,17.280000686645508,15.9399995803833,16.440000534057617,16.440000534057617,0.0,0.017325988285682874,0.021951377958291,0.01747695383621295,164.3989990234375,166.5720001220703,171.97460052490237,172.56015060424807,166.71993522660685,167.7029276727414,-0.9829924461345456,-2.2858194688688482,57.58046909554041,91.54054310709247,79.46057225109806,6.337161808698508,-6.056836657324038,3.720621607065769,156.6862157686563,176.45778447548432,11.869683195458217,0.28359678648237907,0.007229014692351253,-0.0032656603733877245,0.0228506236834126,-0.03301644900040256,-0.0024824630684117466,0.0,1.0,-0.5000000000000004,0.8660254037844384
2018-12-04,171.42999267578125,171.91000366210938,165.52000427246094,165.72000122070312,157.95025634765625,70594700.0,-0.0391119225422191,96.94000244140624,97.12999725341795,96.37999725341795,96.97000122070312,96.97000122070312,0.0,2.9660000801086426,2.970000028610229,2.884999990463257,2.924000024795532,2.924000024795532,0.0,16.84000015258789,21.940000534057617,16.260000228881836,20.739999771118164,20.739999771118164,0.0,-0.03911192254221918,0.03727468740976726,-0.03835692641444688,165.05499877929688,166.34599990844728,171.60620056152345,172.54730064392095,166.56609922569857,167.55604423184968,-0.9899450061511175,-2.0266445763253023,47.08984825937962,82.04756857929051,85.91299634499104,4.121636973897271,-46.90976374329009,3.9412913178891964,156.607723878862,176.08427593803256,11.708458315733454,0.3158153742981658,0.017325988285682874,0.007229014692351253,0.003370937216293564,-0.01805677262976278,0.007547004731618175,0.7818314824680298,0.6234898018587336,-0.5000000000000004,0.8660254037844384
2018-12-05,171.42999267578125,171.91000366210938,165.52000427246094,165.72000122070312,157.95025634765625,70594700.0,0.0,96.94000244140624,97.12999725341795,96.37999725341795,96.97000122070312,96.97000122070312,0.0,2.9660000801086426,2.970000028610229,2.884999990463257,2.924000024795532,2.924000024795532,0.0,16.84000015258789,21.940000534057617,16.260000228881836,20.739999771118164,20.739999771118164,0.0,0.0,0.03727468740976726,0.0,165.58999938964843,165.8529998779297,171.23520050048828,172.53985061645514,166.4359303018531,167.42004104583884,-0.9841107439857524,-1.8181378098573924,47.08984825937962,66.7078786186986,80.09866343502719,3.336039325564738,-46.90976374329009,4.1161990373005715,157.13851469056968,174.56748506528973,10.508685635802811,0.2921516038257924,-0.03911192254221918,0.017325988285682874,0.031676201526689964,0.007573492457516751,0.030885443526845347,0.9749279121818236,-0.22252093395631434,-0.5000000000000004,0.8660254037844384
2018-12-06,162.3800048828125,166.91000366210938,161.77000427246094,166.88999938964844,159.06539916992188,71715500.0,0.0070352829733903,97.01000213623048,97.20999908447266,96.5500030517578,96.80999755859376,96.80999755859376,0.0,2.888000011444092,2.8989999294281006,2.825999975204468,2.875999927520752,2.875999927520752,0.0,23.530000686645508,25.940000534057617,20.940000534057617,21.190000534057617,21.190000534057617,0.0,0.0070352829733903955,0.03165413988845429,0.0070600887143299484,166.24199981689455,165.47449951171876,170.85640045166016,172.5519006347657,166.50578708459082,167.38077870093585,-0.874991616345028,-1.6295085711549195,48.997378959623695,55.500616764682576,68.08535465422389,4.065601091835515,-39.67862221937207,4.1893276338968475,157.73050016210487,173.21849886133265,9.35974953538441,0.2938979515179417,0.0,-0.03911192254221918,-0.0032656603733877245,0.0,-0.006399384902912632,0.43388373911755823,-0.900968867902419,-0.5000000000000004,0.8660254037844384
2018-12-07,166.16000366210938,167.1199951171875,160.86000061035156,161.3800048828125,153.81373596191406,80432200.0,-0.033573069558086,96.8000030517578,96.91999816894533,96.51000213623048,96.51000213623048,96.51000213623048,0.0,2.8949999809265137,2.9100000858306885,2.8499999046325684,2.8499999046325684,2.8499999046325684,0.0,22.420000076293945,24.709999084472656,19.89999961853028,23.229999542236328,23.229999542236328,0.0,-0.033573069558086095,0.03767449668312355,-0.03301574846203803,166.4589996337891,164.96749954223637,170.36820068359376,172.52885063171394,165.71720520739416,166.9362769366304,-1.2190717292362478,-1.5474212027711851,41.423328569853815,46.55954073979069,56.25601204105729,1.3629785047652445,-73.73299181796578,4.337232410535354,157.57004582348216,172.36495326099057,8.96837709158615,0.3103820695040711,0.0070352829733903955,0.0,0.007229014692351253,-0.007259208342595066,-0.016995304785165404,-0.433883739117558,-0.9009688679024191,-0.5000000000000004,0.8660254037844384
2018-12-10,161.0800018310547,163.77999877929688,159.41000366210938,163.07000732421875,155.42454528808594,73960800.0,0.0104180109184862,96.72000122070312,97.23999786376952,96.36000061035156,97.22000122070312,97.22000122070312,0.0,2.861000061035156,2.868000030517578,2.825000047683716,2.8559999465942383,2.8559999465942383,0.0,23.950000762939453,25.940000534057617,22.5,22.63999938964844,22.63999938964844,0.0,0.010418010918486223,0.027129346085871517,0.010472467339137648,166.4770004272461,164.80449981689458,169.9062008666992,172.50505065917974,165.30994399459792,166.64988659497027,-1.3399426003723534,-1.505925482291419,44.26892689398805,38.19240302053035,46.75085350833454,0.11050889265443259,-72.01117690107112,4.3395726038676505,157.38981008357757,172.21918955021158,8.99816417822944,0.2957324268261145,-0.033573069558086095,0.0070352829733903955,0.017325988285682874,0.0228506236834126,-0.030726116461548436,0.0,1.0,-0.5000000000000004,0.8660254037844384
2018-12-11,165.72999572753906,165.77000427246094,162.22999572753906,163.61000061035156,155.939208984375,59058300.0,0.003305870756936,97.18000030517578,97.5500030517578,96.87000274658205,97.38999938964844,97.38999938964844,0.0,2.877000093460083,2.882999897003174,2.8469998836517334,2.878999948501587,2.878999948501587,0.0,22.959999084472656,23.600000381469727,21.38999938964844,21.76000022888184,21.76000022888184,0.0,0.003305870756936026,0.02136009555410637,0.0033113411741698684,166.4940002441406,164.66149978637696,169.46340087890624,172.48040069580082,165.0484142431754,166.4247098553689,-1.376295612193502,-1.4799995082718358,45.18521558962963,28.6806917313601,37.810878497227044,0.10401258345933846,-68.21375608688281,4.282460885371524,157.27178194402862,172.0512176287253,8.975647436632572,0.2960640121339585,0.010418010918486223,-0.033573069558086095,-0.03911192254221918,0.003370937216293564,0.0008414545671851557,0.7818314824680298,0.6234898018587336,-0.5000000000000004,0.8660254037844384
2018-12-12,166.0,167.60000610351562,164.9600067138672,165.0500030517578,157.3116912841797,53780000.0,0.0087628867540499,97.37999725341795,97.48999786376952,96.88999938964844,97.04000091552734,97.04000091552734,0.0,2.8929998874664307,2.9170000553131104,2.890000104904175,2.9059998989105225,2.9059998989105225,0.0,21.90999984741211,21.90999984741211,20.5,21.459999084472656,21.459999084472656,0.0,0.008762886754049976,0.015903610781014682,0.008801393239991517,166.12900085449218,164.65400009155275,169.04540100097657,172.4610007476807,165.048658675265,166.32287972176806,-1.2742210465030723,-1.4388438159180832,47.656687494787064,33.89596983438528,33.58968819542524,-2.163600451993018,-58.08715750889023,4.261571214499563,157.2662791669281,172.0417210161774,8.973630668573927,0.2968047331565989,0.003305870756936026,0.010418010918486223,0.0,0.031676201526689964,-0.007658494072408851,0.9749279121818236,-0.22252093395631434,-0.5000000000000004,0.8660254037844384
2018-12-13,166.1300048828125,166.82000732421875,164.02999877929688,165.10000610351562,157.35939025878906,46378500.0,0.0003031671975755,97.04000091552734,97.29000091552734,96.87999725341795,97.05999755859376,97.05999755859376,0.0,2.9100000858306885,2.9189999103546143,2.8929998874664307,2.9110000133514404,2.9110000133514404,0.0,21.0,21.56999969482422,20.34000015258789,20.64999961853028,20.64999961853028,0.0,0.0003031671975755595,0.016794127869254785,0.00030321315739478827,165.82400207519532,164.504500579834,168.69980102539066,172.43720077514655,165.05655827961124,166.2322964907864,-1.1757382111751724,-1.3862226949695011,47.74479349820219,38.21145791387399,33.596039826539794,-1.8138494818182198,-59.064712662604975,4.156459595244014,157.29057623336968,171.71842492629833,8.770488735611714,0.289641092680551,0.008762886754049976,0.003305870756936026,0.0070352829733903955,-0.0032656603733877245,0.017342865917045886,0.43388373911755823,-0.900968867902419,-0.5000000000000004,0.8660254037844384
2018-12-14,163.2100067138672,163.80999755859375,160.6999969482422,161.0800018310547,153.5279083251953,56547400.0,-0.0246499355615557,97.08999633789062,97.70999908447266,97.08000183105467,97.44000244140624,97.44000244140624,0.0,2.885999917984009,2.900000095367432,2.877000093460083,2.8910000324249268,2.8910000324249268,0.0,21.56999969482422,22.46999931335449,20.950000762939453,21.6299991607666,21.6299991607666,0.0,-0.024649935561555765,0.019055207906485065,-0.02434860688829943,164.99500274658203,164.1835006713867,168.31840118408206,172.37680076599128,164.4447803644487,165.85064503451,-1.4058646700613053,-1.390151089987862,41.67181916616095,31.620836806731596,34.576088184996955,-4.894605612048903,-87.98561940831,4.173855992388973,156.95946619074485,171.40753515202854,8.799951823540118,0.30164157872291364,0.0003031671975755595,0.008762886754049976,-0.033573069558086095,0.007229014692351253,-0.003516543463869475,-0.433883739117558,-0.9009688679024191,-0.5000000000000004,0.8660254037844384
2018-12-17,160.38999938964844,161.6699981689453,156.1699981689453,157.42999267578125,150.0489501953125,74834100.0,-0.0229207881985843,97.43000030517578,97.45999908447266,97.0500030517578,97.0999984741211,97.0999984741211,0.0,2.884000062942505,2.888999938964844,2.8550000190734863,2.8570001125335693,2.8570001125335693,0.0,22.36000061035156,25.8799991607666,21.96999931335449,24.520000457763672,24.520000457763672,0.0,-0.022920788198584376,0.03429141480721877,-0.022660102438925023,163.50500183105467,163.95200042724605,167.8860009765625,172.29355072021488,163.36558225849984,165.2268930079375,-1.8613107494376493,-1.4843830218778193,37.06225949588998,20.100287115420524,29.97752727867537,-8.646207274970495,-92.64880658282344,4.26858056436119,156.16651514866777,171.73748570582433,9.497273907350827,0.2897470264086129,-0.024649935561555765,0.0003031671975755595,0.010418010918486223,0.017325988285682874,-0.03301644900040256,0.0,1.0,-0.5000000000000004,0.8660254037844384
2018-12-18,158.64999389648438,159.9499969482422,157.0399932861328,158.4199981689453,150.99252319335938,63642100.0,0.00626874481713,97.12999725341795,97.16999816894533,96.6999969482422,97.13999938964844,97.13999938964844,0.0,2.8320000171661377,2.852999925613404,2.819000005722046,2.825000047683716,2.825000047683716,0.0,24.68000030517578,26.13999938964844,23.63999938964844,25.57999992370605,25.57999992370605,0.0,0.006268744817130079,0.018342286631338217,0.006288434519659436,162.7750015258789,163.91500015258788,167.46180084228516,172.22710067749023,162.60472316779914,164.72267857541956,-2.1179554076204283,-1.6110974990263414,39.03216805356209,10.830920780322298,20.850681567491474,-4.405022325600752,-86.87281166789965,4.171539357057489,156.0272628952828,171.80273740989296,9.624179910273508,0.2840649576442823,-0.022920788198584376,-0.024649935561555765,0.003305870756936026,-0.03911192254221918,-0.01805677262976278,0.7818314824680298,0.6234898018587336,-0.5000000000000004,0.8660254037844384
2018-12-19,158.17999267578125,160.72000122070312,153.33999633789062,154.52999877929688,147.28492736816406,81856500.0,-0.0248613281620333,96.91000366210938,97.0999984741211,96.5500030517578,97.04000091552734,97.04000091552734,0.0,2.816999912261963,2.861000061035156,2.776000022888184,2.7780001163482666,2.7780001163482666,0.0,25.14999961853028,26.63999938964844,22.5,25.57999992370605,25.57999992370605,0.0,-0.024861328162033337,0.046655741715320255,-0.02455483057560015,161.65600128173833,163.62300033569338,167.11780090332033,172.14135070800785,161.36245787726034,163.96766525718826,-2.6052073799279185,-1.809919475206657,34.467201919456635,8.812444006001927,13.24788396724825,-6.752354790598627,-94.04104973127112,4.40071546603999,154.8051499274452,172.44085074394155,10.778252923069784,0.29535027526173213,0.006268744817130079,-0.022920788198584376,0.008762886754049976,0.0,0.007573492457516751,0.9749279121818236,-0.22252093395631434,-0.5000000000000004,0.8660254037844384
2018-12-20,154.14999389648438,155.8699951171875,150.38999938964844,152.2899932861328,145.14993286132812,99002100.0,-0.0146017642274982,96.98999786376952,97.04000091552734,96.16999816894533,96.27999877929688,96.27999877929688,0.0,2.765000104904175,2.789999961853028,2.749000072479248,2.7890000343322754,2.7890000343322754,0.0,26.09000015258789,30.299999237060547,24.68000030517578,28.3799991607666,28.3799991607666,0.0,-0.014601764227498227,0.03554976285772037,-0.014495675456994705,160.19600067138674,163.21900024414063,166.77160064697264,172.045150680542,159.96669409400994,163.10265251859158,-3.135958424581645,-2.0751272650816546,32.13644515563649,9.125271983104943,9.589545589809722,-8.74828099760974,-91.7103226515144,4.477806913289923,153.12549538095556,173.3125051073257,12.368051327464762,0.298663430101917,-0.024861328162033337,0.006268744817130079,0.0003031671975755595,0.0070352829733903955,0.0,0.43388373911755823,-0.900968867902419,-0.5000000000000004,0.8660254037844384
2018-12-21,153.0500030517578,154.08999633789062,146.72000122070312,147.57000732421875,140.6512451171875,141129400.0,-0.0314838404341511,96.38999938964844,97.0500030517578,96.25,96.95999908447266,96.95999908447266,0.0,2.789999961853028,2.802999973297119,2.7809998989105225,2.7920000553131104,2.7920000553131104,0.0,28.239999771118164,31.350000381469727,25.709999084472656,30.11000061035156,30.11000061035156,0.0,-0.03148384043415111,0.048154165110961454,-0.030993384946574776,158.81500091552735,162.63700027465822,166.23660064697265,171.92790069580082,158.05951151404207,161.9520862078973,-3.892574693855238,-2.4386167508363714,27.861148570079447,5.874335474275055,7.9373504877939745,-8.557440290463493,-96.62562119438932,4.684391784996893,150.44581309528147,174.82818745403497,14.991898717743826,0.3155909321870378,-0.014601764227498227,-0.024861328162033337,-0.024649935561555765,-0.033573069558086095,-0.007259208342595066,-0.433883739117558,-0.9009688679024191,-0.5000000000000004,0.8660254037844384
2018-12-24,146.0800018310547,147.97999572753906,143.4600067138672,143.5,137.16336059570312,56163300.0,-0.0251107589139776,96.94000244140624,96.94000244140624,96.37999725341795,96.5500030517578,96.5500030517578,0.0,2.763000011444092,2.7790000438690186,2.749000072479248,2.749000072479248,2.749000072479248,0.0,29.290000915527344,36.09999847412109,29.15999984741211,36.06999969482422,36.06999969482422,0.0,-0.02511075891397761,0.030941874021191206,-0.024798106256210817,156.85800018310547,161.66750030517582,165.66240051269534,171.8099006652832,155.81958666572788,160.5852650073123,-4.765678341584419,-2.904029068985981,24.797647334813515,3.934876703296054,6.31149472022535,-12.00098512616689,-99.85942604420812,4.6726487299022486,146.77609600148512,176.55890460886653,18.422260844734488,0.3077017632679804,-0.03148384043415111,-0.014601764227498227,-0.022920788198584376,0.010418010918486223,0.0228506236834126,0.0,1.0,-0.5000000000000004,0.8660254037844384
2018-12-25,146.0800018310547,147.97999572753906,143.4600067138672,143.5,137.16336059570312,56163300.0,0.0,96.94000244140624,96.94000244140624,96.37999725341795,96.5500030517578,96.5500030517578,0.0,2.763000011444092,2.7790000438690186,2.749000072479248,2.749000072479248,2.749000072479248,0.0,29.290000915527344,36.09999847412109,29.15999984741211,36.06999969482422,36.06999969482422,0.0,0.0,0.030941874021191206,0.0,154.8470001220703,160.6705001831055,164.98800048828127,171.6891506958008,153.92426564023128,159.31968982158546,-5.395424181354173,-3.402308091459619,24.797647334813515,1.2268750120775653,3.678695729882891,-12.291425056738987,-99.83432772516986,4.661744464457222,143.74734725555905,177.59365311065196,21.06566284197816,0.3065424206287406,-0.02511075891397761,-0.03148384043415111,0.006268744817130079,0.003305870756936026,0.003370937216293564,0.7818314824680298,0.6234898018587336,-0.5000000000000004,0.8660254037844384
2018-12-26,145.0800018310547,152.5399932861328,144.08999633789062,152.4600067138672,145.7277374267578,98982100.0,0.0605674400604254,96.58000183105467,97.12000274658205,96.52999877929688,97.0500030517578,97.0500030517578,0.0,2.750999927520752,2.796999931335449,2.736000061035156,2.796999931335449,2.796999931335449,0.0,35.5,36.20000076293945,29.59000015258789,30.40999984741211,30.40999984741211,0.0,0.06056744006042542,0.05824370582847241,0.06243924612126328,153.58800048828127,159.85850067138674,164.491400756836,171.61685073852544,153.69899503617526,158.81156514693964,-5.112570110764381,-3.7443604953205716,41.28202703092391,12.529588604842026,5.897113440071882,-7.627989157893287,-62.71748041609594,4.974476523148335,142.99920825094853,176.71779309182494,21.09276935493725,0.365564904910555,0.0,-0.02511075891397761,-0.024861328162033337,0.008762886754049976,0.031676201526689964,0.9749279121818236,-0.22252093395631434,-0.5000000000000004,0.8660254037844384
2018-12-27,150.3699951171875,153.17999267578125,147.0800018310547,153.0500030517578,146.29164123535156,85824300.0,0.0038621033446625,96.91999816894533,96.94000244140624,96.41000366210938,96.4800033569336,96.4800033569336,0.0,2.7679998874664307,2.7679998874664307,2.7330000400543213,2.743000030517578,2.743000030517578,0.0,31.200000762939453,33.79999923706055,29.65999984741211,29.959999084472656,29.959999084472656,0.0,0.003862103344662526,0.04056654281309693,0.003869570876149586,152.38300018310548,159.1035011291504,164.0888009643555,171.56810073852543,153.59915011549566,158.38478276951878,-4.785632654023118,-3.952614927061081,42.18077742559881,25.724924185391973,13.160462600770522,-7.298608483516719,-60.273419302558274,5.0548704032610665,142.45654115304433,175.75046110525648,20.925950539068403,0.3668654813207187,0.06056744006042542,0.0,-0.014601764227498227,0.0003031671975755595,-0.0032656603733877245,0.43388373911755823,-0.900968867902419,-0.5000000000000004,0.8660254037844384
2018-12-28,154.14999389648438,155.58999633789062,151.72000122070312,152.97000122070312,146.21519470214844,77856600.0,-0.0005226991341835,96.51000213623048,96.5199966430664,96.19000244140624,96.38999938964844,96.38999938964844,0.0,2.760999917984009,2.7679998874664307,2.726999998092652,2.736000061035156,2.736000061035156,0.0,29.96999931335449,31.049999237060547,27.43000030517578,28.34000015258789,28.34000015258789,0.0,-0.0005226991341835903,0.025105386120133744,-0.0005225625507895293,151.5720001220703,158.28350143432615,163.6878009033203,171.54040077209478,153.50235797783526,157.98368783997688,-4.481329862141621,-4.058357914077189,42.08670804354265,38.801424406520105,25.685312398918036,-5.034765655675596,-60.60482706178545,4.9702364542558115,142.15835274990914,174.40865011874317,20.375021449860387,0.36458597842314766,0.003862103344662526,0.06056744006042542,-0.03148384043415111,-0.024649935561555765,0.007229014692351253,-0.433883739117558,-0.9009688679024191,-0.5000000000000004,0.8660254037844384
2018-12-31,154.47000122070312,154.97999572753906,152.7100067138672,154.25999450683594,147.4482421875,53015300.0,0.0083977409297049,96.4000015258789,96.51000213623048,96.06999969482422,96.16999816894533,96.16999816894533,0.0,2.7320001125335693,2.744999885559082,2.678999900817871,2.686000108718872,2.686000108718872,0.0,27.59000015258789,27.63999938964844,25.32999992370605,25.420000076293945,25.420000076293945,0.0,0.00839774092970494,0.014695338873135424,0.008433100867959453,151.2550003051758,157.38000106811523,163.29480072021482,171.48970077514653,153.61891744383536,157.70785870418865,-4.088941260353295,-4.0644745833324105,44.24585918963808,41.2869088562292,35.27108581604709,-2.0135922736614464,-55.26102706696864,4.777361637071245,142.59982108335163,172.16018105287884,18.782793092454785,0.35868061713220056,-0.0005226991341835903,0.003862103344662526,-0.02511075891397761,-0.022920788198584376,0.017325988285682874,0.0,1.0,-0.5000000000000004,0.8660254037844384
2019-01-01,154.47000122070312,154.97999572753906,152.7100067138672,154.25999450683594,147.4482421875,53015300.0,0.0,96.4000015258789,96.51000213623048,96.06999969482422,96.16999816894533,96.16999816894533,0.0,2.7320001125335693,2.744999885559082,2.678999900817871,2.686000108718872,2.686000108718872,0.0,27.59000015258789,27.63999938964844,25.32999992370605,25.420000076293945,25.420000076293945,0.0,0.0,0.014695338873135424,0.0,150.83899993896486,156.80700073242187,162.91460052490237,171.4656007385254,153.717544684297,157.4524613562366,-3.734916671939601,-3.998563001053849,44.24585918963808,43.455656373157865,41.18132987863572,-2.625933411306433,-53.7671767517723,4.598263592542718,142.5074429732117,171.10655849163203,18.238417535465995,0.3360746429592495,0.00839774092970494,-0.0005226991341835903,0.0,0.006268744817130079,-0.03911192254221918,0.7818314824680298,0.6234898018587336,0.0,1.0
2019-01-02,150.99000549316406,155.75,150.8800048828125,154.8800048828125,148.04086303710938,58576700.0,0.0040111234809865,96.13999938964844,96.95999908447266,95.81999969482422,96.81999969482422,96.81999969482422,0.0,2.6519999504089355,2.678999900817871,2.6489999294281006,2.6610000133514404,2.6610000133514404,0.0,27.540000915527344,28.530000686645508,23.049999237060547,23.21999931335449,23.21999931335449,0.0,0.0040111234809865936,0.03225375812975902,0.0040191788034731335,150.8740005493164,156.26500091552737,162.7054006958008,171.45375076293948,153.89638471483784,157.26190902487187,-3.365524310034033,-3.871955262849886,45.38094795599073,49.02991618277399,44.590827137387016,0.22649718907686744,-43.8820476329371,4.617672987160202,142.57932740912915,169.95067442192558,17.515980451433677,0.33691975483302544,0.0,0.00839774092970494,0.06056744006042542,-0.024861328162033337,0.0,0.9749279121818236,-0.22252093395631434,0.0,1.0
2019-01-03,152.60000610351562,153.25999450683594,149.49000549316406,149.82000732421875,143.20433044433594,74820200.0,-0.0332158426547908,96.72000122070312,96.75,96.20999908447266,96.30999755859376,96.30999755859376,0.0,2.6540000438690186,2.6559998989105225,2.553999900817871,2.553999900817871,2.553999900817871,0.0,25.68000030517578,26.600000381469727,24.049999237060547,25.450000762939453,25.450000762939453,0.0,-0.033215842654790884,0.024705038419949456,-0.03267025396603551,150.62700195312502,155.41150131225587,162.2806008911133,171.4022007751465,153.26924973166567,156.71065704704571,-3.4414073153800473,-3.7858456733559187,38.4932605258252,45.75888675505315,46.081486436995,-1.6218964283971598,-65.07411535013114,4.6728391587665055,142.4034714023648,168.41953122214693,16.740112282623247,0.3506539937199692,0.0040111234809865936,0.0,0.003862103344662526,-0.014601764227498227,0.0070352829733903955,0.43388373911755823,-0.900968867902419,0.0,1.0
2019-01-04,152.33999633789062,157.0,151.74000549316406,156.22999572753906,149.33123779296875,74709300.0,0.0418944164096653,96.27999877929688,96.61000061035156,96.0500030517578,96.19000244140624,96.19000244140624,0.0,2.5989999771118164,2.6730000972747803,2.5969998836517334,2.6589999198913574,2.6589999198913574,0.0,24.36000061035156,24.479999542236328,21.190000534057617,21.3799991607666,21.3799991607666,0.0,0.041894416409665354,0.03452799417934376,0.04278437202019081,151.49300079345704,155.15400085449218,162.07200073242188,171.38270072937013,153.7247491156462,156.67505250486002,-2.950303389213815,-3.618737216527498,49.04407881979996,55.00996397638021,49.93292230473578,5.868393286918988,-26.013945087791114,4.851921552838987,142.4429383814453,167.86506332753908,16.385091461441192,0.3715166166421624,-0.033215842654790884,0.0040111234809865936,-0.0005226991341835903,-0.03148384043415111,-0.033573069558086095,-0.433883739117558,-0.9009688679024191,0.0,1.0
2019-01-07,156.6199951171875,158.86000061035156,156.11000061035156,158.08999633789062,151.10906982421875,52059300.0,0.0118349817743909,96.16000366210938,96.16000366210938,95.63999938964844,95.70999908447266,95.70999908447266,0.0,2.634000062942505,2.687000036239624,2.631999969482422,2.681999921798706,2.681999921798706,0.0,22.059999465942383,22.709999084472656,20.90999984741211,21.39999961853028,21.39999961853028,0.0,0.011834981774390917,0.017558422204919443,0.011905292271900736,152.9520004272461,154.90500030517578,161.96920074462892,171.39560073852542,154.3963256113761,156.7798631591586,-2.383537547782481,-3.371697282778495,51.636591366303584,64.55812098991316,55.10899057378217,10.167244834766986,-15.237576592338243,4.701784299064774,142.66030517670518,167.14969543364637,15.809296154865917,0.37215193053401907,0.041894416409665354,-0.033215842654790884,0.00839774092970494,-0.02511075891397761,0.010418010918486223,0.0,1.0,0.0,1.0
2019-01-08,159.5399932861328,160.11000061035156,157.1999969482422,159.52000427246094,152.4759979248047,49388700.0,0.0090053002168006,95.69000244140624,96.02999877929688,95.68000030517578,95.9000015258789,95.9000015258789,0.0,2.700999975204468,2.7170000076293945,2.696000099182129,2.7160000801086426,2.7160000801086426,0.0,20.959999084472656,22.030000686645508,20.09000015258789,20.46999931335449,20.46999931335449,0.0,0.009005300216800663,0.018239963548765625,0.009045969922097052,154.55400085449222,154.70050048828125,161.84120086669924,171.40690078735352,155.18458386692762,156.98283657495878,-1.798252708031157,-3.0570083678290274,53.59153161996338,85.0683184906674,68.21213448565358,11.163766043526786,-3.543522847868441,4.573799967853674,142.9409401487429,166.4600608278196,15.203002320511759,0.3736562670320962,0.011834981774390917,0.041894416409665354,0.0,0.0,0.003305870756936026,0.7818314824680298,0.6234898018587336,0.0,1.0
2019-01-09,160.13999938964844,161.52000427246094,159.47000122070312,160.82000732421875,153.7185516357422,46491700.0,0.0081161505552235,95.80999755859376,95.91999816894533,95.12000274658205,95.22000122070312,95.22000122070312,0.0,2.747999906539917,2.747999906539917,2.711999893188477,2.727999925613404,2.727999925613404,0.0,20.440000534057617,22.799999237060547,19.479999542236328,19.979999542236328,19.979999542236328,0.0,0.008116150555223542,0.012801317969096521,0.008149175790607144,155.39000091552737,154.4890007019043,161.66120086669923,171.4123007965088,156.05157209112625,157.26707144527433,-1.2154993541480792,-2.688706565092838,55.35817595970085,92.44764931382196,80.6913629314675,5.483405642268785,-3.8759526183274495,4.3935287595611126,143.37896730897202,165.59903409483658,14.382944212798359,0.3734363121940147,0.009005300216800663,0.011834981774390917,0.0040111234809865936,0.06056744006042542,0.008762886754049976,0.9749279121818236,-0.22252093395631434,0.0,1.0
2019-01-10,159.60000610351562,161.3699951171875,158.6999969482422,161.27999877929688,154.15823364257812,38943400.0,0.0028562225329797,95.16000366210938,95.62000274658205,95.02999877929688,95.54000091552734,95.54000091552734,0.0,2.7060000896453857,2.7330000400543213,2.696000099182129,2.7309999465942383,2.7309999465942383,0.0,20.979999542236328,21.31999969482422,19.290000915527344,19.5,19.5,0.0,0.0028562225329797613,0.01672931119572494,0.00286030542284732,156.21300048828127,154.2980003356934,161.4456008911133,171.41545082092287,156.85594542776786,157.56432532186858,-0.708379894100716,-2.292641230894414,55.996482595630816,97.08386342782626,91.53327707743853,5.377324771928215,-1.3289342503252866,4.270419431659984,143.8440854717363,164.75191519965048,13.550292085721628,0.37367844264575595,0.008116150555223542,0.009005300216800663,-0.033215842654790884,0.003862103344662526,0.0003031671975755595,0.43388373911755823,-0.900968867902419,0.0,1.0
2019-01-11,160.3300018310547,160.86000061035156,159.7899932861328,160.69000244140625,153.59429931640625,30176600.0,-0.0036648598920854,95.44000244140624,95.76000213623048,95.1999969482422,95.66999816894533,95.66999816894533,0.0,2.7100000381469727,2.713000059127808,2.680999994277954,2.700999975204468,2.700999975204468,0.0,19.68000030517578,20.15999984741211,18.1200008392334,18.190000534057617,18.190000534057617,0.0,-0.0036648598920854,0.006673781026624412,-0.003658152489469879,156.98500061035156,154.27850036621095,161.27180084228516,171.43575080871585,157.445800352943,157.79585696035286,-0.35005660740986855,-1.904124306197505,54.91195999032971,96.73310352208271,95.42153875457697,5.0467419488117855,-4.595802565099105,4.071818436053133,143.87652547701185,164.68047525541004,13.484672024304,0.3633658918415969,0.0028562225329797613,0.008116150555223542,0.041894416409665354,-0.0005226991341835903,-0.024649935561555765,-0.433883739117558,-0.9009688679024191,0.0,1.0
2019-01-14,159.3300018310547,159.9600067138672,158.58999633789062,159.27000427246094,152.23704528808594,30710200.0,-0.0088758916493719,95.6500015258789,95.72000122070312,95.4800033569336,95.58999633789062,95.58999633789062,0.0,2.671999931335449,2.7100000381469727,2.671999931335449,2.7100000381469727,2.7100000381469727,0.0,19.84000015258789,20.270000457763672,18.700000762939453,19.06999969482422,19.06999969482422,0.0,-0.008875891649371939,0.008598571268638099,-0.008836617207545916,157.48600158691409,154.37050094604493,161.07800079345705,171.44345085144045,157.7264471097919,157.90505305754604,-0.17860594775413574,-1.5590206345088313,52.28716086053094,93.72216369731713,95.8463768824087,3.2477699624208043,-12.908772092624222,3.9309746980147393,143.8196809438511,164.92132094823876,13.669476924067922,0.35492651124535796,-0.0036648598920854,0.0028562225329797613,0.011834981774390917,0.00839774092970494,-0.022920788198584376,0.0,1.0,0.0,1.0
2019-01-15,160.0,162.60000610351562,159.91000366210938,162.3800048828125,155.20968627929688,40874200.0,0.019338202845019,95.56999969482422,96.26000213623048,95.47000122070312,95.97000122070312,95.97000122070312,0.0,2.6989998817443848,2.7219998836517334,2.678999900817871,2.7109999656677246,2.7109999656677246,0.0,18.530000686645508,19.200000762939453,17.979999542236328,18.600000381469727,18.600000381469727,0.0,0.01933820284501905,0.016812515258789063,0.01952639704472503,158.29800262451172,154.5685012817383,160.92080078125002,171.4493008422852,158.442379074872,158.23653097052875,0.20584810434326073,-1.206046886738413,57.12138967743535,93.6926306979849,94.71596597246158,5.2638471834100375,-1.4175332483219782,3.8880480646604503,143.5590440475436,165.57795851593298,14.245408531363447,0.3606208104902476,-0.008875891649371939,-0.0036648598920854,0.009005300216800663,0.0,0.006268744817130079,0.7818314824680298,0.6234898018587336,0.0,1.0
2019-01-16,162.64999389648438,163.77999877929688,162.2899932861328,162.35000610351562,155.1809844970703,33812200.0,-0.0001849397228118,95.94000244140624,96.18000030517578,95.86000061035156,96.05999755859376,96.05999755859376,0.0,2.733999967575073,2.743000030517578,2.7170000076293945,2.7309999465942383,2.7309999465942383,0.0,18.07999992370605,19.040000915527344,17.760000228881836,19.040000915527344,19.040000915527344,0.0,-0.0001849397228118058,0.009160808786210894,-0.00018492262251545988,159.04500274658204,154.95950164794922,160.65620086669924,171.45965087890627,159.0435524638941,158.5412328322315,0.5023196316626013,-0.8643735830582102,57.06133295217963,91.88891443700516,93.10123627743572,4.823089479081037,-10.006951348038296,3.7167593095535656,143.41342539549075,166.5055779004077,14.90205651111331,0.34719544236219346,0.01933820284501905,-0.008875891649371939,0.008116150555223542,0.0040111234809865936,-0.024861328162033337,0.9749279121818236,-0.22252093395631434,0.0,1.0
2019-01-17,161.8300018310547,164.36000061035156,161.57000732421875,163.6300048828125,156.40444946289062,39329000.0,0.0078531992855653,96.06999969482422,96.26000213623048,95.9800033569336,96.06999969482422,96.06999969482422,0.0,2.7109999656677246,2.760999917984009,2.7070000171661377,2.749000072479248,2.749000072479248,0.0,19.51000022888184,19.71999931335449,17.850000381469727,18.059999465942383,18.059999465942383,0.0,0.007853199285565354,0.017240272227429593,0.007884116535189278,160.4260025024414,155.52650222778323,160.43960083007812,171.466750869751,159.74916052834305,158.9181789100523,0.8309816182907639,-0.5253025427884155,59.04017717899499,94.55544311426992,93.37899608308666,9.217725860010242,-4.909186060829951,3.650561736452083,143.43167538032606,167.6213290752404,15.553396590560697,0.3415334302770339,-0.0001849397228118058,0.01933820284501905,0.0028562225329797613,-0.033215842654790884,-0.014601764227498227,0.43388373911755823,-0.900968867902419,0.0,1.0
2019-01-18,164.77999877929688,166.02000427246094,163.82000732421875,165.25,157.95291137695312,57183200.0,0.0098516823898736,96.06999969482422,96.38999938964844,96.01000213623048,96.33999633789062,96.33999633789062,0.0,2.763999938964844,2.799000024795532,2.753999948501587,2.7839999198913574,2.7839999198913574,0.0,17.799999237060547,18.18000030517578,17.170000076293945,17.799999237060547,17.799999237060547,0.0,0.00985168238987363,0.013351116425172576,0.00990036996632826,161.3280029296875,156.41050186157227,160.3142007446289,171.48615089416504,160.5954435239826,159.38720269449286,1.208240829489739,-0.1785938683327846,61.460943986846615,93.47521306108098,93.30652353745201,5.773541905609204,-4.658223407888784,3.5605215688232517,144.18056048410426,168.64044323904028,15.638261154985427,0.3155285161263883,0.007853199285565354,-0.0001849397228118058,-0.0036648598920854,0.041894416409665354,-0.03148384043415111,-0.433883739117558,-0.9009688679024191,0.0,1.0
2019-01-21,164.77999877929688,166.02000427246094,163.82000732421875,165.25,157.95291137695312,57183200.0,0.0,96.06999969482422,96.38999938964844,96.01000213623048,96.33999633789062,96.33999633789062,0.0,2.763999938964844,2.799000024795532,2.753999948501587,2.7839999198913574,2.7839999198913574,0.0,17.799999237060547,18.18000030517578,17.170000076293945,17.799999237060547,17.799999237060547,0.0,0.0,0.013351116425172576,0.0,162.04400329589845,157.49800186157225,160.29260070800783,171.49940086364745,161.3115291356776,159.82148397638227,1.4900451592953345,0.15513393719283922,61.460943986846615,95.25812237446416,94.42959284993835,4.529068143442852,-4.658223407888784,3.463341238781747,146.27521481698196,168.72078890616254,14.251338952800424,0.29481043867280604,0.00985168238987363,0.007853199285565354,-0.008875891649371939,0.011834981774390917,-0.02511075891397761,0.0,1.0,0.0,1.0
2019-01-22,164.05999755859375,164.13999938964844,160.75999450683594,161.94000244140625,154.7890625,56711700.0,-0.020233656372989,96.33999633789062,96.4800033569336,96.22000122070312,96.3000030517578,96.3000030517578,0.0,2.755000114440918,2.759000062942505,2.726999998092652,2.7300000190734863,2.7300000190734863,0.0,18.530000686645508,21.14999961853028,18.200000762939453,20.799999237060547,20.799999237060547,0.0,-0.020233656372989066,0.020602248769419473,-0.02003032960502149,162.28600311279297,158.42000198364258,160.20200073242188,171.47860084533687,161.40821733655892,159.97841127008775,1.4298060664711727,0.41006836304850597,53.91081885245514,88.66704821334613,92.46679454963042,1.5170499649761442,-24.68240854418403,3.5366743998090553,149.1855967907978,167.65440717648735,11.658130384063826,0.30961086666738,0.0,0.00985168238987363,0.01933820284501905,0.009005300216800663,0.0,0.7818314824680298,0.6234898018587336,0.0,1.0
2019-01-23,162.77000427246094,163.50999450683594,160.32000732421875,162.14999389648438,154.98985290527344,38106100.0,0.0012963466744017,96.31999969482422,96.37000274658205,96.0500030517578,96.12000274658205,96.12000274658205,0.0,2.7730000019073486,2.7790000438690186,2.736999988555908,2.755000114440918,2.755000114440918,0.0,20.850000381469727,22.020000457763672,19.46999931335449,19.520000457763672,19.520000457763672,0.0,0.0012963466744017763,0.019598126797843316,0.0012971872949578689,162.41900177001952,158.90450134277341,160.1410006713867,171.45715080261226,161.52233680731666,160.1392692424134,1.383067564903257,0.6046682034194563,54.29442252515202,81.18615091140457,88.3704404997383,0.827003178518905,-27.100915313713458,3.511911027152493,149.97496266209833,167.8340400234485,11.238874424851115,0.23323845780681438,-0.020233656372989066,0.0,-0.0001849397228118058,0.008116150555223542,0.06056744006042542,0.9749279121818236,-0.22252093395631434,0.0,1.0
2019-01-24,162.67999267578125,163.44000244140625,162.05999755859375,163.1999969482422,155.9934539794922,32417800.0,0.0064543950501562,96.06999969482422,96.68000030517578,96.04000091552734,96.5999984741211,96.5999984741211,0.0,2.71399998664856,2.7260000705718994,2.700999975204468,2.711999893188477,2.711999893188477,0.0,19.690000534057617,20.25,18.6299991607666,18.88999938964844,18.88999938964844,0.0,0.00645439505015624,0.00848294163353467,0.006475269544465867,162.61100158691406,159.41200103759766,160.04320068359374,171.44860076904294,161.78043836745906,160.36598981321552,1.4144485542435348,0.766624273584272,56.25500776996643,73.2535026019496,81.03556724223343,1.1904750641601431,-28.456168336253697,3.3596320168424936,150.73324107962998,168.09076099556535,10.888464985670408,0.2335349290619188,0.0012963466744017763,-0.020233656372989066,0.007853199285565354,0.0028562225329797613,0.003862103344662526,0.43388373911755823,-0.900968867902419,0.0,1.0
2019-01-25,164.50999450683594,165.64999389648438,163.9499969482422,165.14999389648438,157.8573455810547,36515900.0,0.0118777044203914,96.48999786376952,96.52999877929688,95.73999786376952,95.79000091552734,95.79000091552734,0.0,2.740999937057495,2.759000062942505,2.7320001125335693,2.753000020980835,2.753000020980835,0.0,18.43000030517578,18.459999084472656,17.309999465942383,17.420000076293945,17.420000076293945,0.0,0.011877704420391415,0.010333700109457769,0.011948524466978805,163.05700073242187,160.02100067138673,159.99620056152344,171.46285072326657,162.29883152577065,160.72036048605025,1.578471039720398,0.9289936268114973,59.711427407527935,78.19295377385222,77.5442024290688,2.775525164799477,-9.864055028476127,3.294658083371043,151.53842729364368,168.50357404912978,10.601825188135841,0.2350490310464875,0.00645439505015624,0.0012963466744017763,0.00985168238987363,-0.0036648598920854,-0.0005226991341835903,-0.433883739117558,-0.9009688679024191,0.0,1.0
2019-01-28,163.02000427246094,163.1199951171875,161.75,163.11000061035156,155.90744018554688,33491200.0,-0.0124292501051579,95.79000091552734,95.91999816894533,95.63999938964844,95.75,95.75,0.0,2.76200008392334,2.76200008392334,2.727999925613404,2.74399995803833,2.74399995803833,0.0,18.559999465942383,20.420000076293945,18.420000076293945,18.8700008392334,18.8700008392334,0.0,-0.012429250105157982,0.008403846652449965,-0.012352326008843173,163.44100036621094,160.4635009765625,160.0172006225586,171.46895072937008,162.42362676955233,160.89737086562812,1.5262559039242092,1.0484460822340398,54.830526134217415,74.17140802830643,75.20595480136942,2.4109978243747627,-39.16555255035087,3.302182070021995,152.33016035441892,168.59684159870608,10.137309198222646,0.2412266516994032,0.011877704420391415,0.00645439505015624,0.0,-0.008875891649371939,0.00839774092970494,0.0,1.0,0.0,1.0
2019-01-29,163.1999969482422,163.24000549316406,160.99000549316406,161.57000732421875,154.43548583984375,30784200.0,-0.0094860572618203,95.73999786376952,95.87000274658205,95.62000274658205,95.81999969482422,95.81999969482422,0.0,2.739000082015991,2.747999906539917,2.7079999446868896,2.711999893188477,2.711999893188477,0.0,19.450000762939453,19.93000030517578,18.420000076293945,19.1299991607666,19.1299991607666,0.0,-0.00948605726182032,0.013786764963687914,-0.009441206551472736,163.36000061035156,160.82900161743163,160.06540069580075,171.48450073242185,162.29230070103947,160.9471957884867,1.345104912552756,1.1077778482977831,51.41389680771613,63.69272301858026,72.01902827357964,-0.49882838664669,-59.89222336543221,3.2270262078775667,153.23000735755122,168.42799587731204,9.449781051251378,0.24500198985743105,-0.012429250105157982,0.011877704420391415,-0.020233656372989066,0.01933820284501905,0.0,0.7818314824680298,0.6234898018587336,0.0,1.0
2019-01-30,163.39999389648438,166.27999877929688,162.88999938964844,165.67999267578125,158.36392211914062,41346500.0,0.0251192472860978,95.79000091552734,95.9800033569336,95.25,95.33999633789062,95.33999633789062,0.0,2.7290000915527344,2.734999895095825,2.687999963760376,2.694999933242798,2.694999933242798,0.0,19.14999961853028,19.309999465942383,17.540000915527344,17.65999984741211,17.65999984741211,0.0,0.025119247286097837,0.020746631066559513,0.02543739386018329,163.69299926757813,161.36900100708007,160.17160064697262,171.51965072631833,162.81348408176896,161.29777333569373,1.5157107460752286,1.1893644278532722,58.793706067735805,64.37993549652955,67.41468884780541,2.0511157666002178,-7.802417594628275,3.332952296963321,154.01914306858438,168.71885894557576,9.109380231179857,0.2580497196543071,-0.00948605726182032,-0.012429250105157982,0.0012963466744017763,-0.0001849397228118058,0.0040111234809865936,0.9749279121818236,-0.22252093395631434,0.0,1.0
2019-01-31,166.6999969482422,168.99000549316406,166.47000122070312,168.16000366210938,160.73446655273438,37258400.0,0.0148580383227448,95.3499984741211,95.62000274658205,95.16000366210938,95.58000183105467,95.58000183105467,0.0,2.674000024795532,2.6760001182556152,2.625999927520752,2.634999990463257,2.634999990463257,0.0,17.389999389648438,17.719999313354492,16.540000915527344,16.56999969482422,16.56999969482422,0.0,0.01485803832274488,0.015117002511063996,0.014968967690825119,164.14599914550783,162.28600082397458,160.3274008178711,171.55050071716306,163.6360255556675,161.80608669320603,1.8299388624614608,1.31747931477491,62.49551725134754,74.77485974282448,67.61583941931143,2.7684401663014926,-7.980779811466087,3.331313762707571,156.61952239764116,167.952479250308,6.9833237587506085,0.2214811913803984,0.025119247286097837,-0.00948605726182032,0.00645439505015624,0.007853199285565354,-0.033215842654790884,0.43388373911755823,-0.900968867902419,0.0,1.0
2019-02-01,167.3300018310547,168.60000610351562,166.99000549316406,167.4499969482422,160.05581665039062,32143700.0,-0.0042311188981184,95.5500030517578,95.66000366210938,95.4000015258789,95.58000183105467,95.58000183105467,0.0,2.63100004196167,2.697000026702881,2.63100004196167,2.690999984741211,2.690999984741211,0.0,16.6299991607666,16.829999923706055,16.079999923706055,16.139999389648438,16.139999389648438,0.0,-0.004231118898118432,0.009621709153969323,-0.0042221803257180834,164.36599884033205,162.84700088500978,160.49220062255858,171.57730072021482,164.22279038529436,162.22415411950502,1.9986362657893437,1.4537107049777969,60.811185215169196,89.08545316137939,76.08008280024447,1.3313143408424735,-16.960443109767475,3.208362823253571,157.4919269267951,168.20207484322447,6.576816188338693,0.1779508913444559,0.01485803832274488,0.025119247286097837,0.011877704420391415,0.00985168238987363,0.041894416409665354,-0.433883739117558,-0.9009688679024191,0.49999999999999994,0.8660254037844387
2019-02-04,167.47999572753906,169.52999877929688,167.3300018310547,169.52999877929688,162.04393005371094,26718800.0,0.0123448631793033,95.5999984741211,95.91999816894533,95.56999969482422,95.8499984741211,95.8499984741211,0.0,2.697000026702881,2.733999967575073,2.694999933242798,2.7239999771118164,2.7239999771118164,0.0,16.719999313354492,16.729999542236328,15.600000381469728,15.729999542236328,15.729999542236328,0.0,0.012344863179303315,0.01313587893697586,0.012421375523408384,164.79399871826175,163.41900100708008,160.62500061035155,171.6202507019043,165.03928398437165,162.76532779800812,2.2739561863635345,1.6177598012549446,63.88222716916975,91.68625902625547,85.18219064348644,2.590014389892209,0.0,3.136336689324186,157.76764687003276,169.0703551441274,6.916397851192931,0.17827777232933553,-0.004231118898118432,0.01485803832274488,-0.012429250105157982,0.0,0.011834981774390917,0.0,1.0,0.49999999999999994,0.8660254037844387
2019-02-05,169.75999450683594,171.22999572753906,169.69000244140625,171.02999877929688,163.4776611328125,28156400.0,0.008808880202944,95.83000183105467,96.12000274658205,95.80999755859376,96.0999984741211,96.0999984741211,0.0,2.7290000915527344,2.7290000915527344,2.687999963760376,2.70199990272522,2.70199990272522,0.0,15.789999961853027,15.9399995803833,15.039999961853027,15.56999969482422,15.56999969482422,0.0,0.008808880202944057,0.009071591281600799,0.008847792562340029,165.7029983520508,163.99450073242187,160.77680053710938,171.6615007019043,165.96093241436014,163.37752564847395,2.5834067658861954,1.8108891941811947,65.95426895597092,93.73546744850937,91.50239321204808,5.6131877243731685,-1.833154544704385,3.033740993532615,157.7065727850179,170.28242867982584,7.668461953688966,0.17819857166767034,0.012344863179303315,-0.004231118898118432,-0.00948605726182032,-0.020233656372989066,0.009005300216800663,0.7818314824680298,0.6234898018587336,0.49999999999999994,0.8660254037844387
2019-02-06,171.07000732421875,171.3699951171875,169.75,170.52000427246094,162.990234375,27970000.0,-0.0029860646434221,96.05999755859376,96.41999816894533,96.04000091552734,96.41999816894533,96.41999816894533,0.0,2.690999984741211,2.7039999961853027,2.6730000972747803,2.70199990272522,2.70199990272522,0.0,15.4399995803833,15.869999885559082,15.09000015258789,15.380000114440918,15.380000114440918,0.0,-0.002986064643422173,0.009469778732850698,-0.0029816107866658115,166.53999938964844,164.47950057983397,160.81320068359375,171.70500068664546,166.66232808483718,163.90659813913965,2.7557299456975386,1.9998573444844636,64.59735837646714,96.82487070615467,94.0821990603065,5.161893734834137,-7.692233336831578,2.93275914522225,157.74223624506942,171.2167649145985,8.192223725161979,0.1787273472461038,0.008808880202944057,0.012344863179303315,0.025119247286097837,0.0012963466744017763,0.008116150555223542,0.9749279121818236,-0.22252093395631434,0.49999999999999994,0.8660254037844387
2019-02-07,169.02999877929688,169.4499969482422,166.9499969482422,168.22999572753906,160.80136108398438,42036200.0,-0.0135204660404804,96.38999938964844,96.66999816894533,96.37999725341795,96.51000213623048,96.51000213623048,0.0,2.66599988937378,2.674999952316284,2.6519999504089355,2.6519999504089355,2.6519999504089355,0.0,15.65999984741211,17.889999389648438,15.510000228881836,16.3700008392334,16.3700008392334,0.0,-0.013520466040480404,0.014790274022685521,-0.013429475081185416,167.04299926757812,164.8270004272461,160.81480072021483,171.7371506500244,166.90350772217593,164.2268498123544,2.676657909821529,2.1352174575518768,58.752292344959194,87.35276555249872,92.63770123572091,3.0821071527912505,-28.416315460967834,2.9782768722934287,158.0676754826642,171.586325371828,8.201720503389767,0.18802676738956317,-0.002986064643422173,0.008808880202944057,0.01485803832274488,0.00645439505015624,0.0028562225329797613,0.43388373911755823,-0.900968867902419,0.49999999999999994,0.8660254037844387
2019-02-08,166.75999450683594,168.58999633789062,166.57000732421875,168.55999755859375,161.1167755126953,29020700.0,0.0019595946533389,96.5999984741211,96.69000244140624,96.4499969482422,96.63999938964844,96.63999938964844,0.0,2.638999938964844,2.6519999504089355,2.625,2.631999969482422,2.631999969482422,0.0,16.809999465942383,17.6299991607666,15.619999885559082,15.720000267028809,15.720000267028809,0.0,0.001959594653338949,0.012113151116643088,0.001961515913700529,167.38399963378907,165.2205001831055,160.79860076904296,171.75560066223144,167.15835231239404,164.54782371948323,2.6105285929108106,2.2302796846236634,59.32348463220225,79.48719365012731,87.88827663626023,2.0647918789792734,-25.42987025181863,2.9098277395347463,158.55963372775273,171.88136663845825,8.063002409472022,0.18679171872104158,-0.013520466040480404,-0.002986064643422173,-0.004231118898118432,0.011877704420391415,-0.0036648598920854,-0.433883739117558,-0.9009688679024191,0.49999999999999994,0.8660254037844387
2019-02-11,169.1699981689453,169.5800018310547,167.97999572753906,168.39999389648438,160.96383666992188,21434100.0,-0.0009496930177316,96.66000366210938,97.12000274658205,96.62000274658205,97.05999755859376,97.05999755859376,0.0,2.6519999504089355,2.6700000762939453,2.6480000019073486,2.6610000133514404,2.6610000133514404,0.0,16.170000076293945,16.5,15.34000015258789,15.970000267028809,15.970000267028809,0.0,-0.0009496930177316776,0.009457977896989418,-0.0009492422020411784,167.91299896240236,165.67699966430666,160.7200006103516,171.76640060424805,167.3493740945618,164.83316965852035,2.5162044360414484,2.2874646349072205,58.89761323816954,73.09198183120401,79.97731367794334,3.243205975315955,-26.87786879360152,2.8162690512476662,159.49933416484657,171.85466516376675,7.45748113736635,0.18252094678173084,0.001959594653338949,-0.013520466040480404,0.012344863179303315,-0.012429250105157982,-0.008875891649371939,0.0,1.0,0.49999999999999994,0.8660254037844387
2019-02-12,169.6300048828125,171.13999938964844,169.3300018310547,170.88999938964844,163.3439178466797,29722100.0,0.0146781806825773,97.05999755859376,97.1999969482422,96.6500015258789,96.70999908447266,96.70999908447266,0.0,2.681999921798706,2.690999984741211,2.6679999828338623,2.684000015258789,2.684000015258789,0.0,15.229999542236328,15.649999618530272,14.949999809265137,15.43000030517578,15.43000030517578,0.0,0.014678180682577317,0.010670267679613474,0.014786434182967989,168.84499816894532,166.10249938964844,160.82340057373045,171.79050056457518,167.89408567842128,165.28182371267798,2.6122619657433006,2.3524241010744364,63.311641984148466,81.02267334533131,77.86728294222087,5.768392426155851,-4.6242409185858975,2.8108216542416944,159.71235799293933,172.49264078635755,7.694214620719124,0.17759947443765714,-0.0009496930177316776,0.001959594653338949,0.008808880202944057,-0.00948605726182032,0.01933820284501905,0.7818314824680298,0.6234898018587336,0.49999999999999994,0.8660254037844387
2019-02-13,171.64999389648438,172.16000366210938,170.82000732421875,171.00999450683594,163.45858764648438,26094100.0,0.0007017682091371,96.7300033569336,97.18000030517578,96.62999725341795,97.12999725341795,97.12999725341795,0.0,2.687999963760376,2.7149999141693115,2.687999963760376,2.7079999446868896,2.7079999446868896,0.0,15.460000038146973,15.90999984741211,15.0,15.649999618530272,15.649999618530272,0.0,0.0007017682091371329,0.007806562106251668,0.0007020145060578908,169.37799835205078,166.53549880981447,160.92920043945313,171.8061505126953,168.37345626740813,165.70613266039337,2.6673236070147652,2.4154040022625023,63.51498562239476,86.06745747943499,80.06070421865677,3.217046153234057,-10.295517849507608,2.705762703073761,160.0431779842032,173.02781963542574,7.796921223415052,0.17744592466476408,0.014678180682577317,-0.0009496930177316776,-0.002986064643422173,0.025119247286097837,-0.0001849397228118058,0.9749279121818236,-0.22252093395631434,0.49999999999999994,0.8660254037844387
2019-02-14,170.39999389648438,171.8300018310547,169.8300018310547,171.22000122070312,163.65928649902344,30326800.0,0.0012270737467108,97.13999938964844,97.29000091552734,96.9499969482422,96.9800033569336,96.9800033569336,0.0,2.686000108718872,2.686000108718872,2.6429998874664307,2.657000064849853,2.657000064849853,0.0,15.609999656677246,17.270000457763672,15.300000190734863,16.219999313354492,16.219999313354492,0.0,0.0012270737467108246,0.011737089622285856,0.0012278269097314443,169.68399810791016,166.914998626709,161.01580047607425,171.81415054321286,168.81138626022272,166.11456736856445,2.6968188916582676,2.4716869801416554,63.89217369185473,92.22160653568109,86.4372457868158,1.8196940366047598,-8.415421624863228,2.655351081425635,160.252679499195,173.577317754223,7.982888514906557,0.17639910342789153,0.0007017682091371329,0.014678180682577317,-0.013520466040480404,0.01485803832274488,0.007853199285565354,0.43388373911755823,-0.900968867902419,0.49999999999999994,0.8660254037844387
2019-02-15,172.52000427246094,172.55999755859375,171.13999938964844,171.94000244140625,164.3475341796875,32521700.0,0.0041965510918512,97.05999755859376,97.37000274658205,96.83000183105467,96.91999816894533,96.91999816894533,0.0,2.6679999828338623,2.687999963760376,2.6630001068115234,2.66599988937378,2.66599988937378,0.0,16.81999969482422,16.81999969482422,14.789999961853027,14.90999984741211,14.90999984741211,0.0,0.004196551091851201,0.0082309189298576,0.004205368942923782,170.13299865722658,167.2494987487793,161.22700042724608,171.82655052185058,169.29271182655864,166.54608107766384,2.746630748894802,2.5266757338922847,65.21975402967442,91.97680426517465,90.08862276009691,2.681400761417689,-5.358647730105204,2.567111587677041,160.27470966655096,174.22428783100764,8.34057995319313,0.17430385093958975,0.0012270737467108246,0.0007017682091371329,0.001959594653338949,-0.004231118898118432,0.00985168238987363,-0.433883739117558,-0.9009688679024191,0.49999999999999994,0.8660254037844387
2019-02-18,172.52000427246094,172.55999755859375,171.13999938964844,171.94000244140625,164.3475341796875,32521700.0,0.0,97.05999755859376,97.37000274658205,96.83000183105467,96.91999816894533,96.91999816894533,0.0,2.6679999828338623,2.687999963760376,2.6630001068115234,2.66599988937378,2.66599988937378,0.0,16.81999969482422,16.81999969482422,14.789999961853027,14.90999984741211,14.90999984741211,0.0,0.0,0.0082309189298576,0.0,170.3739990234375,167.5839988708496,161.4044003295898,171.83750053405763,169.69998730576597,166.94563080831142,2.754356497454552,2.5722118866047383,65.21975402967442,93.2714659041309,92.4899589016622,1.4215794723427357,-6.411532932638819,2.485174914910489,160.37521014080707,174.79278760089213,8.603194551525242,0.17430385093958975,0.004196551091851201,0.0012270737467108246,-0.0009496930177316776,0.012344863179303315,0.0,0.0,1.0,0.49999999999999994,0.8660254037844387
2019-02-19,171.41000366210938,172.8000030517578,171.3800048828125,172.27999877929688,164.67251586914062,19487700.0,0.0019754528338883,96.80999755859376,97.08999633789062,96.43000030517578,96.5199966430664,96.5199966430664,0.0,2.6700000762939453,2.6700000762939453,2.635999917984009,2.6470000743865967,2.6470000743865967,0.0,15.649999618530272,16.15999984741211,14.640000343322754,14.880000114440918,14.880000114440918,0.0,0.0019754528338883992,0.0082842199323703,0.001977405326311743,170.4989990234375,168.10099868774412,161.57780029296873,171.85955055236818,170.09691214784766,167.34076917653255,2.756142971315114,2.6089981035468135,65.90626025817899,93.33830143236942,92.86219053389166,0.7308659351702644,-8.21491504014772,2.4090908616272624,161.1169045896179,175.08509278587036,8.309402267263781,0.15332165964185485,0.0,0.004196551091851201,0.014678180682577317,0.008808880202944057,-0.020233656372989066,0.7818314824680298,0.6234898018587336,0.49999999999999994,0.8660254037844387
2019-02-20,172.39999389648438,173.0800018310547,171.32000732421875,172.25,164.64382934570312,32593000.0,-0.0001742186437259,96.52999877929688,96.6500015258789,96.29000091552734,96.4499969482422,96.4499969482422,0.0,2.634000062942505,2.6589999198913574,2.631999969482422,2.6540000438690186,2.6540000438690186,0.0,14.920000076293944,15.1899995803833,13.989999771118164,14.020000457763672,14.020000457763672,0.0,-0.00017421864372598912,0.010208785203859731,-0.00017420346853935786,170.6719985961914,168.60599899291995,161.72180023193357,171.87590057373052,170.42815643279417,167.70441590419682,2.7237405285973466,2.63194658855692,65.78288196557669,90.87463238892704,92.49479990847578,1.0145412175657902,-12.749654860432358,2.362726836285025,161.98239356729113,175.22960441854877,7.856903627618802,0.15363897230690957,0.0019754528338883992,0.0,0.0007017682091371329,-0.002986064643422173,0.0012963466744017763,0.9749279121818236,-0.22252093395631434,0.49999999999999994,0.8660254037844387
2019-02-21,171.7899932861328,172.25999450683594,170.7100067138672,171.6199951171875,164.04168701171875,25207400.0,-0.0036639460982584,96.48999786376952,96.66000366210938,96.36000061035156,96.61000061035156,96.61000061035156,0.0,2.674999952316284,2.697000026702881,2.671999931335449,2.687999963760376,2.687999963760376,0.0,14.0,15.170000076293944,13.850000381469728,14.460000038146973,14.460000038146973,0.0,-0.003663946098258429,0.0090225732204733,-0.003657242038024089,171.01099853515626,169.02699890136722,161.85220001220702,171.89235054016115,170.61151623039314,167.9944588088628,2.6170574215303475,2.6289687551516057,63.11085305207859,85.53609090447772,89.91634157525806,2.0150980655903914,-22.427157385986753,2.30467404747672,162.79115678062706,175.26284102210738,7.3785160492365796,0.15483367389657915,-0.00017421864372598912,0.0019754528338883992,0.0012270737467108246,-0.013520466040480404,0.00645439505015624,0.43388373911755823,-0.900968867902419,0.49999999999999994,0.8660254037844387
2019-02-22,171.99000549316406,173.00999450683594,171.89999389648438,172.88999938964844,165.2555694580078,27735400.0,0.0073725967698482,96.58999633789062,96.77999877929688,96.43000030517578,96.51000213623048,96.51000213623048,0.0,2.678999900817871,2.678999900817871,2.638000011444092,2.6549999713897705,2.6549999713897705,0.0,14.460000038146973,14.470000267028809,13.510000228881836,13.510000228881836,13.510000228881836,0.0,0.00737259676984824,0.006453866939353524,0.00739984127450688,171.44399871826175,169.4139991760254,162.08839996337892,171.91950050354006,170.96205210104782,168.35709144447654,2.6049606565712793,2.6241671354355405,66.10016850084158,87.30152033295909,87.90408120878794,2.568819348463457,-2.9186267547036238,2.239340143346128,163.2307718846788,175.59722646737202,7.299547052097014,0.1520209045371749,-0.003663946098258429,-0.00017421864372598912,0.004196551091851201,0.001959594653338949,0.011877704420391415,-0.433883739117558,-0.9009688679024191,0.49999999999999994,0.8660254037844387
2019-02-25,174.2100067138672,174.66000366210938,173.39999389648438,173.52000427246094,165.85775756835938,32608800.0,0.0036373575155699,96.5199966430664,96.5999984741211,96.31999969482422,96.41000366210938,96.41000366210938,0.0,2.680999994277954,2.684000015258789,2.6679999828338623,2.6730000972747803,2.6730000972747803,0.0,13.90999984741211,14.899999618530272,13.4399995803833,14.850000381469728,14.850000381469728,0.0,0.003637357515569946,0.00723270602758494,0.003643980728314178,171.95599975585938,169.93449935913088,162.4102001953125,171.94510055541997,171.35558320434214,168.73952943173464,2.6160537726075006,2.6225444628699326,67.50682699760793,86.85424869107817,86.56395330950498,3.040386319208442,-14.091469786075074,2.2058161525686146,164.25343394993646,175.6155647683253,6.686182535764376,0.1417380350788646,0.00737259676984824,-0.003663946098258429,0.0,-0.0009496930177316776,-0.012429250105157982,0.0,1.0,0.49999999999999994,0.8660254037844387
2019-02-26,173.10000610351562,174.25,172.80999755859375,173.6999969482422,166.02976989746094,21939700.0,0.0010365701044383,96.38999938964844,96.45999908447266,95.9499969482422,96.0,96.0,0.0,2.6549999713897705,2.657000064849853,2.631999969482422,2.635999917984009,2.635999917984009,0.0,15.15999984741211,15.279999732971191,14.520000457763672,15.170000076293944,15.170000076293944,0.0,0.0010365701044383556,0.008318904625255261,0.001037107528905734,172.23699951171875,170.54099884033204,162.71580017089846,171.9727005767823,171.71626224186522,169.10697146999448,2.6092907718707465,2.6198937246700957,67.91643585879838,90.37443774790401,88.17673559064708,1.6443311888524497,-11.866590215509277,2.1511151731998743,166.18424225944116,174.8977554212229,5.109336300967558,0.13406548156641312,0.003637357515569946,0.00737259676984824,0.0019754528338883992,0.014678180682577317,-0.00948605726182032,0.7818314824680298,0.6234898018587336,0.49999999999999994,0.8660254037844387
2019-02-27,172.89999389648438,173.8000030517578,171.75999450683594,173.58999633789062,165.9246063232422,25162000.0,-0.0006336025988523,96.05999755859376,96.19000244140624,95.87999725341795,96.1500015258789,96.1500015258789,0.0,2.631999969482422,2.697000026702881,2.631999969482422,2.693000078201294,2.693000078201294,0.0,15.529999732971191,16.170000076293945,14.699999809265137,14.699999809265137,14.699999809265137,0.0,-0.0006336025988523379,0.011798777425887202,-0.0006334019151125192,172.49499969482426,170.93649902343748,163.09700012207034,171.99265052795417,172.00452902586915,169.43904738613494,2.5654816397342017,2.609011307682917,67.35759425168489,86.93854609514396,88.05574417804205,1.508684821898848,-13.226301712983746,2.1431789854657315,167.0243074324723,174.84869061440264,4.577362486438611,0.10790240383826562,0.0010365701044383556,0.003637357515569946,-0.00017421864372598912,0.0007017682091371329,0.025119247286097837,0.9749279121818236,-0.22252093395631434,0.49999999999999994,0.8660254037844387
2019-02-28,173.0500030517578,173.80999755859375,172.6999969482422,173.19000244140625,165.5422821044922,25085500.0,-0.0023068632291575,96.08999633789062,96.27999877929688,95.81999969482422,96.16000366210938,96.16000366210938,0.0,2.6700000762939453,2.7239999771118164,2.6679999828338623,2.7109999656677246,2.7109999656677246,0.0,15.170000076293944,15.239999771118164,14.390000343322754,14.779999732971191,14.779999732971191,0.0,-0.0023068632291575334,0.006414334532080711,-0.002304204465039872,172.69199981689457,171.18799896240233,163.5150003051758,172.0108505249024,172.18690955133638,169.71689590874763,2.4700136425887536,2.5812117746640846,65.25492908031649,84.3003759708259,87.20445327129129,1.1505672273438354,-22.00598015902928,2.0693805301004335,167.38206975880365,174.993928166001,4.446490673022668,0.0982440314512067,-0.0006336025988523379,0.0010365701044383556,-0.003663946098258429,0.0012270737467108246,0.01485803832274488,0.43388373911755823,-0.900968867902419,0.49999999999999994,0.8660254037844387
2019-03-01,174.44000244140625,174.64999389648438,173.17999267578125,174.38999938964844,166.68931579589844,31431200.0,0.0069050521152978,96.22000122070312,96.5500030517578,96.06999969482422,96.52999877929688,96.52999877929688,0.0,2.736999988555908,2.759000062942505,2.727999925613404,2.755000114440918,2.755000114440918,0.0,14.56999969482422,14.84000015258789,13.40999984741211,13.56999969482422,13.56999969482422,0.0,0.006905052115297801,0.008426973172033135,0.006928946954363191,172.93699951171877,171.53499908447267,164.05140014648438,172.0342005157471,172.52584644953825,170.0630517221477,2.462794727390559,2.5575283652093797,68.43808798218706,86.56732455608079,85.93541554068355,1.424913873126818,-5.065744459744581,2.02656772228634,167.9025089360538,175.16748923289154,4.235275795384523,0.09761799733044749,-0.0023068632291575334,-0.0006336025988523379,0.00737259676984824,0.004196551091851201,-0.004231118898118432,-0.433883739117558,-0.9009688679024191,0.8660254037844386,0.5000000000000001
2019-03-04,175.5399932861328,175.7899932861328,172.47000122070312,174.4199981689453,166.7179718017578,38063500.0,0.0001718978978318,96.33999633789062,96.81999969482422,96.33000183105467,96.68000030517578,96.68000030517578,0.0,2.75,2.753000020980835,2.720999956130981,2.7219998836517334,2.7219998836517334,0.0,13.770000457763672,16.979999542236328,13.380000114440918,14.630000114440918,14.630000114440918,0.0,0.00017189789783186873,0.01891302376899406,0.0001719126731221099,173.18499908447268,171.77949905395508,164.6698001098633,172.05770050048832,172.81725440637013,170.38578849598457,2.4314659103855547,2.532315874244615,68.51574249455922,83.3139157234491,84.72720541678527,1.4423611098785438,-22.98652821087882,2.118955175368008,168.05804585691587,175.5009522509943,4.332825765046993,0.08980975448110416,0.006905052115297801,-0.0023068632291575334,0.003637357515569946,0.0,0.012344863179303315,0.0,1.0,0.8660254037844386,0.5000000000000001
2019-03-05,174.5500030517578,175.08999633789062,173.69000244140625,174.5500030517578,166.84234619140625,22319900.0,0.0007457385588351,96.68000030517578,97.01000213623048,96.66000366210938,96.8499984741211,96.8499984741211,0.0,2.742000102996826,2.75,2.7219998836517334,2.7219998836517334,2.7219998836517334,0.0,14.520000457763672,15.390000343322754,14.260000228881836,14.739999771118164,14.739999771118164,0.0,0.0007457385588351326,0.008020589355528381,0.0007460166909678545,173.4119995117188,171.95549926757812,165.29080017089845,172.0856005096436,173.08383112104514,170.69424883344925,2.3895822875958856,2.5037691569148692,68.87316274248843,83.71416407530626,84.53180145161204,1.3176249643285505,-20.805235103457807,2.067600798304891,168.0546711166243,175.85632741853195,4.537020528647113,0.08546919900870803,0.00017189789783186873,0.006905052115297801,0.0010365701044383556,0.0019754528338883992,0.008808880202944057,0.7818314824680298,0.6234898018587336,0.8660254037844386,0.5000000000000001
2019-03-06,174.72000122070312,174.75,173.27999877929688,173.55999755859375,165.89598083496094,27194600.0,-0.0056883612821679,96.9000015258789,96.98999786376952,96.77999877929688,96.87000274658205,96.87000274658205,0.0,2.7109999656677246,2.719000101089477,2.678999900817871,2.691999912261963,2.691999912261963,0.0,14.90999984741211,16.110000610351562,14.739999771118164,15.739999771118164,15.739999771118164,0.0,-0.005688361282167993,0.008413468466304818,-0.005672213188368969,173.54299926757815,172.10749893188475,165.71279998779298,172.10250053405767,173.1570874960526,170.9065265167933,2.250560979259319,2.4531275213837596,63.00720989062327,70.77018898707448,79.26608959527661,0.760521079009434,-43.89766972443996,2.0249151141904793,168.2052761597382,176.0097217040313,4.53463422147683,0.0876587707412609,0.0007457385588351326,0.00017189789783186873,-0.0006336025988523379,-0.00017421864372598912,-0.002986064643422173,0.9749279121818236,-0.22252093395631434,0.8660254037844386,0.5000000000000001
2019-03-07,173.1199951171875,173.17999267578125,170.7899932861328,171.42999267578125,163.86004638671875,39407400.0,-0.0123482826699786,96.83000183105467,97.70999908447266,96.81999969482422,97.66999816894533,97.66999816894533,0.0,2.678999900817871,2.680999994277954,2.635999917984009,2.635999917984009,2.635999917984009,0.0,16.329999923706055,17.809999465942383,15.539999961853027,16.59000015258789,16.59000015258789,0.0,-0.012348282669978687,0.013805449728846234,-0.012272355472358387,173.5239990234375,172.26749877929686,166.08039978027347,172.10930046081546,172.89138060062626,170.94530178782944,1.9460788127968272,2.351717779666373,52.62263325288764,49.82336154703566,68.10257153647213,-0.11071113320828986,-85.82701053099525,2.078135768352655,168.796055524749,175.73894203384472,4.030293908191419,0.08516747566575794,-0.005688361282167993,0.0007457385588351326,-0.0023068632291575334,-0.003663946098258429,-0.013520466040480404,0.43388373911755823,-0.900968867902419,0.8660254037844386,0.5000000000000001
2019-03-08,169.50999450683594,171.25999450683594,169.33999633789062,171.1699981689453,163.6115264892578,39303200.0,-0.0015178108010351,97.61000061035156,97.63999938964844,97.25,97.37000274658205,97.37000274658205,0.0,2.634000062942505,2.6519999504089355,2.6070001125335693,2.625,2.625,0.0,17.3799991607666,18.32999992370605,16.020000457763672,16.049999237060547,16.049999237060547,0.0,-0.001517810801035146,0.011326754947584424,-0.0015166595087762191,173.35199890136718,172.39799880981445,166.44439971923828,172.10145042419435,172.62655253421383,170.96194596420838,1.6646065700054464,2.2142955377341877,51.50671933856468,32.8824848600928,51.15867846473431,-0.994852927743204,-71.62786516428638,2.0789829518910814,169.34202282102584,175.45397479860307,3.545256917001572,0.08551029172940297,-0.012348282669978687,-0.005688361282167993,0.006905052115297801,0.00737259676984824,0.001959594653338949,-0.433883739117558,-0.9009688679024191,0.8660254037844386,0.5000000000000001
2019-03-11,171.8800048828125,174.85000610351562,171.85000610351562,174.72999572753906,167.01431274414062,30518400.0,0.0205846367989215,97.38999938964844,97.4499969482422,97.16000366210938,97.22000122070312,97.22000122070312,0.0,2.6449999809265137,2.6519999504089355,2.631999969482422,2.6429998874664307,2.6429998874664307,0.0,16.280000686645508,16.43000030517578,14.329999923706056,14.329999923706056,14.329999923706056,0.0,0.020584636798921533,0.01745403720488253,0.02079796165893133,173.472998046875,172.71449890136722,166.85379974365236,172.10360038757327,172.9501591793408,171.24106076149215,1.7090984178486508,2.1132561137570804,63.05837678754663,42.03701528440472,41.58095389717772,0.697321015033055,-16.43407845150423,2.1933418792253123,170.12663576793838,175.30236203479606,2.9966947186138686,0.11033416108188213,-0.001517810801035146,-0.012348282669978687,0.00017189789783186873,0.003637357515569946,-0.0009496930177316776,0.0,1.0,0.8660254037844386,0.5000000000000001
2019-03-12,175.19000244140625,176.13999938964844,174.77000427246094,175.69000244140625,167.93186950683594,33953500.0,0.005478844701415,97.0500030517578,97.27999877929688,96.86000061035156,96.94000244140624,96.94000244140624,0.0,2.6540000438690186,2.6559998989105225,2.5999999046325684,2.6050000190734863,2.6050000190734863,0.0,13.970000267028809,14.699999809265137,13.609999656677246,13.770000457763672,13.770000457763672,0.0,0.00547884470141508,0.007820053074351125,0.005493881019053681,173.6719985961914,172.9544990539551,167.28239990234374,172.10785041809083,173.37167352735085,171.57061199704134,1.8010615303095108,2.0508171970675666,65.44859577494319,68.4401523913586,47.78655084528537,1.14565660801769,-6.617599210133629,2.137389149431317,170.19449369655595,175.71450441135423,3.1915970645413774,0.10054016224047202,0.020584636798921533,-0.001517810801035146,0.0007457385588351326,0.0010365701044383556,0.014678180682577317,0.7818314824680298,0.6234898018587336,0.8660254037844386,0.5000000000000001
2019-03-13,176.60000610351562,177.92999267578125,176.35000610351562,177.00999450683594,169.19361877441406,42426100.0,0.0074853738612846,97.01000213623048,97.0199966430664,96.38999938964844,96.5500030517578,96.5500030517578,0.0,2.621000051498413,2.628999948501587,2.611000061035156,2.611000061035156,2.611000061035156,0.0,14.0,14.050000190734863,13.25,13.40999984741211,13.40999984741211,0.0,0.007485373861284694,0.00894669602298599,0.007513459305154457,174.01399841308591,173.25449905395507,167.72499969482422,172.11360038757323,173.93141521650242,171.9735292199891,1.957885996513312,2.032230956956716,68.4694831939752,88.74607034421422,66.40774600665918,1.9701585581512033,-10.710111305719472,2.144717798355866,170.10724675507876,176.40175135283138,3.6330973406886136,0.10278713282441172,0.00547884470141508,0.020584636798921533,-0.005688361282167993,-0.0006336025988523379,0.0007017682091371329,0.9749279121818236,-0.22252093395631434,0.8660254037844386,0.5000000000000001
2019-03-14,177.1300048828125,177.33999633789062,176.66000366210938,176.7100067138672,168.9069366455078,23751500.0,-0.0016958398501019,96.48999786376952,96.81999969482422,96.47000122070312,96.79000091552734,96.79000091552734,0.0,2.627000093460083,2.6449999809265137,2.611000061035156,2.630000114440918,2.630000114440918,0.0,13.350000381469728,13.84000015258789,13.15999984741211,13.5,13.5,0.0,-0.001695839850101951,0.0038389468584451663,-0.0016944027261954764,174.365998840332,173.52899932861328,168.26279968261719,172.1250004577637,174.3588908314816,172.32437940472082,2.034511426760787,2.0326870509175303,67.03502608767194,89.48996191178345,82.2253948824521,2.0324523487733233,-14.202403748796522,2.040094575314822,170.17783206475542,176.88016659247114,3.8623714501018096,0.10349582746005834,0.007485373861284694,0.00547884470141508,-0.012348282669978687,-0.0023068632291575334,0.0012270737467108246,0.43388373911755823,-0.900968867902419,0.8660254037844386,0.5000000000000001
2019-03-15,177.39999389648438,178.8800048828125,177.27999877929688,178.35000610351562,170.47445678710938,38192000.0,0.0092375794234386,96.72000122070312,96.79000091552734,96.48999786376952,96.5999984741211,96.5999984741211,0.0,2.622999906539917,2.622999906539917,2.5799999237060547,2.5929999351501465,2.5929999351501465,0.0,13.210000038146973,13.279999732971191,12.5,12.880000114440918,12.880000114440918,0.0,0.009237579423438686,0.009019200442866155,0.00928037754240596,174.76199951171876,173.84949951171876,168.70519989013673,172.14455047607424,174.9729085656407,172.77072212315005,2.2021864424906425,2.066586929232153,70.65458432791158,89.84398238720706,89.36000488106824,2.270776264537477,-5.555537783862807,2.0493734034312854,169.95600108450594,177.74299793893158,4.479159776873983,0.10668515279453598,-0.001695839850101951,0.007485373861284694,-0.001517810801035146,0.006905052115297801,0.004196551091851201,-0.433883739117558,-0.9009688679024191,0.8660254037844386,0.5000000000000001
2019-03-18,177.9499969482422,178.99000549316406,177.58999633789062,178.4499969482422,170.88046264648438,32935100.0,0.0023787912680582,96.56999969482422,96.62999725341795,96.37999725341795,96.5199966430664,96.5199966430664,0.0,2.602999925613404,2.611000061035156,2.58899998664856,2.601999998092652,2.601999998092652,0.0,13.130000114440918,13.800000190734863,13.0,13.100000381469728,13.100000381469728,0.0,0.0023787912680582036,0.007867430060595272,0.002381622836798547,175.16499938964844,174.17499923706055,169.11239990234375,172.1622504425049,175.5078452398871,173.19140914723096,2.316436092656147,2.116556761916952,70.86463521830692,91.54870676856629,90.29421702251894,2.310514173606039,-5.595938161641811,2.002990242848582,169.88532464037598,178.4646738337451,4.925706462436793,0.1064778844957916,0.009237579423438686,-0.001695839850101951,0.020584636798921533,0.00017189789783186873,0.0,0.0,1.0,0.8660254037844386,0.5000000000000001
2019-03-19,179.17999267578125,180.0,178.2899932861328,179.0500030517578,171.45504760742188,36893300.0,0.0033568559689854,96.51000213623048,96.5199966430664,96.29000091552734,96.37999725341795,96.37999725341795,0.0,2.611000061035156,2.634000062942505,2.5999999046325684,2.614000082015991,2.614000082015991,0.0,12.890000343322754,13.770000457763672,12.369999885559082,13.5600004196167,13.5600004196167,0.0,0.003356855968985437,0.009543513694418849,0.0033624965197232015,175.61499938964846,174.5134994506836,169.50299987792968,172.1783504486084,176.05279259555954,173.6253790660848,2.427413529474734,2.1787281154285085,72.15272767639263,93.31224528557364,91.56831148044898,2.578057818002818,-8.91178819777445,1.9820628479213398,169.80540560784166,179.22159329352556,5.3956786812041715,0.10659527053850439,0.0023787912680582036,0.009237579423438686,0.00547884470141508,0.0007457385588351326,0.0019754528338883992,0.7818314824680298,0.6234898018587336,0.8660254037844386,0.5000000000000001
2019-03-20,179.05999755859375,180.8600006103516,178.24000549316406,179.75999450683594,172.13491821289062,50105000.0,0.0039574583684954,96.4000015258789,96.56999969482422,95.73999786376952,95.76000213623048,95.76000213623048,0.0,2.5999999046325684,2.5999999046325684,2.5280001163482666,2.5350000858306885,2.5350000858306885,0.0,13.539999961853027,14.300000190734863,13.050000190734863,13.90999984741211,13.90999984741211,0.0,0.003957458368495443,0.014631939868815134,0.003965299447033166,176.23499908447266,174.88899917602544,169.88179962158202,172.1980503845215,176.6231313511405,174.07979502465895,2.543336326481551,2.2516497576391172,73.6379384282961,91.98120436296986,92.28071880570326,3.5722499628113167,-9.548660551674114,2.0276294385832103,169.76174524817478,180.0162531038761,5.86343789718882,0.10647707301211265,0.003356855968985437,0.0023787912680582036,0.007485373861284694,-0.005688361282167993,-0.00017421864372598912,0.9749279121818236,-0.22252093395631434,0.8660254037844386,0.5000000000000001
2019-03-21,179.22000122070312,182.8300018310547,179.1999969482422,182.57000732421875,174.8257598876953,42428500.0,0.0155112426018514,95.91000366210938,96.62999725341795,95.83999633789062,96.5,96.5,0.0,2.5,2.5439999103546143,2.5,2.5369999408721924,2.5369999408721924,0.0,14.109999656677246,14.5600004196167,13.260000228881836,13.630000114440918,13.630000114440918,0.0,0.015511242601851492,0.020254462995691405,0.015632166342198772,177.34900054931643,175.43649978637697,170.30759979248046,172.222900390625,177.5380353469987,174.70869963944116,2.829335707557533,2.3671869476228005,78.52069900042083,93.20407972012322,92.83250978955556,6.498288003491996,-1.9273120901817875,2.1420848274567312,169.50375672218166,181.36924285057228,6.7634079241428156,0.11390781412766932,0.003957458368495443,0.003356855968985437,-0.001695839850101951,-0.012348282669978687,-0.003663946098258429,0.43388373911755823,-0.900968867902419,0.8660254037844386,0.5000000000000001
2019-03-22,181.77999877929688,182.2700042724609,178.3699951171875,178.55999755859375,170.98582458496094,70794500.0,-0.022209164239919,96.31999969482422,96.80999755859376,96.20999908447266,96.6500015258789,96.6500015258789,0.0,2.470999956130981,2.4820001125335693,2.4179999828338623,2.4549999237060547,2.4549999237060547,0.0,13.770000457763672,17.520000457763672,13.619999885559082,16.479999542236328,16.479999542236328,0.0,-0.022209164239919043,0.021454555954797297,-0.021964356426656284,178.08800048828127,175.71999969482425,170.66499969482422,172.2308003997803,177.6952603026287,174.9939809667858,2.7012793358428837,2.4340054252668173,61.122353839346104,85.62364407439868,90.26964271916391,4.317345018812517,-31.65309513494804,2.2890796402834828,169.7578035017377,181.6821958879108,6.786018897611196,0.14392293645352547,0.015511242601851492,0.003957458368495443,0.009237579423438686,-0.001517810801035146,0.00737259676984824,-0.433883739117558,-0.9009688679024191,0.8660254037844386,0.5000000000000001
2019-03-25,177.91000366210938,178.83999633789062,176.92999267578125,178.22000122070312,170.66024780273438,46336500.0,-0.0019059307692778,96.63999938964844,96.68000030517578,96.41000366210938,96.56999969482422,96.56999969482422,0.0,2.4600000381469727,2.46399998664856,2.377000093460083,2.4200000762939453,2.4200000762939453,0.0,17.760000228881836,17.850000381469727,16.260000228881836,16.329999923706055,16.329999923706055,0.0,-0.00190593076927786,0.010735785637646865,-0.001904115636584769,178.43700103759767,175.95499954223638,171.04399963378907,172.2394004058838,177.77598967464016,175.23294543003897,2.543044244601191,2.4558131891336923,59.91025387708852,77.41538011411473,85.41436796954554,1.997370559435094,-34.17345243252598,2.262002784699618,169.9874116390032,181.92258744546956,6.783084218986021,0.1442801207340394,-0.022209164239919043,0.015511242601851492,0.0023787912680582036,0.020584636798921533,0.003637357515569946,0.0,1.0,0.8660254037844386,0.5000000000000001
2019-03-26,179.60000610351562,180.69000244140625,178.13999938964844,179.0500030517578,171.45504760742188,33248100.0,0.00464639403885,96.5,96.8499984741211,96.4499969482422,96.73999786376952,96.73999786376952,0.0,2.447999954223633,2.447999954223633,2.407000064849853,2.4140000343322754,2.4140000343322754,0.0,16.219999313354492,16.299999237060547,14.670000076293944,14.68000030517578,14.68000030517578,0.0,0.00464639403885,0.01419823477226428,0.004657205265553133,178.7730010986328,176.22249984741217,171.37739959716797,172.2546504211426,177.97199173265827,175.5156904390552,2.456301293603076,2.455910810027569,61.89675939056477,68.7175722586505,77.2521988157213,1.9124597664412604,-28.02073565657446,2.282574232346632,170.20112769520526,182.24387199961907,6.833829003016872,0.1447188166630403,-0.00190593076927786,-0.022209164239919043,0.003356855968985437,0.00547884470141508,0.0010365701044383556,0.7818314824680298,0.6234898018587336,0.8660254037844386,0.5000000000000001
2019-03-27,179.32000732421875,179.72000122070312,176.60000610351562,177.89999389648438,170.3538360595703,37096700.0,-0.0064434566243891,96.75,96.9800033569336,96.68000030517578,96.7699966430664,96.7699966430664,0.0,2.378999948501587,2.4049999713897705,2.3559999465942383,2.374000072479248,2.374000072479248,0.0,14.520000457763672,16.709999084472656,14.510000228881836,15.149999618530272,15.149999618530272,0.0,-0.00644345662438914,0.017399035187113318,-0.006422742072738408,178.86200103759765,176.43799972534183,171.68839935302736,172.257900390625,177.96091514247766,175.69230550997588,2.2686096325017786,2.418450574522411,57.63535844471294,67.08672621626299,71.07322619634274,0.5027961229692409,-36.5456332621106,2.342390009835266,170.50547581162687,182.37052363905678,6.7247689533434105,0.14735758420192652,0.00464639403885,-0.00190593076927786,0.003957458368495443,0.007485373861284694,-0.0006336025988523379,0.9749279121818236,-0.22252093395631434,0.8660254037844386,0.5000000000000001
2019-03-28,178.36000061035156,178.97999572753906,177.24000549316406,178.30999755859375,170.74642944335938,30368200.0,0.0023019246646919,96.97000122070312,97.3000030517578,96.81999969482422,97.1999969482422,97.1999969482422,0.0,2.375,2.4049999713897705,2.365999937057495,2.388999938964844,2.388999938964844,0.0,15.380000114440918,15.619999885559082,14.40999984741211,14.43000030517578,14.43000030517578,0.0,0.0023019246646919294,0.009755495786166841,0.0023045761273716714,179.02200012207032,176.69399948120116,171.98199920654298,172.27090034484863,178.01462012957245,175.88620862468832,2.1284115048841272,2.360442760594754,58.72636736514924,64.75594007733531,66.85341285074959,0.9054330733614331,-41.16581084930898,2.299361454445247,170.91163678856694,182.47636217383538,6.545058360342814,0.1467611512495621,-0.00644345662438914,0.00464639403885,0.015511242601851492,-0.001695839850101951,-0.0023068632291575334,0.43388373911755823,-0.900968867902419,0.8660254037844386,0.5000000000000001
2019-03-29,179.69000244140625,179.8300018310547,178.58999633789062,179.66000366210938,172.03916931152344,35205500.0,0.0075425922302066,97.1999969482422,97.33999633789062,97.01000213623048,97.27999877929688,97.27999877929688,0.0,2.4210000038146973,2.433000087738037,2.4030001163482666,2.4140000343322754,2.4140000343322754,0.0,14.1899995803833,14.43000030517578,13.640000343322754,13.710000038146973,13.710000038146973,0.0,0.007542592230206665,0.006900804030922123,0.007571109231264472,179.15299987792972,176.95749969482424,172.27019927978517,172.29260032653806,178.26775605765505,176.16574899783063,2.102007059824416,2.3087556204406865,62.180020620952064,60.98618062642204,64.27628230667344,0.7345093993624077,-39.3300140093143,2.2436930843035103,171.13703165257965,182.77796773706882,6.578379613503124,0.14708691008009467,0.0023019246646919294,-0.00644345662438914,-0.022209164239919043,0.009237579423438686,0.006905052115297801,-0.433883739117558,-0.9009688679024191,0.8660254037844386,0.5000000000000001
2019-04-01,181.509994506836,182.259994506836,180.7700042724609,182.0399932861328,174.3181915283203,30969500.0,0.0131601367039611,97.18000030517578,97.3000030517578,97.02999877929688,97.25,97.25,0.0,2.441999912261963,2.499000072479248,2.424000024795532,2.496999979019165,2.496999979019165,0.0,13.899999618530272,14.010000228881836,13.31999969482422,13.399999618530272,13.399999618530272,0.0,0.013160136703961179,0.0082088605557143,0.01324711242164911,179.51199951171878,177.3384994506836,172.60599914550784,172.3459503173828,178.84810024665165,176.60087820437153,2.2472220422801286,2.296448904808575,67.36465629955147,69.10422573746064,64.94878214707266,2.0117659844689553,-12.191497928994776,2.2691429243337327,171.22708838218463,183.44991051918257,6.892368084120957,0.15256191603930896,0.007542592230206665,0.0023019246646919294,-0.00190593076927786,0.0023787912680582036,0.00017189789783186873,0.0,1.0,1.0,6.123233995736766e-17
2019-04-02,182.2400054931641,182.91000366210932,181.77999877929688,182.72999572753903,174.97891235351562,22645200.0,0.0037831496790797,97.33000183105467,97.5199966430664,97.2699966430664,97.36000061035156,97.36000061035156,0.0,2.4739999771118164,2.492000102996826,2.469000101089477,2.4809999465942383,2.4809999465942383,0.0,13.619999885559082,13.68000030517578,13.130000114440918,13.359999656677246,13.359999656677246,0.0,0.003783149679079774,0.006200641180593194,0.0037903148225810757,179.8799987792969,177.74749908447268,173.02179901123048,172.39925025939942,179.44531493601895,177.05488690979132,2.3904280262276245,2.315244729092385,68.70415970011683,81.87524877166082,70.65521837851449,2.055287692297581,-2.8527417467084204,2.1877759213679266,171.3344154866269,184.16058268231845,7.215948050889894,0.15255124038780804,0.013160136703961179,0.007542592230206665,0.00464639403885,0.003356855968985437,0.0007457385588351326,0.7818314824680298,0.6234898018587336,1.0,6.123233995736766e-17
2019-04-03,183.759994506836,184.9199981689453,183.2100067138672,183.77999877929688,175.98440551757812,31633500.0,0.0057299202730836,97.3000030517578,97.31999969482422,96.95999908447266,97.08999633789062,97.08999633789062,0.0,2.515000104904175,2.5239999294281006,2.503000020980835,2.5169999599456787,2.5169999599456787,0.0,13.0600004196167,14.270000457763672,12.850000381469728,13.739999771118164,13.739999771118164,0.0,0.0057299202730836975,0.009305569798624,0.005746367665327989,180.28199920654296,178.25849914550784,173.4543991088867,172.4695002746582,180.11218937344634,177.5530433445695,2.559146028876853,2.3640249890492786,70.6765604429262,90.41794383871746,80.46580611594631,2.23631753187891,-13.70192880814438,2.187934958513523,171.62541209492625,184.89158619608943,7.442099066667419,0.1499019799746404,0.003783149679079774,0.013160136703961179,-0.00644345662438914,0.003957458368495443,-0.005688361282167993,0.9749279121818236,-0.22252093395631434,1.0,6.123233995736766e-17
2019-04-04,183.8300018310547,184.5,182.6499938964844,183.7100067138672,175.9173583984375,28530800.0,-0.0003810558901768,97.04000091552734,97.33999633789062,97.0199966430664,97.30999755859376,97.30999755859376,0.0,2.507999897003174,2.5220000743865967,2.503000020980835,2.51200008392334,2.51200008392334,0.0,13.84000015258789,14.029999732971191,13.399999618530272,13.579999923706056,13.579999923706056,0.0,-0.0003810558901768726,0.010063678861385249,-0.0003809832976020555,180.3959991455078,178.87249984741214,173.8645993041992,172.5321002960205,180.66569973351108,178.00911470525818,2.6565850282528913,2.4225369968900012,70.35823860728861,89.63404968276942,87.30908076438257,0.6244176720790499,-14.543180396838927,2.1637971831565284,172.63947650278232,185.10552319204197,6.969236020010825,0.13934911171256528,0.0057299202730836975,0.003783149679079774,0.0023019246646919294,0.015511242601851492,-0.012348282669978687,0.43388373911755823,-0.900968867902419,1.0,6.123233995736766e-17
2019-04-05,184.2400054931641,184.7700042724609,184.0200042724609,184.66000366210932,176.82705688476562,25674700.0,0.0051578449646055,97.3000030517578,97.47000122070312,97.19000244140624,97.4000015258789,97.4000015258789,0.0,2.5369999408721924,2.5439999103546143,2.49399995803833,2.500999927520752,2.500999927520752,0.0,13.460000038146973,13.470000267028809,12.170000076293944,12.81999969482422,12.81999969482422,0.0,0.0051578449646055395,0.004070777125697749,0.005171169545802989,181.00599975585936,179.54700012207033,174.25479949951176,172.59715034484864,181.2802080302185,178.50177314650642,2.778434883712066,2.4937165742544143,72.1891343536082,89.54331794615013,89.86510382254566,3.416222102889465,-3.124936956566282,2.0849543528306134,173.93483455903427,185.1591656851064,6.251472382407349,0.13813855667795405,-0.0003810558901768726,0.0057299202730836975,0.007542592230206665,-0.022209164239919043,-0.001517810801035146,-0.433883739117558,-0.9009688679024191,1.0,6.123233995736766e-17
2019-04-08,184.3600006103516,185.27999877929688,183.6300048828125,185.1300048828125,177.27713012695312,22697500.0,0.0025420398914163,97.38999938964844,97.4000015258789,96.9800033569336,97.0500030517578,97.0500030517578,0.0,2.503999948501587,2.5190000534057617,2.500999927520752,2.5190000534057617,2.5190000534057617,0.0,13.550000190734863,13.770000457763672,13.100000381469728,13.18000030517578,13.18000030517578,0.0,0.0025420398914163347,0.008949847532120966,0.0025452736143247723,181.6970001220703,180.067000579834,174.69519958496096,172.65880035400392,181.8724844690791,178.9927532751217,2.8797311939574115,2.5709194981950136,73.07521512039636,93.53461363546273,90.90399375479409,3.8772324176747155,-1.7280417402065873,2.053885748805882,174.4070524257482,185.7269487339198,6.286491290308834,0.1232515952170101,0.0051578449646055395,-0.0003810558901768726,0.013160136703961179,-0.00190593076927786,0.020584636798921533,0.0,1.0,1.0,6.123233995736766e-17
2019-04-09,184.5,185.1100006103516,184.08999633789065,184.47999572753903,176.65469360351562,25631900.0,-0.0035172715387237,97.08000183105467,97.08999633789062,96.86000061035156,97.01000213623048,97.01000213623048,0.0,2.5169999599456787,2.5169999599456787,2.484999895095825,2.499000072479248,2.499000072479248,0.0,13.460000038146973,14.390000343322754,13.3100004196167,14.279999732971191,14.279999732971191,0.0,-0.0035172715387237386,0.005528478441522697,-0.003511093184957126,182.23999938964843,180.50650024414065,175.15339935302734,172.72720031738282,182.2736400473037,179.39921567900447,2.8744243682992305,2.6316204722158574,69.7646699498014,95.3101295019813,92.79602036119805,3.032668295577509,-9.216632797283275,1.981465948528451,174.9129037807151,186.1000967075662,6.197667625110484,0.12495911437060475,0.0025420398914163347,0.0051578449646055395,0.003783149679079774,0.00464639403885,0.00547884470141508,0.7818314824680298,0.6234898018587336,1.0,6.123233995736766e-17
2019-04-10,184.72000122070312,185.52999877929688,184.5200042724609,185.47000122070312,177.60269165039062,24563000.0,0.0053520426065033,96.98999786376952,97.22000122070312,96.8499984741211,96.9499969482422,96.9499969482422,0.0,2.502000093460083,2.509999990463257,2.463000059127808,2.476999998092652,2.476999998092652,0.0,14.09000015258789,14.289999961853027,13.270000457763672,13.300000190734863,13.300000190734863,0.0,0.005352042606503327,0.005467705176275017,0.0053663903717309225,182.99700012207032,180.92950057983398,175.54919952392578,172.80055030822754,182.76538792013437,179.8489034969081,2.9164844232262794,2.688593262417942,71.8559797117829,96.1278199178779,94.99085435177398,4.255203813342203,-0.6718657088764179,1.9149328844734075,175.1720938075426,186.68690735212536,6.364254313243911,0.12406374007844982,-0.0035172715387237386,0.0025420398914163347,0.0057299202730836975,-0.00644345662438914,0.007485373861284694,0.9749279121818236,-0.22252093395631434,1.0,6.123233995736766e-17
2019-04-11,185.77999877929688,185.77999877929688,184.69000244140625,185.02999877929688,177.18136596679688,20654100.0,-0.002375111691811,96.88999938964844,97.19000244140624,96.87999725341795,97.18000030517578,97.18000030517578,0.0,2.484999895095825,2.509999990463257,2.484999895095825,2.503999948501587,2.503999948501587,0.0,13.369999885559082,13.579999923706056,12.90999984741211,13.020000457763672,13.020000457763672,0.0,-0.0023751116918110096,0.005867135025582167,-0.0023722933457738238,183.6690002441406,181.3455001831055,175.88659942626953,172.8611003112793,183.11378959077476,180.2326883326406,2.8811012581341515,2.727094861561184,69.55335120932718,93.9805201116564,95.13948984383853,3.7687181384739192,-8.169941158871053,1.85600884543178,175.6700577171983,187.02094264901268,6.259259215339418,0.12438601924830288,0.005352042606503327,-0.0035172715387237386,-0.0003810558901768726,0.0023019246646919294,-0.001695839850101951,0.43388373911755823,-0.900968867902419,1.0,6.123233995736766e-17
2019-04-12,185.8500061035156,185.9499969482422,185.0599975585937,185.8300018310547,177.94744873046875,24989100.0,0.0043144004107346,97.13999938964844,97.18000030517578,96.75,96.97000122070312,96.97000122070312,0.0,2.5420000553131104,2.562000036239624,2.539999961853028,2.559999942779541,2.559999942779541,0.0,12.960000038146973,12.960000038146973,11.949999809265137,12.010000228881836,12.010000228881836,0.0,0.004314400410734658,0.004788804737260963,0.0043237208353807954,184.28600006103514,181.71949996948243,176.25419952392576,172.91220031738285,183.53166839697167,180.64730414733793,2.884364249633734,2.758548739175694,71.350948675884,96.62494054610318,95.57776019187915,3.434263633072928,-1.2833714939429863,1.7891509399684609,175.89142224055377,187.5475776984111,6.414366900533422,0.12199670047443018,-0.0023751116918110096,0.005352042606503327,0.0051578449646055395,0.007542592230206665,0.009237579423438686,-0.433883739117558,-0.9009688679024191,1.0,6.123233995736766e-17
2019-04-15,185.83999633789065,186.07000732421875,184.6199951171875,185.8600006103516,177.9761962890625,21073000.0,0.0001615377851881,96.93000030517578,97.18000030517578,96.79000091552734,96.94000244140624,96.94000244140624,0.0,2.566999912261963,2.5739998817443848,2.549000024795532,2.552999973297119,2.552999973297119,0.0,12.460000038146973,13.140000343322754,12.239999771118164,12.31999969482422,12.31999969482422,0.0,0.00016153778518816073,0.007802476515307642,0.00016155083311875096,184.668000793457,182.09000015258792,176.58079956054686,172.9555503082276,183.88987335287626,181.03342981126488,2.856443541611384,2.778127699662832,71.41909235675878,96.10969589926665,95.57171885234207,2.098444004123007,-2.2175996493859595,1.7649267447586603,176.1953189566893,187.98468134848653,6.474469977438611,0.12219409514179282,0.004314400410734658,-0.0023751116918110096,0.0025420398914163347,0.013160136703961179,0.0023787912680582036,0.0,1.0,1.0,6.123233995736766e-17
2019-04-16,186.5399932861328,186.91000366210932,185.92999267578125,186.5,178.5890350341797,27195700.0,0.0034374599356831,96.93000030517578,97.08999633789062,96.87999725341795,97.04000091552734,97.04000091552734,0.0,2.5739998817443848,2.595999956130981,2.571000099182129,2.5920000076293945,2.5920000076293945,0.0,12.260000228881836,12.470000267028809,11.850000381469728,12.18000030517578,12.18000030517578,0.0,0.0034374599356831867,0.005253624003431982,0.0034433747764888167,185.0450012207031,182.4625,176.89019958496092,173.0014502716065,184.2914312985876,181.43836093635636,2.85307036223125,2.7931162321765157,72.90005600061991,97.41969097102674,96.71810913879885,2.063155672636396,-4.239955943590823,1.713860766687165,176.4365751491966,188.4884248508034,6.605110475635697,0.12220600062824152,0.00016153778518816073,0.004314400410734658,-0.0035172715387237386,0.003783149679079774,0.003356855968985437,0.7818314824680298,0.6234898018587336,1.0,6.123233995736766e-17
2019-04-17,187.75,187.92999267578125,186.6000061035156,187.1499938964844,179.21145629882812,29651600.0,0.0034791561642209,97.06999969482422,97.12000274658205,96.81999969482422,97.01000213623048,97.01000213623048,0.0,2.5989999771118164,2.614000082015991,2.5810000896453857,2.5920000076293945,2.5920000076293945,0.0,12.119999885559082,13.020000457763672,11.029999732971191,12.600000381469728,12.600000381469728,0.0,0.003479156164220956,0.007083816629910271,0.003485215453061352,185.3820007324219,182.8319999694824,177.2227993774414,173.05510025024418,184.73121015980252,181.86144485932883,2.869765300473688,2.80844604583595,74.35353985791339,95.06375882401933,96.19771523143757,1.8337115788288731,-8.35116793496521,1.6935844744795998,176.60101850584667,189.06298143311815,6.816073187052369,0.12211813838216017,0.0034374599356831867,0.00016153778518816073,0.005352042606503327,0.0057299202730836975,0.003957458368495443,0.9749279121818236,-0.22252093395631434,1.0,6.123233995736766e-17
2019-04-18,187.4600067138672,187.7899932861328,186.2899932861328,187.38999938964844,179.44125366210938,28580900.0,0.0012814479765246,97.01000213623048,97.48999786376952,96.95999908447266,97.47000122070312,97.47000122070312,0.0,2.562999963760376,2.5829999446868896,2.549000024795532,2.559999942779541,2.559999942779541,0.0,12.800000190734863,13.119999885559082,12.020000457763672,12.09000015258789,12.09000015258789,0.0,0.001281447976524687,0.00800170674425266,0.0012822693818081987,185.74999999999997,183.0729995727539,177.60599945068358,173.0947502136231,185.1402546567019,182.27096741713027,2.8692872395716336,2.820614284583087,74.88909086758325,93.28901941136924,95.25748973547176,2.0031530898112306,-7.541817887336222,1.6797570120167713,176.5201461180673,189.6258530274405,7.15873282240343,0.1112187091398675,0.003479156164220956,0.0034374599356831867,-0.0023751116918110096,-0.0003810558901768726,0.015511242601851492,0.43388373911755823,-0.900968867902419,1.0,6.123233995736766e-17
2019-04-19,187.4600067138672,187.7899932861328,186.2899932861328,187.38999938964844,179.44125366210938,28580900.0,0.0,97.01000213623048,97.48999786376952,96.95999908447266,97.47000122070312,97.47000122070312,0.0,2.562999963760376,2.5829999446868896,2.549000024795532,2.559999942779541,2.559999942779541,0.0,12.800000190734863,13.119999885559082,12.020000457763672,12.09000015258789,12.09000015258789,0.0,0.0,0.00800170674425266,0.0,186.02299957275392,183.51449966430664,177.9825994873047,173.1336502075196,185.48636923100136,182.65015497065014,2.836214260351227,2.8237342797367146,74.88909086758326,91.77554227579043,93.37610683705967,1.4783903787495112,-8.780387350327256,1.666917225444145,177.05270386509645,189.97629546351683,7.042272747963147,0.06879616616260346,0.001281447976524687,0.003479156164220956,0.004314400410734658,0.0051578449646055395,-0.022209164239919043,-0.433883739117558,-0.9009688679024191,1.0,6.123233995736766e-17
2019-04-22,186.57000732421875,187.9900054931641,186.42999267578125,187.9199981689453,179.94874572753906,17936000.0,0.0028241876713658,97.37999725341795,97.41000366210938,97.26000213623048,97.27999877929688,97.27999877929688,0.0,2.565000057220459,2.5920000076293945,2.565000057220459,2.5899999141693115,2.5899999141693115,0.0,13.210000038146973,13.359999656677246,12.380000114440918,12.420000076293944,12.420000076293944,0.0,0.002824187671365891,0.008361541277488789,0.002828179446323409,186.3019989013672,183.99949951171877,178.3729995727539,173.1773502349854,185.86077368299274,183.04051372607938,2.820259956913361,2.823039415172044,76.16386238344106,94.12226634283374,93.0622760099978,1.507045434314595,-1.3109957338352518,1.659281196296909,177.75858983138252,190.240409192055,6.783615930366992,0.06687953570496623,0.0,0.001281447976524687,0.00016153778518816073,0.0025420398914163347,-0.00190593076927786,0.0,1.0,1.0,6.123233995736766e-17
2019-04-23,188.3999938964844,190.5399932861328,188.1300048828125,190.3099975585937,182.23736572265625,33665600.0,0.012637980220317,97.27999877929688,97.77999877929688,97.27999877929688,97.56999969482422,97.56999969482422,0.0,2.5920000076293945,2.5920000076293945,2.562999963760376,2.569999933242798,2.569999933242798,0.0,12.65999984741211,12.6899995803833,12.079999923706056,12.279999732971191,12.279999732971191,0.0,0.012637980220317053,0.012791870920359322,0.012718176977917883,186.88499908447267,184.5624992370606,178.7613995361328,173.22755020141605,186.5452696638544,183.57899400996934,2.966275653885077,2.8516866629146507,80.87807467827557,95.66452948596762,93.8541127015306,3.160235237464482,-2.915028457934621,1.7279036192176656,178.17183126507453,190.95316720904665,6.9252074483209,0.07550374443590889,0.002824187671365891,0.0,0.0034374599356831867,-0.0035172715387237386,0.00464639403885,0.7818314824680298,0.6234898018587336,1.0,6.123233995736766e-17
2019-04-24,190.47000122070312,190.7100067138672,189.6499938964844,189.7100067138672,181.6628875732422,24977100.0,-0.0031573411749464,97.5999984741211,98.19000244140624,97.58999633789062,98.0999984741211,98.0999984741211,0.0,2.5360000133514404,2.5380001068115234,2.5179998874664307,2.5220000743865967,2.5220000743865967,0.0,12.529999732971191,13.229999542236328,12.260000228881836,13.140000343322754,13.140000343322754,0.0,-0.003157341174946455,0.005565248126157759,-0.003152362014979704,187.30899963378906,185.1529998779297,179.13539978027342,173.27645027160648,187.0321522869333,184.03314309914694,2.9990091877863563,2.881151167888992,76.77306982035547,93.88322855859778,94.55667479579971,2.286086949510825,-14.124290132436768,1.680197133372317,179.18594890865648,191.1200508472029,6.4455352850963745,0.0707770779600417,0.012637980220317053,0.002824187671365891,0.003479156164220956,0.005352042606503327,-0.00644345662438914,0.9749279121818236,-0.22252093395631434,1.0,6.123233995736766e-17
2019-04-25,191.1300048828125,191.22000122070312,189.4499969482422,190.47999572753903,182.40017700195312,29517500.0,0.0040503446155679,98.0999984741211,98.31999969482422,97.98999786376952,98.1999969482422,98.1999969482422,0.0,2.5239999294281006,2.5420000553131104,2.5160000324249268,2.5339999198913574,2.5339999198913574,0.0,13.289999961853027,14.300000190734863,12.8100004196167,13.25,13.25,0.0,0.004050344615567934,0.009260734721093006,0.004058558347057373,187.85399932861327,185.76149978637696,179.52059967041015,173.33370025634767,187.56258973933416,184.5106877382871,3.0519020010470683,2.9153013345206076,78.2955650600625,91.07031123750679,93.53935642735739,2.945466672538271,-9.749747697108235,1.686611929021504,180.26946108333232,191.2535384894216,5.912999958937032,0.0707504264750057,-0.003157341174946455,0.012637980220317053,0.001281447976524687,-0.0023751116918110096,0.0023019246646919294,0.43388373911755823,-0.900968867902419,1.0,6.123233995736766e-17
2019-04-26,190.17999267578125,190.69000244140625,188.58999633789065,190.6499938964844,182.56298828125,26359500.0,0.0008922066969186,98.12000274658205,98.33000183105467,97.8499984741211,98.01000213623048,98.01000213623048,0.0,2.5269999504089355,2.5450000762939453,2.494999885559082,2.505000114440918,2.505000114440918,0.0,13.4399995803833,13.619999885559082,12.489999771118164,12.729999542236328,12.729999542236328,0.0,0.0008922066969186673,0.011042203093864273,0.0008926048317110524,188.33599853515625,186.31099929809574,179.89479949951172,173.39200019836423,188.03757499428036,184.96545115741282,3.072123836867547,2.9466658349899957,78.62863904028626,89.3771583398342,91.4435660453129,2.5937642027317844,-7.9944871509524,1.7161400843425105,181.20368877416522,191.41830982202626,5.48256468289226,0.06938775997985443,0.004050344615567934,-0.003157341174946455,0.0,0.004314400410734658,0.007542592230206665,-0.433883739117558,-0.9009688679024191,1.0,6.123233995736766e-17
2019-04-29,190.6499938964844,191.32000732421875,190.33999633789065,191.0200042724609,182.9172821044922,21716200.0,0.001938785553855,98.02999877929688,98.0999984741211,97.83000183105467,97.86000061035156,97.86000061035156,0.0,2.505000114440918,2.54099988937378,2.503999948501587,2.5360000133514404,2.5360000133514404,0.0,13.039999961853027,13.270000457763672,12.649999618530272,13.109999656677246,13.109999656677246,0.0,0.0019387855538550308,0.005140367257814887,0.0019406662137693154,188.85199890136718,186.7599998474121,180.27639953613283,173.44930023193356,188.4964102678466,185.41393657334228,3.08247369450433,2.973827406892863,79.37068593743687,92.61465251574373,91.02070736436157,2.776285185173904,-4.4118076047081844,1.663559434484338,181.6547259103123,191.8652737845119,5.467202764265319,0.05803127658973936,0.0008922066969186673,0.004050344615567934,0.002824187671365891,0.00016153778518816073,0.013160136703961179,0.0,1.0,1.0,6.123233995736766e-17
2019-04-30,189.47999572753903,189.8500061035156,188.2100067138672,189.5399932861328,181.5000457763672,31495300.0,-0.0077781343797153,97.8499984741211,97.88999938964844,97.44000244140624,97.4800033569336,97.4800033569336,0.0,2.532000064849853,2.549999952316284,2.503999948501587,2.509000062942505,2.509000062942505,0.0,13.109999656677246,14.050000190734863,12.880000114440918,13.119999885559082,13.119999885559082,0.0,-0.0077781343797153945,0.008655264020623214,-0.007747962968941313,189.15599822998047,187.10049972534182,180.6215994262695,173.49550018310546,188.6569615014291,185.71957040391936,2.9373910975097317,2.966540145016237,69.04400272361386,87.00879331525624,89.66686805694472,1.6300232097226877,-26.567325298570687,1.7454478719207227,182.22366336197146,191.97733608871218,5.213066101404769,0.06804359688330282,0.0019387855538550308,0.0008922066969186673,0.012637980220317053,0.0034374599356831867,0.003783149679079774,0.7818314824680298,0.6234898018587336,1.0,6.123233995736766e-17
2019-05-01,190.77999877929688,191.32000732421875,188.8000030517578,188.92999267578125,180.9159393310547,34797100.0,-0.0032234061138059,97.52999877929688,97.7300033569336,97.1500015258789,97.69000244140624,97.69000244140624,0.0,2.503999948501587,2.510999917984009,2.4549999237060547,2.510999917984009,2.510999917984009,0.0,12.859999656677246,14.829999923706056,12.739999771118164,14.800000190734863,14.800000190734863,0.0,-0.0032234061138059125,0.013208954233070285,-0.0032182165178745725,189.33399810791016,187.35799942016604,180.95519927978515,173.52605010986326,188.69896629748325,185.95737946109432,2.741586836388933,2.9215494832907765,65.27441607827745,77.7830238881096,85.80215657303651,0.9511081150669937,-35.67179543239231,1.8007733291021666,182.67956114243594,192.03643769789613,4.994116389168209,0.06865590422633658,-0.0077781343797153945,0.0019387855538550308,-0.003157341174946455,0.003479156164220956,0.0057299202730836975,0.9749279121818236,-0.22252093395631434,0.8660254037844387,-0.4999999999999998
2019-05-02,188.8699951171875,189.8500061035156,186.8699951171875,188.1100006103516,180.1306915283203,44110100.0,-0.0043498483230057,97.62999725341795,97.8499984741211,97.51000213623048,97.83000183105467,97.83000183105467,0.0,2.510999917984009,2.558000087738037,2.509000062942505,2.552000045776367,2.552000045776367,0.0,14.350000381469728,15.920000076293944,13.800000190734863,14.420000076293944,14.420000076293944,0.0,-0.004349848323005728,0.015778106969712682,-0.0043404014352624865,189.40599822998047,187.57799911499023,181.28499938964842,173.56635009765623,188.60835619177067,186.11683287955782,2.4915233122128484,2.835544249075191,60.49319979243408,63.28347286369765,76.02509668902115,0.3842260649171691,-47.910460677944066,1.8850045903325903,183.21893994311918,191.9370582868613,4.647729683051833,0.0713981411080561,-0.0032234061138059125,-0.0077781343797153945,0.004050344615567934,0.001281447976524687,-0.0003810558901768726,0.43388373911755823,-0.900968867902419,0.8660254037844387,-0.4999999999999998
2019-05-03,189.6699981689453,191.25,189.3300018310547,191.1100006103516,183.00344848632807,30386200.0,0.015822345372005,97.83000183105467,98.0999984741211,97.4499969482422,97.5199966430664,97.5199966430664,0.0,2.562999963760376,2.575999975204468,2.5160000324249268,2.5309998989105225,2.5309998989105225,0.0,14.109999656677246,14.149999618530272,12.800000190734863,12.869999885559082,12.869999885559082,0.0,0.015822345372005088,0.01012283538504127,0.015948181476648005,189.77799835205076,187.90049896240237,181.6493994140625,173.6338001251221,188.99322456386005,186.4866971559129,2.5065274079471465,2.7697408808495823,69.34122705122378,70.84050867359771,70.63566847513498,1.985165287805988,-3.8962178688704996,1.974647075998006,183.49627015310685,192.30472777169788,4.687830882425463,0.08749307480443076,-0.004349848323005728,-0.0032234061138059125,0.0008922066969186673,0.0,0.0051578449646055395,-0.433883739117558,-0.9009688679024191,0.8660254037844387,-0.4999999999999998
2019-05-06,187.0500030517578,190.1999969482422,186.759994506836,189.94000244140625,181.88311767578125,38371800.0,-0.0061407266528339,97.55999755859376,97.70999908447266,97.45999908447266,97.5199966430664,97.5199966430664,0.0,2.490999937057495,2.502000093460083,2.4800000190734863,2.5,2.5,0.0,12.890000343322754,18.799999237060547,12.890000343322754,15.4399995803833,15.4399995803833,0.0,-0.0061407266528339735,0.01839081734980953,-0.006121910924703267,189.97999877929686,188.14099884033206,181.97779937744139,173.70795013427733,189.13888269886718,186.74249754743093,2.396385151436249,2.6950697349669155,63.37950092025953,73.58597109137776,69.23665087622436,1.074927784239811,-27.435408179052136,2.144315577963548,183.84990690857802,192.4320907720861,4.561570267197021,0.09173249300506633,0.015822345372005088,-0.004349848323005728,0.0019387855538550308,0.002824187671365891,0.0025420398914163347,0.0,1.0,0.8660254037844387,-0.4999999999999998
2019-05-07,187.8699951171875,188.6699981689453,184.509994506836,186.2400054931641,178.34002685546875,58818100.0,-0.0196722789061164,97.5199966430664,97.73999786376952,97.37999725341795,97.62999725341795,97.62999725341795,0.0,2.477999925613404,2.4820001125335693,2.446000099182129,2.447999954223633,2.447999954223633,0.0,15.899999618530272,21.84000015258789,15.800000190734863,19.31999969482422,19.31999969482422,0.0,-0.0196722789061164,0.022142991271780446,-0.01948004226883937,189.57299957275393,188.22899932861327,182.22859954833984,173.75690017700194,188.69290159029745,186.70527591378155,1.9876256765159042,2.5535809232767135,49.02472206323562,64.69076845984061,69.70574940827203,-2.1386118005579347,-74.5960685725555,2.3790078891497415,184.18919911110706,192.26879954611948,4.292431274581089,0.11730350734337688,-0.0061407266528339735,0.015822345372005088,-0.0077781343797153945,0.012637980220317053,-0.0035172715387237386,0.7818314824680298,0.6234898018587336,0.8660254037844387,-0.4999999999999998
2019-05-08,185.6300048828125,187.1699981689453,184.9600067138672,185.7700042724609,177.88995361328125,37165300.0,-0.0025268703160495,97.56999969482422,97.68000030517578,97.41999816894533,97.62000274658205,97.62000274658205,0.0,2.438999891281128,2.486999988555908,2.430000066757202,2.4820001125335693,2.4820001125335693,0.0,18.950000762939453,21.739999771118164,18.290000915527344,19.39999961853028,19.39999961853028,0.0,-0.0025268703160495577,0.01190535687629424,-0.0025236804665967894,189.17899932861332,188.24399948120117,182.47219970703122,173.8001502227783,188.24322507986108,186.63599653294298,1.607228546918094,2.3643104480049897,47.551414444942395,38.82361148961521,59.03345034694452,-2.076855359216155,-81.49768877954673,2.3669352867160547,184.245314998244,192.24268396415835,4.248405786083501,0.11628817620655085,-0.0196722789061164,-0.0061407266528339735,-0.0032234061138059125,-0.003157341174946455,0.005352042606503327,0.9749279121818236,-0.22252093395631434,0.8660254037844387,-0.4999999999999998
2019-05-09,183.6999969482422,185.41000366210932,182.08999633789065,184.7700042724609,176.9324188232422,55351700.0,-0.0053972758703188,97.58000183105467,97.6999969482422,97.23999786376952,97.37000274658205,97.37000274658205,0.0,2.444000005722046,2.470999956130981,2.424999952316284,2.4570000171661377,2.4570000171661377,0.0,21.39999961853028,23.3799991607666,18.8700008392334,19.100000381469727,19.100000381469727,0.0,-0.0053972758703188396,0.0180729851898369,-0.00538273674589107,188.60800018310545,188.2309997558594,182.70379974365235,173.82635025024413,187.70888341718413,186.49777488401838,1.211108533165742,2.13367006503714,44.48799262173921,24.31401567714873,42.60946520886819,-2.9976856274428147,-70.96419561645156,2.4607261901342117,184.18688822337737,192.2751112883414,4.296966533384342,0.11762187317351874,-0.0025268703160495577,-0.0196722789061164,-0.004349848323005728,0.004050344615567934,-0.0023751116918110096,0.43388373911755823,-0.900968867902419,0.8660254037844387,-0.4999999999999998
2019-05-10,184.1100006103516,185.88999938964844,181.02999877929688,185.0,177.15261840820312,58526400.0,0.001243766836742,97.43000030517578,97.4499969482422,97.12999725341795,97.33000183105467,97.33000183105467,0.0,2.446000099182129,2.4600000381469727,2.4260001182556152,2.4549999237060547,2.4549999237060547,0.0,18.790000915527344,20.190000534057617,15.56999969482422,16.040000915527344,16.040000915527344,0.0,0.0012437668367420458,0.026397265733745855,0.0012445406354892885,188.04300079345705,188.18949966430665,182.91599975585936,173.85095024108887,187.29213212223272,186.3868285963133,0.9053035259194075,1.8879967572135936,45.35987815771122,28.706414057751132,30.61468040817169,-2.9635426579410917,-61.41887343074829,2.632102934435451,184.02636308995235,192.35263623866095,4.4244089938923485,0.11660429863321338,-0.0053972758703188396,-0.0025268703160495577,0.015822345372005088,0.0008922066969186673,0.004314400410734658,-0.433883739117558,-0.9009688679024191,0.8660254037844387,-0.4999999999999998
2019-05-13,180.2899932861328,181.259994506836,178.05999755859375,178.5800018310547,171.0050048828125,67185800.0,-0.035318787547988,97.3000030517578,97.37000274658205,97.02999877929688,97.31999969482422,97.31999969482422,0.0,2.4230000972747803,2.4260001182556152,2.388999938964844,2.4049999713897705,2.4049999713897705,0.0,18.6200008392334,21.31999969482422,18.350000381469727,20.549999237060547,20.549999237060547,0.0,-0.03531878754798804,0.017749165607675327,-0.03470235766555263,186.7990005493164,187.82549972534179,182.99919982910154,173.8381502532959,185.9518043851284,185.80854513222008,0.14325925290833652,1.5390492563525422,30.812168517343206,23.846176304257636,25.6222020130525,-6.512408210222033,-96.07840204002724,2.939810042076222,181.9033456399468,193.74765381073678,6.306017121269466,0.17057379571121142,0.0012437668367420458,-0.0053972758703188396,-0.0061407266528339735,0.0019387855538550308,0.00016153778518816073,0.0,1.0,0.8660254037844387,-0.4999999999999998
2019-05-14,179.52000427246094,181.6300048828125,178.86000061035156,180.5399932861328,172.88182067871094,43360600.0,0.0109154192077403,97.31999969482422,97.55999755859376,97.2699966430664,97.52999877929688,97.52999877929688,0.0,2.4140000343322754,2.427999973297119,2.4019999504089355,2.4189999103546143,2.4189999103546143,0.0,19.39999961853028,19.64999961853028,17.450000762939453,18.059999465942383,18.059999465942383,0.0,0.010915419207740338,0.015430059082757424,0.010975209744209513,185.8990005493164,187.5274993896484,183.1189996337891,173.8318502044678,185.11921806220602,185.41828203250992,-0.2990639703039051,1.1714266110212528,37.41179282727342,20.401848098710364,24.318146153573046,-4.748338249866584,-81.29718023309337,2.9476809713391927,180.781941188636,194.27305759066078,7.194206954145248,0.17572186231038536,-0.03531878754798804,0.0012437668367420458,-0.0196722789061164,-0.0077781343797153945,0.0034374599356831867,0.7818314824680298,0.6234898018587336,0.8660254037844387,-0.4999999999999998
2019-05-15,179.35000610351562,183.5500030517578,179.30999755859375,183.08999633789065,175.32366943359375,40944500.0,0.0140255616490588,97.52999877929688,97.6999969482422,97.44000244140624,97.56999969482422,97.56999969482422,0.0,2.369999885559082,2.3910000324249268,2.361000061035156,2.378999948501587,2.378999948501587,0.0,17.56999969482422,19.14999961853028,16.40999984741211,16.440000534057617,16.440000534057617,0.0,0.014025561649058896,0.023640955388185794,0.014124381298718625,185.31500091552735,187.32449951171873,183.30959960937503,173.83720016479495,184.80703010461903,185.2458164255011,-0.43878632088205904,0.8493840246405905,44.790413655591145,20.186005192127187,21.478009865031726,-3.09109012030318,-62.06640215049782,3.039989865755255,180.29281359747665,194.3561854259608,7.507492007261105,0.1835953714994396,0.010915419207740338,-0.03531878754798804,-0.0025268703160495577,-0.0032234061138059125,0.003479156164220956,0.9749279121818236,-0.22252093395631434,0.8660254037844387,-0.4999999999999998
2019-05-16,183.1699981689453,186.07000732421875,182.9499969482422,184.92999267578125,177.08555603027344,39281200.0,0.0099991779404214,97.54000091552734,97.87999725341795,97.44000244140624,97.83999633789062,97.83999633789062,0.0,2.381999969482422,2.4140000343322754,2.380000114440918,2.4049999713897705,2.4049999713897705,0.0,16.690000534057617,17.1299991607666,15.15999984741211,15.289999961853027,15.289999961853027,0.0,0.00999917794042149,0.017033413807750586,0.010049336763094718,184.99700012207032,187.20149917602538,183.579599609375,173.85230010986334,184.82594742325935,185.22242207367,-0.3964746504106529,0.6002122896303418,49.42371502427177,36.14876579578868,25.578873028875407,-1.6905044517847643,-48.19012022904276,3.0457056164853484,180.08903904371135,194.3139593083394,7.598721338899309,0.1876560005786815,0.014025561649058896,0.010915419207740338,-0.0053972758703188396,-0.004349848323005728,0.001281447976524687,0.43388373911755823,-0.900968867902419,0.8660254037844387,-0.4999999999999998
2019-05-17,183.1000061035156,185.5800018310547,182.8800048828125,183.0399932861328,175.27577209472656,44702300.0,-0.0102724090611351,97.83000183105467,98.02999877929688,97.7699966430664,98.0,98.0,0.0,2.369999885559082,2.4089999198913574,2.364000082015991,2.3929998874664307,2.3929998874664307,0.0,15.890000343322754,16.809999465942383,14.859999656677246,15.960000038146973,15.960000038146973,0.0,-0.01027240906113515,0.014746023256360484,-0.010219828065692105,184.18999938964842,186.9839988708496,183.81699951171873,173.86490005493167,184.5511852483168,185.0607606820006,-0.5095754336837786,0.37825474496751776,45.22528643258763,42.4333262754774,32.92269908779775,-4.222702788156268,-62.44349879402722,3.0210121401822656,179.63373722607756,194.33426051562165,7.861915125527821,0.1906942864241368,0.00999917794042149,0.014025561649058896,0.0012437668367420458,0.015822345372005088,0.0,-0.433883739117558,-0.9009688679024191,0.8660254037844387,-0.4999999999999998
2019-05-20,180.4900054931641,181.17999267578125,179.33999633789062,179.9499969482422,172.3168487548828,38608300.0,-0.0170256480600115,97.95999908447266,98.04000091552734,97.87999725341795,97.93000030517578,97.93000030517578,0.0,2.385999917984009,2.4179999828338623,2.380000114440918,2.41599988937378,2.41599988937378,0.0,15.880000114440918,17.6299991607666,15.460000038146973,16.309999465942383,16.309999465942383,0.0,-0.017025648060011542,0.010194450007705903,-0.01688153076994936,183.19099884033204,186.58549880981445,183.92139953613284,173.8630500030518,183.8433101252284,184.68218559061108,-0.8388754653826709,0.13482870289748003,39.341189068124834,34.539919847304816,37.7073373061903,-5.259558473600544,-85.74662143501556,3.0695110550436886,178.61119551327516,194.55980210635374,8.547613129000396,0.19804924178997443,-0.01027240906113515,0.00999917794042149,-0.03531878754798804,-0.0061407266528339735,0.002824187671365891,0.0,1.0,0.8660254037844387,-0.4999999999999998
2019-05-21,181.5,182.3300018310547,180.9199981689453,181.8300018310547,174.11709594726562,31613800.0,0.0103931120181835,97.91999816894533,98.12999725341795,97.81999969482422,98.05999755859376,98.05999755859376,0.0,2.427999973297119,2.440999984741211,2.4189999103546143,2.4260001182556152,2.4260001182556152,0.0,15.859999656677246,16.219999313354492,14.789999961853027,14.949999809265137,14.949999809265137,0.0,0.010393112018183593,0.007768615218233471,0.010447307999136068,182.74999847412113,186.1614990234375,184.0441995239258,173.86495002746582,183.53357038766322,184.4709127195328,-0.937342331869587,-0.07960550405593339,44.106037792541315,26.797388719839446,34.59021161420722,-2.367914267631007,-71.41771361143888,3.0202606141700326,178.11953629799,194.203461748885,8.639770057325352,0.19597295569626433,-0.017025648060011542,-0.01027240906113515,0.010915419207740338,-0.0196722789061164,0.012637980220317053,0.7818314824680298,0.6234898018587336,0.8660254037844387,-0.4999999999999998
2019-05-22,180.82000732421875,182.07000732421875,180.75,181.0200042724609,173.34149169921875,24332600.0,-0.0044644487939333,98.0199966430664,98.12000274658205,97.88999938964844,98.11000061035156,98.11000061035156,0.0,2.4119999408721924,2.4140000343322754,2.385999917984009,2.3929998874664307,2.3929998874664307,0.0,15.0600004196167,15.4399995803833,14.420000076293944,14.75,14.75,0.0,-0.0044644487939333125,0.007300117634946862,-0.004454497956259185,182.2749984741211,185.7269989013672,184.12439971923828,173.87390007019042,183.1468679084013,184.21528987160156,-1.068421963200251,-0.2773687958847969,42.55502461920811,21.758985022382507,27.698764529842254,-2.5569251713174204,-77.55870988639803,2.8988139506020842,177.554325749921,193.89967205281343,8.800737856951455,0.19610552738614354,0.010393112018183593,-0.017025648060011542,0.014025561649058896,-0.0025268703160495577,-0.003157341174946455,0.9749279121818236,-0.22252093395631434,0.8660254037844387,-0.4999999999999998
2019-05-23,178.94000244140625,179.02000427246094,177.13999938964844,178.25,170.68899536132812,45351300.0,-0.0154204292863215,98.05999755859376,98.37000274658205,97.80999755859376,97.8499984741211,97.8499984741211,0.0,2.361000061035156,2.364000082015991,2.2939999103546143,2.2960000038146973,2.2960000038146973,0.0,15.93000030517578,18.049999237060547,15.279999732971191,16.920000076293945,16.920000076293945,0.0,-0.015420429286321546,0.010506342109993577,-0.015302143254271927,181.622998046875,185.11549911499026,184.15519958496094,173.86605003356934,182.39350361480112,183.77341654777922,-1.379912932978101,-0.49787762330345775,37.675695312939375,19.8409390225499,22.799104254923954,-3.5287136016117335,-91.50075943451338,2.9688990171885408,176.61657435874622,193.6144238712343,9.182294077887736,0.19982827617199986,-0.0044644487939333125,0.010393112018183593,0.00999917794042149,-0.0053972758703188396,0.004050344615567934,0.43388373911755823,-0.900968867902419,0.8660254037844387,-0.4999999999999998
2019-05-24,179.2100067138672,179.85000610351562,177.94000244140625,178.16000366210938,170.60275268554688,25903300.0,-0.0005053897617534,97.83000183105467,97.91000366210938,97.5500030517578,97.61000061035156,97.61000061035156,0.0,2.315000057220459,2.3340001106262207,2.308000087738037,2.3239998817443848,2.3239998817443848,0.0,16.34000015258789,16.520000457763672,15.520000457763672,15.850000381469728,15.850000381469728,0.0,-0.000505389761753499,0.010657907430130014,-0.0005052620738594804,180.93899841308593,184.4909996032715,184.1513995361328,173.85755004882813,181.7421959297716,183.35760818587775,-1.61541225610614,-0.7213845498639943,37.52515222215115,13.262352031655578,18.287425358862663,-3.6972953177787162,-91.15347458412187,2.893263634682886,175.8697410400719,193.1122581664711,9.345993660112107,0.19949903781844924,-0.015420429286321546,-0.0044644487939333125,-0.01027240906113515,0.0012437668367420458,0.0008922066969186673,-0.433883739117558,-0.9009688679024191,0.8660254037844387,-0.4999999999999998
2019-05-27,179.2100067138672,179.85000610351562,177.94000244140625,178.16000366210938,170.60275268554688,25903300.0,0.0,97.83000183105467,97.91000366210938,97.5500030517578,97.61000061035156,97.61000061035156,0.0,2.315000057220459,2.3340001106262207,2.308000087738037,2.3239998817443848,2.3239998817443848,0.0,16.34000015258789,16.520000457763672,15.520000457763672,15.850000381469728,15.850000381469728,0.0,0.0,0.010657907430130014,0.0,180.89699859619142,183.84799957275388,184.14559967041018,173.8498500823975,181.19108942705432,182.9726004433764,-1.7815110163220709,-0.9334098431556096,37.52515222215115,9.171767113764236,14.091686055989904,-0.23518768318898947,-89.83046464007205,2.8230307794990637,175.3598208192896,192.33617832621815,9.233909287226435,0.19893035006050086,-0.000505389761753499,-0.015420429286321546,-0.017025648060011542,-0.03531878754798804,0.0019387855538550308,0.0,1.0,0.8660254037844387,-0.4999999999999998
2019-05-28,178.66000366210938,179.66000366210938,177.47000122070312,177.49000549316406,169.96121215820312,24763800.0,-0.0037675230054694,97.73999786376952,97.9800033569336,97.6999969482422,97.95999908447266,97.95999908447266,0.0,2.299000024795532,2.299000024795532,2.263999938964844,2.2679998874664307,2.2679998874664307,0.0,16.549999237060547,17.700000762939453,15.899999618530272,17.5,17.5,0.0,-0.00376752300546946,0.012257933485482798,-0.0037604347951303296,180.59199981689454,183.24550018310543,184.1143997192383,173.8355001068116,180.62169189876352,182.5664822989162,-1.9447904001526979,-1.1356859545550273,36.27371314675346,7.645166180681461,10.026428442033758,-1.6893696169218912,-96.08056223376171,2.7778144696352913,174.7478375433769,191.74316282283397,9.274620802407005,0.19829070273761387,0.0,-0.000505389761753499,0.010393112018183593,0.010915419207740338,-0.0077781343797153945,0.7818314824680298,0.6234898018587336,0.8660254037844387,-0.4999999999999998
2019-05-29,176.38999938964844,177.0,175.08999633789062,176.02999877929688,168.5631561279297,42178800.0,-0.0082597538588001,97.93000030517578,98.20999908447266,97.86000061035156,98.13999938964844,98.13999938964844,0.0,2.2309999465942383,2.246999979019165,2.2100000381469727,2.236000061035156,2.236000061035156,0.0,18.549999237060547,19.040000915527344,17.6200008392334,17.899999618530273,17.899999618530273,0.0,-0.008259753858800116,0.010828299045968843,-0.008225735816546731,179.88600006103516,182.60050048828123,184.03979980468748,173.8103501129151,179.9152775726917,182.08229833449997,-2.16702076180826,-1.341952916005674,33.640895854387395,7.5500022772193365,8.122311857221678,-3.8560258341830034,-91.43896629450823,2.750828375752302,173.96241715322384,191.23858382333862,9.461182539980776,0.19907452466396963,-0.00376752300546946,0.0,-0.0044644487939333125,0.014025561649058896,-0.0032234061138059125,0.9749279121818236,-0.22252093395631434,0.8660254037844387,-0.4999999999999998
2019-05-30,176.5,177.27000427246094,175.77000427246094,176.77000427246094,169.27175903320312,30354800.0,0.0041949716422221,98.12999725341795,98.27999877929688,98.08999633789062,98.13999938964844,98.13999938964844,0.0,2.260999917984009,2.276000022888184,2.2260000705718994,2.226999998092652,2.226999998092652,0.0,17.469999313354492,18.11000061035156,16.719999313354492,17.299999237060547,17.299999237060547,0.0,0.00419497164222214,0.0084985835694051,0.004203782852378879,179.07000122070312,182.0335006713867,183.92379974365235,173.79020011901858,179.4313893726562,181.68879507064523,-2.2574056979890145,-1.525043472402342,36.16972896980592,9.260358291414018,8.151842249771605,-4.41247430189779,-84.699396597488,2.661483491769995,173.4294793805623,190.63752196221108,9.453228399267754,0.2009134039480496,-0.008259753858800116,-0.00376752300546946,-0.015420429286321546,0.00999917794042149,-0.004349848323005728,0.43388373911755823,-0.900968867902419,0.8660254037844387,-0.4999999999999998
2019-05-31,174.69000244140625,175.2899932861328,173.8699951171875,173.9499969482422,166.5713348388672,45446200.0,-0.0160818098870485,98.1500015258789,98.16999816894533,97.72000122070312,97.75,97.75,0.0,2.1610000133514404,2.184000015258789,2.13700008392334,2.1419999599456787,2.1419999599456787,0.0,19.049999237060547,19.71999931335449,18.010000228881836,18.709999084472656,18.709999084472656,0.0,-0.016081809887048545,0.008128674503977994,-0.015953187996387785,178.16100158691407,181.17550048828122,183.83159973144532,173.7475501251221,178.58809823043867,181.11555076528205,-2.527452534843377,-1.7255252848905491,31.278036813862645,8.172463055145597,8.327607874592983,-4.966125803818682,-99.34424794256698,2.678521039163098,172.96927036095622,189.38173061560622,9.058873970496684,0.1927950975223938,0.00419497164222214,-0.008259753858800116,-0.000505389761753499,-0.01027240906113515,0.015822345372005088,-0.433883739117558,-0.9009688679024191,0.8660254037844387,-0.4999999999999998
2019-06-03,173.47999572753906,173.9499969482422,169.27000427246094,170.1199951171875,162.90380859375,75842300.0,-0.0222637598539971,97.63999938964844,97.8000030517578,97.11000061035156,97.13999938964844,97.13999938964844,0.0,2.111999988555908,2.130000114440918,2.0810000896453857,2.0810000896453857,2.0810000896453857,0.0,19.40999984741211,19.75,18.15999984741211,18.86000061035156,18.86000061035156,0.0,-0.022263759853997128,0.026977131606179334,-0.022017751425627785,177.1780014038086,180.1845001220703,183.669599609375,173.6764501190186,177.28531313609236,180.3010651617195,-3.015752025627137,-1.9835706330378668,26.112695769252273,7.005274618243262,8.146031988267625,-5.4626296180944225,-94.94053160521524,2.8214832989215375,171.65416315957967,188.7148370845609,9.468447015932604,0.20263214112485511,-0.016081809887048545,0.00419497164222214,0.0,-0.017025648060011542,-0.0061407266528339735,0.0,1.0,0.49999999999999994,-0.8660254037844387
2019-06-04,172.02999877929688,174.97000122070312,171.3699951171875,174.91000366210938,167.4906005859375,47797800.0,0.0277673385016659,97.20999908447266,97.33999633789062,97.0,97.06999969482422,97.06999969482422,0.0,2.125999927520752,2.1470000743865967,2.101999998092652,2.11899995803833,2.11899995803833,0.0,18.739999771118164,18.739999771118164,16.969999313354492,16.969999313354492,16.969999313354492,0.0,0.027767338501665913,0.020926618200667404,0.028156444172683814,176.48600158691406,179.61800003051755,183.58679962158203,173.62795013427737,176.91988090932574,179.9017272728595,-2.981846363533748,-2.183225779137043,39.556726125281614,13.095546430759184,9.424428034716012,-3.805751580740208,-66.42858115994024,2.966377784963972,171.27818680748013,187.95781325355497,9.286166443920397,0.2271448668941792,-0.022263759853997128,-0.016081809887048545,-0.00376752300546946,0.010393112018183593,-0.0196722789061164,0.7818314824680298,0.6234898018587336,0.49999999999999994,-0.8660254037844387
2019-06-05,176.5800018310547,176.61000061035156,174.3800048828125,176.2100067138672,168.73545837402344,34412700.0,0.0074049196554737,97.12000274658205,97.37000274658205,96.75,97.37000274658205,97.37000274658205,0.0,2.0969998836517334,2.130000114440918,2.0799999237060547,2.122999906539917,2.122999906539917,0.0,17.059999465942383,17.489999771118164,16.040000915527344,16.09000015258789,16.09000015258789,0.0,0.007404919655473779,0.012628812461292424,0.007432403870611282,176.0050018310547,179.14000015258785,183.55299987792966,173.57530014038085,176.81066949463982,179.62826649071192,-2.8175969960720977,-2.310100022524054,42.60881797615137,27.060497012553633,15.720439353852024,-2.6571635427397235,-57.44939619718363,2.913779066576479,171.19847853762494,187.08152176755075,8.866273984814649,0.23021452464386702,0.027767338501665913,-0.022263759853997128,-0.008259753858800116,-0.0044644487939333125,-0.0025268703160495577,0.9749279121818236,-0.22252093395631434,0.49999999999999994,-0.8660254037844387
2019-06-06,176.50999450683594,178.0399932861328,175.72999572753906,177.61000061035156,170.0760955810547,29913200.0,0.0079138045216781,97.29000091552734,97.3499984741211,96.77999877929688,97.02999877929688,97.02999877929688,0.0,2.1050000190734863,2.134999990463257,2.0920000076293945,2.124000072479248,2.124000072479248,0.0,16.25,16.540000915527344,15.359999656677246,15.93000030517578,15.93000030517578,0.0,0.00791380452167819,0.013087063795156867,0.007945201441060146,175.94100189208987,178.78199996948237,183.53899993896485,173.53130012512204,176.93364351244162,179.47876531438894,-2.5451218019473174,-2.3571043784087067,45.783826779237266,46.66037277720827,28.938805406840363,-0.35904594089673914,-36.14090431125131,2.8706518160062844,171.27547570543797,186.28852423352677,8.397404957239258,0.23293402776095604,0.007404919655473779,0.027767338501665913,0.00419497164222214,-0.015420429286321546,-0.0053972758703188396,0.43388373911755823,-0.900968867902419,0.49999999999999994,-0.8660254037844387
2019-06-07,178.55999755859375,181.7700042724609,178.3300018310547,181.0399932861328,173.36061096191406,45888300.0,0.0191279234971103,97.01000213623048,97.18000030517578,96.45999908447266,96.61000061035156,96.61000061035156,0.0,2.1050000190734863,2.1050000190734863,2.052999973297119,2.0840001106262207,2.0840001106262207,0.0,15.649999618530272,16.440000534057617,15.329999923706056,16.299999237060547,16.299999237060547,0.0,0.019127923497110365,0.019265246911069196,0.019312034237604303,176.2290008544922,178.58399963378903,183.56659973144534,173.50325012207028,177.56538963147105,179.5944118308144,-2.029022199343359,-2.291487942595637,52.68954179844724,65.51071456744577,46.41052811906923,1.616518615191265,-9.87755578922771,2.962748376442218,171.57568152664942,185.59231774092865,7.848763743124952,0.24457266511839065,0.00791380452167819,0.007404919655473779,-0.016081809887048545,-0.000505389761753499,0.0012437668367420458,-0.433883739117558,-0.9009688679024191,0.49999999999999994,-0.8660254037844387
2019-06-10,182.25,184.8500061035156,182.2100067138672,183.1499938964844,175.38111877441406,41385300.0,0.0115875460156809,96.6500015258789,96.94000244140624,96.62999725341795,96.76000213623048,96.76000213623048,0.0,2.134999990463257,2.1470000743865967,2.115000009536743,2.1429998874664307,2.1429998874664307,0.0,16.299999237060547,16.469999313354492,15.84000015258789,15.9399995803833,15.9399995803833,0.0,0.01158754601568091,0.014485593358839007,0.01165494169228487,176.7279998779297,178.81249923706054,183.58879974365234,173.48575012207027,178.4245595183962,179.8577882801233,-1.4332287617270936,-2.1198361064219284,56.37107229828619,81.02334597584453,64.39814444016619,2.8008476267427733,-10.911501971987347,3.0232672650808294,171.5127872163208,186.11221125780028,8.164655213573363,0.2119882556914538,0.019127923497110365,0.00791380452167819,-0.022263759853997128,0.0,-0.03531878754798804,0.0,1.0,0.49999999999999994,-0.8660254037844387
2019-06-11,185.0599975585937,185.3999938964844,182.77999877929688,183.3999938964844,175.62051391601562,41260300.0,0.0013640687474099,96.75,96.87999725341795,96.63999938964844,96.69000244140624,96.69000244140624,0.0,2.1710000038146973,2.174000024795532,2.138000011444092,2.140000104904175,2.140000104904175,0.0,15.84000015258789,16.700000762939453,15.5,15.989999771118164,15.989999771118164,0.0,0.0013640687474099729,0.014157544319419898,0.001364999512344811,177.31899871826175,178.95549926757812,183.60219970703122,173.47350006103514,179.19001096117898,180.1201738813352,-0.9301629201562207,-1.881901469168787,56.80001272409344,88.93722607268296,78.49042887199109,3.329758420424389,-12.399264020736055,2.9944621116598795,171.4055334897772,186.50546504537903,8.437813656133624,0.20890918717994575,0.01158754601568091,0.019127923497110365,0.027767338501665913,-0.00376752300546946,0.010915419207740338,0.7818314824680298,0.6234898018587336,0.49999999999999994,-0.8660254037844387
2019-06-12,182.8999938964844,183.27999877929688,182.0,182.33999633789065,174.60545349121094,27758100.0,-0.0057966191059676,96.70999908447266,97.0199966430664,96.58000183105467,97.0,97.0,0.0,2.121999979019165,2.1429998874664307,2.109999895095825,2.127000093460083,2.127000093460083,0.0,16.260000228881836,16.43000030517578,15.779999732971191,15.90999984741211,15.90999984741211,0.0,-0.0057966191059676524,0.00699835331881593,-0.005779851124283253,177.94999847412114,178.9179992675781,183.57339965820313,173.4679500579834,179.6746240960577,180.2846051744134,-0.6099810783557018,-1.62751739100617,54.359680930930864,85.90612506379026,85.28889903743925,3.5846148965240494,-18.97085881590582,2.8805715248616313,171.4474669845221,186.3885315506341,8.35078898002158,0.2040398673080739,0.0013640687474099729,0.01158754601568091,0.007404919655473779,-0.008259753858800116,0.014025561649058896,0.9749279121818236,-0.22252093395631434,0.49999999999999994,-0.8660254037844387
2019-06-13,183.1000061035156,183.8699951171875,182.7400054931641,183.4199981689453,175.63966369628906,23715800.0,0.0059056538415449,96.95999908447266,97.08000183105467,96.87000274658205,97.01000213623048,97.01000213623048,0.0,2.111999988555908,2.119999885559082,2.0820000171661377,2.0910000801086426,2.0910000801086426,0.0,16.15999984741211,16.209999084472656,15.609999656677246,15.81999969482422,15.81999969482422,0.0,0.005905653841544937,0.006171434114450927,0.005923126594268524,178.61499786376956,178.8424995422363,183.56759948730468,173.47600006103514,180.25083549188656,180.51685650734169,-0.2660210154551237,-1.3552181158959609,56.41437891205486,85.45154409017161,86.76496507554828,3.7619470134958752,-12.275244892843274,2.7841020430355754,171.6007786794352,186.08422040503743,8.09843396433953,0.20182999310005661,-0.0057966191059676524,0.0013640687474099729,0.00791380452167819,0.00419497164222214,0.00999917794042149,0.43388373911755823,-0.900968867902419,0.49999999999999994,-0.8660254037844387
2019-06-14,182.47999572753903,183.1100006103516,181.94000244140625,182.63999938964844,174.8927459716797,22844100.0,-0.0042616250847798,97.01000213623048,97.58000183105467,96.94000244140624,97.56999969482422,97.56999969482422,0.0,2.075000047683716,2.109999895095825,2.075000047683716,2.0929999351501465,2.0929999351501465,0.0,16.0,16.399999618530273,15.210000038146973,15.279999732971191,15.279999732971191,0.0,-0.004261625084779892,0.006411651667793032,-0.004252557246414046,179.48399810791017,178.8224998474121,183.52719940185548,173.48365005493162,180.61839916846532,180.67412635047552,-0.05572718201020166,-1.095319929118809,54.5058592975603,83.88098199941024,85.07955038445736,4.9956899073656835,-17.110950293020167,2.6909515919286817,171.62753045549965,186.01746923932456,8.047051571308828,0.19904287046393174,0.005905653841544937,-0.0057966191059676524,0.019127923497110365,-0.016081809887048545,-0.01027240906113515,-0.433883739117558,-0.9009688679024191,0.49999999999999994,-0.8660254037844387
2019-06-17,183.0399932861328,184.25,182.83999633789065,183.7400054931641,175.94606018066406,20379500.0,0.0060045659446174,97.5199966430664,97.5999984741211,97.33999633789062,97.55999755859376,97.55999755859376,0.0,2.094000101089477,2.102999925613404,2.0789999961853027,2.0859999656677246,2.0859999656677246,0.0,15.649999618530272,15.760000228881836,15.239999771118164,15.350000381469728,15.350000381469728,0.0,0.0060045659446174805,0.007703254555441295,0.006022629487188347,180.84599914550782,179.01200027465822,183.49939941406248,173.49375007629394,181.09864629534206,180.9012285091932,0.1974177861488613,-0.8367723860652749,56.7291102992723,86.77416252402408,85.3688962045353,8.006119660769105,-10.291317242064324,2.6137408075303163,171.4993662780917,186.52463427122473,8.393441763725189,0.18964895969381926,-0.004261625084779892,0.005905653841544937,0.01158754601568091,-0.022263759853997128,-0.017025648060011542,0.0,1.0,0.49999999999999994,-0.8660254037844387
2019-06-18,185.91000366210932,187.72000122070312,185.42999267578125,186.41000366210932,178.5028533935547,48177300.0,0.0144271146715117,97.52999877929688,97.7699966430664,97.37000274658205,97.63999938964844,97.63999938964844,0.0,2.0350000858306885,2.075000047683716,2.0290000438690186,2.059999942779541,2.059999942779541,0.0,14.890000343322754,15.539999961853027,14.619999885559082,15.149999618530272,15.149999618530272,0.0,0.014427114671511716,0.012317833897114844,0.014531687781273783,181.99599914550782,179.24100036621093,183.5379995727539,173.51020011901855,181.91577819792164,181.30928592792773,0.6064922699939075,-0.5481194548534385,61.630504885841276,88.49915784010912,86.38476745451447,6.574809764577908,-7.100258944588155,2.7113304446737962,171.11270112091,187.36929961151185,9.06968743612659,0.19280143387949217,0.0060045659446174805,-0.004261625084779892,0.0013640687474099729,0.027767338501665913,0.010393112018183593,0.7818314824680298,0.6234898018587336,0.49999999999999994,-0.8660254037844387
2019-06-19,186.66000366210932,187.52999877929688,185.57000732421875,187.1100006103516,179.17311096191406,31672900.0,0.0037478523563956,97.62999725341795,97.68000030517578,97.08999633789062,97.12000274658205,97.12000274658205,0.0,2.0840001106262207,2.0989999771118164,2.0220000743865967,2.0290000438690186,2.0290000438690186,0.0,15.050000190734863,15.710000038146973,14.149999618530272,14.329999923706056,14.329999923706056,0.0,0.0037478523563956694,0.010500329029383759,0.0037548843372359197,183.08599853515625,179.5455001831055,183.5707995605469,173.53285011291504,182.71488933829545,181.73896849699616,0.9759208412992848,-0.24331139562289383,62.819576576864115,93.10072896533467,89.45801644315594,6.1857973333966205,-3.306236917343508,2.6576633739883913,170.71098845353555,188.38001191267546,9.840972589744965,0.19177762612096566,0.014427114671511716,0.0060045659446174805,-0.0057966191059676524,0.007404919655473779,-0.0044644487939333125,0.9749279121818236,-0.22252093395631434,0.49999999999999994,-0.8660254037844387
2019-06-20,189.72000122070312,189.759994506836,187.16000366210932,188.8500061035156,180.83935546875,40922000.0,0.0092566594769478,97.18000030517578,97.1999969482422,96.56999969482422,96.62999725341795,96.62999725341795,0.0,1.99399995803833,2.015000104904175,1.975000023841858,2.000999927520752,2.000999927520752,0.0,14.039999961853027,16.030000686645508,13.1899995803833,14.75,14.75,0.0,0.009256659476947832,0.013704358148838938,0.009299634849729843,184.20999908447266,180.07550048828125,183.6471997070313,173.5544501495361,183.6587534560216,182.265712023405,1.3930414326165987,0.08395917002500469,65.66773151719873,95.05078926446248,92.21689202330208,6.328475566994024,-4.441136344680896,2.657115554166678,170.34212501110702,189.80887596545548,10.810327280259484,0.18241288032931766,0.0037478523563956694,0.014427114671511716,0.005905653841544937,0.00791380452167819,-0.015420429286321546,0.43388373911755823,-0.900968867902419,0.49999999999999994,-0.8660254037844387
2019-06-21,188.6300048828125,189.7700042724609,188.1699981689453,188.57000732421875,180.5711975097656,39980400.0,-0.0014839522863067,96.62000274658205,96.70999908447266,96.1500015258789,96.22000122070312,96.22000122070312,0.0,2.026000022888184,2.069999933242798,2.0179998874664307,2.068000078201294,2.068000078201294,0.0,14.739999771118164,15.479999542236328,14.420000076293944,15.399999618530272,15.399999618530272,0.0,-0.001483952286306797,0.008482245995326192,-0.001482851773549565,184.96300048828127,180.59600067138672,183.70199981689456,173.57735015869136,184.41433097420577,182.73269686050233,1.6816341137034385,0.40349415876069145,64.80740342652993,95.24363581272931,94.46505134750882,4.159309720137244,-6.521719299787643,2.5816077362630296,170.2029113597757,190.98908998299774,11.509766853057096,0.1826872098319046,0.009256659476947832,0.0037478523563956694,-0.004261625084779892,0.019127923497110365,-0.000505389761753499,-0.433883739117558,-0.9009688679024191,0.49999999999999994,-0.8660254037844387
2019-06-24,188.52999877929688,188.72000122070312,188.0599975585937,188.16000366210932,180.57701110839844,19375200.0,3.219508497965473e-05,96.18000030517578,96.1999969482422,95.97000122070312,95.9800033569336,95.9800033569336,0.0,2.032000064849853,2.0420000553131104,2.013999938964844,2.0209999084472656,2.0209999084472656,0.0,15.460000038146973,15.5600004196167,15.229999542236328,15.260000228881836,15.260000228881836,0.0,3.219508497965473e-05,0.0035007885555765946,3.219560324696502e-05,185.46400146484376,181.09600067138672,183.7479998779297,173.61145019531247,184.99058831080632,183.1347195865473,1.855868724259011,0.6939690718603554,63.4955904083506,92.85860048107803,94.38434185275659,2.7354681586593723,-10.461342912297356,2.4443503023949154,170.24429684542565,191.9477044973478,11.984476504980757,0.18268060878804937,-0.001483952286306797,0.009256659476947832,0.0060045659446174805,0.01158754601568091,0.0,0.0,1.0,0.49999999999999994,-0.8660254037844387
2019-06-25,188.02999877929688,188.13999938964844,184.6499938964844,184.92999267578125,177.4770965576172,33921100.0,-0.0173157740102883,96.0,96.36000061035156,95.83999633789062,96.16000366210938,96.16000366210938,0.0,2.01200008392334,2.013999938964844,1.98199999332428,1.99399995803833,1.99399995803833,0.0,15.43000030517578,16.68000030517578,15.100000381469728,16.280000686645508,16.280000686645508,0.0,-0.01731577401028834,0.018560897281398602,-0.017166717578022128,185.61700134277345,181.46800003051754,183.71659973144529,173.62190017700195,184.98126590541784,183.26770277834243,1.7135631270754175,0.8978878829033679,54.18957061459363,82.84798056608305,90.31673895329679,0.8342414559514199,-34.472996089665855,2.5204688354827725,170.62669370360945,192.30930635742564,11.948449671661022,0.19508971449739843,3.219508497965473e-05,-0.001483952286306797,0.014427114671511716,0.0013640687474099729,-0.00376752300546946,0.7818314824680298,0.6234898018587336,0.49999999999999994,-0.8660254037844387
2019-06-26,186.16000366210932,187.3300018310547,185.4900054931641,185.7899932861328,178.30245971679688,22595700.0,0.0046397530452619,96.18000030517578,96.33999633789062,96.06999969482422,96.20999908447266,96.20999908447266,0.0,2.0160000324249268,2.049000024795532,2.00600004196167,2.049000024795532,2.049000024795532,0.0,16.100000381469727,16.600000381469727,15.470000267028809,16.209999084472656,16.209999084472656,0.0,0.004639753045261929,0.009883950911551826,0.004650533365648801,185.96200103759767,181.95599975585935,183.68939971923828,173.6373501586914,185.1056855024509,183.45453911225283,1.651146390198079,1.0485395843623102,56.03707888360818,73.42512086602513,83.04390063772874,1.8920681241262272,-34.79029839996143,2.511864572610677,171.26777675249855,192.64422275922016,11.74814022917826,0.19128509720578885,-0.01731577401028834,3.219508497965473e-05,0.0037478523563956694,-0.0057966191059676524,-0.008259753858800116,0.9749279121818236,-0.22252093395631434,0.49999999999999994,-0.8660254037844387
2019-06-27,186.4600067138672,186.94000244140625,185.9900054931641,186.5,178.98390197753906,19709200.0,0.0038145485531744,96.18000030517578,96.38999938964844,96.13999938964844,96.19000244140624,96.19000244140624,0.0,2.039999961853028,2.0450000762939453,2.003999948501587,2.005000114440918,2.005000114440918,0.0,15.65999984741211,16.399999618530273,15.65999984741211,15.81999969482422,15.81999969482422,0.0,0.0038145485531744763,0.00509490997552081,0.003821833203111913,186.27000122070314,182.4424995422363,183.6715997314453,173.64625015258787,185.32019542515076,183.6801288076415,1.6400666175092624,1.1668449909917007,57.558877786258684,62.991402868009445,73.08816810003921,1.6792072084842928,-41.76249690634436,2.4145891856580173,171.86296840818716,193.02203067628545,11.597660808851105,0.1912532905061408,0.004639753045261929,-0.01731577401028834,0.009256659476947832,0.005905653841544937,0.00419497164222214,0.43388373911755823,-0.900968867902419,0.49999999999999994,-0.8660254037844387
2019-06-28,186.9499969482422,187.1499938964844,186.07000732421875,186.7400054931641,179.21420288085938,21179200.0,0.0012858858376424,96.19000244140624,96.3000030517578,96.0199966430664,96.12999725341795,96.12999725341795,0.0,2.01200008392334,2.032999992370605,1.9980000257492063,2.0,2.0,0.0,15.699999809265137,16.1299991607666,15.079999923706056,15.079999923706056,15.079999923706056,0.0,0.0012858858376424995,0.005776873976439014,0.0012867129433193902,186.6800018310547,183.08199996948244,183.6585998535156,173.66140014648434,185.53862774330665,183.90678633990242,1.6318414034042235,1.2598442734742052,58.08703416378311,61.58330377517254,65.99994250306904,2.2448566125805796,-38.69729336817657,2.3192604275585627,173.13670204334974,193.02729789561513,10.86430990243766,0.17800113824607255,0.0038145485531744763,0.004639753045261929,-0.001483952286306797,-0.004261625084779892,-0.016081809887048545,-0.433883739117558,-0.9009688679024191,0.49999999999999994,-0.8660254037844387
2019-07-01,190.32000732421875,190.57000732421875,188.3800048828125,189.259994506836,181.63262939453125,31025600.0,0.0134043727620233,96.25,96.87000274658205,96.25,96.83999633789062,96.83999633789062,0.0,2.026000022888184,2.0480000972747803,2.005000114440918,2.0339999198913574,2.0339999198913574,0.0,13.850000381469728,14.640000343322754,13.800000190734863,14.0600004196167,14.0600004196167,0.0,0.013404372762023315,0.011506948072335252,0.013494614125419746,187.2320007324219,184.03899993896485,183.68539978027343,173.68825012207026,186.11114570692655,184.30332027819378,1.8078254287327695,1.3694405045259181,63.25725837696446,68.1201545891256,64.23162041076918,3.004239059891217,-15.179745958102231,2.4271705278082836,175.80998088418465,192.26801899374505,8.942690470508195,0.152278335041566,0.0012858858376424995,0.0038145485531744763,3.219508497965473e-05,0.0060045659446174805,-0.022263759853997128,0.0,1.0,1.2246467991473532e-16,-1.0
2019-07-02,189.1999969482422,190.02999877929688,188.66000366210932,190.009994506836,182.35243225097656,18035800.0,0.0039551282215612,96.80999755859376,96.87999725341795,96.5999984741211,96.7300033569336,96.7300033569336,0.0,2.0239999294281006,2.0239999294281006,1.9739999771118164,1.9759999513626096,1.9759999513626096,0.0,14.15999984741211,14.300000190734863,12.899999618530272,12.93000030517578,12.93000030517578,0.0,0.003955128221561228,0.007240989108273266,0.003962960063094156,187.59199981689454,184.79399948120118,183.6793997192383,173.7176000976562,186.7109685992203,184.72603688772284,1.9849317114974667,1.492538745920228,64.65471944117985,79.8779413117488,69.8604665586823,1.9312219162079387,-6.48913673847481,2.351657998478232,177.35911299143135,192.22888597097102,8.046675228246443,0.1274006313542303,0.013404372762023315,0.0012858858376424995,-0.01731577401028834,0.014427114671511716,0.027767338501665913,0.7818314824680298,0.6234898018587336,1.2246467991473532e-16,-1.0
2019-07-03,190.4900054931641,191.44000244140625,190.2899932861328,191.44000244140625,183.7247772216797,15792100.0,0.0074976063188174,96.7300033569336,96.87000274658205,96.58999633789062,96.7699966430664,96.7699966430664,0.0,1.955000042915344,1.968999981880188,1.9429999589920044,1.9529999494552608,1.9529999494552608,0.0,13.18000030517578,13.1899995803833,12.5600004196167,12.56999969482422,12.56999969482422,0.0,0.007497606318817409,0.00603711020059111,0.007525783746137993,188.025,185.55549926757814,183.7139996337891,173.75345008850095,187.4385122672489,185.22336766947717,2.21514459777174,1.6370599162905304,67.21509654012183,92.77703910114099,80.25837833400513,2.314147729640437,0.0,2.2858258510562335,178.7274597658848,192.3835387692715,7.359565767271666,0.1274314882128405,0.003955128221561228,0.013404372762023315,0.004639753045261929,0.0037478523563956694,0.007404919655473779,0.9749279121818236,-0.22252093395631434,1.2246467991473532e-16,-1.0
2019-07-04,190.4900054931641,191.44000244140625,190.2899932861328,191.44000244140625,183.7247772216797,15792100.0,0.0,96.7300033569336,96.87000274658205,96.58999633789062,96.7699966430664,96.7699966430664,0.0,1.955000042915344,1.968999981880188,1.9429999589920044,1.9529999494552608,1.9529999494552608,0.0,13.18000030517578,13.1899995803833,12.5600004196167,12.56999969482422,12.56999969482422,0.0,0.0,0.00603711020059111,0.0,188.28399963378905,186.24699935913085,183.7331997680664,173.78150009155272,188.0541261401962,185.6838591340645,2.3702670061316837,1.7837013342587613,67.21509654012183,97.83695442050838,90.16397827779937,1.371456846271417,0.0,2.204696087071748,180.03346459968128,192.46053411858043,6.672359587891477,0.12751431308310843,0.007497606318817409,0.003955128221561228,0.0038145485531744763,0.009256659476947832,0.00791380452167819,0.43388373911755823,-0.900968867902419,1.2246467991473532e-16,-1.0
2019-07-05,190.1300048828125,191.3999938964844,189.38999938964844,191.0500030517578,183.35047912597656,21415600.0,-0.0020393541594262,96.72000122070312,97.44000244140624,96.72000122070312,97.25,97.25,0.0,1.9700000286102293,2.068000078201294,1.965000033378601,2.0480000972747803,2.0480000972747803,0.0,13.0,14.470000267028809,12.039999961853027,13.279999732971191,13.279999732971191,0.0,-0.0020393541594262102,0.010571684927241417,-0.002037276089612572,188.53199920654296,186.74749984741212,183.7411999511719,173.80780014038086,188.51503028043643,186.08135127611587,2.4336790043205667,1.9136968682711226,65.70954438955475,98.08542514063984,96.2331395540964,1.3151591616980054,-5.743724578080434,2.193646584549324,180.68929123717476,192.80570845764947,6.488128210752387,0.11546597775899643,0.0,0.007497606318817409,0.0012858858376424995,-0.001483952286306797,0.019127923497110365,-0.433883739117558,-0.9009688679024191,1.2246467991473532e-16,-1.0
2019-07-08,189.8099975585937,189.8699951171875,188.92999267578125,189.7100067138672,182.06451416015625,17598800.0,-0.007038410017385,97.2300033569336,97.41999816894533,97.16000366210938,97.37999725341795,97.37999725341795,0.0,2.0299999713897705,2.0360000133514404,2.013000011444092,2.0339999198913574,2.0339999198913574,0.0,13.729999542236328,14.4399995803833,13.640000343322754,13.960000038146973,13.960000038146973,0.0,-0.0070384100173850545,0.004952333667862118,-0.007013698420372028,188.68699951171877,187.07550048828128,183.715,173.8255001831055,188.69887280865655,186.35014056780116,2.3487322408553837,2.000703942787975,60.680317928851586,89.59257511404745,95.17165155839855,0.8237686126650522,-25.478550079777186,2.188386855365555,181.1280694746665,193.02293150189607,6.3583216381530905,0.11559655099381812,-0.0020393541594262102,0.0,0.013404372762023315,3.219508497965473e-05,0.01158754601568091,0.0,1.0,1.2246467991473532e-16,-1.0
2019-07-09,188.8099975585937,190.8999938964844,188.6499938964844,190.66000366210932,182.9762420654297,19193500.0,0.0049952219609904,97.37999725341795,97.58999633789062,97.36000061035156,97.48999786376952,97.48999786376952,0.0,2.059999942779541,2.068000078201294,2.0460000038146973,2.053999900817871,2.053999900817871,0.0,14.470000267028809,14.710000038146973,13.989999771118164,14.09000015258789,14.09000015258789,0.0,0.004995221960990482,0.011916741852092625,0.0050077188818433704,189.2600006103516,187.43850097656252,183.73740020751953,173.85005020141605,189.0005852476493,186.66938968589807,2.3311955617512297,2.066802266580626,62.851127157037645,85.76342539532689,91.14714188333807,3.098475754754345,-11.4874491561617,2.1927877942680154,181.54969586856117,193.32730608456387,6.283453055077186,0.11610325910520101,-0.0070384100173850545,-0.0020393541594262102,0.003955128221561228,-0.01731577401028834,0.0013640687474099729,0.7818314824680298,0.6234898018587336,1.2246467991473532e-16,-1.0
2019-07-10,191.82000732421875,193.08999633789065,191.47000122070312,192.5599975585937,184.7996063232422,28374500.0,0.0099157092854466,97.51000213623048,97.5500030517578,97.04000091552734,97.0999984741211,97.0999984741211,0.0,2.1010000705718994,2.1050000190734863,2.04099988937378,2.061000108718872,2.061000108718872,0.0,14.380000114440918,14.6899995803833,12.979999542236328,13.029999732971191,13.029999732971191,0.0,0.00991570928544662,0.008445391801332663,0.009965032821914077,189.9370010375977,187.94950103759766,183.81000030517578,173.8831002044678,189.54818714164074,187.10573100980145,2.442456131839293,2.1419330396323595,66.79911657830958,85.58479873025456,86.98026641320963,3.643901457079275,-6.279604573297415,2.2097310000903954,182.150532380804,193.7484696943913,6.170773132974282,0.11541050265678869,0.004995221960990482,-0.0070384100173850545,0.007497606318817409,0.004639753045261929,-0.0057966191059676524,0.9749279121818236,-0.22252093395631434,1.2246467991473532e-16,-1.0
2019-07-11,192.8500061035156,193.33999633789065,191.8099975585937,192.4199981689453,184.665283203125,23736100.0,-0.0007271225485458,97.05999755859376,97.1500015258789,96.8000030517578,97.0500030517578,97.0500030517578,0.0,2.068000078201294,2.134000062942505,2.058000087738037,2.119999885559082,2.119999885559082,0.0,13.010000228881836,13.329999923706056,12.390000343322754,12.93000030517578,12.93000030517578,0.0,-0.0007271225485458838,0.00793362059047956,-0.0007268582590064243,190.5290008544922,188.39950103759764,183.89620025634764,173.9333001708985,189.99000422276453,187.49938042899728,2.4906237937672415,2.2116711904593362,66.2405016062585,90.54869628090856,87.29897346883,3.1742617527856902,-10.586857427815211,2.1611786986051498,182.68429276849994,194.11470930669535,6.067116141626251,0.11547304543164873,0.00991570928544662,0.004995221960990482,0.0,0.0038145485531744763,0.005905653841544937,0.43388373911755823,-0.900968867902419,1.2246467991473532e-16,-1.0
2019-07-12,192.6300048828125,193.5399932861328,192.4499969482422,193.52999877929688,185.73052978515625,20211900.0,0.0057519522718413,97.08000183105467,97.12000274658205,96.79000091552734,96.80999755859376,96.80999755859376,0.0,2.121999979019165,2.1480000019073486,2.1050000190734863,2.1059999465942383,2.1059999465942383,0.0,12.760000228881836,12.81999969482422,12.279999732971191,12.390000343322754,12.390000343322754,0.0,0.005751952271841371,0.005658497172098034,0.0057685265121518725,191.20800018310547,188.94400100708006,183.94460021972657,174.00020019531254,190.53461876992336,187.94609289938984,2.588525870533516,2.2870421264741725,68.4904173860655,94.34037128076102,90.15795543064138,3.6360678410611604,-0.11242415660427385,2.086808442789603,183.46922305117783,194.4187789629823,5.795132871878876,0.11313680591628464,-0.0007271225485458838,0.00991570928544662,-0.0020393541594262102,0.0012858858376424995,-0.004261625084779892,-0.433883739117558,-0.9009688679024191,1.2246467991473532e-16,-1.0
2019-07-15,193.97999572753903,194.19000244140625,193.44000244140625,194.1499938964844,186.32553100585932,15606100.0,0.0031984520111364,96.83999633789062,96.97000122070312,96.75,96.93000030517578,96.93000030517578,0.0,2.11299991607666,2.115000009536743,2.0899999141693115,2.0920000076293945,2.0920000076293945,0.0,12.579999923706056,13.020000457763672,12.489999771118164,12.68000030517578,12.68000030517578,0.0,0.0031984520111362617,0.003866378062269045,0.003203572516544906,191.6970001220703,189.4645004272461,184.02880004882812,174.0757001495362,191.09083032785583,188.40564112139685,2.685189206458972,2.366671542471132,69.70490295714659,96.2802833072781,93.72311695631589,2.583746978536335,-0.4598684937461961,1.9913221254474889,184.09450445266415,194.83449640182803,5.668603841323832,0.11258759517191594,0.005751952271841371,-0.0007271225485458838,-0.0070384100173850545,0.013404372762023315,0.0060045659446174805,0.0,1.0,1.2246467991473532e-16,-1.0
2019-07-16,193.91000366210932,194.08999633789065,192.5599975585937,193.1499938964844,185.36587524414065,20190900.0,-0.0051637346354992,96.91999816894533,97.44000244140624,96.91999816894533,97.4000015258789,97.4000015258789,0.0,2.0989999771118164,2.1429998874664307,2.095999956130981,2.121999979019165,2.121999979019165,0.0,12.609999656677246,13.140000343322754,12.279999732971191,12.859999656677246,12.859999656677246,0.0,-0.005163734635499059,0.007890251923067377,-0.0051504254759831,192.01100006103516,189.80149993896484,184.16699981689453,174.14330009460454,191.40762472302947,188.75707466029223,2.6505500627372385,2.4234472465243537,65.3310350588656,95.58155719794257,95.4007372619939,1.6525443294697013,-12.68303575582177,1.9626559977648619,184.39280113934146,195.21019873858822,5.69932145042339,0.1072558063341938,0.0031984520111362617,0.005751952271841371,0.004995221960990482,0.003955128221561228,0.014427114671511716,0.7818314824680298,0.6234898018587336,1.2246467991473532e-16,-1.0
2019-07-17,193.1499938964844,193.4900054931641,192.17999267578125,192.1999969482422,184.4541473388672,16765100.0,-0.0049306673339426,97.36000061035156,97.44000244140624,97.16000366210938,97.22000122070312,97.22000122070312,0.0,2.0920000076293945,2.0969998836517334,2.056999921798706,2.061000108718872,2.061000108718872,0.0,12.619999885559082,13.970000267028809,12.239999771118164,13.970000267028809,13.970000267028809,0.0,-0.0049306673339426016,0.006782360128289318,-0.004918531547797866,192.08699951171877,190.0559997558594,184.29559967041018,174.24565010070808,191.52952814229297,189.0121059408811,2.5174222014118754,2.4422422375018584,61.39002930065053,87.44987473364998,93.10390507962354,0.3969883499497697,-24.50747154948211,1.9160386277375747,184.7018115480792,195.4101879636396,5.634326950644059,0.1096552026127066,-0.005163734635499059,0.0031984520111362617,0.00991570928544662,0.007497606318817409,0.0037478523563956694,0.9749279121818236,-0.22252093395631434,1.2246467991473532e-16,-1.0
2019-07-18,191.2899932861328,192.7899932861328,190.69000244140625,192.4199981689453,184.665283203125,28877000.0,0.001143997686464,97.1999969482422,97.26000213623048,96.66999816894533,96.79000091552734,96.79000091552734,0.0,2.059000015258789,2.078000068664551,2.0350000858306885,2.0380001068115234,2.0380001068115234,0.0,14.449999809265137,14.5,13.1899995803833,13.529999732971191,13.529999732971191,0.0,0.0011439976864640634,0.010978048609084233,0.0011446523014195797,192.18499908447268,190.23449935913084,184.44859954833987,174.35975006103521,191.6665235310087,189.26454240221918,2.401981128789515,2.43419001575939,61.9622842051639,77.44823011664555,86.82655401607936,0.5119074984545136,-30.464802344759477,1.9291780718082168,184.81199945748708,195.6569992607746,5.700858592853855,0.10570748318930616,-0.0049306673339426016,-0.005163734635499059,-0.0007271225485458838,0.0,0.009256659476947832,0.43388373911755823,-0.900968867902419,1.2246467991473532e-16,-1.0
2019-07-19,193.7400054931641,193.8300018310547,190.8099975585937,191.009994506836,183.3121032714844,29387900.0,-0.0073547238556104,96.81999969482422,97.29000091552734,96.76000213623048,97.1500015258789,97.1500015258789,0.0,2.046999931335449,2.063999891281128,2.0380001068115234,2.0480000972747803,2.0480000972747803,0.0,13.3100004196167,14.449999809265137,13.09000015258789,14.449999809265137,14.449999809265137,0.0,-0.007354723855610494,0.015587922921616475,-0.007327744057621044,192.18099822998047,190.35649871826172,184.56879943847656,174.44319999694827,191.56551906575135,189.39383515070932,2.171683915042024,2.3816887956159167,56.211884536728085,62.542316465344584,75.81347377188003,-0.020941399781595055,-57.40077670972467,2.0070942289977007,184.98209874219458,195.73089869432886,5.646668238021705,0.10955571866342344,0.0011439976864640634,-0.0049306673339426016,0.005751952271841371,-0.0020393541594262102,-0.001483952286306797,-0.433883739117558,-0.9009688679024191,1.2246467991473532e-16,-1.0
2019-07-22,191.44000244140625,192.94000244140625,191.44000244140625,192.52999877929688,184.77084350585932,18954900.0,0.0079261910077131,97.1500015258789,97.3000030517578,97.12999725341795,97.26000213623048,97.26000213623048,0.0,2.049999952316284,2.049999952316284,2.0269999504089355,2.0429999828338623,2.0429999828338623,0.0,14.550000190734863,14.699999809265137,13.420000076293944,13.529999732971191,13.529999732971191,0.0,0.007926191007712925,0.007835353013323863,0.007957686417543908,192.46299743652344,190.57499847412112,184.8477993774414,174.54479995727542,191.71390056014297,189.62614356764172,2.087756992501255,2.3229024349929848,60.47078997696606,60.72350071399306,66.90468243199439,1.486475128158622,-29.96391880353666,2.001588065110026,185.2213081412666,195.92868880697563,5.618460318215885,0.11241280337235295,-0.007354723855610494,0.0011439976864640634,0.0031984520111362617,-0.0070384100173850545,3.219508497965473e-05,0.0,1.0,1.2246467991473532e-16,-1.0
2019-07-23,193.5800018310547,193.8099975585937,192.2899932861328,193.7899932861328,185.9800262451172,23786700.0,0.0065229086446103,97.3000030517578,97.73999786376952,97.3000030517578,97.70999908447266,97.70999908447266,0.0,2.0480000972747803,2.075999975204468,2.0429999828338623,2.0739998817443848,2.0739998817443848,0.0,13.420000076293944,13.520000457763672,12.550000190734863,12.609999656677246,12.609999656677246,0.0,0.006522908644610309,0.007852072828201807,0.006544229145219571,192.7759963989258,191.0179985046387,185.1127993774414,174.62764991760258,192.0332994410645,189.93457688012256,2.0987225609419227,2.2780664601827727,63.62876250199213,68.47164458644356,63.912487255260395,1.6416603188419694,-7.2203707274079765,1.9671892227779446,186.19067230797603,195.8453247013014,5.054315545605986,0.09011892068082984,0.007926191007712925,-0.007354723855610494,-0.005163734635499059,0.004995221960990482,-0.01731577401028834,0.7818314824680298,0.6234898018587336,1.2246467991473532e-16,-1.0
2019-07-24,193.0500030517578,195.16000366210932,193.02999877929688,195.1499938964844,187.2852478027344,20422900.0,0.0069935617814846,97.72000122070312,97.80999755859376,97.5500030517578,97.7300033569336,97.7300033569336,0.0,2.052000045776367,2.059999942779541,2.0380001068115234,2.049999952316284,2.049999952316284,0.0,12.800000190734863,13.100000381469728,11.979999542236328,12.06999969482422,12.06999969482422,0.0,0.006993561781484682,0.011033436151986886,0.00701807384356945,193.03499603271487,191.4859985351563,185.3539993286133,174.71694992065434,192.51279089574447,190.32090406651974,2.191886829224728,2.2608305339911636,66.71932462632384,87.55398361969367,72.24970964004342,1.3450334289200463,-0.15375960997431326,1.978818912780409,186.98920462990588,195.98279244040674,4.6967339018521805,0.09129527876448286,0.006522908644610309,0.007926191007712925,-0.0049306673339426016,0.00991570928544662,0.004639753045261929,0.9749279121818236,-0.22252093395631434,1.2246467991473532e-16,-1.0
2019-07-25,194.4900054931641,194.5200042724609,192.92999267578125,193.3000030517578,185.5098114013672,23434700.0,-0.0095250716491296,97.69000244140624,97.91999816894533,97.5,97.81999969482422,97.81999969482422,0.0,2.0169999599456787,2.0999999046325684,2.01200008392334,2.0739998817443848,2.0739998817443848,0.0,12.239999771118164,13.539999961853027,11.6899995803833,12.739999771118164,12.739999771118164,0.0,-0.00952507164912965,0.008175286913319278,-0.009479851842026932,193.1229965209961,191.82599868774417,185.52139953613283,174.8175499725342,192.63390045820805,190.54157806542625,2.0923223927817958,2.2271289057492902,59.33356751841338,88.01815819180841,81.34792879931521,0.4573354595086594,-28.571395087192453,1.9960462204891765,187.92812025823397,195.72387711725437,4.063973034077822,0.10048270902355319,0.006993561781484682,0.006522908644610309,0.0011439976864640634,-0.0007271225485458838,0.0038145485531744763,0.43388373911755823,-0.900968867902419,1.2246467991473532e-16,-1.0
2019-07-26,194.52999877929688,195.5500030517578,194.42999267578125,195.2899932861328,187.41961669921875,20431200.0,0.0102422702498074,97.79000091552734,98.08999633789062,97.76000213623048,98.01000213623048,98.01000213623048,0.0,2.069000005722046,2.0999999046325684,2.062999963760376,2.0810000896453857,2.0810000896453857,0.0,12.579999923706056,12.720000267028809,12.010000228881836,12.15999984741211,12.15999984741211,0.0,0.010242270249807447,0.005757520089470957,0.010294901835243175,193.29899597167972,192.25349807739258,185.7663995361328,174.92889991760256,193.04253012404263,190.89331252621932,2.1492175978233092,2.2115466441640943,63.95573429415966,89.16886427663917,88.24700202938041,0.9094168955393055,-3.7682524729157008,2.014185776168521,188.86168954156122,195.64530661322394,3.528475236862499,0.10482174383738684,-0.00952507164912965,0.006993561781484682,-0.007354723855610494,0.005751952271841371,0.0012858858376424995,-0.433883739117558,-0.9009688679024191,1.2246467991473532e-16,-1.0
2019-07-29,195.1100006103516,195.17999267578125,193.38999938964844,194.6199951171875,186.776611328125,20451700.0,-0.0034367316173552,97.98999786376952,98.16999816894533,97.9000015258789,98.04000091552734,98.04000091552734,0.0,2.058000087738037,2.066999912261963,2.0480000972747803,2.055000066757202,2.055000066757202,0.0,12.149999618530272,13.170000076293944,12.149999618530272,12.829999923706056,12.829999923706056,0.0,-0.0034367316173552678,0.00917427748722914,-0.0034308328147191203,193.34599609375002,192.5214981079102,186.0597994995117,175.03244987487795,193.28521704606493,191.16936308851325,2.1158539575516784,2.192408106841611,61.4243534778634,82.84146303707189,86.67616183517315,0.2420815016629301,-19.135963328676166,2.0060292133339392,189.2819887650089,195.7610074508115,3.3653481556491145,0.09784196058192562,0.010242270249807447,-0.00952507164912965,0.007926191007712925,0.0031984520111362617,0.013404372762023315,0.0,1.0,1.2246467991473532e-16,-1.0
2019-07-30,193.1300048828125,194.5399932861328,192.9900054931641,193.77999877929688,185.97048950195312,18705000.0,-0.0043253083988576,98.06999969482422,98.20999908447266,98.0199966430664,98.0500030517578,98.0500030517578,0.0,2.055000066757202,2.075000047683716,2.04099988937378,2.061000108718872,2.061000108718872,0.0,12.869999885559082,14.18000030517578,12.869999885559082,13.9399995803833,13.9399995803833,0.0,-0.004325308398857602,0.00802561877378517,-0.0043159677244368755,193.40899658203125,192.70999832153325,186.29879943847658,175.13499984741213,193.361337312716,191.36274351005278,1.9985938026632084,2.1536452460059308,58.30835494811092,80.22531592503935,84.07854774625014,0.32617390769896293,-36.41983642329005,1.9791692426689016,189.65216882957432,195.76782781349218,3.173503729533526,0.09937275238085394,-0.0034367316173552678,0.010242270249807447,0.006522908644610309,-0.005163734635499059,0.003955128221561228,0.7818314824680298,0.6234898018587336,1.2246467991473532e-16,-1.0
2019-07-31,194.3000030517578,194.42999267578125,189.32000732421875,191.1000061035156,183.3984832763672,41627500.0,-0.0139267127764912,98.02999877929688,98.68000030517578,98.01000213623048,98.5199966430664,98.5199966430664,0.0,2.0510001182556152,2.072000026702881,2.009000062942505,2.0209999084472656,2.0209999084472656,0.0,13.829999923706056,16.549999237060547,13.460000038146973,16.1200008392334,16.1200008392334,0.0,-0.01392671277649127,0.02629946099486832,-0.0138301847377722,193.29899749755862,192.6929985046387,186.50039947509768,175.26379989624027,193.01344020360824,191.34328147993892,1.6701587236693172,2.056947941538608,49.65371007741625,57.67187627315396,73.5795517450884,-0.5723157451572743,-71.42857142857189,2.20279896473273,189.60184197639325,195.78415503288414,3.2083745151446545,0.10934203692118473,-0.004325308398857602,-0.0034367316173552678,0.006993561781484682,-0.0049306673339426016,0.007497606318817409,0.9749279121818236,-0.22252093395631434,1.2246467991473532e-16,-1.0
2019-08-01,191.42999267578125,194.97999572753903,189.22999572753903,190.1499938964844,182.4867401123047,63251600.0,-0.0049837762934283,98.58999633789062,98.93000030517578,98.2699966430664,98.38999938964844,98.38999938964844,0.0,2.0280001163482666,2.0280001163482666,1.878000020980835,1.8940000534057613,1.8940000534057613,0.0,15.40999984741211,19.459999084472656,13.729999542236328,17.8700008392334,17.8700008392334,0.0,-0.004983776293428302,0.03003709042468903,-0.004971377885871431,193.0719970703125,192.6284980773926,186.73839935302735,175.3592498779297,192.57291000251226,191.25488980709042,1.3180201954218376,1.909162392315254,46.99106074759508,35.56950277704275,57.82223165841202,-1.179713280356566,-85.4430838170098,2.456170467251821,189.37755170698998,195.87944444779524,3.3753534942648966,0.11071084096498182,-0.01392671277649127,-0.004325308398857602,-0.00952507164912965,0.0011439976864640634,0.0,0.43388373911755823,-0.900968867902419,-0.4999999999999997,-0.8660254037844388
2019-08-02,188.72000122070312,188.9900054931641,186.2100067138672,187.3500061035156,179.79962158203125,55214000.0,-0.0148344960892811,98.41000366210938,98.4499969482422,98.0500030517578,98.0999984741211,98.0999984741211,0.0,1.866000056266785,1.906999945640564,1.8420000076293943,1.8550000190734863,1.8550000190734863,0.0,17.690000534057617,20.11000061035156,17.040000915527344,17.610000610351562,17.610000610351562,0.0,-0.01483449608928118,0.014730811579668057,-0.014725007025824133,192.70599822998048,192.4434982299805,186.92219940185547,175.46269989013672,191.76938632574354,190.9656391623812,0.8037471633623454,1.6880793465246726,40.15624245643172,18.44463681903014,37.22867195640895,-1.9161240294101007,-87.7944342973279,2.5621573754922062,188.47288431637554,196.41411214358544,4.126524356629445,0.12205383186725628,-0.004983776293428302,-0.01392671277649127,0.010242270249807447,-0.007354723855610494,-0.0020393541594262102,-0.433883739117558,-0.9009688679024191,-0.4999999999999997,-0.8660254037844388
2019-08-05,183.42999267578125,183.509994506836,179.1999969482422,180.72999572753903,173.44639587402344,75040000.0,-0.0359744232234555,98.11000061035156,98.13999938964844,97.41999816894533,97.5,97.5,0.0,1.7619999647140503,1.7869999408721924,1.7289999723434448,1.7350000143051147,1.7350000143051147,0.0,19.959999084472656,24.809999465942383,19.90999984741211,24.59000015258789,24.59000015258789,0.0,-0.03597442322345555,0.023496689367544565,-0.035335033812121996,191.5259979248047,191.9944976806641,186.97359924316407,175.55019989013672,190.07101854140438,190.2074433523929,-0.13642481098850112,1.3231785150220379,29.303884068868445,12.040089697142976,22.018076431071954,-6.128916598230778,-90.64221279423337,2.961289645476578,185.4960838550547,198.4929115062735,6.7693750645061845,0.17349042111073676,-0.01483449608928118,-0.004983776293428302,-0.0034367316173552678,0.007926191007712925,-0.0070384100173850545,0.0,1.0,-0.4999999999999997,-0.8660254037844388
2019-08-06,182.3999938964844,183.8000030517578,181.07000732421875,183.259994506836,175.8744354248047,41897200.0,0.0139017111846058,97.25,97.7699966430664,97.20999908447266,97.62999725341795,97.62999725341795,0.0,1.753000020980835,1.7719999551773071,1.7309999465942385,1.7389999628067017,1.7389999628067017,0.0,22.290000915527344,22.8700008392334,19.770000457763672,20.170000076293945,20.170000076293945,0.0,0.0139017111846058,0.014967082340410543,0.013998789300555758,190.472998046875,191.62449722290043,187.08899902343754,175.63689987182616,189.02316868993233,189.69281751198127,-0.6696488220489414,0.924613047607842,36.38023621351513,15.465044329280248,15.316590281817788,-5.433716468398434,-75.16821992059799,2.9690551939581638,184.0522177174622,199.19677672833865,7.903247878197985,0.18124959067887397,-0.03597442322345555,-0.01483449608928118,-0.004325308398857602,0.006522908644610309,0.004995221960990482,0.7818314824680298,0.6234898018587336,-0.4999999999999997,-0.8660254037844388
2019-08-07,181.2700042724609,184.509994506836,179.88999938964844,184.25,176.82456970214844,49990600.0,0.005387804115919,97.55999755859376,97.8499984741211,97.30999755859376,97.54000091552734,97.54000091552734,0.0,1.6299999952316284,1.684999942779541,1.5950000286102295,1.684000015258789,1.684000015258789,0.0,20.700000762939453,23.670000076293945,18.940000534057617,19.489999771118164,19.489999771118164,0.0,0.0053878041159190196,0.025486815293739366,0.005402344434248363,189.38299865722658,191.20899734497073,187.2533990478516,175.70904983520506,188.28883504532735,189.2896458444271,-1.000810799099753,0.5395282782663231,38.95516249947468,21.69214152436029,16.399091850261172,-5.585444139068848,-69.11314271208775,3.0869794741888343,182.97022539053657,199.44776929940488,8.61755677696498,0.17799169889830455,0.0139017111846058,-0.03597442322345555,-0.01392671277649127,0.006993561781484682,0.00991570928544662,0.9749279121818236,-0.22252093395631434,-0.4999999999999997,-0.8660254037844388
2019-08-08,185.0800018310547,188.32000732421875,184.57000732421875,188.259994506836,180.6729278564453,38418100.0,0.0215302587512012,97.5999984741211,97.73999786376952,97.43000030517578,97.62000274658205,97.62000274658205,0.0,1.718999981880188,1.7929999828338623,1.7050000429153442,1.715999960899353,1.715999960899353,0.0,19.36000061035156,19.88999938964844,16.81999969482422,16.90999984741211,16.90999984741211,0.0,0.021530258751201268,0.02026150833639545,0.021763707163428903,188.87899780273443,191.00099716186526,187.4831988525391,175.7900498199463,188.2843980394056,189.21337537497593,-0.9289773355703232,0.24582715549899384,48.11531653476527,37.043815262018896,24.733667038553143,-2.6073504735394706,-44.58719158125757,3.1571957491909712,182.68130221582842,199.3206921079021,8.711676975158662,0.19696682680081687,0.0053878041159190196,0.0139017111846058,-0.004983776293428302,-0.00952507164912965,-0.0007271225485458838,0.43388373911755823,-0.900968867902419,-0.4999999999999997,-0.8660254037844388
2019-08-09,187.3600006103516,188.0,185.02999877929688,186.4900054931641,178.9742889404297,33608900.0,-0.0094462098833748,97.56999969482422,97.63999938964844,97.36000061035156,97.48999786376952,97.48999786376952,0.0,1.715999960899353,1.7339999675750732,1.6799999475479126,1.7339999675750732,1.7339999675750732,0.0,18.13999938964844,19.440000534057617,17.309999465942383,17.969999313354492,17.969999313354492,0.0,-0.009446209883374832,0.01585184250121652,-0.009401734593935895,187.99899902343753,190.64899749755858,187.7339990234375,175.87559982299805,188.00833764767614,189.0116442726195,-1.0033066249433489,-0.003999600589474711,44.9118082450088,43.62895242930425,34.12163640522781,-4.50611300911627,-55.412808418741896,3.1623957476444104,182.18536122095614,199.11263377416103,8.878762949394295,0.1973495620986922,0.021530258751201268,0.0053878041159190196,-0.01483449608928118,0.010242270249807447,0.005751952271841371,-0.433883739117558,-0.9009688679024191,-0.4999999999999997,-0.8660254037844388
2019-08-12,185.33999633789065,185.8999938964844,183.5,184.3500061035156,176.92054748535156,24642900.0,-0.0115414107880626,97.54000091552734,97.73999786376952,97.31999969482422,97.37999725341795,97.37999725341795,0.0,1.690000057220459,1.6970000267028809,1.628000020980835,1.6390000581741333,1.6390000581741333,0.0,17.8700008392334,21.26000022888184,17.770000457763672,21.09000015258789,21.09000015258789,0.0,-0.011541410788062607,0.012949141814533164,-0.011475064196297513,186.9720001220703,190.15899810791015,188.01859924316406,175.95254981994626,187.44551741011298,188.66633774157475,-1.2208203314617663,-0.24736374676393302,41.328987858716694,43.832838395018754,41.5018686954473,-5.27694444113411,-68.50148481494426,3.1500821580386735,181.41858092989523,198.89941528592507,9.192746349089376,0.19927213891477583,-0.009446209883374832,0.021530258751201268,-0.03597442322345555,-0.0034367316173552678,0.0031984520111362617,0.0,1.0,-0.4999999999999997,-0.8660254037844388
2019-08-13,184.19000244140625,189.67999267578125,184.0200042724609,188.38999938964844,180.79769897460932,40241900.0,0.021677973435164,97.4800033569336,97.8499984741211,97.31999969482422,97.80999755859376,97.80999755859376,0.0,1.6449999809265137,1.7170000076293943,1.6349999904632568,1.6799999475479126,1.6799999475479126,0.0,21.280000686645508,21.63999938964844,17.520000457763672,17.520000457763672,17.520000457763672,0.0,0.021677973435163787,0.03072907502197831,0.021914647814317734,186.43300018310546,189.92099838256834,188.28819915771484,176.0432997894287,187.59082233004153,188.64586823402465,-1.055045903983114,-0.40890017820776925,49.516721794528436,44.097883928721416,43.85322491768147,-2.7815045018073845,-43.79205498014959,3.3293611755587924,181.2646814024064,198.57731536273027,9.115702901608632,0.21669027826286028,-0.011541410788062607,-0.009446209883374832,0.0139017111846058,-0.004325308398857602,-0.005163734635499059,0.7818314824680298,0.6234898018587336,-0.4999999999999997,-0.8660254037844388
2019-08-14,185.3600006103516,185.9499969482422,182.4199981689453,182.759994506836,175.39462280273438,51000500.0,-0.0303402982674906,97.8000030517578,98.0500030517578,97.66999816894533,97.98999786376952,97.98999786376952,0.0,1.60099995136261,1.618000030517578,1.5809999704360962,1.5809999704360962,1.5809999704360962,0.0,17.809999465942383,22.709999084472656,17.75,22.100000381469727,22.100000381469727,0.0,-0.030340298267490465,0.019044015794525946,-0.0298846512014167,185.59899902343747,189.44899826049806,188.4191989135742,176.0791997528076,186.84761804954837,188.20987758756624,-1.3622595380178666,-0.5995720501697888,40.941967865941436,36.49337915012471,41.47470049128829,-4.364213150344936,-78.22632275453203,3.5179783216405305,180.30043930430287,198.59755721669325,9.658070552176417,0.23994229514860466,0.021677973435163787,-0.011541410788062607,0.0053878041159190196,-0.01392671277649127,-0.0049306673339426016,0.9749279121818236,-0.22252093395631434,-0.4999999999999997,-0.8660254037844388
2019-08-15,183.0,183.58999633789065,181.16000366210932,182.5500030517578,175.19305419921875,36685000.0,-0.0011498899644711,97.9499969482422,98.23999786376952,97.81999969482422,98.13999938964844,98.13999938964844,0.0,1.5570000410079956,1.593999981880188,1.475000023841858,1.5290000438690186,1.5290000438690186,0.0,21.57999992370605,24.100000381469727,20.780000686645508,21.18000030517578,21.18000030517578,0.0,-0.0011498899644711792,0.01327864850153735,-0.0011492290943395655,184.83899993896483,188.95549850463865,188.51799896240234,176.11964973449705,186.18644651142674,187.79062762195082,-1.604181110524081,-0.8004938622406472,40.65915079542986,32.981790231917955,37.85768443692136,-3.9968399098997307,-79.03625156956453,3.4402650612220165,179.42488217305038,198.48611483622693,10.08768350962204,0.23961588215286986,-0.030340298267490465,0.021677973435163787,0.021530258751201268,-0.004983776293428302,0.0011439976864640634,0.43388373911755823,-0.900968867902419,-0.4999999999999997,-0.8660254037844388
2019-08-16,184.2100067138672,185.9499969482422,184.1000061035156,185.47999572753903,178.0049591064453,32781400.0,0.0159228773177876,98.12999725341795,98.33999633789062,98.11000061035156,98.13999938964844,98.13999938964844,0.0,1.5369999408721924,1.593000054359436,1.531999945640564,1.5390000343322754,1.5390000343322754,0.0,20.479999542236328,20.5,18.40999984741211,18.46999931335449,18.46999931335449,0.0,0.015922877317787645,0.010042835770589682,0.01605032185824573,184.6519989013672,188.67899856567385,188.6067990112305,176.18944969177247,186.077761775444,187.61946970384625,-1.5417079284022464,-0.9487366754729671,46.23936524533007,27.511544226362844,32.32890453613517,-0.9981373445717076,-60.2027929968149,3.437388549455042,179.07873324269198,198.27926388865572,10.17629454890316,0.24764371492685047,-0.0011498899644711792,-0.030340298267490465,-0.009446209883374832,-0.01483449608928118,-0.007354723855610494,-0.433883739117558,-0.9009688679024191,-0.4999999999999997,-0.8660254037844388
2019-08-19,188.16000366210932,188.8300018310547,187.5,188.42999267578125,180.8360748291016,22494100.0,0.0157795469242826,98.16999816894533,98.38999938964844,98.12999725341795,98.3499984741211,98.3499984741211,0.0,1.5959999561309814,1.618000030517578,1.5839999914169312,1.5980000495910645,1.5980000495910645,0.0,17.93000030517578,18.21999931335449,16.520000457763672,16.8799991607666,16.8799991607666,0.0,0.015779546924282666,0.0070684619747513125,0.015904701401960875,185.42199859619143,188.47399826049806,188.71239898681642,176.29994964599612,186.43964345241898,187.67950844250808,-1.239864990089103,-1.0069623383961943,51.21369710372949,39.750898202312825,33.414744220197875,4.26049749918127,-41.50826082668209,3.4311469461736572,179.04642954366096,197.90156697733516,10.004105397930648,0.2531041605445194,0.015922877317787645,-0.0011498899644711792,-0.011541410788062607,-0.03597442322345555,0.007926191007712925,0.0,1.0,-0.4999999999999997,-0.8660254037844388
2019-08-20,187.9600067138672,188.63999938964844,186.9199981689453,186.97000122070312,179.43496704101562,19902900.0,-0.0077781153023933,98.36000061035156,98.4499969482422,98.12000274658205,98.19000244140624,98.19000244140624,0.0,1.5789999961853027,1.5789999961853027,1.5399999618530271,1.5609999895095823,1.5609999895095823,0.0,16.780000686645508,17.700000762939453,16.450000762939453,17.5,17.5,0.0,-0.007778115302393343,0.009150889334248081,-0.007747944039429466,185.79299926757812,188.13299865722658,188.78379913330082,176.40244964599611,186.52123695523193,187.62695235200403,-1.1057153967720978,-1.0267129500713752,48.806765097520476,49.17617359565305,38.812872008109565,2.0244498663502575,-50.76042538954386,3.3089222514971905,179.0271637902131,197.23883352424005,9.680210204488437,0.25249927510818077,0.015779546924282666,0.015922877317787645,0.021677973435163787,0.0139017111846058,0.006522908644610309,0.7818314824680298,0.6234898018587336,-0.4999999999999997,-0.8660254037844388
2019-08-21,188.6100006103516,189.22999572753903,187.9600067138672,188.6300048828125,181.02804565429688,20418500.0,0.0088391259543917,98.16999816894533,98.33000183105467,97.9499969482422,98.3000030517578,98.3000030517578,0.0,1.5859999656677246,1.593000054359436,1.5470000505447388,1.5770000219345093,1.5770000219345093,0.0,17.010000228881836,17.040000915527344,15.510000228881836,15.800000190734863,15.800000190734863,0.0,0.008839125954391762,0.006733412913218267,0.008878306383376833,186.2309997558594,187.80699920654303,188.90959930419922,176.51959968566894,186.84566279024432,187.70125253947134,-0.8555897492270219,-0.9924883099025046,51.5924634720805,65.9041140697014,51.61039528922242,2.3772075347693353,-10.018971574669822,3.233998841164242,179.3126002329303,196.30139818015576,9.045881154057431,0.2534341607007513,-0.007778115302393343,0.015779546924282666,-0.030340298267490465,0.0053878041159190196,0.006993561781484682,0.9749279121818236,-0.22252093395631434,-0.4999999999999997,-0.8660254037844388
2019-08-22,188.97999572753903,189.4600067138672,186.5399932861328,188.0200042724609,180.4426422119141,24243700.0,-0.0032390120351779,98.25,98.38999938964844,98.08000183105467,98.16999816894533,98.16999816894533,0.0,1.621999979019165,1.6230000257492063,1.5720000267028809,1.6100000143051147,1.6100000143051147,0.0,16.1200008392334,17.68000030517578,15.630000114440918,16.68000030517578,16.68000030517578,0.0,-0.0032390120351779707,0.015451441918457284,-0.0032337720946328252,186.20700073242188,187.54299926757815,189.00159942626954,176.61924972534177,187.02633071058534,187.72486377895206,-0.6985330683667144,-0.9336972615953466,50.504884489584434,74.46033752573075,63.180208397028395,-0.12747808423332918,-15.839590458594044,3.2115713116335374,179.44863831048133,195.63736022467498,8.6320054480393,0.2518368484301836,0.008839125954391762,-0.007778115302393343,-0.0011498899644711792,0.021530258751201268,-0.00952507164912965,0.43388373911755823,-0.900968867902419,-0.4999999999999997,-0.8660254037844388
2019-08-23,186.7400054931641,188.4499969482422,181.5599975585937,182.07000732421875,174.73243713378906,55372400.0,-0.0321570823414322,98.19000244140624,98.4499969482422,97.58999633789062,97.63999938964844,97.63999938964844,0.0,1.6109999418258667,1.621999979019165,1.50600004196167,1.527999997138977,1.527999997138977,0.0,16.149999618530273,21.06999969482422,16.040000915527344,19.8700008392334,19.8700008392334,0.0,-0.032157082341432205,0.03689621498860197,-0.03164554125415042,185.76500091552734,186.88199996948242,188.99019958496095,176.69209976196288,186.26381942037509,187.30598552304588,-1.042166102670791,-0.9553910298104356,41.34882043034413,65.46971810193627,68.6113898991228,-2.3700992218091597,-77.73228366092735,3.4743161743488913,179.30901405013097,194.45498588883387,8.104564292535516,0.27017771783092387,-0.0032390120351779707,0.008839125954391762,0.015922877317787645,-0.009446209883374832,0.010242270249807447,-0.433883739117558,-0.9009688679024191,-0.4999999999999997,-0.8660254037844388
2019-08-26,184.13999938964844,184.8699951171875,183.0800018310547,184.82000732421875,177.37156677246094,27598900.0,0.0149909062828471,97.58999633789062,98.08999633789062,97.4800033569336,98.08000183105467,98.08000183105467,0.0,1.5169999599456787,1.5490000247955322,1.5080000162124634,1.5449999570846558,1.5449999570846558,0.0,20.34000015258789,21.32999992370605,19.059999465942383,19.31999969482422,19.31999969482422,0.0,0.014990906282847162,0.009720828131128137,0.015103833506603825,185.81200103759767,186.39200057983396,189.011799621582,176.80589981079098,186.04169448250488,187.12183898979941,-1.0801445072945342,-0.9803417253072554,46.203187558561396,52.26191637457647,64.06399066741449,0.2549504774300034,-49.64237675674917,3.426149861393167,179.71152933162983,193.0724718280381,7.16819523093514,0.27804299710726804,-0.032157082341432205,-0.0032390120351779707,0.015779546924282666,-0.011541410788062607,-0.0034367316173552678,0.0,1.0,-0.4999999999999997,-0.8660254037844388
2019-08-27,186.1100006103516,186.4199981689453,183.7100067138672,184.42999267578125,176.9972686767578,28012800.0,-0.0021124782850768,98.0500030517578,98.0500030517578,97.86000061035156,98.0,98.0,0.0,1.5130000114440918,1.5219999551773071,1.4709999561309814,1.4900000095367432,1.4900000095367432,0.0,20.18000030517578,21.040000915527344,18.489999771118164,20.309999465942383,20.309999465942383,0.0,-0.0021124782850768793,0.01456123500183038,-0.0021102485731734344,185.41600036621097,185.9245002746582,188.97219940185545,176.93224975585937,185.79374035839356,186.92244296653882,-1.128702608145261,-1.0100139018748566,45.62641430154757,37.001847271755956,51.577827249422896,-2.102025970962862,-61.61979776705561,3.374995689513521,180.17751693088945,191.67148361842692,6.182061358539584,0.2779700601958472,0.014990906282847162,-0.032157082341432205,-0.007778115302393343,0.021677973435163787,-0.004325308398857602,0.7818314824680298,0.6234898018587336,-0.4999999999999997,-0.8660254037844388
2019-08-28,183.8300018310547,185.3999938964844,182.91000366210932,185.08999633789065,177.63067626953125,21792400.0,0.0035722411353708,98.01000213623048,98.26000213623048,98.0,98.20999908447266,98.20999908447266,0.0,1.4579999446868896,1.4809999465942385,1.4459999799728394,1.465999960899353,1.465999960899353,0.0,20.549999237060547,21.63999938964844,19.100000381469727,19.350000381469727,19.350000381469727,0.0,0.0035722411353708234,0.013545069953616502,0.003578629193031313,185.64900054931644,185.62399978637697,188.93179931640626,177.05584976196283,185.68547204754697,186.78670617923157,-1.1012341316846062,-1.0282579478368066,46.83590276512174,44.954853184614635,44.73953894364902,1.2748970787299445,-53.87326592235131,3.31178101414649,180.41294556944283,190.83505400331111,5.614634123746089,0.27533412548702174,-0.0021124782850768793,0.014990906282847162,0.008839125954391762,-0.030340298267490465,-0.01392671277649127,0.9749279121818236,-0.22252093395631434,-0.4999999999999997,-0.8660254037844388
2019-08-29,187.38999938964844,188.4600067138672,186.67999267578125,187.9199981689453,180.3466033935547,25358900.0,0.01517403137154,98.19000244140624,98.5500030517578,98.16000366210938,98.51000213623048,98.51000213623048,0.0,1.496000051498413,1.534999966621399,1.4780000448226929,1.5160000324249268,1.5160000324249268,0.0,19.020000457763672,19.200000762939453,17.600000381469727,17.8799991607666,17.8799991607666,0.0,0.015174031371540003,0.009498980969548296,0.01528974150783724,186.18600006103517,185.5125,188.91319915771487,177.19359977722164,186.02924529699285,186.87065373402515,-0.8414084370322996,-0.9908880456759053,51.78804958846117,54.61656571734949,45.52442205790669,2.941657095269926,-20.657239158544616,3.3159402542772076,180.62373736272957,190.4012626372704,5.270547954742045,0.281279527512402,0.0035722411353708234,-0.0021124782850768793,-0.0032390120351779707,-0.0011498899644711792,-0.004983776293428302,0.43388373911755823,-0.900968867902419,-0.4999999999999997,-0.8660254037844388
2019-08-30,188.92999267578125,188.97000122070312,186.41000366210932,187.47000122070312,179.91477966308594,26319800.0,-0.0023972812939925,98.43000030517578,99.0199966430664,98.41000366210938,98.91999816894533,98.91999816894533,0.0,1.524999976158142,1.531999945640564,1.5010000467300415,1.50600004196167,1.50600004196167,0.0,17.940000534057617,19.18000030517578,17.09000015258789,18.979999542236328,18.979999542236328,0.0,-0.0023972812939925064,0.013549979663562282,-0.002394410109994749,186.3850006103516,185.51849975585938,188.89119903564455,177.33489974975583,186.25090005448675,186.91504984414945,-0.6641497896627016,-0.9255403944732645,50.97495797706562,66.51019820929913,55.36053903708775,1.0728949423135155,-25.938900291206668,3.2619443474426792,180.619957265987,190.41704224573175,5.280920766736261,0.276347051851929,0.015174031371540003,0.0035722411353708234,-0.032157082341432205,0.015922877317787645,-0.01483449608928118,-0.433883739117558,-0.9009688679024191,-0.4999999999999997,-0.8660254037844388
2019-09-02,188.92999267578125,188.97000122070312,186.41000366210932,187.47000122070312,179.91477966308594,26319800.0,0.0,98.43000030517578,99.0199966430664,98.41000366210938,98.91999816894533,98.91999816894533,0.0,1.524999976158142,1.531999945640564,1.5010000467300415,1.50600004196167,1.50600004196167,0.0,17.940000534057617,19.18000030517578,17.09000015258789,18.979999542236328,18.979999542236328,0.0,0.0,0.013549979663562282,0.0,186.28900146484378,185.85550003051756,188.87739898681642,177.4577997589111,186.43845408005848,186.95615735352382,-0.5177032734653437,-0.8439729702716804,50.974957977065614,76.47596652287092,65.8675768165065,-0.5094684988551251,-23.97596098163598,3.2118052910963315,181.4405286965267,190.2704713645084,4.750971946771452,0.24148348734970018,-0.0023972812939925064,0.015174031371540003,0.014990906282847162,0.015779546924282666,-0.03597442322345555,0.0,1.0,-0.8660254037844384,-0.5000000000000004
2019-09-03,186.22000122070312,187.17999267578125,185.02999877929688,185.6499938964844,178.16812133789062,27964200.0,-0.0097556860338381,99.08000183105467,99.37000274658205,98.91999816894533,98.9499969482422,98.9499969482422,0.0,1.4830000400543213,1.5110000371932983,1.4290000200271606,1.465999960899353,1.465999960899353,0.0,20.959999084472656,21.14999961853028,19.40999984741211,19.65999984741211,19.65999984741211,0.0,-0.009755686033838156,0.011545450984807254,-0.00970825369914663,186.15700073242192,185.975,188.8917990112305,177.5688497161865,186.31715251335478,186.85940450485424,-0.5422519914994552,-0.7836287745172354,47.47841349405513,68.06046224033189,70.34887565750064,-0.7059995269832398,-45.90375200616169,3.1566765161184684,181.72970922393554,190.22029077606445,4.565442426201856,0.24039776136888902,0.0,-0.0023972812939925064,-0.0021124782850768793,-0.007778115302393343,0.0139017111846058,0.7818314824680298,0.6234898018587336,-0.8660254037844384,-0.5000000000000004
2019-09-04,187.44000244140625,188.4900054931641,186.8999938964844,188.3300018310547,180.74012756347656,21592100.0,0.0143326338288947,98.95999908447266,98.97000122070312,98.38999938964844,98.4499969482422,98.4499969482422,0.0,1.493000030517578,1.4989999532699585,1.4509999752044678,1.4589999914169312,1.4589999914169312,0.0,18.229999542236328,18.82999992370605,17.260000228881836,17.329999923706055,17.329999923706055,0.0,0.014332633828894728,0.008482776226898124,0.014435838500582276,186.12700042724612,186.17900009155272,188.94259918212893,177.66699974060057,186.62682163915477,186.96833764012834,-0.34151600097357004,-0.6952062198085024,52.63098644748789,71.93881477091732,72.15841451137337,-0.1590431235710306,-14.303842699450387,3.1340575933014128,181.89082950135412,190.46717068175133,4.606502976264686,0.24479352677792976,-0.009755686033838156,0.0,0.0035722411353708234,0.008839125954391762,0.0053878041159190196,0.9749279121818236,-0.22252093395631434,-0.8660254037844384,-0.5000000000000004
2019-09-05,190.41000366210932,192.3300018310547,190.33999633789065,191.77999877929688,184.05111694335932,33932600.0,0.0181532882438746,98.4000015258789,98.54000091552734,98.08999633789062,98.41000366210938,98.41000366210938,0.0,1.5199999809265137,1.590999960899353,1.5180000066757202,1.565000057220459,1.565000057220459,0.0,16.920000076293945,17.049999237060547,15.449999809265137,16.270000457763672,16.270000457763672,0.0,0.01815328824387441,0.010451160416421102,0.018319060767066908,186.50299987792974,186.35500030517576,189.04819915771486,177.78514976501464,187.41961812225355,187.32475698377047,0.09486113848308264,-0.5371927481501854,58.302093884457214,78.22853363241718,72.74260354788879,1.9997842896478906,-5.106804397136367,3.195910622351312,181.46105000451556,191.24895060583597,5.252287615192352,0.24132345146376166,0.014332633828894728,-0.009755686033838156,0.015174031371540003,-0.0032390120351779707,0.021530258751201268,0.43388373911755823,-0.900968867902419,-0.8660254037844384,-0.5000000000000004
2019-09-06,192.1000061035156,192.1699981689453,191.1699981689453,191.58999633789065,183.86868286132807,19487800.0,-0.0009917057852272,98.41999816894533,98.5199966430664,98.01000213623048,98.38999938964844,98.38999938964844,0.0,1.6050000190734863,1.6059999465942385,1.5399999618530271,1.5499999523162842,1.5499999523162842,0.0,15.920000076293944,16.059999465942383,14.90999984741211,15.0,15.0,0.0,-0.0009917057852270915,0.005205621906441465,-0.000991214207558433,187.4549987792969,186.6099998474121,189.1451989746094,177.89624977111816,188.0612147708131,187.6407006396312,0.4205141311819034,-0.34565137228376763,57.89102939594412,91.23945561155608,80.4689346716302,5.228751925471893,-6.870986068744978,3.0390598636119326,181.1838929349442,192.03610675988,5.8154513872833595,0.23835150183819667,0.01815328824387441,0.014332633828894728,-0.0023972812939925064,-0.032157082341432205,-0.009446209883374832,-0.433883739117558,-0.9009688679024191,-0.8660254037844384,-0.5000000000000004
2019-09-09,192.19000244140625,192.2700042724609,190.22000122070312,191.19000244140625,183.4848480224609,24407600.0,-0.0020897307159498,98.41999816894533,98.51000213623048,98.13999938964844,98.27999877929688,98.27999877929688,0.0,1.5959999561309814,1.6349999904632568,1.587000012397766,1.621999979019165,1.621999979019165,0.0,15.260000228881836,16.1299991607666,14.949999809265137,15.270000457763672,15.270000457763672,0.0,-0.002089730715949806,0.01066654365844434,-0.0020875487488897226,188.09199829101567,186.95199966430664,189.18379913330082,177.99054977416995,188.5425667201351,187.90361188420712,0.63895483592799,-0.14873013064141613,56.980217329647076,92.47908706101495,87.31569210166273,3.446593910156597,-10.584948351073798,2.9684129484794934,181.26948545769355,192.63451387091973,6.07911572683543,0.23389141289214377,-0.0009917057852270915,0.01815328824387441,0.0,0.014990906282847162,-0.011541410788062607,0.0,1.0,-0.8660254037844384,-0.5000000000000004
2019-09-10,190.16000366210932,190.7400054931641,188.91000366210932,190.63999938964844,182.9570159912109,23744700.0,-0.0028808520430606,98.33000183105467,98.45999908447266,98.26000213623048,98.33000183105467,98.33000183105467,0.0,1.6469999551773071,1.7039999961853027,1.6349999904632568,1.7020000219345093,1.7020000219345093,0.0,15.529999732971191,16.520000457763672,15.109999656677246,15.199999809265137,15.199999809265137,0.0,-0.00288085204306061,0.009623484412139886,-0.0028767063707919593,188.71299896240237,187.06449966430662,189.19639923095707,178.11514976501468,188.86524866929102,188.10630725498055,0.7589414143104705,0.03280417834896121,55.682930512145056,88.95077094399035,90.88977120552046,3.367134934925726,-15.691752748210163,2.9192405078235963,181.1767341087133,192.95226521989994,6.294904234805756,0.22219169019047247,-0.002089730715949806,-0.0009917057852270915,-0.009755686033838156,-0.0021124782850768793,0.021677973435163787,0.7818314824680298,0.6234898018587336,-0.8660254037844384,-0.5000000000000004
2019-09-11,191.0,192.52999877929688,190.5599975585937,192.42999267578125,184.6748809814453,25063600.0,0.0093456389812473,98.33000183105467,98.75,97.86000061035156,98.6500015258789,98.6500015258789,0.0,1.7300000190734863,1.7519999742507937,1.7200000286102295,1.7330000400543213,1.7330000400543213,0.0,15.329999923706056,15.520000457763672,14.550000190734863,14.609999656677246,14.609999656677246,0.0,0.009345638981247385,0.010314142516770585,0.009389445826537335,189.44699859619146,187.5479995727539,189.21619903564454,178.24869972229007,189.41367082413566,188.42658024911393,0.9870905750217389,0.22366145768351678,58.95793635618995,90.9372221118847,90.78902670563,3.965636438012069,-0.9116325650619594,2.8514377016007098,181.56122858199734,193.53477056351045,6.384254702150696,0.19143928889792447,-0.00288085204306061,-0.002089730715949806,0.014332633828894728,0.0035722411353708234,-0.030340298267490465,0.9749279121818236,-0.22252093395631434,-0.8660254037844384,-0.5000000000000004
2019-09-12,193.6100006103516,194.7100067138672,192.97000122070312,193.22999572753903,185.442611694336,28689900.0,0.0041485843235447,98.62999725341795,99.0999984741211,98.19000244140624,98.30999755859376,98.30999755859376,0.0,1.7009999752044678,1.8009999990463257,1.6679999828338623,1.7910000085830688,1.7910000085830688,0.0,14.6899995803833,14.9399995803833,13.850000381469728,14.220000267028809,14.220000267028809,0.0,0.004148584323545016,0.008987167438038998,0.004157201611884709,189.97799835205083,188.081999206543,189.25199890136722,178.38039970397952,190.00079773235157,188.78238880307134,1.2184089292802298,0.42261095200285936,60.36760264285201,90.28471731489074,90.05757012358859,2.825669226443843,-12.542462742055594,2.810621725635369,182.06712682033478,194.09687159275123,6.396010688511417,0.19099421777369982,0.009345638981247385,-0.00288085204306061,0.01815328824387441,0.015174031371540003,-0.0011498899644711792,0.43388373911755823,-0.900968867902419,-0.8660254037844384,-0.5000000000000004
2019-09-13,192.9499969482422,193.3999938964844,192.2899932861328,192.5399932861328,184.7804718017578,27669800.0,-0.0035769817069254,98.41000366210938,98.43000030517578,98.0,98.26000213623048,98.26000213623048,0.0,1.7940000295639038,1.902999997138977,1.7929999828338623,1.902999997138977,1.902999997138977,0.0,14.15999984741211,14.3100004196167,13.510000228881836,13.739999771118164,13.739999771118164,0.0,-0.003576981706925625,0.005752788950027,-0.003570591928836686,190.48499755859376,188.4349990844727,189.2817987060547,178.53619964599616,190.39144320216406,189.0607298758907,1.3307133262733544,0.6042314268569584,58.50124071031103,89.38532171537338,90.20242038071626,2.704428459175679,-18.389939546762267,2.689148788829385,182.23720851908726,194.63278964985815,6.578173476793518,0.18575280032600622,0.004148584323545016,0.009345638981247385,-0.0009917057852270915,-0.0023972812939925064,0.015922877317787645,-0.433883739117558,-0.9009688679024191,-0.8660254037844384,-0.5000000000000004
2019-09-16,191.3000030517578,192.0800018310547,191.1100006103516,191.67999267578125,183.955078125,20319000.0,-0.0044768943786755,98.12000274658205,98.70999908447266,98.02999877929688,98.6500015258789,98.6500015258789,0.0,1.8339999914169312,1.875,1.8289999961853027,1.840999960899353,1.840999960899353,0.0,14.890000343322754,15.289999961853027,14.5,14.670000076293944,14.670000076293944,0.0,-0.004476894378675584,0.005070576085880431,-0.0044668880250686716,190.90599670410154,188.59749908447267,189.321198425293,178.67924957275397,190.58968158272054,189.25474934254927,1.3349322401712698,0.7503715895198207,56.17029860645008,81.12983976120432,86.93329293048947,2.2456880715127436,-25.67807842756914,2.5992090664688017,182.23210380866064,194.9628943602847,6.750243568140825,0.17944086749931426,-0.003576981706925625,0.004148584323545016,-0.002089730715949806,0.0,0.015779546924282666,0.0,1.0,-0.8660254037844384,-0.5000000000000004
2019-09-17,191.6999969482422,192.6000061035156,191.2899932861328,192.6000061035156,184.83804321289065,20953400.0,0.0047884123858087,98.6500015258789,98.73999786376952,98.19000244140624,98.26000213623048,98.26000213623048,0.0,1.815000057220459,1.8489999771118164,1.7940000295639038,1.812000036239624,1.812000036239624,0.0,14.920000076293944,15.029999732971191,14.399999618530272,14.4399995803833,14.4399995803833,0.0,0.004788412385808716,0.006833661127999284,0.004799895153156264,191.6009979248047,188.8789993286133,189.35999847412114,178.82419960021974,190.8989622782275,189.5025461396579,1.3964161385695775,0.8795804993297722,58.09393668131429,78.04482430878724,82.85332859512164,3.7436102534462856,-21.797509099306865,2.507123620105515,182.32158991997744,195.43640873724917,6.9435029113292,0.17694909429886913,-0.004476894378675584,-0.003576981706925625,-0.00288085204306061,-0.009755686033838156,-0.007778115302393343,0.7818314824680298,0.6234898018587336,-0.8660254037844384,-0.5000000000000004
2019-09-18,192.1999969482422,192.6000061035156,190.1100006103516,192.5200042724609,184.76124572753903,29781300.0,-0.0004155716136631,98.20999908447266,98.69000244140624,98.19000244140624,98.5999984741211,98.5999984741211,0.0,1.774999976158142,1.8049999475479128,1.74399995803833,1.7860000133514404,1.7860000133514404,0.0,14.609999656677246,15.800000190734863,13.800000190734863,13.949999809265137,13.949999809265137,0.0,-0.00041557161366318754,0.01295528372893025,-0.0004154852757404237,192.0199981689453,189.07349929809573,189.35919860839846,178.96154960632325,191.1483533542634,189.72606155690258,1.4222917973608276,0.9881227589359833,57.8561460183572,76.63347961813781,78.60271456270979,2.2248194130879635,-22.62397361871058,2.50590089675255,182.31937384956657,195.82762474662488,7.144444328372545,0.1748838899489102,0.004788412385808716,-0.004476894378675584,0.009345638981247385,0.014332633828894728,0.008839125954391762,0.9749279121818236,-0.22252093395631434,-0.8660254037844384,-0.5000000000000004
2019-09-19,192.8600006103516,194.0399932861328,192.47000122070312,192.83999633789065,185.068359375,26039400.0,0.0016608390124454,98.56999969482422,98.62000274658205,98.1999969482422,98.2699966430664,98.2699966430664,0.0,1.7580000162124634,1.7890000343322754,1.7489999532699585,1.77400004863739,1.77400004863739,0.0,14.65999984741211,14.65999984741211,13.3100004196167,14.050000190734863,14.050000190734863,0.0,0.0016608390124454237,0.008140578971591166,0.0016622189694144307,192.12599792480466,189.3144989013672,189.36759857177736,179.10024955749515,191.4086061209753,189.95672339253133,1.4518827284439624,1.0808747528375793,58.58632896524295,78.75341470296607,77.81057287663037,0.5527153849936346,-19.318273173084354,2.439050265943774,182.37716235444586,196.25183544828852,7.328901470495063,0.17416439510320797,-0.00041557161366318754,0.004788412385808716,0.004148584323545016,0.01815328824387441,-0.0032390120351779707,0.43388373911755823,-0.900968867902419,-0.8660254037844384,-0.5000000000000004
2019-09-20,193.1100006103516,193.3099975585937,190.16000366210932,190.8000030517578,183.110595703125,29086100.0,-0.0106349485602458,98.33999633789062,98.63999938964844,98.13999938964844,98.51000213623048,98.51000213623048,0.0,1.7929999828338623,1.7949999570846558,1.7489999532699585,1.7549999952316284,1.7549999952316284,0.0,13.9399995803833,15.84000015258789,13.350000381469728,15.31999969482422,15.31999969482422,0.0,-0.010634948560245858,0.01631191490098064,-0.010578597435491499,192.0469985961914,189.75099868774413,189.3129986572266,179.24884956359867,191.3149748795572,190.01918855247402,1.2957863270831922,1.123857067686702,52.35821589086784,72.55506216742933,75.9806521628444,-0.41233535217548534,-40.392566705917034,2.489831953839531,183.68964647914527,195.812350896343,6.388743406376981,0.13072287114962122,0.0016608390124454237,-0.00041557161366318754,-0.003576981706925625,-0.0009917057852270915,-0.032157082341432205,-0.433883739117558,-0.9009688679024191,-0.8660254037844384,-0.5000000000000004
2019-09-23,190.3600006103516,191.07000732421875,189.72000122070312,190.5,183.1913604736328,22485900.0,0.0004409737401326,98.51000213623048,98.83000183105467,98.4499969482422,98.5999984741211,98.5999984741211,0.0,1.6970000267028809,1.7089999914169312,1.6649999618530271,1.7079999446868896,1.7079999446868896,0.0,15.350000381469728,16.0,14.710000038146973,14.90999984741211,14.90999984741211,0.0,0.0004409737401326624,0.007091858054145294,0.00044107098334578154,191.97799835205078,190.0349983215332,189.23999877929688,179.41419960021975,191.1895941288561,190.05480421525374,1.1347899136023614,1.1260436368698339,51.49130252539151,62.127970980899164,71.14548261709818,-0.36089880882642605,-53.905247178301096,2.408415821673538,184.43146247101848,195.63853417204794,5.897372484023943,0.12195846016390727,-0.010634948560245858,0.0016608390124454237,-0.004476894378675584,-0.002089730715949806,0.014990906282847162,0.0,1.0,-0.8660254037844384,-0.5000000000000004
2019-09-24,191.3699951171875,191.7899932861328,187.1499938964844,187.97000122070312,180.7584228515625,40820700.0,-0.013369832732742,98.63999938964844,98.70999908447266,98.29000091552734,98.33999633789062,98.33999633789062,0.0,1.7039999961853027,1.7079999446868896,1.6349999904632568,1.6349999904632568,1.6349999904632568,0.0,14.770000457763672,17.6200008392334,14.329999923706056,17.049999237060547,17.049999237060547,0.0,-0.013369832732742046,0.02424622202036978,-0.013280853506301038,191.71099853515628,190.21199874877928,189.13639892578124,179.56194961547854,190.69427214298642,189.90037436380555,0.7938977791808668,1.0596144653320405,44.7605234181046,38.849608484640854,57.84421387765644,-1.4005445748497474,-89.15336066185928,2.5678146479574573,185.15714785617612,195.26684964138244,5.31496532905824,0.13260276432828727,0.0004409737401326624,-0.010634948560245858,0.004788412385808716,-0.00288085204306061,-0.0021124782850768793,0.7818314824680298,0.6234898018587336,-0.8660254037844384,-0.5000000000000004
2019-09-25,187.77999877929688,190.5800018310547,186.2100067138672,190.0800018310547,182.78744506835932,34704900.0,0.0111625160075386,98.37999725341795,99.05999755859376,98.36000061035156,99.04000091552734,99.04000091552734,0.0,1.6540000438690186,1.7350000143051147,1.6419999599456787,1.7319999933242798,1.7319999933242798,0.0,17.049999237060547,18.450000762939453,15.6899995803833,15.960000038146973,15.960000038146973,0.0,0.011162516007538434,0.02327188809029485,0.011225049349224747,191.4759994506836,190.4614990234375,189.0939990234375,179.7396996307373,190.59976901807386,189.91368010212028,0.6860889159535759,0.9849093554563476,50.56440064132201,34.156915493230855,45.04483165292362,-1.2212185907453534,-54.47064568014706,2.6965418243310317,186.01515895325332,194.9078390936217,4.669017195582443,0.13717495210330408,-0.013369832732742046,0.0004409737401326624,-0.00041557161366318754,0.009345638981247385,0.0035722411353708234,0.9749279121818236,-0.22252093395631434,-0.8660254037844384,-0.5000000000000004
2019-09-26,189.8300018310547,190.0,187.97999572753903,189.3800048828125,182.11428833007807,26826000.0,-0.0036895275647519,98.95999908447266,99.27999877929688,98.83999633789062,99.20999908447266,99.20999908447266,0.0,1.718000054359436,1.718000054359436,1.6749999523162842,1.684999942779541,1.684999942779541,0.0,16.229999542236328,17.09000015258789,15.350000381469728,16.06999969482422,16.06999969482422,0.0,-0.0036895275647518097,0.01064112233565026,-0.003682729620896552,191.09100036621095,190.53449935913088,189.03319915771488,179.92514968872067,190.41211299726442,189.87414860439378,0.5379643928706344,0.895520362939205,48.735003839202896,31.223363254410877,34.7432957440942,-1.9924395434729265,-62.70590389476103,2.653932129987076,186.21779893559116,194.8511997826706,4.531148362169665,0.12815483562415061,0.011162516007538434,-0.013369832732742046,0.0016608390124454237,0.004148584323545016,0.015174031371540003,0.43388373911755823,-0.900968867902419,-0.8660254037844384,-0.5000000000000004
2019-09-27,189.72999572753903,189.8300018310547,185.75,187.02999877929688,179.85447692871094,40773500.0,-0.0124863854495357,99.19000244140624,99.30999755859376,98.98999786376952,99.11000061035156,99.11000061035156,0.0,1.722000002861023,1.722000002861023,1.6729999780654907,1.6749999523162842,1.6749999523162842,0.0,15.770000457763672,18.690000534057617,15.149999618530272,17.219999313354492,17.219999313354492,0.0,-0.012486385449535719,0.021504253006539655,-0.0124087539867892,190.54000091552737,190.51249923706055,188.9535992431641,180.12244964599608,189.89178773296172,189.6634708395718,0.22831689338991623,0.7620796690293472,43.09766292884792,32.36971346079933,32.58333073614702,-2.8617402612285123,-85.71431004269392,2.7557942514919054,186.126115221844,194.8988832522771,4.604825439572274,0.13593495760558616,-0.0036895275647518097,0.011162516007538434,-0.010634948560245858,-0.003576981706925625,-0.0023972812939925064,-0.433883739117558,-0.9009688679024191,-0.8660254037844384,-0.5000000000000004
2019-09-30,187.7899932861328,189.1100006103516,187.3999938964844,188.8099975585937,181.566146850586,26307700.0,0.009471970366766,99.12000274658205,99.45999908447266,99.0500030517578,99.37999725341795,99.37999725341795,0.0,1.6990000009536743,1.7130000591278076,1.6720000505447388,1.6749999523162842,1.6749999523162842,0.0,17.229999542236328,17.350000381469727,16.200000762939453,16.239999771118164,16.239999771118164,0.0,0.009471970366766315,0.00910595226052155,0.009516971448831457,190.2530014038086,190.5794990539551,188.87919921875,180.34899963378905,189.72535847536665,189.60025059653637,0.12510787883027774,0.6346853109895334,48.00380639875792,28.57717297952285,30.72341656491102,-1.4972846550771912,-65.8482671239765,2.7075233643178205,186.35068384750687,194.8083142604033,4.437849010455206,0.14004632712272555,-0.012486385449535719,-0.0036895275647518097,0.0004409737401326624,-0.004476894378675584,0.0,0.0,1.0,-0.8660254037844384,-0.5000000000000004
2019-10-01,189.5,190.58999633789065,186.9600067138672,187.2700042724609,180.08523559570312,32367600.0,-0.0081897628715787,99.4000015258789,99.66999816894533,99.06999969482422,99.12999725341795,99.12999725341795,0.0,1.7269999980926514,1.7549999952316284,1.6130000352859497,1.6440000534057615,1.6440000534057615,0.0,16.020000457763672,18.6200008392334,15.789999961853027,18.559999465942383,18.559999465942383,0.0,-0.008189762871578939,0.019155618068725414,-0.008156318127418016,189.72000122070312,190.6604995727539,188.74879943847657,180.56784965515132,189.34761167491962,189.42763975771595,-0.080028082796332,0.4917426322323603,44.434268620615434,21.800581173233923,27.582489204518698,-2.767394424790414,-83.03567931362781,2.773413811439652,186.78167219517098,194.53932695033683,4.068831652361013,0.13863499144120278,0.009471970366766315,-0.012486385449535719,-0.013369832732742046,0.004788412385808716,-0.009755686033838156,0.7818314824680298,0.6234898018587336,-1.0,-1.8369701987210297e-16
2019-10-02,186.0,186.02999877929688,183.0200042724609,184.0500030517578,176.9888153076172,48544300.0,-0.0173437296721962,99.16000366210938,99.41999816894533,98.95999908447266,99.04000091552734,99.04000091552734,0.0,1.633999943733215,1.6440000534057615,1.5800000429153442,1.5959999561309814,1.5959999561309814,0.0,18.75,21.459999084472656,18.75,20.559999465942383,20.559999465942383,0.0,-0.0173437296721962,0.016182766165784762,-0.017194192948929432,188.87300109863278,190.44649963378905,188.52679962158203,180.72579963684078,188.53259496366394,189.02929629801534,-0.49670133435139974,0.2940538389156083,38.06129953506089,20.15423142385216,23.510661858869643,-4.399543441062915,-90.65335929083922,2.8788842534796766,185.6601878195101,195.232811448068,5.026410906456753,0.14236906457853493,-0.008189762871578939,0.009471970366766315,0.011162516007538434,-0.00041557161366318754,0.014332633828894728,0.9749279121818236,-0.22252093395631434,-1.0,-1.8369701987210297e-16
2019-10-03,184.02999877929688,186.2100067138672,181.82000732421875,186.07000732421875,178.9313201904297,39392500.0,0.0109155059026404,99.02999877929688,99.19000244140624,98.63999938964844,98.86000061035156,98.86000061035156,0.0,1.5839999914169312,1.5959999561309814,1.5099999904632568,1.5360000133514404,1.5360000133514404,0.0,20.11000061035156,21.440000534057617,19.030000686645508,19.1200008392334,19.1200008392334,0.0,0.01091550590264041,0.02385480312323029,0.010975297390608096,188.1960021972656,190.16100006103514,188.38219970703125,180.89089965820312,188.15373532682622,188.81008970736374,-0.6563543805375218,0.10397219502498228,43.53273709807347,20.363350695179403,20.77272109742183,-3.510676800579095,-65.22090930999477,2.9868210489203024,185.04010430128756,195.28189582078272,5.3858527859066285,0.13131027483324026,-0.0173437296721962,-0.008189762871578939,-0.0036895275647518097,0.0016608390124454237,0.01815328824387441,0.43388373911755823,-0.900968867902419,-1.0,-1.8369701987210297e-16
2019-10-04,187.0800018310547,189.0800018310547,186.8800048828125,188.8099975585937,181.566146850586,31887600.0,0.0146179866411345,98.87000274658205,99.0,98.73999786376952,98.80999755859376,98.80999755859376,0.0,1.537999987602234,1.5549999475479126,1.5099999904632568,1.5149999856948853,1.5149999856948853,0.0,19.420000076293945,19.96999931335449,16.969999313354492,17.040000915527344,17.040000915527344,0.0,0.01461798664113481,0.01175965857766522,0.01472535192470592,187.9970016479492,190.0220001220703,188.25259979248045,181.07009963989256,188.25469874709813,188.81008288152893,-0.5553841344307955,-0.02789907086617327,49.98643432929211,33.77567550823785,24.7644192090898,-1.0429798015382086,-42.798704874452454,2.9884762959142765,184.91351942698785,195.13048081715274,5.376725528413296,0.14312922680407394,0.01091550590264041,-0.0173437296721962,-0.012486385449535719,-0.010634948560245858,-0.0009917057852270915,-0.433883739117558,-0.9009688679024191,-1.0,-1.8369701987210297e-16
2019-10-07,188.2700042724609,189.7400054931641,187.91000366210932,188.2400054931641,181.0180206298828,21216000.0,-0.0030234449675897,98.81999969482422,99.01000213623048,98.73999786376952,98.98999786376952,98.98999786376952,0.0,1.5390000343322754,1.559999942779541,1.5290000438690186,1.5529999732971191,1.5529999732971191,0.0,18.270000457763672,18.520000457763672,16.440000534057617,17.860000610351562,17.860000610351562,0.0,-0.003023444967589848,0.009720092364827418,-0.0030188789607031863,187.7710021972656,189.8745002746582,188.12499999999997,181.2399996948242,188.2524382464929,188.76785492683524,-0.515416680342355,-0.12540259276140964,48.73850908949044,48.172418687334655,34.10381496358397,-1.1863488224860415,-47.46312975354881,2.9057281198528835,184.73774146354447,195.01125908577194,5.410688432288998,0.1432937993038795,0.01461798664113481,0.01091550590264041,0.009471970366766315,0.0004409737401326624,-0.002089730715949806,0.0,1.0,-1.0,-1.8369701987210297e-16
2019-10-08,187.0599975585937,187.8600006103516,185.2700042724609,185.4199981689453,178.30624389648438,32379300.0,-0.0150940444957651,98.9800033569336,99.25,98.8499984741211,99.13999938964844,99.13999938964844,0.0,1.5199999809265137,1.555999994277954,1.5099999904632568,1.5369999408721924,1.5369999408721924,0.0,17.610000610351562,20.3799991607666,17.420000076293945,20.280000686645508,20.280000686645508,0.0,-0.015094044495765143,0.013845805472543134,-0.014980700396360236,187.51600189208983,189.613500213623,187.95779998779295,181.39579971313478,187.8166782345625,188.5198655373619,-0.7031873027994209,-0.24095953476901188,43.0166273569734,46.39934203160222,42.782478742391575,-1.3566010720847692,-70.54013927719208,2.910319055627905,184.12228115379338,195.10471927345264,5.7920127560992185,0.1520743633054477,-0.003023444967589848,0.01461798664113481,-0.008189762871578939,-0.013369832732742046,-0.00288085204306061,0.7818314824680298,0.6234898018587336,-1.0,-1.8369701987210297e-16
2019-10-09,186.9900054931641,188.0800018310547,186.42999267578125,187.22999572753903,180.04678344726562,20147400.0,0.0097141818551219,99.08999633789062,99.16000366210938,98.9000015258789,99.12000274658205,99.12000274658205,0.0,1.5579999685287476,1.593999981880188,1.5460000038146973,1.5889999866485596,1.5889999866485596,0.0,19.940000534057617,20.0,17.770000457763672,18.63999938964844,18.63999938964844,0.0,0.009714181855121979,0.008824049985568657,0.009761517671763142,187.23100128173826,189.3535003662109,187.8803997802734,181.55754966735842,187.7264193873281,188.42431962552317,-0.697900238195075,-0.3323476754542245,47.293654238902995,43.027030431593396,45.86626371684342,-1.499371883449776,-52.915639674478896,2.8924393846622953,183.93179879689137,194.77520193553045,5.726539576859083,0.15242136721931818,-0.015094044495765143,-0.003023444967589848,-0.0173437296721962,0.011162516007538434,0.009345638981247385,0.9749279121818236,-0.22252093395631434,-1.0,-1.8369701987210297e-16
2019-10-10,187.27999877929688,189.42999267578125,187.1199951171875,188.67999267578125,181.44119262695312,25177700.0,0.0077148684777853,98.9800033569336,99.06999969482422,98.62000274658205,98.70999908447266,98.70999908447266,0.0,1.5839999914169312,1.6720000505447388,1.5750000476837158,1.6579999923706057,1.6579999923706057,0.0,19.280000686645508,19.799999237060547,17.559999465942383,17.56999969482422,17.56999969482422,0.0,0.007714868477785322,0.01233445949193968,0.007744704753894771,187.16100006103517,189.12600021362303,187.85099975585936,181.75184959411624,187.87312297016706,188.44325836998672,-0.5701353998196623,-0.37990522032731205,50.49904645019702,48.45019675418971,45.9588564057951,-0.369633640818847,-31.193630785759872,2.850836397085971,184.01632317178968,194.23567725545638,5.403463337734451,0.1546125191176703,0.009714181855121979,-0.015094044495765143,0.01091550590264041,-0.0036895275647518097,0.004148584323545016,0.43388373911755823,-0.900968867902419,-1.0,-1.8369701987210297e-16
2019-10-11,190.8300018310547,192.6300048828125,190.72000122070312,191.1100006103516,183.7779235839844,40976700.0,0.0127964979922138,98.6999969482422,98.73999786376952,98.1999969482422,98.3000030517578,98.3000030517578,0.0,1.7079999446868896,1.7640000581741333,1.6959999799728394,1.7519999742507937,1.7519999742507937,0.0,17.350000381469727,17.440000534057617,15.109999656677246,15.579999923706056,15.579999923706056,0.0,0.012796497992213858,0.010008927546939586,0.012878723531296599,187.56900024414062,189.05450057983398,187.9261996459961,181.92624961853033,188.37110414558006,188.64079483223597,-0.2696906866559061,-0.3578623135930309,55.394896511208714,67.27654408726109,52.91792375768139,2.18146920691011,-14.061097277977952,2.929348954939205,184.10857269788872,194.00042846177925,5.232277324026676,0.16187374955805622,0.007714868477785322,0.009714181855121979,0.01461798664113481,-0.012486385449535719,-0.003576981706925625,-0.433883739117558,-0.9009688679024191,-1.0,-1.8369701987210297e-16
2019-10-14,190.83999633789065,191.6999969482422,190.6499938964844,191.08999633789065,183.7587280273437,14975000.0,-0.0001044551969114,98.36000061035156,98.52999877929688,98.33999633789062,98.4499969482422,98.4499969482422,0.0,1.7330000400543213,1.7330000400543213,1.7330000400543213,1.7330000400543213,1.7330000400543213,0.0,15.65999984741211,16.5,14.510000228881836,14.56999969482422,14.56999969482422,0.0,-0.00010445519691171121,0.005502007293579629,-0.00010444974165757515,187.7970001220703,189.02500076293944,188.13339965820313,182.0912496185303,188.78939525208938,188.82221716598815,-0.03282191389877198,-0.2928542336541791,55.34636727933361,80.16637373907395,65.2977048601749,1.2075625278208082,-14.24615071904034,2.7951099618548176,184.1383251764747,193.9116763494042,5.170401340289625,0.16110958773794581,0.012796497992213858,0.007714868477785322,-0.003023444967589848,0.009471970366766315,-0.004476894378675584,0.0,1.0,-1.0,-1.8369701987210297e-16
2019-10-15,191.67999267578125,193.97000122070312,191.5599975585937,193.5200042724609,186.09548950195312,23234200.0,0.0126362899621896,98.4499969482422,98.6500015258789,98.20999908447266,98.29000091552734,98.29000091552734,0.0,1.690999984741211,1.7760000228881836,1.6890000104904177,1.7710000276565552,1.7710000276565552,0.0,13.9399995803833,14.43000030517578,13.390000343322754,13.539999961853027,13.539999961853027,0.0,0.012636289962189825,0.012573057983082527,0.012716465224235307,188.4220001220703,189.07100067138668,188.33859985351563,182.2612496185303,189.51718125522345,189.17020139609724,0.34697985912620766,-0.16488741509810179,59.93770368716166,89.32969051869779,78.92420278167761,3.337427167944534,-3.7036804468883133,2.8011738847803644,184.02781526617562,194.11418607659775,5.334700072779886,0.16655409959215195,-0.00010445519691171121,0.012796497992213858,-0.015094044495765143,-0.008189762871578939,0.004788412385808716,0.7818314824680298,0.6234898018587336,-1.0,-1.8369701987210297e-16
2019-10-16,192.8600006103516,193.52999877929688,192.42999267578125,193.0399932861328,185.6338653564453,20457100.0,-0.0024836584830916,98.31999969482422,98.41999816894533,97.9000015258789,98.01000213623048,98.01000213623048,0.0,1.7400000095367432,1.7690000534057615,1.7289999723434448,1.7480000257492063,1.7480000257492063,0.0,13.9399995803833,14.260000228881836,13.600000381469728,13.68000030517578,13.68000030517578,0.0,-0.0024836584830916727,0.005703650834980777,-0.002480576755209185,189.3209991455078,189.09700012207028,188.5143997192383,182.42234954833987,190.0591523369018,189.45685264721098,0.6022996896908239,-0.011449994140316638,58.654742203876694,91.46525956538396,86.9871079410519,4.884536857001231,-7.654390137919432,2.679661900404312,183.97421464404627,194.2197856000943,5.418156263417225,0.16683990145275837,0.012636289962189825,-0.00010445519691171121,0.009714181855121979,-0.0173437296721962,-0.00041557161366318754,0.9749279121818236,-0.22252093395631434,-1.0,-1.8369701987210297e-16
2019-10-17,194.1999969482422,194.5,192.8099975585937,193.5500030517578,186.12435913085932,19045200.0,0.0026387798667049,97.98999786376952,98.11000061035156,97.5,97.61000061035156,97.61000061035156,0.0,1.756999969482422,1.7730000019073486,1.7309999465942385,1.756999969482422,1.756999969482422,0.0,13.789999961853027,14.18000030517578,13.3100004196167,13.789999961853027,13.789999961853027,0.0,0.0026387798667046867,0.00870238140043186,0.0026422645106924936,190.06899871826172,189.13250045776363,188.62019989013672,182.5836995697022,190.5962062930335,189.76004897347372,0.8361573195597884,0.1580714685997044,59.643164693390396,93.71661186347751,91.50385398251974,4.019990021554361,-7.492093824759682,2.608971939047312,183.8920117009419,194.37298921458535,5.541605746382024,0.16698675255737364,-0.0024836584830916727,0.012636289962189825,0.007714868477785322,0.01091550590264041,0.0016608390124454237,0.43388373911755823,-0.900968867902419,-1.0,-1.8369701987210297e-16
2019-10-18,193.1999969482422,193.6699981689453,190.7100067138672,191.69000244140625,184.335678100586,27700800.0,-0.0096566147495554,97.5999984741211,97.66000366210938,97.13999938964844,97.27999877929688,97.27999877929688,0.0,1.7680000066757202,1.7690000534057615,1.7289999723434448,1.746999979019165,1.746999979019165,0.0,14.199999809265137,15.15999984741211,13.779999732971191,14.25,14.25,0.0,-0.009656614749555143,0.015320866986716876,-0.009610139363949388,190.35699920654298,189.17700042724607,188.72419982910154,182.7386995697022,190.7644826235524,189.90300848961687,0.8614741339355305,0.29875200166686966,54.52373276421428,87.56421306999852,90.91536149961999,1.5253455431663785,-22.160876827325282,2.6340447616209417,183.86230227769573,194.4916985767964,5.618757182477128,0.16617237637824103,0.0026387798667046867,-0.0024836584830916727,0.012796497992213858,0.01461798664113481,-0.010634948560245858,-0.433883739117558,-0.9009688679024191,-1.0,-1.8369701987210297e-16
2019-10-21,192.7100067138672,193.5200042724609,192.13999938964844,193.38999938964844,185.9704742431641,15801200.0,0.0088294874547574,97.33999633789062,97.4000015258789,97.1500015258789,97.33000183105467,97.33000183105467,0.0,1.777999997138977,1.8049999475479128,1.7710000276565552,1.7920000553131104,1.7920000553131104,0.0,14.239999771118164,14.630000114440918,14.0,14.0,14.0,0.0,0.008829487454757406,0.007161044236075822,0.008868582357052235,190.87199859619142,189.32150039672854,188.90499969482423,182.90929954528812,191.16840827987488,190.16130411184145,1.007104168033436,0.44042243494018296,58.06649492132139,87.19769208676495,89.49283900674698,2.7358657810235605,-8.75395308762016,2.57661312372335,183.706670304852,194.93633048860508,5.9315292559064945,0.1688899658323134,-0.009656614749555143,0.0026387798667046867,-0.00010445519691171121,-0.003023444967589848,0.0004409737401326624,0.0,1.0,-1.0,-1.8369701987210297e-16
2019-10-22,194.1499938964844,194.4199981689453,191.7899932861328,191.8500061035156,184.48959350585932,22392300.0,-0.0079948623568743,97.30999755859376,97.56999969482422,97.26000213623048,97.52999877929688,97.52999877929688,0.0,1.774999976158142,1.8029999732971191,1.7640000581741333,1.7680000066757202,1.7680000066757202,0.0,13.989999771118164,14.609999656677246,13.699999809265137,14.460000038146973,14.460000038146973,0.0,-0.007994862356874419,0.0135462527195069,-0.0079629884438992,191.51499938964844,189.51550064086916,188.9741998291016,183.05664955139162,191.2732694835119,190.28639314826174,0.986876335250173,0.5497132150021811,53.965153072395296,82.72871750686318,85.83020755454221,3.467807139503683,-20.89901756446504,2.5804268208011463,183.82961646197617,195.20138481976215,6.000442348689683,0.1639336906514067,0.008829487454757406,-0.009656614749555143,0.012636289962189825,-0.015094044495765143,-0.013369832732742046,0.7818314824680298,0.6234898018587336,-1.0,-1.8369701987210297e-16
2019-10-23,191.4600067138672,192.259994506836,191.1499938964844,192.22000122070312,184.8453521728516,14828400.0,0.0019264831621434,97.48999786376952,97.6500015258789,97.41999816894533,97.47000122070312,97.47000122070312,0.0,1.7309999465942385,1.7630000114440918,1.7309999465942385,1.758999943733215,1.758999943733215,0.0,14.829999923706056,15.119999885559082,14.010000228881836,14.010000228881836,14.010000228881836,0.0,0.0019264831621436742,0.005797558609775161,0.0019283400230429848,192.01399993896484,189.62250061035158,189.1633999633789,183.20599952697756,191.41892052000287,190.42962337584999,0.9892971441528857,0.637630000832322,54.79135031682846,81.88165754470907,83.93602237944573,2.6651741745620985,-24.702056713787556,2.475396377197607,183.81269480368297,195.4323064170202,6.12775993140916,0.15957625406352863,-0.007994862356874419,0.008829487454757406,-0.0024836584830916727,0.009714181855121979,0.011162516007538434,0.9749279121818236,-0.22252093395631434,-1.0,-1.8369701987210297e-16
2019-10-24,193.58999633789065,194.2100067138672,192.7400054931641,194.08999633789065,186.6436309814453,18998500.0,0.009681540699769,97.45999908447266,97.77999877929688,97.27999877929688,97.62999725341795,97.62999725341795,0.0,1.75,1.774999976158142,1.7380000352859497,1.7660000324249268,1.7660000324249268,0.0,13.979999542236328,14.34000015258789,13.399999618530272,13.710000038146973,13.710000038146973,0.0,0.00968154069976909,0.007593373875256273,0.009728558427112288,192.55500030517578,189.85800018310547,189.39419982910155,183.35829948425297,191.82985526121638,190.70076211377892,1.1290931474374588,0.7359226301533494,58.81453674225231,83.31894905099988,82.6431080341907,2.8672905830591677,-4.442078568747743,2.4407255997666395,183.71717442686224,195.9988259393487,6.4688617285769485,0.1618953734029872,0.0019264831621436742,-0.007994862356874419,0.0026387798667046867,0.007714868477785322,-0.0036895275647518097,0.43388373911755823,-0.900968867902419,-1.0,-1.8369701987210297e-16
2019-10-25,193.08999633789065,195.7400054931641,193.0500030517578,195.63999938964844,188.13414001464844,21507100.0,0.0079541371289482,97.69000244140624,97.9000015258789,97.56999969482422,97.83000183105467,97.83000183105467,0.0,1.7660000324249268,1.8140000104904173,1.75,1.8009999990463257,1.8009999990463257,0.0,13.529999732971191,13.789999961853027,12.619999885559082,12.649999618530272,12.649999618530272,0.0,0.00795413712894825,0.013931340268394894,0.007985855318852542,193.00800018310548,190.28850021362305,189.59739990234377,183.5102494812012,192.41603128097518,191.06663154162112,1.3493997393540553,0.8586180519934905,61.84543845461491,89.9668988986395,85.05583516478282,2.370361972073311,-0.9551680215461933,2.458531088455185,183.7858920411954,196.7911083860507,6.834473092307351,0.15504289594487458,0.00968154069976909,0.0019264831621436742,-0.009656614749555143,0.012796497992213858,-0.012486385449535719,-0.433883739117558,-0.9009688679024191,-1.0,-1.8369701987210297e-16
2019-10-28,196.5500030517578,197.8300018310547,196.5500030517578,197.57000732421875,189.99012756347656,18818700.0,0.0098168914998693,97.8499984741211,97.88999938964844,97.66999816894533,97.76000213623048,97.76000213623048,0.0,1.8329999446868896,1.8600000143051147,1.830000042915344,1.8530000448226929,1.8530000448226929,0.0,13.010000228881836,13.140000343322754,12.65999984741211,13.109999656677246,13.109999656677246,0.0,0.009816891499869397,0.006512331515760959,0.009865235244829185,193.65600128173833,190.7265007019043,189.78020019531252,183.6718495178223,193.20895067224342,191.5483630810728,1.6605875911706107,1.0190119598289145,65.27243348140811,97.44070055751595,90.24218283571844,3.3910780838940204,-2.2806517371582014,2.439350470808833,183.5030582494207,197.94994315438794,7.574660496470275,0.15526066037997308,0.00795413712894825,0.00968154069976909,0.008829487454757406,-0.00010445519691171121,0.009471970366766315,0.0,1.0,-1.0,-1.8369701987210297e-16
2019-10-29,197.2400054931641,197.5399932861328,196.009994506836,196.0399932861328,188.518783569336,18569700.0,-0.0077744611120209,97.76000213623048,97.93000030517578,97.61000061035156,97.69000244140624,97.69000244140624,0.0,1.83899998664856,1.8489999771118164,1.825999975204468,1.8350000381469729,1.8350000381469729,0.0,13.15999984741211,13.520000457763672,13.06999969482422,13.199999809265137,13.199999809265137,0.0,-0.007774461112020819,0.007757040847120868,-0.007744318154894625,193.90800018310551,191.16500015258788,189.9616000366211,183.84234947204592,193.64449568976485,191.88107642959577,1.763419260169087,1.167893419896949,60.62374173461485,93.35025297553,93.58595081056181,1.3021852821602657,-16.713421314705556,2.3765406384212557,183.7624931147265,198.56750719044925,7.74462588021101,0.15489623317052048,0.009816891499869397,0.00795413712894825,-0.007994862356874419,0.012636289962189825,-0.008189762871578939,0.7818314824680298,0.6234898018587336,-1.0,-1.8369701987210297e-16
2019-10-30,196.4199981689453,197.32000732421875,195.2899932861328,196.9900054931641,189.43231201171875,21764300.0,0.0048341186574712,97.66999816894533,98.0,97.4499969482422,97.6500015258789,97.6500015258789,0.0,1.825999975204468,1.8509999513626096,1.7940000295639038,1.7979999780654907,1.7979999780654907,0.0,13.079999923706056,13.369999885559082,12.270000457763672,12.329999923706056,12.329999923706056,0.0,0.004834118657470988,0.010335068002291071,0.004845821859691624,194.3030014038086,191.8120002746582,190.12880004882814,184.01654953002932,194.15918950567243,192.25951561948972,1.8996738861827112,1.3142495131541017,62.41372387725033,89.76894217854655,93.5199652371975,2.046214434527247,-11.699100412496543,2.3517887383973046,184.77493158273833,198.84906896657807,7.337464477554477,0.13653110873021948,-0.007774461112020819,0.009816891499869397,0.0019264831621436742,-0.0024836584830916727,-0.0173437296721962,0.9749279121818236,-0.22252093395631434,-1.0,-1.8369701987210297e-16
2019-10-31,197.5599975585937,197.6499938964844,195.94000244140625,197.0800018310547,189.51890563964844,26801800.0,0.0004570172908987,97.44000244140624,97.4499969482422,97.22000122070312,97.3499984741211,97.3499984741211,0.0,1.7079999446868896,1.7139999866485596,1.680999994277954,1.690999984741211,1.690999984741211,0.0,13.510000228881836,13.949999809265137,13.18000030517578,13.220000267028809,13.220000267028809,0.0,0.00045701729089870627,0.008655555153927316,0.00045712173921175214,194.65600128173827,192.36249999999998,190.30999999999997,184.1859495544434,194.60854524803892,192.61658867219825,1.9919565758406748,1.4497909256914165,62.58722985996371,87.04726912166197,90.05548809191284,1.8238174754008694,-10.445670907811976,2.3059460753030794,185.49622922278644,199.22877077721353,7.138887025499819,0.13391482807344798,0.004834118657470988,-0.007774461112020819,0.00968154069976909,0.0026387798667046867,0.01091550590264041,0.43388373911755823,-0.900968867902419,-1.0,-1.8369701987210297e-16
2019-11-01,197.92999267578125,198.8800048828125,197.6300048828125,198.8699951171875,191.24026489257807,22131900.0,0.0090417834339713,97.3000030517578,97.4499969482422,97.11000061035156,97.23999786376952,97.23999786376952,0.0,1.6770000457763672,1.7450000047683716,1.6699999570846558,1.7280000448226929,1.7280000448226929,0.0,12.5,12.600000381469728,12.260000228881836,12.300000190734863,12.300000190734863,0.0,0.009041783433971355,0.006315364251276255,0.00908278383689387,195.37400054931643,192.86549987792966,190.64599975585938,184.3545495605469,195.26415292021562,193.07980396441968,2.18434895579594,1.5967025317123213,65.95364044455565,92.57757003371036,89.79792711130628,3.7456270980934194,-0.12251857856037107,2.269807287906989,185.6309483529844,200.10005140287493,7.502172788315406,0.1287939863926543,0.00045701729089870627,0.004834118657470988,0.00795413712894825,-0.009656614749555143,0.01461798664113481,-0.433883739117558,-0.9009688679024191,-0.8660254037844386,0.5000000000000001
2019-11-04,200.19000244140625,200.52999877929688,198.8699951171875,200.1000061035156,192.42303466796875,19015900.0,0.006165684983293,97.22000122070312,97.58000183105467,97.16999816894533,97.51000213623048,97.51000213623048,0.0,1.746999979019165,1.7929999828338623,1.746999979019165,1.7860000133514404,1.7860000133514404,0.0,12.68000030517578,13.130000114440918,12.4399995803833,12.829999923706056,12.829999923706056,0.0,0.006165684983293081,0.008292140675682557,0.006184731944682609,196.04500122070314,193.45849990844724,190.95159973144533,184.53949958801272,196.008130333031,193.59981893768605,2.4083113953449526,1.7590243044388478,68.07915401717847,95.01768760767868,91.547508921017,3.4696761647677654,-4.378747690591577,2.2262498860643025,185.8840428850818,201.03295693181266,7.830575577656169,0.12760168805321342,0.009041783433971355,0.00045701729089870627,0.009816891499869397,0.008829487454757406,-0.003023444967589848,0.0,1.0,-0.8660254037844386,0.5000000000000001
2019-11-05,200.3500061035156,200.5500030517578,199.5500030517578,200.2100067138672,192.52883911132807,15048900.0,0.0005497022003548,97.5500030517578,98.01000213623048,97.47000122070312,97.9800033569336,97.9800033569336,0.0,1.825000047683716,1.8730000257492063,1.825000047683716,1.866000056266785,1.866000056266785,0.0,12.850000381469728,13.279999732971191,12.25,13.100000381469728,13.100000381469728,0.0,0.0005497022003548637,0.0049912651336947115,0.000549853314297355,196.8810012817383,194.19800033569334,191.267200012207,184.73269958496095,196.65457285315964,194.08946247666242,2.5651103764972163,1.9202415188505215,68.26993494278396,97.34782836954551,94.9810286703115,4.357571198533518,-3.455248622211471,2.1386606084882813,187.05219534646952,201.34380532491716,7.359298218180911,0.10878616193804246,0.006165684983293081,0.009041783433971355,-0.007774461112020819,-0.007994862356874419,-0.015094044495765143,0.7818314824680298,0.6234898018587336,-0.8660254037844386,0.5000000000000001
2019-11-06,199.97999572753903,200.0,198.7899932861328,199.759994506836,192.0960693359375,19725500.0,-0.0022503480586781,97.94000244140624,97.9800033569336,97.77999877929688,97.9499969482422,97.9499969482422,0.0,1.837000012397766,1.8480000495910645,1.807000041007996,1.8140000104904173,1.8140000104904173,0.0,13.18000030517578,13.390000343322754,12.600000381469728,12.619999885559082,12.619999885559082,0.0,-0.0022503480586781735,0.006050638762467774,-0.002247817923736184,197.6350006103516,194.8245002746582,191.56059997558594,184.90309959411624,197.1323300306483,194.50950188630492,2.622828144343373,2.060758843949092,66.51841009743485,94.71248619201982,95.692667389748,3.922585182733196,-8.028545111137408,2.0873286670058597,188.0642502021395,201.58475034717688,6.939835660287359,0.10850300865678389,0.0005497022003548637,0.006165684983293081,0.004834118657470988,0.0019264831621436742,0.009714181855121979,0.9749279121818236,-0.22252093395631434,-0.8660254037844386,0.5000000000000001
2019-11-07,200.759994506836,201.72000122070312,199.8500061035156,200.42999267578125,192.7403717041016,17832400.0,0.0033484509337138,97.9499969482422,98.2300033569336,97.81999969482422,98.13999938964844,98.13999938964844,0.0,1.88100004196167,1.9709999561309808,1.8739999532699585,1.9259999990463257,1.9259999990463257,0.0,12.59000015258789,12.890000343322754,12.260000228881836,12.729999542236328,12.729999542236328,0.0,0.003348450933713806,0.009314580436113003,0.0033540632579907026,198.26900024414067,195.4120002746582,191.81079986572266,185.0644495391846,197.6396627452841,194.94805675959947,2.691605985684646,2.186928272296203,67.84128712826997,92.10392731422856,94.72141395859795,3.266524013351681,-12.204424323965412,2.078234241781665,188.86109665871408,201.96290389060232,6.704709646016217,0.10721336516587353,-0.0022503480586781735,0.0005497022003548637,0.00045701729089870627,0.00968154069976909,0.007714868477785322,0.43388373911755823,-0.900968867902419,-0.8660254037844386,0.5000000000000001
2019-11-08,200.07000732421875,201.25,199.5399932861328,201.22999572753903,193.5096893310547,15258800.0,0.003983526331187,98.13999938964844,98.4000015258789,98.0999984741211,98.3499984741211,98.3499984741211,0.0,1.950000047683716,1.9520000219345093,1.8949999809265137,1.932999968528748,1.932999968528748,0.0,12.979999542236328,13.050000190734863,12.0,12.06999969482422,12.06999969482422,0.0,0.00398352633118701,0.008547041791706822,0.003991471118122369,198.82799987792973,195.9180000305176,192.08599975585938,185.23334953308108,198.19202166563102,195.41338557203943,2.7786360935915866,2.3052698365552797,69.39615029253507,91.71040673945893,92.84227341523577,2.8572870350286714,-4.635810346520353,2.0519322755020597,189.204866613573,202.6311334474622,6.853003211444497,0.10093545823144064,0.003348450933713806,-0.0022503480586781735,0.009041783433971355,0.00795413712894825,0.012796497992213858,-0.433883739117558,-0.9009688679024191,-0.8660254037844386,0.5000000000000001
2019-11-11,200.2100067138672,201.0399932861328,199.94000244140625,200.9600067138672,193.25003051757807,10147600.0,-0.001342739893342,98.37000274658205,98.37999725341795,98.12999725341795,98.1999969482422,98.1999969482422,0.0,1.9429999589920044,1.9429999589920044,1.9429999589920044,1.9429999589920044,1.9429999589920044,0.0,13.149999618530272,13.489999771118164,12.65999984741211,12.6899995803833,12.6899995803833,0.0,-0.0013427398933420639,0.0054941851447946315,-0.001341838821478314,199.16699981689456,196.41150054931643,192.35579986572267,185.39049957275392,198.6178655192058,195.82424639736,2.7936191218457793,2.40293969361338,68.19774786044135,91.98988714951955,91.934740401069,1.715847175166289,-7.190103880955567,1.9975080619756829,189.74176343151245,203.0812376671204,6.791595297780733,0.10146655973906557,0.00398352633118701,0.003348450933713806,0.006165684983293081,0.009816891499869397,-0.00010445519691171121,0.0,1.0,-0.8660254037844386,0.5000000000000001
2019-11-12,201.1300048828125,202.2100067138672,200.82000732421875,201.5399932861328,193.80776977539065,14778300.0,0.0028819449881677,98.20999908447266,98.41999816894533,98.20999908447266,98.30999755859376,98.30999755859376,0.0,1.940000057220459,1.9490000009536743,1.906999945640564,1.909000039100647,1.909000039100647,0.0,12.640000343322754,13.100000381469728,12.359999656677246,12.68000030517578,12.68000030517578,0.0,0.0028819449881677503,0.0069109499125121305,0.00288610178388482,199.71699981689454,196.8125,192.67359985351564,185.54304954528808,199.06742363719457,196.2476350557876,2.8197885814069537,2.486309471172095,69.41946025327448,93.69965709711298,92.46665032869714,2.8055499838608955,-7.075114481185151,1.9541145853808797,189.91428827686855,203.71071172313145,7.0099325227121785,0.09421389589412159,-0.0013427398933420639,0.00398352633118701,0.0005497022003548637,-0.007774461112020819,0.012636289962189825,0.7818314824680298,0.6234898018587336,-0.8660254037844386,0.5000000000000001
2019-11-13,200.83999633789065,201.77999877929688,200.7100067138672,201.58999633789065,193.8559112548828,15774600.0,0.0002483672425112,98.33000183105467,98.4499969482422,98.29000091552734,98.37000274658205,98.37000274658205,0.0,1.888000011444092,1.8910000324249268,1.8650000095367432,1.870000004768372,1.870000004768372,0.0,12.90999984741211,13.899999618530272,12.880000114440918,13.0,13.0,0.0,0.0002483672425112132,0.005327584569507492,0.0002483980882084236,200.1769989013672,197.24000015258787,192.93879974365234,185.6983995056152,199.45551174499394,196.6433655211286,2.8121462238653407,2.5514768217107444,69.52814616040334,92.98870403903732,92.89274942855661,2.3351392032354608,-6.768669520747306,1.8909629768129375,190.26685119413608,204.21314911103966,7.070724957470344,0.09296866045048573,0.0028819449881677503,-0.0013427398933420639,-0.0022503480586781735,0.004834118657470988,-0.0024836584830916727,0.9749279121818236,-0.22252093395631434,-0.8660254037844386,0.5000000000000001
2019-11-14,200.8300018310547,201.5599975585937,200.22000122070312,201.42999267578125,193.7019500732422,16945400.0,-0.0007945197613185,98.33999633789062,98.41999816894533,98.11000061035156,98.16000366210938,98.16000366210938,0.0,1.850000023841858,1.8509999513626096,1.8049999475479128,1.815000057220459,1.815000057220459,0.0,13.15999984741211,13.8100004196167,12.93000030517578,13.050000190734863,13.050000190734863,0.0,-0.000794519761318583,0.006672291618150861,-0.0007942042140680616,200.61199798583985,197.63399963378907,193.13179962158205,185.86439949035645,199.75927804203815,196.9979304955473,2.761347546490839,2.593450966666764,68.68690573223887,91.62811956905296,92.77216023506774,2.207220826218359,-11.271857290908693,1.853750986839694,190.6482535853792,204.61974568219895,7.069376788765389,0.09353461148210511,0.0002483672425112132,0.0028819449881677503,0.003348450933713806,0.00045701729089870627,0.0026387798667046867,0.43388373911755823,-0.900968867902419,-0.8660254037844386,0.5000000000000001
2019-11-15,202.6499938964844,202.91000366210932,202.0,202.91000366210932,195.12521362304688,18427900.0,0.0073208357815168,98.16999816894533,98.2300033569336,97.95999908447266,98.0,98.0,0.0,1.840999960899353,1.8450000286102293,1.819000005722046,1.8339999914169312,1.8339999914169312,0.0,12.949999809265137,12.970000267028809,11.920000076293944,12.050000190734863,12.050000190734863,0.0,0.007320835781516846,0.004490519069910048,0.007347698612567122,201.01599884033206,198.19499969482425,193.3581997680664,186.03614952087406,200.24400506051066,197.43586184121855,2.8081432192921056,2.636389417191832,72.0549935041501,93.98649106278133,92.8677715569572,2.031482196467685,0.0,1.8270552725174352,191.42022027615317,204.96977911349532,6.836478648909116,0.08445737587587014,-0.000794519761318583,0.0002483672425112132,0.00398352633118701,0.009041783433971355,-0.009656614749555143,-0.433883739117558,-0.9009688679024191,-0.8660254037844386,0.5000000000000001
2019-11-18,202.58999633789065,203.38999938964844,201.7700042724609,203.07000732421875,195.2791290283203,18365900.0,0.000788492321589,97.9800033569336,97.9800033569336,97.68000030517578,97.79000091552734,97.79000091552734,0.0,1.8450000286102293,1.8450000286102293,1.7949999570846558,1.807999968528748,1.807999968528748,0.0,12.390000343322754,13.100000381469728,12.31999969482422,12.460000038146973,12.460000038146973,0.0,0.0007884923215890748,0.007996422066594108,0.0007888032633793784,201.31299896240233,198.67900009155275,193.59579986572265,186.2094995880127,200.67877463954267,197.85320595107044,2.825568688472231,2.674225271447912,72.40061951260252,94.9258754531979,93.51349536167739,1.4842584358376854,-3.9505163494975903,1.812265261422442,191.96677533544198,205.39122484766352,6.756853772182997,0.08167664416196671,0.007320835781516846,-0.000794519761318583,-0.0013427398933420639,0.006165684983293081,0.008829487454757406,0.0,1.0,-0.8660254037844386,0.5000000000000001
2019-11-19,203.83999633789065,203.83999633789065,202.58999633789065,203.3699951171875,195.56756591796875,16923300.0,0.0014759594784361,97.80999755859376,97.88999938964844,97.75,97.86000061035156,97.86000061035156,0.0,1.8170000314712524,1.8170000314712524,1.7769999504089355,1.7860000133514404,1.7860000133514404,0.0,12.329999923706056,13.010000228881836,12.15999984741211,12.859999656677246,12.859999656677246,0.0,0.0014759594784361813,0.006132260706716098,0.0014770492427105264,201.62899780273438,199.25499954223636,193.85039978027342,186.3718995666504,201.09280855918033,198.26185700041242,2.8309515587679073,2.705570528911911,73.07305047218085,96.70003217115934,95.20413289571286,1.5783368949367511,-5.949387137024365,1.7721034570351246,193.052434984576,205.45756409989673,6.225755511189169,0.0719667470937715,0.0007884923215890748,0.007320835781516846,0.0028819449881677503,0.0005497022003548637,-0.007994862356874419,0.7818314824680298,0.6234898018587336,-0.8660254037844386,0.5000000000000001
2019-11-20,202.83999633789065,203.4499969482422,200.6199951171875,202.1499938964844,194.3944091796875,36629000.0,-0.006016793186998,97.8499984741211,98.04000091552734,97.8499984741211,97.93000030517578,97.93000030517578,0.0,1.746999979019165,1.7640000581741333,1.7300000190734863,1.7380000352859497,1.7380000352859497,0.0,13.420000076293944,14.170000076293944,12.609999656677246,12.779999732971191,12.779999732971191,0.0,-0.006016793186998062,0.01395189253671881,-0.005998728535453246,201.86799774169924,199.75149917602542,194.0447998046875,186.52759956359864,201.25545245722714,198.5498671408622,2.7055853163649317,2.705573486402515,66.02750504018314,87.62861635343295,93.08484132593006,1.1964354502255559,-27.214247453179162,1.8476676266079506,194.38688535489507,205.11611299715577,5.371287668187093,0.07862976274188292,0.0014759594784361813,0.0007884923215890748,0.0002483672425112132,-0.0022503480586781735,0.0019264831621436742,0.9749279121818236,-0.22252093395631434,-0.8660254037844386,0.5000000000000001
2019-11-21,201.92999267578125,202.07000732421875,201.07000732421875,201.6999969482422,193.961654663086,17883600.0,-0.0022286490981461,97.86000061035156,98.02999877929688,97.7300033569336,97.98999786376952,97.98999786376952,0.0,1.7599999904632568,1.7860000133514404,1.753000020980835,1.7719999551773071,1.7719999551773071,0.0,13.350000381469728,13.859999656677246,12.489999771118164,13.130000114440918,13.130000114440918,0.0,-0.002228649098145903,0.004952211341906003,-0.002226167503621368,201.99499816894527,200.131999206543,194.2141998291016,186.67999954223632,201.3238439173833,198.78321008955703,2.5406338278262695,2.6725855546872657,63.5919739658455,74.82005516016672,86.38290122825299,0.6336398337923989,-42.37619992929628,1.7928332655835009,195.41809903109308,204.8458993819929,4.710791072031418,0.0755442383686812,-0.006016793186998062,0.0014759594784361813,-0.000794519761318583,0.003348450933713806,0.00968154069976909,0.43388373911755823,-0.900968867902419,-0.8660254037844386,0.5000000000000001
2019-11-22,202.1999969482422,202.32000732421875,200.7400054931641,201.8300018310547,194.086654663086,17189600.0,0.0006442497045822,97.93000030517578,98.30999755859376,97.83999633789062,98.2699966430664,98.2699966430664,0.0,1.75,1.7790000438690186,1.746999979019165,1.77400004863739,1.77400004863739,0.0,12.81999969482422,13.25,12.329999923706056,12.34000015258789,12.34000015258789,0.0,0.0006442497045822083,0.007814054673102184,0.0006444572779971125,202.05499877929685,200.44149932861333,194.4,186.82944953918457,201.40171436564043,199.008898366705,2.3928159989354185,2.616631643536896,64.00506423977153,63.535901749208065,75.32819108760258,0.29816931682891273,-39.80184736990036,1.7776310202600123,196.17810792711762,204.70489073010904,4.2540007092105245,0.07218543030440552,-0.002228649098145903,-0.006016793186998062,0.007320835781516846,0.00398352633118701,0.00795413712894825,-0.433883739117558,-0.9009688679024191,-0.8660254037844386,0.5000000000000001
2019-11-25,202.6999969482422,204.259994506836,202.6699981689453,204.22000122070312,196.38497924804688,17752800.0,0.0117721797330277,98.2699966430664,98.37999725341795,98.16999816894533,98.31999969482422,98.31999969482422,0.0,1.7899999618530271,1.7929999828338623,1.7549999952316284,1.7640000581741333,1.7640000581741333,0.0,12.510000228881836,12.59000015258789,11.729999542236328,11.869999885559082,11.869999885559082,0.0,0.011772179733027579,0.00784408663951127,0.01184174454936393,202.38099822998043,200.7739990234375,194.65080017089844,186.99084953308105,201.835296958727,199.3949059855197,2.4403909732073146,2.58138350947098,70.60753709991408,72.36360472593606,70.23985387843695,1.6222105881383724,-0.7311385229952116,1.824228281368676,196.41730075821974,205.13069728865528,4.339902862331481,0.07541416195819653,0.0006442497045822083,-0.002228649098145903,0.0007884923215890748,-0.0013427398933420639,0.009816891499869397,0.0,1.0,-0.8660254037844386,0.5000000000000001
2019-11-26,204.3500061035156,204.8699951171875,204.0500030517578,204.6100006103516,196.760009765625,14780600.0,0.0019078489708071,98.33000183105467,98.37999725341795,98.2300033569336,98.25,98.25,0.0,1.7450000047683716,1.746999979019165,1.7309999465942385,1.7400000095367432,1.7400000095367432,0.0,11.880000114440918,12.039999961853027,11.420000076293944,11.539999961853027,11.539999961853027,0.0,0.0019078489708071755,0.00401268432071547,0.0019096700725997895,202.68799896240236,201.20249938964847,194.89100006103516,187.15249954223634,202.26217444359233,199.7812092910628,2.480965152529535,2.561299838082691,71.52539152043033,84.8630233545377,73.58750994322727,1.5232744995977996,-4.877944043491301,1.7524971230873199,197.12972093793957,205.27527784135737,4.048437235187186,0.0666830020584195,0.011772179733027579,0.0006442497045822083,0.0014759594784361813,0.0028819449881677503,-0.007774461112020819,0.7818314824680298,0.6234898018587336,-0.8660254037844386,0.5000000000000001
2019-11-27,205.13999938964844,206.0500030517578,204.88999938964844,206.0399932861328,198.1351623535156,16963100.0,0.0069646743928596,98.3000030517578,98.44000244140624,98.27999877929688,98.41000366210938,98.41000366210938,0.0,1.75,1.777999997138977,1.75,1.7669999599456787,1.7669999599456787,0.0,11.550000190734863,11.789999961853027,11.4399995803833,11.75,11.75,0.0,0.006964674392859644,0.005654692724776862,0.006988984141282684,203.13299865722655,201.6549987792969,195.1613998413086,187.32144950866697,202.8433773424447,200.24482292032724,2.5985544221174735,2.5687507548896473,74.65111948737183,98.07905260784595,85.10189356277323,2.207449292664004,-0.15375960997562332,1.730176074395813,197.54207002583976,205.76792753275404,4.079173616676442,0.06823572533072217,0.0019078489708071755,0.011772179733027579,-0.006016793186998062,0.0002483672425112132,0.004834118657470988,0.9749279121818236,-0.22252093395631434,-0.8660254037844386,0.5000000000000001
2019-11-28,205.13999938964844,206.0500030517578,204.88999938964844,206.0399932861328,198.1351623535156,16963100.0,0.0,98.3000030517578,98.44000244140624,98.27999877929688,98.41000366210938,98.41000366210938,0.0,1.75,1.777999997138977,1.75,1.7669999599456787,1.7669999599456787,0.0,11.550000190734863,11.789999961853027,11.4399995803833,11.75,11.75,0.0,0.0,0.005654692724776862,0.0,203.59399871826173,202.10299835205078,195.42539978027344,187.49354949951172,203.3351644107044,200.6740947992758,2.6610696114286156,2.5872145261974415,74.65111948737183,98.26815680386298,93.73674425541554,2.2886366370333695,-0.16382593494411735,1.6894494735182104,198.13907216634652,206.06692453775503,3.922679245756999,0.06841368506947564,0.006964674392859644,0.0019078489708071755,-0.002228649098145903,-0.000794519761318583,0.00045701729089870627,0.43388373911755823,-0.900968867902419,-0.8660254037844386,0.5000000000000001
2019-11-29,205.5200042724609,205.8300018310547,205.0,205.1000061035156,197.231201171875,9854600.0,-0.0045727853465303,98.3499984741211,98.54000091552734,98.2300033569336,98.2699966430664,98.2699966430664,0.0,1.7719999551773071,1.7960000038146973,1.7640000581741333,1.7760000228881836,1.7760000228881836,0.0,12.5,12.829999923706056,12.119999885559082,12.619999885559082,12.619999885559082,0.0,-0.004572785346530384,0.004038545220903858,-0.004562346081851576,203.81299896240236,202.41449890136718,195.71139984130858,187.65459953308107,203.60667851729073,201.00194008107135,2.604738436219378,2.590719308201829,68.8863239045221,94.46248206322895,96.93656382497929,1.0792974234297112,-16.294968265393408,1.6430597458478249,198.54220949209943,206.28678831063493,3.8260988518956296,0.06747866789724757,0.0,0.006964674392859644,0.0006442497045822083,0.007320835781516846,0.009041783433971355,-0.433883739117558,-0.9009688679024191,-0.8660254037844386,0.5000000000000001
2019-12-02,205.1100006103516,205.17999267578125,201.77999877929688,203.0,195.2117919921875,28007000.0,-0.0102915686551968,98.2699966430664,98.37999725341795,97.80999755859376,97.86000061035156,97.86000061035156,0.0,1.8329999446868896,1.8539999723434448,1.82099997997284,1.8359999656677248,1.8359999656677248,0.0,12.6899995803833,15.270000457763672,12.550000190734863,14.90999984741211,14.90999984741211,0.0,-0.010291568655196823,0.016576441355209,-0.010238791670328595,203.80599822998047,202.5594985961914,195.9613998413086,187.80199951171875,203.51334336078446,201.1499445195105,2.3633988412739484,2.5452552148162533,58.093010688368736,77.075186988511,89.93527528520096,-0.03447447761548424,-52.31564483412943,1.7685550423218643,198.8378717186702,206.2811254737126,3.674601194526435,0.07712088794281784,-0.004572785346530384,0.0,0.011772179733027579,0.0007884923215890748,0.006165684983293081,0.0,1.0,-0.5000000000000004,0.8660254037844384
2019-12-03,200.2100067138672,201.4900054931641,199.22999572753903,201.41000366210932,193.68280029296875,31104100.0,-0.0078633110764928,97.88999938964844,97.94000244140624,97.63999938964844,97.73999786376952,97.73999786376952,0.0,1.787999987602234,1.787999987602234,1.6929999589920044,1.7089999914169312,1.7089999914169312,0.0,14.68000030517578,17.989999771118164,14.609999656677246,15.960000038146973,15.960000038146973,0.0,-0.00786331107649281,0.011288195843552316,-0.007832476120499643,203.6099990844727,202.6194984436035,196.23019989013673,187.9405495452881,203.18975263791134,201.169208159703,2.020544478208336,2.44031306749467,51.51202906062309,54.45142609972751,75.32969838382249,-0.9637564548048397,-68.03510860129464,1.9115157016175144,199.02069357507887,206.21830331212814,3.552278922974749,0.08292963404176082,-0.010291568655196823,-0.004572785346530384,0.0019078489708071755,0.0014759594784361813,0.0005497022003548637,0.7818314824680298,0.6234898018587336,-0.5000000000000004,0.8660254037844384
2019-12-04,202.44000244140625,202.91000366210932,202.13999938964844,202.42999267578125,194.6636199951172,15300100.0,0.0050512724536856,97.70999908447266,97.79000091552734,97.43000030517578,97.6500015258789,97.6500015258789,0.0,1.7330000400543213,1.7910000085830688,1.7330000400543213,1.781000018119812,1.781000018119812,0.0,16.3799991607666,16.399999618530273,14.119999885559082,14.800000190734863,14.800000190734863,0.0,0.0050512724536856315,0.0038036171862018664,0.005064051638373757,203.63799896240238,202.75299835205075,196.47719970703125,188.08474952697756,203.07286648989134,201.2625996053384,1.8102668845529308,2.314303830906322,55.03136370453308,42.1899908473591,57.905534645199204,0.13851040700017356,-53.07927402249864,1.8821217229305491,199.411966729185,206.0940299749165,3.295666796566477,0.08399610802528067,-0.00786331107649281,-0.010291568655196823,0.006964674392859644,-0.006016793186998062,-0.0022503480586781735,0.9749279121818236,-0.22252093395631434,-0.5000000000000004,0.8660254037844384
2019-12-05,203.1499938964844,203.1499938964844,201.83999633789065,202.8300018310547,195.04833984375,14962300.0,0.0019743811494392,97.58999633789062,97.5999984741211,97.36000061035156,97.41000366210938,97.41000366210938,0.0,1.7719999551773071,1.8220000267028809,1.7719999551773071,1.7970000505447388,1.7970000505447388,0.0,14.460000038146973,15.369999885559082,14.170000076293944,14.520000457763672,14.520000457763672,0.0,0.001974381149439275,0.006448425291419219,0.00197633152328347,203.7509994506836,202.87299880981442,196.74619964599611,188.2329495239258,203.03550269622414,201.37870347390998,1.656799222314163,2.1828029091878904,56.368829065736065,43.89052464522976,46.84398053077212,0.5602404064995936,-47.214043440517436,1.8412557111922063,199.71593787096208,206.03005974866676,3.112352020597834,0.08355408767395958,0.0050512724536856315,-0.00786331107649281,0.0,-0.002228649098145903,0.003348450933713806,0.43388373911755823,-0.900968867902419,-0.5000000000000004,0.8660254037844384
2019-12-06,204.3099975585937,205.1499938964844,204.1499938964844,205.0,197.13504028320312,16555300.0,0.0106415530953818,97.37999725341795,97.83999633789062,97.36000061035156,97.6999969482422,97.6999969482422,0.0,1.7949999570846558,1.8639999628067017,1.7899999618530271,1.8420000076293943,1.8420000076293943,0.0,14.369999885559082,14.470000267028809,13.1899995803833,13.619999885559082,13.619999885559082,0.0,0.01064155309538186,0.004894523087218048,0.01069837580327393,204.0679992675781,203.06149902343748,197.10559967041016,188.38599952697757,203.3377330506512,201.64694766102775,1.6907853896234428,2.084399405275001,62.82782381978937,61.43691996527639,49.17247848595508,1.5706278254898964,-15.395922641154769,1.8754511650663142,199.8675099736194,206.25548807325555,3.145834208039033,0.09021232075306779,0.001974381149439275,0.0050512724536856315,-0.004572785346530384,0.0006442497045822083,0.00398352633118701,-0.433883739117558,-0.9009688679024191,-0.5000000000000004,0.8660254037844384
2019-12-09,204.6300048828125,205.58999633789065,203.97999572753903,204.07000732421875,196.24073791503903,13984100.0,-0.0045468173610481,97.68000030517578,97.72000122070312,97.55999755859376,97.63999938964844,97.63999938964844,0.0,1.8279999494552608,1.8329999446868896,1.807000041007996,1.8289999961853027,1.8289999961853027,0.0,14.25,16.06999969482422,12.25,15.859999656677246,15.859999656677246,0.0,-0.004546817361048178,0.007867861857666643,-0.004536496235673426,204.05299987792966,203.21699905395508,197.41079986572268,188.5342495727539,203.45039063120004,201.82643356200484,1.6239570691951997,1.992310938059041,58.80971250433445,69.45262322614916,58.26002261221843,-0.07344721162853912,-29.03216423988031,1.8564904111581215,200.15364510891055,206.2803529989996,3.014859937215381,0.09198161400889712,0.01064155309538186,0.001974381149439275,-0.010291568655196823,0.011772179733027579,-0.0013427398933420639,0.0,1.0,-0.5000000000000004,0.8660254037844384
2019-12-10,204.1699981689453,204.8800048828125,203.44000244140625,203.8999938964844,196.0772247314453,21799800.0,-0.0008335748481092,97.6500015258789,97.66000366210938,97.4000015258789,97.41000366210938,97.41000366210938,0.0,1.809999942779541,1.8489999771118164,1.8049999475479128,1.8329999446868896,1.8329999446868896,0.0,15.800000190734863,16.899999618530273,14.93000030517578,15.68000030517578,15.68000030517578,0.0,-0.000833574848109238,0.007052958095315678,-0.0008332275211099249,203.98199920654298,203.33499908447266,197.74339965820315,188.68099952697753,203.5195603643207,201.98003062381815,1.5395297405025588,1.9017546985477445,58.078449937886546,74.68229534898313,68.52394618013622,-0.34700489308891924,-31.525027072015487,1.8267412704615593,200.36319098411153,206.3068071848338,2.923065988385536,0.09179433409879495,-0.004546817361048178,0.01064155309538186,-0.00786331107649281,0.0019078489708071755,0.0028819449881677503,0.7818314824680298,0.6234898018587336,-0.5000000000000004,0.8660254037844384
2019-12-11,204.3600006103516,205.19000244140625,204.0399932861328,204.97999572753903,197.1158142089844,18780800.0,0.005282860021136,97.51000213623048,97.5999984741211,97.04000091552734,97.16000366210938,97.16000366210938,0.0,1.830000042915344,1.8359999656677248,1.7829999923706057,1.7899999618530271,1.7899999618530271,0.0,15.56999969482422,15.970000267028809,14.979999542236328,14.989999771118164,14.989999771118164,0.0,0.005282860021136011,0.005627369112540437,0.005296838931505565,203.87599945068362,203.50449905395507,198.1619995117188,188.8380995178223,203.74424272789275,202.2022502611308,1.5419924667619398,1.8298022521905837,61.364936550137074,74.58452286131083,72.90648047881437,-0.514462042872295,-15.689240104171676,1.7884032186372942,200.56523023483297,206.44376787307718,2.8886524207436004,0.09327911537813766,-0.000833574848109238,-0.004546817361048178,0.0050512724536856315,0.006964674392859644,0.0002483672425112132,0.9749279121818236,-0.22252093395631434,-0.5000000000000004,0.8660254037844384
2019-12-12,204.7700042724609,207.32000732421875,204.4900054931641,206.509994506836,198.5871124267578,32612000.0,0.0074364120100712,97.08000183105467,97.5199966430664,97.04000091552734,97.4000015258789,97.4000015258789,0.0,1.7929999828338623,1.924000024795532,1.777999997138977,1.8969999551773071,1.8969999551773071,0.0,14.9399995803833,15.550000190734863,13.600000381469728,13.9399995803833,13.9399995803833,0.0,0.00743641201007126,0.013820392498938187,0.007464130788682022,203.92299957275392,203.7584991455078,198.57079925537113,189.01349952697757,204.16974300157634,202.52134242747934,1.6484005740969963,1.7935219165718663,65.49220756933714,80.9244092673335,76.73040915920915,0.22811164629115455,-10.012505021812323,1.862803119524249,200.69854434943355,206.81845394158208,3.0035113223808088,0.09591192165930813,0.005282860021136011,-0.000833574848109238,0.001974381149439275,0.0,-0.000794519761318583,0.43388373911755823,-0.900968867902419,-0.5000000000000004,0.8660254037844384
2019-12-13,206.3999938964844,207.91000366210932,205.9600067138672,207.19000244140625,199.24102783203125,32519400.0,0.0032874295607334,96.77999877929688,97.23999786376952,96.72000122070312,97.16999816894533,97.16999816894533,0.0,1.878000020980835,1.906000018119812,1.815999984741211,1.819000005722046,1.819000005722046,0.0,13.18000030517578,14.350000381469728,12.539999961853027,12.630000114440918,12.630000114440918,0.0,0.003287429560733462,0.009447659912335612,0.0032928390834758847,204.131999206543,203.97249908447264,198.93839935302734,189.19359954833988,204.6343983000117,202.86716909517762,1.7672292048340807,1.7882633742243093,67.17081462298488,88.66777250587234,81.39223487817222,1.0190132987298965,-8.294937356399002,1.8690312501469548,200.5816402664315,207.3633579025138,3.324819603878924,0.09356310451493671,0.00743641201007126,0.005282860021136011,0.01064155309538186,-0.004572785346530384,0.007320835781516846,-0.433883739117558,-0.9009688679024191,-0.5000000000000004,0.8660254037844384
2019-12-16,208.5500030517578,209.52999877929688,208.47999572753903,209.2700042724609,201.2412109375,21296600.0,0.0099889560295252,97.18000030517578,97.18000030517578,96.93000030517578,97.06999969482422,97.06999969482422,0.0,1.8489999771118164,1.8940000534057613,1.8450000286102293,1.8919999599456787,1.8919999599456787,0.0,12.470000267028809,12.529999732971191,11.710000038146973,12.140000343322754,12.140000343322754,0.0,0.009988956029525294,0.005034778405144649,0.010039012181542128,204.75899963378907,204.28249893188473,199.3589993286133,189.3662995910645,205.34756844961925,203.34145318238376,2.0061152672354865,1.8318337528265447,71.70479046225717,93.05611328557049,87.54943168625877,3.0886720553994627,-2.524217765077208,1.902671613557217,200.1800681128138,208.38492975095565,4.016429053414721,0.09878432950094918,0.003287429560733462,0.00743641201007126,-0.004546817361048178,-0.010291568655196823,0.0007884923215890748,0.0,1.0,-0.5000000000000004,0.8660254037844384
2019-12-17,209.5399932861328,209.7100067138672,209.0399932861328,209.38999938964844,201.35662841796875,15996100.0,0.0005733636515062,97.13999938964844,97.3000030517578,97.02999877929688,97.20999908447266,97.20999908447266,0.0,1.8609999418258667,1.8940000534057613,1.8559999465942385,1.8890000581741333,1.8890000581741333,0.0,12.229999542236328,12.470000267028809,11.899999618530272,12.289999961853027,12.289999961853027,0.0,0.000573363651506209,0.0031975443791269604,0.000573528055864303,205.556999206543,204.58349914550783,199.83839935302737,189.5347995758057,205.96948090193143,203.78949364218113,2.1799872597503054,1.901464454211297,71.94550707244163,95.37578102582147,92.36655560575477,3.9620652313410254,-3.053501801059366,1.8146246002841568,199.9181942000463,209.24880409096937,4.5607832156037125,0.09883963386945159,0.009988956029525294,0.003287429560733462,-0.000833574848109238,-0.00786331107649281,0.0014759594784361813,0.7818314824680298,0.6234898018587336,-0.5000000000000004,0.8660254037844384
2019-12-18,209.57000732421875,210.1300048828125,209.3300018310547,209.5500030517578,201.5104522705078,15443300.0,0.0007636457153631,97.23999786376952,97.4800033569336,97.22000122070312,97.41000366210938,97.41000366210938,0.0,1.8910000324249268,1.934000015258789,1.883999943733216,1.924000024795532,1.924000024795532,0.0,12.239999771118164,12.699999809265137,11.93000030517578,12.579999923706056,12.579999923706056,0.0,0.0007636457153631347,0.003817354696753694,0.0007639373669872107,206.26900024414067,204.95349960327147,200.28479949951173,189.69749961853032,206.52033046344317,204.21619804289054,2.3041324205526337,1.9819980474795644,72.2840963643424,96.36705572904859,94.93298334681351,3.5172704804570203,-5.321113246717601,1.742151632532275,199.94003793353556,209.96696127300737,4.892291841262006,0.094889558058453,0.000573363651506209,0.009988956029525294,0.005282860021136011,0.0050512724536856315,-0.006016793186998062,0.9749279121818236,-0.22252093395631434,-0.5000000000000004,0.8660254037844384
2019-12-19,209.63999938964844,210.92999267578125,209.6199951171875,210.8600006103516,202.7701873779297,17865900.0,0.0062320035193053,97.4000015258789,97.48999786376952,97.22000122070312,97.41999816894533,97.41999816894533,0.0,1.9470000267028809,1.9470000267028809,1.8980000019073489,1.9079999923706048,1.9079999923706048,0.0,12.550000190734863,12.779999732971191,12.43000030517578,12.5,12.5,0.0,0.00623200351930538,0.006248795851973442,0.006251462855786816,207.07200012207034,205.41149978637696,200.72839965820313,189.86824958801273,207.187972024506,204.70833156640617,2.479640458099823,2.0815265296036163,74.949774347317,97.00905400491202,96.25063025326068,3.9589797893831378,-0.5982229374869585,1.7162829176387866,199.9923042477685,210.83069532498544,5.276428577995206,0.09488075317427559,0.0007636457153631347,0.000573363651506209,0.00743641201007126,0.001974381149439275,-0.002228649098145903,0.43388373911755823,-0.900968867902419,-0.5000000000000004,0.8660254037844384
2019-12-20,211.8600006103516,212.5200042724609,211.2700042724609,211.7100067138672,203.58758544921875,27672600.0,0.0040230517460699,97.4000015258789,97.76000213623048,97.37999725341795,97.70999908447266,97.70999908447266,0.0,1.934999942779541,1.940000057220459,1.914999961853028,1.9170000553131104,1.9170000553131104,0.0,12.550000190734863,12.609999656677246,12.039999961853027,12.510000228881836,12.510000228881836,0.0,0.004023051746069924,0.005900122705554851,0.004031155081814619,207.74300079345704,205.9055000305176,201.1403997802734,190.03504959106448,207.8836696690231,205.2269741699218,2.6566954991013176,2.1965603235031566,76.52730511079287,95.99529265944363,96.45713413113475,3.273174006764482,-6.094785837464512,1.712262970815253,200.0752735576318,211.7357265034034,5.663011888484479,0.09489423304413089,0.00623200351930538,0.0007636457153631347,0.003287429560733462,0.01064155309538186,0.0006442497045822083,-0.433883739117558,-0.9009688679024191,-0.5000000000000004,0.8660254037844384
2019-12-23,212.0,212.1499938964844,211.6300048828125,211.8099975585937,204.12535095214844,23774700.0,0.0026379629723235,97.66999816894533,97.81999969482422,97.58000183105467,97.66000366210938,97.66000366210938,0.0,1.9119999408721924,1.940000057220459,1.8980000019073489,1.934999942779541,1.934999942779541,0.0,12.8100004196167,12.899999618530272,12.40999984741211,12.609999656677246,12.609999656677246,0.0,0.002637962972323577,0.002452778366376903,0.002641445458194891,208.51699981689455,206.28499984741214,201.55479980468746,190.20184959411625,208.48772011357244,205.71460553204565,2.7731145815267837,2.311871175107882,76.7130859887219,95.55299774175418,96.18578146870328,3.7928112689670943,-6.647997999785993,1.6271005453050138,199.95043965339661,212.61956004142766,6.141561624646641,0.08822021095773036,0.004023051746069924,0.00623200351930538,0.009988956029525294,-0.004546817361048178,0.011772179733027579,0.0,1.0,-0.5000000000000004,0.8660254037844384
2019-12-24,212.0,212.08999633789065,211.44000244140625,211.9199981689453,204.2314300537109,7089000.0,0.0005195412878282,97.66000366210938,97.8000030517578,97.62000274658205,97.6500015258789,97.6500015258789,0.0,1.934999942779541,1.9490000009536743,1.901000022888184,1.909999966621399,1.909999966621399,0.0,12.649999618530272,12.84000015258789,12.5600004196167,12.670000076293944,12.670000076293944,0.0,0.0005195412878282054,0.0030660089456811482,0.000519676272778824,209.31900024414065,206.6504997253418,201.92279968261715,190.3661995697022,209.01576289132208,206.17426424589007,2.8414986454320115,2.417796669172708,76.92941571056308,93.8797285531605,95.1426729847861,3.933302850677127,-5.618030503267968,1.5573072132463988,199.89340004435385,213.40759940632975,6.5396403008642885,0.08836295718983572,0.002637962972323577,0.004023051746069924,0.000573363651506209,-0.000833574848109238,0.0019078489708071755,0.7818314824680298,0.6234898018587336,-0.5000000000000004,0.8660254037844384
2019-12-25,212.0,212.08999633789065,211.44000244140625,211.9199981689453,204.2314300537109,7089000.0,0.0,97.66000366210938,97.8000030517578,97.62000274658205,97.6500015258789,97.6500015258789,0.0,1.934999942779541,1.9490000009536743,1.901000022888184,1.909999966621399,1.909999966621399,0.0,12.649999618530272,12.84000015258789,12.5600004196167,12.670000076293944,12.670000076293944,0.0,0.0,0.0030660089456811482,0.0,210.0130004882813,206.9444999694824,202.3003997802734,190.52699958801276,209.46256831864872,206.5998741661164,2.8626941525323275,2.506776165844632,76.92941571056308,93.7086586982493,94.380461664388,3.3856974270947795,-6.607995402198119,1.4924991191919705,199.79874592164214,214.09025401732265,6.905961790619247,0.08646826166087486,0.0005195412878282054,0.002637962972323577,0.0007636457153631347,0.005282860021136011,0.006964674392859644,0.9749279121818236,-0.22252093395631434,-0.5000000000000004,0.8660254037844384
2019-12-26,212.259994506836,213.8099975585937,212.22999572753903,213.7899932861328,206.0335235595703,17067500.0,0.0087850793984733,97.62999725341795,97.70999908447266,97.48999786376952,97.58999633789062,97.58999633789062,0.0,1.9119999408721924,1.9210000038146973,1.8960000276565552,1.9049999713897705,1.9049999713897705,0.0,12.739999771118164,12.75,11.720000267028809,12.649999618530272,12.649999618530272,0.0,0.008785079398473391,0.007443709940375853,0.00882378145903151,210.74100036621095,207.3319999694824,202.70519958496092,190.68309951782228,210.12832600595397,207.13247558241392,2.9958504235400483,2.604591017383716,80.5007944861501,95.86035625754766,94.48291450298582,3.525252517042623,-0.1929053218909016,1.5208919956531428,199.57811366727157,215.08588627169325,7.47968119089398,0.0899783200408531,0.0,0.0005195412878282054,0.00623200351930538,0.00743641201007126,0.0,0.43388373911755823,-0.900968867902419,-0.5000000000000004,0.8660254037844384
2019-12-27,214.5399932861328,214.5599975585937,213.0399932861328,213.6100006103516,205.86007690429688,18134100.0,-0.0008421916015692,97.54000091552734,97.5500030517578,96.91999816894533,96.91999816894533,96.91999816894533,0.0,1.89300000667572,1.89300000667572,1.870000004768372,1.8739999532699585,1.8739999532699585,0.0,12.609999656677246,13.720000267028809,11.890000343322754,13.43000030517578,13.43000030517578,0.0,-0.0008421916015692608,0.007084946024183217,-0.0008418370577606415,211.38300018310548,207.75749969482422,203.14359954833986,190.85834953308108,210.66396825278437,207.61229225115002,3.0516760016343483,2.6940080142338427,79.22945068852744,94.88531916694724,94.81811137424806,3.0986042247675196,-8.543141775069262,1.5208285868536957,199.59605541029643,215.918943979352,7.856702450227949,0.08732425835905912,0.008785079398473391,0.0,0.004023051746069924,0.003287429560733462,-0.004572785346530384,-0.433883739117558,-0.9009688679024191,-0.5000000000000004,0.8660254037844384
2019-12-30,213.5,213.6300048828125,211.16000366210932,212.2100067138672,204.5108795166016,21815500.0,-0.0065755250361242,97.0,97.0,96.61000061035156,96.73999786376952,96.73999786376952,0.0,1.9229999780654907,1.940000057220459,1.8949999809265137,1.8949999809265137,1.8949999809265137,0.0,13.739999771118164,15.140000343322754,13.4399995803833,14.81999969482422,14.81999969482422,0.0,-0.006575525036124208,0.01156909236863317,-0.0065539535784906455,211.6770004272461,208.2180000305176,203.51999969482424,191.02829956054688,210.9018203237202,207.95286369283278,2.948956630887409,2.7449977375645562,69.97290895492631,89.64188198690974,93.46251913713488,1.404884781088128,-22.33830694231065,1.588626632128659,200.147998725231,216.2880013358042,7.75149247817559,0.08108023236973697,-0.0008421916015692608,0.008785079398473391,0.002637962972323577,0.009988956029525294,-0.010291568655196823,0.0,1.0,-0.5000000000000004,0.8660254037844384
2019-12-31,211.52999877929688,212.759994506836,211.1999969482422,212.6100006103516,204.8963623046875,18170900.0,0.0018831269338889,96.7300033569336,96.7300033569336,96.36000061035156,96.38999938964844,96.38999938964844,0.0,1.8980000019073489,1.9299999475479128,1.8949999809265137,1.919000029563904,1.919000029563904,0.0,14.84000015258789,15.390000343322754,13.75,13.779999732971191,13.779999732971191,0.0,0.00188312693388892,0.007374828949067667,0.001884901130918104,211.99900054931643,208.7779998779297,203.93519958496094,191.19609954833984,211.16461729089426,208.29783679783415,2.866780493060105,2.769354288663666,71.0148648911212,83.25137249067564,89.25952454817752,1.5378008644582573,-19.364433810593194,1.5865816983047412,201.15515011341398,216.4008496424454,7.30234964313549,0.07166863799574008,-0.006575525036124208,-0.0008421916015692608,0.0005195412878282054,0.000573363651506209,-0.00786331107649281,0.7818314824680298,0.6234898018587336,-0.5000000000000004,0.8660254037844384
2020-01-01,211.52999877929688,212.759994506836,211.1999969482422,212.6100006103516,204.8963623046875,18170900.0,0.0,96.7300033569336,96.7300033569336,96.36000061035156,96.38999938964844,96.38999938964844,0.0,1.8980000019073489,1.9299999475479128,1.8949999809265137,1.919000029563904,1.919000029563904,0.0,14.84000015258789,15.390000343322754,13.75,13.779999732971191,13.779999732971191,0.0,0.0,0.007374828949067667,0.0,212.3050003051758,209.28700027465823,204.34299957275388,191.3696495819092,211.38698395542616,208.6172563395021,2.7697276159240687,2.769428954115747,71.0148648911212,78.54095066319445,83.81140171359327,1.4602708251156524,-22.674407257512787,1.5846828311825316,202.10196261770588,216.47203793161057,6.866205399784074,0.07182011038697904,0.00188312693388892,-0.006575525036124208,0.0,0.0007636457153631347,0.0050512724536856315,0.9749279121818236,-0.22252093395631434,0.0,1.0
2020-01-02,214.3999938964844,216.16000366210932,213.97999572753903,216.16000366210932,208.31756591796875,30969400.0,0.01655937303857,96.4800033569336,96.87000274658205,96.43000030517578,96.8499984741211,96.8499984741211,0.0,1.902999997138977,1.902999997138977,1.8509999513626096,1.8819999694824217,1.8819999694824217,0.0,13.460000038146973,13.720000267028809,12.420000076293944,12.470000267028809,12.470000267028809,0.0,0.016559373038570004,0.010167947745478132,0.01669723939849077,212.83500061035159,209.95350036621093,204.78439971923828,191.55889961242679,212.12129467953125,209.17597836339894,2.945316316132306,2.804606426519059,78.64303484171093,85.98705297729799,82.59312537705603,2.513517517033308,0.0,1.7250628469379028,202.81754930506474,217.08945142735712,6.797649049622245,0.08724249450439595,0.0,0.00188312693388892,0.008785079398473391,0.00623200351930538,0.001974381149439275,0.43388373911755823,-0.900968867902419,0.0,1.0
2020-01-03,213.3000030517578,215.47000122070312,213.27999877929688,214.17999267578125,206.4093780517578,27518900.0,-0.0092022057379075,96.79000091552734,97.11000061035156,96.70999908447266,96.83999633789062,96.83999633789062,0.0,1.8279999494552608,1.840000033378601,1.7860000133514404,1.787999987602234,1.787999987602234,0.0,15.010000228881836,16.200000762939453,13.130000114440918,14.020000457763672,14.020000457763672,0.0,-0.009202205737907549,0.010267240553554236,-0.009159995019154321,213.08199920654297,210.4125,205.15519958496094,191.7314995574951,212.4380174481851,209.54664609024206,2.8913713579430294,2.821959412803853,67.90829732508519,83.17216340076295,82.56672234708512,1.1666836160712646,-27.80910254019835,1.807558706643227,203.43900134721238,217.3859986527876,6.628407202792241,0.09329265095294588,0.016559373038570004,0.0,-0.0008421916015692608,0.004023051746069924,0.01064155309538186,-0.433883739117558,-0.9009688679024191,0.0,1.0
2020-01-06,212.5,215.58999633789065,212.2400054931641,215.5599975585937,207.73931884765625,21655300.0,0.0064225500523329,96.9000015258789,96.9000015258789,96.54000091552734,96.66999816894533,96.66999816894533,0.0,1.784999966621399,1.815999984741211,1.7660000324249268,1.8109999895095823,1.8109999895095823,0.0,15.449999809265137,16.389999389648438,13.539999961853027,13.850000381469728,13.850000381469728,0.0,0.006422550052332908,0.015764662798713237,0.00644321885202781,213.45699920654297,210.98699951171878,205.51499938964844,191.89909957885743,212.91832208055564,209.9920795323422,2.9262425482134518,2.842816039885773,70.89066482607123,87.80201246385755,85.65374294730617,1.7704546731617923,-8.784860068228962,1.9177324307920367,204.32746704146632,217.64653198197124,6.312742003691626,0.09070707631611337,-0.009202205737907549,0.016559373038570004,-0.006575525036124208,0.002637962972323577,-0.004546817361048178,0.0,1.0,0.0,1.0
2020-01-07,215.63999938964844,216.13999938964844,214.8500061035156,215.52999877929688,207.7103881835937,22139300.0,-0.0001392739656312,96.6500015258789,97.08999633789062,96.62000274658205,96.9800033569336,96.9800033569336,0.0,1.7970000505447388,1.8279999494552608,1.7970000505447388,1.8270000219345093,1.8270000219345093,0.0,13.84000015258789,14.460000038146973,13.390000343322754,13.789999961853027,13.789999961853027,0.0,-0.00013927396563142498,0.005982161425450113,-0.00013926426746291298,213.81799926757813,211.56849975585936,205.90479949951174,192.06309959411618,213.3201184957466,210.40229577285737,2.917822722889241,2.8578173764864667,70.73677097327234,84.59098259804477,85.18838615422176,1.7034733114114242,-9.63308959743835,1.872893920459237,205.51071027701823,217.6262892347005,5.726551434482496,0.09036625372491584,0.006422550052332908,-0.009202205737907549,0.00188312693388892,0.0005195412878282054,-0.000833574848109238,0.7818314824680298,0.6234898018587336,0.0,1.0
2020-01-08,215.5,218.13999938964844,215.16000366210932,217.1499938964844,209.2716064453125,26397300.0,0.0074882156882227,96.83000183105467,97.33000183105467,96.81999969482422,97.3000030517578,97.3000030517578,0.0,1.8229999542236328,1.8760000467300413,1.8020000457763672,1.8739999532699585,1.8739999532699585,0.0,15.15999984741211,15.239999771118164,12.829999923706056,13.449999809265137,13.449999809265137,0.0,0.0074882156882227005,0.013828286438696609,0.0075163224881118484,214.34099884033208,212.17699966430663,206.30799926757814,192.22994956970214,213.90933009586013,210.9021252634964,3.007204832363726,2.8876948676619185,74.01708151849867,89.13286062172514,87.17528522787582,2.467910425032031,-14.183468469157246,1.951972620964943,206.47106347106572,217.88293585754755,5.378468167867862,0.09147569372402795,-0.00013927396563142498,0.006422550052332908,0.0,0.0,0.005282860021136011,0.9749279121818236,-0.22252093395631434,0.0,1.0
2020-01-09,218.94000244140625,219.41000366210932,217.7100067138672,218.9900054931641,211.0448760986328,23547000.0,0.0084378331467561,97.2699966430664,97.55999755859376,97.25,97.4499969482422,97.4499969482422,0.0,1.86899995803833,1.899999976158142,1.8509999513626096,1.8580000400543213,1.8580000400543213,0.0,12.949999809265137,13.239999771118164,12.529999732971191,12.539999961853027,12.539999961853027,0.0,0.008437833146756151,0.00776467036304657,0.008473531997202466,214.86100006103518,212.80100021362307,206.7461993408203,192.4063495635986,214.69097246467612,211.50122750273104,3.189744961945081,2.948104886518551,77.15013551977623,90.36418501236619,88.02934274404537,2.432299158207874,-5.090886896305779,1.973975274154941,206.9761229028814,218.62587752436474,5.474483019247363,0.09218729732235957,0.0074882156882227005,-0.00013927396563142498,0.016559373038570004,0.008785079398473391,0.00743641201007126,0.43388373911755823,-0.900968867902419,0.0,1.0
2020-01-10,219.8500061035156,219.8699951171875,218.0399932861328,218.42999267578125,210.5051422119141,21898500.0,-0.0025607124099415,97.43000030517578,97.58000183105467,97.3000030517578,97.36000061035156,97.36000061035156,0.0,1.8530000448226929,1.8630000352859497,1.815999984741211,1.825000047683716,1.825000047683716,0.0,12.420000076293944,12.869999885559082,12.09000015258789,12.5600004196167,12.5600004196167,0.0,-0.0025607124099415028,0.008323865272912649,-0.0025574365826653844,215.34299926757816,213.36299972534178,207.13739929199218,192.575199508667,215.2662063433077,212.01446936740143,3.2517369759062547,3.0088313043960917,74.21691354853584,88.06429312495237,89.18711291968123,2.256444947173546,-16.53276525967986,1.9636914567906372,207.64968986114698,219.07630958953658,5.355483257687074,0.0942940973341893,0.008437833146756151,0.0074882156882227005,-0.009202205737907549,-0.0008421916015692608,0.003287429560733462,-0.433883739117558,-0.9009688679024191,0.0,1.0
2020-01-13,219.3300018310547,220.97999572753903,218.97999572753903,220.9499969482422,212.93377685546875,22756900.0,0.011471129201829,97.3499984741211,97.52999877929688,97.30999755859376,97.3499984741211,97.3499984741211,0.0,1.8339999914169312,1.8580000400543213,1.8339999914169312,1.8480000495910645,1.8480000495910645,0.0,12.84000015258789,13.09000015258789,12.31999969482422,12.31999969482422,12.31999969482422,0.0,0.011471129201829052,0.009118679539065332,0.0115371749024058,216.21699829101567,213.9469993591309,207.5543991088867,192.75429946899413,216.14063566714375,212.67636029931555,3.4642753678282077,3.0999201170825152,78.22825373003774,92.6902870154321,90.37292171758355,4.118557069817892,-0.30548679771803533,2.005570856431148,207.6384775661717,220.2555211520901,5.89727531758436,0.09593580284724111,-0.0025607124099415028,0.008437833146756151,0.006422550052332908,-0.006575525036124208,0.009988956029525294,0.0,1.0,0.0,1.0
2020-01-14,220.83999633789065,221.2100067138672,219.7400054931641,220.0800018310547,212.0953521728516,24418100.0,-0.0039452626319853,97.36000061035156,97.55999755859376,97.33000183105467,97.37000274658205,97.37000274658205,0.0,1.8420000076293943,1.8530000448226929,1.812999963760376,1.8179999589920044,1.8179999589920044,0.0,12.720000267028809,13.81999969482422,12.050000190734863,12.390000343322754,12.390000343322754,0.0,-0.0039452626319853535,0.006656408463501142,-0.003937490308013714,216.96399841308596,214.48149948120118,207.95179901123046,192.9322994995117,216.74669200005312,213.22477819055547,3.521913809497647,3.1843188555655417,73.95068485693058,90.63930722571597,90.46462912203347,3.5134759415166457,-11.243826265454205,1.9673158824505728,207.9898605307867,220.97313843161567,6.053332307091093,0.09864427810618927,0.011471129201829052,-0.0025607124099415028,-0.00013927396563142498,0.00188312693388892,0.000573363651506209,0.7818314824680298,0.6234898018587336,0.0,1.0
2020-01-15,220.1999969482422,221.1999969482422,219.4499969482422,220.1699981689453,212.1820831298828,25742100.0,0.000408840777391,97.37999725341795,97.44000244140624,97.16000366210938,97.2300033569336,97.2300033569336,0.0,1.7949999570846558,1.8020000457763672,1.7799999713897705,1.787999987602234,1.787999987602234,0.0,12.789999961853027,12.829999923706056,11.949999809265137,12.420000076293944,12.420000076293944,0.0,0.0004088407773910337,0.00794732072776248,0.00040892436417250266,217.71999816894532,215.01249923706058,208.35999908447266,193.10579948425288,217.27335448757498,213.73923892969546,3.5341155578795167,3.254278196028337,74.10840417833104,92.70078211620435,92.01012545245081,3.5558052475851594,-10.3483405882147,1.951793319418389,208.48205744142345,221.5429410326977,6.074476431658083,0.09873977580592272,-0.0039452626319853535,0.011471129201829052,0.0074882156882227005,0.0,0.0007636457153631347,0.9749279121818236,-0.22252093395631434,0.0,1.0
2020-01-16,221.2700042724609,222.32000732421875,220.8000030517578,222.27999877929688,214.2155303955078,18805000.0,0.0095378708345957,97.18000030517578,97.36000061035156,97.08999633789062,97.31999969482422,97.31999969482422,0.0,1.781000018119812,1.820000052452088,1.7799999713897705,1.809000015258789,1.809000015258789,0.0,12.199999809265137,12.420000076293944,11.779999732971191,12.31999969482422,12.31999969482422,0.0,0.009537870834595756,0.00686945470742288,0.009583501281681173,218.33199768066407,215.58349914550783,208.79699920654298,193.2920494842529,218.0436074555322,214.37188780744373,3.6717196480884695,3.3377664864403638,77.5416771697018,92.68311125250094,92.00773353147375,2.831233814537694,-0.3584993888282706,1.9659515934080354,208.60044944887008,222.56654884214558,6.478278462234764,0.10103209107561553,0.0004088407773910337,-0.0039452626319853535,0.008437833146756151,0.016559373038570004,0.00623200351930538,0.43388373911755823,-0.900968867902419,0.0,1.0
2020-01-17,223.27999877929688,223.5599975585937,222.1199951171875,223.3800048828125,215.2755889892578,24325200.0,0.0049363569978339,97.30999755859376,97.66000366210938,97.2699966430664,97.61000061035156,97.61000061035156,0.0,1.8179999589920044,1.850000023841858,1.815999984741211,1.8359999656677248,1.8359999656677248,0.0,12.210000038146973,12.479999542236328,11.75,12.100000381469728,12.100000381469728,0.0,0.004936356997833912,0.006449312295229707,0.004948560880683184,219.2519989013672,216.1669990539551,209.23999938964846,193.47979949951173,218.8645916751138,215.0391557389525,3.825435936161284,3.435300376384548,79.09778279238941,95.94563622423017,93.77650986431182,4.295458269511631,-1.456251350266513,1.9283837968364754,208.6193080889145,223.7146900189957,6.983203724965164,0.10123707279598052,0.009537870834595756,0.0004088407773910337,-0.0025607124099415028,-0.009202205737907549,0.004023051746069924,-0.433883739117558,-0.9009688679024191,0.0,1.0
2020-01-20,223.27999877929688,223.5599975585937,222.1199951171875,223.3800048828125,215.2755889892578,24325200.0,0.0,97.30999755859376,97.66000366210938,97.2699966430664,97.61000061035156,97.61000061035156,0.0,1.8179999589920044,1.850000023841858,1.815999984741211,1.8359999656677248,1.8359999656677248,0.0,12.210000038146973,12.479999542236328,11.75,12.100000381469728,12.100000381469728,0.0,0.0,0.006449312295229707,0.0,220.03399963378905,216.74549942016603,209.68839935302736,193.66739952087403,219.55927063014437,215.6569964162755,3.9022742138688784,3.5286951438814147,79.09778279238941,98.9096659702129,95.846137815648,3.6277636912169506,-1.456251350266513,1.893499414305741,208.83884636053818,224.65215247979387,7.2957944508924895,0.10172189888300057,0.004936356997833912,0.009537870834595756,0.011471129201829052,0.006422550052332908,0.002637962972323577,0.0,1.0,0.0,1.0
2020-01-21,222.759994506836,223.83999633789065,222.66000366210932,223.27999877929688,215.17921447753903,21146300.0,-0.0004477799413685,97.62999725341795,97.66000366210938,97.38999938964844,97.52999877929688,97.52999877929688,0.0,1.7970000505447388,1.7970000505447388,1.7660000324249268,1.7690000534057615,1.7690000534057615,0.0,13.229999542236328,13.329999923706056,12.31999969482422,12.850000381469728,12.850000381469728,0.0,-0.0004477799413685174,0.005297148073619314,-0.00044767970289272263,220.80899963378909,217.3134994506836,210.12319946289065,193.85129951477052,220.1316903453986,216.22166325798077,3.9100270874178307,3.6049615325886983,78.52410829583187,97.41997610967601,97.42509276803969,3.595787149767497,-4.827568970438945,1.8425346472682835,209.23612675080042,225.39087215056676,7.433843475256559,0.10204919463216186,0.0,0.004936356997833912,-0.0039452626319853535,-0.00013927396563142498,0.0005195412878282054,0.7818314824680298,0.6234898018587336,0.0,1.0
2020-01-22,224.41000366210932,225.1499938964844,223.58999633789065,223.8699951171875,215.74783325195312,20736400.0,0.0026390504259422,97.62000274658205,97.69000244140624,97.44000244140624,97.52999877929688,97.52999877929688,0.0,1.784999966621399,1.784999966621399,1.758999943733215,1.7690000534057615,1.7690000534057615,0.0,12.449999809265137,13.010000228881836,12.3100004196167,12.90999984741211,12.90999984741211,0.0,0.0026390504259422723,0.006951550880693422,0.0026425357848558484,221.48099975585936,217.91099929809567,210.5687994384766,194.03489952087403,220.70681415644304,216.78820635866276,3.9186077977802825,3.6676907856270153,79.47011714211668,94.60046183194707,96.97670130394532,3.09463569402932,-9.914794183453346,1.8444961094053725,209.74603667883005,226.0759619173613,7.49385083411618,0.101582576010967,-0.0004477799413685174,0.0,0.0004088407773910337,0.0074882156882227005,0.0,0.9749279121818236,-0.22252093395631434,0.0,1.0
2020-01-23,223.7400054931641,224.69000244140625,222.6999969482422,224.58999633789065,216.4416961669922,26496100.0,0.0032109223567586,97.4800033569336,97.8000030517578,97.43000030517578,97.69000244140624,97.69000244140624,0.0,1.7400000095367432,1.7519999742507937,1.715000033378601,1.7400000095367432,1.7400000095367432,0.0,13.260000228881836,14.149999618530272,12.9399995803833,12.979999542236328,12.979999542236328,0.0,0.0032109223567586688,0.008894276590267014,0.003216082889827998,222.04099884033204,218.45099945068358,211.03199951171877,194.22089950561528,221.30422679974268,217.36611672749447,3.9381100722482074,3.721774642951254,80.59357828744722,93.6399763883519,95.22013810999167,2.557190147612179,-4.3377076810520165,1.8548896368167076,210.0097382972453,226.89226060412187,7.728287968161893,0.0990812702229249,0.0026390504259422723,-0.0004477799413685174,0.009537870834595756,0.008437833146756151,0.008785079398473391,0.43388373911755823,-0.900968867902419,0.0,1.0
2020-01-24,225.63999938964844,225.8800048828125,221.6699981689453,222.6999969482422,214.6202545166016,37436500.0,-0.0084510010127982,97.72000122070312,97.9499969482422,97.66999816894533,97.8499984741211,97.8499984741211,0.0,1.7339999675750732,1.7389999628067017,1.6699999570846558,1.680999994277954,1.680999994277954,0.0,12.75,15.979999542236328,12.619999885559082,14.5600004196167,14.5600004196167,0.0,-0.008451001012798243,0.018658069159967955,-0.00841539168582972,222.4679992675782,218.90549926757814,211.4277993774414,194.39744949340826,221.5189606687426,217.76121896606838,3.757741702674224,3.7289680548958484,69.79623958474637,85.63898687772584,91.2931416993416,1.954861701982001,-28.8305375023171,2.023112285177456,210.58370751809196,227.22729101706432,7.603090627992015,0.10589563957438308,0.0032109223567586688,0.0026390504259422723,0.004936356997833912,-0.0025607124099415028,-0.0008421916015692608,-0.433883739117558,-0.9009688679024191,0.0,1.0
2020-01-27,217.6699981689453,219.27999877929688,217.17999267578125,218.1000061035156,210.18716430664065,42264400.0,-0.020871816007023,97.87999725341795,98.0,97.77999877929688,97.95999908447266,97.95999908447266,0.0,1.6119999885559082,1.6269999742507937,1.6050000190734863,1.6050000190734863,1.6050000190734863,0.0,17.420000076293945,19.020000457763672,16.81999969482422,18.229999542236328,18.229999542236328,0.0,-0.020871816007023092,0.009647659857495373,-0.020655507188479416,222.1830001831055,219.19999923706052,211.72839935302733,194.5483495330811,220.9929676587077,217.786314309583,3.206653349124707,3.6245051137416207,51.6568028722301,64.7523825340997,81.34378193339248,-1.2898804634942833,-72.57460721433175,2.2728902842691334,211.48081426251156,226.9191842116095,7.043052008591312,0.13066344067690255,-0.008451001012798243,0.0032109223567586688,0.0,0.011471129201829052,-0.006575525036124208,0.0,1.0,0.0,1.0
2020-01-28,219.63999938964844,221.9600067138672,219.0599975585937,221.4499969482422,213.41558837890625,26731900.0,0.0152429915131159,97.9499969482422,98.16000366210938,97.9000015258789,98.0199966430664,98.0199966430664,0.0,1.6239999532699585,1.6549999713897705,1.6130000352859497,1.6410000324249268,1.6410000324249268,0.0,16.940000534057617,18.030000686645508,15.6899995803833,16.280000686645508,16.280000686645508,0.0,0.015242991513115908,0.013203465504153388,0.015359758446313432,222.31999969482422,219.64199905395506,212.08999938964843,194.70404953002932,221.0632798570976,218.05769820874292,3.005581648354678,3.500720420664232,59.84209456844117,49.22509843236719,66.5388226147309,0.6224986849278483,-50.919559986249574,2.3862553075607376,212.52257033313765,226.76142777477247,6.482757169833008,0.13965710796892838,-0.020871816007023092,-0.008451001012798243,-0.0004477799413685174,-0.0039452626319853535,0.00188312693388892,0.7818314824680298,0.6234898018587336,0.0,1.0
2020-01-29,222.67999267578125,222.92999267578125,220.8300018310547,221.8099975585937,213.7625732421875,28924500.0,0.0016245443740681,97.9499969482422,98.19000244140624,97.94000244140624,97.98999786376952,97.98999786376952,0.0,1.6369999647140503,1.6369999647140503,1.5889999866485596,1.593999981880188,1.593999981880188,0.0,15.68000030517578,16.649999618530273,14.9399995803833,16.389999389648438,16.389999389648438,0.0,0.0016245443740681748,0.009430532215725899,0.00162586466113801,222.48399963378904,220.10199890136718,212.48319946289064,194.86454948425293,221.1781595034816,218.33564630873187,2.8425131947497277,3.3690789754813313,60.613862075363905,43.241401685741515,52.406294217402795,0.7448786861459403,-46.78162774219413,2.365807845929725,213.7479040187994,226.45609378393496,5.773772990962428,0.13946177437153257,0.015242991513115908,-0.020871816007023092,0.0026390504259422723,0.0004088407773910337,0.0,0.9749279121818236,-0.22252093395631434,0.0,1.0
2020-01-30,220.3800048828125,222.6999969482422,219.69000244140625,222.6000061035156,214.5238800048828,39568100.0,0.0035551325929996,98.02999877929688,98.06999969482422,97.79000091552734,97.87000274658205,97.87000274658205,0.0,1.5700000524520874,1.587000012397766,1.534000039100647,1.5579999685287476,1.5579999685287476,0.0,17.81999969482422,18.38999938964844,15.300000190734863,15.489999771118164,15.489999771118164,0.0,0.0035551325929996263,0.013658201470848083,0.003561459572404946,222.51600036621093,220.4239990234375,212.9011996459961,195.02514953613283,221.39690513425606,218.65152481204916,2.7453803222068984,3.244339244826445,62.32498837839926,54.865909925331096,49.11080334781327,0.14396586556420612,-37.70108249556301,2.4118211788515977,214.2611901904356,226.58680785643938,5.591776630771138,0.1288362762115495,0.0016245443740681748,0.015242991513115908,0.0032109223567586688,0.009537870834595756,0.016559373038570004,0.43388373911755823,-0.900968867902419,0.0,1.0
2020-01-31,223.52999877929688,223.5599975585937,218.2899932861328,219.07000732421875,211.1219787597656,52015800.0,-0.0159849960365046,97.87000274658205,97.97000122070312,97.36000061035156,97.38999938964844,97.38999938964844,0.0,1.5499999523162842,1.555999994277954,1.5119999647140503,1.5199999809265137,1.5199999809265137,0.0,16.25,19.989999771118164,16.18000030517578,18.84000015258789,18.84000015258789,0.0,-0.015984996036504676,0.023576272989041788,-0.01585791402355663,222.08500061035159,220.66849975585936,213.24599975585937,195.16724960327147,221.03892085578877,218.6825235166543,2.3563973391344746,3.066750863688051,51.54839970050729,45.747188528212604,47.95150004642841,-1.9294464430040728,-78.27572417760504,2.6159771141094037,215.199812306841,226.1371872048777,4.956473130572538,0.13819642056042286,0.0035551325929996263,0.0016245443740681748,-0.008451001012798243,0.004936356997833912,-0.009202205737907549,-0.433883739117558,-0.9009688679024191,0.0,1.0
2020-02-03,220.13999938964844,222.88999938964844,219.9900054931641,222.3800048828125,214.31187438964844,25408600.0,0.0149962462397181,97.37000274658205,97.88999938964844,97.37000274658205,97.8000030517578,97.8000030517578,0.0,1.5549999475479126,1.5750000476837158,1.5149999856948853,1.5199999809265137,1.5199999809265137,0.0,18.63999938964844,18.8799991607666,17.100000381469727,17.969999313354492,17.969999313354492,0.0,0.014996246239718111,0.013173407397677642,0.015109254131767225,221.9850006103516,221.0095001220703,213.60919982910156,195.32404960632323,221.2452414753309,218.9564110252586,2.2888304500722825,2.911166780964898,58.750731909370465,47.931121572038805,49.5147400085275,-0.4476676417500351,-40.229828610715515,2.7019781820608526,216.05575817488906,225.96324206925155,4.4828316832037896,0.14569976250866087,-0.015984996036504676,0.0035551325929996263,-0.020871816007023092,0.0,0.006422550052332908,0.0,1.0,0.49999999999999994,0.8660254037844387
2020-02-04,225.4199981689453,227.8600006103516,224.6499938964844,227.47000122070312,219.2171630859375,30691200.0,0.0226305396895899,97.81999969482422,98.01000213623048,97.79000091552734,97.95999908447266,97.95999908447266,0.0,1.5770000219345093,1.618000030517578,1.5750000476837158,1.6030000448226929,1.6030000448226929,0.0,16.450000762939453,16.459999084472656,15.630000114440918,16.049999237060547,16.049999237060547,0.0,0.022630539689589963,0.014240115073824935,0.022888553003696632,222.4040008544922,221.60650024414062,214.0663998413086,195.5136996459961,222.20289682077276,219.58704733603227,2.615849484740494,2.852103321720017,66.89923047891587,59.28092341543001,50.986411171893806,1.8765686422042198,-3.6516769653894054,2.9004080067378695,216.55627121042954,226.6567292778517,4.557834745954937,0.16351230459814692,0.014996246239718111,-0.015984996036504676,0.015242991513115908,-0.0004477799413685174,-0.00013927396563142498,0.7818314824680298,0.6234898018587336,0.49999999999999994,0.8660254037844387
2020-02-05,230.2100067138672,230.25,226.8500061035156,228.22000122070312,219.9400177001953,38534800.0,0.0032920116017785,97.94000244140624,98.31999969482422,97.9000015258789,98.2699966430664,98.2699966430664,0.0,1.652999997138977,1.656000018119812,1.628000020980835,1.64900004863739,1.64900004863739,0.0,16.290000915527344,16.31999969482422,15.020000457763672,15.149999618530272,15.149999618530272,0.0,0.003292011601778566,0.014769096899902908,0.003297436222976957,222.83900146484373,222.1600006103516,214.51000000000002,195.7101496887207,223.1286051899928,220.22652540156344,2.9020797884293756,2.862098615061889,67.90528911032582,80.19558678776943,62.46921059174608,1.9430947417667834,-15.53173406058681,2.9360927131483363,216.75243171648964,227.56756950421357,4.86817508012736,0.1625567743858436,0.022630539689589963,0.014996246239718111,0.0016245443740681748,0.0026390504259422723,0.0074882156882227005,0.9749279121818236,-0.22252093395631434,0.49999999999999994,0.8660254037844387
2020-02-06,228.7899932861328,230.25,227.97999572753903,230.19000244140625,221.8384704589844,22467100.0,0.0085946441299713,98.29000091552734,98.56999969482422,98.20999908447266,98.5,98.5,0.0,1.6369999647140503,1.6679999828338623,1.6369999647140503,1.6440000534057615,1.6440000534057615,0.0,15.130000114440918,15.65999984741211,14.699999809265137,14.960000038146973,14.960000038146973,0.0,0.008594644129971355,0.009921781280101787,0.00863168412297255,223.3990020751953,222.7200004577637,214.9930001831055,195.92054969787597,224.21497399790258,220.9645607378481,3.250413260054472,2.939761544060406,70.4461946763205,93.45251378202707,77.6430079950755,2.493435235241071,-0.45904762794259923,2.8885149673849524,216.44459113740714,228.99540977812023,5.63524542695626,0.16263385774032746,0.003292011601778566,0.022630539689589963,0.0035551325929996263,0.0032109223567586688,0.008437833146756151,0.43388373911755823,-0.900968867902419,0.49999999999999994,0.8660254037844387
2020-02-07,229.16000366210932,230.44000244140625,228.5399932861328,229.1999969482422,220.88442993164065,25884900.0,-0.004309883239761,98.45999908447266,98.70999908447266,98.41999816894533,98.68000030517578,98.68000030517578,0.0,1.616000056266785,1.6349999904632568,1.5709999799728394,1.5779999494552612,1.5779999494552612,0.0,15.06999969482422,16.15999984741211,14.8100004196167,15.470000267028809,15.470000267028809,0.0,-0.0043098832397610275,0.00829119010695668,-0.004300609021374191,224.04900207519532,223.2585006713867,215.47500000000002,196.11099967956542,224.98190060564713,221.57459304972917,3.407307555917953,3.0332707464319153,67.55186375214582,91.55258363038254,88.40022806672634,2.9187247818017115,-9.351467420322946,2.8179074093769874,216.6915153292008,229.82548601357263,5.882853573268267,0.16347126209995805,0.008594644129971355,0.003292011601778566,-0.015984996036504676,-0.008451001012798243,-0.0025607124099415028,-0.433883739117558,-0.9009688679024191,0.49999999999999994,0.8660254037844387
2020-02-10,228.44000244140625,231.97999572753903,228.3800048828125,231.97000122070312,223.553939819336,21478900.0,0.0120131031586166,98.6999969482422,98.87999725341795,98.5999984741211,98.83000183105467,98.83000183105467,0.0,1.5700000524520874,1.5750000476837158,1.5440000295639038,1.5470000505447388,1.5470000505447388,0.0,15.880000114440918,16.43000030517578,15.010000228881836,15.039999961853027,15.039999961853027,0.0,0.01201310315861691,0.015759021214552447,0.01208555029669367,225.43600158691407,223.8095008850098,216.05440002441406,196.32114967346192,226.05699300796343,222.34462328461612,3.712369723347308,3.169090541814994,71.12639556483107,96.70731817135507,93.90413852792156,6.3594657171190025,-0.06753043766921651,2.873770511901955,216.2794322339768,231.33956953604283,6.728998207186802,0.16388066765153914,-0.0043098832397610275,0.008594644129971355,0.014996246239718111,-0.020871816007023092,0.011471129201829052,0.0,1.0,0.49999999999999994,0.8660254037844387
2020-02-11,233.25,234.0200042724609,231.3999938964844,232.009994506836,223.5924835205078,30198000.0,0.0001723985668025,98.86000061035156,98.9499969482422,98.70999908447266,98.72000122070312,98.72000122070312,0.0,1.5950000286102295,1.60099995136261,1.5729999542236328,1.590000033378601,1.590000033378601,0.0,14.90999984741211,15.270000457763672,14.380000114440918,15.18000030517578,15.18000030517578,0.0,0.0001723985668022813,0.011232627549738501,0.0001724134282892198,226.49200134277342,224.40600051879886,216.66639984130862,196.54999961853028,226.97283939240538,223.06057670848426,3.9122626839211136,3.3177249702362177,71.17576731235805,92.88169512917504,93.71386564363755,4.768569746723417,-11.93591675448269,2.8556447879072797,216.25535466566808,232.55664637192965,7.264195996798214,0.16240003225816943,0.01201310315861691,-0.0043098832397610275,0.022630539689589963,0.015242991513115908,-0.0039452626319853535,0.7818314824680298,0.6234898018587336,0.49999999999999994,0.8660254037844387
2020-02-12,233.3800048828125,234.3800048828125,232.8000030517578,234.2700042724609,225.77052307128903,24471300.0,0.0096939738039697,98.7699966430664,99.0500030517578,98.70999908447266,99.0500030517578,99.0500030517578,0.0,1.625,1.6390000581741333,1.618000030517578,1.6299999952316284,1.6299999952316284,0.0,14.859999656677246,14.880000114440918,13.729999542236328,13.739999771118164,13.739999771118164,0.0,0.009693973803969753,0.006770082260680629,0.009741112565536891,227.7380020141602,225.11100082397462,217.3032000732422,196.79249961853031,228.09548014318315,223.89090467618624,4.204575466996914,3.495095069588357,73.89252144189506,95.78567160981953,95.12489497011654,5.617423403368353,-0.6395379783894817,2.82095661562651,216.1084137373486,234.11358791060064,7.998353748749568,0.1640446920196294,0.0001723985668022813,0.01201310315861691,0.003292011601778566,0.0016245443740681748,0.0004088407773910337,0.9749279121818236,-0.22252093395631434,0.49999999999999994,0.8660254037844387
2020-02-13,232.63999938964844,234.92999267578125,232.3600006103516,233.97000122070312,225.4813537597656,22773200.0,-0.0012816316826696,98.98999786376952,99.11000061035156,98.8499984741211,99.06999969482422,99.06999969482422,0.0,1.6019999980926514,1.6260000467300415,1.600000023841858,1.6169999837875366,1.6169999837875366,0.0,14.43000030517578,15.4399995803833,14.0,14.149999618530272,14.149999618530272,0.0,-0.0012816316826696102,0.01104707733911735,-0.0012808107435359206,228.87500152587896,225.69550094604494,217.92600006103518,197.0384996032715,228.99925261664777,224.63750442022453,4.361748196423235,3.668425694955333,72.91013909934235,94.00538090110247,94.22424921336568,5.107814378001473,-5.408402563820425,2.803030576326735,215.97730601622243,235.41369587586746,8.611775502025413,0.1629080264610044,0.009693973803969753,0.0001723985668022813,0.008594644129971355,0.0035551325929996263,0.009537870834595756,0.43388373911755823,-0.900968867902419,0.49999999999999994,0.8660254037844387
2020-02-14,234.33999633789065,234.8600006103516,233.5500030517578,234.63999938964844,226.1270751953125,23438500.0,0.0028596537805089,99.12000274658205,99.16000366210938,99.0,99.12000274658205,99.12000274658205,0.0,1.5989999771118164,1.6050000190734863,1.5729999542236328,1.5880000591278076,1.5880000591278076,0.0,14.119999885559082,14.539999961853027,13.380000114440918,13.68000030517578,13.68000030517578,0.0,0.0028596537805089363,0.005590157800911272,0.002863746490695984,230.4320007324219,226.2585006713867,218.51880004882815,197.28669960021978,229.86705981249403,225.37842997351518,4.488629838978852,3.832466523760037,73.74950287132137,97.40310376002918,95.73138542365038,7.107313436287262,-1.7427481777025466,2.6963853607743813,215.82667798288378,236.69032335988965,9.221154261650398,0.16267331976108407,-0.0012816316826696102,0.009693973803969753,-0.0043098832397610275,-0.015984996036504676,0.004936356997833912,-0.433883739117558,-0.9009688679024191,0.49999999999999994,0.8660254037844387
2020-02-17,234.33999633789065,234.8600006103516,233.5500030517578,234.63999938964844,226.1270751953125,23438500.0,0.0,99.12000274658205,99.16000366210938,99.0,99.12000274658205,99.12000274658205,0.0,1.5989999771118164,1.6050000190734863,1.5729999542236328,1.5880000591278076,1.5880000591278076,0.0,14.119999885559082,14.539999961853027,13.380000114440918,13.68000030517578,13.68000030517578,0.0,0.0,0.005590157800911272,0.0,231.65800018310551,226.8215003967285,219.13019989013674,197.56699958801275,230.60135820897935,226.064472152488,4.5368860564913405,3.9733504303062976,73.74950287132138,97.03536702692483,96.14795056268548,5.5130831179253645,-1.7427481777025466,2.597357660618624,215.84273332171233,237.8002674717447,9.680534742794189,0.16267331976108407,0.0028596537805089363,-0.0012816316826696102,0.01201310315861691,0.014996246239718111,0.0,0.0,1.0,0.49999999999999994,0.8660254037844387
2020-02-18,233.5,235.1699981689453,233.25,234.72999572753903,226.2137756347656,24394500.0,0.0003833411921816,99.19000244140624,99.47000122070312,99.13999938964844,99.45999908447266,99.45999908447266,0.0,1.5440000295639038,1.5759999752044678,1.5410000085830688,1.555999994277954,1.555999994277954,0.0,14.979999542236328,15.489999771118164,14.529999732971191,14.829999923706056,14.829999923706056,0.0,0.0003833411921816203,0.008222690231029176,0.0003834146768060265,232.38399963378907,227.39400024414064,219.74679992675783,197.83794960021976,231.23653321183468,226.706362787677,4.530170424157689,4.084714429076576,73.87560149139995,97.96928495473759,97.4692519138972,3.1916272334266567,-2.606648780382148,2.548974839784816,216.00628531231132,238.78171517596996,10.015844674532264,0.162503015651769,0.0,0.0028596537805089363,0.0001723985668022813,0.022630539689589963,-0.0004477799413685174,0.7818314824680298,0.6234898018587336,0.49999999999999994,0.8660254037844387
2020-02-19,236.1300048828125,237.47000122070312,235.8500061035156,236.97999572753903,228.38217163085932,22230500.0,0.0095399550071766,99.43000030517578,99.72000122070312,99.37999725341795,99.5999984741211,99.5999984741211,0.0,1.562999963760376,1.587000012397766,1.555999994277954,1.5700000524520874,1.5700000524520874,0.0,14.65999984741211,14.739999771118164,14.210000038146973,14.380000114440918,14.380000114440918,0.0,0.00953995500717638,0.006860606800018937,0.0095856054301251,233.25999908447264,228.04950027465821,220.38679992675782,198.10739959716798,232.12014282963534,227.46737263507418,4.652770194561157,4.198325582173492,76.86744436152394,97.69861031106267,97.56775409757502,3.838399114880576,-2.5547721087273323,2.5626198864547645,216.0244445424431,240.07455600687334,10.546004896070713,0.1644160664652158,0.0003833411921816203,0.0,0.009693973803969753,0.003292011601778566,0.0026390504259422723,0.9749279121818236,-0.22252093395631434,0.49999999999999994,0.8660254037844387
2020-02-20,236.4600067138672,236.9499969482422,231.8800048828125,234.77999877929688,226.2619781494141,42604000.0,-0.0093268938014535,99.54000091552734,99.91000366210938,99.52999877929688,99.87000274658205,99.87000274658205,0.0,1.5369999408721924,1.5479999780654907,1.506999969482422,1.524999976158142,1.524999976158142,0.0,14.539999961853027,17.209999084472656,14.489999771118164,15.5600004196167,15.5600004196167,0.0,-0.009326893801453396,0.021441224399374754,-0.009283533238628405,233.71899871826173,228.55900039672855,220.95220001220702,198.35664962768558,232.52935143727558,228.00904864575733,4.520302791518247,4.262721024042444,68.59541933113044,93.14984845478061,96.27258124019362,1.9940033403748654,-15.389033746548685,2.7438606691884626,216.29009257746674,240.82790821599036,10.735878086590915,0.16997585787007544,0.00953995500717638,0.0003833411921816203,-0.0012816316826696102,0.008594644129971355,0.0032109223567586688,0.43388373911755823,-0.900968867902419,0.49999999999999994,0.8660254037844387
2020-02-21,233.6100006103516,234.009994506836,229.32000732421875,230.2700042724609,221.91558837890625,66017200.0,-0.0193964462373968,99.86000061035156,99.87000274658205,99.2300033569336,99.26000213623048,99.26000213623048,0.0,1.4850000143051147,1.4919999837875366,1.4390000104904177,1.4709999561309814,1.4709999561309814,0.0,17.329999923706055,18.209999084472656,16.190000534057617,17.079999923706055,17.079999923706055,0.0,-0.019396446237396895,0.020076140449311844,-0.019209545527961724,233.82599945068364,228.9375007629395,221.41380004882814,198.59279968261723,232.18175956576565,228.17652684032797,4.005232725437679,4.211223364321491,55.427104349541196,75.29800118188527,88.71548664924285,0.46684438851033233,-56.162190599068154,2.9378700110377243,216.96619003201806,240.90881149386092,10.458147477828458,0.1830277263674651,-0.009326893801453396,0.00953995500717638,0.0028596537805089363,-0.0043098832397610275,-0.008451001012798243,-0.433883739117558,-0.9009688679024191,0.49999999999999994,0.8660254037844387
2020-02-24,221.67999267578125,224.25,220.259994506836,221.38999938964844,213.35775756835932,84522600.0,-0.0393267073041407,99.33999633789062,99.63999938964844,99.11000061035156,99.29000091552734,99.29000091552734,0.0,1.3960000276565552,1.4019999504089355,1.3519999980926514,1.3769999742507937,1.3769999742507937,0.0,22.25,26.350000381469727,22.0,25.030000686645508,25.030000686645508,0.0,-0.039326707304140826,0.017998942732732767,-0.03856345051315191,232.76799926757815,229.1020004272461,221.6561999511719,198.79999969482424,230.5214887694399,227.67382110324058,2.847667666199328,3.9385122246970585,39.392178260639035,45.00491716463469,71.15092226710019,-4.560935368961162,-93.43402416047908,3.443022850651095,217.67990165593113,240.5240991985611,9.97119077966514,0.22096669214683531,-0.019396446237396895,-0.009326893801453396,0.0,0.01201310315861691,-0.020871816007023092,0.0,1.0,0.49999999999999994,0.8660254037844387
2020-02-25,223.25,223.9900054931641,214.7400054931641,215.3699951171875,207.5562286376953,97743000.0,-0.0275680853855605,99.33000183105467,99.38999938964844,98.87999725341795,98.97000122070312,98.97000122070312,0.0,1.3739999532699585,1.3769999742507937,1.3070000410079956,1.3300000429153442,1.3300000429153442,0.0,22.190000534057617,30.25,22.190000534057617,27.850000381469727,27.850000381469727,0.0,-0.027568085385560458,0.04143337066069429,-0.02719155373952231,231.10399932861333,228.79800033569336,221.7757998657227,198.96769966125493,228.19048974601645,226.76242658575515,1.4280631602613028,3.436422411809908,32.523014854490356,17.72513583750521,46.00935139467505,-7.172104557400095,-97.22837772793713,3.857806932747445,216.25022126525553,241.3457794061312,10.96843421011344,0.2354979562643476,-0.039326707304140826,-0.019396446237396895,0.0003833411921816203,0.0001723985668022813,0.015242991513115908,0.7818314824680298,0.6234898018587336,0.49999999999999994,0.8660254037844387
2020-02-26,216.7100067138672,220.27999877929688,214.8999938964844,216.47999572753903,208.6259002685547,79537700.0,0.0051404128719922,99.08000183105467,99.2699966430664,98.91000366210938,99.0,99.0,0.0,1.36899995803833,1.38100004196167,1.3020000457763672,1.309999942779541,1.309999942779541,0.0,26.6299991607666,29.56999969482422,24.76000022888184,27.559999465942383,27.559999465942383,0.0,0.005140412871992209,0.02482582583238048,0.005153647461606958,229.32499847412112,228.53150024414066,221.91439971923828,199.14499961853028,226.3888752816353,226.0007650407021,0.38811024093320157,2.8267599776345667,34.78129151897021,5.664212659035821,22.798088553725236,-7.59380553228305,-92.34496013447632,3.96653535775209,215.15947353603994,241.90352695224138,11.702567649374688,0.23642412751832648,-0.027568085385560458,-0.039326707304140826,0.00953995500717638,0.009693973803969753,0.0016245443740681748,0.9749279121818236,-0.22252093395631434,0.49999999999999994,0.8660254037844387
2020-02-27,210.8999938964844,216.4199981689453,205.5,205.63999938964844,198.17922973632807,121822600.0,-0.0513708752844174,99.0199966430664,99.0500030517578,98.36000061035156,98.44000244140624,98.44000244140624,0.0,1.2719999551773071,1.3270000219345093,1.243000030517578,1.2990000247955322,1.2990000247955322,0.0,28.950000762939453,39.310001373291016,27.790000915527344,39.15999984741211,39.15999984741211,0.0,-0.05137087528441744,0.05177808669973292,-0.0500736989931696,226.49199829101565,227.68349990844732,221.80999969482423,199.28194961547848,223.19674052902192,224.4925601776611,-1.295819648639167,2.00224405237982,25.726279029807547,3.621523584286615,9.003624026942548,-12.108390683954005,-99.5620913847267,4.467496812736872,210.9892915582789,244.37770825861574,14.664398919448487,0.2948850313908749,0.005140412871992209,-0.027568085385560458,-0.009326893801453396,-0.0012816316826696102,0.0035551325929996263,0.43388373911755823,-0.900968867902419,0.49999999999999994,0.8660254037844387
2020-02-28,198.63999938964844,207.1699981689453,198.1699981689453,205.8000030517578,198.3334197998047,148173700.0,0.00077773090684,98.41999816894533,98.66000366210938,97.95999908447266,98.12999725341795,98.12999725341795,0.0,1.2109999656677246,1.2230000495910645,1.1269999742507937,1.1269999742507937,1.1269999742507937,0.0,42.02000045776367,49.47999954223633,39.369998931884766,40.11000061035156,40.11000061035156,0.0,0.0007777309068400826,0.045308095185530944,0.0007780334179408044,223.6079986572266,227.01999969482424,221.69179962158205,199.42014961242674,220.5203193786736,223.10792631648306,-2.587606937809454,1.0842738543419652,26.032384042176602,9.169239222454603,6.151658488592346,-12.291167922310757,-80.58523081343317,4.791247040398524,207.99259926617339,246.0474001234751,16.76275258059094,0.2918077839981017,-0.05137087528441744,0.005140412871992209,-0.019396446237396895,0.0028596537805089363,-0.015984996036504676,-0.433883739117558,-0.9009688679024191,0.49999999999999994,0.8660254037844387
2020-03-02,208.8800048828125,216.57000732421875,205.94000244140625,216.4199981689453,208.568115234375,112933900.0,0.0503161268154748,98.08000183105467,98.08999633789062,97.18000030517578,97.36000061035156,97.36000061035156,0.0,1.0670000314712524,1.1030000448226929,1.059000015258789,1.0880000591278076,1.0880000591278076,0.0,38.540000915527344,40.40999984741211,31.5,33.41999816894531,33.41999816894531,0.0,0.050316126815474815,0.05089048561051226,0.05160348389545799,221.78599853515624,226.72199935913088,221.78399963378905,199.61144958496095,219.8895007310231,222.61252423148025,-2.7230235004571455,0.3228143833821431,42.86395079629162,22.096777742967255,11.629180183236159,-7.765087482141774,-53.56234457293836,5.218301128402982,207.20815142822633,246.23584729003542,17.213898947666152,0.34328921446429816,0.0007777309068400826,-0.05137087528441744,-0.039326707304140826,0.0,0.014996246239718111,0.0,1.0,0.8660254037844386,0.5000000000000001
2020-03-03,217.1100006103516,219.6100006103516,207.6199951171875,209.47999572753903,201.8799285888672,131953500.0,-0.0325925719168989,97.55999755859376,97.6999969482422,96.9800033569336,97.1500015258789,97.1500015258789,0.0,1.1299999952316284,1.162999987602234,0.9079999923706056,1.0099999904632568,1.0099999904632568,0.0,33.650001525878906,41.060001373291016,24.93000030517578,36.81999969482422,36.81999969482422,0.0,-0.03259257191689897,0.05522548689354303,-0.03206715771484092,219.26099853515623,225.8224990844727,221.73519958496092,199.7713995361328,218.28803842279478,221.63974434229942,-3.3517059195046386,-0.41208967719521333,36.947186310489485,31.543680706951655,20.936565890791172,-10.757040199203486,-71.2213824927735,5.7019942973144895,204.84984065473614,246.79515751420925,18.57446314230309,0.3480400408569912,0.050316126815474815,0.0007777309068400826,-0.027568085385560458,0.0003833411921816203,0.022630539689589963,0.7818314824680298,0.6234898018587336,0.8660254037844386,0.5000000000000001
2020-03-04,213.32000732421875,218.3300018310547,211.3699951171875,218.22000122070312,210.3028259277344,73086200.0,0.0408754124791283,97.16999816894533,97.58999633789062,97.12000274658205,97.33999633789062,97.33999633789062,0.0,0.9919999837875366,1.0149999856948853,0.9509999752044678,0.9919999837875366,0.9919999837875366,0.0,34.439998626708984,35.58000183105469,30.299999237060547,31.989999771118164,31.989999771118164,0.0,0.04087541247912837,0.032627069542937336,0.041722311860039385,217.38499908447264,225.32249908447267,221.8611996459961,199.9823495483398,218.27757116093454,221.386430036996,-3.108858876061447,-0.9514435169684601,46.88991998216498,42.07802948090999,31.906162643609633,-7.916277679574557,-48.982184491558165,5.926852283471716,204.11500852633174,246.5299896426136,18.824121554048908,0.38251589374476586,-0.03259257191689897,0.050316126815474815,0.005140412871992209,0.00953995500717638,0.003292011601778566,0.9749279121818236,-0.22252093395631434,0.8660254037844386,0.5000000000000001
2020-03-05,212.69000244140625,216.3600006103516,210.1000061035156,211.58999633789065,203.9133453369141,78705500.0,-0.030853394380169,97.37999725341795,97.44000244140624,96.5199966430664,96.81999969482422,96.81999969482422,0.0,0.9520000219345092,0.9570000171661376,0.8989999890327454,0.9259999990463256,0.9259999990463256,0.0,33.61000061035156,42.84000015258789,33.540000915527344,39.619998931884766,39.619998931884766,0.0,-0.03085339438016907,0.029432481240205702,-0.03038228593759318,215.06599884033199,224.39249877929691,221.81719970703128,200.15644950866698,217.24871349585086,220.6607682815067,-3.4120547856558403,-1.4435657707059362,41.53882817812039,37.98133613401331,37.201015440624985,-9.877333061580687,-65.85242461362839,6.083505343022845,202.4646750875033,246.32032247109052,19.544168197316523,0.3931768641763681,0.04087541247912837,-0.03259257191689897,-0.05137087528441744,-0.009326893801453396,0.008594644129971355,0.43388373911755823,-0.900968867902419,0.8660254037844386,0.5000000000000001
2020-03-06,204.6699981689453,209.1499938964844,202.91000366210932,208.0200042724609,200.472900390625,89828400.0,-0.0170160483752025,96.61000061035156,96.6999969482422,95.70999908447266,95.9499969482422,95.9499969482422,0.0,0.7139999866485596,0.7889999747276306,0.6600000262260437,0.7059999704360962,0.7059999704360962,0.0,48.93000030517578,54.38999938964844,40.84000015258789,41.93999862670898,41.93999862670898,0.0,-0.01701604837520257,0.030488055358383653,-0.0168720930972156,212.84099884033205,223.33349914550783,221.70539978027344,200.32679954528808,215.8289120768678,219.72441539194776,-3.8955033150799636,-1.933953279580742,38.96057058860257,36.74300590355902,38.934123839494106,-9.662569847210007,-74.93637318413637,6.268968723934166,200.36231889687568,246.30467939413998,20.57119091987701,0.39579669411170104,-0.03085339438016907,0.04087541247912837,0.0007777309068400826,-0.019396446237396895,-0.0043098832397610275,-0.433883739117558,-0.9009688679024191,0.8660254037844386,0.5000000000000001
2020-03-09,193.47999572753903,201.16000366210932,192.1100006103516,193.57000732421875,186.54714965820312,116424000.0,-0.0719950571524424,95.79000091552734,95.79000091552734,94.6500015258789,94.9000015258789,94.9000015258789,0.0,0.4839999973773956,0.6010000109672546,0.3980000019073486,0.4990000128746032,0.4990000128746032,0.0,41.93999862670898,62.119998931884766,41.93999862670898,54.459999084472656,54.459999084472656,0.0,-0.07199505715244241,0.046774877256572076,-0.06946450470506138,210.05899963378909,221.4134994506836,221.33259979248047,200.44404960632323,212.40446519184488,217.78705183137524,-5.382586639530359,-2.6236799515706655,30.66418876048286,20.80997061519372,31.844770884255347,-12.566056344968972,-96.78129035665407,6.957614076660962,195.2802170604744,247.54678184089278,23.605861842249567,0.4560746643862383,-0.01701604837520257,-0.03085339438016907,0.050316126815474815,-0.039326707304140826,0.01201310315861691,0.0,1.0,0.8660254037844386,0.5000000000000001
2020-03-10,201.1100006103516,204.3000030517578,193.67999267578125,204.1100006103516,196.7047271728516,100599200.0,0.0530197371923616,95.33999633789062,96.58000183105467,95.2300033569336,96.41000366210938,96.41000366210938,0.0,0.6539999842643738,0.7559999823570251,0.5649999976158142,0.7480000257492065,0.7480000257492065,0.0,49.68000030517578,55.65999984741211,43.560001373291016,47.29999923706055,47.29999923706055,0.0,0.05301973719236164,0.05280697301847617,0.05445045680547489,208.9330001831055,220.01849975585935,221.16259979248048,200.59004959106443,211.128393717769,216.77393692611423,-5.645543208345231,-3.2280526029255787,40.600074439269044,18.348052816203364,25.300343111652033,-5.2282094823418195,-73.23817801059947,7.227069908866541,193.29492446723742,246.74207504448128,24.29211663407886,0.5060830764321906,-0.07199505715244241,-0.01701604837520257,-0.03259257191689897,-0.027568085385560458,0.0001723985668022813,0.7818314824680298,0.6234898018587336,0.8660254037844386,0.5000000000000001
2020-03-11,199.3500061035156,200.75,192.72999572753903,195.22000122070312,188.1373291015625,89168800.0,-0.044531587396886,96.33000183105467,96.62000274658205,95.91000366210938,96.51000213623048,96.51000213623048,0.0,0.7070000171661377,0.8619999885559082,0.675000011920929,0.8199999928474426,0.8199999928474426,0.0,52.2400016784668,55.81999969482422,49.97999954223633,53.900001525878906,53.900001525878906,0.0,-0.04453158739688601,0.04023077013750606,-0.043554612003607884,206.8070007324219,218.06599960327148,220.81479980468748,200.6850995635986,208.6809487182204,215.1773490960838,-6.496400377863381,-3.8817221579131393,35.92401584775265,12.467656179396894,17.208559870264658,-9.820766318562601,-92.57756309455579,7.523708121291256,190.05162350559124,246.08037570095172,25.693483760555914,0.5196257250420069,0.05301973719236164,-0.07199505715244241,0.04087541247912837,0.005140412871992209,0.009693973803969753,0.9749279121818236,-0.22252093395631434,0.8660254037844386,0.5000000000000001
2020-03-12,182.08999633789065,190.77999877929688,176.94000244140625,177.32000732421875,170.88668823242188,137820700.0,-0.0961714751653843,96.6500015258789,98.30999755859376,96.08000183105467,97.47000122070312,97.47000122070312,0.0,0.675000011920929,0.8489999771118164,0.6380000114440918,0.8489999771118164,0.8489999771118164,0.0,61.459999084472656,76.83000183105469,59.90999984741211,75.47000122070312,75.47000122070312,0.0,-0.09617147516538431,0.07600635189320773,-0.09169174959334192,203.97500152587892,215.23349990844724,220.03799987792968,200.68364959716797,203.8561885037586,212.37310155742713,-8.516913053668532,-4.808760337064218,28.745180539052157,11.662494036196358,14.15940101059887,-13.771635941200682,-99.19677678625567,8.292014596863087,182.87152562539802,247.59547419149646,30.071503085546503,0.6031079733085086,-0.04453158739688601,0.05301973719236164,-0.03085339438016907,-0.05137087528441744,-0.0012816316826696102,0.43388373911755823,-0.900968867902419,0.8660254037844386,0.5000000000000001
2020-03-13,187.07000732421875,194.47999572753903,178.1300048828125,192.33999633789065,185.3617248535156,134882000.0,0.0813084905626804,97.4499969482422,98.80999755859376,97.33999633789062,98.75,98.75,0.0,0.944000005722046,0.9860000014305116,0.8370000123977661,0.9509999752044678,0.9509999752044678,0.0,71.30999755859375,77.56999969482422,55.16999816894531,57.83000183105469,57.83000183105469,0.0,0.0813084905626804,0.08740038597630292,0.08470546635795473,202.62900085449223,213.11849975585938,219.6011999511719,200.74014961242676,202.08446663208662,210.88916783746149,-8.804701205374869,-5.607948510726349,39.64424483348007,13.652260703994354,12.59413697319587,-6.540333583222555,-67.26887800720547,8.925441297324316,180.5683010392803,245.66869847243845,30.546572685024877,0.6899848788642072,-0.09617147516538431,-0.04453158739688601,-0.01701604837520257,0.0007777309068400826,0.0028596537805089363,-0.433883739117558,-0.9009688679024191,0.8660254037844386,0.5000000000000001
2020-03-16,174.14999389648438,184.67999267578125,169.16000366210938,169.3000030517578,163.15768432617188,92054400.0,-0.1275920638133086,98.47000122070312,98.47000122070312,97.4499969482422,98.08999633789062,98.08999633789062,0.0,0.777999997138977,0.859000027179718,0.703000009059906,0.7279999852180481,0.7279999852180481,0.0,57.83000183105469,83.55999755859375,57.83000183105469,82.69000244140625,82.69000244140625,0.0,-0.12759206381330862,0.08911851597822641,-0.11978762360401396,197.9170013427735,209.85149993896488,218.67600006103518,200.6708996582031,197.04070300434373,207.8084889644464,-10.767785960102685,-6.639916000601616,31.647521208263733,11.269403151149826,12.194719297113513,-21.77247736616462,-99.72613575308938,9.94362353864267,173.50197370106176,246.201026176868,34.64309404362165,0.8047132605010531,0.0813084905626804,-0.09617147516538431,-0.07199505715244241,0.050316126815474815,0.0,0.0,1.0,0.8660254037844386,0.5000000000000001
2020-03-17,175.47000122070312,184.38999938964844,169.77999877929688,182.13999938964844,175.53179931640625,121257100.0,0.0731030974864036,98.13999938964844,99.83000183105467,97.9800033569336,99.58000183105467,99.58000183105467,0.0,0.7940000295639038,0.996999979019165,0.7429999709129333,0.996999979019165,0.996999979019165,0.0,82.69000244140625,84.83000183105469,70.37000274658203,75.91000366210938,75.91000366210938,0.0,0.07310309748640362,0.08326209898394744,0.07584144774632273,195.18300170898436,207.22200012207028,218.0082000732422,200.66459968566892,194.74828706362138,205.90711936631322,-11.158832302691849,-7.543699261019663,39.028683350877486,19.577807777099366,14.83315721074785,-13.051363803468123,-74.27156290840703,10.31122159573181,170.8414946470898,243.60250559705077,35.11258983462129,0.8639519011402638,-0.12759206381330862,0.0813084905626804,0.05301973719236164,-0.03259257191689897,0.0003833411921816203,0.7818314824680298,0.6234898018587336,0.8660254037844386,0.5000000000000001
2020-03-18,171.61000061035156,179.22000122070312,166.8000030517578,176.60000610351562,170.19284057617188,114156300.0,-0.0308880686939053,99.37999725341795,101.73999786376952,99.1500015258789,101.16000366210938,101.16000366210938,0.0,1.0820000171661377,1.2660000324249268,0.9990000128746032,1.2660000324249268,1.2660000324249268,0.0,69.37000274658203,85.47000122070312,69.37000274658203,76.44999694824219,76.44999694824219,0.0,-0.030888068693905323,0.07237339388597458,-0.03041590618353196,191.02100219726566,204.20300064086916,217.1972003173828,200.63589973449706,191.95624383898974,203.73622208758746,-11.779978248597729,-8.390955058535276,37.16393107987903,14.853133145032949,15.23344802442738,-19.072493302341204,-81.44290190340473,10.670419791600297,168.20094907275052,240.2050522089878,35.26104068513203,0.8620757442388146,0.07310309748640362,-0.12759206381330862,-0.04453158739688601,0.04087541247912837,0.00953995500717638,0.9749279121818236,-0.22252093395631434,0.8660254037844386,0.5000000000000001
2020-03-19,175.69000244140625,183.4900054931641,171.6300048828125,177.66000366210938,171.21435546875,120896500.0,0.0059841617446686,100.79000091552734,102.83999633789062,100.7699966430664,102.76000213623048,102.76000213623048,0.0,1.1369999647140503,1.225000023841858,1.006999969482422,1.11899995803833,1.11899995803833,0.0,80.62000274658203,84.26000213623047,68.56999969482422,72.0,72.0,0.0,0.005984161744668667,0.0675052674912847,0.006002102609721227,187.6280029296875,201.34700088500978,216.37060028076172,200.6070997619629,189.75682227331583,201.80465035236688,-12.047828079051044,-9.12232966263843,37.77652378980728,21.61660812048955,18.68251634754062,-16.035726292843286,-79.43571082671956,10.755389850082533,166.5146359060315,236.17936586398807,34.59933828254161,0.8650505444193358,-0.030888068693905323,0.07310309748640362,-0.09617147516538431,-0.03085339438016907,-0.009326893801453396,0.43388373911755823,-0.900968867902419,0.8660254037844386,0.5000000000000001
2020-03-20,181.7400054931641,182.8699951171875,170.10000610351562,170.6999969482422,164.5068359375,118983900.0,-0.0399641870362772,102.94000244140624,102.98999786376952,101.08999633789062,102.81999969482422,102.81999969482422,0.0,1.0160000324249268,1.031000018119812,0.9160000085830688,0.9380000233650208,0.9380000233650208,0.0,67.86000061035156,69.51000213623047,57.41999816894531,66.04000091552734,66.04000091552734,0.0,-0.03996418703627729,0.07026515146744727,-0.03917615151420084,183.89600219726563,198.36850051879887,215.41600036621094,200.54739974975584,186.82500299253527,199.50060195206134,-12.67559895952607,-9.832983522015958,35.34027194547653,15.502113674179418,17.323951646567306,-17.94058578872907,-92.61504624733745,10.899289790338916,163.76270765308936,232.97429338450837,34.890411305428,0.8698391986881303,0.005984161744668667,-0.030888068693905323,0.0813084905626804,-0.01701604837520257,-0.019396446237396895,-0.433883739117558,-0.9009688679024191,0.8660254037844386,0.5000000000000001
2020-03-23,170.9199981689453,174.2100067138672,164.92999267578125,170.4600067138672,164.6256866455078,124639800.0,0.0007222058290741,101.9499969482422,102.9800033569336,101.6500015258789,102.48999786376952,102.48999786376952,0.0,0.7149999737739563,0.8790000081062317,0.7149999737739563,0.7639999985694885,0.7639999985694885,0.0,74.08000183105469,76.73999786376953,60.459999084472656,61.59000015258789,61.59000015258789,0.0,0.0007222058290741428,0.054294489454142975,0.0007224666824967585,181.5850021362305,195.8220008850098,214.40620056152343,200.4809997558594,184.30731125735556,197.34944674923216,-13.042135491876593,-10.474813915988086,35.25584134708892,12.768357560820826,16.62902645182993,-11.93883336050281,-89.64417024348052,10.783627236606561,160.8555035878378,230.7884981821818,35.71253193118475,0.8665744580173639,-0.03996418703627729,0.005984161744668667,-0.12759206381330862,-0.07199505715244241,-0.039326707304140826,0.0,1.0,0.8660254037844386,0.5000000000000001
2020-03-24,179.91000366210938,183.8300018310547,177.9499969482422,183.66000366210932,177.37384033203125,94881800.0,0.0745852664918345,102.12999725341795,102.20999908447266,101.0500030517578,101.73999786376952,101.73999786376952,0.0,0.8230000138282776,0.8960000276565552,0.8100000023841858,0.8159999847412109,0.8159999847412109,0.0,58.7599983215332,61.880001068115234,36.2400016784668,61.66999816894531,61.66999816894531,0.0,0.07458526649183456,0.03268303464578763,0.07743720889665484,179.54000244140624,194.23650131225588,213.67780059814453,200.4672497558594,184.20772547347153,196.3354139279638,-12.127688454492272,-10.805388823688924,43.28213101883652,18.053077357866986,15.441182864289075,-10.01910581896551,-63.58155143558108,10.9683677995052,160.13717394459786,228.3358286799139,35.11114248587058,0.918076731921464,0.0007222058290741428,-0.03996418703627729,0.07310309748640362,0.05301973719236164,-0.027568085385560458,0.7818314824680298,0.6234898018587336,0.8660254037844386,0.5000000000000001
2020-03-25,184.4199981689453,189.509994506836,179.97999572753906,182.3000030517578,176.06040954589844,88754900.0,-0.0074324253116054,101.5999984741211,101.91000366210938,100.83999633789062,101.0500030517578,101.0500030517578,0.0,0.8450000286102295,0.8610000014305115,0.7829999923706055,0.8579999804496765,0.8579999804496765,0.0,61.43999862670898,68.86000061035156,58.02999877929688,63.95000076293945,63.95000076293945,0.0,-0.007432425311605447,0.051675517156043974,-0.007404873140673729,178.2480026245117,192.5275016784668,212.9204006958008,200.4431997680664,183.9142297162848,195.29575386305964,-11.381524146774836,-10.920615888306106,42.69485837511689,28.685056362123056,19.83549709360362,-6.618173388052998,-60.719109234569224,10.865627155204612,159.72049679470152,225.33450656223206,34.08033096337069,0.9167997712775185,0.07458526649183456,0.0007222058290741428,-0.030888068693905323,-0.04453158739688601,0.005140412871992209,0.9749279121818236,-0.22252093395631434,0.8660254037844386,0.5000000000000001
2020-03-26,183.8699951171875,192.72000122070312,183.6100006103516,191.8999938964844,185.3318328857422,79887600.0,0.0513207374070872,100.95999908447266,101.0199966430664,99.23999786376952,99.41999816894533,99.41999816894533,0.0,0.7870000004768372,0.8270000219345093,0.7699999809265137,0.8109999895095825,0.8109999895095825,0.0,65.66999816894531,67.05999755859375,57.65999984741211,61.0,61.0,0.0,0.05132073740708721,0.04954587943805283,0.05266046673273661,179.7060012817383,191.84050140380862,212.31280059814455,200.45844970703124,185.1428088209309,195.04421608775777,-9.90140726682688,-10.71677416401026,48.05293085753336,48.06775379469484,31.601962504894956,8.222414826324162,-31.496077945765155,10.833796513328949,159.61942383974645,224.0615789678708,33.59152767875583,0.9255137309509159,-0.007432425311605447,0.07458526649183456,0.005984161744668667,-0.09617147516538431,-0.05137087528441744,0.43388373911755823,-0.900968867902419,0.8660254037844386,0.5000000000000001
2020-03-27,186.92999267578125,190.509994506836,184.66000366210932,185.3000030517578,178.95773315429688,58845000.0,-0.0349982592808498,99.29000091552734,99.80999755859376,98.2699966430664,98.37000274658205,98.37000274658205,0.0,0.7760000228881836,0.7820000052452087,0.7310000061988831,0.7490000128746033,0.7490000128746033,0.0,64.94999694824219,69.0999984741211,61.79999923706055,65.54000091552734,65.54000091552734,0.0,-0.034998259280849854,0.03129508946631764,-0.03439290289313102,179.00200195312502,190.8155014038086,211.55120056152344,200.44209968566892,185.16699254875041,194.32242252953557,-9.155429980785158,-10.404505327365241,44.941770680965895,53.17490967281122,43.309239943209704,-3.660181667969583,-48.26008380123194,10.577096064832245,159.16498325877487,222.46601954884235,33.17394856516831,0.9320859960077273,0.05132073740708721,-0.007432425311605447,-0.03996418703627729,0.0813084905626804,0.0007777309068400826,-0.433883739117558,-0.9009688679024191,0.8660254037844386,0.5000000000000001
2020-03-30,187.0599975585937,192.4900054931641,186.33999633789065,192.0399932861328,185.46701049804688,49356900.0,0.0357273749224175,98.30999755859376,99.31999969482422,98.29000091552734,99.18000030517578,99.18000030517578,0.0,0.6570000052452087,0.6809999942779541,0.5989999771118164,0.6700000166893005,0.6700000166893005,0.0,66.30000305175781,67.69000244140625,56.59999847412109,57.08000183105469,57.08000183105469,0.0,0.03572737492241757,0.03287720108810031,0.03637326663127616,181.2760009765625,189.596501159668,210.92440032958984,200.46149963378903,186.22437727757847,194.1533536966909,-7.928976419112445,-9.909399545714681,48.60153608328416,65.3092666381149,55.517310035206975,13.431771898682724,-24.316038338658153,10.335160806016106,160.3083589088205,218.8846434105155,30.895234956031807,0.921957292519034,-0.034998259280849854,0.05132073740708721,0.0007222058290741428,-0.12759206381330862,0.050316126815474815,0.0,1.0,0.8660254037844386,0.5000000000000001
2020-03-31,191.72000122070312,195.25,189.1999969482422,190.3999938964844,183.88316345214844,62659300.0,-0.008576450566335,99.25,99.9499969482422,98.88999938964844,99.0500030517578,99.0500030517578,0.0,0.7009999752044678,0.7200000286102295,0.6510000228881836,0.6980000138282776,0.6980000138282776,0.0,56.68999862670898,58.75,50.880001068115234,53.540000915527344,53.540000915527344,0.0,-0.008576450566335037,0.03155645218671371,-0.008539777729986708,182.1020004272461,188.64250106811525,210.26680023193362,200.48884963989255,186.86677983433324,193.87532704482376,-7.008547210490519,-9.329229078669849,47.7694837227943,70.47593979249784,62.986705367807986,4.534970096911841,-15.996058482616359,10.02907810928337,160.8780122597308,216.4069898764997,29.436090648903352,0.916650631653758,0.03572737492241757,-0.034998259280849854,0.07458526649183456,0.07310309748640362,-0.03259257191689897,0.7818314824680298,0.6234898018587336,0.8660254037844386,0.5000000000000001
2020-04-01,184.7700042724609,187.66000366210932,180.8600006103516,182.3099975585937,176.07005310058594,53715400.0,-0.0434186298584607,99.01000213623048,99.83999633789062,98.91000366210938,99.66999816894533,99.66999816894533,0.0,0.6100000143051147,0.6430000066757202,0.5789999961853027,0.6349999904632568,0.6349999904632568,0.0,57.380001068115234,60.59000015258789,52.7599983215332,57.060001373291016,57.060001373291016,0.0,-0.04341862985846075,0.03680252689571018,-0.04248953631687813,182.6729995727539,186.84700088500978,209.4356002807617,200.47144966125487,186.16573640729638,193.0186359717697,-6.852899564473319,-8.833963175830544,43.78715831422609,72.33660172407708,69.37393605156328,3.2332906329182727,-42.678098006494224,9.994143479058332,162.73143198275181,210.96256978726774,25.813172047753955,0.9099123882052264,-0.008576450566335037,0.03572737492241757,-0.007432425311605447,-0.030888068693905323,0.04087541247912837,0.9749279121818236,-0.22252093395631434,1.0,6.123233995736766e-17
2020-04-02,181.2400054931641,190.1000061035156,180.97000122070312,186.009994506836,179.64341735839844,56465300.0,0.0200919265835411,99.51000213623048,100.41000366210938,99.33999633789062,100.18000030517578,100.18000030517578,0.0,0.5920000076293945,0.6349999904632568,0.578000009059906,0.6269999742507935,0.6269999742507935,0.0,54.459999084472656,57.2400016784668,50.45000076293945,50.90999984741211,50.90999984741211,0.0,0.020091926583541125,0.05037521852843263,0.020295127961204695,183.50799865722652,185.56800079345703,208.6640002441406,200.46899963378905,186.14177611491786,192.49947734473756,-6.357701229819696,-8.338710786628374,46.004249244416975,70.28363290610079,71.0320581408919,4.6999834924057655,-30.47494479258702,9.9324192936122,164.45087836917617,206.6851232177379,22.759443798486444,0.9115661000096087,-0.04341862985846075,-0.008576450566335037,0.05132073740708721,0.005984161744668667,-0.03085339438016907,0.43388373911755823,-0.900968867902419,1.0,6.123233995736766e-17
2020-04-03,185.5500030517578,187.07000732421875,181.2899932861328,183.3699951171875,177.0937957763672,47487600.0,-0.0142943595532809,100.1999969482422,100.8499984741211,100.13999938964844,100.58000183105467,100.58000183105467,0.0,0.5889999866485596,0.6069999933242798,0.5680000185966492,0.5870000123977661,0.5870000123977661,0.0,51.11000061035156,52.290000915527344,46.7400016784668,46.79999923706055,46.79999923706055,0.0,-0.014294359553280912,0.03115070839677456,-0.01419268025248377,184.77499847412105,184.33550033569338,207.8774002075195,200.45214958190917,185.7153482691132,191.82321940195607,-6.10787113284286,-7.892542855871271,44.65103476293603,62.554964171378835,68.39173293385224,7.422377501733039,-39.182064686782226,9.635818918217469,166.04809481222634,202.62290585916043,19.841436391974252,0.9111942899562318,0.020091926583541125,-0.04341862985846075,-0.034998259280849854,-0.03996418703627729,-0.01701604837520257,-0.433883739117558,-0.9009688679024191,1.0,6.123233995736766e-17
2020-04-06,190.47999572753903,197.6499938964844,189.19000244140625,196.47999572753903,189.75506591796875,64763500.0,0.0690546019177732,100.66000366210938,100.93000030517578,100.4800033569336,100.69000244140624,100.69000244140624,0.0,0.6449999809265137,0.6759999990463257,0.6420000195503235,0.6759999990463257,0.6759999990463257,0.0,44.16999816894531,45.72999954223633,43.45000076293945,45.2400016784668,45.2400016784668,0.0,0.06905460191777323,0.044414067854029425,0.07149471321734002,187.37699737548826,184.48099975585941,207.445,200.48824958801265,187.3714478781018,192.1681657964437,-4.796717918341898,-7.273377868365397,52.17440806833792,75.5890672097135,69.47588809573104,15.26457115383598,-3.575788891490228,9.967546051151714,165.84132531167393,203.1206742000449,20.207690189074295,0.9136618614811981,-0.014294359553280912,0.020091926583541125,0.03572737492241757,0.0007222058290741428,-0.07199505715244241,0.0,1.0,1.0,6.123233995736766e-17
2020-04-07,202.3699951171875,202.66000366210932,196.0,196.3999938964844,189.6778259277344,69904500.0,-0.0004071338724777,100.75,100.79000091552734,99.7699966430664,99.9800033569336,99.9800033569336,0.0,0.734000027179718,0.7839999794960022,0.7250000238418579,0.7360000014305115,0.7360000014305115,0.0,44.83000183105469,47.5099983215332,43.5099983215332,46.70000076293945,46.70000076293945,0.0,-0.0004071338724777418,0.03291003519693062,-0.0004070510047291531,188.65099639892577,184.09549942016605,206.94399993896485,200.52019958496092,188.76045495785297,192.48163454459484,-3.7211795867418687,-6.5629382120406925,52.12784358765279,80.21685122546134,72.78696086885122,6.936725460276934,-16.591592745343508,9.731293023362971,166.90235214585329,201.2886466944788,18.678509065637055,0.892642973618092,0.06905460191777323,-0.014294359553280912,-0.008576450566335037,0.07458526649183456,0.05301973719236164,0.7818314824680298,0.6234898018587336,1.0,6.123233995736766e-17
2020-04-08,198.1499938964844,201.1699981689453,196.1699981689453,200.57000732421875,193.70509338378903,45940400.0,0.0210098853837714,99.91000366210938,100.43000030517578,99.9000015258789,100.12000274658205,100.12000274658205,0.0,0.7630000114440918,0.7680000066757202,0.7289999723434448,0.7639999985694885,0.7639999985694885,0.0,45.900001525878906,47.27999877929688,42.52999877929688,43.34999847412109,43.34999847412109,0.0,0.021009885383771403,0.025233409810812568,0.0212321468593224,190.4779968261719,184.36299972534184,206.51920013427736,200.56584960937496,190.57730916806307,193.08077326901144,-2.503464100948378,-5.75104338982223,54.41172025424344,91.4310903605468,82.41233626524054,10.021944029959121,-5.539347281525853,9.393343521694188,166.29678100357938,202.4292184471043,19.598529801182377,0.8812932765618545,-0.0004071338724777418,0.06905460191777323,-0.04341862985846075,-0.007432425311605447,-0.04453158739688601,0.9749279121818236,-0.22252093395631434,1.0,6.123233995736766e-17
2020-04-09,202.3500061035156,203.22000122070312,199.02999877929688,200.8600006103516,193.98516845703125,68252600.0,0.0014448396028066,100.12999725341795,100.3000030517578,99.36000061035156,99.5199966430664,99.5199966430664,0.0,0.7269999980926514,0.7730000019073486,0.7129999995231628,0.7289999723434448,0.7289999723434448,0.0,43.0,45.72999954223633,41.38999938964844,41.66999816894531,41.66999816894531,0.0,0.001444839602806613,0.020706707758945078,0.0014458838864257473,191.3739974975586,185.53999938964847,206.08440002441407,200.61294960021968,192.15926169764592,193.65701233133294,-1.4977506336870192,-4.900384838595188,54.574024206375775,90.56852353097025,87.40548837232612,4.669102135928382,-6.163489380219856,9.02167630167362,166.37212625815232,204.70787252114462,20.661715203784304,0.8024587577800537,0.021009885383771403,-0.0004071338724777418,0.020091926583541125,0.05132073740708721,-0.09617147516538431,0.43388373911755823,-0.900968867902419,1.0,6.123233995736766e-17
2020-04-10,202.3500061035156,203.22000122070312,199.02999877929688,200.8600006103516,193.98516845703125,68252600.0,0.0,100.12999725341795,100.3000030517578,99.36000061035156,99.5199966430664,99.5199966430664,0.0,0.7269999980926514,0.7730000019073486,0.7129999995231628,0.7289999723434448,0.7289999723434448,0.0,43.0,45.72999954223633,41.38999938964844,41.66999816894531,41.66999816894531,0.0,0.0,0.020706707758945078,0.0,192.92999725341798,185.9659996032715,205.72019989013674,200.66199958801266,193.49783691498527,194.19056701866765,-0.6927301036823792,-4.058853891612626,54.57402420637577,92.98600839498266,91.66187409549991,8.397192284043069,-9.339138153306315,8.676556740225951,165.80862969810312,206.1233695084399,21.678554088565537,0.7520268331716503,0.001444839602806613,0.021009885383771403,-0.014294359553280912,-0.034998259280849854,0.0813084905626804,-0.433883739117558,-0.9009688679024191,1.0,6.123233995736766e-17
2020-04-13,200.0,203.4199981689453,198.75,203.02999877929688,196.0808868408203,42853900.0,0.0107455571732639,99.48999786376952,99.62999725341795,99.13999938964844,99.3499984741211,99.3499984741211,0.0,0.7409999966621399,0.7590000033378601,0.722000002861023,0.7490000128746033,0.7490000128746033,0.0,44.59999847412109,45.040000915527344,41.16999816894531,41.16999816894531,41.16999816894531,0.0,0.010745557173263965,0.023349990844726564,0.010803498022341262,194.02899780273438,187.65249938964845,205.33319976806644,200.72859954833982,194.9643233556486,194.8453397416772,0.11898361397138046,-3.2232863904958253,55.93548663103245,94.27785090602052,92.61079427732447,5.722769150897304,-1.6638197484122763,8.390373985134477,167.72337807207114,207.58162070722577,21.240453905381525,0.5745614008133653,0.0,0.001444839602806613,0.06905460191777323,0.03572737492241757,-0.12759206381330862,0.0,1.0,1.0,6.123233995736766e-17
2020-04-14,207.22999572753903,212.5,206.4199981689453,211.8600006103516,204.6086578369141,63959600.0,0.0425719064790492,99.37999725341795,99.43000030517578,98.83000183105467,98.88999938964844,98.88999938964844,0.0,0.746999979019165,0.7570000290870667,0.7300000190734863,0.7519999742507935,0.7519999742507935,0.0,40.2400016784668,40.56999969482422,37.310001373291016,37.7599983215332,37.7599983215332,0.0,0.042571906479049265,0.029339390804449594,0.043491087446053234,196.17499847412108,189.1384994506836,205.0209997558594,200.83459953308102,197.56365831791058,196.10568499120865,1.4579733267019321,-2.287034447056274,61.050943694317155,95.65809599441837,94.30731843180718,11.271012290858813,-2.022754115026304,8.467490216246524,166.66976820126496,211.60723070010226,23.759024539873966,0.5386134135931435,0.010745557173263965,0.0,-0.0004071338724777418,-0.008576450566335037,0.07310309748640362,0.7818314824680298,0.6234898018587336,1.0,6.123233995736766e-17
2020-04-15,208.47999572753903,211.8300018310547,207.1199951171875,209.42999267578125,202.2618560791016,47036000.0,-0.011535993409949,98.81999969482422,99.9800033569336,98.81999969482422,99.45999908447266,99.45999908447266,0.0,0.6869999766349792,0.6880000233650208,0.6269999742507935,0.6380000114440918,0.6380000114440918,0.0,42.56999969482422,43.22999954223633,40.04999923706055,40.84000015258789,40.84000015258789,0.0,-0.011535993409949005,0.02259212783188398,-0.011469708968439907,198.88699798583988,190.77999877929688,204.64519958496095,200.91894950866694,199.38924821912144,197.09267074562143,2.296577473500008,-1.3703120629450178,59.02032380924689,95.53683169634142,95.15759286559344,14.875758587222458,-9.702931047537122,8.201241307454922,167.39017224690141,214.16982531169234,24.52020828394479,0.5244357742872376,0.042571906479049265,0.010745557173263965,0.021009885383771403,-0.04341862985846075,-0.030888068693905323,0.9749279121818236,-0.22252093395631434,1.0,6.123233995736766e-17
2020-04-16,211.69000244140625,214.3699951171875,209.69000244140625,213.25,205.9510803222656,64657400.0,0.0180754912936377,99.62999725341795,100.3000030517578,99.61000061035156,100.02999877929688,100.02999877929688,0.0,0.6140000224113464,0.6240000128746033,0.593999981880188,0.609000027179718,0.609000027179718,0.0,41.91999816894531,43.02000045776367,39.869998931884766,40.11000061035156,40.11000061035156,0.0,0.018075491293637724,0.022107764286490698,0.01823984173131099,201.61099853515628,192.5594985961914,204.30639953613283,201.02309951782223,201.52167157002583,198.28950994964947,3.2321616203763597,-0.44981732628074245,61.204838666982226,94.97734765865017,95.39075844980331,14.644377344015737,-3.342271861486057,7.968295674165732,167.9870141094594,217.13198308292337,25.521965590762083,0.5253816564826603,-0.011535993409949005,0.042571906479049265,0.001444839602806613,0.020091926583541125,0.005984161744668667,0.43388373911755823,-0.900968867902419,1.0,6.123233995736766e-17
2020-04-17,216.1699981689453,216.509994506836,212.0800018310547,215.2899932861328,207.9212951660156,62863200.0,0.0095209530449852,99.86000061035156,100.29000091552734,99.62000274658205,99.77999877929688,99.77999877929688,0.0,0.6430000066757202,0.6579999923706055,0.5870000123977661,0.6539999842643738,0.6539999842643738,0.0,39.5,40.2599983215332,37.630001068115234,38.150001525878906,38.150001525878906,0.0,0.009520953044985288,0.02049309669845625,0.009566421504888734,204.8029983520508,194.78899841308595,204.02819946289063,201.1318994903564,203.63987491096537,199.5488050116112,4.091069899354181,0.45836011884624234,62.35882039234735,94.51087773104979,95.0083523620138,17.40742707035902,-3.422163897827457,7.715559745709701,170.47739231024767,219.10060451592423,24.961990975774764,0.4922370420729503,0.018075491293637724,-0.011535993409949005,0.0,-0.014294359553280912,-0.03996418703627729,-0.433883739117558,-0.9009688679024191,1.0,6.123233995736766e-17
2020-04-20,213.3600006103516,215.8800048828125,212.57000732421875,212.7400054931641,205.45852661132807,38249100.0,-0.0119154228773559,99.70999908447266,100.06999969482422,99.6500015258789,99.95999908447266,99.95999908447266,0.0,0.6240000128746033,0.6430000066757202,0.6119999885559082,0.6259999871253967,0.6259999871253967,0.0,40.68000030517578,43.83000183105469,39.880001068115234,43.83000183105469,43.83000183105469,0.0,-0.01191542287735596,0.015513674302235443,-0.011844715341548406,206.42899932861334,196.90299835205082,203.64359954833986,201.2248495483398,205.03989500053441,200.52593097320772,4.513964027326693,1.2694809005423326,59.95798468001761,94.2201860614172,94.56947048370571,8.275656616041966,-10.57500605643491,7.400876732344276,174.19910899397644,219.6068877101252,23.06098896217027,0.4979891647249688,0.009520953044985288,0.018075491293637724,0.010745557173263965,0.06905460191777323,0.0007222058290741428,0.0,1.0,1.0,6.123233995736766e-17
2020-04-21,210.6000061035156,211.16000366210932,203.6300048828125,204.88999938964844,197.877197265625,72932800.0,-0.0375975741410392,99.94000244140624,100.4800033569336,99.93000030517578,100.26000213623048,100.26000213623048,0.0,0.550000011920929,0.578000009059906,0.5429999828338623,0.5709999799728394,0.5709999799728394,0.0,44.27999877929688,47.77000045776367,43.77000045776367,45.40999984741211,45.40999984741211,0.0,-0.037597574141039286,0.035754978922439444,-0.0368995605621415,207.27799987792972,197.96449813842776,203.10119964599608,201.28354957580567,205.01683413732118,200.84919530035148,4.167638836969701,1.8491124878278065,53.17128981951642,84.43576110104298,91.05560829783664,4.322813521897979,-32.69554674260867,7.5229570093447995,175.891194647751,220.0378016291045,22.300264641634755,0.4664555547910377,-0.01191542287735596,0.009520953044985288,0.042571906479049265,-0.0004071338724777418,0.07458526649183456,0.7818314824680298,0.6234898018587336,1.0,6.123233995736766e-17
2020-04-22,209.1000061035156,212.3500061035156,208.3300018310547,210.97000122070312,203.74913024902344,40089100.0,0.0292428609444538,100.20999908447266,100.5,99.9000015258789,100.38999938964844,100.38999938964844,0.0,0.5830000042915344,0.6359999775886536,0.5809999704360962,0.6190000176429749,0.6190000176429749,0.0,44.90999984741211,45.06999969482422,41.40999984741211,41.97999954223633,41.97999954223633,0.0,0.02924286094445387,0.01922527094748526,0.02967463186531849,208.31799926757816,199.397998046875,202.63519958496093,201.37739959716797,205.932705996303,201.59888462778494,4.333821368518073,2.34605426396586,57.21109879296115,80.33325592471765,86.3297343623926,5.1852188845328815,-15.729679426803445,7.518460559667825,177.89150347057412,220.90449262317586,21.571424775533668,0.47114448398333564,-0.037597574141039286,-0.01191542287735596,-0.011535993409949005,0.021009885383771403,-0.007432425311605447,0.9749279121818236,-0.22252093395631434,1.0,6.123233995736766e-17
2020-04-23,211.7899932861328,214.44000244140625,210.1000061035156,210.5200042724609,203.3145294189453,43278500.0,-0.0021352974400251,100.4499969482422,100.69000244140624,100.04000091552734,100.43000030517578,100.43000030517578,0.0,0.621999979019165,0.6299999952316284,0.593999981880188,0.6129999756813049,0.6129999756813049,0.0,41.29999923706055,42.470001220703125,39.060001373291016,41.380001068115234,41.380001068115234,0.0,-0.002135297440025185,0.020491980147651384,-0.002133019314227047,209.28399963378908,200.32899856567383,202.16619964599607,201.46789962768554,206.638444192635,202.25970830516835,4.378735887466661,2.75259058866602,56.82039875579798,76.54982459304928,80.43961387293663,4.809321732926191,-21.925300051440054,7.291427400969456,178.57846107934546,222.0795360520022,21.714816768474876,0.4422280006941262,0.02924286094445387,-0.037597574141039286,0.018075491293637724,0.001444839602806613,0.05132073740708721,0.43388373911755823,-0.900968867902419,1.0,6.123233995736766e-17
2020-04-24,210.97000122070312,214.3000030517578,209.5,213.83999633789065,206.52088928222656,34231900.0,0.0156473800812017,100.5,100.87000274658205,100.22000122070312,100.37999725341795,100.37999725341795,0.0,0.6019999980926514,0.6209999918937683,0.5910000205039978,0.5960000157356262,0.5960000157356262,0.0,38.79999923706055,40.16999816894531,35.599998474121094,35.93000030517578,35.93000030517578,0.0,0.015647380081201794,0.02275206438822722,0.01577044135726413,210.581999206543,201.7559982299805,201.75019958496094,201.58204963684082,207.7463752919051,203.11750741870333,4.628867873201784,3.127846045573173,59.04271802701983,83.10899532742553,79.99735861506414,6.4622103395882,-13.018034539479906,7.113468518882911,180.41610364981472,223.09589281014627,21.154161231767247,0.41790628634430077,-0.002135297440025185,0.02924286094445387,0.009520953044985288,0.0,-0.034998259280849854,-0.433883739117558,-0.9009688679024191,1.0,6.123233995736766e-17
2020-04-27,216.19000244140625,216.6300048828125,214.5,215.5599975585937,208.1820526123047,36451700.0,0.0080113837979987,100.2300033569336,100.31999969482422,99.83000183105467,100.04000091552734,100.04000091552734,0.0,0.6209999918937683,0.6620000004768372,0.6209999918937683,0.656000018119812,0.656000018119812,0.0,36.290000915527344,36.43999862670898,32.5099983215332,33.290000915527344,33.290000915527344,0.0,0.008011383797998773,0.009852467083392503,0.008043560803227212,211.83499908447268,202.93199844360353,201.36859954833986,201.6971996307373,208.94847102524182,204.0391733549915,4.909297670250311,3.484136370508601,60.1859658992902,86.60897160247227,82.08926384098235,6.171501184373012,-5.2297506016632305,6.804649949314264,181.25689585227715,224.6071010349299,21.36193676459562,0.4041333551169064,0.015647380081201794,-0.002135297440025185,-0.01191542287735596,0.010745557173263965,0.03572737492241757,0.0,1.0,1.0,6.123233995736766e-17
2020-04-28,217.32000732421875,217.32000732421875,211.2100067138672,211.5,204.26095581054688,46862800.0,-0.0190145783136825,100.05999755859376,100.20999908447266,99.4499969482422,99.87000274658205,99.87000274658205,0.0,0.6510000228881836,0.6520000100135803,0.593999981880188,0.6100000143051147,0.6100000143051147,0.0,33.209999084472656,35.38999938964844,30.540000915527344,33.56999969482422,33.56999969482422,0.0,-0.019014578313682542,0.02811522365373419,-0.018834941593452448,211.79899902343755,203.9869987487793,200.90399963378908,201.78574966430665,209.3410139444354,204.59182718054768,4.749186763887707,3.7371464491844226,56.19833953875422,83.47043846804344,84.39613513264707,-0.1699238220119221,-31.34089945472652,6.755032139388358,182.83244545784825,225.14155203971038,20.741079991067473,0.4106955019719673,0.008011383797998773,0.015647380081201794,-0.037597574141039286,0.042571906479049265,-0.008576450566335037,0.7818314824680298,0.6234898018587336,1.0,6.123233995736766e-17
2020-04-29,216.19000244140625,219.97000122070312,215.13999938964844,219.0,211.50424194335932,48716400.0,0.034846683234084,99.87999725341795,99.88999938964844,99.47000122070312,99.56999969482422,99.56999969482422,0.0,0.593999981880188,0.640999972820282,0.5839999914169312,0.6269999742507935,0.6269999742507935,0.0,32.47999954223633,33.189998626708984,30.709999084472656,31.229999542236328,31.229999542236328,0.0,0.03484668323408387,0.022341467119247376,0.03546094310618342,212.75599975585942,205.82149887084964,200.54439971923827,201.90499969482423,210.8270117991376,205.65909924124787,5.167912557889736,4.023299670925486,61.299364975050395,86.28606172342337,85.45515726464635,4.569549567350693,-4.5711647733401195,6.877529930910841,186.2799810960848,225.36301664561447,18.988801346769787,0.3805272055832009,-0.019014578313682542,0.008011383797998773,0.02924286094445387,-0.011535993409949005,-0.04341862985846075,0.9749279121818236,-0.22252093395631434,1.0,6.123233995736766e-17
2020-04-30,219.9499969482422,220.0399932861328,217.3500061035156,218.91000366210932,211.4173583984375,43359500.0,-0.00041087306051,99.4800033569336,99.7300033569336,98.80999755859376,99.0199966430664,99.0199966430664,0.0,0.6110000014305115,0.625,0.5809999704360962,0.621999979019165,0.621999979019165,0.0,30.989999771118164,35.939998626708984,30.93000030517578,34.150001525878906,34.150001525878906,0.0,-0.0004108730605099736,0.01222999418022367,-0.0004107886637332303,213.32200012207034,207.46649932861328,200.22699981689453,202.03304969787598,212.07054900882557,206.64064771686722,5.429901291958345,4.304619995132057,61.20725258352178,86.26010888597979,85.33886969248219,2.6541634992306298,-5.307609113993994,6.578419734604154,189.46895810557203,225.46404055165453,17.34982879769358,0.37967948009887353,0.03484668323408387,-0.019014578313682542,-0.002135297440025185,0.018075491293637724,0.020091926583541125,0.43388373911755823,-0.900968867902419,1.0,6.123233995736766e-17
2020-05-01,214.5,216.6699981689453,211.67999267578125,212.7400054931641,205.45852661132807,48795000.0,-0.0285899851024813,99.12999725341795,99.20999908447266,98.77999877929688,98.8000030517578,98.8000030517578,0.0,0.6129999756813049,0.6480000019073486,0.609000027179718,0.6420000195503235,0.6420000195503235,0.0,38.16999816894531,39.56999969482422,36.59000015258789,37.18999862670898,37.18999862670898,0.0,-0.028589985102481324,0.023263428872559732,-0.028185158646620745,213.06700134277347,208.9349998474121,199.87639984130863,202.12029975891113,212.17354231410843,207.09245199659293,5.081090317515503,4.459914059608747,55.0947737597869,81.87873299478701,84.80830120139672,-1.1844432497982573,-44.48502712830486,6.624961966870148,194.84791689182418,223.022082803,13.484655960825979,0.394005061773286,-0.0004108730605099736,0.03484668323408387,0.015647380081201794,0.009520953044985288,-0.014294359553280912,-0.433883739117558,-0.9009688679024191,0.8660254037844387,-0.4999999999999998
2020-05-04,211.4600067138672,215.4499969482422,211.1199951171875,215.22000122070312,207.85366821289065,32841000.0,0.0115901173170032,99.08999633789062,99.5999984741211,99.08999633789062,99.4800033569336,99.4800033569336,0.0,0.6159999966621399,0.6510000228881836,0.6150000095367432,0.6370000243186951,0.6370000243186951,0.0,39.130001068115234,40.31999969482422,35.529998779296875,35.970001220703125,35.970001220703125,0.0,0.011590117317003242,0.020476693907012598,0.011657542965318513,213.31500091552738,209.87200012207032,199.75299987792968,202.2232997894287,212.64222829973838,207.69449267986036,4.947735619878017,4.557478371662601,56.955501018573905,73.61168580336539,80.58350922804406,1.1657401821486382,-29.372306347604948,6.46103624288333,196.81800070442276,222.92599953971788,12.439962844071443,0.3207942056124903,-0.028589985102481324,-0.0004108730605099736,0.008011383797998773,-0.01191542287735596,0.06905460191777323,0.0,1.0,0.8660254037844387,-0.4999999999999998
2020-05-05,217.44000244140625,220.13999938964844,216.8500061035156,217.66000366210932,210.2101593017578,37783100.0,0.0112734749632419,99.51000213623048,99.97000122070312,99.3000030517578,99.70999908447266,99.70999908447266,0.0,0.6589999794960022,0.6729999780654907,0.6430000066757202,0.6570000052452087,0.6570000052452087,0.0,34.81999969482422,36.220001220703125,31.950000762939453,33.61000061035156,33.61000061035156,0.0,0.01127347496324194,0.015130579696435564,0.01133726004995772,214.59200134277344,210.93500061035155,199.79880004882813,202.34269981384273,213.41419374010314,208.43267867854547,4.981515061557673,4.642285709641616,58.76586831746966,70.37382937704461,75.28808272506566,6.2326147252192605,-15.021178392956347,6.3509620947449,199.09402425110187,222.77597696960123,11.227132837117775,0.32107714911249274,0.011590117317003242,-0.028589985102481324,-0.019014578313682542,-0.037597574141039286,-0.0004071338724777418,0.7818314824680298,0.6234898018587336,0.8660254037844387,-0.4999999999999998
2020-05-06,219.3999938964844,221.0399932861328,218.1100006103516,219.0,211.50424194335932,36455200.0,0.0061372658827462,99.8000030517578,100.1999969482422,99.75,100.08999633789062,100.08999633789062,0.0,0.6819999814033508,0.7429999709129333,0.6809999942779541,0.7110000252723694,0.7110000252723694,0.0,32.689998626708984,35.689998626708984,31.68000030517578,34.119998931884766,34.119998931884766,0.0,0.006137265882746272,0.013354570452557205,0.006156137485933133,215.39500122070316,211.85650024414065,199.84920013427734,202.48219978332514,214.27354854931804,209.21544322087544,5.058105328442593,4.725449633401811,59.7666363306224,81.29638074231141,75.0939653075738,3.8062277730644802,-11.717373032504486,6.138749775407657,200.5556449132284,223.1573555750529,10.66840556498317,0.3156204860088153,0.01127347496324194,0.011590117317003242,0.03484668323408387,0.02924286094445387,0.021009885383771403,0.9749279121818236,-0.22252093395631434,0.8660254037844387,-0.4999999999999998
2020-05-07,221.82000732421875,222.72999572753903,220.4199981689453,221.82000732421875,214.227767944336,38624800.0,0.0127947304511646,100.20999908447266,100.4000015258789,99.80999755859376,99.88999938964844,99.88999938964844,0.0,0.6949999928474426,0.7009999752044678,0.621999979019165,0.6309999823570251,0.6309999823570251,0.0,32.119998931884766,32.279998779296875,30.3700008392334,31.440000534057617,31.440000534057617,0.0,0.01279473045116485,0.010413837716709477,0.012876933228157306,216.52500152587893,212.904500579834,200.17280029296873,202.64054985046383,215.43454220699508,210.14911463593793,5.2854275710571414,4.837445220932878,61.86431710672921,89.49903636689072,80.3897488287489,5.367662370523734,-4.764339473866974,5.966695914845613,202.01750497363054,223.79149618603748,10.227116455080395,0.3167824065042279,0.006137265882746272,0.01127347496324194,-0.0004108730605099736,-0.002135297440025185,0.001444839602806613,0.43388373911755823,-0.900968867902419,0.8660254037844387,-0.4999999999999998
2020-05-08,223.5500030517578,225.0,222.47999572753903,224.8600006103516,217.1637115478516,31852300.0,0.0136117149903086,99.83999633789062,99.94000244140624,99.45999908447266,99.7300033569336,99.7300033569336,0.0,0.6309999823570251,0.6830000281333923,0.6230000257492065,0.6819999814033508,0.6819999814033508,0.0,30.13999938964844,30.38999938964844,27.88999938964844,27.979999542236328,27.979999542236328,0.0,0.013611714990308449,0.011272664898499318,0.013704776144045194,217.627001953125,214.104500579834,200.55400024414064,202.82809982299804,216.88461273058837,211.23880989330192,5.645802837286453,4.999116744203594,64.04087036450638,94.28772206481307,88.36104639133839,5.153387795166308,-0.6551212991892985,5.767645683483873,203.5208418772573,224.68815928241068,9.886442063491621,0.3176376185323332,0.01279473045116485,0.006137265882746272,-0.028589985102481324,0.015647380081201794,0.0,-0.433883739117558,-0.9009688679024191,0.8660254037844387,-0.4999999999999998
2020-05-11,223.4900054931641,227.92999267578125,223.25,226.8699951171875,219.1049041748047,35714100.0,0.0088991294260442,99.66999816894533,100.27999877929688,99.66999816894533,100.23999786376952,100.23999786376952,0.0,0.6830000281333923,0.7260000109672546,0.671999990940094,0.7260000109672546,0.7260000109672546,0.0,28.459999084472656,31.459999084472656,26.96999931335449,27.56999969482422,27.56999969482422,0.0,0.008899129426044209,0.020940500965374927,0.00893884440046211,218.75800170898435,215.29650039672853,200.76300018310548,203.05879981994627,218.42082540544976,212.3966754654416,6.024149940008158,5.204123383364507,65.44515035507771,96.39079529720406,93.39251790963596,5.2467979619082685,-5.408153335331511,5.6899561829336855,204.59518036832878,225.99782042512828,9.941006945008716,0.3173117080250331,0.013611714990308449,0.01279473045116485,0.011590117317003242,0.008011383797998773,0.010745557173263965,0.0,1.0,0.8660254037844387,-0.4999999999999998
2020-05-12,227.4900054931641,228.1000061035156,222.08999633789065,222.1199951171875,214.51747131347656,41054100.0,-0.0211594432265359,100.2300033569336,100.44000244140624,99.66000366210938,99.93000030517578,99.93000030517578,0.0,0.7110000252723694,0.7239999771118164,0.6679999828338623,0.6779999732971191,0.6779999732971191,0.0,28.46999931335449,33.040000915527344,26.0,33.040000915527344,33.040000915527344,0.0,-0.02115944322653595,0.02641878597082165,-0.020937152815476034,219.82000122070312,215.80950012207035,201.01580017089842,203.25309982299802,218.9899284380248,213.11692136557093,5.873007072453873,5.337900121182381,59.52878509872109,87.26204640495891,92.64685458899201,5.021274287086288,-32.15058615060246,5.712817153125918,204.82195823694136,226.79704200719934,10.182630402196384,0.2987946597223367,0.008899129426044209,0.013611714990308449,0.01127347496324194,-0.019014578313682542,0.042571906479049265,0.7818314824680298,0.6234898018587336,0.8660254037844387,-0.4999999999999998
2020-05-13,222.66000366210932,224.6100006103516,216.7100067138672,219.33999633789065,211.8326416015625,65521200.0,-0.012594649892794,100.01000213623048,100.27999877929688,99.58000183105467,100.23999786376952,100.23999786376952,0.0,0.6639999747276306,0.671999990940094,0.6349999904632568,0.6489999890327454,0.6489999890327454,0.0,32.7400016784668,37.41999816894531,30.770000457763672,35.279998779296875,35.279998779296875,0.0,-0.012594649892794086,0.03548007619937342,-0.012515669215542369,219.8540008544922,216.3050003051758,201.0382000732422,203.4285498046875,219.0437850380042,213.57788988203907,5.465895155965114,5.363499128138928,56.319753926600896,71.78148309059598,85.14477493091965,0.15524946935646275,-47.09681124227808,5.86904406336581,205.63971235178548,226.97028825856614,9.861342029396564,0.2994707501969348,-0.02115944322653595,0.008899129426044209,0.006137265882746272,0.03484668323408387,-0.011535993409949005,0.9749279121818236,-0.22252093395631434,0.8660254037844387,-0.4999999999999998
2020-05-14,217.97000122070312,221.8699951171875,215.9900054931641,221.8300018310547,214.23745727539065,51549300.0,0.0112884767891135,100.19000244140624,100.55999755859376,100.1500015258789,100.47000122070312,100.47000122070312,0.0,0.6169999837875366,0.628000020980835,0.6039999723434448,0.6190000176429749,0.6190000176429749,0.0,35.15999984741211,39.27999877929688,32.33000183105469,32.61000061035156,32.61000061035156,0.0,0.011288476789113574,0.026976141630011233,0.011352432069234197,220.1460006713867,216.73400039672853,201.2430001831055,203.5963998413086,219.47243377539658,214.18915743381802,5.283276341578556,5.347454570826853,58.478777724427914,61.275602094654715,73.43971053006986,1.3338806450583354,-36.92579632315531,5.869825889127068,205.89725455300638,227.5707462404507,10.00004228583023,0.29567735672293693,-0.012594649892794086,-0.02115944322653595,0.01279473045116485,-0.0004108730605099736,0.018075491293637724,0.43388373911755823,-0.900968867902419,0.8660254037844387,-0.4999999999999998
2020-05-15,218.77999877929688,223.3300018310547,218.3300018310547,223.2700042724609,215.62814331054688,55747200.0,0.0064703520591829,100.26000213623048,100.48999786376952,100.08000183105467,100.4000015258789,100.4000015258789,0.0,0.6039999723434448,0.6489999890327454,0.5899999737739563,0.6399999856948853,0.6399999856948853,0.0,32.5,35.130001068115234,31.040000915527344,31.88999938964844,31.88999938964844,0.0,0.006470352059182964,0.022854008720623275,0.006491330007565299,221.1990005493164,217.13300094604497,201.5480001831055,203.78029983520508,220.05667539032956,214.86181275519897,5.19486263513059,5.316936183687601,59.71878025784109,62.51072345783302,65.18926954769456,4.949703162264502,-28.44522206106751,5.807695468475134,205.93839041336034,228.3276114787296,10.311293524162515,0.2948415036543722,0.011288476789113574,-0.012594649892794086,0.013611714990308449,-0.028589985102481324,0.009520953044985288,-0.433883739117558,-0.9009688679024191,0.8660254037844387,-0.4999999999999998
2020-05-18,226.27999877929688,228.67999267578125,225.47000122070312,227.42999267578125,219.645736694336,42398100.0,0.0184605953410241,100.36000061035156,100.47000122070312,99.58000183105467,99.66999816894533,99.66999816894533,0.0,0.6660000085830688,0.7440000176429749,0.6610000133514404,0.7440000176429749,0.7440000176429749,0.0,30.709999084472656,31.07999992370605,28.350000381469727,29.299999237060547,29.299999237060547,0.0,0.01846059534102439,0.014185926605952493,0.01863204553036013,222.41999969482418,217.86750030517584,202.2251998901367,203.9956997680664,221.19103189578365,215.7927890456125,5.398242850171158,5.333197516984313,63.14317584316453,75.83684320034195,66.54105625094323,5.673260563992406,-7.11845201475132,5.779287820964077,205.98025333860812,229.75474727174355,10.912363661323297,0.29578747050711657,0.006470352059182964,0.011288476789113574,0.008899129426044209,0.011590117317003242,-0.01191542287735596,0.0,1.0,0.8660254037844387,-0.4999999999999998
2020-05-19,227.6999969482422,229.8500061035156,226.7100067138672,226.8600006103516,219.09527587890625,36237300.0,-0.0025092758072967,99.62000274658205,99.7300033569336,99.2300033569336,99.37000274658205,99.37000274658205,0.0,0.7289999723434448,0.7450000047683716,0.7049999833106995,0.7110000252723694,0.7110000252723694,0.0,28.729999542236328,30.739999771118164,28.3700008392334,30.530000686645508,30.530000686645508,0.0,-0.002509275807296945,0.013790072163954193,-0.002506130206368584,223.33999938964843,218.96600036621095,202.68019989013672,204.1880497741699,222.0631809287941,216.61258249485243,5.450598433941678,5.356677700375787,62.36090863809728,82.82420378405621,73.72392348074372,4.2267742320376644,-15.963714572012533,5.590767218727244,208.11270083246208,229.81929989995982,9.913228095318182,0.2547573909703203,0.01846059534102439,0.006470352059182964,-0.02115944322653595,0.01127347496324194,-0.037597574141039286,0.7818314824680298,0.6234898018587336,0.8660254037844387,-0.4999999999999998
2020-05-20,229.5,231.759994506836,229.47999572753903,231.38999938964844,223.4701995849609,37417000.0,0.0197713850881654,99.5500030517578,99.55999755859376,99.0,99.12000274658205,99.12000274658205,0.0,0.703000009059906,0.7210000157356262,0.6700000166893005,0.6800000071525574,0.6800000071525574,0.0,29.520000457763672,29.82999992370605,27.82999992370605,27.989999771118164,27.989999771118164,0.0,0.01977138508816541,0.009934635203908323,0.019968133445618763,224.5789993286133,219.9870002746582,203.40359985351563,204.43119979858398,223.49807607661785,217.70720596854102,5.790870108076831,5.443516181915996,65.96929931344917,91.70840711944952,83.45648470128256,5.657533967875999,-1.7926120548875546,5.541426267138469,208.47871530212862,231.49528524718775,10.46269548487978,0.24487582243558717,-0.002509275807296945,0.01846059534102439,-0.012594649892794086,0.006137265882746272,0.02924286094445387,0.9749279121818236,-0.22252093395631434,0.8660254037844387,-0.4999999999999998
2020-05-21,231.44000244140625,232.13999938964844,228.33999633789065,228.8699951171875,221.03643798828125,43642900.0,-0.0109505042714306,99.18000030517578,99.51000213623048,99.0199966430664,99.37000274658205,99.37000274658205,0.0,0.6800000071525574,0.6819999814033508,0.6539999842643738,0.6769999861717224,0.6769999861717224,0.0,28.96999931335449,30.200000762939453,27.670000076293945,29.530000686645508,29.530000686645508,0.0,-0.01095050427143063,0.016418955287212426,-0.010890765754000942,225.28399810791015,220.9044998168945,204.43459960937503,204.66279975891112,224.3245251597824,218.5340792388111,5.790445920971308,5.512902129727059,62.38626254178795,88.89568115321217,87.80943068557262,3.178247029207008,-15.556629913463372,5.417038894611277,209.65105182916767,232.15794780462136,10.1885185653119,0.25004555356786007,0.01977138508816541,-0.002509275807296945,0.011288476789113574,0.01279473045116485,-0.002135297440025185,0.43388373911755823,-0.900968867902419,0.8660254037844387,-0.4999999999999998
2020-05-22,228.4499969482422,229.8699951171875,227.5,229.66000366210932,221.79942321777344,28762400.0,0.0034459087500556,99.41999816894533,99.87000274658205,99.38999938964844,99.86000061035156,99.86000061035156,0.0,0.6570000052452087,0.671999990940094,0.6480000019073486,0.6570000052452087,0.6570000052452087,0.0,31.36000061035156,31.549999237060547,28.030000686645508,28.15999984741211,28.15999984741211,0.0,0.0034459087500556974,0.01037424009125484,0.0034518527191098602,225.76399841308591,221.69550018310548,205.18099975585938,204.88369979858396,225.14536800629426,219.35822178868506,5.787146217609205,5.567750947303488,63.06356027296298,89.09824717712142,89.90077848326104,2.134662918584354,-15.356016500284763,5.199392910509579,210.30965077761817,233.0813495885928,10.271610741835865,0.24634660798068894,-0.01095050427143063,0.01977138508816541,0.006470352059182964,0.013611714990308449,0.015647380081201794,-0.433883739117558,-0.9009688679024191,0.8660254037844387,-0.4999999999999998
2020-05-25,228.4499969482422,229.8699951171875,227.5,229.66000366210932,221.79942321777344,28762400.0,0.0,99.41999816894533,99.87000274658205,99.38999938964844,99.86000061035156,99.86000061035156,0.0,0.6570000052452087,0.671999990940094,0.6480000019073486,0.6570000052452087,0.6570000052452087,0.0,31.36000061035156,31.549999237060547,28.030000686645508,28.15999984741211,28.15999984741211,0.0,0.0,0.01037424009125484,0.0,226.04299926757812,222.40050048828127,206.38819976806639,205.0898498535156,225.83992733795813,220.12131674227206,5.718610595686073,5.597922876980006,63.06356027296298,84.57711236198901,87.52368023077419,1.229782961594664,-15.356016500284763,4.997293068129431,210.86906193871226,233.93193903785027,10.369975359094678,0.24607153394995707,0.0034459087500556974,-0.01095050427143063,0.01846059534102439,0.008899129426044209,0.008011383797998773,0.0,1.0,0.8660254037844387,-0.4999999999999998
2020-05-26,233.3600006103516,233.57000732421875,228.7899932861328,229.0399932861328,221.2006072998047,33055300.0,-0.0027034593292579,99.7699966430664,99.7699966430664,98.9000015258789,98.91000366210938,98.91000366210938,0.0,0.6970000267028809,0.7080000042915344,0.6899999976158142,0.6980000138282776,0.6980000138282776,0.0,27.71999931335449,28.57999992370605,27.18000030517578,28.01000022888184,28.01000022888184,0.0,-0.002703459329257978,0.02048343343153857,-0.002699808273986415,226.7349990844727,223.2775001525879,207.3261996459961,205.30019981384274,226.33224517613883,220.7819594492247,5.550285726914126,5.58839544696683,62.04663762639515,81.17332391399319,84.94956115103453,3.115432343357659,-25.76799525745085,4.981773137412039,212.60036036358898,233.9546399415868,9.564008717136439,0.23303568127171906,0.0,0.0034459087500556974,-0.002509275807296945,-0.02115944322653595,-0.019014578313682542,0.7818314824680298,0.6234898018587336,0.8660254037844387,-0.4999999999999998
2020-05-27,228.69000244140625,230.41000366210932,223.94000244140625,230.2899932861328,222.4078521728516,55665600.0,0.00544285316304,99.0199966430664,99.33999633789062,98.72000122070312,99.05999755859376,99.05999755859376,0.0,0.7229999899864197,0.7229999899864197,0.6610000133514404,0.6800000071525574,0.6800000071525574,0.0,27.6200008392334,30.530000686645508,25.920000076293945,27.6200008392334,27.6200008392334,0.0,0.005442853163040049,0.028291578781896153,0.005457692398695091,227.8299987792969,223.84199981689454,208.39999938964843,205.50849975585936,226.94112950075328,221.48625825195865,5.454871248794632,5.561690607332391,63.33047626435879,80.07278163924116,81.94107263840777,4.992248167713936,-18.657643324540896,5.088075143361397,212.92594600106165,234.75805363272744,9.753356228734877,0.20279779734806205,-0.002703459329257978,0.0,0.01977138508816541,-0.012594649892794086,0.03484668323408387,0.9749279121818236,-0.22252093395631434,0.8660254037844387,-0.4999999999999998
2020-05-28,229.1100006103516,233.47000122070312,229.0500030517578,229.9900054931641,222.1181488037109,42784300.0,-0.0013034261641365,98.91000366210938,99.08999633789062,98.3499984741211,98.37999725341795,98.37999725341795,0.0,0.6869999766349792,0.7129999995231628,0.6850000023841858,0.7049999833106995,0.7049999833106995,0.0,27.81999969482422,29.88999938964844,27.43000030517578,28.59000015258789,28.59000015258789,0.0,-0.0013034261641365241,0.019292035079963285,-0.0013025770732030262,228.6459991455078,224.3959999084473,209.44659942626953,205.71834976196288,227.41018734573953,222.1161654550109,5.294021890728629,5.508156864011639,62.78160455151599,78.40343435553324,79.88317996958918,3.678494159831476,-20.36405835140853,5.040355359474534,213.4094419730802,235.3825578438144,9.79211567037699,0.20299315186981481,0.005442853163040049,-0.002703459329257978,-0.01095050427143063,0.011288476789113574,-0.0004108730605099736,0.43388373911755823,-0.900968867902419,0.8660254037844387,-0.4999999999999998
2020-05-29,230.3800048828125,233.6000061035156,228.759994506836,233.3600006103516,225.3728179931641,50691800.0,0.0145465576829381,98.5199966430664,98.5500030517578,97.9499969482422,98.33999633789062,98.33999633789062,0.0,0.6639999747276306,0.6850000023841858,0.6480000019073486,0.6480000019073486,0.6480000019073486,0.0,29.299999237060547,30.15999984741211,27.290000915527344,27.51000022888184,27.51000022888184,0.0,0.014546557682938117,0.021008818014139608,0.01465287373851365,229.65499877929688,225.42699966430666,210.69979949951173,205.97479972839352,228.3255432326029,222.94904213318426,5.376501099418647,5.48182571109304,66.31362159125443,86.53846838921018,81.6715614613282,4.519190282980268,-1.3628931564200308,5.026045090703468,215.20238483061792,235.6516144979954,9.07133116167511,0.17062452753487736,-0.0013034261641365241,0.005442853163040049,0.0034459087500556974,0.006470352059182964,-0.028589985102481324,-0.433883739117558,-0.9009688679024191,0.8660254037844387,-0.4999999999999998
2020-06-01,232.4600067138672,234.4499969482422,232.0,234.0599975585937,226.0487823486328,25776000.0,0.0029948272753599,98.3000030517578,98.31999969482422,97.79000091552734,97.83000183105467,97.83000183105467,0.0,0.6669999957084656,0.6869999766349792,0.6620000004768372,0.6620000004768372,0.6620000004768372,0.0,28.940000534057617,30.600000381469727,28.11000061035156,28.229999542236328,28.229999542236328,0.0,0.002994827275359909,0.010539434214410334,0.002999316250681172,230.3179992675781,226.36899948120117,211.97179931640622,206.22099967956538,229.207766975063,223.77207586839978,5.435691106663228,5.472598790207078,67.01386358688224,92.05345825474906,85.66512033316415,2.915184934409253,-2.1126737279242414,4.842041651956234,216.64462297377244,236.0933759886299,8.591615044211292,0.16868812390159205,0.014546557682938117,-0.0013034261641365241,0.0,0.01846059534102439,0.011590117317003242,0.0,1.0,0.49999999999999994,-0.8660254037844387
2020-06-02,234.5,235.69000244140625,232.009994506836,235.6300048828125,227.5650787353516,33383400.0,0.0066854307787747,97.83999633789062,97.91000366210938,97.43000030517578,97.66999816894533,97.66999816894533,0.0,0.6850000023841858,0.6869999766349792,0.6610000133514404,0.6800000071525574,0.6800000071525574,0.0,28.39999961853028,28.520000457763672,26.65999984741211,26.84000015258789,26.84000015258789,0.0,0.006685430778774772,0.01569299758878574,0.006707828155341211,231.19499969482422,227.26749954223638,213.0111993408203,206.47699974060058,230.19580357625523,224.6504409805785,5.545362595676721,5.487151551301007,68.5908924504575,98.7399589778276,92.44396187392894,3.865822202620912,-0.30455618217293257,4.759039243571522,217.61075732863526,236.9242417558375,8.498128622043883,0.16691176543973354,0.002994827275359909,0.014546557682938117,-0.002703459329257978,-0.002509275807296945,0.01127347496324194,0.7818314824680298,0.6234898018587336,0.49999999999999994,-0.8660254037844387
2020-06-03,236.259994506836,237.47000122070312,235.3500061035156,236.69000244140625,228.5887908935547,37228700.0,0.0044884585883252,97.56999969482422,97.62999725341795,97.19000244140624,97.27999877929688,97.27999877929688,0.0,0.7080000042915344,0.7710000276565552,0.7049999833106995,0.7609999775886536,0.7609999775886536,0.0,26.75,26.979999542236328,25.040000915527344,25.65999984741211,25.65999984741211,0.0,0.004488458588325282,0.008973144698546025,0.004498546806444015,231.725,228.15199966430666,214.0989993286133,206.73499977111814,231.19491109397077,225.54226034804722,5.652650745923552,5.520251390225516,69.64603583042059,97.8358470759967,96.20975476952444,2.2905065325804723,-4.075228861912739,4.57053609168695,218.44323654464688,237.86076278396644,8.510785032736814,0.16672985846292449,0.006685430778774772,0.002994827275359909,0.005442853163040049,0.01977138508816541,0.006137265882746272,0.9749279121818236,-0.22252093395631434,0.49999999999999994,-0.8660254037844387
2020-06-04,236.3300018310547,237.7899932861328,233.67999267578125,235.02999877929688,226.9856109619141,38716100.0,-0.0070380888077027,97.31999969482422,97.62999725341795,96.56999969482422,96.68000030517578,96.68000030517578,0.0,0.7540000081062317,0.8230000138282776,0.7440000176429749,0.8199999928474426,0.8199999928474426,0.0,26.229999542236328,26.43000030517578,24.3799991607666,25.809999465942383,25.809999465942383,0.0,-0.007038088807702742,0.01739093885036941,-0.007013379463506331,232.34100036621092,228.81249923706056,214.96159942626952,206.97054977416988,231.78492458402093,226.24505578739905,5.5398687966218745,5.524174871504788,65.91174973778317,91.89748120364919,96.15776241915782,2.6914859062042145,-19.92777134496675,4.537640700162994,219.12014807633213,238.504850397789,8.471872116292651,0.1675322929920696,0.004488458588325282,0.006685430778774772,-0.0013034261641365241,-0.01095050427143063,0.01279473045116485,0.43388373911755823,-0.900968867902419,0.49999999999999994,-0.8660254037844387
2020-06-05,236.22000122070312,240.3000030517578,235.6300048828125,239.69000244140625,231.48611450195312,47365600.0,0.0196332635349337,96.73999786376952,97.02999877929688,96.44000244140624,96.94000244140624,96.94000244140624,0.0,0.8669999837875366,0.9570000171661376,0.8619999885559082,0.9039999842643738,0.9039999842643738,0.0,24.790000915527344,25.09000015258789,23.540000915527344,24.520000457763672,24.520000457763672,0.0,0.019633263534933748,0.01976969835243578,0.01982726359158593,233.34400024414063,229.55399932861332,216.0493994140625,207.23164978027341,233.00109040823406,227.24097776176995,5.760112646464108,5.571362426496652,70.66658718814891,90.75612994816746,93.49648607593778,4.367325010607296,-3.728609948618178,4.589952383898561,218.91223136895115,240.19576728827548,9.271690313204395,0.17388540259471807,-0.007038088807702742,0.004488458588325282,0.014546557682938117,0.0034459087500556974,0.013611714990308449,-0.433883739117558,-0.9009688679024191,0.49999999999999994,-0.8660254037844387
2020-06-08,239.5399932861328,241.67999267578125,237.91000366210932,241.5500030517578,233.282455444336,32937300.0,0.0077300833293843,96.83999633789062,97.06999969482422,96.5999984741211,96.62000274658205,96.62000274658205,0.0,0.9100000262260436,0.915000021457672,0.8619999885559082,0.8840000033378601,0.8840000033378601,0.0,25.559999465942383,25.979999542236328,24.64999961853028,25.809999465942383,25.809999465942383,0.0,0.007730083329384606,0.015738453366192777,0.007760037556670429,234.53300018310546,230.28799972534182,217.03959960937502,207.5020497894287,234.31630773800694,228.30090556102832,6.0154021769786254,5.660170376593047,72.32585572410865,91.87028985895728,91.5079670035913,5.177218148590572,-0.7327491295432309,4.531383571739516,218.46608060711102,242.10991884357261,10.267073518663997,0.17342553568095484,0.019633263534933748,-0.007038088807702742,0.002994827275359909,0.0,0.008899129426044209,0.0,1.0,0.49999999999999994,-0.8660254037844387
2020-06-09,240.66000366210932,244.17999267578125,240.47000122070312,243.3000030517578,234.97254943847656,35046300.0,0.007218721917485,96.62999725341795,97.05999755859376,96.2300033569336,96.31999969482422,96.31999969482422,0.0,0.8370000123977661,0.8399999737739563,0.8019999861717224,0.8289999961853027,0.8289999961853027,0.0,25.93000030517578,27.700000762939453,25.709999084472656,27.56999969482422,27.56999969482422,0.0,0.007218721917484791,0.015415903758927117,0.0072448396983879615,235.95900115966796,231.3470001220703,218.09759979248048,207.79029983520505,235.69841470935324,229.41194981960086,6.286464889752381,5.785429279224914,73.82600260696486,97.06362133394121,93.23001371368865,6.225991173432491,-4.347776920014956,4.472712706263702,218.8316141405724,243.8623861035682,10.819579225055136,0.14810601861235176,0.007730083329384606,0.019633263534933748,0.006685430778774772,-0.002703459329257978,-0.02115944322653595,0.7818314824680298,0.6234898018587336,0.49999999999999994,-0.8660254037844387
2020-06-10,245.0500030517578,247.82000732421875,244.509994506836,246.22000122070312,237.79258728027344,58084400.0,0.0119301152734613,96.43000030517578,96.45999908447266,95.72000122070312,95.95999908447266,95.95999908447266,0.0,0.8069999814033508,0.8119999766349792,0.7429999709129333,0.7480000257492065,0.7480000257492065,0.0,26.729999542236328,29.01000022888184,26.059999465942383,27.56999969482422,27.56999969482422,0.0,0.01193011527346135,0.013507499596658389,0.01200156294229271,237.552001953125,232.69100036621091,219.37579986572268,208.07974983215328,237.317120326484,230.65699066412697,6.660129662357036,5.960369355851339,76.14922747285733,96.07309408571703,95.00233509287185,6.917368708581901,-6.700191693290735,4.476090675277791,219.83612622656153,245.5458745058603,11.048879517831185,0.13549110205200396,0.007218721917484791,0.007730083329384606,0.004488458588325282,0.005442853163040049,-0.012594649892794086,0.9749279121818236,-0.22252093395631434,0.49999999999999994,-0.8660254037844387
2020-06-11,242.16000366210932,243.58999633789065,233.9600067138672,234.0200042724609,226.01022338867188,72919400.0,-0.0508185772123763,96.08999633789062,96.83000183105467,95.9499969482422,96.7300033569336,96.7300033569336,0.0,0.6970000267028809,0.699999988079071,0.6510000228881836,0.652999997138977,0.652999997138977,0.0,30.450000762939453,42.58000183105469,29.489999771118164,40.790000915527344,40.790000915527344,0.0,-0.050818577212376356,0.03976705268579522,-0.04954891162235564,237.9550018310547,233.30050048828124,220.33600006103515,208.29094985961913,236.80987170278814,230.9061027832628,5.903768919525334,5.949049268586139,54.416521816439186,77.05436189993108,90.0636924398631,1.7522495252153905,-57.78894568690107,5.032083806103373,221.50128416577036,245.09971681079213,10.115037299805163,0.24059254801276594,0.01193011527346135,0.007218721917484791,-0.007038088807702742,-0.0013034261641365241,0.011288476789113574,0.43388373911755823,-0.900968867902419,0.49999999999999994,-0.8660254037844387
2020-06-12,239.08999633789065,240.3999938964844,231.7400054931641,235.8800048828125,227.80653381347656,72034800.0,0.0079164983560427,96.80999755859376,97.4499969482422,96.48999786376952,97.31999969482422,97.31999969482422,0.0,0.7020000219345093,0.7129999995231628,0.6740000247955322,0.6990000009536743,0.6990000009536743,0.0,37.68000030517578,44.15999984741211,34.970001220703125,36.09000015258789,36.09000015258789,0.0,0.007916498356042733,0.036220622091949435,0.007947916682138567,238.2070022583008,233.9310005187988,221.38620025634765,208.51239990234376,236.66681526894575,231.27453997582205,5.392275293123703,5.837694473493651,56.45687764132374,61.83695420660272,78.3214700640836,1.0798784135541026,-50.0,5.291219848761726,223.07893755230182,244.7830634852958,9.278003293646334,0.24094963674063008,-0.050818577212376356,0.01193011527346135,0.019633263534933748,0.014546557682938117,0.006470352059182964,-0.433883739117558,-0.9009688679024191,0.49999999999999994,-0.8660254037844387
2020-06-15,232.44000244140625,239.4499969482422,231.47000122070312,238.75,230.57830810546875,45307400.0,0.0120938033798574,97.08999633789062,97.38999938964844,96.5999984741211,96.68000030517578,96.68000030517578,0.0,0.6690000295639038,0.7149999737739563,0.6610000133514404,0.7020000219345093,0.7020000219345093,0.0,44.09000015258789,44.43999862670898,34.279998779296875,34.400001525878906,34.400001525878906,0.0,0.012093803379857413,0.03433142163019323,0.012167229120222167,238.6760025024414,234.49700088500975,222.2316003417969,208.7501998901367,236.98730522756946,231.8282777553908,5.159027472178678,5.701961073230658,59.47136316749951,51.40981895633648,63.43371168762342,2.0037607836991578,-37.98159744408945,5.483275268674393,223.8946470230182,245.0993547470013,9.042634935182505,0.23646070017242818,0.007916498356042733,-0.050818577212376356,0.007730083329384606,0.002994827275359909,0.01846059534102439,0.0,1.0,0.49999999999999994,-0.8660254037844387
2020-06-16,243.77999877929688,244.38999938964844,239.1000061035156,242.8500061035156,234.5379943847656,48890100.0,0.0170270615066646,96.55999755859376,97.25,96.43000030517578,96.95999908447266,96.95999908447266,0.0,0.7609999775886536,0.7839999794960022,0.7229999899864197,0.7559999823570251,0.7559999823570251,0.0,34.279998779296875,37.45000076293945,31.729999542236328,33.66999816894531,33.66999816894531,0.0,0.017027061506664647,0.02169986591443898,0.017172848182603673,239.39800262451178,235.29650115966797,223.1606005859375,209.01124992370603,237.88925920848425,232.6447020774741,5.24455713101014,5.610480284786554,63.3724817943526,61.98095426487431,58.40924247593783,3.0641264147551452,-26.0755397612876,5.494469848743967,224.7074107517113,245.88559156762463,9.00063567096656,0.2411714700297504,0.012093803379857413,0.007916498356042733,0.007218721917484791,0.006685430778774772,-0.002509275807296945,0.7818314824680298,0.6234898018587336,0.49999999999999994,-0.8660254037844387
2020-06-17,244.3999938964844,245.5,242.72999572753903,243.6199951171875,235.2816162109375,34749300.0,0.0031655658060044,97.01000213623048,97.33999633789062,96.8000030517578,97.16000366210938,97.16000366210938,0.0,0.7559999823570251,0.7630000114440918,0.7279999852180481,0.7329999804496765,0.7329999804496765,0.0,33.279998779296875,35.16999816894531,32.25,33.470001220703125,33.470001220703125,0.0,0.0031655658060044875,0.01133389665154493,0.003170581500547831,240.09100189208988,235.90800094604492,224.02160034179687,209.26719993591308,238.77091088674626,233.4576867470825,5.31322413966376,5.551029055761996,64.07191451304604,71.30237891925013,61.56438404682031,2.927877225189012,-22.035726036872518,5.299865164723753,224.86594616749494,246.9500557245949,9.361322832857574,0.23330057939626475,0.017027061506664647,0.012093803379857413,0.01193011527346135,0.004488458588325282,0.01977138508816541,0.9749279121818236,-0.22252093395631434,0.49999999999999994,-0.8660254037844387
2020-06-18,243.2899932861328,244.52999877929688,242.4900054931641,244.27999877929688,235.9190368652344,30578600.0,0.0027055185044975,97.08000183105467,97.58000183105467,96.9499969482422,97.41999816894533,97.41999816894533,0.0,0.7039999961853027,0.7080000042915344,0.6940000057220459,0.6940000057220459,0.6940000057220459,0.0,33.83000183105469,36.25,32.2400016784668,32.939998626708984,32.939998626708984,0.0,0.0027055185044975085,0.00838502750803052,0.0027091817225763926,241.01600189208986,236.6785011291504,224.8900003051758,209.52244995117186,239.61846287021558,234.2593394902095,5.359123380006082,5.512647920610813,64.69425820527654,76.74577129169575,70.00970149194006,3.935667807532153,-21.651420326752614,5.067017173395827,225.5539759588315,247.80302629946928,9.400537114478745,0.22777021614811335,0.0031655658060044875,0.017027061506664647,-0.050818577212376356,-0.007038088807702742,-0.01095050427143063,0.43388373911755823,-0.900968867902419,0.49999999999999994,-0.8660254037844387
2020-06-19,246.72999572753903,247.0,242.4499969482422,244.2400054931641,235.88037109375,49422100.0,-0.0001639076731284,97.41999816894533,97.72000122070312,97.16000366210938,97.62000274658205,97.62000274658205,0.0,0.7329999804496765,0.7450000047683716,0.6869999766349792,0.6970000267028809,0.6970000267028809,0.0,32.06999969482422,35.119998931884766,30.39999961853028,35.119998931884766,35.119998931884766,0.0,-0.0001639076731284868,0.01844122372855843,-0.00016389424099971794,241.47100219726568,237.40750122070312,225.75760040283203,209.78095001220703,240.32946942759227,234.99864808302095,5.330821344571319,5.476282605402914,64.62121215375161,78.13894204876674,75.3956974199042,1.8982865390349846,-21.896027490074623,5.030087593278826,226.30866529177976,248.5063371496265,9.350029693127059,0.22809092757517413,0.0027055185044975085,0.0031655658060044875,0.007916498356042733,0.019633263534933748,0.0034459087500556974,-0.433883739117558,-0.9009688679024191,0.49999999999999994,-0.8660254037844387
2020-06-22,243.67999267578125,246.8699951171875,243.3800048828125,246.7400054931641,238.709213256836,24068700.0,0.0119213558784604,97.66000366210938,97.73999786376952,97.01000213623048,97.04000091552734,97.04000091552734,0.0,0.6949999928474426,0.7089999914169312,0.6740000247955322,0.7039999961853027,0.7039999961853027,0.0,35.220001220703125,35.38999938964844,31.63999938964844,31.770000457763672,31.770000457763672,0.0,0.011921355878460474,0.014322022075150289,0.011992698459685203,241.9900024414063,238.26150131225586,226.6318005371094,210.05625007629396,241.31570574537255,235.86837826155008,5.447327483822477,5.4704915810868275,67.12037986307509,83.28234628758943,79.3890198760173,2.148624456980113,-6.605513320404411,4.92008063907141,227.04487502906935,249.47812759544237,9.415391258268334,0.22987594455709498,-0.0001639076731284868,0.0027055185044975085,0.012093803379857413,0.007730083329384606,0.0,0.0,1.0,0.49999999999999994,-0.8660254037844387
2020-06-23,248.38999938964844,251.1499938964844,247.82000732421875,248.83999633789065,240.74087524414065,32767400.0,0.0084750183450554,96.93000030517578,97.25,96.38999938964844,96.69000244140624,96.69000244140624,0.0,0.7250000238418579,0.7300000190734863,0.7070000171661377,0.7089999914169312,0.7089999914169312,0.0,31.709999084472656,31.709999084472656,29.26000022888184,31.3700008392334,31.3700008392334,0.0,0.00847501834505522,0.013406282782914768,0.008511032982705613,242.54400177001958,239.25150146484376,227.37140045166018,210.33745002746585,242.47328891345228,236.8292388597975,5.64405005365478,5.505203275600419,69.09525521496201,86.58688744952923,82.66939192862847,2.2770214618346323,-11.737796840933246,4.883645479374903,227.96688976965396,250.53611316003355,9.43326301076358,0.2291865299039269,0.011921355878460474,-0.0001639076731284868,0.017027061506664647,0.007218721917484791,-0.002703459329257978,0.7818314824680298,0.6234898018587336,0.49999999999999994,-0.8660254037844387
2020-06-24,248.0599975585937,249.3300018310547,242.16000366210932,243.7100067138672,235.77784729003903,46032400.0,-0.0208311119269188,96.66000366210938,97.23999786376952,96.5500030517578,97.1500015258789,97.1500015258789,0.0,0.7300000190734863,0.7300000190734863,0.6790000200271606,0.6840000152587891,0.6840000152587891,0.0,31.049999237060547,37.119998931884766,30.950000762939453,33.84000015258789,33.84000015258789,0.0,-0.020831111926918888,0.028904290250392994,-0.02061564306048358,242.29300231933598,239.9225021362305,228.0570007324219,210.59340003967287,242.6635531904392,237.33892536750636,5.324627822932825,5.4690881850669,59.66700863762492,81.28395428306794,83.71772934006219,-1.0194112965607798,-37.8048269894585,5.046956385772793,229.3053214967225,250.53968277573847,8.850508430826078,0.24572544675891297,0.00847501834505522,0.011921355878460474,0.0031655658060044875,0.01193011527346135,0.005442853163040049,0.9749279121818236,-0.22252093395631434,0.49999999999999994,-0.8660254037844387
2020-06-25,243.8000030517578,246.33999633789065,241.13999938964844,246.02999877929688,238.02230834960932,36940800.0,0.0094743651814816,97.23999786376952,97.5999984741211,97.16000366210938,97.43000030517578,97.43000030517578,0.0,0.6639999747276306,0.6769999861717224,0.6579999923706055,0.6740000247955322,0.6740000247955322,0.0,36.59000015258789,36.93000030517578,31.59000015258789,32.220001220703125,32.220001220703125,0.0,0.009474365181481625,0.021328945377979656,0.0095193890578249,243.49400177001957,240.72450180053713,228.7126007080078,210.8593500518799,243.1814678964173,237.98270858319455,5.198759313222752,5.415022410698071,62.18036861253627,74.81371037856483,80.89485070372066,5.132037555581432,-26.01624503391371,5.057887854520609,230.8705744624403,250.57842913863396,8.186891873816602,0.24624680837084736,-0.020831111926918888,0.00847501834505522,0.0027055185044975085,-0.050818577212376356,-0.0013034261641365241,0.43388373911755823,-0.900968867902419,0.49999999999999994,-0.8660254037844387
2020-06-26,245.77999877929688,245.9600067138672,239.67999267578125,240.22000122070312,232.4014434814453,52824600.0,-0.023898165687943,97.3499984741211,97.68000030517578,97.26000213623048,97.5,97.5,0.0,0.6690000295639038,0.6710000038146973,0.6320000290870667,0.6359999775886536,0.6359999775886536,0.0,33.0099983215332,36.25,31.040000915527344,34.72999954223633,34.72999954223633,0.0,-0.023898165687942945,0.025551363289431875,-0.023614865796142248,243.92800140380865,241.0675018310547,229.21120086669922,211.1064500427246,242.72585763861514,238.14843396375073,4.577423674864406,5.247502663531337,53.23381116915767,60.21344221248379,72.10370229137219,1.8399170120616106,-55.53860133917641,5.150182015163111,231.8349494490298,250.3000542130796,7.659723780184409,0.26067588361227845,0.009474365181481625,-0.020831111926918888,-0.0001639076731284868,0.007916498356042733,0.014546557682938117,-0.433883739117558,-0.9009688679024191,0.49999999999999994,-0.8660254037844387
2020-06-29,239.97000122070312,242.8500061035156,237.3500061035156,242.83999633789065,234.93618774414065,34377800.0,0.0108476996034979,97.5,97.6500015258789,97.11000061035156,97.54000091552734,97.54000091552734,0.0,0.6510000228881836,0.6539999842643738,0.6320000290870667,0.6359999775886536,0.6359999775886536,0.0,35.04999923706055,36.310001373291016,31.780000686645508,31.780000686645508,31.780000686645508,0.0,0.010847699603497978,0.022919531491528342,0.010906749221192724,244.3370010375977,241.50650177001953,229.81320068359378,211.36815002441406,242.74341743850368,238.49595710257591,4.247460335927769,5.047494198010623,56.28810958432152,58.73984685380396,64.58899981495085,1.713087471367813,-42.225613065498,5.175169014080032,232.86057406073343,250.15242947930562,7.159995814538687,0.2627411556180736,-0.023898165687942945,0.009474365181481625,0.011921355878460474,0.012093803379857413,0.002994827275359909,0.0,1.0,0.49999999999999994,-0.8660254037844387
2020-06-30,242.7700042724609,248.16000366210932,242.5800018310547,247.6000061035156,239.541244506836,38909200.0,0.0194116771530788,97.4000015258789,97.8000030517578,97.2300033569336,97.38999938964844,97.38999938964844,0.0,0.625,0.6660000085830688,0.6190000176429749,0.652999997138977,0.652999997138977,0.0,32.540000915527344,32.939998626708984,29.559999465942383,30.43000030517578,30.43000030517578,0.0,0.01941167715307886,0.022984725183726535,0.019601308793307348,244.8120010375977,242.1050018310547,230.6674008178711,211.66630004882813,243.49058492542858,239.17033110264552,4.320253822783059,4.90204612296511,61.24085213475174,61.39907434113735,60.11745446914169,1.9559398314263567,-18.03856257191354,5.204085643863932,233.51485023361445,250.69515342849493,7.096219848803128,0.26959143250888556,0.010847699603497978,-0.023898165687942945,0.00847501834505522,0.017027061506664647,0.006685430778774772,0.7818314824680298,0.6234898018587336,0.49999999999999994,-0.8660254037844387
2020-07-01,247.63999938964844,251.5200042724609,247.0800018310547,250.4900054931641,242.337158203125,34689200.0,0.0116043593386868,97.38999938964844,97.62000274658205,97.02999877929688,97.1999969482422,97.1999969482422,0.0,0.6809999942779541,0.7020000219345093,0.6679999828338623,0.6819999814033508,0.6819999814033508,0.0,30.959999084472656,31.76000022888184,28.200000762939453,28.6200008392334,28.6200008392334,0.0,0.011604359338686608,0.017929262043084215,0.011671951116581925,245.49900207519536,242.7950019836426,231.4578009033203,211.96835006713866,244.56741885892635,240.0088255019432,4.5585933569831525,4.833355569768719,63.91420927656561,78.1995580418546,66.1128264122653,2.8199698356745877,-5.137150237024624,5.149508272259809,233.82757660613476,251.76242736115046,7.386828644942203,0.2714419357897454,0.01941167715307886,0.010847699603497978,-0.020831111926918888,0.0031655658060044875,0.004488458588325282,0.9749279121818236,-0.22252093395631434,1.2246467991473532e-16,-1.0
2020-07-02,253.0200042724609,254.2700042724609,251.7100067138672,252.19000244140625,243.98182678222656,31956500.0,0.006763769871131,97.1500015258789,97.33999633789062,96.80999755859376,97.31999969482422,97.31999969482422,0.0,0.6790000200271606,0.7239999771118164,0.6639999747276306,0.6690000295639038,0.6690000295639038,0.0,28.32999992370605,28.440000534057617,25.89999961853028,27.68000030517578,27.68000030517578,0.0,0.006763769871131092,0.010117767430898568,0.006786695822037281,246.29000244140627,243.65300216674802,232.29120086669926,212.2824000549316,245.7401240254617,240.9111349048664,4.82898912059531,4.8324822799340375,65.42491905601129,89.23382445455208,76.27748561251467,3.238088955967262,-9.122813827405608,5.051686165619596,234.53139816901657,252.77460616447948,7.487372547528827,0.2691375824816846,0.011604359338686608,0.01941167715307886,0.009474365181481625,0.0027055185044975085,-0.007038088807702742,0.43388373911755823,-0.900968867902419,1.2246467991473532e-16,-1.0
2020-07-03,253.0200042724609,254.2700042724609,251.7100067138672,252.19000244140625,243.98182678222656,31956500.0,0.0,97.1500015258789,97.33999633789062,96.80999755859376,97.31999969482422,97.31999969482422,0.0,0.6790000200271606,0.7239999771118164,0.6639999747276306,0.6690000295639038,0.6690000295639038,0.0,28.32999992370605,28.440000534057617,25.89999961853028,27.68000030517578,27.68000030517578,0.0,0.0,0.010117767430898568,0.0,247.08500213623051,244.27800216674805,233.05820098876956,212.60820007324213,246.7324130125301,241.74660657423973,4.9858064382903535,4.863147111605301,65.4249190560113,91.14895985845021,86.19411411828563,3.2549937641008886,-12.293156360219115,4.873708407974891,234.60351167886384,253.95249265463227,7.920885550128458,0.262577982795709,0.006763769871131092,0.011604359338686608,-0.023898165687942945,-0.0001639076731284868,0.019633263534933748,-0.433883739117558,-0.9009688679024191,1.2246467991473532e-16,-1.0
2020-07-06,255.4499969482422,258.92999267578125,255.42999267578125,258.3900146484375,249.9800720214844,34589000.0,0.0242874606523323,97.1500015258789,97.1999969482422,96.56999969482422,96.79000091552734,96.79000091552734,0.0,0.6959999799728394,0.7120000123977661,0.6840000152587891,0.6840000152587891,0.6840000152587891,0.0,27.76000022888184,28.32999992370605,24.920000076293945,27.940000534057617,27.940000534057617,0.0,0.024287460652332338,0.013701311574919103,0.02458480337804736,248.25000305175786,245.12000274658203,233.91480133056643,212.95610015869136,248.52589018728509,242.9794516167729,5.54643857051218,4.999805403386677,70.6262855189354,92.02727103826973,90.80335178375734,4.721572868570019,-2.5022166975660842,5.007014252717756,233.67579017075,256.5642153224141,9.33764070463371,0.27320689702279366,0.0,0.006763769871131092,0.010847699603497978,0.011921355878460474,0.007730083329384606,0.0,1.0,1.2246467991473532e-16,-1.0
2020-07-07,258.1300048828125,260.8800048828125,256.29998779296875,256.6099853515625,248.2579345703125,36578200.0,-0.0069129383411553,96.75,97.1500015258789,96.5999984741211,96.87999725341795,96.87999725341795,0.0,0.6740000247955322,0.6809999942779541,0.6399999856948853,0.6499999761581421,0.6499999761581421,0.0,28.770000457763672,29.6299991607666,27.25,29.43000030517578,29.43000030517578,0.0,-0.006912938341155386,0.017743063585045123,-0.006889098947950867,249.02700195312502,245.78550186157224,234.81700103759766,213.30280006408688,249.76959713563545,243.98912078231288,5.78047635332257,5.155939593373856,67.48725664081422,89.01916555706269,90.73179881792754,3.122483976860884,-18.14713027102669,4.976514455369612,233.28744283781296,258.28356088533155,10.169891168599744,0.2752235272039173,0.024287460652332338,0.0,0.01941167715307886,0.00847501834505522,0.007218721917484791,0.7818314824680298,0.6234898018587336,1.2246467991473532e-16,-1.0
2020-07-08,257.9800109863281,260.0199890136719,256.5,259.989990234375,251.5279693603516,30426300.0,0.0130859291068594,96.98999786376952,97.0500030517578,96.4000015258789,96.43000030517578,96.43000030517578,0.0,0.6549999713897705,0.6740000247955322,0.6449999809265137,0.652999997138977,0.652999997138977,0.0,28.950000762939453,30.200000762939453,27.239999771118164,28.07999992370605,28.07999992370605,0.0,0.013085929106859436,0.013644425396425073,0.01317192457795513,250.65500030517583,246.47400131225584,235.63680084228517,213.68249999999998,251.34196530467233,245.1743703713545,6.167594933317815,5.358270661362648,70.19606004092601,91.85606171367036,90.96749943633425,6.680063629730915,-3.7824678903961018,4.872476923819773,232.4510494694285,260.49695315508313,11.378848696550149,0.2757649009307416,-0.006912938341155386,0.024287460652332338,0.011604359338686608,-0.020831111926918888,0.01193011527346135,0.9749279121818236,-0.22252093395631434,1.2246467991473532e-16,-1.0
2020-07-09,261.9700012207031,262.8699951171875,257.6300048828125,262.17999267578125,253.64669799804688,40312900.0,0.0083881524454364,96.4499969482422,96.80999755859376,96.23999786376952,96.6999969482422,96.6999969482422,0.0,0.6549999713897705,0.6549999713897705,0.5989999771118164,0.6050000190734863,0.6050000190734863,0.0,28.18000030517578,31.479999542236328,26.11000061035156,29.26000022888184,29.26000022888184,0.0,0.00838815244543642,0.02000225296773748,0.008423431569392958,252.2699996948243,247.88200073242186,236.5022006225586,214.0630499267578,253.00935413099677,246.43404609760836,6.57530803338841,5.601678135767801,71.83351184646041,91.78887645082723,90.88803457385342,6.564237685084839,-2.7037724860954793,4.898727874573718,233.4745321105036,262.2894693543401,11.624457265431312,0.1897173040132974,0.013085929106859436,-0.006912938341155386,0.006763769871131092,0.009474365181481625,-0.050818577212376356,0.43388373911755823,-0.900968867902419,1.2246467991473532e-16,-1.0
2020-07-10,262.0299987792969,264.2300109863281,259.260009765625,263.9700012207031,255.37838745117188,32885300.0,0.006803971683106,96.75,96.97000122070312,96.44000244140624,96.6500015258789,96.6500015258789,0.0,0.5839999914169312,0.6370000243186951,0.5730000138282776,0.6330000162124634,0.6330000162124634,0.0,30.86000061035156,30.90999984741211,27.1299991607666,27.290000915527344,27.290000915527344,0.0,0.006803971683106016,0.018967298568318764,0.0068271712850696,254.6449996948243,249.2865005493164,237.52680053710938,214.43884994506834,254.6956075294131,247.73300573635612,6.96260179305699,5.87386286722564,73.13281987532817,97.51548718800274,93.72014178416677,9.886770410170628,-0.9672980595001879,4.903818827868677,234.33883441880616,264.23416667982667,11.992359070846002,0.18959126809229485,0.00838815244543642,0.013085929106859436,0.0,-0.023898165687942945,0.007916498356042733,-0.433883739117558,-0.9009688679024191,1.2246467991473532e-16,-1.0
2020-07-13,266.9100036621094,269.7900085449219,257.69000244140625,258.5400085449219,250.12518310546875,64108100.0,-0.0207847927057904,96.66000366210938,96.68000030517578,96.2699966430664,96.45999908447266,96.45999908447266,0.0,0.6480000019073486,0.6629999876022339,0.6349999904632568,0.6399999856948853,0.6399999856948853,0.0,27.850000381469727,32.45000076293945,26.8700008392334,32.189998626708984,32.189998626708984,0.0,-0.020784792705790478,0.045333655305154624,-0.020570277689248573,256.21500091552736,250.27600097656253,238.39320068359376,214.79034996032715,255.28705383949136,248.53352446291655,6.753529376574818,6.049796169095476,63.55516671658953,87.21650797541507,92.173623871415,6.465167371023193,-34.679405528159116,5.417832204700602,235.64846546051874,264.90353649260635,11.689123574747883,0.20976180759070973,0.006803971683106016,0.00838815244543642,0.024287460652332338,0.010847699603497978,0.012093803379857413,0.0,1.0,1.2246467991473532e-16,-1.0
2020-07-14,255.92999267578125,260.7900085449219,252.759994506836,260.3699951171875,251.89556884765625,72230500.0,0.0070530673259707,96.54000091552734,96.6999969482422,96.18000030517578,96.26000213623048,96.26000213623048,0.0,0.6269999742507935,0.6320000290870667,0.6000000238418579,0.6150000095367432,0.6150000095367432,0.0,31.13999938964844,33.66999816894531,29.209999084472656,29.520000457763672,29.520000457763672,0.0,0.00705306732597073,0.03137582256042382,0.007077998785276263,257.4919998168946,251.15200042724615,239.24740051269532,215.16509994506836,256.0690448052908,249.4103000669366,6.658744738354187,6.171585882947218,65.20883755725156,78.4383442636364,87.72344647568474,5.157507552052756,-29.038263621431515,5.604416621370979,236.30025167569042,266.0037491788019,11.826900622961997,0.2045115997369722,-0.020784792705790478,0.006803971683106016,-0.006912938341155386,0.01941167715307886,0.017027061506664647,0.7818314824680298,0.6234898018587336,1.2246467991473532e-16,-1.0
2020-07-15,261.8299865722656,262.69000244140625,257.489990234375,260.8999938964844,252.40826416015625,54523900.0,0.0020332801599996,96.16999816894533,96.25,95.77999877929688,96.08000183105467,96.08000183105467,0.0,0.6499999761581421,0.6579999923706055,0.6179999709129333,0.6299999952316284,0.6299999952316284,0.0,29.14999961853028,30.09000015258789,27.170000076293945,27.76000022888184,27.76000022888184,0.0,0.0020332801599996604,0.019860262283579334,0.0020353486758240003,258.53299865722664,252.01600036621096,240.085400390625,215.5334499359131,256.81226774239747,250.26138849875497,6.550879243642498,6.2474445550862745,65.69433901890011,69.62594959770863,78.4269339455867,4.155849804396437,-27.404482057283463,5.575530591775284,236.99958163661742,267.0324190958045,11.917035988010927,0.204580769708857,0.00705306732597073,-0.020784792705790478,0.013085929106859436,0.011604359338686608,0.0031655658060044875,0.9749279121818236,-0.22252093395631434,1.2246467991473532e-16,-1.0
2020-07-16,258.0199890136719,259.7799987792969,255.6199951171875,259.1199951171875,250.6862335205078,47594100.0,-0.006845780952837,96.0,96.4000015258789,95.88999938964844,96.3499984741211,96.3499984741211,0.0,0.6179999709129333,0.6200000047683716,0.6000000238418579,0.6119999885559082,0.6119999885559082,0.0,28.40999984741211,29.290000915527344,26.979999542236328,28.0,28.0,0.0,-0.006845780952837094,0.01612279605937409,-0.006822401973953562,259.22599792480474,252.75800018310548,240.83140014648436,215.88564994812015,257.1673027231344,250.91758158160184,6.249721141532575,6.247899872375535,62.537920680434155,70.22190780631564,72.76206722255355,2.7479252185626835,-32.89153090233808,5.554421176598256,237.8852013048242,267.63079906138677,11.768409994941395,0.20786389629304242,0.0020332801599996604,0.00705306732597073,0.00838815244543642,0.006763769871131092,0.0027055185044975085,0.43388373911755823,-0.900968867902419,1.2246467991473532e-16,-1.0
2020-07-17,259.5899963378906,260.3099975585937,257.1700134277344,259.4200134277344,250.97659301757807,35137900.0,0.0011575883806169,96.27999877929688,96.33000183105467,95.9000015258789,95.94000244140624,95.94000244140624,0.0,0.6039999723434448,0.6320000290870667,0.6000000238418579,0.628000020980835,0.628000020980835,0.0,27.14999961853028,27.540000915527344,25.40999984741211,25.68000030517578,25.68000030517578,0.0,0.0011575883806169947,0.01209593657365831,0.0011582586446514664,259.9489990234375,253.51700057983402,241.522600402832,216.22720001220705,257.5138736007652,251.54739134798203,5.966482252783152,6.1916163484570585,62.86181255605541,67.197675260589,69.01517755487109,2.8668904065726966,-38.110961258611454,5.3819613876169035,238.9278535636106,268.10614759605744,11.509403300651005,0.2076469216089414,-0.006845780952837094,0.0020332801599996604,0.006803971683106016,0.0,-0.0001639076731284868,-0.433883739117558,-0.9009688679024191,1.2246467991473532e-16,-1.0
2020-07-20,260.0799865722656,267.42999267578125,258.7900085449219,266.7799987792969,258.096923828125,40610100.0,0.0279755082530968,96.01000213623048,96.18000030517578,95.7300033569336,95.83000183105467,95.83000183105467,0.0,0.6069999933242798,0.625,0.6019999980926514,0.6200000047683716,0.6200000047683716,0.0,26.940000534057617,27.07999992370605,24.350000381469727,24.459999084472656,24.459999084472656,0.0,0.027975508253096887,0.03322048822260561,0.02837049752304277,260.7879974365234,254.51900024414064,242.32080047607425,216.60565002441408,258.9394313205393,252.67573263919053,6.263698681348785,6.206032815035404,69.76736008889456,71.91446522014802,69.77801609568422,3.247023358187696,-13.254112178606391,5.614677297848509,239.1573621535251,269.88063833475616,12.071113021723551,0.22387633349792485,0.0011575883806169947,-0.006845780952837094,-0.020784792705790478,0.024287460652332338,0.011921355878460474,0.0,1.0,1.2246467991473532e-16,-1.0
2020-07-21,268.3999938964844,268.4100036621094,263.1300048828125,264.0,255.40744018554688,43243800.0,-0.0104751134504492,95.75,95.91999816894533,95.0500030517578,95.12000274658205,95.12000274658205,0.0,0.6169999837875366,0.621999979019165,0.593999981880188,0.6069999933242798,0.6069999933242798,0.0,24.07999992370605,25.64999961853028,23.61000061035156,24.84000015258789,24.84000015258789,0.0,-0.010475113450449209,0.019672127046818217,-0.0104204405178,261.5269989013672,255.2770004272461,243.1584005737305,216.95805000305177,259.71798034814867,253.51456725850974,6.203413089638929,6.20550886995611,64.86148337084677,72.20351542037804,70.43855196703835,2.87986246455413,-32.024380301648,5.590771689380535,239.60233680536953,270.95166404912266,12.280513791405065,0.2287965213575868,0.027975508253096887,0.0011575883806169947,0.00705306732597073,-0.006912938341155386,0.00847501834505522,0.7818314824680298,0.6234898018587336,1.2246467991473532e-16,-1.0
2020-07-22,264.510009765625,265.8900146484375,262.54998779296875,264.92999267578125,256.3072204589844,29865500.0,0.0035167302012879,95.12999725341795,95.41000366210938,94.83000183105467,94.97000122070312,94.97000122070312,0.0,0.5910000205039978,0.5989999771118164,0.5820000171661377,0.5950000286102295,0.5950000286102295,0.0,24.559999465942383,26.26000022888184,24.1299991607666,24.31999969482422,24.31999969482422,0.0,0.0035167302012879187,0.012627222910876815,0.003522921152116165,262.02099914550786,256.33799972534183,244.07020050048826,217.31750000000002,260.51982839855367,254.36015432645578,6.159674072097886,6.196341910384465,65.72964882689021,75.94696383227905,73.35498149093503,1.9000740901420672,-26.880616022908434,5.430004201243979,241.09317555481428,271.58282389586935,11.894314683630121,0.21084028755390183,-0.010475113450449209,0.027975508253096887,0.0020332801599996604,0.013085929106859436,-0.020831111926918888,0.9749279121818236,-0.22252093395631434,1.2246467991473532e-16,-1.0
2020-07-23,264.510009765625,265.239990234375,256.54998779296875,258.010009765625,249.6124267578125,51363500.0,-0.0264673829312521,94.9800033569336,95.18000030517578,94.58999633789062,94.69000244140624,94.69000244140624,0.0,0.5839999914169312,0.5920000076293945,0.5740000009536743,0.5820000171661377,0.5820000171661377,0.0,23.96999931335449,26.950000762939453,23.600000381469727,26.07999992370605,26.07999992370605,0.0,-0.026467382931252153,0.032853208274069554,-0.02612019157783818,261.6040008544922,256.9370002746582,244.7938006591797,217.63980003356937,260.1337024550262,254.63051398861649,5.503188466409711,6.057711221589514,54.866901252181826,57.3076728460635,68.48605069957352,-1.5905038624793013,-69.17198513725307,5.662861218398427,242.4762595579273,271.3977409913891,11.256254024350559,0.23596051899729178,0.0035167302012879187,-0.010475113450449209,-0.006845780952837094,0.00838815244543642,0.009474365181481625,0.43388373911755823,-0.900968867902419,1.2246467991473532e-16,-1.0
2020-07-24,254.0399932861328,256.92999267578125,251.32000732421875,255.5599975585937,247.24215698242188,54054500.0,-0.0095411729475376,94.7699966430664,94.83000183105467,94.33000183105467,94.44000244140624,94.44000244140624,0.0,0.5860000252723694,0.597000002861023,0.5770000219345093,0.5889999866485596,0.5889999866485596,0.0,27.959999084472656,28.57999992370605,25.530000686645508,25.84000015258789,25.84000015258789,0.0,-0.0095411729475376,0.0220830794356218,-0.009495800374115126,260.76300048828125,257.7040000915527,245.43960052490235,217.9591500091553,259.4300555478827,254.6993646234296,4.730690924453114,5.792307162162235,51.61454304228122,42.30116318330156,58.51859995388136,-3.185969475022996,-77.04390928993381,5.7362284486132715,245.53017865639907,269.8778215267063,9.44791033963673,0.21969942871142517,-0.026467382931252153,0.0035167302012879187,0.0011575883806169947,0.006803971683106016,-0.023898165687942945,-0.433883739117558,-0.9009688679024191,1.2246467991473532e-16,-1.0
2020-07-27,257.260009765625,260.5199890136719,256.45001220703125,260.1199951171875,251.65367126464844,36445700.0,0.017685572890275,94.3499984741211,94.41999816894533,93.4800033569336,93.66999816894533,93.66999816894533,0.0,0.5789999961853027,0.6100000143051147,0.5740000009536743,0.609000027179718,0.609000027179718,0.0,26.600000381469727,26.940000534057617,24.549999237060547,24.739999771118164,24.739999771118164,0.0,0.017685572890275093,0.015820479873061306,0.017842888672663593,260.92099914550784,258.56800003051757,246.09340057373046,218.29279998779296,259.53620009700654,255.10089280815242,4.435307288854119,5.520907187500612,56.752918018010874,33.809621928652334,44.47281931933912,0.6111187901469799,-52.355239786856124,5.68078294907505,248.57929413387515,268.55670592716,7.726173304866426,0.22419448079122362,-0.0095411729475376,-0.026467382931252153,0.027975508253096887,-0.020784792705790478,0.010847699603497978,0.0,1.0,1.2246467991473532e-16,-1.0
2020-07-28,259.3099975585937,259.8500061035156,256.510009765625,256.8099975585937,248.45144653320312,31302400.0,-0.0128063816266249,93.58000183105467,94.01000213623048,93.48999786376952,93.76000213623048,93.76000213623048,0.0,0.6050000190734863,0.6069999933242798,0.5770000219345093,0.5809999704360962,0.5809999704360962,0.0,24.86000061035156,25.850000381469727,24.049999237060547,25.440000534057617,25.440000534057617,0.0,-0.012806381626624955,0.012880322275796248,-0.012724728851969513,260.56499938964845,259.0284996032715,246.69240051269531,218.61759994506838,259.11678432186613,255.22749316003694,3.889291161829192,5.1945839823663285,52.40268765234603,33.44155754746836,36.517447553140755,-1.3672841054482952,-70.27617828080497,5.532868834967012,250.414188978025,267.642810228518,6.651245433178344,0.22291168930625668,0.017685572890275093,-0.0095411729475376,-0.010475113450449209,0.00705306732597073,0.01941167715307886,0.7818314824680298,0.6234898018587336,1.2246467991473532e-16,-1.0
2020-07-29,258.3999938964844,260.6600036621094,257.9100036621094,259.7699890136719,251.3150634765625,27556900.0,0.0114599446978361,93.75,93.8000030517578,93.18000030517578,93.26000213623048,93.26000213623048,0.0,0.5839999914169312,0.5950000286102295,0.5709999799728394,0.5789999961853027,0.5789999961853027,0.0,25.15999984741211,25.420000076293945,23.729999542236328,24.100000381469727,24.100000381469727,0.0,0.011459944697836132,0.010642415112059392,0.011525861424102057,260.45199890136723,259.4924987792969,247.2600003051758,218.9553498840332,259.2172773513747,255.56397433438028,3.6533030169944425,4.886327789291951,55.67475806874873,41.03944813912171,36.096875871747464,-0.43311801810959216,-54.250237514973776,5.412664354149059,251.87232926848057,267.1126682901132,5.873132785466309,0.22282824222836572,-0.012806381626624955,0.017685572890275093,0.0035167302012879187,0.0020332801599996604,0.011604359338686608,0.9749279121818236,-0.22252093395631434,1.2246467991473532e-16,-1.0
2020-07-30,257.739990234375,261.7099914550781,256.54998779296875,261.1300048828125,252.6308441162109,41774500.0,0.0052219240587873,93.31999969482422,93.68000030517578,92.93000030517578,93.0199966430664,93.0199966430664,0.0,0.5609999895095825,0.5609999895095825,0.5379999876022339,0.5410000085830688,0.5410000085830688,0.0,25.040000915527344,28.290000915527344,24.63999938964844,24.76000022888184,24.76000022888184,0.0,0.005221924058787342,0.020020190337623367,0.005235582067571132,260.6529998779297,259.9394989013672,247.9052005004883,219.2905499267578,259.5115431254421,255.9762728935234,3.5352702319186733,4.616116277817296,57.132908825466664,42.86224131521325,39.11441566726777,0.775706160659647,-46.88686025858152,5.39461716186051,253.1157483920139,266.76324941072045,5.250260570781906,0.2224413080304981,0.011459944697836132,-0.012806381626624955,-0.026467382931252153,-0.006845780952837094,0.006763769871131092,0.43388373911755823,-0.900968867902419,1.2246467991473532e-16,-1.0
2020-07-31,265.9100036621094,265.95001220703125,260.8500061035156,265.7900085449219,257.13916015625,53686300.0,0.017688108536805,92.81999969482422,93.54000091552734,92.5500030517578,93.48999786376952,93.48999786376952,0.0,0.5299999713897705,0.5640000104904175,0.527999997138977,0.5360000133514404,0.5360000133514404,0.0,24.790000915527344,26.40999984741211,23.549999237060547,24.459999084472656,24.459999084472656,0.0,0.017688108536805053,0.019179444297989554,0.017845469565724414,261.2899993896484,260.619499206543,248.62780059814455,219.6412999725342,260.47746088228513,256.70321627510845,3.7742446071766835,4.447741943689174,61.77320942938499,61.177441606961935,48.35971035376563,2.455475594585136,-15.330577405558877,5.373573514835876,254.36014457827264,266.8788538348134,4.803443063413915,0.2293578954775474,0.005221924058787342,0.011459944697836132,-0.0095411729475376,0.0011575883806169947,0.0,-0.433883739117558,-0.9009688679024191,1.2246467991473532e-16,-1.0
2020-08-03,268.0,270.1499938964844,267.8699951171875,269.3800048828125,260.6123352050781,32081600.0,0.0134165798795408,93.45999908447266,93.98999786376952,93.31999969482422,93.5,93.5,0.0,0.5590000152587891,0.5720000267028809,0.5529999732971191,0.5630000233650208,0.5630000233650208,0.0,25.75,26.01000022888184,22.170000076293945,24.280000686645508,24.280000686645508,0.0,0.013416579879540893,0.008507458131704757,0.013506986048790415,261.55,261.1689987182617,249.4222006225586,220.00034996032716,261.84708303621244,257.6422376534569,4.204845382755536,4.399162631502446,64.92336801818662,77.8977994779402,60.64582746670513,0.9745880933400001,-4.089163902038995,5.301174360316349,253.88759362304336,268.4504038134801,5.576010269942673,0.21874121918092354,0.017688108536805053,0.005221924058787342,0.017685572890275093,0.027975508253096887,0.024287460652332338,0.0,1.0,-0.4999999999999997,-0.8660254037844388
2020-08-04,268.8599853515625,270.4800109863281,268.0899963378906,270.3800048828125,261.57977294921875,24911300.0,0.0037052986281558,93.55999755859376,93.83000183105467,93.2300033569336,93.37999725341795,93.37999725341795,0.0,0.5379999876022339,0.5379999876022339,0.5099999904632568,0.5149999856948853,0.5149999856948853,0.0,24.01000022888184,24.76000022888184,22.920000076293945,23.76000022888184,23.76000022888184,0.0,0.0037052986281558603,0.008889439777779897,0.003712171733465164,262.18800048828126,261.85749969482424,250.2490008544922,220.37205001831055,263.15984024338167,258.5857759667425,4.574064276639149,4.434142960529787,65.76955778383473,93.35276875619883,77.47600328036698,2.416668516216856,-0.5219524238056161,5.0932343808964315,253.8257607397154,269.8892386499331,6.134434923169464,0.21618189967563162,0.013416579879540893,0.017688108536805053,-0.012806381626624955,-0.010475113450449209,-0.006912938341155386,0.7818314824680298,0.6234898018587336,-0.4999999999999997,-0.8660254037844388
2020-08-05,270.8800048828125,271.5199890136719,269.9599914550781,271.04998779296875,262.2279663085937,21612100.0,0.0024749297944967,93.2300033569336,93.25,92.55999755859376,92.83000183105467,92.83000183105467,0.0,0.5299999713897705,0.5529999732971191,0.527999997138977,0.5429999828338623,0.5429999828338623,0.0,23.440000534057617,23.61000061035156,22.86000061035156,22.989999771118164,22.989999771118164,0.0,0.0024749297944967876,0.005758998561996603,0.0024779949614099905,262.8,262.4104995727539,251.06420074462892,220.74234992980956,264.3737090971643,259.50905091683336,4.864658180330935,4.520246004490017,66.35517861611147,97.68738094956649,89.64598306123517,2.3100423834145083,-2.3267408254559085,4.840860322160526,253.4507649185041,271.3702342270037,6.828792802755751,0.2126161371594555,0.0037052986281558603,0.013416579879540893,0.011459944697836132,0.0035167302012879187,0.013085929106859436,0.9749279121818236,-0.22252093395631434,-0.4999999999999997,-0.8660254037844388
2020-08-06,270.8500061035156,274.9800109863281,270.19000244140625,274.6400146484375,265.7012023925781,28048200.0,0.0131581522745419,92.7699966430664,93.08999633789062,92.5199966430664,92.79000091552734,92.79000091552734,0.0,0.5220000147819519,0.5429999828338623,0.5040000081062317,0.5360000133514404,0.5360000133514404,0.0,23.030000686645508,24.11000061035156,20.96999931335449,22.64999961853028,22.64999961853028,0.0,0.013158152274541977,0.017685096684440137,0.013245101706265361,264.4630004882813,263.0335006713867,251.9572009277344,221.13014999389648,265.9531407204371,260.6298630451003,5.323277675336783,4.68085233865937,69.3782770383413,98.57143264575785,96.53719411717438,6.445488257575399,-1.4370088134648795,4.837228052357765,252.53979015123963,273.5272111915338,7.978991644305493,0.21515134748457163,0.0024749297944967876,0.0037052986281558603,0.005221924058787342,-0.026467382931252153,0.00838815244543642,0.43388373911755823,-0.900968867902419,-0.4999999999999997,-0.8660254037844388
2020-08-07,274.0799865722656,274.8800048828125,269.25,271.4700012207031,262.6343688964844,44969400.0,-0.0116095455567408,92.80999755859376,93.62000274658205,92.76000213623048,93.44000244140624,93.44000244140624,0.0,0.531000018119812,0.5690000057220459,0.5249999761581421,0.5619999766349792,0.5619999766349792,0.0,23.450000762939453,24.020000457763672,22.020000457763672,22.209999084472656,22.209999084472656,0.0,-0.011609545556740878,0.02054146657413112,-0.011542414819645574,266.05400085449224,263.4085006713867,252.7194009399414,221.49315002441404,266.8018884897088,261.43283624329314,5.369052246415663,4.818492320210629,63.91694992463488,93.80034884909514,96.68638748147316,6.225545396032357,-14.835203813793784,4.893854968818818,252.25837373774223,274.55862760503123,8.466034243560543,0.2199381690074639,0.013158152274541977,0.0024749297944967876,0.017688108536805053,-0.0095411729475376,0.006803971683106016,-0.433883739117558,-0.9009688679024191,-0.4999999999999997,-0.8660254037844388
2020-08-10,271.7699890136719,271.9800109863281,266.6700134277344,270.3099975585937,261.51202392578125,35088400.0,-0.0042825695318216,93.38999938964844,93.6999969482422,93.3000030517578,93.58000183105467,93.58000183105467,0.0,0.5540000200271606,0.5759999752044678,0.5460000038146973,0.5740000009536743,0.5740000009536743,0.0,22.8799991607666,23.520000457763672,21.459999084472656,22.1299991607666,22.1299991607666,0.0,-0.004282569531821602,0.01953857222375875,-0.004273412407595045,267.07300109863286,263.99700012207035,253.4444009399414,221.84419998168943,267.34159757722955,262.0904037481302,5.25119382909935,4.905032621988373,61.99383119320956,87.99659310719021,93.45612486734774,3.9174237400763685,-19.73800805117071,4.923579439517028,252.6875059070088,275.3064943371319,8.567896006266816,0.20516449352542096,-0.011609545556740878,0.013158152274541977,0.013416579879540893,0.017685572890275093,-0.020784792705790478,0.0,1.0,-0.4999999999999997,-0.8660254037844388
2020-08-11,269.1099853515625,270.44000244140625,264.6300048828125,265.19000244140625,256.5587463378906,43104300.0,-0.0191225940992155,93.5999984741211,93.73999786376952,93.16999816894533,93.62999725341795,93.62999725341795,0.0,0.6100000143051147,0.6610000133514404,0.6100000143051147,0.6579999923706055,0.6579999923706055,0.0,21.850000381469727,24.93000030517578,20.280000686645508,24.030000686645508,24.030000686645508,0.0,-0.019122594099215594,0.021589676618664407,-0.018940917184352424,267.9110015869141,264.2380004882813,254.0356008911133,222.16909996032712,267.010582940949,262.3200036513358,4.690579289613197,4.862141955513338,54.23705868308975,74.68296850257937,85.49330348628824,3.2631147394877327,-41.37788262729736,4.98689501945108,253.04915644046056,275.42684453610195,8.468762272757896,0.2176553771270161,-0.004282569531821602,-0.011609545556740878,0.0037052986281558603,-0.012806381626624955,0.00705306732597073,0.7818314824680298,0.6234898018587336,-0.4999999999999997,-0.8660254037844388
2020-08-12,267.4200134277344,272.8399963378906,267.3699951171875,271.8599853515625,263.0115966796875,38773400.0,0.0248404561003673,93.68000030517578,93.91000366210938,93.2699966430664,93.44000244140624,93.44000244140624,0.0,0.675000011920929,0.6899999976158142,0.6549999713897705,0.6700000166893005,0.6700000166893005,0.0,22.81999969482422,22.8799991607666,21.540000915527344,22.280000686645508,22.280000686645508,0.0,0.02484045610036731,0.020454718966579133,0.025151550800370792,269.12000122070316,264.78600006103517,254.73900054931642,222.52959991455074,267.75664485027414,263.0266689624637,4.72997588781044,4.835708741972759,61.07065784613848,75.23239660978902,79.3039860731862,4.6541158906752385,-13.186919492164872,5.177116367810601,253.21835104851476,276.3536490735556,8.737356967403091,0.23367331150150833,-0.019122594099215594,-0.004282569531821602,0.0024749297944967876,0.011459944697836132,0.0020332801599996604,0.9749279121818236,-0.22252093395631434,-0.4999999999999997,-0.8660254037844388
2020-08-13,272.6600036621094,274.8299865722656,271.510009765625,272.4800109863281,263.6114807128906,31895700.0,0.0022782301741873,93.37000274658205,93.38999938964844,92.93000030517578,93.33999633789062,93.33999633789062,0.0,0.6819999814033508,0.7269999980926514,0.675000011920929,0.7160000205039978,0.7160000205039978,0.0,22.200000762939453,22.920000076293945,21.450000762939453,22.1299991607666,22.1299991607666,0.0,0.0022782301741873156,0.012176251602911537,0.002280827312469036,270.25500183105476,265.45400085449216,255.48800079345705,222.8898500061035,268.4833165635132,263.726916519787,4.756400043726217,4.819847002323451,61.64403201830351,77.31452060185433,75.74329523807424,4.3464963394800895,-13.491636074974755,5.044463542012746,253.72217653941908,277.18582516956525,8.839063850843106,0.23129484193624825,0.02484045610036731,-0.019122594099215594,0.013158152274541977,0.005221924058787342,-0.006845780952837094,0.43388373911755823,-0.900968867902419,-0.4999999999999997,-0.8660254037844388
2020-08-14,273.1199951171875,273.3999938964844,270.7200012207031,272.1600036621094,263.30194091796875,30799500.0,-0.0011749172362017,93.22000122070312,93.41000366210938,93.0199966430664,93.0999984741211,93.0999984741211,0.0,0.7080000042915344,0.7129999995231628,0.6909999847412109,0.7089999914169312,0.7089999914169312,0.0,22.270000457763672,23.549999237060547,21.790000915527344,22.049999237060547,22.049999237060547,0.0,-0.0011749172362017378,0.009812509972517196,-0.001174227291181662,270.8920013427734,266.09100036621095,256.1374008178711,223.24450004577636,269.048960732528,264.35158964144046,4.697371091087518,4.795351820076265,61.14348348261293,86.01780120719727,79.5215728062802,2.3966270034228505,-15.268040811268534,4.875572765853354,254.3551741092033,277.8268266232186,8.820911824042216,0.23162418366342366,0.0022782301741873156,0.02484045610036731,-0.011609545556740878,0.017688108536805053,0.0011575883806169947,-0.433883739117558,-0.9009688679024191,-0.4999999999999997,-0.8660254037844388
2020-08-17,273.92999267578125,275.8399963378906,272.20001220703125,275.32000732421875,266.35906982421875,24803000.0,0.0115438470783814,93.0999984741211,93.12000274658205,92.7699966430664,92.8499984741211,92.8499984741211,0.0,0.6869999766349792,0.6930000185966492,0.6669999957084656,0.6830000281333923,0.6830000281333923,0.0,22.520000457763672,22.81999969482422,21.34000015258789,21.350000381469727,21.350000381469727,0.0,0.011543847078381405,0.013288008718226035,0.011610734412331736,271.4860015869141,266.5180007934571,256.8128009033203,223.6163000488281,270.0137371312496,265.16406502534994,4.8496721058996854,4.806215877240949,64.23208011022528,89.51489466962511,84.28240549289222,2.2050643454365924,-2.6956391048813866,4.790174187991061,254.07639869227165,278.9596028946425,9.336406594785519,0.21424951174051884,-0.0011749172362017378,0.0022782301741873156,-0.004282569531821602,0.013416579879540893,0.027975508253096887,0.0,1.0,-0.4999999999999997,-0.8660254037844388
2020-08-18,276.4200134277344,278.4599914550781,274.9100036621094,277.9700012207031,268.9227600097656,23529500.0,0.0095789157986634,92.81999969482422,92.81999969482422,92.12999725341795,92.2699966430664,92.2699966430664,0.0,0.6790000200271606,0.6880000233650208,0.6570000052452087,0.6690000295639038,0.6690000295639038,0.0,21.690000534057617,22.549999237060547,21.18000030517578,21.51000022888184,21.51000022888184,0.0,0.009578915798663488,0.012842730701541037,0.009624940450643438,272.2450012207031,267.2165008544922,257.50620086669926,223.99845008850102,271.23777776039634,266.1126528916724,5.125124868723958,4.869997675537551,66.62773875111046,93.26664776798282,89.59978121493506,2.807158887795813,-2.2363767799015832,4.701589445489468,253.83687071567732,280.5961309933071,10.014074801541181,0.21109163831556466,0.011543847078381405,-0.0011749172362017378,-0.019122594099215594,0.0037052986281558603,-0.010475113450449209,0.7818314824680298,0.6234898018587336,-0.4999999999999997,-0.8660254037844388
2020-08-19,277.92999267578125,279.0199890136719,275.57000732421875,276.1000061035156,267.1136474609375,31999400.0,-0.0067499870999704,92.27999877929688,93.0500030517578,92.1500015258789,92.88999938964844,92.88999938964844,0.0,0.656000018119812,0.6880000233650208,0.6480000019073486,0.675000011920929,0.675000011920929,0.0,21.600000381469727,22.979999542236328,20.989999771118164,22.540000915527344,22.540000915527344,0.0,-0.006749987099970413,0.012413132012987512,-0.006727257108183893,272.7500030517578,267.7750015258789,258.10380096435546,224.3710001373291,271.985812890107,266.8524568332904,5.133356056816638,4.922669351793369,63.400690061303635,92.99920575523407,91.92691606428066,1.8631317240287573,-16.070366849514773,4.6121888914868725,253.87483891074612,281.6751641410117,10.38197183151872,0.21361693044647218,0.009578915798663488,0.011543847078381405,0.02484045610036731,0.0024749297944967876,0.0035167302012879187,0.9749279121818236,-0.22252093395631434,-0.4999999999999997,-0.8660254037844388
2020-08-20,275.2799987792969,280.42999267578125,274.8599853515625,279.92999267578125,270.8189697265625,27723400.0,0.01377637551378,92.95999908447266,93.23999786376952,92.7300033569336,92.79000091552734,92.79000091552734,0.0,0.6480000019073486,0.652999997138977,0.6380000114440918,0.6439999938011169,0.6439999938011169,0.0,24.100000381469727,24.600000381469727,22.3700008392334,22.71999931335449,22.71999931335449,0.0,0.013776375513780043,0.020233970317198563,0.013871707046218429,273.27900085449215,268.87100067138675,259.0220007324219,224.76350013732915,273.20799439559534,267.8211631919934,5.386831203601957,5.015501722155086,66.93320501420345,92.84289898787648,93.03625083703112,1.9261497761407311,-3.1645594069541483,4.680604493824864,254.75767410845916,282.9843272343143,10.49821403400573,0.18862645013622106,-0.006749987099970413,0.009578915798663488,0.0022782301741873156,0.013158152274541977,-0.026467382931252153,0.43388373911755823,-0.900968867902419,-0.4999999999999997,-0.8660254037844388
2020-08-21,280.1300048828125,282.3399963378906,279.4599914550781,281.8699951171875,272.69580078125,34748900.0,0.0069063017840818,92.72000122070312,93.47000122070312,92.58000183105467,93.25,93.25,0.0,0.6320000290870667,0.656000018119812,0.6230000257492065,0.6399999856948853,0.6399999856948853,0.0,22.57999992370605,24.46999931335449,22.059999465942383,22.540000915527344,22.540000915527344,0.0,0.006906301784081826,0.010280958243003279,0.006930205282822177,274.3190002441406,270.18650054931646,259.9418005371094,225.15830009460453,274.5406098912249,268.8618174086744,5.678792482550477,5.148159874234165,68.58710333387204,92.70373256635534,92.84861243648862,3.8309919511251103,-2.653876044465042,4.55199023589541,256.3962393720807,283.97676172655224,10.207957206743329,0.18178826126060413,0.013776375513780043,-0.006749987099970413,-0.0011749172362017378,-0.011609545556740878,-0.0095411729475376,-0.433883739117558,-0.9009688679024191,-0.4999999999999997,-0.8660254037844388
2020-08-24,285.25,286.0,281.2699890136719,283.6300048828125,274.3985595703125,36418500.0,0.0062247554009266,93.1999969482422,93.33999633789062,92.83999633789062,93.3000030517578,93.3000030517578,0.0,0.6330000162124634,0.6510000228881836,0.621999979019165,0.6460000276565552,0.6460000276565552,0.0,22.8700008392334,23.18000030517578,21.25,22.3700008392334,22.3700008392334,0.0,0.006224755400926687,0.016581984176435145,0.0062441694524970615,275.6510009765625,271.3620010375977,260.83940063476564,225.5611000823975,275.93897835146913,269.95575722157355,5.983221129895583,5.315172125366448,70.05063398074583,94.3637571132834,93.30346288917174,4.927678385750974,-11.090293208730573,4.564706003783462,257.18217147854125,285.5418305966541,10.450858635208686,0.17554153295207828,0.006906301784081826,0.013776375513780043,0.011543847078381405,-0.004282569531821602,0.017685572890275093,0.0,1.0,-0.4999999999999997,-0.8660254037844388
2020-08-25,282.8299865722656,286.0599975585937,282.3699951171875,285.8599853515625,276.5559387207031,34866600.0,0.0078314640624785,93.27999877929688,93.3499984741211,92.97000122070312,93.0199966430664,93.0199966430664,0.0,0.6850000023841858,0.7160000205039978,0.6790000200271606,0.6819999814033508,0.6819999814033508,0.0,22.15999984741211,23.43000030517578,21.530000686645508,22.030000686645508,22.030000686645508,0.0,0.00783146406247855,0.013046715753611805,0.007862210187141283,277.7179992675781,272.81450042724606,261.69960021972656,225.97355003356935,277.46528712071427,271.1338481941653,6.3314389265489694,5.518425485602953,71.84076707232438,95.10750078340328,94.05833015434735,7.794405037845755,-0.9333283965945238,4.502227177899371,258.96336257229575,286.66563828219637,10.154253409007575,0.16371365892560516,0.006224755400926687,0.006906301784081826,0.009578915798663488,-0.019122594099215594,-0.012806381626624955,0.7818314824680298,0.6234898018587336,-0.4999999999999997,-0.8660254037844388
2020-08-26,287.1499938964844,292.2200012207031,285.8299865722656,291.9599914550781,282.45733642578125,42216700.0,0.021114407158838,93.0199966430664,93.36000061035156,92.8499984741211,93.01000213623048,93.01000213623048,0.0,0.7160000205039978,0.7210000157356262,0.6850000023841858,0.6869999766349792,0.6869999766349792,0.0,22.13999938964844,23.270000457763672,20.920000076293945,23.270000457763672,23.270000457763672,0.0,0.021114407158838003,0.022253229267840614,0.021338893434640793,279.7279998779296,274.4240005493164,262.66640014648436,226.4226000213623,279.69524163369334,272.67652547275145,7.018716160941892,5.818483620670741,76.05671564225102,95.6779908166653,95.04974957111733,7.393514009618886,-0.9424059446790034,4.6370691400806665,259.5145381336905,289.3334629649423,10.866004712256608,0.17186974756510742,0.00783146406247855,0.006224755400926687,-0.006749987099970413,0.02484045610036731,0.011459944697836132,0.9749279121818236,-0.22252093395631434,-0.4999999999999997,-0.8660254037844388
2020-08-27,292.9700012207031,293.8500061035156,288.7099914550781,291.04998779296875,281.5770263671875,49482700.0,-0.0031214792269724,92.8499984741211,93.31999969482422,92.41999816894533,93.01000213623048,93.01000213623048,0.0,0.675000011920929,0.7459999918937683,0.6489999890327454,0.7459999918937683,0.7459999918937683,0.0,23.420000076293945,27.09000015258789,21.440000534057617,24.46999931335449,24.46999931335449,0.0,-0.0031214792269724624,0.017544508403662028,-0.0031166124758280622,281.5849975585938,275.91999969482424,263.6017999267578,226.86934997558595,281.44212565819726,274.0375226816564,7.404602976540843,6.135707491844762,74.27028110805564,96.18057521321852,95.65535560442902,6.815170308978146,-9.582540019070873,4.672993819249012,260.6276198076697,291.2123795819788,11.084647654442133,0.17479514094278537,0.021114407158838003,0.00783146406247855,0.013776375513780043,0.0022782301741873156,0.005221924058787342,0.43388373911755823,-0.900968867902419,-0.4999999999999997,-0.8660254037844388
2020-08-28,292.3299865722656,293.17999267578125,290.92999267578125,292.5299987792969,283.00885009765625,28021000.0,0.0050721311311774,93.0199966430664,93.0999984741211,92.1999969482422,92.37000274658205,92.37000274658205,0.0,0.7390000224113464,0.7459999918937683,0.7129999995231628,0.7289999723434448,0.7289999723434448,0.0,24.59000015258789,26.299999237060547,22.63999938964844,22.959999084472656,22.959999084472656,0.0,0.005072131131177436,0.007696781388671488,0.005085016163930867,283.62199707031255,277.256999206543,264.5675997924805,227.32284996032715,283.14795229221255,275.4073357259261,7.740616566286462,6.456689306733103,75.28695637105993,94.98585845347768,95.6148081611205,7.484566006428023,-4.517478675817066,4.499922832159797,261.0456049847756,293.46839342831043,11.694128024296129,0.16868458369946202,-0.0031214792269724624,0.021114407158838003,0.006906301784081826,-0.0011749172362017378,0.017688108536805053,-0.433883739117558,-0.9009688679024191,-0.4999999999999997,-0.8660254037844388
2020-08-31,293.07000732421875,296.75,292.6199951171875,294.8800048828125,285.28228759765625,36321000.0,0.0080010032788769,92.3000030517578,92.4800033569336,91.98999786376952,92.13999938964844,92.13999938964844,0.0,0.7329999804496765,0.7390000224113464,0.6919999718666077,0.6930000185966492,0.6930000185966492,0.0,23.90999984741211,26.5,21.770000457763672,26.40999984741211,26.40999984741211,0.0,0.008001003278876942,0.01409221271231464,0.008033096842079424,285.57799682617195,278.531999206543,265.53039978027346,227.7761499786377,284.95288345999717,276.8497556634732,8.10312779652395,6.785977004691272,76.85106517962603,93.1783749728142,94.78160287983678,7.104459188670499,-6.3648563866694925,4.479928431341463,260.97394526267965,296.09005315040633,12.607566810191399,0.16608795858860362,0.005072131131177436,-0.0031214792269724624,0.006224755400926687,0.011543847078381405,0.013416579879540893,0.0,1.0,-0.4999999999999997,-0.8660254037844388
2020-09-01,297.6199951171875,300.0400085449219,295.7900085449219,299.9200134277344,290.1583557128906,36216200.0,0.0169476552665441,92.18000030517578,92.4000015258789,91.75,92.33999633789062,92.33999633789062,0.0,0.7200000286102295,0.7289999723434448,0.6710000038146973,0.671999990940094,0.671999990940094,0.0,25.86000061035156,26.59000015258789,25.020000457763672,26.1200008392334,26.1200008392334,0.0,0.016947655266544154,0.014279954538425982,0.017092081517907864,287.772998046875,280.0089996337891,266.5520001220703,228.2527000427246,287.2555188396491,278.55866364601104,8.696855193638044,7.168152642480627,79.80340206022183,96.23613491640126,94.80012278089771,7.896539954181365,-0.40926018830964583,4.528505233539171,260.4791762183356,299.5388230492425,13.949425512033978,0.17177826333166843,0.008001003278876942,0.005072131131177436,0.00783146406247855,0.009578915798663488,0.0037052986281558603,0.7818314824680298,0.6234898018587336,-0.8660254037844384,-0.5000000000000004
2020-09-02,303.2799987792969,303.5,296.8900146484375,302.760009765625,292.9059143066406,50836800.0,0.0094246177387053,92.27999877929688,92.87000274658205,92.20999908447266,92.8499984741211,92.8499984741211,0.0,0.6769999861717224,0.6869999766349792,0.6430000066757202,0.6510000228881836,0.6510000228881836,0.0,26.01000022888184,27.06999969482422,25.530000686645508,26.56999969482422,26.56999969482422,0.0,0.009424617738705307,0.021794992673990096,0.00946916929894881,290.4389984130859,281.5945007324219,267.7330001831055,228.73630012512203,289.64082513595304,280.35135595116765,9.28946918478539,7.59241595094158,81.25420973390541,96.98947968760437,95.4679965256066,9.65592288039066,-2.257444362207728,4.677182384826552,260.07934178410466,303.1096596807392,15.280951078488215,0.17209544770099358,0.016947655266544154,0.008001003278876942,0.021114407158838003,-0.006749987099970413,0.0024749297944967876,0.9749279121818236,-0.22252093395631434,-0.8660254037844384,-0.5000000000000004
2020-09-03,298.1000061035156,298.6199951171875,284.4100036621094,287.4100036621094,278.0555114746094,110083300.0,-0.0520306705480022,92.66000366210938,93.06999969482422,92.6500015258789,92.73999786376952,92.73999786376952,0.0,0.6510000228881836,0.6579999923706055,0.6060000061988831,0.621999979019165,0.621999979019165,0.0,26.280000686645508,35.939998626708984,25.65999984741211,33.599998474121094,33.599998474121094,0.0,-0.05203067054800222,0.04766853795415115,-0.05070024914718685,291.18699951171874,282.23300018310556,268.5606002807617,229.1431501770019,289.2976218322848,280.8742187445708,8.423403087714007,7.758613378296065,57.29689386673819,81.97584543416437,91.73382001272333,2.672100590161332,-51.40575914698948,5.6538126504472,260.82918166802267,303.63681869818845,15.16748112460034,0.2645260933904223,0.009424617738705307,0.016947655266544154,-0.0031214792269724624,0.013776375513780043,0.013158152274541977,0.43388373911755823,-0.900968867902419,-0.8660254037844384,-0.5000000000000004
2020-09-04,285.5599975585937,288.92999267578125,271.79998779296875,283.5799865722656,274.35009765625,123959000.0,-0.0134157558603647,92.8000030517578,93.23999786376952,92.66000366210938,92.72000122070312,92.72000122070312,0.0,0.6489999890327454,0.7210000157356262,0.6430000066757202,0.7210000157356262,0.7210000157356262,0.0,34.619998931884766,38.27999877929688,29.5,30.75,30.75,0.0,-0.013415755860364748,0.059987410804265805,-0.013326165695146552,291.3579986572266,282.83849945068357,269.4277999877929,229.53555007934565,288.41798563843565,281.0746459910667,7.343339647368964,7.675558632110645,53.09071528662994,61.165887203620336,80.04373744179637,0.6066596248980655,-62.839134879941774,6.4735406670447215,262.0400885205767,303.6369103807904,14.706916470353654,0.2658576206410279,-0.05203067054800222,0.009424617738705307,0.005072131131177436,0.006906301784081826,-0.011609545556740878,-0.433883739117558,-0.9009688679024191,-0.8660254037844384,-0.5000000000000004
2020-09-07,285.5599975585937,288.92999267578125,271.79998779296875,283.5799865722656,274.35009765625,123959000.0,0.0,92.8000030517578,93.23999786376952,92.66000366210938,92.72000122070312,92.72000122070312,0.0,0.6489999890327454,0.7210000157356262,0.6430000066757202,0.7210000157356262,0.7210000157356262,0.0,34.619998931884766,38.27999877929688,29.5,30.75,30.75,0.0,0.0,0.059987410804265805,0.0,291.35299682617193,283.5019989013672,270.2425997924805,229.938450012207,287.6736780897941,281.2602267748592,6.413451314934946,7.423137168675506,53.090715286629944,40.97199036437566,61.37124100072012,-0.017635056124453787,-62.839134879941774,7.234716682456706,263.5572973237087,303.44670047902565,14.07023700358275,0.26490936351236816,-0.013415755860364748,-0.05203067054800222,0.008001003278876942,0.006224755400926687,-0.004282569531821602,0.0,1.0,-0.8660254037844384,-0.5000000000000004
2020-09-08,272.2200012207031,278.2200012207031,269.6600036621094,269.95001220703125,261.163818359375,99568600.0,-0.0492571524818709,93.0500030517578,93.5,93.0,93.4800033569336,93.4800033569336,0.0,0.6790000200271606,0.6850000023841858,0.6639999747276306,0.6840000152587891,0.6840000152587891,0.0,30.61000061035156,35.93000030517578,30.520000457763672,31.459999084472656,31.459999084472656,0.0,-0.049257152481870986,0.03144514554481141,-0.048063694562255566,289.7619995117188,283.7399993896484,270.6895999145508,230.28115005493163,284.94696026167674,280.4224331031682,4.524527158508533,6.843415166642112,40.74547150901566,25.05957652636085,42.39915136478561,-5.5656524032086905,-99.1430006610339,7.712235698720959,264.61876804183316,302.86123073746364,13.477994917140212,0.3143567926171709,0.0,-0.013415755860364748,0.016947655266544154,0.00783146406247855,-0.019122594099215594,0.7818314824680298,0.6234898018587336,-0.8660254037844384,-0.5000000000000004
2020-09-09,275.6400146484375,280.04998779296875,273.0,277.8800048828125,268.835693359375,64837900.0,0.028952520650735,93.58000183105467,93.66000366210938,93.13999938964844,93.26000213623048,93.26000213623048,0.0,0.6899999976158142,0.7099999785423279,0.6740000247955322,0.703000009059906,0.703000009059906,0.0,31.68000030517578,31.780000686645508,28.1200008392334,28.809999465942383,28.809999465942383,0.0,0.028952520650735024,0.025576793710305783,0.029375719225559482,288.35400085449214,284.04100036621094,271.2373999023437,230.65840011596683,283.8597363572361,280.2341050868456,3.6256312703904996,6.1998583873917905,48.28069600871415,20.76955027895205,28.933705723229515,-4.8225739773773135,-75.70921362216816,7.882788547807855,265.5273079110724,302.5546928213495,13.0359296237297,0.3188193326455477,-0.049257152481870986,0.0,0.009424617738705307,0.021114407158838003,0.02484045610036731,0.9749279121818236,-0.22252093395631434,-0.8660254037844384,-0.5000000000000004
2020-09-10,280.94000244140625,282.20001220703125,270.5599975585937,272.3399963378906,263.4759826660156,69667500.0,-0.0201381711790768,93.2300033569336,93.4499969482422,92.6999969482422,93.33999633789062,93.33999633789062,0.0,0.7049999833106995,0.7229999899864197,0.6790000200271606,0.6850000023841858,0.6850000023841858,0.0,28.670000076293945,30.559999465942383,27.59000015258789,29.709999084472656,29.709999084472656,0.0,-0.020138171179076885,0.04143238608700887,-0.019936752543474934,286.4830017089844,284.03399963378905,271.6403997802734,231.00595008850098,282.0874686619522,279.6493562906267,2.4381123713254738,5.447509184178528,44.06480979421184,11.022462226526908,18.950529677279935,-6.428446053874092,-92.08039903721719,8.151161840709976,265.5018035861119,302.5661956814662,13.049280066168894,0.32752663107583113,0.028952520650735024,-0.049257152481870986,-0.05203067054800222,-0.0031214792269724624,0.0022782301741873156,0.43388373911755823,-0.900968867902419,-0.8660254037844384,-0.5000000000000004
2020-09-11,274.1499938964844,275.2200012207031,266.8999938964844,270.45001220703125,261.6475524902344,71809000.0,-0.0069638378115363,93.33000183105467,93.37999725341795,93.0999984741211,93.33000183105467,93.33000183105467,0.0,0.6919999718666077,0.6970000267028809,0.6639999747276306,0.6690000295639038,0.6690000295639038,0.0,28.6299991607666,29.729999542236328,26.51000022888184,26.8700008392334,26.8700008392334,0.0,-0.006963837811536388,0.030348376835493497,-0.0069396464804117874,284.27500305175784,283.94850006103513,272.00559997558594,231.33320014953614,280.2970907458105,278.9679233955456,1.3291673502649246,4.623840817395807,42.69510843717308,13.969963101276148,15.253991868918368,-7.54793924192512,-90.30049803678618,8.163222232389176,265.1714838208696,302.7255163012007,13.225649183657884,0.3284393574493481,-0.020138171179076885,0.028952520650735024,-0.013415755860364748,0.005072131131177436,-0.0011749172362017378,-0.433883739117558,-0.9009688679024191,-0.8660254037844384,-0.5000000000000004
2020-09-14,274.3599853515625,277.2200012207031,272.9599914550781,275.1600036621094,266.2042236328125,38525200.0,0.0172653935862132,93.29000091552734,93.33000183105467,92.87000274658205,93.06999969482422,93.06999969482422,0.0,0.6759999990463257,0.6759999990463257,0.652999997138977,0.6710000038146973,0.6710000038146973,0.0,25.86000061035156,26.790000915527344,25.3799991607666,25.850000381469727,25.850000381469727,0.0,0.017265393586213283,0.015527081181923306,0.017415301993884302,282.3030029296875,283.9404998779297,272.3409997558593,231.68865013122561,279.5067696560103,278.68585526714287,0.8209143888674362,3.8632555316901334,47.10750638051449,13.395810618468378,12.796078648757144,-6.68746639113086,-77.43167107059148,8.063705573909369,265.1478747192621,302.7331250365973,13.237016323311977,0.3317902125195963,-0.006963837811536388,-0.020138171179076885,0.0,0.008001003278876942,0.011543847078381405,0.0,1.0,-0.8660254037844384,-0.5000000000000004
2020-09-15,279.0299987792969,280.45001220703125,275.1300048828125,279.0599975585937,269.97723388671875,41849900.0,0.0140738642808851,93.05999755859376,93.13999938964844,92.79000091552734,93.0500030517578,93.0500030517578,0.0,0.6850000023841858,0.6890000104904175,0.6740000247955322,0.6790000200271606,0.6790000200271606,0.0,25.920000076293945,26.0,24.920000076293945,25.59000015258789,25.59000015258789,0.0,0.014073864280885147,0.01906607657776142,0.0141733673584028,280.2170013427734,283.9949996948243,272.78999999999996,232.06445014953616,279.438035487177,278.713569510954,0.724465976222973,3.235497620596701,50.50583572310134,21.83062635789993,16.398800025881485,-6.955193029879913,-66.77595181892255,7.867727127502896,265.26907533000934,302.72092405963923,13.187502867964204,0.3338935847209608,0.017265393586213283,-0.006963837811536388,-0.049257152481870986,0.016947655266544154,0.009578915798663488,0.7818314824680298,0.6234898018587336,-0.8660254037844384,-0.5000000000000004
2020-09-16,279.8800048828125,280.3599853515625,274.25,274.6099853515625,265.6720886230469,42321000.0,-0.0160748377217202,93.08000183105467,93.27999877929688,92.77999877929688,93.20999908447266,93.20999908447266,0.0,0.6690000295639038,0.7020000219345093,0.656000018119812,0.6869999766349792,0.6869999766349792,0.0,25.309999465942383,26.59000015258789,24.84000015258789,26.040000915527344,26.040000915527344,0.0,-0.01607483772172027,0.021830731902840964,-0.015946327035405883,277.40199890136716,283.9204986572266,273.08239990234375,232.41260009765625,278.69525854323626,278.409600313962,0.28565822927424733,2.6455297423322106,46.81016276128142,25.619308007082914,20.281914994483742,-9.297801395849545,-78.93445308923722,7.742174143507153,265.05101497768663,302.7899823367665,13.292089700307843,0.3380807118537128,0.014073864280885147,0.017265393586213283,0.028952520650735024,0.009424617738705307,-0.006749987099970413,0.9749279121818236,-0.22252093395631434,-0.8660254037844384,-0.5000000000000004
2020-09-17,267.54998779296875,274.3999938964844,266.67999267578125,270.32000732421875,261.52178955078125,81570800.0,-0.0157451935079185,93.1500015258789,93.58999633789062,92.87000274658205,92.97000122070312,92.97000122070312,0.0,0.6629999876022339,0.6890000104904175,0.6460000276565552,0.6840000152587891,0.6840000152587891,0.0,28.21999931335449,28.920000076293945,26.26000022888184,26.459999084472656,26.459999084472656,0.0,-0.015745193507918562,0.02885442561364231,-0.01562188596391978,275.6929992675781,283.4399993896485,273.2452001953125,232.73165016174318,277.4067583556951,277.81037120361066,-0.40361284791555363,2.0357012242826578,43.5051637968339,21.391854822725918,22.947263062569586,-5.94620789817125,-90.11403062366247,7.755589752955303,263.67450924211903,303.205489537178,13.946860139776962,0.33805268225442087,-0.01607483772172027,0.014073864280885147,-0.020138171179076885,-0.05203067054800222,0.013776375513780043,0.43388373911755823,-0.900968867902419,-0.8660254037844384,-0.5000000000000004
2020-09-18,271.7900085449219,272.0899963378906,262.6300048828125,266.8699951171875,258.1840515136719,86251100.0,-0.0128448967271368,92.86000061035156,93.01000213623048,92.7699966430664,92.93000030517578,92.93000030517578,0.0,0.6690000295639038,0.6970000267028809,0.6690000295639038,0.6940000057220459,0.6940000057220459,0.0,26.64999961853028,28.100000381469727,25.280000686645508,25.82999992370605,25.82999992370605,0.0,-0.012844896727136837,0.0348062517298702,-0.012762753126011606,274.0220001220703,282.6899993896485,273.3032000732422,233.0300501251221,275.78571785746317,276.9999729749867,-1.2142551175235212,1.3857099559214219,40.99821005707005,13.775283783926453,20.262148871245095,-5.892514368541259,-89.62566493532094,7.8773327316783615,261.5809866882044,303.7990120910926,14.934389435084533,0.33861702470860666,-0.015745193507918562,-0.01607483772172027,-0.006963837811536388,-0.013415755860364748,0.006906301784081826,-0.433883739117558,-0.9009688679024191,-0.8660254037844384,-0.5000000000000004
2020-09-21,262.4700012207031,267.6499938964844,260.1099853515625,267.510009765625,258.8031616210937,57168600.0,0.0023950704684595,93.01000213623048,93.77999877929688,92.75,93.54000091552734,93.54000091552734,0.0,0.6610000133514404,0.6710000038146973,0.6480000019073486,0.6710000038146973,0.6710000038146973,0.0,28.040000915527344,31.18000030517578,27.38999938964844,27.780000686645508,27.780000686645508,0.0,0.0023950704684595476,0.02872712504230801,0.002397940940937815,272.4150024414063,281.8839996337891,273.4826000976562,233.3212501525879,274.51253199718036,276.2970127372562,-1.7844807400758214,0.7516718167219734,41.66972166817368,12.438325276773998,15.868487961142122,-5.666823318840048,-82.94532861069457,7.853238146910042,259.7213936480749,304.0466056195032,15.724628580910451,0.3375443214691181,-0.012844896727136837,-0.015745193507918562,0.017265393586213283,0.0,0.006224755400926687,0.0,1.0,-0.8660254037844384,-0.5000000000000004
2020-09-22,269.989990234375,273.0799865722656,266.5400085449219,272.4800109863281,263.6114807128906,41128900.0,0.0184085762020245,93.5500030517578,94.08000183105467,93.47000122070312,93.98999786376952,93.98999786376952,0.0,0.6690000295639038,0.6790000200271606,0.6610000133514404,0.6639999747276306,0.6639999747276306,0.0,28.61000061035156,28.780000686645508,26.479999542236328,26.86000061035156,26.86000061035156,0.0,0.018408576202024567,0.024223038867724228,0.0185790585465746,272.66800231933587,281.21500091552736,273.724800415039,233.6367002105713,274.19983645704923,276.01427186681707,-1.8144354097678388,0.23845037142401093,46.73902966402587,19.850197250343186,15.354602103681213,0.937210099978272,-67.87841470295493,7.759433852655307,258.7519992942721,303.6780025367826,15.975678074159926,0.3440406268972493,0.0023950704684595476,-0.012844896727136837,0.014073864280885147,-0.049257152481870986,0.00783146406247855,0.7818314824680298,0.6234898018587336,-0.8660254037844384,-0.5000000000000004
2020-09-23,272.1499938964844,272.3399963378906,263.25,264.1600036621094,255.56231689453125,48837300.0,-0.0310100735745494,93.98999786376952,94.43000030517578,93.93000030517578,94.38999938964844,94.38999938964844,0.0,0.6790000200271606,0.6919999718666077,0.6710000038146973,0.6759999990463257,0.6759999990463257,0.0,27.020000457763672,29.729999542236328,25.190000534057617,28.57999992370605,28.57999992370605,0.0,-0.031010073574549425,0.03340068543726706,-0.030534192959243756,271.2960021972656,279.8250015258789,273.79000061035157,233.90975021362303,272.65524679628925,275.1361779257276,-2.4809311294383747,-0.3054259287484662,40.408005880896006,21.076352600387686,17.78829170916829,-4.937383395573612,-85.94719888518743,7.86447507648908,256.72994968729347,302.92005336446437,16.506782247939743,0.3465391240173808,0.018408576202024567,0.0023950704684595476,-0.01607483772172027,0.028952520650735024,0.021114407158838003,0.9749279121818236,-0.22252093395631434,-0.8660254037844384,-0.5000000000000004
2020-09-24,261.3900146484375,268.70001220703125,261.2200012207031,265.3900146484375,256.752197265625,70631700.0,0.0046451251242266,94.37999725341795,94.58999633789062,94.1999969482422,94.3499984741211,94.3499984741211,0.0,0.6679999828338623,0.6740000247955322,0.6610000133514404,0.6660000085830688,0.6660000085830688,0.0,29.540000915527344,30.489999771118164,27.940000534057617,28.51000022888184,28.51000022888184,0.0,0.004645125124226653,0.028616284353434607,0.004655930442142742,270.6010040283203,278.5420028686524,273.9154010009766,234.18240028381348,271.53751877354284,274.4142399051876,-2.8767211316447856,-0.81968496932773,41.66602088311476,21.498364699194617,20.808304849975162,-2.5519504233341928,-81.6792923142738,7.837013355763298,255.22267020399016,301.8613355333146,16.743853655463624,0.3481910980924383,-0.031010073574549425,0.018408576202024567,-0.015745193507918562,-0.020138171179076885,-0.0031214792269724624,0.43388373911755823,-0.900968867902419,-0.8660254037844384,-0.5000000000000004
2020-09-25,265.9100036621094,272.3999938964844,264.29998779296875,271.5599975585937,262.7214050292969,55242400.0,0.02298276749154,94.31999969482422,94.73999786376952,94.19000244140624,94.58000183105467,94.58000183105467,0.0,0.6589999794960022,0.6639999747276306,0.6510000228881836,0.6589999794960022,0.6589999794960022,0.0,28.170000076293945,30.43000030517578,26.020000457763672,26.3799991607666,26.3799991607666,0.0,0.022982767491540018,0.030461456853681464,0.02324890624985132,270.7120025634765,277.4935028076172,274.15820068359375,234.48165023803708,271.54097704816604,274.20281454618066,-2.66183749801462,-1.1881154750651082,47.63745077039301,28.068969942609616,23.547895747397305,0.4104216311562752,-48.16659897270992,7.855798552031322,254.94948326391113,300.0375223513232,16.248322440425234,0.3603904348090274,0.004645125124226653,-0.031010073574549425,-0.012844896727136837,-0.006963837811536388,0.005072131131177436,-0.433883739117558,-0.9009688679024191,-0.8660254037844384,-0.5000000000000004
2020-09-28,276.5799865722656,277.20001220703125,271.6700134277344,277.20001220703125,268.17779541015625,58438300.0,0.020556001997292,94.58000183105467,94.63999938964844,94.1500015258789,94.26000213623048,94.26000213623048,0.0,0.6710000038146973,0.6710000038146973,0.656000018119812,0.6629999876022339,0.6629999876022339,0.0,27.14999961853028,27.190000534057617,24.89999961853028,26.190000534057617,26.190000534057617,0.0,0.020556001997292035,0.019994211612458738,0.020768731730294032,270.91600341796874,276.60950317382816,274.3666009521485,234.8086003112793,272.4115978418376,274.42482918772515,-2.0132313458875615,-1.353138649229599,52.43104531931944,49.17315330216739,32.91349598132388,0.7413899250513756,-22.63464880651409,7.697528273203196,255.60187319698252,297.6171331506738,15.189376891106978,0.3684706902332228,0.022982767491540018,0.004645125124226653,0.0023950704684595476,0.017265393586213283,0.008001003278876942,0.0,1.0,-0.8660254037844384,-0.5000000000000004
2020-09-29,276.6199951171875,277.7099914550781,275.3699951171875,275.95001220703125,266.9685974121094,27050000.0,-0.0045191374628662,94.23999786376952,94.3000030517578,93.81999969482422,93.88999938964844,93.88999938964844,0.0,0.6499999761581421,0.6589999794960022,0.640999972820282,0.6449999809265137,0.6449999809265137,0.0,26.809999465942383,27.43000030517578,25.979999542236328,26.270000457763672,26.270000457763672,0.0,-0.004519137462866298,0.008459245098675195,-0.00450894152589143,270.6050048828125,275.41100311279297,274.6056011962891,235.12875038146973,272.9559692826366,274.5378057076738,-1.5818364250371815,-1.3988782043911157,51.30991454982936,66.96848040421112,48.07020121632938,-1.114450433157997,-28.29331100814262,7.31484742068087,257.4954147870621,293.32659143852385,13.010074487397045,0.3607853315888891,0.020556001997292035,0.022982767491540018,0.018408576202024567,0.014073864280885147,0.016947655266544154,0.7818314824680298,0.6234898018587336,-0.8660254037844384,-0.5000000000000004
2020-09-30,276.1499938964844,281.0899963378906,275.8699951171875,277.8399963378906,268.7969665527344,49380800.0,0.0068252846446333,93.8499984741211,94.19000244140624,93.66999816894533,93.88999938964844,93.88999938964844,0.0,0.6449999809265137,0.7039999961853027,0.6449999809265137,0.6769999861717224,0.6769999861717224,0.0,26.690000534057617,27.1200008392334,25.059999465942383,26.3700008392334,26.3700008392334,0.0,0.0068252846446333285,0.018902775071796156,0.006848629982509236,270.9280059814453,274.1650024414063,274.8638012695313,235.45835037231444,273.707358060368,274.7824124210232,-1.0750543606552014,-1.3341134356439328,52.94815352853464,77.86036818044175,64.66733396227342,1.1762176026457978,-15.490935644018023,7.1652155492538885,261.58698537109444,286.7430195117181,9.175508878453563,0.3596028201305116,-0.004519137462866298,0.020556001997292035,-0.031010073574549425,-0.01607483772172027,0.009424617738705307,0.9749279121818236,-0.22252093395631434,-0.8660254037844384,-0.5000000000000004
2020-10-01,281.7900085449219,282.8800048828125,279.8399963378906,282.25,273.0634460449219,50020200.0,0.0157478478392564,93.8000030517578,93.91999816894533,93.52999877929688,93.70999908447266,93.70999908447266,0.0,0.7009999752044678,0.7200000286102295,0.6690000295639038,0.6769999861717224,0.6769999861717224,0.0,25.780000686645508,27.11000061035156,25.32999992370605,26.700000762939453,26.700000762939453,0.0,0.015747847839256476,0.010788205588337063,0.015872498662854007,272.1210052490235,273.9070022583008,275.3486010742188,235.80065040588377,275.0216106664652,275.33556705650295,-0.3139563900377311,-1.1300820265226925,56.61616070500557,84.48297861935963,76.43727573467083,4.41328512597758,-2.7668174897604647,7.013415048944459,262.2985952770933,285.5154092395083,8.476166644517182,0.3183906222354348,0.0068252846446333285,-0.004519137462866298,0.004645125124226653,-0.015745193507918562,-0.05203067054800222,0.43388373911755823,-0.900968867902419,-1.0,-1.8369701987210297e-16
2020-10-02,276.0199890136719,282.239990234375,273.44000244140625,274.3099975585937,265.3818359375,75497400.0,-0.0285344920484577,93.7300033569336,94.02999877929688,93.69000244140624,93.83999633789062,93.83999633789062,0.0,0.6660000085830688,0.7039999961853027,0.652999997138977,0.6959999799728394,0.6959999799728394,0.0,28.8700008392334,29.89999961853028,26.93000030517578,27.6299991607666,27.6299991607666,0.0,-0.028534492048457708,0.03188170474324911,-0.02813122817675917,272.865005493164,273.44350280761716,275.7236010742188,236.104150390625,274.91213172679267,275.2595989455467,-0.34746721875404774,-0.9735590649689636,49.18208750877736,81.3683349996247,81.23722726647536,2.7878752117259014,-37.637241867347406,7.141742371062266,262.7576939211148,284.1293116941195,7.815734348620021,0.3305596519617718,0.015747847839256476,0.0068252846446333285,0.022982767491540018,-0.012844896727136837,-0.013415755860364748,-0.433883739117558,-0.9009688679024191,-1.0,-1.8369701987210297e-16
2020-10-05,276.3399963378906,280.489990234375,276.2300109863281,280.1600036621094,271.0414733886719,28184600.0,0.0211021682750741,93.80999755859376,93.87000274658205,93.37000274658205,93.51000213623048,93.51000213623048,0.0,0.7110000252723694,0.7620000243186951,0.7110000252723694,0.7620000243186951,0.7620000243186951,0.0,29.520000457763672,29.690000534057617,27.270000457763672,27.959999084472656,27.959999084472656,0.0,0.021102168275074183,0.015415717248682483,0.021326393463133586,274.1300048828125,273.2725036621094,276.1244012451172,236.4439003753662,275.7194966399183,275.6225918875143,0.09690475240398655,-0.7594663014943736,53.977010231138,82.55013438266168,82.80048266721533,4.728792730996303,-11.945537494907043,7.073045964256483,263.17649927927323,283.36850804494554,7.388964676314061,0.34030967926404176,-0.028534492048457708,0.015747847839256476,0.020556001997292035,0.0023950704684595476,0.0,0.0,1.0,-1.0,-1.8369701987210297e-16
2020-10-06,279.45001220703125,281.19000244140625,274.25,275.1600036621094,266.2042236328125,49704200.0,-0.0180080752807426,93.44000244140624,93.8499984741211,93.33999633789062,93.83000183105467,93.83000183105467,0.0,0.7850000262260437,0.7919999957084656,0.7269999980926514,0.7419999837875366,0.7419999837875366,0.0,28.049999237060547,30.0,26.01000022888184,29.479999542236328,29.479999542236328,0.0,-0.018008075280742688,0.024834503983720464,-0.01784689883574675,274.39800415039065,273.5330032348633,276.49140136718745,236.756650390625,275.6334207971785,275.5883260930399,0.045094704138591624,-0.5985541003677806,49.66377734427159,72.17099478909776,78.69648805712804,0.983555698665808,-33.90423627045226,7.063542855481466,263.5295227605535,283.5364837091731,7.314276782696335,0.2962889309756074,0.021102168275074183,-0.028534492048457708,-0.004519137462866298,0.018408576202024567,-0.049257152481870986,0.7818314824680298,0.6234898018587336,-1.0,-1.8369701987210297e-16
2020-10-07,277.8900146484375,280.739990234375,277.2799987792969,279.9200134277344,270.809326171875,27539700.0,0.0171512075555712,93.83000183105467,93.9000015258789,93.55999755859376,93.62999725341795,93.62999725341795,0.0,0.7799999713897705,0.7889999747276306,0.7599999904632568,0.7850000262260437,0.7850000262260437,0.0,29.26000022888184,29.76000022888184,27.940000534057617,28.059999465942383,28.059999465942383,0.0,0.017151207555571295,0.012450938402574155,0.017299134011541817,275.9740051269531,273.63500366210934,276.89440185546874,237.0932004547119,276.29289658649475,275.9091918215358,0.38370476495896355,-0.40210232730243173,53.475313636137265,80.383571362197,78.3682335113188,5.966084777082242,-12.999512148049664,6.957574549537477,263.4058389924744,283.8641683317443,7.476503029755757,0.284214180123597,-0.018008075280742688,0.021102168275074183,0.0068252846446333285,-0.031010073574549425,0.028952520650735024,0.9749279121818236,-0.22252093395631434,-1.0,-1.8369701987210297e-16
2020-10-08,282.3999938964844,282.4700012207031,280.3099975585937,281.4100036621094,272.2507629394531,25443300.0,0.0053085843779741,93.61000061035156,93.77999877929688,93.5,93.61000061035156,93.61000061035156,0.0,0.7799999713897705,0.7799999713897705,0.7620000243186951,0.7649999856948853,0.7649999856948853,0.0,27.64999961853028,27.989999771118164,24.8799991607666,26.36000061035156,26.36000061035156,0.0,0.005308584377974195,0.007648738345586494,0.0053226998787452295,277.5760040283203,274.0885040283203,277.3000018310547,237.4194504547119,277.080143828897,276.31665936528196,0.7634844636150433,-0.16898496911893673,54.6333349529079,82.21346292682577,78.25600969270684,6.03639478858825,-6.455862801020739,6.642746924068283,263.3115263627488,284.8654816938918,7.863866967917759,0.2740371510375327,0.017151207555571295,-0.018008075280742688,0.015747847839256476,0.004645125124226653,-0.020138171179076885,0.43388373911755823,-0.900968867902419,-1.0,-1.8369701987210297e-16
2020-10-09,283.1099853515625,285.7900085449219,282.7099914550781,285.7099914550781,276.41082763671875,30201100.0,0.0151647007625335,93.55999755859376,93.58999633789062,93.01000213623048,93.05999755859376,93.05999755859376,0.0,0.7739999890327454,0.7990000247955322,0.7599999904632568,0.7749999761581421,0.7749999761581421,0.0,26.200000762939453,26.21999931335449,24.030000686645508,25.0,25.0,0.0,0.015164700762533526,0.01087922450357596,0.015280268280426501,278.9910034179687,274.8515029907227,277.69840148925783,237.77710044860837,278.40781269446336,277.0124617423039,1.395350952159447,0.14388221513674002,57.89079171636687,93.4063184222255,85.33445090374943,5.210632649763274,-0.3256697842530798,6.481122492550013,263.04733401206573,286.6556719693796,8.589488396616396,0.27607428313030224,0.005308584377974195,0.017151207555571295,-0.028534492048457708,0.022982767491540018,-0.006963837811536388,-0.433883739117558,-0.9009688679024191,-1.0,-1.8369701987210297e-16
2020-10-12,290.54998779296875,297.4599914550781,289.4700012207031,294.5299987792969,284.9437866210937,79370700.0,0.0304036559678625,93.05999755859376,93.23999786376952,93.01000213623048,93.06999969482422,93.06999969482422,0.0,0.7770000100135803,0.7770000100135803,0.7770000100135803,0.7770000100135803,0.7770000100135803,0.0,25.64999961853028,25.64999961853028,24.13999938964844,25.06999969482422,25.06999969482422,0.0,0.030403655967862563,0.027499537325977323,0.030870567037227792,280.7240020751953,275.820002746582,278.20140136718754,238.1719504547119,280.888149015207,278.31005707837744,2.578091936829537,0.6307241594752995,63.65538056393826,95.0444988279687,90.22142672567333,6.251798632433843,-8.084970930820068,6.857470885939298,261.09268753508695,290.5473179580771,10.678931959134403,0.28888167064271614,0.015164700762533526,0.005308584377974195,0.021102168275074183,0.020556001997292035,0.017265393586213283,0.0,1.0,-1.0,-1.8369701987210297e-16
2020-10-13,296.3900146484375,297.04998779296875,293.1099853515625,294.5199890136719,284.9340515136719,64240000.0,-3.4165593996836766e-05,93.02999877929688,93.5999984741211,93.02999877929688,93.52999877929688,93.52999877929688,0.0,0.7570000290870667,0.7570000290870667,0.7260000109672546,0.7269999980926514,0.7269999980926514,0.0,25.670000076293945,26.93000030517578,25.15999984741211,26.06999969482422,26.06999969482422,0.0,-3.4165593996836766e-05,0.013293303575289732,-3.4165010359576975e-05,282.5809997558594,276.59300231933594,278.68420104980464,238.56690040588376,282.98535516881697,279.5107927772881,3.4745623915288775,1.1994918058860151,63.64473194296321,94.49225586019679,94.31435770346366,6.729471275655722,-8.112591704336458,6.649080282758366,259.6877744354631,293.4982302032088,12.22390135839748,0.28629789173389647,0.030403655967862563,0.015164700762533526,-0.018008075280742688,-0.004519137462866298,0.014073864280885147,0.7818314824680298,0.6234898018587336,-1.0,-1.8369701987210297e-16
2020-10-14,295.3500061035156,296.3500061035156,290.260009765625,292.0599975585937,282.55419921875,36949100.0,-0.0083873674681656,93.54000091552734,93.66999816894533,93.25,93.37999725341795,93.37999725341795,0.0,0.7170000076293945,0.7269999980926514,0.7089999914169312,0.722000002861023,0.722000002861023,0.0,25.71999931335449,27.229999542236328,25.530000686645508,26.39999961853028,26.39999961853028,0.0,-0.008387367468165654,0.020619591034496797,-0.008352291634780906,284.00299987792965,277.4655029296875,279.1044012451172,238.94145042419433,284.3814539980134,280.44036350182927,3.941090496184131,1.7478115439456383,60.94636842782928,89.17259241059482,92.90311569958676,5.118054062817379,-16.284660133059003,6.609145715267813,259.2414158861333,295.68958997324165,13.136110147842292,0.280861802548202,-3.4165593996836766e-05,0.030403655967862563,0.017151207555571295,0.0068252846446333285,-0.01607483772172027,0.9749279121818236,-0.22252093395631434,-1.0,-1.8369701987210297e-16
2020-10-15,287.20001220703125,290.7099914550781,286.5400085449219,290.1000061035156,280.6579284667969,42514200.0,-0.0067337964653484,93.43000030517578,93.9000015258789,93.37000274658205,93.86000061035156,93.86000061035156,0.0,0.6980000138282776,0.734000027179718,0.6930000185966492,0.7310000061988831,0.7310000061988831,0.0,27.100000381469727,29.059999465942383,26.81999969482422,26.96999931335449,26.96999931335449,0.0,-0.006733796465348401,0.014519438485087084,-0.006711175261936431,284.7880004882813,278.45450286865236,279.4136010742187,239.29700042724608,285.26123124501373,281.1558925834357,4.10533866157806,2.219316967472123,58.80706321808319,82.35486251645506,88.67323692908221,2.7812244830879096,-28.53816061323936,6.531348808010956,259.72334362653885,297.18566211076586,13.453658712029547,0.2746024206026232,-0.008387367468165654,-3.4165593996836766e-05,0.005308584377974195,0.015747847839256476,-0.015745193507918562,0.43388373911755823,-0.900968867902419,-1.0,-1.8369701987210297e-16
2020-10-16,291.79998779296875,293.2699890136719,288.1499938964844,288.510009765625,279.11968994140625,40570700.0,-0.0054959053262409,93.8000030517578,93.87999725341795,93.52999877929688,93.68000030517578,93.68000030517578,0.0,0.7269999980926514,0.7570000290870667,0.7210000157356262,0.7440000176429749,0.7440000176429749,0.0,27.15999984741211,27.459999084472656,26.190000534057617,27.40999984741211,27.40999984741211,0.0,-0.005495905326240967,0.017546248565370477,-0.0054808304678718445,286.2080017089844,279.53650360107423,279.75440124511715,239.64740051269533,285.7610433251078,281.7006420043386,4.060401320769188,2.5875338381315363,57.057364580300415,72.63887409619616,81.388776341082,5.1766294824883765,-37.26055696511313,6.430537830094996,261.12560614994584,297.9474010522026,13.172445969634458,0.26999009497202797,-0.006733796465348401,-0.008387367468165654,0.015164700762533526,-0.028534492048457708,-0.012844896727136837,-0.433883739117558,-0.9009688679024191,-1.0,-1.8369701987210297e-16
2020-10-19,290.489990234375,291.4800109863281,282.7900085449219,283.79998779296875,274.5630187988281,36756800.0,-0.0164598747530549,93.72000122070312,93.7699966430664,93.20999908447266,93.43000030517578,93.43000030517578,0.0,0.7710000276565552,0.781000018119812,0.7570000290870667,0.7609999775886536,0.7609999775886536,0.0,27.36000061035156,29.690000534057617,27.040000915527344,29.18000030517578,29.18000030517578,0.0,-0.016459874753054913,0.029914980665581372,-0.016325151204971133,286.57200012207034,280.3510025024414,280.0242010498047,239.96165046691897,285.4593424740095,281.8561490997927,3.6031933742168007,2.7906657453485897,52.111119224676294,59.11065518695615,71.36813059986912,1.2992518858078776,-56.86931686077905,6.591928159474371,262.75711592775014,297.9448890771327,12.551327741043528,0.27951020970007895,-0.005495905326240967,-0.006733796465348401,0.030403655967862563,0.021102168275074183,0.0023950704684595476,0.0,1.0,-1.0,-1.8369701987210297e-16
2020-10-20,284.5599975585937,287.6199951171875,282.95001220703125,284.4100036621094,275.1531677246094,32195400.0,0.0021471048769073,93.41999816894533,93.5,93.0,93.06999969482422,93.06999969482422,0.0,0.7789999842643738,0.7990000247955322,0.7760000228881836,0.796999990940094,0.796999990940094,0.0,28.809999465942383,29.600000381469727,28.290000915527344,29.350000381469727,29.350000381469727,0.0,0.002147104876907343,0.01641124174241903,0.0021494115571829564,287.49700012207035,280.94750213623047,280.4086010742188,240.28330047607426,285.29790573371713,282.04532351181615,3.2525822219009797,2.883049040659068,52.683232334606075,50.513475638652395,60.7543349739349,3.3616804320728253,-54.32969925815062,6.454646355951648,263.67114311728267,298.22386115517827,12.29863863361245,0.27348147648691307,-0.016459874753054913,-0.005495905326240967,-3.4165593996836766e-05,-0.018008075280742688,0.018408576202024567,0.7818314824680298,0.6234898018587336,-1.0,-1.8369701987210297e-16
2020-10-21,284.6700134277344,287.32000732421875,283.69000244140625,284.19000244140625,274.9402770996094,29306100.0,-0.0007740162608067,93.0500030517578,93.06999969482422,92.47000122070312,92.61000061035156,92.61000061035156,0.0,0.8209999799728394,0.8230000138282776,0.7990000247955322,0.8159999847412109,0.8159999847412109,0.0,29.1200008392334,30.549999237060547,28.3700008392334,28.64999961853028,28.64999961853028,0.0,-0.0007740162608067709,0.01275162367508724,-0.0007737167874914963,287.92399902343755,281.9490020751953,280.65520141601564,240.60340049743658,285.1274590733616,282.20418861771174,2.923270455649856,2.8910933236572256,52.439912333113575,44.51845856938305,51.380863131663865,1.525431840826286,-55.245608172921166,6.252886250727423,266.54990148508534,297.3481026653053,10.923323350513627,0.24437912196962694,0.002147104876907343,-0.016459874753054913,-0.008387367468165654,0.017151207555571295,-0.031010073574549425,0.9749279121818236,-0.22252093395631434,-1.0,-1.8369701987210297e-16
2020-10-22,285.04998779296875,285.9800109863281,280.82000732421875,284.17999267578125,274.9306640625,32196200.0,-3.496470313575134e-05,92.66999816894533,92.97000122070312,92.61000061035156,92.9499969482422,92.9499969482422,0.0,0.8130000233650208,0.8529999852180481,0.8040000200271606,0.8479999899864197,0.8479999899864197,0.0,30.100000381469727,30.1200008392334,27.68000030517578,28.11000061035156,28.11000061035156,0.0,-3.496470313575134e-05,0.018102100975556173,-3.496409187764282e-05,288.2009979248047,282.8885009765625,280.8892010498047,240.91290046691898,284.9816950121954,282.35054447386506,2.6311505383303597,2.8391047665918525,52.42804774720189,44.402653277073455,46.478195828369635,0.9843249982675871,-57.21673273770782,6.174823208683277,269.5942401576777,296.18276179544733,9.398940411498918,0.24469192796821684,-0.0007740162608067709,0.002147104876907343,-0.006733796465348401,0.005308584377974195,0.004645125124226653,0.43388373911755823,-0.900968867902419,-1.0,-1.8369701987210297e-16
2020-10-23,284.7699890136719,284.9100036621094,281.7799987792969,284.739990234375,275.4723205566406,24658500.0,0.0019682185022123,92.93000030517578,93.12999725341795,92.66000366210938,92.7699966430664,92.7699966430664,0.0,0.8600000143051147,0.871999979019165,0.8309999704360962,0.8410000205039978,0.8410000205039978,0.0,28.46999931335449,28.670000076293945,27.26000022888184,27.549999237060547,27.549999237060547,0.0,0.001968218502212338,0.010991343904087547,0.0019701567156491517,288.1039978027344,283.54750061035156,281.14080078125,241.2197003936768,284.9445096617615,282.52754045612505,2.4169692056364624,2.754677654400775,53.06779509601758,44.2445566149387,44.388556153798405,-0.3395055299827123,-54.8039892445549,5.957336185406793,271.3568232114731,295.73817800923,8.598684433921898,0.23352432516669527,-3.496470313575134e-05,-0.0007740162608067709,-0.005495905326240967,0.015164700762533526,0.022982767491540018,-0.433883739117558,-0.9009688679024191,-1.0,-1.8369701987210297e-16
2020-10-26,282.3800048828125,285.29998779296875,276.760009765625,280.4700012207031,271.3414306640625,38421100.0,-0.0151092340652915,92.76000213623048,93.11000061035156,92.73999786376952,93.0500030517578,93.0500030517578,0.0,0.8180000185966492,0.8180000185966492,0.7910000085830688,0.8009999990463257,0.8009999990463257,0.0,29.3799991607666,33.68000030517578,29.21999931335449,32.459999084472656,32.459999084472656,0.0,-0.015109234065291537,0.030242856716741807,-0.014995662301863666,286.697998046875,283.7110000610352,281.24380065917967,241.50515037536624,284.25612374775255,282.37513014239005,1.8809936053625051,2.5799408445931213,47.79035749410156,35.30065263525031,41.31595417575416,-4.773706453287113,-82.07732011198634,6.141810602688005,271.7941329752854,295.627867146785,8.400708526060749,0.2309879011463701,0.001968218502212338,-3.496470313575134e-05,-0.016459874753054913,0.030403655967862563,0.020556001997292035,0.0,1.0,-1.0,-1.8369701987210297e-16
2020-10-27,281.5,283.510009765625,280.20001220703125,282.6600036621094,273.4600524902344,30559100.0,0.0077776311980183,93.06999969482422,93.12999725341795,92.79000091552734,92.94000244140624,92.94000244140624,0.0,0.7940000295639038,0.7940000295639038,0.7689999938011169,0.777999997138977,0.777999997138977,0.0,32.040000915527344,33.77000045776367,31.850000381469727,33.349998474121094,33.349998474121094,0.0,0.007777631198018318,0.011758428272091474,0.007807955537740385,285.5119995117188,284.0464996337891,281.33760070800787,241.80205039978028,284.01056681149976,282.3962318845915,1.6143349269082705,2.386819661056151,50.508814360141386,30.540367276373104,36.6951921755207,-4.026886389368957,-71.49758881433944,5.9395382423955585,272.6847342306904,295.40826503688777,7.999933403683543,0.23150659237489776,-0.015109234065291537,0.001968218502212338,0.002147104876907343,-3.4165593996836766e-05,-0.004519137462866298,0.7818314824680298,0.6234898018587336,-1.0,-1.8369701987210297e-16
2020-10-28,278.010009765625,278.6400146484375,271.3800048828125,271.6400146484375,262.798828125,53413500.0,-0.0397667234183928,93.1500015258789,93.6500015258789,93.0500030517578,93.41000366210938,93.41000366210938,0.0,0.7609999775886536,0.7829999923706055,0.7459999918937683,0.781000018119812,0.781000018119812,0.0,34.689998626708984,40.77000045776367,34.68000030517578,40.27999877929688,40.27999877929688,0.0,-0.0397667234183928,0.026114202764661303,-0.03898640502753181,283.4700012207032,283.7365005493164,281.24840087890624,242.04090049743652,282.1074049402594,281.59947505228376,0.5079298879756493,2.011041706440051,39.39358401004261,15.807353849066695,27.2161245868967,-6.99170823832507,-99.00302952647412,6.320999709317082,271.3679978106001,296.1050032880327,8.718302167518644,0.27202337936940935,0.007777631198018318,-0.015109234065291537,-0.0007740162608067709,-0.008387367468165654,0.0068252846446333285,0.9749279121818236,-0.22252093395631434,-1.0,-1.8369701987210297e-16
2020-10-29,273.0,279.489990234375,272.5199890136719,276.3900146484375,267.3941955566406,43246300.0,0.017335130052793,93.45999908447266,94.0999984741211,93.33999633789062,93.95999908447266,93.95999908447266,0.0,0.7689999938011169,0.8420000076293945,0.7689999938011169,0.8349999785423279,0.8349999785423279,0.0,38.79999923706055,41.15999984741211,35.630001068115234,37.59000015258789,37.59000015258789,0.0,0.017335130052793073,0.025531140002575548,0.017486255416081287,282.0990020751953,283.4435012817383,281.1776013183594,242.29990058898926,281.22780643382526,281.2135890964433,0.014217337381978723,1.6116768326284365,45.01085518941881,16.236517231379633,20.861412785606475,-4.725953521761053,-80.78982996504753,6.4302122719328265,270.6561840882605,296.2308184752161,9.022833217662956,0.27338440574182893,-0.0397667234183928,0.007777631198018318,-3.496470313575134e-05,-0.006733796465348401,0.015747847839256476,0.43388373911755823,-0.900968867902419,-1.0,-1.8369701987210297e-16
2020-10-30,274.3399963378906,275.239990234375,267.07000732421875,269.3800048828125,260.6123352050781,65838300.0,-0.0256899600288165,93.91999816894533,94.08000183105467,93.6500015258789,94.04000091552734,94.04000091552734,0.0,0.8199999928474426,0.8650000095367432,0.8159999847412109,0.8600000143051147,0.8600000143051147,0.0,40.810001373291016,41.09000015258789,36.5,38.02000045776367,38.02000045776367,0.0,-0.0256899600288165,0.0297805023664639,-0.025362780734430435,280.1860015869141,283.1970016479492,280.92780151367197,242.5333006286621,279.40506773366945,280.337027302841,-0.9319595691715676,1.1029495522684358,39.23182462008431,9.304091380858873,13.7826541537684,-6.630620857263502,-92.29486636590173,6.636626204238963,269.50994026564445,296.88406303025397,9.666106140007487,0.2697537186406525,0.017335130052793073,-0.0397667234183928,0.001968218502212338,-0.005495905326240967,-0.028534492048457708,-0.433883739117558,-0.9009688679024191,-1.0,-1.8369701987210297e-16
2020-11-02,271.8500061035156,273.5199890136719,266.9700012207031,269.9800109863281,261.19287109375,39987400.0,0.0022251066918778,93.88999938964844,94.29000091552734,93.88999938964844,94.0500030517578,94.0500030517578,0.0,0.8539999723434448,0.8550000190734863,0.828000009059906,0.8489999771118164,0.8489999771118164,0.0,38.56999969482422,38.77999877929688,36.130001068115234,37.130001068115234,37.130001068115234,0.0,0.0022251066918778117,0.02409412413430159,0.0022275840789156565,278.80400390625,282.6880020141602,280.6548016357422,242.79270065307617,277.95505900330926,279.56984090902523,-1.6147819057159722,0.5594032606715542,39.942589658908574,12.386799958410792,12.642469523549765,-4.869618534558309,-89.75490379381837,6.630437746291091,267.8192555131155,297.5567485152049,10.519545502535985,0.2573640567671451,-0.0256899600288165,0.017335130052793073,-0.015109234065291537,-0.016459874753054913,0.021102168275074183,0.0,1.0,-0.8660254037844386,0.5000000000000001
2020-11-03,271.9599914550781,276.82000732421875,270.8399963378906,274.6499938964844,265.7108459472656,43604100.0,0.0171495680815186,94.0500030517578,94.0500030517578,93.29000091552734,93.5500030517578,93.5500030517578,0.0,0.8709999918937683,0.8960000276565552,0.8709999918937683,0.8820000290870667,0.8820000290870667,0.0,36.43999862670898,36.43999862670898,34.189998626708984,35.54999923706055,35.54999923706055,0.0,0.017149568081518678,0.021988568812394204,0.017297466177375043,277.8280029296875,282.66250152587895,280.4306018066406,243.05870063781737,277.4465874484131,279.2054077969852,-1.758820348572101,0.0957585388228232,45.304794786514506,15.717245485946645,12.46937894173877,-3.431668942707194,-70.79849338243997,6.645406217119629,267.7377498009098,297.5872532508481,10.560121448300938,0.2583450039563916,0.0022251066918778117,-0.0256899600288165,0.007777631198018318,0.002147104876907343,-0.018008075280742688,0.7818314824680298,0.6234898018587336,-0.8660254037844386,0.5000000000000001
2020-11-04,283.5899963378906,288.7699890136719,281.8699951171875,286.9100036621094,277.5718078613281,75728200.0,0.0436709945715265,93.08999633789062,94.3000030517578,93.08999633789062,93.41000366210938,93.41000366210938,0.0,0.7860000133514404,0.8009999990463257,0.7559999823570251,0.7680000066757202,0.7680000066757202,0.0,36.790000915527344,36.84999847412109,28.030000686645508,29.56999969482422,29.56999969482422,0.0,0.04367099457152658,0.024330879035180067,0.04463860657165841,278.1000030517578,283.01200103759766,280.32960205078126,243.38420066833498,278.9024976351356,279.7761186018092,-0.8736209666735704,-0.09811736227645552,56.32865297866651,38.42137926377755,22.17514156937833,0.9571065826863243,-24.182465032408984,7.179305424267334,268.03039089293344,297.9936111822619,10.587261380957436,0.2961998629724219,0.017149568081518678,0.0022251066918778117,-0.0397667234183928,-0.0007740162608067709,0.017151207555571295,0.9749279121818236,-0.22252093395631434,-0.8660254037844386,0.5000000000000001
2020-11-05,293.5299987792969,295.3900146484375,292.0,294.3900146484375,284.80841064453125,52054200.0,0.0257370440793351,93.33999633789062,93.5500030517578,92.48999786376952,92.52999877929688,92.52999877929688,0.0,0.7630000114440918,0.7900000214576721,0.7480000257492065,0.7760000228881836,0.7760000228881836,0.0,27.559999465942383,28.13999938964844,26.040000915527344,27.57999992370605,27.57999992370605,0.0,0.02573704407933516,0.01154912500437963,0.026071101524901552,279.1210052490235,283.66100158691404,280.39640258789063,243.74315071105957,281.28519256025896,280.85862942007793,0.42656314018103103,0.006818738215041781,61.43565909678602,67.1667981362591,40.435140961994435,3.592801124569239,-3.5186471763736904,7.272212964414534,267.8689328522012,299.45307032162685,11.13446589158581,0.30854661600214256,0.04367099457152658,0.017149568081518678,0.017335130052793073,-3.496470313575134e-05,0.005308584377974195,0.43388373911755823,-0.900968867902419,-0.8660254037844386,0.5000000000000001
2020-11-06,293.7099914550781,295.3599853515625,289.8299865722656,294.6099853515625,285.0211181640625,40959800.0,0.0007465654854901,92.56999969482422,92.81999969482422,92.18000030517578,92.2300033569336,92.2300033569336,0.0,0.7829999923706055,0.8370000123977661,0.7820000052452087,0.8199999928474426,0.8199999928474426,0.0,27.8700008392334,29.440000534057617,24.559999465942383,24.86000061035156,24.86000061035156,0.0,0.000746565485490183,0.01882809213231232,0.0007468442348661508,280.10800476074223,284.10600128173826,280.4380023193359,244.1208506011963,283.335160681998,281.8772483779657,1.457912304032277,0.2970374513784888,61.57795668466697,89.85141330275977,65.14653023426547,3.4663185557684804,-2.7446478829379783,7.147769094048987,267.5860216251315,300.62598093834504,11.629447869511546,0.3047667304486765,0.02573704407933516,0.04367099457152658,-0.0256899600288165,0.001968218502212338,0.015164700762533526,-0.433883739117558,-0.9009688679024191,-0.8660254037844386,0.5000000000000001
2020-11-09,297.6499938964844,299.1400146484375,288.1199951171875,288.5899963378906,279.1970520019531,86537100.0,-0.0206454642445263,92.23999786376952,92.95999908447266,92.12999725341795,92.7300033569336,92.7300033569336,0.0,0.9179999828338624,0.975000023841858,0.902999997138977,0.9580000042915344,0.9580000042915344,0.0,24.799999237060547,25.81999969482422,22.40999984741211,25.75,25.75,0.0,-0.020645464244526353,0.037023415949010575,-0.020433805746130518,280.9200042724609,283.80900115966796,280.3122021484375,244.4519005584717,284.1435969367507,282.3744889675898,1.7691079691609275,0.5914515549349766,55.538206007984776,86.98071088223045,81.3329741070831,2.8951385466703936,-32.79457229399695,7.424358410991916,267.8749032383176,299.74309908101833,11.228747401415937,0.29432036836031455,0.000746565485490183,0.02573704407933516,0.0022251066918778117,-0.015109234065291537,0.030403655967862563,0.0,1.0,-0.8660254037844386,0.5000000000000001
2020-11-10,285.1700134277344,286.6600036621094,280.6199951171875,283.4200134277344,274.19537353515625,69024900.0,-0.0180769177067717,92.76000213623048,92.97000122070312,92.5999984741211,92.75,92.75,0.0,0.9490000009536744,0.9729999899864196,0.9390000104904176,0.972000002861023,0.972000002861023,0.0,25.36000061035156,26.770000457763672,24.350000381469727,24.799999237060547,24.799999237060547,0.0,-0.01807691770677172,0.02118037753100744,-0.017914510310667153,280.9960052490235,283.25400238037105,279.9822021484375,244.73165061950687,284.03227639690203,282.45193522389684,1.5803411730051948,0.7892294785490204,50.919152471352724,71.86513129198127,82.89908515899049,0.26887771732059856,-48.86538594712123,7.46333289739986,268.13852344448577,298.3694813162563,10.672738114102462,0.3004248428959698,-0.020645464244526353,0.000746565485490183,0.017149568081518678,0.007777631198018318,-3.4165593996836766e-05,0.7818314824680298,0.6234898018587336,-0.8660254037844386,0.5000000000000001
2020-11-11,286.0299987792969,290.25,283.3800048828125,289.760009765625,280.3290405273437,36102900.0,0.0221231635742082,92.6999969482422,93.20999908447266,92.61000061035156,93.04000091552734,93.04000091552734,0.0,0.9580000042915344,0.9580000042915344,0.9580000042915344,0.9580000042915344,0.9580000042915344,0.0,25.01000022888184,25.1200008392334,22.56999969482422,23.450000762939453,23.450000762939453,0.0,0.022123163574208245,0.02401844263366391,0.022369695422308045,282.8080047607422,283.13900299072264,279.7222021484375,245.0393506622315,284.91346614593635,282.99327407883965,1.920192067096707,1.0154219962585578,55.77649663251158,63.06081283413666,73.9688850027828,6.670591275235645,-29.15760325647182,7.420951627384691,268.27267101636306,298.0053349650822,10.501083790880406,0.31104785284888087,-0.01807691770677172,-0.020645464244526353,0.04367099457152658,-0.0397667234183928,-0.008387367468165654,0.9749279121818236,-0.22252093395631434,-0.8660254037844386,0.5000000000000001
2020-11-12,290.760009765625,292.07000732421875,287.25,288.3999938964844,279.01336669921875,34414600.0,-0.0047043679777032,93.01000213623048,93.13999938964844,92.77999877929688,92.95999908447266,92.95999908447266,0.0,0.9369999766349792,0.9369999766349792,0.8830000162124634,0.8849999904632568,0.8849999904632568,0.0,24.38999938964844,27.270000457763672,23.530000686645508,25.350000381469727,25.350000381469727,0.0,-0.0047043679777032665,0.0165772704716307,-0.004693319770402438,284.0090026855469,283.0540023803711,279.742001953125,245.3304006195069,285.44985503063606,283.3937718431096,2.05608318752644,1.2235542345121342,54.529801141903704,62.86393959602724,65.92996124071506,4.34530142607479,-33.38519200832521,7.235169891444267,268.3365574207297,297.7714473400125,10.399036816913778,0.31058242033869055,0.022123163574208245,-0.01807691770677172,0.02573704407933516,0.017335130052793073,-0.006733796465348401,0.43388373911755823,-0.900968867902419,-0.8660254037844386,0.5000000000000001
2020-11-13,290.1700134277344,291.57000732421875,287.8699951171875,290.92999267578125,281.4609069824219,24806900.0,0.0087338739935974,92.9499969482422,93.01000213623048,92.70999908447266,92.76000213623048,92.76000213623048,0.0,0.8880000114440918,0.8980000019073486,0.871999979019165,0.8930000066757202,0.8930000066757202,0.0,24.940000534057617,25.030000686645508,22.739999771118164,23.100000381469727,23.100000381469727,0.0,0.008733873993597412,0.012751187358485348,0.008772125551395504,286.16400146484375,283.1750015258789,279.8890020751954,245.63905059814456,286.29295312988916,283.9520104233075,2.340942706581643,1.447031928926036,56.47862583936187,70.64549188427546,65.52341477147979,7.999846834342278,-25.52072908237656,6.982658628271909,268.23064490859576,298.119358143162,10.55485585715968,0.3115271781618219,-0.0047043679777032665,0.022123163574208245,0.000746565485490183,-0.0256899600288165,-0.005495905326240967,-0.433883739117558,-0.9009688679024191,-0.8660254037844386,0.5000000000000001
2020-11-16,290.6199951171875,293.510009765625,289.989990234375,293.20001220703125,283.6570739746094,30168400.0,0.0077724585741594,92.72000122070312,92.83999633789062,92.45999908447266,92.56999969482422,92.56999969482422,0.0,0.9160000085830688,0.9210000038146972,0.8960000276565552,0.906000018119812,0.906000018119812,0.0,23.65999984741211,24.07999992370605,22.43000030517578,22.450000762939453,22.450000762939453,0.0,0.007772458574159473,0.012112103745066174,0.0078027425397468875,288.4860015869141,283.64500274658207,280.0814025878907,245.9452006530762,287.3555776032956,284.63704759247224,2.718530010823372,1.7013315453055031,58.209316159490854,74.20989039795525,69.23977395941931,8.600637186387473,-18.464407715432472,6.735327264198915,268.04117235839675,299.2488331347674,11.002365800272038,0.3059398657558927,0.008733873993597412,-0.0047043679777032665,-0.020645464244526353,0.0022251066918778117,-0.016459874753054913,0.0,1.0,-0.8660254037844386,0.5000000000000001
2020-11-17,293.3999938964844,293.739990234375,291.6099853515625,292.2699890136719,282.7572326660156,21843500.0,-0.0031773281679733,92.48999786376952,92.61000061035156,92.2699966430664,92.41999816894533,92.41999816894533,0.0,0.878000020980835,0.8849999904632568,0.8650000095367432,0.871999979019165,0.871999979019165,0.0,22.84000015258789,24.09000015258789,22.34000015258789,22.709999084472656,22.709999084472656,0.0,-0.0031773281679733753,0.0072597304946229665,-0.0031722858026600464,290.24800109863287,284.0380020141602,280.5278021240235,246.24650062561037,288.11164089719966,285.20245066070925,2.909190236490417,1.9429032835424862,57.20561530194856,78.21983082055918,74.35840436759662,6.415436194704042,-21.355370740513425,6.406375665528457,267.9641990289111,300.11180499940934,11.31806509781589,0.30640376494763105,0.007772458574159473,0.008733873993597412,-0.01807691770677172,0.017149568081518678,0.002147104876907343,0.7818314824680298,0.6234898018587336,-0.8660254037844386,0.5000000000000001
2020-11-18,291.70001220703125,293.3699951171875,290.0199890136719,290.1099853515625,280.6676940917969,28069600.0,-0.0074173081626052,92.44000244140624,92.51000213623048,92.20999908447266,92.31999969482422,92.31999969482422,0.0,0.8539999723434448,0.8930000066757202,0.8510000109672546,0.8820000290870667,0.8820000290870667,0.0,22.86000061035156,23.920000076293945,21.65999984741211,23.84000015258789,23.84000015258789,0.0,-0.0074173081626052375,0.011484422226002482,-0.007389867818825557,290.56799926757816,284.334001159668,280.77240173339845,246.52570053100584,288.41907850556316,285.56597174892056,2.853106756642603,2.1249439781625097,54.84046722776077,77.3701707004178,76.5999639729774,1.1153259379626606,-28.069709442800672,6.188063553956113,268.03199938347103,300.63600293586495,11.466797294525854,0.30792197609193195,-0.0031773281679733753,0.007772458574159473,0.022123163574208245,0.04367099457152658,-0.0007740162608067709,0.9749279121818236,-0.22252093395631434,-0.8660254037844386,0.5000000000000001
2020-11-19,289.5400085449219,292.70001220703125,288.8500061035156,292.3800048828125,282.86383056640625,22718400.0,0.0077942315432285,92.55999755859376,92.72000122070312,92.23999786376952,92.29000091552734,92.29000091552734,0.0,0.8569999933242798,0.8650000095367432,0.8420000076293945,0.8539999723434448,0.8539999723434448,0.0,23.6200008392334,24.520000457763672,22.559999465942383,23.11000061035156,23.11000061035156,0.0,0.0077942315432285355,0.013296974476390194,0.007824685636570239,290.36699829101565,284.74400177001957,281.1732019042969,246.81775054931637,289.02845179437077,286.0707149440237,2.9577368503470893,2.2915025525994257,56.85915037859795,76.52051058027644,77.3701707004178,-0.6827710403239617,-21.013388075856597,6.021059450353221,268.0505429731208,301.43746056691833,11.725240000231258,0.3088153554360441,-0.0074173081626052375,-0.0031773281679733753,-0.0047043679777032665,0.02573704407933516,-3.496470313575134e-05,0.43388373911755823,-0.900968867902419,-0.8660254037844386,0.5000000000000001
2020-11-20,292.29998779296875,293.07000732421875,290.2900085449219,290.3800048828125,280.9288330078125,25907300.0,-0.0068642438305715,92.33999633789062,92.43000030517578,92.20999908447266,92.38999938964844,92.38999938964844,0.0,0.8289999961853027,0.8500000238418579,0.8259999752044678,0.8289999961853027,0.8289999961853027,0.0,23.43000030517578,23.729999542236328,22.1299991607666,23.700000762939453,23.700000762939453,0.0,-0.0068642438305715845,0.009510772820373506,-0.00684073872123947,289.9440002441406,285.02600250244143,281.5718017578125,247.09645057678222,289.2363830387464,286.3899216061562,2.8464614325902176,2.402494328597584,54.54567887370734,73.3209414657903,75.73720758216152,-1.4357899185603982,-30.954078083971815,5.789555116706339,268.1433488815071,301.90865612337575,11.846395397409196,0.3101966846411457,0.0077942315432285355,-0.0074173081626052375,0.008733873993597412,0.000746565485490183,0.001968218502212338,-0.433883739117558,-0.9009688679024191,-0.8660254037844386,0.5000000000000001
2020-11-23,291.4100036621094,292.75,288.07000732421875,290.3900146484375,280.93853759765625,26875600.0,3.454405915854858e-05,92.4000015258789,92.8000030517578,92.0199966430664,92.51000213623048,92.51000213623048,0.0,0.8539999723434448,0.8619999885559082,0.8460000157356262,0.8569999933242798,0.8569999933242798,0.0,23.65999984741211,23.959999084472656,22.450000762939453,22.65999984741211,22.65999984741211,0.0,3.454405915854858e-05,0.016059821615484804,3.45446558114304e-05,290.12400207519534,285.5220031738281,281.87640197753905,247.37520065307615,289.4138648248527,286.68622479447333,2.727640030379348,2.467523468953937,54.555644906912846,66.92878778791837,72.25674661132837,0.6237285884432926,-47.24617047641646,5.7103006566402605,268.62006237337874,302.4239439742775,11.839326295395415,0.30438153983984506,-0.0068642438305715845,0.0077942315432285355,0.007772458574159473,-0.020645464244526353,-0.015109234065291537,0.0,1.0,-0.8660254037844386,0.5000000000000001
2020-11-24,291.489990234375,294.9800109863281,289.6300048828125,294.4700012207031,284.8857116699219,24516800.0,0.0139521701585372,92.52999877929688,92.55999755859376,92.12999725341795,92.2300033569336,92.2300033569336,0.0,0.8730000257492065,0.8880000114440918,0.8650000095367432,0.8820000290870667,0.8820000290870667,0.0,22.040000915527344,22.479999542236328,20.799999237060547,21.63999938964844,21.63999938964844,0.0,0.013952170158537227,0.018353995961281233,0.014049955929928526,291.22900085449226,286.11250305175787,282.1846020507812,247.67390068054198,290.1917319626758,287.2628008260459,2.928931136629899,2.5598050024891297,58.54534262580884,65.52790760238896,68.5925456186992,3.8988029318494983,-25.216028632444832,5.6845653314170725,268.8110827320322,303.4139233714835,12.094137889944514,0.30678613079836403,3.454405915854858e-05,-0.0068642438305715845,-0.0031773281679733753,-0.01807691770677172,0.007777631198018318,0.7818314824680298,0.6234898018587336,-0.8660254037844386,0.5000000000000001
2020-11-25,295.57000732421875,296.94000244140625,294.5899963378906,296.2799987792969,286.6368408203125,23326800.0,0.0061279633589767,92.11000061035156,92.26000213623048,91.93000030517578,91.98999786376952,91.98999786376952,0.0,0.8799999952316284,0.8849999904632568,0.8550000190734863,0.878000020980835,0.878000020980835,0.0,21.64999961853028,22.5,21.1299991607666,21.25,21.25,0.0,0.0061279633589767565,0.007950759702549385,0.006146777738083031,291.8809997558594,287.3445022583008,282.618002319336,247.97040069580078,291.12838839600215,287.9307414151756,3.197646980826562,2.6873733981566166,60.21409990890831,70.69832230395387,67.7183392314204,2.250134177916969,-15.44283397927707,5.454953609223219,270.8940692323829,303.7949352842187,11.449972347917218,0.26410813911308173,0.013952170158537227,3.454405915854858e-05,-0.0074173081626052375,0.022123163574208245,-0.0397667234183928,0.9749279121818236,-0.22252093395631434,-0.8660254037844386,0.5000000000000001
2020-11-26,295.57000732421875,296.94000244140625,294.5899963378906,296.2799987792969,286.6368408203125,23326800.0,0.0,92.11000061035156,92.26000213623048,91.93000030517578,91.98999786376952,91.98999786376952,0.0,0.8799999952316284,0.8849999904632568,0.8550000190734863,0.878000020980835,0.878000020980835,0.0,21.64999961853028,22.5,21.1299991607666,21.25,21.25,0.0,0.0,0.007950759702549385,0.0,292.66900024414065,288.33900146484376,283.13720214843755,248.27790069580075,291.92094383958596,288.54920492362896,3.371738915956996,2.8242465017166927,60.2140999089083,81.299434469667,72.50855479200328,2.7323179783564338,-15.44283397927707,5.233171644529819,272.27668025314614,304.4013226765414,11.141275464017342,0.2599316767275434,0.0061279633589767565,0.013952170158537227,0.0077942315432285355,-0.0047043679777032665,0.017335130052793073,0.43388373911755823,-0.900968867902419,-0.8660254037844386,0.5000000000000001
2020-11-27,298.3099975585937,300.1700134277344,297.8999938964844,299.010009765625,289.2779541015625,17163100.0,0.0091719532811334,92.0199966430664,92.0500030517578,91.76000213623048,91.79000091552734,91.79000091552734,0.0,0.8569999933242798,0.8640000224113464,0.8389999866485596,0.8420000076293945,0.8420000076293945,0.0,21.520000457763672,21.600000381469727,19.51000022888184,20.84000015258789,20.84000015258789,0.0,0.009171953281133495,0.00760959924182268,0.00921414453805558,293.477001953125,289.8205017089844,283.7800024414062,248.62160072326657,293.0115693666689,289.32407935636945,3.6874900102994275,2.99689520343324,62.831390425768845,87.72693834348287,79.90823170570124,2.7773063256658785,-5.933517010997247,5.137231859094653,275.7827984919001,303.8582049260687,9.687170599945954,0.23644821053827836,0.0,0.0061279633589767565,-0.0068642438305715845,0.008733873993597412,-0.0256899600288165,-0.433883739117558,-0.9009688679024191,-0.8660254037844386,0.5000000000000001
2020-11-30,299.3399963378906,299.9700012207031,294.7799987792969,299.6199951171875,289.8680419921875,27836200.0,0.002037787013305,91.77999877929688,92.0500030517578,91.51000213623048,91.87000274658205,91.87000274658205,0.0,0.8500000238418579,0.859000027179718,0.8370000123977661,0.843999981880188,0.843999981880188,0.0,22.63999938964844,22.88999938964844,20.479999542236328,20.56999969482422,20.56999969482422,0.0,0.0020377870133050724,0.017338152284694527,0.002039864712323869,294.11900024414064,291.3025009155274,284.42220214843746,249.01275070190428,294.02825025136406,290.0867397830967,3.9415104682673814,3.1858182564000685,63.41057636066494,91.78259408002049,86.93632229772345,2.1896257308553726,-3.275866769664193,5.141001186402624,280.1152916202301,302.4897102108247,7.680819258425377,0.23648058754461876,0.009171953281133495,0.0,3.454405915854858e-05,0.007772458574159473,0.0022251066918778117,0.0,1.0,-0.8660254037844386,0.5000000000000001
2020-12-01,301.9700012207031,305.1400146484375,300.8299865722656,303.4599914550781,293.5830383300781,27521300.0,0.0127347319053182,91.9499969482422,91.9499969482422,91.16000366210938,91.30999755859376,91.30999755859376,0.0,0.8569999933242798,0.9380000233650208,0.8569999933242798,0.9340000152587892,0.9340000152587892,0.0,20.209999084472656,20.920000076293945,20.0,20.770000457763672,20.770000457763672,0.0,0.01273473190531825,0.014273033939625585,0.012816163908095701,295.2380004882812,292.7430007934571,285.0418017578125,249.4532006835937,295.4792873596278,291.07735101805827,4.401936341569524,3.4290418734339596,66.90663500293536,93.7999243970413,91.10315227351488,3.8286525685272466,-9.390843028214668,5.168073925320294,283.30090430052815,302.18509728638605,6.45077523106403,0.23403038715964006,0.0020377870133050724,0.009171953281133495,0.013952170158537227,-0.0031773281679733753,0.017149568081518678,0.7818314824680298,0.6234898018587336,-0.5000000000000004,0.8660254037844384
2020-12-02,302.25,304.20001220703125,300.3500061035156,303.8500061035156,293.9604797363281,23620000.0,0.0012848119213831,91.19000244140624,91.5,90.98999786376952,91.12000274658205,91.12000274658205,0.0,0.9229999780654908,0.9660000205039978,0.9200000166893004,0.9480000138282776,0.9480000138282776,0.0,21.0,21.25,20.040000915527344,21.170000076293945,21.170000076293945,0.0,0.0012848119213831333,0.012737820028174111,0.0012856376458154628,296.6120025634765,293.59000091552736,285.8356018066406,249.8900507354736,296.76709024330285,292.02347361698105,4.743616626321796,3.6919568240115272,67.24891664180348,93.28788290271916,92.95680045992698,4.736141961919245,-7.469641493963641,5.073926223762818,283.3459149538758,303.8340868771789,6.978497857356523,0.18415640720201712,0.01273473190531825,0.0020377870133050724,0.0061279633589767565,-0.0074173081626052375,0.04367099457152658,0.9749279121818236,-0.22252093395631434,-0.5000000000000004,0.8660254037844384
2020-12-03,304.1700134277344,305.8800048828125,303.5299987792969,304.2799987792969,294.3763732910156,22828700.0,0.0014137942296899,91.05999755859376,91.08999633789062,90.51000213623048,90.70999908447266,90.70999908447266,0.0,0.9390000104904176,0.9409999847412108,0.9100000262260436,0.9200000166893004,0.9200000166893004,0.0,21.239999771118164,21.8799991607666,20.71999931335449,21.280000686645508,21.280000686645508,0.0,0.0014137942296899022,0.007725962454461168,0.001414794107903683,297.80200195312494,294.0845001220703,286.6134014892578,250.38325073242186,297.92292232576347,292.93136436974515,4.991557956018312,3.951877050412884,67.64622929784653,91.38525432108277,92.8243538736144,4.070043675269093,-8.983752514573384,4.879360500888018,282.7780827109832,305.39091753315745,7.689230412615416,0.16313471152398587,0.0012848119213831333,0.01273473190531825,0.0,0.0077942315432285355,0.02573704407933516,0.43388373911755823,-0.900968867902419,-0.5000000000000004,0.8660254037844384
2020-12-04,304.3299865722656,305.6700134277344,303.6300048828125,305.5199890136719,295.5760803222656,19332100.0,0.0040671368604642,90.70999908447266,90.87000274658205,90.4800033569336,90.6999969482422,90.6999969482422,0.0,0.925000011920929,0.9860000014305116,0.9010000228881836,0.968999981880188,0.968999981880188,0.0,21.049999237060547,21.14999961853028,19.96999931335449,20.790000915527344,20.790000915527344,0.0,0.0040671368604642,0.006703278135352129,0.00407541888582208,299.316000366211,294.63000030517577,287.29260131835935,250.88185066223141,299.0917018162109,293.86385508411007,5.227846732100829,4.207070986750473,68.82088972213845,93.84172676134702,92.83828799504965,5.213852151069891,-2.0214257074218867,4.676549646890437,282.2181259637624,307.0418746465891,8.425397500972213,0.16331595310888158,0.0014137942296899022,0.0012848119213831333,0.009171953281133495,-0.0068642438305715845,0.000746565485490183,-0.433883739117558,-0.9009688679024191,-0.5000000000000004,0.8660254037844384
2020-12-07,305.7099914550781,307.6300048828125,305.5199890136719,307.25,297.2497863769531,20851000.0,0.0056465501783024,90.80999755859376,91.23999786376952,90.62000274658205,90.79000091552734,90.79000091552734,0.0,0.9480000138282776,0.9480000138282776,0.925000011920929,0.9279999732971193,0.9279999732971193,0.0,22.040000915527344,22.6200008392334,21.170000076293945,21.299999237060547,21.299999237060547,0.0,0.005646550178302454,0.006902018017460435,0.005662521990489333,301.00199890136724,295.5630004882812,287.89360107421874,251.3360006713867,300.3468246137169,294.855421374176,5.491403239540887,4.463937437308556,70.43375779058793,95.68401876198777,93.63699994813918,5.805979717303347,-1.9427654920413984,4.493225805622593,282.28751913348367,308.83848184307874,8.98318215261446,0.1404111763549844,0.0040671368604642,0.0014137942296899022,0.0020377870133050724,3.454405915854858e-05,-0.020645464244526353,0.0,1.0,-0.5000000000000004,0.8660254037844384
2020-12-08,306.760009765625,308.6000061035156,304.95001220703125,308.2900085449219,298.25592041015625,18341500.0,0.003379094370031,90.9000015258789,91.0199966430664,90.75,90.97000122070312,90.97000122070312,0.0,0.925000011920929,0.9279999732971193,0.8930000066757202,0.912999987602234,0.912999987602234,0.0,21.64999961853028,22.25,20.520000457763672,20.68000030517578,20.68000030517578,0.0,0.0033790943700310323,0.011898532338922187,0.003384809945421452,302.3839996337891,296.8065002441406,288.54040100097654,251.83005073547363,301.56885291082534,295.8505759794164,5.718276931408923,4.714805336128629,71.39182933956276,98.17527840513743,95.90034130949074,4.693180041066647,-1.5099735851244245,4.432994954969863,283.66170987186746,309.9512906164137,8.857481464496747,0.11594990248342477,0.005646550178302454,0.0040671368604642,0.01273473190531825,0.013952170158537227,-0.01807691770677172,0.7818314824680298,0.6234898018587336,-0.5000000000000004,0.8660254037844384
2020-12-09,308.07000732421875,308.3599853515625,300.2099914550781,301.3099975585937,291.503173828125,48839300.0,-0.0229010176267123,90.91999816894533,91.1999969482422,90.69000244140624,91.08999633789062,91.08999633789062,0.0,0.9430000185966492,0.9589999914169312,0.925000011920929,0.9409999847412108,0.9409999847412108,0.0,20.65999984741211,22.93000030517578,20.100000381469727,22.270000457763672,22.270000457763672,0.0,-0.02290101762671234,0.02645500601396476,-0.022640779679226508,302.8869995117187,297.3839996337891,289.0098010253906,252.24550071716308,301.529029010482,296.254977577874,5.274051432608019,4.826654555424507,57.84414418661566,87.01273532891018,93.62401083201179,1.6977179694953808,-35.50905493610364,4.698494879363757,284.5310700863535,310.23692918122464,8.643995348279123,0.13261728502873968,0.0033790943700310323,0.005646550178302454,0.0012848119213831333,0.0061279633589767565,0.022123163574208245,0.9749279121818236,-0.22252093395631434,-0.5000000000000004,0.8660254037844384
2020-12-10,299.2099914550781,303.67999267578125,298.0899963378906,302.5199890136719,292.6737060546875,27519500.0,0.0040074636070369,91.05999755859376,91.1500015258789,90.66999816894533,90.79000091552734,90.79000091552734,0.0,0.9259999990463256,0.9409999847412108,0.9079999923706056,0.9079999923706056,0.9079999923706056,0.0,22.1200008392334,23.459999084472656,21.530000686645508,22.520000457763672,22.520000457763672,0.0,0.004007463607036954,0.01868251895836132,0.0040155042265599405,303.51099853515626,298.0899993896485,289.415200805664,252.70015068054198,301.68148439558814,296.7190524990442,4.962431896543933,4.853810023648393,59.28647913437092,77.78856306743538,87.65885893382766,2.1061125489686723,-29.61528227646579,4.7621735549728195,285.77495206845157,310.4050467108454,8.262637019968787,0.1304026616066977,-0.02290101762671234,0.0033790943700310323,0.0014137942296899022,0.0,-0.0047043679777032665,0.43388373911755823,-0.900968867902419,-0.5000000000000004,0.8660254037844384
2020-12-11,300.8099975585937,301.9800109863281,298.4700012207031,301.8500061035156,292.02557373046875,26760400.0,-0.0022169775544122,90.73999786376952,91.04000091552734,90.62000274658205,90.9800033569336,90.9800033569336,0.0,0.8930000066757202,0.8999999761581421,0.8730000257492065,0.8930000066757202,0.8930000066757202,0.0,22.489999771118164,25.13999938964844,22.479999542236328,23.309999465942383,23.309999465942383,0.0,-0.0022169775544122884,0.01166852762246141,-0.002214521874738029,303.7949981689453,298.6360000610352,289.9660009765625,253.16930068969728,301.7074108121924,297.09912313641246,4.608287675779934,4.804705554074701,58.101096261725566,66.43105546500128,77.07745128711561,0.949799754234555,-35.582496392426755,4.7113031434011,286.6949476991562,310.57705242291416,7.99706154612201,0.12912411204252802,0.004007463607036954,-0.02290101762671234,0.0040671368604642,0.009171953281133495,0.008733873993597412,-0.433883739117558,-0.9009688679024191,-0.5000000000000004,0.8660254037844384
2020-12-14,303.0799865722656,306.04998779296875,303.010009765625,304.0400085449219,294.14422607421875,28804800.0,0.0072288322273695,90.9800033569336,90.9800033569336,90.41999816894533,90.70999908447266,90.70999908447266,0.0,0.9300000071525574,0.9359999895095824,0.8880000114440918,0.8920000195503235,0.8920000195503235,0.0,22.670000076293945,24.81999969482422,21.950000762939453,24.71999931335449,24.71999931335449,0.0,0.007228832227369526,0.010030282968284695,0.007255023307326747,304.23699951171875,299.1779998779297,290.44360107421875,253.7216506958008,302.0662720018431,297.613262796302,4.453009205541093,4.7343662843679795,60.85616191276426,67.41802719111034,70.545881907849,1.4752064280641943,-32.54813975777642,4.674780182404816,287.2919218440265,311.06407791183295,7.945823582451234,0.12880701071630876,-0.0022169775544122884,0.004007463607036954,0.005646550178302454,0.0020377870133050724,0.007772458574159473,0.0,1.0,-0.5000000000000004,0.8660254037844384
2020-12-15,306.3699951171875,307.2900085449219,304.1099853515625,307.2900085449219,297.2884826660156,25709000.0,0.0106327775530609,90.69000244140624,90.81999969482422,90.41999816894533,90.47000122070312,90.47000122070312,0.0,0.9010000228881836,0.925000011920929,0.9010000228881836,0.9229999780654908,0.9229999780654908,0.0,24.0,24.06999969482422,22.729999542236328,22.88999938964844,22.88999938964844,0.0,0.010632777553060996,0.010379682227507318,0.010689506415820338,304.62000122070316,299.9290008544922,291.086201171875,254.2375507354736,302.8699237777014,298.3300587776813,4.539865000020086,4.695466027498401,64.57853001439992,74.17297461311371,69.34068575640845,1.2621159947573242,-9.350440010455696,4.5730101693759,287.9828183454676,311.8751833635168,7.96600693830216,0.13101672882321116,0.007228832227369526,-0.0022169775544122884,0.0033790943700310323,0.01273473190531825,-0.0031773281679733753,0.7818314824680298,0.6234898018587336,-0.5000000000000004,0.8660254037844384
2020-12-16,307.70001220703125,309.7900085449219,306.6199951171875,308.9800109863281,298.92340087890625,25461900.0,0.0054843667359602,90.48999786376952,90.6999969482422,90.12999725341795,90.4499969482422,90.4499969482422,0.0,0.9430000185966492,0.953000009059906,0.912999987602234,0.9200000166893004,0.9200000166893004,0.0,22.51000022888184,23.670000076293945,22.290000915527344,22.5,22.5,0.0,0.005484366735960257,0.010302285674273812,0.005499433406329857,305.13300170898435,300.8725021362304,291.6674011230469,254.80635078430177,303.8099371944132,299.11894412646996,4.690993067943225,4.694571435587365,66.3694592121903,84.2350125364981,75.27533811357405,1.6883346321424162,-5.396382622273544,4.472796116401506,289.2143684122734,312.53063586018743,7.749550817162005,0.1259630854045104,0.010632777553060996,0.007228832227369526,-0.02290101762671234,0.0012848119213831333,-0.0074173081626052375,0.9749279121818236,-0.22252093395631434,-0.5000000000000004,0.8660254037844384
2020-12-17,310.6300048828125,311.239990234375,309.3900146484375,311.0,300.87762451171875,23730500.0,0.0065162627773209,90.2699966430664,90.2699966430664,89.7300033569336,89.81999969482422,89.81999969482422,0.0,0.9210000038146972,0.9449999928474426,0.8920000195503235,0.9300000071525574,0.9300000071525574,0.0,21.979999542236328,22.270000457763672,21.520000457763672,21.93000030517578,21.93000030517578,0.0,0.006516262777320929,0.00595555985209934,0.0065375398080800284,305.8050018310547,301.80350189208986,292.2592010498047,255.4747507476807,304.916100702965,299.99902233932403,4.9170783636409965,4.739072821198091,68.42444662359922,94.59838524846285,84.33545746602488,2.2084925882944204,-1.4580216218821884,4.31473776866189,290.0276042807995,313.5793995033802,7.803685204090737,0.1254187617202904,0.005484366735960257,0.010632777553060996,0.004007463607036954,0.0014137942296899022,0.0077942315432285355,0.43388373911755823,-0.900968867902419,-0.5000000000000004,0.8660254037844384
2020-12-18,311.6600036621094,311.9800109863281,307.6099853515625,310.0599975585937,299.96826171875,41173400.0,-0.0030269442069475,89.83000183105469,90.12999725341795,89.83000183105469,90.0199966430664,90.0199966430664,0.0,0.9259999990463256,0.9509999752044678,0.9200000166893004,0.9480000138282776,0.9480000138282776,0.0,22.14999961853028,23.770000457763672,21.56999969482422,21.56999969482422,21.56999969482422,0.0,-0.0030269442069475218,0.014021772391119685,-0.0030223676301769364,306.2590026855469,302.7875015258789,292.74620117187504,256.0633507537842,305.70746944998484,300.74427976297363,4.963189687011209,4.783896194360715,66.39137973843191,93.10753983105921,90.64697920534005,1.4859939474266788,-13.82297626266662,4.318686901955013,291.765998974725,313.8090040770328,7.2800247669482525,0.12207570582368021,0.006516262777320929,0.005484366735960257,-0.0022169775544122884,0.0040671368604642,-0.0068642438305715845,-0.433883739117558,-0.9009688679024191,-0.5000000000000004,0.8660254037844384
2020-12-21,306.4599914550781,309.4700012207031,303.6000061035156,308.9200134277344,299.4070739746094,37095500.0,-0.0018725759126443,89.91999816894531,91.0199966430664,89.91999816894531,90.04000091552734,90.04000091552734,0.0,0.8999999761581421,0.9480000138282776,0.8949999809265137,0.9409999847412108,0.9409999847412108,0.0,24.25,31.459999084472656,24.229999542236328,25.15999984741211,25.15999984741211,0.0,-0.0018725759126443642,0.019154197222667292,-0.0018708237362351499,306.42600402832034,303.7140014648438,293.0340014648438,256.7614508056641,306.2017069850232,301.349889664067,4.851817320956172,4.797480419679807,63.91126213680668,87.56293511476368,91.75628673142857,0.543535696577502,-22.03019677116015,4.471637227178089,294.0486407269876,313.3793622027,6.36477784444521,0.12293261145015578,-0.0030269442069475218,0.006516262777320929,0.007228832227369526,0.005646550178302454,3.454405915854858e-05,0.0,1.0,-0.5000000000000004,0.8660254037844384
2020-12-22,309.8500061035156,310.7099914550781,306.8500061035156,309.760009765625,300.22125244140625,26176300.0,0.002715612092621,90.08999633789062,90.72000122070312,90.05999755859375,90.6500015258789,90.6500015258789,0.0,0.930999994277954,0.9330000281333924,0.9160000085830688,0.9179999828338624,0.9179999828338624,0.0,25.239999771118164,25.559999465942383,23.530000686645508,24.229999542236328,24.229999542236328,0.0,0.002715612092621041,0.012457593272639615,0.0027193027071428233,306.5730041503906,304.4785018920899,293.33880187988285,257.39955085754394,306.74913818203885,301.9728615234417,4.776276658597169,4.793239667463279,64.95024605203567,82.7213712169813,87.79728205426807,0.4768241525702662,-15.982713315229336,4.427947807491261,295.4971803481356,313.45982343604425,5.899478280497707,0.11616161449498476,-0.0018725759126443642,-0.0030269442069475218,0.010632777553060996,0.0033790943700310323,0.013952170158537227,0.7818314824680298,0.6234898018587336,-0.5000000000000004,0.8660254037844384
2020-12-23,309.8099975585937,310.17999267578125,308.0400085449219,308.20001220703125,298.70928955078125,21201300.0,-0.005048886294606,90.5199966430664,90.66999816894533,90.16000366210938,90.41000366210938,90.41000366210938,0.0,0.9200000166893004,0.9729999899864196,0.9179999828338624,0.9549999833106996,0.9549999833106996,0.0,23.489999771118164,23.68000030517578,22.1299991607666,23.309999465942383,23.309999465942383,0.0,-0.005048886294606056,0.006907408242868742,-0.00503616209155644,307.2620056152344,305.07450256347664,293.66160217285164,258.05755088806154,306.9723495704992,302.4341319444483,4.53821762605088,4.7422352591807995,61.41405197742611,78.25776816918159,82.84735816697551,2.2866863709352034,-27.213785406065718,4.264521830588984,296.8323196776221,313.3166854493312,5.403390199179046,0.11843970206338708,0.002715612092621041,-0.0018725759126443642,0.005484366735960257,-0.02290101762671234,0.0061279633589767565,0.9749279121818236,-0.22252093395631434,-0.5000000000000004,0.8660254037844384
2020-12-24,308.4700012207031,310.0199890136719,308.3900146484375,309.5599975585937,300.0274353027344,16785000.0,0.0044030968097972,90.27999877929688,90.37999725341795,90.1500015258789,90.33000183105467,90.33000183105467,0.0,0.9399999976158142,0.9409999847412108,0.9229999780654908,0.9279999732971193,0.9279999732971193,0.0,22.46999931335449,22.82999992370605,21.38999938964844,21.530000686645508,21.530000686645508,0.0,0.004403096809797206,0.005284061201361899,0.004412804683561866,307.96600646972655,305.73850250244146,294.0508020019532,258.717050857544,307.37044926097525,302.9619738417924,4.408475419182821,4.675483291181204,63.29046800765051,79.79360559642124,80.25758166086138,2.3271217772666444,-17.42268448944121,4.08991147173553,298.38798588471093,313.089019120172,4.80836830007816,0.11845386824135129,-0.005048886294606056,0.002715612092621041,0.006516262777320929,0.004007463607036954,0.0,0.43388373911755823,-0.900968867902419,-0.5000000000000004,0.8660254037844384
2020-12-25,308.4700012207031,310.0199890136719,308.3900146484375,309.5599975585937,300.0274353027344,16785000.0,0.0,90.27999877929688,90.37999725341795,90.1500015258789,90.33000183105467,90.33000183105467,0.0,0.9399999976158142,0.9409999847412108,0.9229999780654908,0.9279999732971193,0.9279999732971193,0.0,22.46999931335449,22.82999992370605,21.38999938964844,21.530000686645508,21.530000686645508,0.0,0.0,0.005284061201361899,0.0,308.73700561523435,306.26600189208983,294.47180175781256,259.41135086059575,307.7073028452242,303.4507163393332,4.2565865058909935,4.591703934123162,63.29046800765051,79.31361520501729,79.1216629902067,2.5542459165742155,-17.42268448944121,3.914201678414019,299.4541075434019,313.07789624077776,4.448351633289052,0.11582398328817436,0.004403096809797206,-0.005048886294606056,-0.0030269442069475218,-0.0022169775544122884,0.009171953281133495,-0.433883739117558,-0.9009688679024191,-0.5000000000000004,0.8660254037844384
2020-12-28,312.25,313.1700134277344,310.3599853515625,312.67999267578125,303.0513916015625,22497700.0,0.0100284788895009,90.22000122070312,90.37999725341795,89.9800033569336,90.33999633789062,90.33999633789062,0.0,0.953000009059906,0.9580000042915344,0.930999994277954,0.9330000281333924,0.9330000281333924,0.0,22.11000061035156,22.1200008392334,21.14999961853028,21.700000762939453,21.700000762939453,0.0,0.010028478889500939,0.008999289275170136,0.010078932600869894,309.6010040283203,306.9190017700195,295.0494018554688,260.1224507904053,308.4723320499253,304.1343664383293,4.337965611595962,4.5409562696177215,67.49604182726155,87.30172007374202,82.13631362506018,2.8417260518471594,-3.2494707998915295,3.8924741206087807,300.2881211927311,313.5498823473079,4.320931932560529,0.1194360583783622,0.0,0.004403096809797206,-0.0018725759126443642,0.007228832227369526,0.0020377870133050724,0.0,1.0,-0.5000000000000004,0.8660254037844384
2020-12-29,314.04998779296875,314.69000244140625,312.0299987792969,312.9599914550781,303.3226928710937,25871900.0,0.0008948314071509,90.20999908447266,90.2300033569336,89.8499984741211,90.01000213623047,90.01000213623047,0.0,0.949999988079071,0.949999988079071,0.9279999732971193,0.9350000023841858,0.9350000023841858,0.0,21.61000061035156,23.71999931335449,20.989999771118164,23.07999992370605,23.07999992370605,0.0,0.0008948314071509995,0.008470000845416143,0.0008952318882200494,310.168002319336,307.39400177001954,295.62040161132813,260.76895072937015,309.16274118917954,304.78811643957,4.374624749609552,4.507689965616088,67.85199052417683,89.63536520428859,85.41690016101596,1.8451569372543952,-10.421749097801447,3.8044405164302515,300.4526376410822,314.33536589895687,4.51626517691818,0.11282789208556597,0.010028478889500939,0.0,0.002715612092621041,0.010632777553060996,0.01273473190531825,0.7818314824680298,0.6234898018587336,-0.5000000000000004,0.8660254037844384
2020-12-30,314.1600036621094,314.489990234375,312.3299865722656,312.9700012207031,303.3324584960937,18138100.0,3.219497923609246e-05,89.9800033569336,89.9800033569336,89.55999755859375,89.62999725341797,89.62999725341797,0.0,0.9430000185966492,0.9449999928474426,0.925000011920929,0.9259999990463256,0.9259999990463256,0.0,22.57999992370605,23.14999961853028,22.40999984741211,22.770000457763672,22.770000457763672,0.0,3.219497923609246e-05,0.006875489040395283,3.219549749999828e-05,310.56700134277344,307.85000152587895,296.1960015869141,261.4223007202149,309.7484735017216,305.3941819789132,4.35429152280841,4.477010277054553,67.86553850700506,91.90819367311315,89.61509298371459,1.2913425116524935,-10.604199082967547,3.6869807411216176,300.69399271615794,315.00601033559997,4.649023078935705,0.112966516765543,0.0008948314071509995,0.010028478889500939,-0.005048886294606056,0.005484366735960257,0.0012848119213831333,0.9749279121818236,-0.22252093395631434,-0.5000000000000004,0.8660254037844384
2020-12-31,312.8699951171875,314.239990234375,311.760009765625,313.739990234375,304.0787048339844,21611400.0,0.0024571386184491,89.61000061035156,89.9800033569336,89.5199966430664,89.94000244140625,89.94000244140625,0.0,0.9269999861717224,0.9369999766349792,0.9120000004768372,0.9169999957084656,0.9169999957084656,0.0,22.989999771118164,23.25,21.239999771118164,22.75,22.75,0.0,0.0024571386184491693,0.007926552585591044,0.002460159857571975,310.8410003662109,308.32300109863286,296.7872015380859,262.03150070190435,310.36255299905287,306.0123899978363,4.350163001216572,4.451640821886957,68.9495496742836,90.28012685424389,90.60789524388187,0.8810257988344051,-8.133671256499364,3.6007664359522167,300.91443322279247,315.73156897447325,4.80571858047683,0.11300817984446458,3.219497923609246e-05,0.0008948314071509995,0.004403096809797206,0.006516262777320929,0.0014137942296899022,0.43388373911755823,-0.900968867902419,-0.5000000000000004,0.8660254037844384
2021-01-01,312.8699951171875,314.239990234375,311.760009765625,313.739990234375,304.0787048339844,21611400.0,0.0,89.61000061035156,89.9800033569336,89.5199966430664,89.94000244140625,89.94000244140625,0.0,0.9269999861717224,0.9369999766349792,0.9120000004768372,0.9169999957084656,0.9169999957084656,0.0,22.989999771118164,23.25,21.239999771118164,22.75,22.75,0.0,0.0,0.007926552585591044,0.0,311.208999633789,308.73400115966797,297.36720153808596,262.67370063781743,310.88215872756393,306.5848048301725,4.297353897391417,4.42078343698785,68.9495496742836,90.89858027836291,91.02896693523998,1.186864705140133,-8.56638882544435,3.520710295437773,301.0724616152348,316.39554070410117,4.963197779094553,0.11276262104418364,0.0024571386184491693,3.219497923609246e-05,0.0,-0.0030269442069475218,0.0040671368604642,-0.433883739117558,-0.9009688679024191,0.0,1.0
2021-01-04,315.1099853515625,315.2900085449219,305.17999267578125,309.3099975585937,299.7851257324219,45305900.0,-0.0142205949084861,89.93000030517578,89.94000244140625,89.41999816894531,89.87999725341797,89.87999725341797,0.0,0.9350000023841858,0.953000009059906,0.9070000052452089,0.9169999957084656,0.9169999957084656,0.0,23.040000915527344,29.190000534057617,22.559999465942383,26.96999931335449,26.96999931335449,0.0,-0.014220594908486116,0.03208408599892848,-0.014119959843641894,311.247998046875,308.83700103759764,297.9440014648438,263.2600506591797,310.64028777849154,306.78667095820373,3.8536168202878116,4.307350113647842,56.28134566111176,77.38167447673774,86.18679386978151,0.1262411348918794,-51.15491648784306,3.991374979273691,301.20412923453495,316.46987284066034,4.942977543117301,0.12433915311393459,0.0,0.0024571386184491693,0.010028478889500939,-0.0018725759126443642,0.005646550178302454,0.0,1.0,0.0,1.0
2021-01-05,308.2900085449219,312.1400146484375,308.2900085449219,311.8599853515625,302.25653076171875,29323400.0,0.0082101259437814,89.9000015258789,89.9000015258789,89.43000030517578,89.44000244140625,89.44000244140625,0.0,0.9369999766349792,0.9629999995231628,0.9269999861717224,0.9549999833106996,0.9549999833106996,0.0,26.940000534057617,28.600000381469727,24.799999237060547,25.34000015258789,25.34000015258789,0.0,0.008210125943781404,0.0124882610425392,0.008243921452936842,311.4579956054688,309.0154998779297,298.52800109863284,263.8673506164551,310.827933558964,307.1624720243785,3.6654615345855177,4.178972397835377,60.75153637810134,70.31239501529163,79.53088325679742,0.6779363118972049,-29.341509640837682,3.981277202433829,301.2703421584267,316.7606575974327,5.01279561870689,0.1270153699483679,-0.014220594908486116,0.0,0.0008948314071509995,0.002715612092621041,0.0033790943700310323,0.7818314824680298,0.6234898018587336,0.0,1.0
2021-01-06,307.0,311.8800048828125,305.9800109863281,307.5400085449219,298.0696105957031,52809600.0,-0.0139490445836284,89.4800033569336,89.80000305175781,89.20999908447266,89.52999877929688,89.52999877929688,0.0,1.0,1.0540000200271606,1.0,1.0420000553131104,1.0420000553131104,0.0,25.479999542236328,26.770000457763672,22.13999938964844,25.06999969482422,25.06999969482422,0.0,-0.013949044583628466,0.01921822116118689,-0.013852207445986808,311.3919952392578,309.3270004272461,299.2460009765625,264.49350067138676,310.32209894141903,307.1904376925669,3.13166124885214,3.9695101680387297,51.20029673961041,51.06920274910483,66.25442408037807,-0.2141478377573918,-66.29596562400472,4.118328394866011,302.43227123809237,316.22172961639984,4.457890310015391,0.10745370893007569,0.008210125943781404,-0.014220594908486116,3.219497923609246e-05,-0.005048886294606056,-0.02290101762671234,0.9749279121818236,-0.22252093395631434,0.0,1.0
2021-01-07,310.2799987792969,315.8399963378906,310.25,314.9800109863281,305.2805480957031,30394800.0,0.0239041318152473,89.31999969482422,89.97000122070312,89.31999969482422,89.83000183105469,89.83000183105469,0.0,1.055999994277954,1.0880000591278076,1.0540000200271606,1.0709999799728394,1.0709999799728394,0.0,23.670000076293945,23.90999984741211,22.25,22.3700008392334,22.3700008392334,0.0,0.02390413181524738,0.018015973829711165,0.024192125744012305,311.9339965820312,309.9500015258789,300.01780090332034,265.13835075378415,311.038700794482,307.76744312173435,3.2712576727476517,3.8298596689805144,62.217463691400184,65.7788316718003,62.386809812065586,1.750876557203916,-7.026029719756655,4.41701835187335,303.40203041496414,316.4979726367937,4.225178950591525,0.13439339205534315,-0.013949044583628466,0.008210125943781404,0.0024571386184491693,0.004403096809797206,0.004007463607036954,0.43388373911755823,-0.900968867902419,0.0,1.0
2021-01-08,317.3399963378906,319.3900146484375,315.0799865722656,319.0299987792969,309.205810546875,33955800.0,0.012775925087103,89.83000183105469,90.25,89.66000366210938,90.0999984741211,90.0999984741211,0.0,1.0880000591278076,1.1260000467300415,1.0750000476837158,1.1050000190734863,1.1050000190734863,0.0,22.43000030517578,23.34000015258789,21.420000076293945,21.559999465942383,21.559999465942383,0.0,0.012775925087103063,0.013581736074587755,0.012857885887774811,312.88099670410156,310.809001159668,301.01080078125005,265.8166507720947,312.26813125368426,308.60170650377603,3.6664247499082308,3.797172685166058,66.63346486205332,74.71482324465353,63.854285888519556,3.0591811911714126,-2.5335349222780135,4.416517302604495,304.2276964771069,317.3903058422291,4.234951148779739,0.1384686789427179,0.02390413181524738,-0.013949044583628466,0.0,0.0,-0.0022169775544122884,-0.433883739117558,-0.9009688679024191,0.0,1.0
2021-01-11,315.9800109863281,317.19000244140625,313.75,314.4200134277344,304.7377624511719,32746400.0,-0.014555497202862,90.06999969482422,90.7300033569336,90.02999877929688,90.54000091552734,90.54000091552734,0.0,1.1150000095367432,1.1380000114440918,1.100000023841858,1.131999969482422,1.131999969482422,0.0,23.309999465942383,24.809999465942383,23.229999542236328,24.07999992370605,24.07999992370605,0.0,-0.01455549720286207,0.010886772333060943,-0.014450078049311976,313.05499877929685,311.3280014038086,301.89960083007816,266.4063508605957,312.59919004969197,309.032692201847,3.566497847844971,3.751037717701841,58.28300283812292,85.15503713035763,75.21623068227049,0.556486117663869,-34.97532396689245,4.478194550939666,305.38843935534925,317.267563452268,3.815629831995393,0.1504241952266228,0.012775925087103063,0.02390413181524738,-0.014220594908486116,0.010028478889500939,0.007228832227369526,0.0,1.0,0.0,1.0
2021-01-12,314.4599914550781,315.5799865722656,311.20001220703125,313.9200134277344,304.2531433105469,29266800.0,-0.0015915483739939,90.5199966430664,90.62000274658205,90.02999877929688,90.05000305175781,90.05000305175781,0.0,1.1649999618530271,1.187000036239624,1.13100004196167,1.1380000114440918,1.1380000114440918,0.0,23.489999771118164,25.14999961853028,22.82999992370605,23.32999992370605,23.32999992370605,0.0,-0.0015915483739939265,0.013928558431128979,-0.0015902825325189163,313.1510009765625,311.65950164794924,302.6850012207031,266.9939509582519,312.8023936463139,309.3947159963572,3.4076776499566677,3.6823657041528066,57.442180638928136,74.66572458196781,78.17852831899299,0.3067554955483983,-38.49396736492609,4.471178823389288,305.9325996826247,317.3864036132738,3.6751017922076095,0.1470921711208004,-0.01455549720286207,0.012775925087103063,0.008210125943781404,0.0008948314071509995,0.010632777553060996,0.7818314824680298,0.6234898018587336,0.0,1.0
2021-01-13,314.19000244140625,316.8599853515625,313.57000732421875,316.0400085449219,306.3078308105469,22898400.0,0.0067305161761154,90.0,90.4499969482422,89.91999816894531,90.31999969482422,90.31999969482422,0.0,1.128999948501587,1.1330000162124634,1.0729999542236328,1.0880000591278076,1.0880000591278076,0.0,23.06999969482422,24.18000030517578,21.920000076293945,22.209999084472656,22.209999084472656,0.0,0.006730516176115491,0.010471300810907575,0.006753217000958989,313.4580017089844,312.0125015258789,303.26760131835937,267.57130096435543,313.30048824609975,309.8869598888435,3.4135283572562685,3.628598234773499,60.07236037126835,67.65191831638869,75.82422667623804,0.9809270256716437,-23.57495371901537,4.386807337957465,306.11326569196865,317.9117373597892,3.7814099147055966,0.14764379210955658,-0.0015915483739939265,-0.01455549720286207,-0.013949044583628466,3.219497923609246e-05,0.005484366735960257,0.9749279121818236,-0.22252093395631434,0.0,1.0
2021-01-14,316.5,317.5299987792969,313.8599853515625,314.3500061035156,304.6698913574219,23500100.0,-0.0053617122773721,90.27999877929688,90.58000183105467,90.08000183105467,90.23999786376952,90.23999786376952,0.0,1.1050000190734863,1.1330000162124634,1.087000012397766,1.128999948501587,1.128999948501587,0.0,22.21999931335449,23.46999931335449,21.65999984741211,23.25,23.25,0.0,-0.005361712277372109,0.011595619044974328,-0.005347363953414841,313.5190032958984,312.1800018310547,303.66680114746094,268.1387509918212,313.46195253185607,310.2175559047451,3.244396627110973,3.5517579132409938,57.045683865814006,67.48769777693781,69.93511355843142,0.19443357178819357,-35.46798558524507,4.33560777294153,306.211976282035,318.14802738007444,3.8234515433499796,0.14801245439347568,0.006730516176115491,-0.0015915483739939265,0.02390413181524738,0.0024571386184491693,0.006516262777320929,0.43388373911755823,-0.900968867902419,0.0,1.0
2021-01-15,314.1300048828125,315.1199951171875,310.5799865722656,311.8599853515625,302.25653076171875,35118700.0,-0.0079527706406091,90.22000122070312,90.8000030517578,90.22000122070312,90.77999877929688,90.77999877929688,0.0,1.1039999723434448,1.11899995803833,1.0850000381469729,1.097000002861023,1.097000002861023,0.0,23.520000457763672,25.799999237060547,23.07999992370605,24.34000015258789,24.34000015258789,0.0,-0.007952770640609143,0.014452642136543258,-0.007921231024669573,313.3310028076172,312.27000122070314,304.0118011474609,268.6937509155273,313.2154960425801,310.3392173452501,2.876278697330008,3.4166620700587966,52.822764820861565,62.655361650280405,65.93165924786896,-0.5992238609455138,-52.99097574489835,4.350207828082984,306.38284647660623,318.15715596480004,3.770554149347211,0.15063450068565326,-0.005361712277372109,0.006730516176115491,0.012775925087103063,0.0,-0.0030269442069475218,-0.433883739117558,-0.9009688679024191,0.0,1.0
2021-01-18,314.1300048828125,315.1199951171875,310.5799865722656,311.8599853515625,302.25653076171875,35118700.0,0.0,90.22000122070312,90.8000030517578,90.22000122070312,90.77999877929688,90.77999877929688,0.0,1.1039999723434448,1.11899995803833,1.0850000381469729,1.097000002861023,1.097000002861023,0.0,23.520000457763672,25.799999237060547,23.07999992370605,24.34000015258789,24.34000015258789,0.0,0.0,0.014452642136543258,0.0,313.5860015869141,312.4169998168946,304.47720092773443,269.2379008483886,313.0069559362697,310.4518668271992,2.5550891090705363,3.2443474778611447,52.82276482086156,52.85002097498607,60.99769346740143,0.8244116947709567,-52.99097574489835,4.363765022142905,306.7389380606122,318.09506157317696,3.634924962220524,0.15040959237055415,-0.007952770640609143,-0.005361712277372109,-0.01455549720286207,-0.014220594908486116,-0.0018725759126443642,0.0,1.0,0.0,1.0
2021-01-19,314.25,316.92999267578125,313.1199951171875,316.4100036621094,306.66650390625,24537000.0,0.0144847542207868,90.7300033569336,90.76000213623048,90.4000015258789,90.5,90.5,0.0,1.1130000352859497,1.118000030517578,1.0889999866485596,1.0920000076293943,1.0920000076293943,0.0,23.030000686645508,23.559999465942383,22.530000686645508,23.239999771118164,23.239999771118164,0.0,0.014484754220786843,0.012124097242939539,0.014590166615813471,314.0410034179688,312.7494995117188,305.13700073242194,269.76065086364747,313.53050174024503,310.8932102964518,2.637291443793231,3.122936271047562,59.220310867668076,57.68228551466029,57.729222713308914,1.4589939473695541,-20.971191966222403,4.414210900862608,306.9490423092681,318.54995671416947,3.709331085425656,0.15832954181843872,0.0,-0.007952770640609143,-0.0015915483739939265,0.008210125943781404,0.002715612092621041,0.7818314824680298,0.6234898018587336,0.0,1.0
2021-01-20,320.1400146484375,324.739990234375,316.510009765625,323.7699890136719,313.7997436523437,30728100.0,0.0229941727501147,90.41000366210938,90.6999969482422,90.27999877929688,90.47000122070312,90.47000122070312,0.0,1.1059999465942385,1.1059999465942385,1.087000012397766,1.090000033378601,1.090000033378601,0.0,22.81999969482422,22.86000061035156,21.3700008392334,21.57999992370605,21.57999992370605,0.0,0.022994172750114797,0.025707440782708067,0.02326057673476578,315.66400146484375,313.5279983520508,305.81720031738286,270.3323508453369,315.10580747461836,311.84704575698663,3.258761717631728,3.1501013603643955,67.01278072853961,73.6929084081965,61.40840496594762,5.277355796905791,-4.959107064289747,4.6939091631056815,306.29579932580793,320.7601973782937,4.613431058314652,0.17444554169493018,0.014484754220786843,0.0,0.006730516176115491,-0.013949044583628466,-0.005048886294606056,0.9749279121818236,-0.22252093395631434,0.0,1.0
2021-01-21,325.1499938964844,327.1300048828125,323.7300109863281,326.3599853515625,316.31005859375,25130600.0,0.0079679072237519,90.41999816894533,90.4499969482422,90.05000305175781,90.12999725341795,90.12999725341795,0.0,1.1019999980926514,1.1230000257492063,1.0959999561309814,1.1089999675750732,1.1089999675750732,0.0,21.34000015258789,22.21999931335449,21.09000015258789,21.31999969482422,21.31999969482422,0.0,0.007967907223751946,0.010456693711539192,0.007999735475206382,316.8019989013672,314.36799774169924,306.5764001464844,270.8979007720948,316.8372194556867,312.92207831954784,3.915141136138857,3.303109315519288,69.24029392252426,90.18721375821188,73.85413589368956,3.612919540385796,-3.5080596948521947,4.6014866440613025,305.38555617168714,323.35043931171134,5.714603035002647,0.1754272209732376,0.022994172750114797,0.014484754220786843,-0.005361712277372109,0.02390413181524738,0.004403096809797206,0.43388373911755823,-0.900968867902419,0.0,1.0
2021-01-22,325.2900085449219,326.4599914550781,324.7099914550781,325.4200134277344,315.3990478515625,21609400.0,-0.0028842749438112,90.05000305175781,90.30999755859376,90.05000305175781,90.23999786376952,90.23999786376952,0.0,1.087000012397766,1.10099995136261,1.0820000171661377,1.090999960899353,1.090999960899353,0.0,22.239999771118164,23.729999542236328,21.270000457763672,21.90999984741211,21.90999984741211,0.0,-0.0028842749438112002,0.005379814793045906,-0.002880119419020888,317.441000366211,315.16099853515624,307.2662005615234,271.44855087280274,318.15764929754016,313.8478512905246,4.309798007015559,3.5044470538185424,67.459881695317,94.4825883087312,86.1209034917132,2.002951030588843,-8.085068314664456,4.3978090266283525,305.2169085320818,325.1050885382307,6.310482610027132,0.17630003268766795,0.007967907223751946,0.022994172750114797,-0.007952770640609143,0.012775925087103063,0.0,-0.433883739117558,-0.9009688679024191,0.0,1.0
2021-01-25,328.9100036621094,330.32000732421875,321.4100036621094,328.1099853515625,318.00616455078125,39080600.0,0.0082321123076962,90.2300033569336,90.5199966430664,90.08000183105467,90.38999938964844,90.38999938964844,0.0,1.0670000314712524,1.0700000524520874,1.034999966621399,1.0399999618530271,1.0399999618530271,0.0,22.309999465942383,26.6299991607666,22.200000762939453,23.190000534057617,23.190000534057617,0.0,0.008232112307696283,0.027089488197089496,0.008266089314403313,318.8099975585938,315.9324981689453,307.9644000244141,272.02540077209477,319.6887779212359,314.9043056654163,4.784472255819594,3.7604520942187527,69.8492206138604,93.10902538662742,92.59294248452349,4.354039609178567,-9.079795830601089,4.720108643448426,304.5139533796686,327.351042958222,7.22847118004976,0.1753953745292052,-0.0028842749438112002,0.007967907223751946,0.0,-0.01455549720286207,0.010028478889500939,0.0,1.0,0.0,1.0
2021-01-26,328.8500061035156,329.760009765625,327.2200012207031,328.5899963378906,318.471435546875,25498100.0,0.0014620187070172,90.38999938964844,90.61000061035156,90.12000274658205,90.16999816894533,90.16999816894533,0.0,1.0479999780654907,1.0499999523162842,1.0329999923706057,1.0399999618530271,1.0399999618530271,0.0,23.90999984741211,23.940000534057617,22.549999237060547,23.020000457763672,23.020000457763672,0.0,0.0014620187070172477,0.007723912111232649,0.001463087977401356,320.27699584960936,316.71399841308596,308.69080017089846,272.64390075683593,321.05819613918277,315.91806053004404,5.140135609138724,4.036388797202747,70.2687476428385,91.40508455581482,92.99889941705781,4.673159493710756,-8.619882187289974,4.564387207839387,304.0775295080021,329.3504673181698,7.979735009124716,0.17534200392050645,0.008232112307696283,-0.0028842749438112002,0.014484754220786843,-0.0015915483739939265,0.0008948314071509995,0.7818314824680298,0.6234898018587336,0.0,1.0
2021-01-27,326.260009765625,326.2699890136719,317.3599853515625,319.42999267578125,309.5935363769531,55264000.0,-0.0282725225169005,90.1500015258789,90.87999725341795,90.1500015258789,90.6500015258789,90.6500015258789,0.0,1.0230000019073486,1.0230000019073486,1.0010000467300415,1.0140000581741333,1.0140000581741333,0.0,23.81999969482422,37.209999084472656,23.709999084472656,37.209999084472656,37.209999084472656,0.0,-0.02827252251690053,0.027309518161634468,-0.027876594818235012,320.61599426269527,317.03699798583983,309.27720031738284,273.1862007141113,320.8077032986595,316.17820365195047,4.629499646709007,4.155010967103999,54.64343966973803,75.71104417274587,86.74171803839604,1.0726439815222075,-55.16718946387134,5.0405031920171535,304.47344015311614,329.6005558185635,7.925609889407815,0.20650618750898883,0.0014620187070172477,0.008232112307696283,0.022994172750114797,0.006730516176115491,3.219497923609246e-05,0.9749279121818236,-0.22252093395631434,0.0,1.0
2021-01-28,320.6700134277344,326.4200134277344,320.0299987792969,321.32000732421875,311.4253234863281,42836300.0,0.0058993133388816,90.7300033569336,90.86000061035156,90.41000366210938,90.45999908447266,90.45999908447266,0.0,1.0080000162124634,1.0700000524520874,1.0080000162124634,1.0570000410079956,1.0570000410079956,0.0,33.25,36.290000915527344,27.38999938964844,30.209999084472656,30.209999084472656,0.0,0.005899313338881614,0.019927072631870962,0.00591674855622526,321.3129943847656,317.415998840332,309.85600036621094,273.7402007293701,320.8865193025917,316.5590779980444,4.327441304547278,4.189497034592655,56.77901661017254,63.540090370529576,76.88540636636341,2.217274084737221,-45.59265723724996,5.179754446298295,304.8139500791417,330.0180476015223,7.940399228288075,0.20718392600741425,-0.02827252251690053,0.0014620187070172477,0.007967907223751946,-0.005361712277372109,0.0024571386184491693,0.43388373911755823,-0.900968867902419,0.0,1.0
2021-01-29,319.5799865722656,320.7200012207031,312.760009765625,314.5599975585937,304.8734130859375,55259000.0,-0.021262926108735,90.55999755859376,90.77999877929688,90.36000061035156,90.58000183105467,90.58000183105467,0.0,1.0839999914169312,1.1050000190734863,1.065999984741211,1.093000054359436,1.093000054359436,0.0,35.15999984741211,37.5099983215332,29.239999771118164,33.09000015258789,33.09000015258789,0.0,-0.02126292610873503,0.024907665653456548,-0.021038463818689013,321.58299560546874,317.45699920654295,310.3396002197265,274.2438007354736,319.9132082650535,316.41099796549247,3.5022102995610567,4.052039687586335,48.06240923394781,39.800765051483445,59.68396653158629,0.8657770582485745,-79.83785814442837,5.421200382890827,304.90005237597717,330.0139460371087,7.910959192552572,0.22202486800640164,0.005899313338881614,-0.02827252251690053,-0.0028842749438112002,-0.007952770640609143,0.0,-0.433883739117558,-0.9009688679024191,0.0,1.0
2021-02-01,318.1099853515625,323.5400085449219,316.0199890136719,322.4200134277344,312.49139404296875,35646000.0,0.024680278342388,90.52999877929688,91.05999755859376,90.5,91.0199966430664,91.0199966430664,0.0,1.0789999961853027,1.0880000591278076,1.059999942779541,1.0770000219345093,1.0770000219345093,0.0,31.450000762939453,33.959999084472656,29.030000686645508,30.239999771118164,30.239999771118164,0.0,0.02468027834238801,0.023639684000925573,0.02498735747378511,322.6389984130859,318.11249999999995,310.9802001953125,274.7781008148193,320.29887059777366,316.85611022195485,3.442760375818807,3.9301838252328296,56.436588981788766,44.84976472837468,49.39687338346256,3.386143965942749,-40.02019043319764,5.6754011402792095,305.98484922210275,330.24015077789716,7.6247558822097234,0.2314162699748467,-0.02126292610873503,0.005899313338881614,0.008232112307696283,0.0,-0.014220594908486116,0.0,1.0,0.49999999999999994,0.8660254037844387
2021-02-02,325.4800109863281,328.8699951171875,325.3099975585937,327.67999267578125,317.58941650390625,33930800.0,0.016182475732575,91.0,91.29000091552734,90.8000030517578,91.1999969482422,91.1999969482422,0.0,1.1100000143051147,1.1169999837875366,1.0959999561309814,1.1050000190734863,1.1050000190734863,0.0,28.01000022888184,28.07999992370605,25.309999465942383,25.559999465942383,25.559999465942383,0.0,0.016182475732575044,0.010937684153953606,0.016314121150601935,323.76599731445316,318.9035003662109,311.64440002441404,275.3590007781982,321.43442784054406,317.6578792926087,3.776548547935363,3.8994567697733364,60.97167643801846,55.589343697549474,46.746624492469195,3.5618308154716143,-13.373920329725541,5.730728322363061,306.4340941532701,331.3729065791517,7.820175193198955,0.2359060150247639,0.02468027834238801,-0.02126292610873503,0.0014620187070172477,0.014484754220786843,0.008210125943781404,0.7818314824680298,0.6234898018587336,0.49999999999999994,0.8660254037844387
2021-02-03,329.82000732421875,330.20001220703125,326.32000732421875,326.3800048828125,316.3294677734375,24824500.0,-0.0039751154944662,91.0500030517578,91.30999755859376,90.98999786376952,91.12000274658205,91.12000274658205,0.0,1.1239999532699585,1.131999969482422,1.1130000352859497,1.13100004196167,1.13100004196167,0.0,24.59000015258789,25.43000030517578,22.90999984741211,22.90999984741211,22.90999984741211,0.0,-0.00397511549446629,0.011764007023983806,-0.003967225181300216,324.0269989013672,319.84550018310546,312.24640014648435,275.8959008026123,322.19528584704693,318.3039626696608,3.891323177386141,3.8978300512958977,59.32782655825085,75.54880823365659,58.66263888652691,0.806132735492792,-19.95946453610702,5.598533790966592,308.16933612298527,331.52166424322564,7.301127609071132,0.22925961655558824,0.016182475732575044,0.02468027834238801,-0.02827252251690053,0.022994172750114797,-0.013949044583628466,0.9749279121818236,-0.22252093395631434,0.49999999999999994,0.8660254037844387
2021-02-04,327.82000732421875,330.3299865722656,326.4599914550781,330.239990234375,320.070556640625,22350900.0,0.0117571710186296,91.08999633789062,91.58000183105467,91.08999633789062,91.52999877929688,91.52999877929688,0.0,1.1460000276565552,1.1619999408721924,1.1360000371932983,1.1390000581741333,1.1390000581741333,0.0,23.440000534057617,23.440000534057617,21.68000030517578,21.770000457763672,21.770000457763672,0.0,0.011757171018629652,0.01180524382503603,0.011826558219568017,324.4149993896485,320.6084991455078,312.92559997558595,276.4525507354736,323.43293267586665,319.18811285963966,4.244819816226993,3.9672280042821173,62.55593471643245,88.73697915798724,73.29171036306442,1.1888727346990378,-0.4556776602057,5.480780069429916,308.29410941150815,332.9228888795074,7.681886017881742,0.2183454469065113,-0.00397511549446629,0.016182475732575044,0.005899313338881614,0.007967907223751946,0.02390413181524738,0.43388373911755823,-0.900968867902419,0.49999999999999994,0.8660254037844387
2021-02-05,331.2200012207031,332.3999938964844,329.5299987792969,331.3599853515625,321.1560974121094,22732000.0,0.0033858287133314,91.48999786376952,91.5999984741211,90.9800033569336,91.04000091552734,91.04000091552734,0.0,1.1720000505447388,1.187999963760376,1.1360000371932983,1.1699999570846558,1.1699999570846558,0.0,21.989999771118164,22.15999984741211,20.86000061035156,20.8700008392334,20.8700008392334,0.0,0.0033858287133314764,0.008664920918453608,0.003391567105946569,325.0089965820313,321.22499847412104,313.57259948730473,277.04565063476554,324.6524792413583,320.08973304422653,4.562746197131787,4.086331642852051,63.46210410407946,91.42983144499937,85.2385396122144,1.8253247122882341,-5.295363468689162,5.29429542998403,308.03958957070995,334.4104073775321,8.20945378849358,0.21492475821266152,0.011757171018629652,-0.00397511549446629,-0.02126292610873503,-0.0028842749438112002,0.012775925087103063,-0.433883739117558,-0.9009688679024191,0.49999999999999994,0.8660254037844387
2021-02-08,333.1000061035156,333.739990234375,331.4100036621094,333.5799865722656,323.3077697753906,20462800.0,0.0066774274485532,91.0,91.23999786376952,90.9000015258789,90.93000030517578,90.93000030517578,0.0,1.190999984741211,1.1929999589920044,1.149999976158142,1.159999966621399,1.159999966621399,0.0,21.88999938964844,22.06999969482422,21.229999542236328,21.239999771118164,21.239999771118164,0.0,0.006677427448553251,0.0069948559879087725,0.006699771172397284,325.5559967041016,322.18299713134763,314.2517993164062,277.63745056152334,326.0259419076517,321.08901108334055,4.936930824311162,4.256451479143873,65.25690651866435,97.82876987622109,92.66519349306922,1.6671242768921346,-0.7626492424418707,5.0861318194717775,308.3129690993337,336.05302516336155,8.610031041681188,0.20641510688277276,0.0033858287133314764,0.011757171018629652,0.02468027834238801,0.008232112307696283,-0.01455549720286207,0.0,1.0,0.49999999999999994,0.8660254037844387
2021-02-09,332.6199951171875,334.8099975585937,332.6099853515625,333.510009765625,323.2398986816406,17597500.0,-0.0002099492344046,90.91000366210938,90.93000030517578,90.43000030517578,90.44000244140624,90.44000244140624,0.0,1.149999976158142,1.159000039100647,1.1399999856948853,1.156999945640564,1.156999945640564,0.0,21.56999969482422,22.26000022888184,20.64999961853028,21.6299991607666,21.6299991607666,0.0,-0.00020994923440461008,0.006614191086907126,-0.00020992719660639647,326.047998046875,323.16249694824216,314.85279968261716,278.2167005920409,327.17733696272455,322.00908505980607,5.168251902918485,4.4388115638987955,65.14827355890516,96.01544925857044,95.09135019326362,1.4973107771288028,-5.895639513157613,4.879980418583165,308.9859419042561,337.33905199222824,8.773638759361729,0.20606922349973097,0.006677427448553251,0.0033858287133314764,0.016182475732575044,0.0014620187070172477,-0.0015915483739939265,0.7818314824680298,0.6234898018587336,0.49999999999999994,0.8660254037844387
2021-02-10,334.989990234375,335.4599914550781,329.5,332.75,322.50323486328125,28068700.0,-0.0022816011496287,90.48999786376952,90.52999877929688,90.25,90.37000274658205,90.37000274658205,0.0,1.1740000247955322,1.1759999990463257,1.13100004196167,1.1330000162124634,1.1330000162124634,0.0,21.63999938964844,23.850000381469727,19.690000534057617,21.989999771118164,21.989999771118164,0.0,-0.0022816011496287845,0.017791550878604553,-0.0022790002761537975,327.37999877929684,323.9979965209961,315.43079956054686,278.78545059204095,328.03466973768997,322.80470838870934,5.229961348980623,4.597041520915162,63.90400832682895,93.80113775540843,95.88178563006664,4.169930072201594,-11.938297978175205,4.957124064047091,309.6206820119461,338.3753110300461,8.874940378292308,0.20640362271386398,-0.00020994923440461008,0.006677427448553251,-0.00397511549446629,-0.02827252251690053,0.006730516176115491,0.9749279121818236,-0.22252093395631434,0.49999999999999994,0.8660254037844387
2021-02-11,334.3299865722656,335.0,332.1199951171875,334.5799865722656,324.2769775390625,22046100.0,0.0054848527783681,90.45999908447266,90.47000122070312,90.26000213623048,90.41999816894533,90.41999816894533,0.0,1.1519999504089355,1.1649999618530271,1.1380000114440918,1.1579999923706057,1.1579999923706057,0.0,22.09000015258789,23.25,21.11000061035156,21.25,21.25,0.0,0.00548485277836816,0.008614258362942223,0.005499922121814382,328.70599670410155,325.00949554443355,316.03679931640625,279.3492504882812,329.04164155839396,323.676951217121,5.36469034127299,4.750571284986727,65.60730267772348,92.7631286296832,94.19323854788735,4.126720697683563,-3.8766766196175806,4.8087584082446195,310.64366431233236,339.37532677653473,8.840253241239328,0.20445280340560407,-0.0022816011496287845,-0.00020994923440461008,0.011757171018629652,0.005899313338881614,-0.005361712277372109,0.43388373911755823,-0.900968867902419,0.49999999999999994,0.8660254037844387
2021-02-12,333.7099914550781,336.6199951171875,332.6300048828125,336.45001220703125,326.08941650390625,20346800.0,0.0055736079644019,90.41000366210938,90.73999786376952,90.37999725341795,90.4800033569336,90.4800033569336,0.0,1.1829999685287476,1.2020000219345093,1.1779999732971191,1.2000000476837158,1.2000000476837158,0.0,21.600000381469727,22.450000762939453,19.950000762939453,19.96999931335449,19.96999931335449,0.0,0.005573607964401994,0.01195646020958922,0.005589169414980777,330.89499816894534,326.238996887207,316.65539978027346,279.9072005462646,330.18139088895356,324.62310388304024,5.558287005913314,4.912114429172045,67.30513433061205,94.490869022705,93.6850451359322,6.958931465645138,-0.7124183340922241,4.750274967253932,312.41275493971017,340.06523883470385,8.476142999101414,0.2003343945463541,0.00548485277836816,-0.0022816011496287845,0.0033858287133314764,-0.02126292610873503,-0.007952770640609143,-0.433883739117558,-0.9009688679024191,0.49999999999999994,0.8660254037844387
2021-02-15,333.7099914550781,336.6199951171875,332.6300048828125,336.45001220703125,326.08941650390625,20346800.0,0.0,90.41000366210938,90.73999786376952,90.37999725341795,90.4800033569336,90.4800033569336,0.0,1.1829999685287476,1.2020000219345093,1.1779999732971191,1.2000000476837158,1.2000000476837158,0.0,21.600000381469727,22.450000762939453,19.950000762939453,19.96999931335449,19.96999931335449,0.0,0.0,0.01195646020958922,0.0,332.2979980468751,327.4684982299804,317.2394000244141,280.4551006317139,331.1457941686578,325.4991711662988,5.646623002358979,5.059016143809432,67.30513433061203,98.232828904066,95.16227551881806,4.351466470750424,-0.7124183340922241,4.695968914905436,314.69262474711957,340.24437171284126,7.802810683724684,0.2003343945463541,0.005573607964401994,0.00548485277836816,0.006677427448553251,0.02468027834238801,0.0,0.0,1.0,0.49999999999999994,0.8660254037844387
2021-02-16,337.2699890136719,338.19000244140625,334.3399963378906,335.5400085449219,325.2073974609375,27080800.0,-0.0027085026773152,90.29000091552734,90.63999938964844,90.12000274658205,90.51000213623048,90.51000213623048,0.0,1.2450000047683716,1.3009999990463257,1.2450000047683716,1.2990000247955322,1.2990000247955322,0.0,21.1299991607666,22.459999084472656,20.8799991607666,21.459999084472656,21.459999084472656,0.0,-0.002708502677315279,0.011415205114379618,-0.002704837993287579,333.0839996337891,328.4249984741211,317.7844000244141,281.02220069885254,331.8218271496215,326.2429368980487,5.57889025157283,5.162990965362111,65.48078822609742,96.05147381774596,96.25839058150564,2.39868653711721,-10.420741878577688,4.635542999806164,316.28658530501554,340.56341164322663,7.39189356809087,0.19744141701294882,0.0,0.005573607964401994,-0.00020994923440461008,0.016182475732575044,0.014484754220786843,0.7818314824680298,0.6234898018587336,0.49999999999999994,0.8660254037844387
2021-02-17,332.4700012207031,335.6600036621094,330.1700134277344,333.92999267578125,323.64697265625,31360300.0,-0.0048097936449388,90.70999908447266,91.05999755859376,90.62000274658205,90.9499969482422,90.9499969482422,0.0,1.3140000104904177,1.3309999704360962,1.2690000534057615,1.3009999990463257,1.3009999990463257,0.0,22.020000457763672,23.440000534057617,21.09000015258789,21.5,21.5,0.0,-0.004809793644938841,0.01651273863572006,-0.004798245110260502,333.838998413086,328.9329986572265,318.43679992675777,281.59515068054196,332.14616030749227,326.81234843714,5.333811870352292,5.1971551463601475,62.26508949012582,90.70497622931764,94.99642631704319,2.313250713897008,-16.75191109937717,4.69657494513251,316.7644917028718,341.1015056115812,7.3987754369607845,0.1841992996108002,-0.002708502677315279,0.0,-0.0022816011496287845,-0.00397511549446629,0.022994172750114797,0.9749279121818236,-0.22252093395631434,0.49999999999999994,0.8660254037844387
2021-02-18,330.2300109863281,333.8699951171875,328.3599853515625,332.4700012207031,322.2319641113281,32236200.0,-0.0043816595595811,90.9000015258789,90.9800033569336,90.54000091552734,90.58999633789062,90.58999633789062,0.0,1.3009999990463257,1.3179999589920044,1.2769999504089355,1.2869999408721924,1.2869999408721924,0.0,21.979999542236328,24.229999542236328,21.799999237060547,22.489999771118164,22.489999771118164,0.0,-0.004381659559581144,0.01668536953733475,-0.0043720740945251135,334.0619995117188,329.23849945068355,319.03580017089837,282.1483506774902,332.1959819864478,327.231433828515,4.964548157932825,5.150633748674683,59.41560172386854,82.34224188621738,89.69956397776032,0.6752698196076924,-25.800621363392974,4.758962972210099,317.03523809123567,341.4417608101314,7.413022097846001,0.18370338140561712,-0.004809793644938841,-0.002708502677315279,0.00548485277836816,0.011757171018629652,0.007967907223751946,0.43388373911755823,-0.900968867902419,0.49999999999999994,0.8660254037844387
2021-02-19,333.8599853515625,333.989990234375,329.9700012207031,331.0199890136719,320.8265991210937,39157700.0,-0.0043708841091674,90.56999969482422,90.6500015258789,90.18000030517578,90.36000061035156,90.36000061035156,0.0,1.312999963760376,1.3619999885559082,1.3079999685287476,1.3450000286102295,1.3450000286102295,0.0,23.100000381469727,23.190000534057617,20.84000015258789,22.049999237060547,22.049999237060547,0.0,-0.004370884109167422,0.012040942880407579,-0.00436134569737745,334.02799987792974,329.5184982299805,319.61919982910155,282.6871006011963,332.01505999063613,327.51206754593403,4.502992444702102,5.021105487880167,56.6430793273363,67.25989417498559,80.10237076350687,-0.10260633538171472,-55.66778501227312,4.706179118028797,317.4276759140283,341.60932054593263,7.338478647419435,0.18418765019251312,-0.004381659559581144,-0.004809793644938841,0.005573607964401994,0.0033858287133314764,-0.0028842749438112002,-0.433883739117558,-0.9009688679024191,0.49999999999999994,0.8660254037844387
2021-02-22,326.5,327.79998779296875,322.2300109863281,322.44000244140625,312.5108337402344,47256900.0,-0.0262616509768204,90.33999633789062,90.58000183105467,90.0,90.01000213623047,90.01000213623047,0.0,1.3589999675750732,1.3700000047683716,1.3259999752044678,1.3700000047683716,1.3700000047683716,0.0,24.459999084472656,25.09000015258789,21.959999084472656,23.450000762939453,23.450000762939453,0.0,-0.02626165097682041,0.01705965331283499,-0.02591981277001476,332.9140014648438,329.23499908447263,319.9871997070312,283.16215065002444,330.54197421383157,327.13635901967274,3.405615194158827,4.6980074291359,43.660455840220024,39.949110087615885,63.18374871627295,-3.339524125931352,-98.68426336148626,4.997879040122722,316.74578955994593,341.72420860899933,7.5868055092905315,0.2053413845259247,-0.004370884109167422,-0.004381659559581144,0.0,0.006677427448553251,0.008232112307696283,0.0,1.0,0.49999999999999994,0.8660254037844387
2021-02-23,317.0,323.20001220703125,311.0,321.4800109863281,311.580322265625,97241900.0,-0.0029819751655739,90.0199966430664,90.26000213623048,89.94000244140625,90.16999816894533,90.16999816894533,0.0,1.3589999675750732,1.3890000581741333,1.3420000076293943,1.3619999885559082,1.3619999885559082,0.0,22.81999969482422,27.01000022888184,22.5,23.11000061035156,23.11000061035156,0.0,-0.0029819751655739725,0.0384858429243888,-0.0029775334937118814,331.71100158691405,328.8794998168945,320.27099975585935,283.6352507019043,329.1478260249849,326.717370276462,2.4304557485228884,4.2444970930132975,42.48707791722504,28.063856923497145,45.09095372869954,-3.607087771593718,-61.45638085574918,5.5123171234733315,315.91718276139176,341.84181687239726,7.882715135920356,0.20527744963079178,-0.02626165097682041,-0.004370884109167422,-0.002708502677315279,-0.00020994923440461008,0.0014620187070172477,0.7818314824680298,0.6234898018587336,0.49999999999999994,0.8660254037844387
2021-02-24,318.739990234375,324.45001220703125,315.9599914550781,324.1300048828125,314.14874267578125,58206300.0,0.0082094151569068,90.0999984741211,90.43000030517578,89.9800033569336,90.18000030517578,90.18000030517578,0.0,1.3960000276565552,1.434999942779541,1.36899995803833,1.3890000581741333,1.3890000581741333,0.0,23.76000022888184,25.040000915527344,21.309999465942383,21.34000015258789,21.34000015258789,0.0,0.008209415156906898,0.02663619568322841,0.008243204806645865,330.84900207519524,329.1145004272461,320.5739996337891,284.0989507293702,328.37585354157375,326.52571358063614,1.8501399609376108,3.7656256665981602,46.74204607454049,29.383060611984003,32.46534254103234,-2.5905319660969197,-51.710173946812546,5.725010239793317,316.7153246264824,341.51367622800984,7.5348705600436885,0.18057367030059976,-0.0029819751655739725,-0.02626165097682041,-0.004809793644938841,-0.0022816011496287845,-0.02827252251690053,0.9749279121818236,-0.22252093395631434,0.49999999999999994,0.8660254037844387
2021-02-25,321.3900146484375,324.0299987792969,311.239990234375,312.8299865722656,303.1966857910156,110182600.0,-0.0354848535955617,90.06999969482422,90.29000091552734,89.68000030517578,90.12999725341795,90.12999725341795,0.0,1.4559999704360962,1.6139999628067017,1.4320000410079956,1.5180000066757202,1.5180000066757202,0.0,21.729999542236328,31.15999984741211,21.520000457763672,28.88999938964844,28.88999938964844,0.0,-0.03548485359556175,0.03979591139106367,-0.034862647520027656,328.67400207519535,328.68999938964845,320.61059936523435,284.51875068664555,325.98418170014173,325.5112152837198,0.4729664164219116,3.1070938165629105,34.888829144590986,31.187936934085478,29.54495148985554,-6.500687689908266,-93.26963439518184,6.236796268982188,314.6893215211111,342.6906772581858,8.519077486102727,0.22025408804453897,0.008209415156906898,-0.0029819751655739725,-0.004381659559581144,0.00548485277836816,0.005899313338881614,0.43388373911755823,-0.900968867902419,0.49999999999999994,0.8660254037844387
2021-02-26,315.8500061035156,319.1099853515625,310.8800048828125,314.1400146484375,304.46636962890625,104739800.0,0.0041789135419917,90.36000061035156,90.97000122070312,90.12999725341795,90.93000030517578,90.93000030517578,0.0,1.4700000286102295,1.5190000534057615,1.4390000104904177,1.4600000381469729,1.4600000381469729,0.0,28.729999542236328,30.81999969482422,25.229999542236328,27.950000762939453,27.950000762939453,0.0,0.0041789135419917234,0.026056610130483056,0.00418765737685467,326.44300231933596,328.66900024414065,320.6921997070313,284.94115074157713,324.1620021537257,324.66890412555074,-0.5069019718250161,2.3842946588853255,36.88700382284377,22.319082630121287,27.63002672539692,-6.630999182388352,-88.06294376764176,6.379166568965602,314.578118955055,342.7598815332263,8.574511912360892,0.20789753448516535,-0.03548485359556175,0.008209415156906898,-0.004370884109167422,0.005573607964401994,-0.02126292610873503,-0.433883739117558,-0.9009688679024191,0.49999999999999994,0.8660254037844387
2021-03-01,319.2699890136719,323.94000244140625,317.94000244140625,323.5899963378906,313.62530517578125,49164500.0,0.0296383412635498,90.93000030517578,91.13999938964844,90.69000244140624,91.04000091552734,91.04000091552734,0.0,1.4509999752044678,1.4600000381469729,1.406999945640564,1.4459999799728394,1.4459999799728394,0.0,25.200000762939453,25.38999938964844,23.170000076293945,23.350000381469727,23.350000381469727,0.0,0.029638341263549875,0.018792871884187858,0.03008192845087687,325.15700073242186,328.7274993896485,320.9855993652344,285.410800704956,324.07400125898187,324.58898503016854,-0.514983771186678,1.804438972870925,49.036815594740595,21.73570791533528,25.080909159847344,-3.8222664296493885,-53.460298091170564,6.623510942108684,314.7364914120612,342.71850736723576,8.512222435643217,0.21630034110042187,0.0041789135419917234,-0.03548485359556175,-0.02626165097682041,0.0,0.02468027834238801,0.0,1.0,0.8660254037844386,0.5000000000000001
2021-03-02,324.25,324.3299865722656,318.1400146484375,318.3999938964844,308.5951538085937,48370000.0,-0.0161687417357168,91.02999877929688,91.38999938964844,90.7300033569336,90.79000091552734,90.79000091552734,0.0,1.4459999799728394,1.4509999752044678,1.402999997138977,1.4149999618530271,1.4149999618530271,0.0,23.57999992370605,24.600000381469727,22.799999237060547,24.100000381469727,24.100000381469727,0.0,-0.016168741735716887,0.01909012158466654,-0.016038729286746323,323.4429992675781,328.26349945068364,321.1583990478515,285.85760070800774,323.20107704936686,324.1305412424883,-0.9294641931214187,1.2576583396724563,44.02420930366332,28.67080719429713,24.24186591325123,-5.108188058635877,-72.4643365582963,6.592543869374358,313.5303743981408,342.9966245032265,8.97640162686212,0.21503789729910672,0.029638341263549875,0.0041789135419917234,-0.0029819751655739725,-0.002708502677315279,0.016182475732575044,0.7818314824680298,0.6234898018587336,0.8660254037844386,0.5000000000000001
2021-03-03,317.2699890136719,318.239990234375,309.1000061035156,309.1600036621094,299.6397705078125,86301100.0,-0.029449247823523,90.79000091552734,91.05999755859376,90.62999725341795,90.9499969482422,90.9499969482422,0.0,1.465000033378601,1.4980000257492063,1.4550000429153442,1.4700000286102295,1.4700000286102295,0.0,22.799999237060547,26.790000915527344,22.450000762939453,26.670000076293945,26.670000076293945,0.0,-0.02944924782352306,0.02880822153798326,-0.029019844253081795,320.96600036621095,327.4024993896484,321.1775988769531,286.2519507598877,321.04091191286574,323.0216125328306,-1.980700619964864,0.6099865477449923,36.809902111344094,24.76053780980505,25.05568430647915,-7.417719149810395,-99.79375192111797,6.785932721059672,310.3723205849459,344.43267819435096,10.40320635086818,0.23692465518587352,-0.016168741735716887,0.029638341263549875,0.008209415156906898,-0.004809793644938841,-0.00397511549446629,0.9749279121818236,-0.22252093395631434,0.8660254037844386,0.5000000000000001
2021-03-04,308.7799987792969,312.0400085449219,300.1099853515625,304.1000061035156,294.735595703125,139131600.0,-0.0165023195028977,91.01000213623048,91.66999816894533,90.97000122070312,91.62999725341795,91.62999725341795,0.0,1.468999981880188,1.5549999475479126,1.4579999446868896,1.5499999523162842,1.5499999523162842,0.0,26.520000457763672,31.89999961853028,24.93000030517578,28.56999969482422,28.56999969482422,0.0,-0.016502319502897708,0.03863599728130856,-0.01636690215179437,318.12900085449223,326.09550018310546,321.0683990478516,286.6225007629394,318.4346187114273,321.62001205658504,-3.185393345157763,-0.1490894308355588,33.56601093316755,12.739967496778611,22.057104166960258,-8.533099230915177,-89.52200903024989,7.153367754795365,306.2094135176745,345.98158684853644,12.196480266832735,0.23526714650553052,-0.02944924782352306,-0.016168741735716887,-0.03548485359556175,-0.004381659559581144,0.011757171018629652,0.43388373911755823,-0.900968867902419,0.8660254037844386,0.5000000000000001
2021-03-05,306.79998779296875,309.6099853515625,297.45001220703125,308.67999267578125,299.1744384765625,121523700.0,0.0149481408680734,91.66000366210938,92.19000244140624,91.62000274658205,91.9800033569336,91.9800033569336,0.0,1.5770000219345093,1.6260000467300415,1.5399999618530271,1.5540000200271606,1.5540000200271606,0.0,29.479999542236328,30.030000686645508,24.32999992370605,24.65999984741211,24.65999984741211,0.0,0.014948140868073443,0.03963485537273523,0.015060423098364195,315.89500122070314,324.96150054931644,321.0507989501953,286.99910072326657,316.9339070136356,320.66149210245146,-3.7275850888158857,-0.8647885624316242,38.821342678482985,12.74974811737668,16.750084474653445,-6.748836045960938,-72.43499469650209,7.510982425490786,303.7940772276725,346.12892387096036,13.027649912905012,0.24359419004324384,-0.016502319502897708,-0.02944924782352306,0.0041789135419917234,-0.004370884109167422,0.0033858287133314764,-0.433883739117558,-0.9009688679024191,0.8660254037844386,0.5000000000000001
2021-03-08,308.1199951171875,310.0599975585937,299.510009765625,299.94000244140625,290.7035827636719,88409800.0,-0.0287226774542173,91.98999786376952,92.41999816894533,91.83999633789062,92.30999755859376,92.30999755859376,0.0,1.5920000076293943,1.6059999465942385,1.5770000219345093,1.5959999561309814,1.5959999561309814,0.0,27.61000061035156,28.38999938964844,24.06999969482422,25.46999931335449,25.46999931335449,0.0,-0.028722677454217388,0.03423986745474343,-0.028314102488251947,313.64500122070314,323.2795013427734,320.7959991455078,287.3285007476806,314.31946015636953,319.12656694237404,-4.8071067860045105,-1.6532522071462017,33.39268375674105,14.853196952997456,13.447637522384248,-6.978042373662585,-93.48340541425564,7.7280542374534935,299.77810726323196,346.78089542231487,14.539365460492292,0.25598594849547746,0.014948140868073443,-0.016502319502897708,0.029638341263549875,-0.02626165097682041,0.006677427448553251,0.0,1.0,0.8660254037844386,0.5000000000000001
2021-03-09,307.4700012207031,313.7300109863281,306.9200134277344,311.7699890136719,302.1693420410156,80391100.0,0.0386834633594464,92.45999908447266,92.5,91.91000366210938,91.95999908447266,91.95999908447266,0.0,1.5440000295639038,1.562999963760376,1.527999997138977,1.5460000038146973,1.5460000038146973,0.0,25.11000061035156,25.25,22.89999961853028,24.030000686645508,24.030000686645508,0.0,0.0386834633594464,0.022148494264666516,0.03944141027895376,312.67399902343755,322.1925003051757,320.7721990966797,287.7092006683349,313.92723382672375,318.58163524395167,-4.654401417227916,-2.2534820491625447,44.67075289286074,24.42382960885726,17.342258226410465,-3.0204123556127405,-60.81011106267048,8.161050973701236,298.6724175813776,345.7125830289738,14.60001874750049,0.2997594044203554,-0.028722677454217388,0.014948140868073443,-0.016168741735716887,-0.0029819751655739725,-0.00020994923440461008,0.7818314824680298,0.6234898018587336,0.8660254037844386,0.5000000000000001
2021-03-10,316.1600036621094,316.4700012207031,310.1700134277344,310.8800048828125,301.30670166015625,76798100.0,-0.0028589070847743,92.0500030517578,92.23999786376952,91.7699966430664,91.79000091552734,91.79000091552734,0.0,1.5609999895095823,1.562999963760376,1.50600004196167,1.5199999809265137,1.5199999809265137,0.0,23.76000022888184,23.8700008392334,22.3799991607666,22.559999465942383,22.559999465942383,0.0,-0.0028589070847743394,0.019926580592090817,-0.0028548243016073283,311.3489990234375,321.09900054931643,320.7303991699219,288.0801506805419,313.45842937381434,318.01114410608955,-4.552714732275206,-2.713328585785077,44.066245575528455,27.48690916894374,22.254645243599484,-4.087865918118401,-63.24575601624265,8.028117889363202,297.61207337967846,344.5859277189544,14.629087682900273,0.2997385975808675,0.0386834633594464,-0.028722677454217388,-0.02944924782352306,0.008209415156906898,-0.0022816011496287845,0.9749279121818236,-0.22252093395631434,0.8660254037844386,0.5000000000000001
2021-03-11,315.7699890136719,319.8599853515625,314.8500061035156,318.0400085449219,308.24627685546875,53484800.0,0.0227703752717633,91.79000091552734,91.87999725341795,91.37000274658205,91.41999816894533,91.41999816894533,0.0,1.496999979019165,1.5470000505447388,1.496999979019165,1.5269999504089355,1.5269999504089355,0.0,22.5,22.5,21.450000762939453,21.90999984741211,21.90999984741211,0.0,0.02277037527176336,0.015865913235440364,0.023031599221246868,311.87000122070316,320.2720016479492,320.8163995361328,288.49520072937014,314.16328770783093,318.0132822126697,-3.849994504838776,-2.940661769595817,49.93599478380892,47.92867352268132,33.279804100160774,1.665448389313121,-32.15811235304291,8.096108073605116,297.6342980882674,342.90970520763096,14.136548585702277,0.31254041285313566,-0.0028589070847743394,0.0386834633594464,-0.016502319502897708,-0.03548485359556175,0.00548485277836816,0.43388373911755823,-0.900968867902419,0.8660254037844386,0.5000000000000001
2021-03-12,313.8599853515625,318.2300109863281,311.3900146484375,315.4599914550781,305.74566650390625,69315600.0,-0.0081454625083729,91.43000030517578,91.95999908447266,91.4000015258789,91.68000030517578,91.68000030517578,0.0,1.590999960899353,1.6419999599456787,1.5839999914169312,1.6349999904632568,1.6349999904632568,0.0,22.56999969482422,22.989999771118164,20.6299991607666,20.690000534057617,20.690000534057617,0.0,-0.008145462508372944,0.021793145533442155,-0.008112378118795505,312.00199890136724,319.2225006103516,320.8507995605468,288.8740506744385,314.36278059202283,317.8241495639592,-3.4613689719363947,-3.0448032100639324,47.982023593192594,57.0999194917775,44.171834061134184,0.4201874148754486,-33.29637315538194,8.006385806768368,297.83086390441457,340.6141373162886,13.402336404881433,0.311612188067921,0.02277037527176336,-0.0028589070847743394,0.014948140868073443,0.0041789135419917234,0.005573607964401994,-0.433883739117558,-0.9009688679024191,0.8660254037844386,0.5000000000000001
2021-03-15,315.7900085449219,319.0,314.1000061035156,318.8299865722656,309.01190185546875,42955700.0,0.0106261923522065,91.66000366210938,91.97000122070312,91.54000091552734,91.83000183105467,91.83000183105467,0.0,1.6269999742507937,1.6269999742507937,1.5950000286102295,1.6069999933242798,1.6069999933242798,0.0,21.84000015258789,21.86000061035156,19.8700008392334,20.030000686645508,20.030000686645508,0.0,0.01062619235220657,0.015516621057969094,0.010682850844333291,311.5259979248047,318.34149932861334,321.0411993408203,289.260450592041,315.0500430505217,317.89865600901896,-2.848612958497256,-3.0055651597505975,50.69583362032984,71.2435349110613,58.757375975173375,-1.4710002841542196,-20.81490975839121,7.784500670319511,298.5454140120288,338.1375846451979,12.437012050477087,0.3153296439905348,-0.008145462508372944,0.02277037527176336,-0.028722677454217388,0.029638341263549875,0.0,0.0,1.0,0.8660254037844386,0.5000000000000001
2021-03-16,321.0899963378906,324.20001220703125,319.1000061035156,320.5799865722656,310.70806884765625,54925900.0,0.0054739924733225,91.83000183105467,92.02999877929688,91.68000030517578,91.87000274658205,91.87000274658205,0.0,1.593000054359436,1.628999948501587,1.5850000381469729,1.621000051498413,1.621000051498413,0.0,20.13999938964844,20.309999465942383,19.32999992370605,19.790000915527344,19.790000915527344,0.0,0.00547399247332257,0.01588341636825324,0.005489002145234068,311.74399719238284,317.5934982299805,321.2155993652344,289.64685050964357,315.90080359232843,318.097273087778,-2.1964694954495485,-2.843746026890388,52.09353244089065,77.3126036414877,68.55201934810883,0.6846710796388996,-13.950906161763754,7.612038167779948,299.4740947667693,335.7129016931917,11.410437281742025,0.3166580022409462,0.01062619235220657,-0.008145462508372944,0.0386834633594464,-0.016168741735716887,-0.002708502677315279,0.7818314824680298,0.6234898018587336,0.8660254037844386,0.5000000000000001
2021-03-17,317.45001220703125,323.8500061035156,315.67999267578125,321.8999938964844,311.9874572753906,78258700.0,0.0041092000000754,91.86000061035156,92.0,91.37000274658205,91.4000015258789,91.4000015258789,0.0,1.6619999408721924,1.6890000104904177,1.631999969482422,1.6410000324249268,1.6410000324249268,0.0,20.100000381469727,20.950000762939453,19.18000030517578,19.229999542236328,19.229999542236328,0.0,0.004109200000075453,0.025736377740020813,0.004117654338618548,313.01799621582035,316.99199829101565,321.5027990722657,290.0252504730225,316.82375594681395,318.3789561106451,-1.5552001638311594,-2.586036854278542,53.171882225689096,85.3980080449619,77.98471553250363,4.1208403685681585,-9.040159944959314,7.651893543490979,300.4237056529744,333.5602909290569,10.453445340806798,0.31729511873299343,0.00547399247332257,0.01062619235220657,-0.0028589070847743394,-0.02944924782352306,-0.004809793644938841,0.9749279121818236,-0.22252093395631434,0.8660254037844386,0.5000000000000001
2021-03-18,316.8699951171875,317.8800048828125,311.57000732421875,312.0400085449219,302.4310913085937,82718100.0,-0.031109531766803,91.4000015258789,91.9000015258789,91.3000030517578,91.8499984741211,91.8499984741211,0.0,1.7300000190734863,1.753999948501587,1.7239999771118164,1.7300000190734863,1.7300000190734863,0.0,18.950000762939453,22.600000381469727,18.950000762939453,21.57999992370605,21.57999992370605,0.0,-0.031109531766803044,0.01991352180966246,-0.030630609481077764,313.81199645996094,315.9704986572265,321.4439990234375,290.4153504943848,316.0877948080613,317.90940443911006,-1.8216096310487728,-2.4331514096325884,45.02003633962996,77.09574861423799,79.93545343356251,2.6109839796265817,-45.721688050562946,7.843185902689168,300.9757703051039,330.9652270093492,9.491220487890764,0.33389110972550673,0.004109200000075453,0.00547399247332257,0.02277037527176336,-0.016502319502897708,-0.004381659559581144,0.43388373911755823,-0.900968867902419,0.8660254037844386,0.5000000000000001
2021-03-19,311.8699951171875,314.7300109863281,309.6600036621094,313.1400146484375,303.4972839355469,78446200.0,0.003519207123802,91.83000183105467,92.16999816894533,91.66000366210938,91.91999816894533,91.91999816894533,0.0,1.6890000104904177,1.75,1.6820000410079956,1.7319999933242798,1.7319999933242798,0.0,21.43000030517578,23.170000076293945,19.89999961853028,20.950000762939453,20.950000762939453,0.0,0.003519207123802038,0.0162567973950609,0.003525406803711384,314.25799865722655,315.07649993896484,321.32619934082027,290.80165054321293,315.63429016811915,317.55611630646763,-1.9218261383484787,-2.3308863553757666,46.014422759031405,67.86958415597283,76.78778027172424,1.4448691455493154,-41.629399536559255,7.64510171851271,301.8295441595658,328.3234557183639,8.408723457297004,0.33468869011785773,-0.031109531766803044,0.004109200000075453,-0.008145462508372944,0.014948140868073443,-0.004370884109167422,-0.433883739117558,-0.9009688679024191,0.8660254037844386,0.5000000000000001
2021-03-22,315.2099914550781,320.739990234375,315.2099914550781,318.6099853515625,309.188720703125,56194800.0,0.0185791757620088,91.73999786376952,92.1500015258789,91.70999908447266,91.8000030517578,91.8000030517578,0.0,1.6979999542236328,1.7020000219345093,1.6749999523162842,1.684000015258789,1.684000015258789,0.0,21.90999984741211,22.290000915527344,18.8700008392334,18.8799991607666,18.8799991607666,0.0,0.018579175762008873,0.017543856252047067,0.018752842509084156,316.1249969482422,314.8849990844726,321.40999877929687,291.20095046997073,316.09208942711047,317.63418068017836,-1.5420912530678947,-2.1731273349141924,50.78151510807157,63.917205252306616,69.62751267417246,6.224572500563162,-20.89729665595794,7.641878423328767,301.97992357325506,327.79007459569016,8.196691203924622,0.3307816977921157,0.003519207123802038,-0.031109531766803044,0.01062619235220657,-0.028722677454217388,-0.02626165097682041,0.0,1.0,0.8660254037844386,0.5000000000000001
2021-03-23,319.7300109863281,321.0899963378906,316.3800048828125,317.2200012207031,307.8398132324219,53455400.0,-0.0043722763062457,91.8000030517578,92.4000015258789,91.76000213623048,92.33999633789062,92.33999633789062,0.0,1.64900004863739,1.6649999618530271,1.6380000114440918,1.6380000114440918,1.6380000114440918,0.0,19.459999084472656,21.57999992370605,18.799999237060547,20.299999237060547,20.299999237060547,0.0,-0.004372276306245744,0.01473115220103479,-0.004362731821638155,316.6699981689453,314.6719985961914,321.4759985351563,291.57280044555665,316.26561431843237,317.6035007202172,-1.3378864017848286,-2.0060791482883196,49.58333777469649,70.45993493105735,67.41557477977892,1.7480875001064498,-26.09349901431075,7.432457925596578,302.0886320054641,327.25536518691865,7.997766974413962,0.3309549114427163,0.018579175762008873,0.003519207123802038,0.00547399247332257,0.0386834633594464,-0.0029819751655739725,0.7818314824680298,0.6234898018587336,0.8660254037844386,0.5000000000000001
2021-03-24,318.6300048828125,318.6700134277344,311.7200012207031,311.8699951171875,302.6480712890625,64803700.0,-0.0170089112002434,92.38999938964844,92.61000061035156,92.33999633789062,92.52999877929688,92.52999877929688,0.0,1.628000020980835,1.6510000228881836,1.6119999885559082,1.6139999628067017,1.6139999628067017,0.0,20.63999938964844,21.489999771118164,19.299999237060547,21.200000762939453,21.200000762939453,0.0,-0.017008911200243428,0.021812171171975356,-0.016865076316296856,316.76899719238287,314.05899810791016,321.39259826660157,291.91405044555665,315.5893652105486,317.1787966014743,-1.5894313909257107,-1.922749596815798,45.166040904258494,68.97189416617991,67.78301144984795,0.3184477029161721,-46.09352183119159,7.397997517127626,302.24462467017355,325.87337154564676,7.523664985823592,0.3341386719069333,-0.004372276306245744,0.018579175762008873,0.004109200000075453,-0.0028589070847743394,0.008209415156906898,0.9749279121818236,-0.22252093395631434,0.8660254037844386,0.5000000000000001
2021-03-25,309.9700012207031,312.8900146484375,307.3900146484375,311.3299865722656,302.1239929199219,78729000.0,-0.0017331438779703,92.5999984741211,92.91999816894533,92.51000213623048,92.87999725341795,92.87999725341795,0.0,1.6019999980926514,1.6419999599456787,1.590999960899353,1.6139999628067017,1.6139999628067017,0.0,20.799999237060547,23.549999237060547,19.809999465942383,19.809999465942383,19.809999465942383,0.0,-0.0017331438779703441,0.017743652541666186,-0.0017316428514096982,316.09799499511723,313.9839981079102,321.3321978759766,292.24930038452146,314.93407618927426,316.74555141412554,-1.8114752248512787,-1.9004947224228943,44.73285088276925,58.562171177397914,65.99800009154505,-2.1098043618334534,-52.12646562230391,7.262426265904225,302.1178429792141,325.85015323660633,7.558445780805644,0.30968043260992906,-0.017008911200243428,-0.004372276306245744,-0.031109531766803044,0.02277037527176336,-0.03548485359556175,0.43388373911755823,-0.900968867902419,0.8660254037844386,0.5000000000000001
2021-03-26,311.1099853515625,316.3299865722656,309.6700134277344,316.0,306.65594482421875,63519600.0,0.0148889125385188,92.80999755859376,92.87000274658205,92.6500015258789,92.7699966430664,92.7699966430664,0.0,1.6720000505447388,1.6759999990463257,1.633999943733215,1.659999966621399,1.659999966621399,0.0,19.31999969482422,21.489999771118164,18.68000030517578,18.86000061035156,18.86000061035156,0.0,0.014888912538518843,0.02140713399798243,0.015000304545485399,316.1519958496094,314.07699737548836,321.4149981689453,292.60810035705566,315.09806446784745,316.6903253834496,-1.5922609156021394,-1.8388479610587434,49.264732492119066,51.44207828266778,59.65871454208187,0.17118130969035192,-47.45377769850114,7.2193939000918705,302.17658850591425,325.97740624506247,7.5780200199423176,0.3139821695602256,-0.0017331438779703441,-0.017008911200243428,0.003519207123802038,-0.008145462508372944,0.0041789135419917234,-0.433883739117558,-0.9009688679024191,0.8660254037844386,0.5000000000000001
2021-03-29,315.45001220703125,316.989990234375,312.4700012207031,315.9100036621094,306.5686340332031,54608000.0,-0.0002847595958018,92.72000122070312,92.95999908447266,92.72000122070312,92.94000244140624,92.94000244140624,0.0,1.6460000276565552,1.7280000448226929,1.6410000324249268,1.7209999561309814,1.7209999561309814,0.0,20.39999961853028,21.600000381469727,19.420000076293945,20.739999771118164,20.739999771118164,0.0,-0.00028475959580186,0.014328701343353843,-0.0002847190556363177,315.8599975585938,313.69299774169923,321.4959985351562,292.95395034790033,315.22297819004154,316.63252377446145,-1.4095455844199023,-1.7529874857309753,49.1810372887145,50.367938427222526,53.4573959624294,-0.9158432497359875,-49.31594139752736,7.026579265347585,302.6180628181643,324.7679326652342,7.061002319633712,0.2943224612413162,0.014888912538518843,-0.0017331438779703441,0.018579175762008873,0.01062619235220657,0.029638341263549875,0.0,1.0,0.8660254037844386,0.5000000000000001
2021-03-30,313.8900146484375,314.9100036621094,311.5400085449219,314.32000732421875,305.025634765625,44635700.0,-0.0050458371508224,92.91000366210938,93.3499984741211,92.87999725341795,93.3000030517578,93.3000030517578,0.0,1.7510000467300415,1.7649999856948853,1.7170000076293943,1.72599995136261,1.72599995136261,0.0,20.76000022888184,21.75,19.46999931335449,19.61000061035156,19.61000061035156,0.0,-0.005045837150822455,0.01073622912459307,-0.005033128299129941,315.23399963378904,313.488998413086,321.45419860839837,293.281350402832,315.08405959529955,316.46122625962863,-1.3771666643290814,-1.6778233214505966,47.64110290149948,48.15190145195106,49.98730605394712,-1.952704320372707,-58.7745765481183,6.836823254764721,302.6309440598328,324.3470527663392,6.927231518948215,0.28939543118373795,-0.00028475959580186,0.014888912538518843,-0.004372276306245744,0.00547399247332257,-0.016168741735716887,0.7818314824680298,0.6234898018587336,0.8660254037844386,0.5000000000000001
2021-03-31,316.1600036621094,320.739990234375,315.8099975585937,319.1300048828125,309.693359375,55032500.0,0.0151868231404366,93.23999786376952,93.44000244140624,92.98999786376952,93.2300033569336,93.2300033569336,0.0,1.718999981880188,1.7510000467300415,1.7079999446868896,1.746000051498413,1.746000051498413,0.0,19.799999237060547,20.11000061035156,18.850000381469727,19.39999961853028,19.39999961853028,0.0,0.015186823140436682,0.015593347098547457,0.015302728942639732,314.9570007324219,313.9874984741211,321.3613989257812,293.65845039367673,315.7065127164554,316.65891356504966,-0.9524008485942659,-1.5327388268793305,52.48777174295696,53.91627180799884,50.812037229057474,-0.8605122914549168,-30.160666630357824,6.807048944435545,303.05109766304946,324.9238992851927,6.966137737469826,0.2732648091413949,-0.005045837150822455,-0.00028475959580186,-0.017008911200243428,0.004109200000075453,-0.02944924782352306,0.9749279121818236,-0.22252093395631434,0.8660254037844386,0.5000000000000001
2021-04-01,323.07000732421875,324.7099914550781,322.8099975585937,324.57000732421875,314.9725036621094,55685600.0,0.0169027004262214,93.22000122070312,93.33999633789062,92.87999725341795,92.93000030517578,92.93000030517578,0.0,1.7050000429153442,1.7070000171661377,1.6720000505447388,1.6790000200271606,1.6790000200271606,0.0,18.600000381469727,18.63999938964844,17.290000915527344,17.329999923706055,17.329999923706055,0.0,0.016902700426221433,0.00588105937849465,0.01704635933351417,316.2100006103516,315.01099853515626,321.3255993652343,294.0511504364013,317.0701272714959,317.2449205101733,-0.1747932386774096,-1.2611497092389465,57.30172738888096,70.0855110915596,57.38456145050316,4.015510330782802,-0.8082235468450771,6.719401632137694,304.13950961846956,325.88248745184296,6.902291645206418,0.2695345505208443,0.015186823140436682,-0.005045837150822455,-0.0017331438779703441,-0.031109531766803044,-0.016502319502897708,0.43388373911755823,-0.900968867902419,1.0,6.123233995736766e-17
2021-04-02,323.07000732421875,324.7099914550781,322.8099975585937,324.57000732421875,314.9725036621094,55685600.0,0.0,93.22000122070312,93.33999633789062,92.87999725341795,92.93000030517578,92.93000030517578,0.0,1.7050000429153442,1.7070000171661377,1.6720000505447388,1.6790000200271606,1.6790000200271606,0.0,18.600000381469727,18.63999938964844,17.290000915527344,17.329999923706055,17.329999923706055,0.0,0.0,0.00588105937849465,0.0,317.35299987792973,315.8054992675781,321.30859924316405,294.47290046691893,318.2239549719148,317.78751953343595,0.4364354384788385,-0.9216326796953895,57.30172738888096,89.40762875865067,71.13647055273637,3.650122035222394,-0.8082235468450771,6.375158222448175,304.56583806203247,327.04516047312376,7.1180908702431545,0.266183503269322,0.016902700426221433,0.015186823140436682,0.014888912538518843,0.003519207123802038,0.014948140868073443,-0.433883739117558,-0.9009688679024191,1.0,6.123233995736766e-17
2021-04-05,327.1300048828125,331.8399963378906,326.8800048828125,331.04998779296875,321.2608947753906,42172500.0,0.0197682042780019,93.01000213623048,93.11000061035156,92.54000091552734,92.5999984741211,92.5999984741211,0.0,1.743000030517578,1.7450000047683716,1.7039999961853027,1.7200000286102295,1.7200000286102295,0.0,18.15999984741211,18.39999961853028,17.350000381469727,17.90999984741211,17.90999984741211,0.0,0.01976820427800199,0.01516214159827662,0.019964889125773322,318.5970001220703,317.3609985351563,321.3673992919922,294.91395042419435,320.19719079053846,318.7699245896976,1.4272662008408474,-0.4518529035881422,62.544449506514695,98.38414389779811,85.95909458266945,3.9044609438965416,-3.2311212129155,6.439074707535583,306.77444991508685,327.9475471552257,6.6716128755163915,0.2454094849398112,0.0,0.016902700426221433,-0.00028475959580186,0.018579175762008873,-0.028722677454217388,0.0,1.0,1.0,6.123233995736766e-17
2021-04-06,330.7300109863281,332.8299865722656,330.0199890136719,330.82000732421875,321.03765869140625,33537200.0,-0.0006951162874902,92.56999969482422,92.79000091552734,92.2699966430664,92.33999633789062,92.33999633789062,0.0,1.6950000524520874,1.6950000524520874,1.652999997138977,1.656000018119812,1.656000018119812,0.0,18.06999969482422,18.299999237060547,17.3700008392334,18.1200008392334,18.1200008392334,0.0,-0.0006951162874902208,0.008496348880506979,-0.0006948747501324126,319.9570007324219,318.31349945068365,321.4119995117187,295.3300504302979,321.8314702572585,319.6625233107732,2.1689469464852777,0.07230706642654183,62.25230085737222,96.01992823219081,94.60390029621318,4.287247352367777,-7.900870543666938,6.179854911182595,306.4893789137887,330.1376199875786,7.429229710521193,0.2111325600209115,0.01976820427800199,0.0,-0.005045837150822455,-0.004372276306245744,0.0386834633594464,0.7818314824680298,0.6234898018587336,1.0,6.123233995736766e-17
2021-04-07,330.3299865722656,332.4800109863281,329.3699951171875,331.6199951171875,321.81396484375,32046400.0,0.0024151966061326,92.31999969482422,92.5,92.13999938964844,92.45999908447266,92.45999908447266,0.0,1.659999966621399,1.6699999570846558,1.6349999904632568,1.652999997138977,1.652999997138977,0.0,17.989999771118164,18.170000076293945,16.8700008392334,17.15999984741211,17.15999984741211,0.0,0.0024151966061326494,0.009414876019620015,0.0024181155429181533,321.9320007324219,319.35049896240236,321.6557995605469,295.735700378418,323.3373971587861,320.5482619631002,2.789135195685901,0.6156726922784137,62.90145682290678,94.70391575821711,96.36932929606866,6.332766957135068,-4.7562609687662345,5.960580693893883,306.66486430679873,332.036133618006,7.944646835887438,0.2100089821304414,-0.0006951162874902208,0.01976820427800199,0.015186823140436682,-0.017008911200243428,-0.0028589070847743394,0.9749279121818236,-0.22252093395631434,1.0,6.123233995736766e-17
2021-04-08,334.5599975585937,335.2699890136719,333.739990234375,335.0799865722656,325.17169189453125,29940800.0,0.0103796959392039,92.41999816894533,92.4800033569336,92.0,92.05999755859376,92.05999755859376,0.0,1.6619999408721924,1.6619999408721924,1.628000020980835,1.631999969482422,1.631999969482422,0.0,16.920000076293945,17.360000610351562,16.549999237060547,16.950000762939453,16.950000762939453,0.0,0.010379695939203978,0.0045731671163971605,0.010433751849182604,324.3070007324219,320.20249786376957,321.9309991455078,296.1501502990723,325.14394937624445,321.62468600822353,3.5192633680209156,1.1963908274269142,65.65269144753623,95.55378899835733,95.42587766292175,7.628561662654739,-0.6815014924948404,5.795538779793204,305.725098750165,334.67989697737414,9.04265220302185,0.1990883824543187,0.0024151966061326494,-0.0006951162874902208,0.016902700426221433,-0.0017331438779703441,0.02277037527176336,0.43388373911755823,-0.900968867902419,1.0,6.123233995736766e-17
2021-04-09,333.67999267578125,337.32000732421875,332.9200134277344,337.1099853515625,327.1416320800781,36664900.0,0.0060398771626413,92.06999969482422,92.41000366210938,92.02999877929688,92.16000366210938,92.16000366210938,0.0,1.6690000295639038,1.687000036239624,1.6369999647140503,1.6660000085830688,1.6660000085830688,0.0,17.049999237060547,17.34000015258789,16.200000762939453,16.690000534057617,16.690000534057617,0.0,0.006039877162641315,0.013186268260199857,0.006058153998798277,326.4179992675781,321.2849975585938,322.3819989013672,296.5747502136231,326.9848779878318,322.77174521884126,4.213132768990533,1.799739215739638,67.1900723417239,97.9535089333929,96.07040456332244,6.680375111253956,-0.701710738560235,5.695857002414002,305.1571379849643,337.4128571322232,10.039597053197706,0.19519449183665352,0.010379695939203978,0.0024151966061326494,0.0,0.014888912538518843,-0.008145462508372944,-0.433883739117558,-0.9009688679024191,1.0,6.123233995736766e-17
2021-04-12,336.0400085449219,337.1000061035156,334.7300109863281,336.6700134277344,326.7147216796875,25833000.0,-0.0013058233925506,92.18000030517578,92.33000183105467,92.01000213623048,92.13999938964844,92.13999938964844,0.0,1.6749999523162842,1.684999942779541,1.6640000343322754,1.6749999523162842,1.6749999523162842,0.0,17.43000030517578,17.90999984741211,16.809999465942383,16.90999984741211,16.90999984741211,0.0,-0.0013058233925506632,0.007052717107851992,-0.0013049711761727867,328.49400024414064,322.1769989013672,322.6669989013672,296.9661502075196,328.47489882473985,323.80124656764815,4.673652257091703,2.374521824010051,66.49537746847591,98.81502452800952,97.44077415325324,6.571494895688541,-2.1717141849163846,5.459008242615457,304.70358682853987,339.65041097419453,10.847088483915465,0.19391210973023368,0.006039877162641315,0.010379695939203978,0.01976820427800199,-0.00028475959580186,0.01062619235220657,0.0,1.0,1.0,6.123233995736766e-17
2021-04-13,338.239990234375,341.0799865722656,338.0199890136719,340.6000061035156,330.5285339355469,30374000.0,0.0116056118647567,92.08000183105467,92.33000183105467,91.79000091552734,91.8499984741211,91.8499984741211,0.0,1.6799999475479126,1.6959999799728394,1.621999979019165,1.6230000257492063,1.6230000257492063,0.0,16.989999771118164,17.860000610351562,16.43000030517578,16.649999618530273,16.649999618530273,0.0,0.011605611864756766,0.009046823696019507,0.011673218262868712,331.12200012207035,323.1779998779297,322.9253991699219,297.38610031127934,330.3402999445515,325.0455991258606,5.294700818690899,2.9585576229462207,69.52624158729277,98.56729224748192,98.44527523629478,8.360905499785526,-1.4246983340776231,5.384077164180871,303.89022189967847,342.465777856181,11.936318676108277,0.1962471054749584,-0.0013058233925506632,0.006039877162641315,-0.0006951162874902208,-0.005045837150822455,0.00547399247332257,0.7818314824680298,0.6234898018587336,1.0,6.123233995736766e-17
2021-04-14,340.8500061035156,340.9800109863281,335.6700134277344,336.510009765625,326.5594177246094,42564300.0,-0.0120810752227444,91.83000183105467,91.83000183105467,91.56999969482422,91.69000244140624,91.69000244140624,0.0,1.63100004196167,1.649999976158142,1.628999948501587,1.6380000114440918,1.6380000114440918,0.0,16.709999084472656,17.690000534057617,15.380000114440918,16.989999771118164,16.989999771118164,0.0,-0.012081075222744486,0.015578692866389774,-0.012008392024972614,332.86000061035156,323.9085006713868,323.1279992675781,297.76870040893556,331.2894860708705,325.8948147288061,5.394671342064385,3.4457803667698537,63.12614046798896,93.95138078512328,97.1112325202049,5.446057912728889,-14.54944512563615,5.378785763781791,303.73804879622423,344.0789525465493,12.454413412030805,0.20341786863786845,0.011605611864756766,-0.0013058233925506632,0.0024151966061326494,0.015186823140436682,0.004109200000075453,0.9749279121818236,-0.22252093395631434,1.0,6.123233995736766e-17
2021-04-15,339.4700012207031,342.010009765625,336.2200012207031,341.6099853515625,331.5086669921875,36342800.0,0.0150420380549251,91.62999725341795,91.75,91.48999786376952,91.66999816894533,91.66999816894533,0.0,1.6109999418258667,1.618000030517578,1.5290000438690186,1.5299999713897705,1.5299999713897705,0.0,16.780000686645508,16.920000076293945,15.9399995803833,16.56999969482422,16.56999969482422,0.0,0.015042038054925183,0.017056024167383076,0.015155738891450055,334.5639984130859,325.3869995117188,323.35539916992184,298.1658503723145,332.877255190977,327.05890144160287,5.8183537493741255,3.920295043290708,67.18280754844224,94.23766993741239,95.58544765667253,5.2500162192504165,-1.312846728049033,5.408158819577512,304.5554134734148,346.2185855500228,12.804190744906368,0.1653388027243078,-0.012081075222744486,0.011605611864756766,0.010379695939203978,0.016902700426221433,-0.031109531766803044,0.43388373911755823,-0.900968867902419,1.0,6.123233995736766e-17
2021-04-16,342.1499938964844,342.2300109863281,340.0799865722656,342.010009765625,331.89678955078125,40860100.0,0.0011700916808803,91.66000366210938,91.80999755859376,91.48999786376952,91.55999755859376,91.55999755859376,0.0,1.5640000104904177,1.5980000495910645,1.5640000104904177,1.5729999542236328,1.5729999542236328,0.0,16.649999618530273,16.8799991607666,16.049999237060547,16.25,16.25,0.0,0.0011700916808803565,0.006283865124700187,0.0011707765052275665,336.30799865722656,326.83049926757815,323.56839965820313,298.55605041503907,334.28229435630743,328.166390947086,6.11590340922146,4.359416716476859,67.48496828939433,94.47361944922571,94.22089005725378,5.373263717489805,-0.7168497986376976,5.175434933469297,305.5754162054505,348.0855823297058,13.006792884850066,0.16575034567513508,0.015042038054925183,-0.012081075222744486,0.006039877162641315,0.0,0.003519207123802038,-0.433883739117558,-0.9009688679024191,1.0,6.123233995736766e-17
2021-04-19,340.3900146484375,341.5799865722656,336.8999938964844,338.8800048828125,328.8592834472656,34533100.0,-0.0091940963531637,91.54000091552734,91.75,91.02999877929688,91.06999969482422,91.06999969482422,0.0,1.587000012397766,1.6150000095367432,1.5800000429153442,1.60099995136261,1.60099995136261,0.0,17.040000915527344,18.61000061035156,16.780000686645508,17.290000915527344,17.290000915527344,0.0,-0.009194096353163714,0.013748912936282377,-0.00915195988375439,337.09100036621095,327.84400024414066,323.67440002441407,298.95775039672856,334.9896344373082,328.959991979362,6.029642457946238,4.693461864770734,62.62609943949169,95.09683292549107,94.60270743737638,2.365206880702399,-12.67980469683998,5.170762143160106,306.30813936619023,349.3798611220911,13.13787097638693,0.16370580303120535,0.0011700916808803565,0.015042038054925183,-0.0013058233925506632,0.01976820427800199,0.018579175762008873,0.0,1.0,1.0,6.123233995736766e-17
2021-04-20,338.20001220703125,339.5199890136719,334.3800048828125,336.4100036621094,326.46240234375,38081800.0,-0.0073151609167966,91.0500030517578,91.27999877929688,90.86000061035156,91.23999786376952,91.23999786376952,0.0,1.593999981880188,1.6119999885559082,1.5570000410079956,1.562000036239624,1.562000036239624,0.0,17.360000610351562,19.700000762939453,17.239999771118164,18.68000030517578,18.68000030517578,0.0,-0.0073151609167966475,0.015198060157706032,-0.007288470249008472,337.65000000000003,328.803500366211,323.7323999023438,299.33795043945315,335.2081527795853,329.5118446966025,5.696308082982796,4.894031108413147,59.015094584248665,85.54474149834098,91.70506462435259,1.6897395000696473,-29.96912100949932,5.1685637137100535,307.55255639978327,350.0544443326387,12.926227331983437,0.16580341270700613,-0.009194096353163714,0.0011700916808803565,0.011605611864756766,-0.0006951162874902208,-0.004372276306245744,0.7818314824680298,0.6234898018587336,1.0,6.123233995736766e-17
2021-04-21,335.0899963378906,339.4800109863281,333.9700012207031,339.2900085449219,329.2572326660156,36598100.0,0.0085245190091958,91.20999908447266,91.43000030517578,91.08999633789062,91.16000366210938,91.16000366210938,0.0,1.5679999589920044,1.5839999914169312,1.5540000200271606,1.5640000104904177,1.5640000104904177,0.0,18.479999542236328,19.290000915527344,16.90999984741211,17.5,17.5,0.0,0.00852451900919584,0.016443372902332002,0.008560956184237023,338.41700134277346,330.1745010375977,323.8632000732422,299.72990051269534,335.83613058963704,330.2361531298114,5.599977459825652,5.035220378695648,61.78216095195792,80.73734675463771,87.12630705948992,2.3128923287704515,-15.1390340297475,5.1929527174182635,310.0133458942098,350.33565618098555,12.212424084858133,0.148983414260259,-0.0073151609167966475,-0.009194096353163714,-0.012081075222744486,0.0024151966061326494,-0.017008911200243428,0.9749279121818236,-0.22252093395631434,1.0,6.123233995736766e-17
2021-04-22,338.8900146484375,339.8999938964844,334.010009765625,335.20001220703125,325.2882080078125,45936100.0,-0.012127724246527,91.11000061035156,91.41999816894533,91.0,91.33000183105467,91.33000183105467,0.0,1.5770000219345093,1.587000012397766,1.5429999828338623,1.5540000200271606,1.5540000200271606,0.0,17.280000686645508,19.89999961853028,16.989999771118164,18.709999084472656,18.709999084472656,0.0,-0.012127724246527088,0.01738022330628304,-0.012054479794006978,338.42900390625005,331.368002319336,323.87560058593743,300.11030059814453,335.7382662230823,330.60384639479065,5.134419828291641,5.055060268614847,55.999905054755835,69.6979418403214,78.66001003110003,0.03581999509831646,-45.79801943978894,5.2427406755212,313.17376395839705,349.5622406802749,10.981288617846284,0.15873595328003623,0.00852451900919584,-0.0073151609167966475,0.015042038054925183,0.010379695939203978,-0.0017331438779703441,0.43388373911755823,-0.900968867902419,1.0,6.123233995736766e-17
2021-04-23,335.8500061035156,340.7699890136719,335.8500061035156,339.4200134277344,329.3833923339844,36381900.0,0.0125108153123465,91.29000091552734,91.3000030517578,90.80999755859376,90.86000061035156,90.86000061035156,0.0,1.5440000295639038,1.5809999704360962,1.531000018119812,1.5670000314712524,1.5670000314712524,0.0,18.559999465942383,18.780000686645508,16.799999237060547,17.329999923706055,17.329999923706055,0.0,0.012510815312346563,0.014649345900681073,0.01258940295208455,338.6600067138672,332.5390029907226,323.9350006103516,300.5103005981445,336.30468886995186,331.25689580463836,5.047793065313499,5.053606827954578,60.1446272714425,72.40409754467304,74.27979537987738,0.6852446312923101,-21.85065389644445,5.266114684886874,315.5335641923507,349.54444178909455,10.227635642996352,0.1567231390284742,-0.012127724246527088,0.00852451900919584,0.0011700916808803565,0.006039877162641315,0.014888912538518843,-0.433883739117558,-0.9009688679024191,1.0,6.123233995736766e-17
2021-04-26,339.6700134277344,341.9200134277344,338.8999938964844,341.6300048828125,331.52801513671875,30812000.0,0.006489917728579,90.83000183105467,90.98999786376952,90.68000030517578,90.80999755859376,90.80999755859376,0.0,1.5950000286102295,1.5950000286102295,1.555999994277954,1.5700000524520874,1.5700000524520874,0.0,17.940000534057617,18.170000076293945,16.8700008392334,17.639999389648438,17.639999389648438,0.0,0.006489917728579037,0.008891039573301977,0.006511022876829697,339.156005859375,333.8250030517578,324.0386004638673,300.8845506286621,337.12396825654577,332.0252742548735,5.098694001672243,5.062624262698112,62.155160188854936,75.89521836663229,72.66575258387557,1.4732501432423468,-4.6656715638697,5.105679316769955,318.28777929354334,349.36222680997224,9.308603978837073,0.15635486722673622,0.012510815312346563,-0.012127724246527088,-0.009194096353163714,-0.0013058233925506632,-0.00028475959580186,0.0,1.0,1.0,6.123233995736766e-17
2021-04-27,341.92999267578125,342.1499938964844,339.1700134277344,340.1499938964844,330.091796875,33187200.0,-0.0043415281452197,90.87999725341795,91.06999969482422,90.80999755859376,90.91000366210938,90.91000366210938,0.0,1.5809999704360962,1.6269999742507937,1.5700000524520874,1.621999979019165,1.621999979019165,0.0,17.6200008392334,18.15999984741211,16.969999313354492,17.559999465942383,17.559999465942383,0.0,-0.004341528145219713,0.008715177178316802,-0.004332117335925534,339.11100463867183,335.11650238037106,324.13080017089845,301.2653005981445,337.5895106626902,332.62710533943726,4.962405323252938,5.0425804748090775,59.973230342585964,83.71397230342978,77.33776273824503,-0.13212337021934217,-22.34175762939653,4.953843684768529,322.36068619963606,347.87231856110606,7.61276516681749,0.15583872856536216,0.006489917728579037,0.012510815312346563,-0.0073151609167966475,0.011605611864756766,-0.005045837150822455,0.7818314824680298,0.6234898018587336,1.0,6.123233995736766e-17
2021-04-28,339.8099975585937,340.8500061035156,338.3299865722656,339.0,328.975830078125,33615700.0,-0.0033865048676864,90.9000015258789,91.12999725341795,90.5500030517578,90.61000061035156,90.61000061035156,0.0,1.6380000114440918,1.659000039100647,1.6130000352859497,1.6200000047683716,1.6200000047683716,0.0,17.469999313354492,17.84000015258789,16.670000076293945,17.280000686645508,17.280000686645508,0.0,-0.0033865048676864815,0.007415966420515545,-0.0033807771275745635,339.36000366210936,336.11000213623043,324.23220031738276,301.6356506347656,337.8065090222763,333.09917161059,4.7073374116862965,4.975531862184521,58.26178643658175,79.43285538402145,79.68068201802784,0.7399453692653145,-34.69400465466942,4.779999102374348,325.7212517752444,346.49875249721646,6.181756148259645,0.15197208895100117,-0.004341528145219713,0.006489917728579037,0.00852451900919584,-0.012081075222744486,0.015186823140436682,0.9749279121818236,-0.22252093395631434,1.0,6.123233995736766e-17
2021-04-29,342.3699951171875,342.79998779296875,336.8999938964844,340.2200012207031,330.15972900390625,37708900.0,0.0035922813831002,90.5500030517578,90.79000091552734,90.41999816894533,90.61000061035156,90.61000061035156,0.0,1.6649999618530271,1.687999963760376,1.6399999856948853,1.6399999856948853,1.6399999856948853,0.0,16.8799991607666,18.8700008392334,16.770000457763672,17.610000610351562,17.610000610351562,0.0,0.003592281383100266,0.017232800714516196,0.0035987413589020356,339.22100524902345,336.89250183105463,324.3872003173828,302.046700592041,338.17781551434194,333.6266404705984,4.551175043743569,4.890660498496331,59.579603745170516,71.24859076886912,78.13180615210678,-0.40689212565870836,-29.21846540932671,4.8599987305250645,327.8998307383336,345.88517292377566,5.338599727714144,0.14292025247556667,-0.0033865048676864815,-0.004341528145219713,-0.012127724246527088,0.015042038054925183,0.016902700426221433,0.43388373911755823,-0.900968867902419,1.0,6.123233995736766e-17
2021-04-30,337.70001220703125,340.260009765625,337.04998779296875,337.989990234375,327.9956359863281,38263400.0,-0.006576261265769,90.62999725341795,91.31999969482422,90.58999633789062,91.27999877929688,91.27999877929688,0.0,1.6419999599456787,1.652999997138977,1.621999979019165,1.63100004196167,1.63100004196167,0.0,17.670000076293945,19.25,17.639999389648438,18.61000061035156,18.61000061035156,0.0,-0.006576261265769046,0.009505542957127007,-0.0065546849826513265,338.8190032958984,337.56350097656247,324.5266003417969,302.45885055541993,338.1489193174239,333.9498515642115,4.199067753212432,4.752341949439551,56.093311038946965,60.53802952135288,70.40649189141448,-1.1754099051091713,-54.473441371945206,4.742143247820149,330.6889951160763,344.43800683704865,4.0730149086606895,0.14622534813576504,0.003592281383100266,-0.0033865048676864815,0.012510815312346563,0.0011700916808803565,0.0,-0.433883739117558,-0.9009688679024191,1.0,6.123233995736766e-17
2021-05-03,339.2300109863281,340.0,335.7300109863281,336.19000244140625,326.2489013671875,29729700.0,-0.0053397122015644,91.3000030517578,91.38999938964844,90.87000274658205,90.9499969482422,90.9499969482422,0.0,1.6510000228881836,1.6510000228881836,1.5779999494552612,1.6069999933242798,1.6069999933242798,0.0,18.64999961853028,19.1200008392334,17.799999237060547,18.309999465942383,18.309999465942383,0.0,-0.005339712201564491,0.012587297336272429,-0.005325481279310207,338.5500030517578,337.8205017089844,324.8016003417969,302.839200592041,337.84754749034425,334.1157886662259,3.7317588241183444,4.54822532437531,53.378260642049575,47.14990270995123,59.645507666724406,-0.7937920215553806,-74.85838508887437,4.708417945380987,331.62000761786123,344.0209958001076,3.670880872981826,0.1323183529314563,-0.006576261265769046,0.003592281383100266,0.006489917728579037,-0.009194096353163714,0.01976820427800199,0.0,1.0,0.8660254037844387,-0.4999999999999998
2021-05-04,333.5599975585937,333.8900146484375,326.2099914550781,330.1400146484375,320.3778686523437,65147000.0,-0.0181594524846368,91.0,91.4000015258789,90.98999786376952,91.29000091552734,91.29000091552734,0.0,1.6030000448226929,1.6030000448226929,1.5570000410079956,1.5920000076293943,1.5920000076293943,0.0,18.15999984741211,21.850000381469727,18.11000061035156,19.479999542236328,19.479999542236328,0.0,-0.018159452484636896,0.02302441314777348,-0.01799556317351725,337.9230041503907,337.7865020751953,324.9748004150391,303.2058506774902,336.661773206974,333.82128688713044,2.840486319843535,4.206677523468955,45.4205392916718,31.452429276734335,46.38012050267948,-1.8637938662399172,-76.3108857089774,5.084960305448639,331.41916860900545,344.15383554138515,3.7700342832363405,0.14842534919357672,-0.005339712201564491,-0.006576261265769046,-0.004341528145219713,-0.0073151609167966475,-0.0006951162874902208,0.7818314824680298,0.6234898018587336,0.8660254037844387,-0.4999999999999998
2021-05-05,332.25,333.1400146484375,328.2300109863281,329.0299987792969,319.3006591796875,46219300.0,-0.0033679745185811,91.27999877929688,91.44000244140624,91.16999816894533,91.30999755859376,91.30999755859376,0.0,1.6069999933242798,1.6260000467300415,1.5820000171661377,1.5839999914169312,1.5839999914169312,0.0,18.84000015258789,19.57999992370605,17.889999389648438,19.14999961853028,19.14999961853028,0.0,-0.003367974518581148,0.014778039615077126,-0.0033623092543421107,336.8970031738282,337.6570022583008,325.07280029296874,303.55215072631836,335.4876540642544,333.4663766569206,2.0212774073337982,3.7695975002419244,44.12088484798705,21.94298959483477,33.51510719384011,-3.0239646046831874,-83.00176041764391,5.0724634023529775,330.6849666673463,344.62903784925527,4.12965556427052,0.14854361603582256,-0.018159452484636896,-0.005339712201564491,-0.0033865048676864815,0.00852451900919584,0.0024151966061326494,0.9749279121818236,-0.22252093395631434,0.8660254037844387,-0.4999999999999998
2021-05-06,328.760009765625,331.6700134277344,326.45001220703125,331.510009765625,321.707275390625,46814300.0,0.0075088852692555,91.2699966430664,91.37999725341795,90.87999725341795,90.9499969482422,90.9499969482422,0.0,1.5770000219345093,1.590999960899353,1.5570000410079956,1.5609999895095823,1.5609999895095823,0.0,18.40999984741211,20.600000381469727,18.209999084472656,18.38999938964844,18.38999938964844,0.0,0.007508885269255595,0.015877847261363983,0.007537147643604358,336.52800292968755,337.47850341796874,325.44640075683594,303.9040507507324,334.8757087875422,333.3214605908987,1.5542481966434707,3.326527639522234,47.720190330185524,24.21147576467183,25.86896487874698,-1.100836010449539,-68.05292657936319,5.083001817949417,330.06015700730006,344.8968498286374,4.396337150684243,0.14611215266075056,-0.003367974518581148,-0.018159452484636896,0.003592281383100266,-0.012127724246527088,0.010379695939203978,0.43388373911755823,-0.900968867902419,0.8660254037844387,-0.4999999999999998
2021-05-07,334.3699951171875,336.6499938964844,331.69000244140625,334.20001220703125,324.3177490234375,53324500.0,0.0080816926356204,90.87999725341795,90.95999908447266,90.19000244140624,90.2300033569336,90.2300033569336,0.0,1.5700000524520874,1.5839999914169312,1.4709999561309814,1.5770000219345093,1.5770000219345093,0.0,18.450000762939453,18.56999969482422,16.68000030517578,16.690000534057617,16.690000534057617,0.0,0.00808169263562049,0.0148338413359721,0.00811443766586506,336.0060028076172,337.3330047607422,325.84760070800786,304.2461007690429,334.77175546746355,333.38653848839004,1.3852169790735047,2.9382655074324884,51.3785064882519,32.36899727322283,26.174487544243142,-1.5379179229849718,-51.83832118332441,5.087071983157271,329.7714586455748,344.8945508759096,4.483134474511634,0.14750399547659113,0.007508885269255595,-0.003367974518581148,-0.006576261265769046,0.012510815312346563,0.006039877162641315,-0.433883739117558,-0.9009688679024191,0.8660254037844387,-0.4999999999999998
2021-05-10,332.7799987792969,332.9599914550781,325.54998779296875,325.760009765625,316.1272888183594,60700500.0,-0.0255787968800177,90.2300033569336,90.33999633789062,90.04000091552734,90.20999908447266,90.20999908447266,0.0,1.5770000219345093,1.6069999933242798,1.559999942779541,1.6019999980926514,1.6019999980926514,0.0,17.34000015258789,19.75,17.06999969482422,19.65999984741211,19.65999984741211,0.0,-0.025578796880017775,0.022266974245119118,-0.025254430970061525,334.4190032958985,336.78750457763675,325.89100097656245,304.528000793457,333.38533305179607,332.8216104348519,0.563722616944176,2.463356929334826,41.55356252367643,27.10875697312587,27.89641000367351,-4.645375081334351,-98.78248131793478,5.341568585364787,327.6208154548566,345.9541937004169,5.4436040519235105,0.17246084885669627,0.00808169263562049,0.007508885269255595,-0.005339712201564491,0.006489917728579037,-0.0013058233925506632,0.0,1.0,0.8660254037844387,-0.4999999999999998
2021-05-11,319.70001220703125,326.1300048828125,319.0199890136719,325.3099975585937,315.69061279296875,71963600.0,-0.0013822846545091,90.23999786376952,90.36000061035156,89.9800033569336,90.13999938964844,90.13999938964844,0.0,1.6039999723434448,1.63100004196167,1.6019999980926514,1.6239999532699585,1.6239999532699585,0.0,21.170000076293945,23.729999542236328,20.709999084472656,21.84000015258789,21.84000015258789,0.0,-0.0013822846545091586,0.022239648413076452,-0.0013813297391150892,332.93500366210935,336.0230041503907,326.0292010498047,304.80265075683593,332.14297374514956,332.2651946662402,-0.12222092109061578,1.9462413592497378,41.102246686567426,25.276677926841277,28.251477391063325,-4.36278012764182,-73.54916371821699,5.4678862484916335,325.7156977850041,346.3303105157773,6.13488138495032,0.1652341838746712,-0.025578796880017775,0.00808169263562049,-0.018159452484636896,-0.004341528145219713,0.011605611864756766,0.7818314824680298,0.6234898018587336,0.8660254037844387,-0.4999999999999998
2021-05-12,320.2300109863281,322.6199951171875,316.0,316.8900146484375,307.5196533203125,91164900.0,-0.0262236621004705,90.19000244140624,90.8000030517578,90.16000366210938,90.70999908447266,90.70999908447266,0.0,1.6169999837875366,1.6950000524520874,1.6169999837875366,1.6950000524520874,1.6950000524520874,0.0,22.420000076293945,28.3799991607666,21.65999984741211,27.59000015258789,27.59000015258789,0.0,-0.026223662100470568,0.02067262558183572,-0.025882807855344137,330.7240051269531,335.04200439453126,326.1838012695313,305.03185089111327,329.79636465334767,331.12629244269925,-1.3299277893515864,1.2910075295294732,33.72219024400026,10.329768885744327,20.905067928570492,-6.522119572732301,-96.67904830661526,5.74232277064178,321.65521134423176,348.42879744483076,7.99111327816424,0.183011422139975,-0.0013822846545091586,-0.025578796880017775,-0.003367974518581148,-0.0033865048676864815,-0.012081075222744486,0.9749279121818236,-0.22252093395631434,0.8660254037844387,-0.4999999999999998
2021-05-13,319.9200134277344,322.3999938964844,316.8999938964844,319.3399963378906,309.8971252441406,69877800.0,0.0077013899112946,90.75,90.91000366210938,90.58999633789062,90.75,90.75,0.0,1.690000057220459,1.7000000476837158,1.656999945640564,1.6679999828338623,1.6679999828338623,0.0,26.030000686645508,28.93000030517578,22.229999542236328,23.1299991607666,23.1299991607666,0.0,0.007701389911294672,0.017191797227910456,0.007731121891425108,328.6360046386719,333.92850494384766,326.4886010742187,305.25535079956046,328.1876926048158,330.2532334719727,-2.0655408671568694,0.6196978501922046,37.25260811397175,14.078155518107778,16.561534110231126,-6.1372067508951345,-87.53732142084442,5.725726804742145,319.2040416156577,348.65296827203764,8.818931663630215,0.17509503470896773,-0.026223662100470568,-0.0013822846545091586,0.007508885269255595,0.003592281383100266,0.015042038054925183,0.43388373911755823,-0.900968867902419,0.8660254037844387,-0.4999999999999998
2021-05-14,322.6000061035156,327.3299865722656,322.0799865722656,326.3900146484375,316.73876953125,44370000.0,0.0218369749125885,90.76000213623048,90.8000030517578,90.27999877929688,90.31999969482422,90.31999969482422,0.0,1.6390000581741333,1.6510000228881836,1.625,1.6349999904632568,1.6349999904632568,0.0,21.770000457763672,22.100000381469727,18.65999984741211,18.809999465942383,18.809999465942383,0.0,0.021836974912588514,0.016274023250685818,0.022077146671559023,327.4760070800782,333.1475051879883,326.84280151367193,305.52995086669915,327.91112676537296,329.9670691146738,-2.0559423493008353,0.08456981029359656,46.1428472718712,18.18411976864325,14.19734805749845,-3.432047078640891,-61.231270966610566,5.887459906858778,318.57163796766196,347.7233724083147,8.750398543192748,0.19628883805667235,0.007701389911294672,-0.026223662100470568,0.00808169263562049,-0.006576261265769046,0.0011700916808803565,-0.433883739117558,-0.9009688679024191,0.8660254037844387,-0.4999999999999998
2021-05-17,324.6300048828125,326.3699951171875,321.45001220703125,324.4100036621094,314.8172912597656,39395000.0,-0.0060849204671916,90.3000030517578,90.43000030517578,90.1500015258789,90.22000122070312,90.22000122070312,0.0,1.6349999904632568,1.6469999551773071,1.628000020980835,1.6399999856948853,1.6399999856948853,0.0,19.88999938964844,21.57999992370605,19.670000076293945,19.71999931335449,19.71999931335449,0.0,-0.006084920467191631,0.015155662865890367,-0.006066444831897333,326.2980072021485,332.42400512695315,327.332201538086,305.80045089721676,327.37249244179395,329.555434636706,-2.182942194912073,-0.36893259074753737,44.24674762708337,27.53734419516683,19.93320649397262,-3.503970580252452,-68.61937502704451,5.819784373612169,317.61164269968896,347.23636755421734,8.911728514676508,0.19515532400991056,0.021836974912588514,0.007701389911294672,-0.025578796880017775,-0.005339712201564491,-0.009194096353163714,0.0,1.0,0.8660254037844387,-0.4999999999999998
2021-05-18,325.3900146484375,326.6499938964844,321.94000244140625,322.2200012207031,312.6919860839844,36528500.0,-0.0067738067915465,90.18000030517578,90.1999969482422,89.69000244140625,89.75,89.75,0.0,1.6390000581741333,1.656999945640564,1.628000020980835,1.6419999599456787,1.6419999599456787,0.0,18.88999938964844,21.450000762939453,18.809999465942383,21.34000015258789,21.34000015258789,0.0,-0.0067738067915465204,0.014474910854799773,-0.0067509162767923625,325.50600585937497,331.7145050048828,327.54120178222655,306.08560089111324,326.579801484703,329.0120691984836,-2.4322677137805613,-0.7815996153541422,42.18209680319711,31.119441452151527,25.61363513865387,-2.398986210795535,-76.79102964989035,5.740513450859737,316.3567050929155,347.07230491685016,9.25964929495095,0.1949758406793651,-0.006084920467191631,0.021836974912588514,-0.0013822846545091586,-0.018159452484636896,-0.0073151609167966475,0.7818314824680298,0.6234898018587336,0.8660254037844387,-0.4999999999999998
2021-05-19,316.6600036621094,322.8999938964844,316.29998779296875,322.5899963378906,313.05096435546875,66319100.0,0.0011473666962246,89.77999877929688,90.29000091552734,89.69000244140625,90.19000244140624,90.19000244140624,0.0,1.656000018119812,1.6920000314712524,1.6200000047683716,1.6829999685287476,1.6829999685287476,0.0,22.459999084472656,25.959999084472656,21.8799991607666,22.18000030517578,22.18000030517578,0.0,0.001147366696224649,0.02084256308718461,0.0011480251732065572,324.86200561523435,330.87950439453124,327.7754016113281,306.3392509460449,325.9659853082704,328.53636009769895,-2.57037478942857,-1.139354650169028,42.66883130576329,27.251208450850402,28.63599803272292,-1.9572690834570388,-72.83596997051393,5.801905783192301,315.4401938680028,346.3188149210597,9.332285814910474,0.19134125834253773,-0.0067738067915465204,-0.006084920467191631,-0.026223662100470568,-0.003367974518581148,0.00852451900919584,0.9749279121818236,-0.22252093395631434,0.8660254037844387,-0.4999999999999998
2021-05-20,324.1199951171875,329.7099914550781,323.8900146484375,328.8299865722656,319.1065673828125,46466100.0,0.0191591113252715,90.20999908447266,90.2300033569336,89.76000213623047,89.80999755859375,89.80999755859375,0.0,1.6640000343322754,1.6660000085830688,1.6269999742507937,1.633999943733215,1.633999943733215,0.0,22.32999992370605,23.5,20.190000534057617,20.670000076293945,20.670000076293945,0.0,0.01915911132527157,0.017956241189428557,0.019343824861908443,324.59400329589846,330.561003112793,327.991201171875,306.6210008239746,326.40660088734654,328.5581102069261,-2.1515093195795316,-1.3417855840511288,50.27213305344469,34.61042592134527,30.993691941449065,-0.8084290411786149,-46.5417226155599,5.896055021334815,315.23456675351844,345.88743947206757,9.272985146432973,0.20242170355783543,0.001147366696224649,-0.0067738067915465204,0.007701389911294672,0.007508885269255595,-0.012127724246527088,0.43388373911755823,-0.900968867902419,0.8660254037844387,-0.4999999999999998
2021-05-21,330.42999267578125,330.8599853515625,326.6400146484375,327.010009765625,317.3404541015625,50330400.0,-0.0055499287604622,89.77999877929688,90.1500015258789,89.6500015258789,90.0199966430664,90.0199966430664,0.0,1.621999979019165,1.6390000581741333,1.6130000352859497,1.631999969482422,1.631999969482422,0.0,20.420000076293945,20.88999938964844,19.530000686645508,20.14999961853028,20.14999961853028,0.0,-0.00554992876046226,0.012771149098640225,-0.005534556357567277,323.8750030517578,329.9405029296875,328.2222015380859,306.89525085449225,326.49943302246635,328.44343610016307,-1.9440030776967205,-1.4622290827802473,48.26173973783753,44.64652058244988,35.50271831821519,-2.151406995446836,-46.68274566657652,5.776334712891257,315.1279874181526,344.7530184412224,8.978900971543682,0.19654822469784927,0.01915911132527157,0.001147366696224649,0.021836974912588514,0.00808169263562049,0.012510815312346563,-0.433883739117558,-0.9009688679024191,0.8660254037844387,-0.4999999999999998
2021-05-24,329.3699951171875,333.6700134277344,326.8999938964844,332.510009765625,322.677734375,32475800.0,0.0166789135020008,90.02999877929688,90.0999984741211,89.76000213623047,89.83000183105469,89.83000183105469,0.0,1.6109999418258667,1.621999979019165,1.5980000495910645,1.6080000400543213,1.6080000400543213,0.0,20.5,20.51000022888184,18.3799991607666,18.39999961853028,18.39999961853028,0.0,0.01667891350200081,0.020554451321047853,0.01681878312220908,324.55000305175787,329.48450317382816,328.4958020019531,307.1812008666992,327.42413713679844,328.7446637790862,-1.3205266422877457,-1.433888594681747,54.219897505725896,62.24239216339784,47.16644622239766,2.0720775410267307,-20.04835522767007,5.847312199916882,315.65851986342096,343.31048648423535,8.392493836417513,0.20541836910248848,-0.00554992876046226,0.01915911132527157,-0.006084920467191631,-0.025578796880017775,0.006489917728579037,0.0,1.0,0.8660254037844387,-0.4999999999999998
2021-05-25,334.07000732421875,334.8099975585937,331.760009765625,332.9700012207031,323.1241149902344,31280300.0,0.0013824075814,89.8499984741211,89.87000274658203,89.54000091552734,89.63999938964844,89.63999938964844,0.0,1.590999960899353,1.600000023841858,1.562000036239624,1.5640000104904177,1.5640000104904177,0.0,18.350000381469727,19.290000915527344,16.8700008392334,18.84000015258789,18.84000015258789,0.0,0.0013824075814000795,0.009129786350465893,0.0013833635472213501,325.3160034179688,329.1255035400391,328.74360229492186,307.45620086669925,328.2773469958607,329.0576517377245,-0.7803047418638016,-1.303171824118158,54.68986443375428,71.81603535409513,59.56831603331428,2.354678220650055,-17.820793043467976,5.647503313706297,316.11685857308805,342.1341485069902,7.904975352582196,0.2053186528966794,0.01667891350200081,-0.00554992876046226,-0.0067738067915465204,-0.0013822846545091586,-0.004341528145219713,0.7818314824680298,0.6234898018587336,0.8660254037844387,-0.4999999999999998
2021-05-26,333.6600036621094,334.6099853515625,332.95001220703125,334.1300048828125,324.249755859375,25444900.0,0.0034775639062169,89.69000244140625,90.11000061035156,89.58999633789062,90.04000091552734,90.04000091552734,0.0,1.559999942779541,1.5829999446868896,1.5520000457763672,1.5740000009536743,1.5740000009536743,0.0,18.3700008392334,18.920000076293945,17.350000381469727,17.360000610351562,17.360000610351562,0.0,0.0034775639062169963,0.004975043835977028,0.003483617646967252,327.0400024414063,328.8820037841797,328.98820251464844,307.7463508605957,329.1777559015456,329.43338160032357,-0.25562569877797614,-1.0936625990501216,55.91882508414701,83.30917049799086,72.45586600516127,5.440370298035835,-12.20334023488936,5.362679730193793,316.4836038947048,341.2804036736546,7.539725340284059,0.20573531502868964,0.0013824075814000795,0.01667891350200081,0.001147366696224649,-0.026223662100470568,-0.0033865048676864815,0.9749279121818236,-0.22252093395631434,0.8660254037844387,-0.4999999999999998
2021-05-27,333.6700134277344,334.5400085449219,332.6700134277344,332.8800048828125,323.0367126464844,27931700.0,-0.003748092048886,90.08000183105467,90.18000030517578,89.88999938964844,89.97000122070312,89.97000122070312,0.0,1.6109999418258667,1.625,1.6050000190734863,1.6100000143051147,1.6100000143051147,0.0,18.030000686645508,18.170000076293945,16.520000457763672,16.739999771118164,16.739999771118164,0.0,-0.003748092048886028,0.005604324757796973,-0.0037410767193197803,328.3940032958984,328.51500396728517,329.4050024414063,308.0111009216309,329.7473326678944,329.6886870286561,0.05864563923830701,-0.8632009513924359,54.21244053169785,86.57180153120719,80.5656691277644,4.239997714096333,-10.260462128021064,5.113202257836201,317.1371716999343,339.89283623463604,6.9268265558329984,0.20534259274621058,0.0034775639062169963,0.0013824075814000795,0.01915911132527157,0.007701389911294672,0.003592281383100266,0.43388373911755823,-0.900968867902419,0.8660254037844387,-0.4999999999999998
2021-05-28,334.1199951171875,335.57000732421875,333.6000061035156,333.92999267578125,324.05572509765625,29927400.0,0.0031495138378065,90.02999877929688,90.44000244140624,89.9800033569336,90.02999877929688,90.02999877929688,0.0,1.6100000143051147,1.618000030517578,1.5789999961853027,1.5809999704360962,1.5809999704360962,0.0,16.799999237060547,16.860000610351562,15.899999618530272,16.760000228881836,16.760000228881836,0.0,0.003149513837806513,0.005896088978488633,0.003154478767517066,329.14800109863285,328.3120040893555,329.82080200195315,308.2714009094238,330.3908188229539,330.002857817332,0.3879610056218894,-0.6129685599895709,55.442424208572724,89.71865072888508,86.5332075860277,2.310112959633658,-8.380245450434298,4.940116556662633,317.515960684608,339.10804749410306,6.576697330755664,0.20479786335515054,-0.003748092048886028,0.0034775639062169963,-0.00554992876046226,0.021836974912588514,-0.006576261265769046,-0.433883739117558,-0.9009688679024191,0.8660254037844387,-0.4999999999999998
2021-05-31,334.1199951171875,335.57000732421875,333.6000061035156,333.92999267578125,324.05572509765625,29927400.0,0.0,90.02999877929688,90.44000244140624,89.9800033569336,90.02999877929688,90.02999877929688,0.0,1.6100000143051147,1.618000030517578,1.5789999961853027,1.5809999704360962,1.5809999704360962,0.0,16.799999237060547,16.860000610351562,15.899999618530272,16.760000228881836,16.760000228881836,0.0,0.0,0.005896088978488633,0.0,330.1000000000001,328.1990036010742,330.1272021484375,308.5229008483887,330.9353071080043,330.2937566957357,0.6415504122686002,-0.3620647655379367,55.44242420857272,90.99301565703678,89.09448930570967,2.934554701213055,-8.380245450434298,4.727965461236955,317.7071252061901,338.6908819959583,6.3936077073756055,0.20403596930357545,0.003149513837806513,-0.003748092048886028,0.01667891350200081,-0.006084920467191631,-0.005339712201564491,0.0,1.0,0.8660254037844387,-0.4999999999999998
2021-06-01,335.29998779296875,335.7900085449219,331.42999267578125,332.82000732421875,322.9786071777344,31145400.0,-0.0033294026643517,89.80999755859375,89.94000244140625,89.66000366210938,89.83000183105469,89.83000183105469,0.0,1.625,1.6390000581741333,1.6080000400543213,1.6150000095367432,1.6150000095367432,0.0,17.239999771118164,18.530000686645508,15.68000030517578,17.899999618530273,17.899999618530273,0.0,-0.0033294026643517945,0.013003328445787837,-0.0033238663492128895,331.16000061035163,328.33300323486327,330.4392022705078,308.7577009582519,331.2252609874219,330.4808863719196,0.744374615502295,-0.14077688932989038,53.67466322399821,89.33364505732735,90.01510381441639,3.2896797415922046,-15.238573927149346,4.701683347515789,317.6696896717689,338.99631679795766,6.495425959641777,0.19336697264717376,0.0,0.003149513837806513,0.0013824075814000795,-0.0067738067915465204,-0.018159452484636896,0.7818314824680298,0.6234898018587336,0.49999999999999994,-0.8660254037844387
2021-06-02,333.25,334.3399963378906,331.70001220703125,333.4700012207031,323.6092529296875,22047900.0,0.0019506891200385,89.91999816894531,90.25,89.86000061035156,89.9000015258789,89.9000015258789,0.0,1.6050000190734863,1.6059999465942385,1.5880000591278076,1.590999960899353,1.590999960899353,0.0,17.860000610351562,18.309999465942383,16.739999771118164,17.479999542236328,17.479999542236328,0.0,0.0019506891200385189,0.007921932875797075,0.0019525929517867358,332.2480010986328,328.55500335693364,330.87120239257814,308.96525100708004,331.5706056386959,330.7023022866443,0.8683033520516119,0.0610391589464101,54.587789190266754,88.15920514676324,89.49528862037579,3.372703743552063,-11.903565182126641,4.554419117754616,317.64849172279384,339.46151499107344,6.639078098160175,0.19291193576260093,-0.0033294026643517945,0.0,0.0034775639062169963,0.001147366696224649,-0.003367974518581148,0.9749279121818236,-0.22252093395631434,0.49999999999999994,-0.8660254037844387
2021-06-03,330.54998779296875,331.8599853515625,328.2799987792969,330.0,320.24188232421875,37057800.0,-0.0104601859795651,89.93000030517578,90.5500030517578,89.88999938964844,90.5,90.5,0.0,1.60099995136261,1.6299999952316284,1.5959999561309814,1.625,1.625,0.0,17.729999542236328,19.270000457763672,17.450000762939453,18.040000915527344,18.040000915527344,0.0,-0.010460185979565176,0.01083039390250365,-0.010405668487484143,332.36500244140626,328.4795028686524,331.2446026611329,309.1600010681152,331.32897400197345,330.650279895041,0.6786941069324257,0.18457014854361325,49.03141406458742,81.05010211660343,86.180984106898,0.3558110499381862,-29.707554540913705,4.5998179265868755,317.638412157647,339.3205935796578,6.600771504053554,0.1949966843895408,0.0019506891200385189,-0.0033294026643517945,-0.003748092048886028,0.01915911132527157,0.007508885269255595,0.43388373911755823,-0.900968867902419,0.49999999999999994,-0.8660254037844387
2021-06-04,331.8500061035156,336.0599975585937,331.7799987792969,335.6000061035156,325.6763916015625,38736500.0,0.0168276320289807,90.47000122070312,90.62999725341795,90.02999877929688,90.13999938964844,90.13999938964844,0.0,1.6269999742507937,1.6349999904632568,1.5570000410079956,1.559999942779541,1.559999942779541,0.0,18.09000015258789,18.420000076293945,16.18000030517578,16.420000076293945,16.420000076293945,0.0,0.016827632028980775,0.012897389484940184,0.016970014158990354,333.2240020751953,328.5495025634766,331.6366027832032,309.37535110473624,331.98605586374913,331.01692628085397,0.9691295828951638,0.3414820354139234,56.6926856984453,85.35366314943025,84.8543234709323,2.6268297854390625,-2.3278908286689326,4.70411647173022,317.5361779337203,339.5628271932329,6.704210198965989,0.20227553213641408,-0.010460185979565176,0.0019506891200385189,0.003149513837806513,-0.00554992876046226,0.00808169263562049,-0.433883739117558,-0.9009688679024191,0.49999999999999994,-0.8660254037844387
2021-06-07,335.04998779296875,336.6600036621094,334.3399963378906,336.6000061035156,326.6467590332031,32611900.0,0.0029751148535754,90.12999725341795,90.3000030517578,89.91000366210938,89.94999694824219,89.94999694824219,0.0,1.5809999704360962,1.5820000171661377,1.5640000104904177,1.569000005722046,1.569000005722046,0.0,17.34000015258789,17.350000381469727,15.779999732971191,16.420000076293945,16.420000076293945,0.0,0.002975114853575472,0.00692436176315371,0.0029795448999809793,333.63300170898435,329.0915023803711,332.0504028320313,309.58395111083985,332.6958943621747,331.43048774919924,1.2654066129754824,0.5262669509262352,57.90937539289918,89.22329045665181,85.2090185742285,1.2300370568613932,-0.2946832604619254,4.533822961193687,317.59965329366213,340.58335146708004,6.983984091711019,0.17792140290680952,0.016827632028980775,-0.010460185979565176,0.0,0.01667891350200081,-0.025578796880017775,0.0,1.0,0.49999999999999994,-0.8660254037844387
2021-06-08,338.3999938964844,339.2900085449219,335.0299987792969,336.760009765625,326.8020324707031,27282800.0,0.0004752428727126,89.98999786376953,90.18000030517578,89.95999908447266,90.08000183105467,90.08000183105467,0.0,1.5360000133514404,1.5360000133514404,1.5130000114440918,1.527999997138977,1.527999997138977,0.0,16.579999923706055,17.75,15.149999618530272,17.06999969482422,17.06999969482422,0.0,0.0004752428727126743,0.012588681567553826,0.0004753558184982243,334.0120025634765,329.6640029907226,332.49920288085934,309.76815109252925,333.3211428857825,331.8252671578234,1.49587572795906,0.7201887063328002,58.11215357087195,93.6496186325901,89.40885741289071,1.138243244444636,-16.428570013098785,4.514264875795924,317.829633631463,341.4983723499822,7.179655195531093,0.17762529173891833,0.002975114853575472,0.016827632028980775,-0.0033294026643517945,0.0013824075814000795,-0.0013822846545091586,0.7818314824680298,0.6234898018587336,0.49999999999999994,-0.8660254037844387
2021-06-09,338.1700134277344,338.9700012207031,336.6499938964844,336.8399963378906,326.8796691894531,21485300.0,0.000237536767261,90.12999725341795,90.16999816894533,89.83999633789062,90.12000274658205,90.12000274658205,0.0,1.503000020980835,1.5080000162124634,1.472000002861023,1.4889999628067017,1.4889999628067017,0.0,17.18000030517578,17.959999084472656,15.550000190734863,17.889999389648438,17.889999389648438,0.0,0.00023753676726103818,0.006860476186823485,0.00023756498135285575,334.2830017089844,330.66150207519536,332.85340270996096,309.9385510253906,333.86250495533756,332.19672857856915,1.665776376768406,0.9093062404199215,58.220514017160575,87.96968398353897,90.28086435759363,0.8110589936478722,-19.367694775822343,4.357532193540412,320.0619148935282,341.26108925686253,6.411140767912398,0.14405659817836985,0.0004752428727126743,0.002975114853575472,0.0019506891200385189,0.0034775639062169963,-0.026223662100470568,0.9749279121818236,-0.22252093395631434,0.49999999999999994,-0.8660254037844387
2021-06-10,337.19000244140625,340.4599914550781,336.7300109863281,340.3500061035156,330.2859191894531,33702100.0,0.0103665820756885,90.13999938964844,90.30999755859376,89.9800033569336,90.08000183105467,90.08000183105467,0.0,1.503000020980835,1.5329999923706057,1.4589999914169312,1.4589999914169312,1.4589999914169312,0.0,18.18000030517578,18.290000915527344,16.010000228881836,16.100000381469727,16.100000381469727,0.0,0.010366582075688585,0.011061954511531406,0.010420501245753,335.03000183105473,331.7120025634765,333.1690026855469,310.2032510375977,334.8605820550573,332.8006750618985,2.0599069931587906,1.1394263909676954,62.7717681329955,87.79754455078051,89.8056157223032,2.244052244391451,-0.8111015587373482,4.312707070341097,321.6879470481015,341.73605807885156,6.043830454073987,0.1455007194059581,0.00023753676726103818,0.0004752428727126743,-0.010460185979565176,-0.003748092048886028,0.007701389911294672,0.43388373911755823,-0.900968867902419,0.49999999999999994,-0.8660254037844387
2021-06-11,340.3599853515625,341.25,339.69000244140625,341.239990234375,331.1496276855469,21222800.0,0.0026116195027277,90.06999969482422,90.61000061035156,89.95999908447266,90.55999755859376,90.55999755859376,0.0,1.4520000219345093,1.472000002861023,1.4500000476837158,1.462000012397766,1.462000012397766,0.0,16.18000030517578,16.200000762939453,15.149999618530272,15.649999618530272,15.649999618530272,0.0,0.002611619502727747,0.004583375325340924,0.0026150327516636374,335.76100158691406,332.4545013427734,333.50240234374996,310.4915510559082,335.84202946726003,333.42580951911896,2.4162199481410767,1.3947851024023716,63.84716549499363,93.2480091254811,89.67174588660019,2.189080860936969,-0.07717628899697182,4.116084962359143,321.90416158694103,343.0048410986058,6.3469375287264285,0.1277339904793504,0.010366582075688585,0.00023753676726103818,0.016827632028980775,0.003149513837806513,0.021836974912588514,-0.433883739117558,-0.9009688679024191,0.49999999999999994,-0.8660254037844387
2021-06-14,341.67999267578125,344.5199890136719,340.4599914550781,344.510009765625,334.32281494140625,27827700.0,0.0095367173827412,90.51000213623048,90.5999984741211,90.41000366210938,90.5199966430664,90.5199966430664,0.0,1.4639999866485596,1.5019999742507937,1.4589999914169312,1.5010000467300415,1.5010000467300415,0.0,16.040000915527344,17.040000915527344,15.039999961853027,16.389999389648438,16.389999389648438,0.0,0.009536717382741283,0.011882456232801038,0.009582336776390976,336.8190032958984,333.4595016479492,333.77160278320315,310.796201171875,337.17556489777775,334.2468613892305,2.928703508547244,1.701568783631346,67.55558818006247,99.68342451453249,93.57632606359803,3.168333878926558,-0.06144860866820201,4.112078719233044,322.32263299886716,344.5963702970312,6.679592930502135,0.1262832696171838,0.002611619502727747,0.010366582075688585,0.002975114853575472,0.0,-0.006084920467191631,0.0,1.0,0.49999999999999994,-0.8660254037844387
2021-06-15,344.1499938964844,344.4700012207031,341.5199890136719,342.260009765625,332.1394348144531,35963800.0,-0.0065521728769067,90.4800033569336,90.68000030517578,90.3499984741211,90.54000091552734,90.54000091552734,0.0,1.49399995803833,1.5130000114440918,1.4859999418258667,1.4989999532699585,1.4989999532699585,0.0,16.270000457763672,17.350000381469727,16.139999389648438,17.020000457763672,17.020000457763672,0.0,-0.006552172876906791,0.008571879294929098,-0.0065307541973639305,337.76300354003905,334.46150207519526,334.0004028320313,311.157751159668,337.95778718513884,334.8404279356301,3.117359249508752,1.9847268768068274,62.78349189777989,95.31507945314978,96.08217103105446,2.83636867786323,-13.916136742885488,4.031931721570193,323.9966814907296,344.9263226596609,6.257713081796125,0.126057875353788,0.009536717382741283,0.002611619502727747,0.0004752428727126743,-0.0033294026643517945,-0.0067738067915465204,0.7818314824680298,0.6234898018587336,0.49999999999999994,-0.8660254037844387
2021-06-16,342.739990234375,343.8399963378906,337.45001220703125,341.010009765625,330.92633056640625,55399500.0,-0.0036590807877342,90.54000091552734,91.4000015258789,90.44000244140624,91.12999725341795,91.12999725341795,0.0,1.4889999628067017,1.593999981880188,1.4839999675750732,1.569000005722046,1.569000005722046,0.0,16.989999771118164,19.11000061035156,16.420000076293945,18.14999961853028,18.14999961853028,0.0,-0.0036590807877342714,0.018643824219314847,-0.0036523945093257515,338.5170043945312,335.382502746582,334.18820312500003,311.47340118408204,338.427359889829,335.29743399711117,3.1299258927178357,2.213766679989029,60.23766863115675,88.13640964736892,94.37830453835039,2.26107551423542,-21.613185706339543,4.200364036519421,326.1467633366832,344.61824215648085,5.507585717360714,0.12814063208597573,-0.006552172876906791,0.009536717382741283,0.00023753676726103818,0.0019506891200385189,0.001147366696224649,0.9749279121818236,-0.22252093395631434,0.49999999999999994,-0.8660254037844387
2021-06-17,339.9700012207031,346.3800048828125,339.9200134277344,345.3399963378906,335.1283264160156,59722700.0,0.0126177380623333,91.43000030517578,92.01000213623048,91.30999755859376,91.88999938964844,91.88999938964844,0.0,1.569000005722046,1.5750000476837158,1.472000002861023,1.5110000371932983,1.5110000371932983,0.0,18.489999771118164,19.21999931335449,16.709999084472656,17.75,17.75,0.0,0.012617738062333397,0.019001651415956555,0.01269767758406326,340.05100402832034,336.2080032348633,334.39340332031253,311.83840118408204,339.49084242030005,336.0413275038356,3.449514916464466,2.460916327284117,65.46210944417214,86.2415919750836,89.89769369186743,4.648483738754734,-5.745901625524152,4.3617659949879,326.49900707114034,345.9169993985863,5.775588962967438,0.11881280033587518,-0.0036590807877342714,-0.006552172876906791,0.010366582075688585,-0.010460185979565176,0.01915911132527157,0.43388373911755823,-0.900968867902419,0.49999999999999994,-0.8660254037844387
2021-06-18,343.6300048828125,344.8099975585937,341.8599853515625,342.6300048828125,332.4984741210937,55414900.0,-0.0078782514273297,91.87999725341795,92.41000366210938,91.80999755859376,92.2300033569336,92.2300033569336,0.0,1.506999969482422,1.5210000276565552,1.437999963760376,1.4500000476837158,1.4500000476837158,0.0,16.959999084472656,21.040000915527344,16.920000076293945,20.700000762939453,20.700000762939453,0.0,-0.007878251427329744,0.008584850464490814,-0.007847299340663083,340.75400390625003,336.9890029907227,334.5038037109375,312.199301147461,339.9737904914558,336.52937768005614,3.4444128113996726,2.657615624107228,60.13646775310361,83.97422920344894,86.11741027530047,2.094755259667211,-20.718225057789486,4.298783494369345,327.9023245999514,346.07568138149406,5.392863452592543,0.12115626931984419,0.012617738062333397,-0.0036590807877342714,0.002611619502727747,0.016827632028980775,-0.00554992876046226,-0.433883739117558,-0.9009688679024191,0.49999999999999994,-0.8660254037844387
2021-06-21,342.42999267578125,344.69000244140625,340.1499938964844,344.3599853515625,334.56494140625,32992600.0,0.0061957344610083,92.31999969482422,92.37000274658205,91.83000183105467,91.86000061035156,91.86000061035156,0.0,1.4520000219345093,1.4919999837875366,1.4520000219345093,1.4839999675750732,1.4839999675750732,0.0,21.739999771118164,21.81999969482422,17.809999465942383,17.889999389648438,17.889999389648438,0.0,0.006195734461008329,0.013258209391781973,0.006214967724645026,341.53000183105473,337.58150177001954,334.65760314941406,312.5453010559082,340.648589700703,337.1094226927603,3.5391670079426945,2.833925900874321,62.24791783921177,87.4585160593783,85.89144574597027,2.305400804318591,-11.16032513855144,4.316013855123097,328.18446310517004,346.97854043486905,5.567271083029497,0.10988281126329086,-0.007878251427329744,0.012617738062333397,0.009536717382741283,0.002975114853575472,0.01667891350200081,0.0,1.0,0.49999999999999994,-0.8660254037844387
2021-06-22,344.1499938964844,348.0299987792969,343.8399963378906,347.57000732421875,337.6836242675781,28941600.0,0.0092784288261693,91.87999725341795,92.13999938964844,91.6500015258789,91.7300033569336,91.7300033569336,0.0,1.4950000047683716,1.508999943733215,1.4700000286102295,1.472000002861023,1.472000002861023,0.0,17.90999984741211,18.31999969482422,15.760000228881836,16.65999984741211,16.65999984741211,0.0,0.00927842882616936,0.012174931035060677,0.009321606885107636,342.6110015869141,338.3115020751953,334.79700317382816,312.88785110473634,341.7134231812439,337.88428081360905,3.8291423676348586,3.0329691942264287,65.86122184869706,88.59745971501188,86.67673499261304,3.210000369734277,-2.329070658623422,4.307013039857607,328.1829401530079,348.44006399738265,5.987713607169131,0.11300658356674298,0.006195734461008329,-0.007878251427329744,-0.006552172876906791,0.0004752428727126743,0.0013824075814000795,0.7818314824680298,0.6234898018587336,0.49999999999999994,-0.8660254037844387
2021-06-23,347.510009765625,348.9200134277344,346.8800048828125,347.739990234375,337.84881591796875,27188500.0,0.0004890709723368,91.7300033569336,91.9000015258789,91.51000213623048,91.8000030517578,91.8000030517578,0.0,1.468000054359436,1.4989999532699585,1.465000033378601,1.4869999885559082,1.4869999885559082,0.0,16.25,16.84000015258789,14.859999656677246,16.31999969482422,16.31999969482422,0.0,0.0004890709723368847,0.005870359090656814,0.0004891905870441082,343.7010009765625,338.9920013427734,335.02160278320315,313.25350112915044,342.6405873432641,338.6143333632954,4.026253979968715,3.2316261513748863,66.04654492731451,93.20866467423701,89.7548801495424,3.2359559479244213,-6.884610180114093,4.145084147362198,328.23691171247873,349.74709097306805,6.345335339885853,0.1130576467991863,0.00927842882616936,0.006195734461008329,-0.0036590807877342714,0.00023753676726103818,0.0034775639062169963,0.9749279121818236,-0.22252093395631434,0.49999999999999994,-0.8660254037844387
2021-06-24,349.7300109863281,351.4599914550781,349.1700134277344,349.8900146484375,339.9376525878906,32581600.0,0.0061637208181045,91.8000030517578,91.91000366210938,91.66000366210938,91.81999969482422,91.81999969482422,0.0,1.4839999675750732,1.496999979019165,1.4769999980926514,1.4869999885559082,1.4869999885559082,0.0,15.989999771118164,16.049999237060547,14.1899995803833,15.970000267028809,15.970000267028809,0.0,0.00616372081810458,0.006547845353292461,0.0061827556335998235,344.6550018310547,339.8425018310547,335.18720336914066,313.65135116577153,343.7558838517523,339.44956901404663,4.306314837705656,3.4465638886410406,68.38434080657512,93.87196375777397,91.89269604900761,2.802999375302004,-9.170427887940559,4.114721081172264,328.4510466011398,351.23395706096954,6.703961493067093,0.11177808142063839,0.0004890709723368847,0.00927842882616936,0.012617738062333397,0.010366582075688585,-0.003748092048886028,0.43388373911755823,-0.900968867902419,0.49999999999999994,-0.8660254037844387
2021-06-25,350.4700012207031,350.7200012207031,348.8399963378906,349.4599914550781,339.5199279785156,28682800.0,-0.0012295827552787,91.83000183105467,91.87999725341795,91.52999877929688,91.80999755859376,91.80999755859376,0.0,1.4869999885559082,1.5449999570846558,1.4780000448226929,1.5360000133514404,1.5360000133514404,0.0,16.040000915527344,16.170000076293945,15.210000038146973,15.619999885559082,15.619999885559082,0.0,-0.0012295827552787075,0.005364239096825282,-0.0012288271281364338,345.477001953125,340.6190017700195,335.33620300292966,314.0643011474609,344.6334388676486,340.19108178745637,4.44235708019221,3.6457225269512747,67.38498776135387,90.59070065703332,92.5571096963481,2.408862224810566,-12.17285996084535,3.955098495575138,328.81477195484626,352.42323158519275,6.931045980308093,0.11254466279186971,0.00616372081810458,0.0004890709723368847,-0.007878251427329744,0.002611619502727747,0.003149513837806513,-0.433883739117558,-0.9009688679024191,0.49999999999999994,-0.8660254037844387
2021-06-28,350.7799987792969,353.8500061035156,350.7200012207031,353.7099914550781,343.6490478515625,39130300.0,0.0120882835731658,91.80999755859376,92.0199966430664,91.6999969482422,91.87999725341795,91.87999725341795,0.0,1.508999943733215,1.5119999647140503,1.4709999561309814,1.4780000448226929,1.4780000448226929,0.0,16.06999969482422,16.459999084472656,15.390000343322754,15.760000228881836,15.760000228881836,0.0,0.012088283573165872,0.008922985614073826,0.012161642168197373,346.3970001220704,341.6080017089844,335.632802734375,314.49530105590827,346.02983157340697,341.1924825035765,4.837349069830452,3.8840478355271104,71.7751069723781,92.61422469174651,92.35896303551793,2.6704541025417523,-0.8140380759745214,3.9861639350653064,328.88476976314814,354.3312336548206,7.449024544029941,0.11730340584933331,-0.0012295827552787075,0.00616372081810458,0.006195734461008329,0.009536717382741283,0.0,0.0,1.0,0.49999999999999994,-0.8660254037844387
2021-06-29,353.5299987792969,355.0199890136719,352.6700134277344,354.989990234375,344.8926086425781,29426000.0,0.0036121624056356,91.87999725341795,92.19000244140624,91.86000061035156,92.0500030517578,92.0500030517578,0.0,1.4919999837875366,1.5099999904632568,1.4780000448226929,1.4800000190734863,1.4800000190734863,0.0,15.6899995803833,16.309999465942383,14.100000381469728,16.020000457763672,16.020000457763672,0.0,0.0036121624056356834,0.006647174480388444,0.003618694126435562,347.6699981689453,342.7165008544922,336.00440246582036,314.90785095214846,347.4083175212482,342.2145201132653,5.193797407982913,4.145997750018271,72.95580316964798,95.61636146114407,92.9404289366413,3.7193887996051065,-0.16401757974792153,3.8692933386990345,329.36926489047437,356.06373681851005,7.789082772927062,0.11495078793993639,0.012088283573165872,-0.0012295827552787075,0.00927842882616936,-0.006552172876906791,-0.0033294026643517945,0.7818314824680298,0.6234898018587336,0.49999999999999994,-0.8660254037844387
2021-06-30,354.8299865722656,355.2300109863281,353.8299865722656,354.42999267578125,344.3485412597656,32724000.0,-0.0015787435091296,92.08000183105467,92.4499969482422,92.0,92.44000244140624,92.44000244140624,0.0,1.4529999494552612,1.465999960899353,1.437999963760376,1.4429999589920044,1.4429999589920044,0.0,16.18000030517578,17.309999465942383,15.579999923706056,15.829999923706056,15.829999923706056,0.0,-0.0015787435091296348,0.003945620345075789,-0.0015774979491552932,349.0119964599609,343.76450042724605,336.30720214843757,315.35920089721685,348.48857523733017,343.1193699327109,5.369205304619243,4.390639260938466,71.5457007331737,98.1741344937001,95.46824021553022,3.935363340032088,-4.499540863177232,3.692916986939282,330.1847288183923,357.3442720360998,7.900624754432887,0.11616933502436669,0.0036121624056356834,0.012088283573165872,0.0004890709723368847,-0.0036590807877342714,0.0019506891200385189,0.9749279121818236,-0.22252093395631434,0.49999999999999994,-0.8660254037844387
2021-07-01,354.07000732421875,355.0899963378906,352.67999267578125,354.57000732421875,344.48455810546875,29290000.0,0.0003949196041718,92.3499984741211,92.5999984741211,92.26000213623048,92.5999984741211,92.5999984741211,0.0,1.4709999561309814,1.4850000143051147,1.4539999961853027,1.4800000190734863,1.4800000190734863,0.0,15.619999885559082,16.010000228881836,15.3100004196167,15.479999542236328,15.479999542236328,0.0,0.000394919604171863,0.006806573875946957,0.00039499759518513144,349.93499755859375,344.993000793457,336.69460205078127,315.80510086059576,349.4241801737745,343.96756529504484,5.456614878729681,4.603834384496709,71.69301893137147,97.20812823664292,96.99954139716236,2.672731535358336,-3.7120568471460613,3.601280320880003,332.23565673890687,357.7503448480071,7.395711811665293,0.10523174803706588,-0.0015787435091296348,0.0036121624056356834,0.00616372081810458,0.012617738062333397,-0.010460185979565176,0.43388373911755823,-0.900968867902419,1.2246467991473532e-16,-1.0
2021-07-02,356.5199890136719,358.9700012207031,356.2799987792969,358.6400146484375,348.43878173828125,32727200.0,0.011413287241092,92.56999969482422,92.73999786376952,92.18000030517578,92.2300033569336,92.2300033569336,0.0,1.444000005722046,1.468000054359436,1.4259999990463257,1.430999994277954,1.430999994277954,0.0,15.529999732971191,15.539999961853027,14.25,15.06999969482422,15.06999969482422,0.0,0.011413287241092052,0.007545165837259951,0.011478667300964585,351.5359985351563,346.14500122070314,337.0790020751953,316.240500946045,350.84200086218425,345.05441339529614,5.787587466888112,4.84058500097499,75.64099450403947,96.75166888477219,97.3779772050384,4.672681766764939,-1.5333956353601352,3.65833129056603,332.8109749560587,359.47902748534756,7.704300924538041,0.09772558085762337,0.000394919604171863,-0.0015787435091296348,-0.0012295827552787075,-0.007878251427329744,0.016827632028980775,-0.433883739117558,-0.9009688679024191,1.2246467991473532e-16,-1.0
2021-07-05,356.5199890136719,358.9700012207031,356.2799987792969,358.6400146484375,348.43878173828125,32727200.0,0.0,92.56999969482422,92.73999786376952,92.18000030517578,92.2300033569336,92.2300033569336,0.0,1.444000005722046,1.468000054359436,1.4259999990463257,1.430999994277954,1.430999994277954,0.0,15.529999732971191,15.539999961853027,14.25,15.06999969482422,15.06999969482422,0.0,0.0,0.007545165837259951,0.0,352.96400146484376,347.2470016479493,337.41920227050787,316.6477009582521,352.04169529083856,346.06075422886215,5.980941061976409,5.068656213175274,75.64099450403947,97.7403839607112,97.23339369404209,4.146831776141556,-1.5333956353601352,3.5891649441974742,333.5952229092938,360.89878038660476,7.862863422213859,0.0984561032601543,0.011413287241092052,0.000394919604171863,0.012088283573165872,0.006195734461008329,0.002975114853575472,0.0,1.0,1.2246467991473532e-16,-1.0
2021-07-06,359.260009765625,360.4800109863281,356.489990234375,360.19000244140625,349.9447631835937,38842400.0,0.0043127699400463,92.23999786376952,92.66000366210938,92.0,92.5500030517578,92.5500030517578,0.0,1.4240000247955322,1.4270000457763672,1.3519999980926514,1.3700000047683716,1.3700000047683716,0.0,15.770000457763672,17.940000534057617,15.729999542236328,16.440000534057617,16.440000534057617,0.0,0.004312769940046314,0.011106220128859166,0.00432208331632733,354.2260009765625,348.4185012817384,337.8200024414062,317.0689009094239,353.2952810063105,347.1073652075691,6.187915798741415,5.292508130288502,77.05444904820311,98.50755372143456,97.66653552230596,3.6309217858994867,-1.410547564976028,3.6177975018943065,334.53660401322884,362.3003985502479,7.968519018043962,0.09797358466285612,0.0,0.011413287241092052,0.0036121624056356834,0.00927842882616936,0.0004752428727126743,0.7818314824680298,0.6234898018587336,1.2246467991473532e-16,-1.0
2021-07-07,362.4500122070313,362.760009765625,358.94000244140625,360.9500122070313,350.6830444335937,35265200.0,0.0021074856442451,92.52999877929688,92.8499984741211,92.43000030517578,92.63999938964844,92.63999938964844,0.0,1.3250000476837158,1.343000054359436,1.2960000038146973,1.3209999799728394,1.3209999799728394,0.0,16.43000030517578,17.639999389648438,16.079999923706055,16.200000762939453,16.200000762939453,0.0,0.00210748564424518,0.01053940459529289,0.002109707953002582,355.5470031738281,349.6240020751954,338.2590026855468,317.4844509887696,354.47293196026754,348.13274646678855,6.340185493478998,5.5020436029266016,77.73661351967569,96.35025527669347,97.53273098627973,3.7988216321490142,-8.005290969583424,3.6322410606317668,335.78834305869253,363.45966109169825,7.914593354221233,0.09739081642189396,0.004312769940046314,0.0,-0.0015787435091296348,0.0004890709723368847,0.00023753676726103818,0.9749279121818236,-0.22252093395631434,1.2246467991473532e-16,-1.0
2021-07-08,355.739990234375,359.6499938964844,354.4200134277344,358.7699890136719,348.5650329589844,50890000.0,-0.006057987202335,92.6999969482422,92.79000091552734,92.23999786376952,92.36000061035156,92.36000061035156,0.0,1.281000018119812,1.305999994277954,1.2680000066757202,1.287999987602234,1.287999987602234,0.0,17.739999771118164,21.290000915527344,17.739999771118164,19.0,19.0,0.0,-0.006057987202335086,0.01470169396840735,-0.006039674595702871,356.43500061035155,350.54500122070317,338.63000244140625,317.8670509338379,355.1340176607913,348.9206903591503,6.213327301641016,5.644300342669485,71.19800886064361,90.97900774853628,95.27893891555476,2.537933062810265,-17.647138219831692,3.839223754822136,336.85714087293513,364.2328615684712,7.809473990559152,0.09949224052459302,0.00210748564424518,0.004312769940046314,0.000394919604171863,0.00616372081810458,0.010366582075688585,0.43388373911755823,-0.900968867902419,1.2246467991473532e-16,-1.0
2021-07-09,358.1700134277344,361.5,357.57000732421875,361.010009765625,350.7413635253906,35184500.0,0.0062242748058731,92.36000061035156,92.54000091552734,92.08999633789062,92.12999725341795,92.12999725341795,0.0,1.3380000591278076,1.3600000143051147,1.3329999446868896,1.3559999465942385,1.3559999465942385,0.0,17.8799991607666,18.1299991607666,16.079999923706055,16.18000030517578,16.18000030517578,0.0,0.0062242748058731825,0.010972422392848303,0.006243685856642811,357.5900024414062,351.53350219726565,339.09040283203126,318.3005509948731,356.0380164461503,349.8161955003706,6.221820945779712,5.75980446329153,73.65050002520007,88.36603530541973,91.89843277688315,3.305104616541373,-9.249464894325698,3.845707249176358,337.81959289204354,365.24741150248775,7.802334184083792,0.10027623836022743,-0.006057987202335086,0.00210748564424518,0.011413287241092052,-0.0012295827552787075,0.002611619502727747,-0.433883739117558,-0.9009688679024191,1.2246467991473532e-16,-1.0
2021-07-12,362.4500122070313,362.8900146484375,360.8299865722656,362.4200134277344,352.111328125,25717700.0,0.0038983028757029,92.0999984741211,92.41999816894533,92.08000183105467,92.2300033569336,92.2300033569336,0.0,1.343000054359436,1.3760000467300415,1.3380000591278076,1.3630000352859497,1.3630000352859497,0.0,16.850000381469727,17.520000457763672,16.139999389648438,16.170000076293945,16.170000076293945,0.0,0.003898302875702918,0.005683619828367361,0.003905911141587337,358.46100463867185,352.4290023803711,339.6150030517578,318.71185104370124,357.0198621356248,350.74981164313834,6.270050492486462,5.861853669130516,75.08843370357759,90.05590861421382,89.80031722272327,2.4624755260164712,-2.935671043201127,3.718158736818895,338.31303915596067,366.54496560478157,8.010670591278586,0.09725930319031367,0.0062242748058731825,-0.006057987202335086,0.0,0.012088283573165872,0.009536717382741283,0.0,1.0,1.2246467991473532e-16,-1.0
2021-07-13,362.0299987792969,365.4700012207031,361.5400085449219,362.4200134277344,352.111328125,39723000.0,0.0,92.2300033569336,92.80999755859376,92.13999938964844,92.75,92.75,0.0,1.35099995136261,1.4199999570846558,1.343000054359436,1.4149999618530271,1.4149999618530271,0.0,16.389999389648438,17.229999542236328,15.9399995803833,17.1200008392334,17.1200008392334,0.0,0.0,0.010855433773533995,0.0,359.2040069580078,353.43700256347654,340.26060302734373,319.14815109252936,357.8506546421032,351.61427103458993,6.2363836075132895,5.936759656807071,75.08843370357758,89.82486469461121,89.41560287141492,2.093023295798806,-18.340269978639533,3.7332897324590633,339.50047284445697,367.3735322824961,7.886287863431392,0.09171148296629472,0.003898302875702918,0.0062242748058731825,0.004312769940046314,0.0036121624056356834,-0.006552172876906791,0.7818314824680298,0.6234898018587336,1.2246467991473532e-16,-1.0
2021-07-14,364.8299865722656,365.489990234375,362.2200012207031,363.0700073242188,352.7428283691406,35336400.0,0.0017918612163637,92.8000030517578,92.83000183105467,92.3499984741211,92.41000366210938,92.41000366210938,0.0,1.38100004196167,1.3860000371932983,1.3539999723434448,1.3559999465942385,1.3559999465942385,0.0,17.34000015258789,17.510000228881836,15.949999809265137,16.329999923706055,16.329999923706055,0.0,0.0017918612163637213,0.008963048910520832,0.0017934675589774685,360.0680084228516,354.5400024414063,340.9414031982422,319.5639010620118,358.6536319778133,352.46284409308095,6.1907878847323445,5.987565302392126,75.79464765194226,88.06320725244382,89.31466018708961,2.437721080885247,-14.534437220827867,3.700196823974264,341.2686637630307,367.81134111978184,7.486511303089915,0.08851067311362058,0.0,0.003898302875702918,0.00210748564424518,-0.0015787435091296348,-0.0036590807877342714,0.9749279121818236,-0.22252093395631434,1.2246467991473532e-16,-1.0
2021-07-15,362.9800109863281,363.1900024414063,358.4599914550781,360.5199890136719,350.2652893066406,53391600.0,-0.0070484230758232,92.4000015258789,92.69000244140624,92.2699966430664,92.62000274658205,92.62000274658205,0.0,1.3289999961853027,1.3489999771118164,1.2920000553131104,1.2970000505447388,1.2970000505447388,0.0,16.700000762939453,18.09000015258789,16.559999465942383,17.010000228881836,17.010000228881836,0.0,-0.007048423075823254,0.013031050865515403,-0.007023641200459174,360.66300659179694,355.2990020751953,341.5216027832032,319.95945098876956,358.94076382948384,353.05966964275433,5.881094186729513,5.966271079259603,67.6875941614785,77.82532346899248,85.23779847201583,1.6780837539968412,-33.649322393555146,3.7737549784281157,342.51571889408945,368.08228525630113,7.195788958844527,0.08826237618991968,0.0017918612163637213,0.0,-0.006057987202335086,0.000394919604171863,0.012617738062333397,0.43388373911755823,-0.900968867902419,1.2246467991473532e-16,-1.0
2021-07-16,361.3999938964844,362.4100036621094,357.239990234375,357.6000061035156,347.42840576171875,47262000.0,-0.008132219623763,92.58999633789062,92.76000213623048,92.52999877929688,92.69000244140624,92.69000244140624,0.0,1.315000057220459,1.3359999656677246,1.2990000247955322,1.2999999523162842,1.2999999523162842,0.0,16.799999237060547,18.700000762939453,16.030000686645508,18.450000762939453,18.450000762939453,0.0,-0.008132219623763055,0.014305516090338451,-0.008099242578496924,360.55900573730474,356.04750213623043,341.98960266113284,320.3189010620118,358.7344934101041,353.39599086207,5.338502548034114,5.840717373014505,59.79995472989106,63.42393034932765,76.43748702358798,-0.2899867562021376,-61.544449337634056,3.873487724807134,344.7171084972285,367.3778957752324,6.364540445317734,0.08865108599934968,-0.007048423075823254,0.0017918612163637213,0.0062242748058731825,0.011413287241092052,-0.007878251427329744,-0.433883739117558,-0.9009688679024191,1.2246467991473532e-16,-1.0
2021-07-19,354.04998779296875,355.17999267578125,352.0400085449219,354.6700134277344,344.5817565917969,64404600.0,-0.0082272353257915,92.70999908447266,93.04000091552734,92.63999938964844,92.88999938964844,92.88999938964844,0.0,1.2269999980926514,1.2269999980926514,1.1759999990463257,1.180999994277954,1.180999994277954,0.0,19.61000061035156,25.09000015258789,19.270000457763672,22.5,22.5,0.0,-0.008227235325791523,0.008868759325294724,-0.008193484248015803,360.1620056152344,356.563003540039,342.567802734375,320.61960113525396,358.10918879743184,353.49036290397106,4.61882589346078,5.59633907710376,53.11188769935176,41.45339817944415,60.90088399925476,-1.1069599204078722,-80.44603373047836,3.9939527129347496,346.6181107733066,366.5078963067714,5.578196654166143,0.09460394057081531,-0.008132219623763055,-0.007048423075823254,0.003898302875702918,0.0,0.006195734461008329,0.0,1.0,1.2246467991473532e-16,-1.0
2021-07-20,355.6300048828125,360.2799987792969,353.79998779296875,358.7900085449219,348.5845642089844,42183700.0,0.0115494708603241,92.87999725341795,93.16999816894533,92.8000030517578,92.97000122070312,92.97000122070312,0.0,1.1799999475479126,1.2239999771118164,1.128000020980835,1.2089999914169312,1.2089999914169312,0.0,20.88999938964844,22.96999931335449,19.3700008392334,19.729999542236328,19.729999542236328,0.0,0.011549470860324195,0.018221215581805096,0.011616423506510154,360.0220062255859,357.12400360107426,343.23740295410147,320.94095123291015,358.21393029704575,353.8829292477452,4.331001049300539,5.343271471543116,59.90280717691722,36.06515295330682,46.98082716069287,-0.3886820530817255,-49.814058071967125,4.171528303891419,348.0910768543213,366.15693034782726,5.05870602685292,0.09739090157831788,-0.008227235325791523,-0.008132219623763055,0.0,0.004312769940046314,0.00927842882616936,0.7818314824680298,0.6234898018587336,1.2246467991473532e-16,-1.0
2021-07-21,358.3500061035156,361.55999755859375,358.1199951171875,361.55999755859375,351.2757263183594,30259900.0,0.0076906074253723,92.97000122070312,93.19000244140624,92.7300033569336,92.75,92.75,0.0,1.243000030517578,1.3029999732971191,1.2330000400543213,1.2799999713897705,1.2799999713897705,0.0,19.729999542236328,19.81999969482422,17.809999465942383,17.90999984741211,17.90999984741211,0.0,0.007690607425372329,0.009599560158546629,0.007720256103370016,360.08300476074226,357.81500396728524,344.13080261230465,321.2884512329101,358.72870987574544,354.45160097447473,4.277108901270708,5.130038957488635,63.708524178927334,46.84019733971064,41.4529161574872,0.16899441222696837,-29.219316178422574,4.11927645657105,349.74114632202463,365.88886161254584,4.512867015492056,0.09964142103251457,0.011549470860324195,-0.008227235325791523,0.0017918612163637213,0.00210748564424518,0.0004890709723368847,0.9749279121818236,-0.22252093395631434,1.2246467991473532e-16,-1.0
2021-07-22,361.7699890136719,363.9599914550781,361.7699890136719,363.9500122070313,353.5977783203125,30252200.0,0.006588587559582,92.8000030517578,92.91999816894533,92.51000213623048,92.81999969482422,92.81999969482422,0.0,1.2869999408721924,1.2949999570846558,1.2330000400543213,1.2649999856948853,1.2649999856948853,0.0,17.59000015258789,18.450000762939453,17.399999618530273,17.690000534057617,17.690000534057617,0.0,0.006588587559582043,0.006053576880097388,0.006610340049083341,360.6010070800782,358.5180038452149,345.0230029296875,321.6577012634278,359.5319871574817,355.15518699170116,4.376800165780537,4.979391199147016,66.64975276832297,69.83898646711863,50.914778920045364,1.443828456109252,-11.449666348254405,3.9964705594220016,350.9148495705426,366.1211581198872,4.241435126340189,0.09989089916734581,0.007690607425372329,0.011549470860324195,-0.007048423075823254,-0.006057987202335086,0.00616372081810458,0.43388373911755823,-0.900968867902419,1.2246467991473532e-16,-1.0
2021-07-23,365.30999755859375,368.489990234375,363.9200134277344,368.2000122070313,357.7268981933594,31960800.0,0.0116097933579108,92.80999755859376,93.0199966430664,92.77999877929688,92.91000366210938,92.91000366210938,0.0,1.2999999523162842,1.312000036239624,1.281000018119812,1.2860000133514404,1.2860000133514404,0.0,16.979999542236328,17.479999542236328,16.329999923706055,17.200000762939453,17.200000762939453,0.0,0.011609793357910852,0.012509859673105786,0.011677448576349558,361.32000732421886,359.45500488281255,345.85920288085936,322.0561512756348,360.86552947279705,356.12147034098484,4.744059131812207,4.932324785680055,71.13037511806165,85.85607705013602,67.51175361898842,1.991635203155226,-1.7627863229149443,4.037435291366189,351.93349797247834,366.97651179314676,4.184950443400464,0.104716834021161,0.006588587559582043,0.007690607425372329,-0.008132219623763055,0.0062242748058731825,-0.0012295827552787075,-0.433883739117558,-0.9009688679024191,1.2246467991473532e-16,-1.0
2021-07-26,367.489990234375,368.8900146484375,366.6000061035156,368.489990234375,358.0086669921875,28438100.0,0.0007873545121693,92.91000366210938,92.95999908447266,92.52999877929688,92.6500015258789,92.6500015258789,0.0,1.2549999952316284,1.284999966621399,1.2510000467300415,1.2760000228881836,1.2760000228881836,0.0,18.670000076293945,19.38999938964844,17.530000686645508,17.579999923706055,17.579999923706055,0.0,0.0007873545121693297,0.006231485498316214,0.0007876645570996654,361.92700500488286,360.19400482177736,346.74080261230466,322.4796012878419,362.03852343611675,357.03765699975446,5.000866436362287,4.946033115816501,71.41258679961886,94.80450535261095,83.4998562899552,1.6748459195813596,-2.3740312709978117,3.9126190951915953,352.16215470676264,368.2258549367921,4.459735591095609,0.09866107283967428,0.011609793357910852,0.006588587559582043,-0.008227235325791523,0.003898302875702918,0.012088283573165872,0.0,1.0,1.2246467991473532e-16,-1.0
2021-07-27,368.2200012207031,368.2200012207031,360.1600036621094,364.4299926757813,354.0640869140625,57933100.0,-0.0110792623539888,92.62999725341795,92.83999633789062,92.31999969482422,92.43000030517578,92.43000030517578,0.0,1.253000020980835,1.253999948501587,1.2289999723434448,1.2339999675750732,1.2339999675750732,0.0,18.6200008392334,20.440000534057617,18.25,19.36000061035156,19.36000061035156,0.0,-0.011079262353988864,0.021889081342332518,-0.011018113363750137,362.12800292968757,360.66600494384767,347.58500244140623,322.87970123291024,362.4064417806805,357.5852374202009,4.821204360479612,4.921067364749124,62.23895136416196,89.79807295411837,90.15288511895511,0.5545994077525513,-26.468963543732148,4.228145343554027,352.8143330434246,368.51767684427074,4.353985012613264,0.10882800394840642,0.0007873545121693297,0.011609793357910852,0.011549470860324195,0.0,0.0036121624056356834,0.7818314824680298,0.6234898018587336,1.2246467991473532e-16,-1.0
2021-07-28,365.6000061035156,367.4500122070313,363.239990234375,365.8299865722656,355.4242858886719,42066200.0,0.0038343141148378,92.45999908447266,92.75,92.23999786376952,92.31999969482422,92.31999969482422,0.0,1.2660000324249268,1.277999997138977,1.246000051498413,1.2610000371932983,1.2610000371932983,0.0,19.40999984741211,19.6200008392334,17.520000457763672,18.309999465942383,18.309999465942383,0.0,0.0038343141148378763,0.011515377194671833,0.003841674501541714,362.4040008544922,361.2360046386719,348.4498022460938,323.2879011535645,362.9331409793859,358.1959595796131,4.737181399772794,4.884290171753858,63.95827386830635,84.33220258351894,89.64492696341608,0.7601782555346626,-18.16039743471324,4.226850817061333,353.639434298111,368.8325749792328,4.205876625260214,0.10861683682398136,-0.011079262353988864,0.0007873545121693297,0.007690607425372329,0.0017918612163637213,-0.0015787435091296348,0.9749279121818236,-0.22252093395631434,1.2246467991473532e-16,-1.0
2021-07-29,365.25,367.6799926757813,365.25,366.4800109863281,356.05584716796875,25672500.0,0.0017753452720199,92.2699966430664,92.29000091552734,91.86000061035156,91.86000061035156,91.86000061035156,0.0,1.2640000581741333,1.284000039100647,1.24399995803833,1.2690000534057615,1.2690000534057615,0.0,17.90999984741211,18.010000228881836,17.190000534057617,17.700000762939453,17.700000762939453,0.0,0.001775345272019902,0.006652957360113092,0.0017769221304553273,363.00000305175774,361.83150482177734,349.20280273437504,323.6994012451173,363.4788132881462,358.80959301714756,4.6692202709986645,4.8412761916028195,64.76056221113383,80.35598394854466,84.82875316206065,1.6531737918227414,-14.302687175920648,4.0985038069699025,354.57552206375976,369.0874875797949,4.010697057234729,0.10852707803896296,0.0038343141148378763,-0.011079262353988864,0.006588587559582043,-0.007048423075823254,0.000394919604171863,0.43388373911755823,-0.900968867902419,1.2246467991473532e-16,-1.0
2021-07-30,362.4400024414063,365.1700134277344,362.4100036621094,364.5700073242188,354.2000732421875,36484600.0,-0.005225660485188,91.8499984741211,92.1999969482422,91.77999877929688,92.16999816894533,92.16999816894533,0.0,1.2359999418258667,1.2510000467300415,1.22599995136261,1.2389999628067017,1.2389999628067017,0.0,19.690000534057617,19.71999931335449,17.530000686645508,18.239999771118164,18.239999771118164,0.0,-0.005225660485188083,0.007615080418920358,-0.005212030473707663,363.69700317382814,362.1280044555664,349.95400268554687,324.0985513305666,363.6466892936959,359.2362903732269,4.410398920468992,4.755100737376054,60.499059786495536,80.63296633770491,81.77371762325618,1.949105453506495,-25.638016376251382,4.096468343916249,354.9367868110737,369.31922210005905,3.971644035265458,0.1046810312650234,0.001775345272019902,0.0038343141148378763,0.011609793357910852,-0.008132219623763055,0.011413287241092052,-0.433883739117558,-0.9009688679024191,1.2246467991473532e-16,-1.0
2021-08-02,366.2799987792969,366.8800048828125,363.8699951171875,364.6000061035156,354.2292175292969,27334100.0,8.227860565744737e-05,92.08999633789062,92.16999816894533,91.91000366210938,92.0500030517578,92.0500030517578,0.0,1.2309999465942385,1.2309999465942385,1.1510000228881836,1.1740000247955322,1.1740000247955322,0.0,18.15999984741211,19.8700008392334,17.989999771118164,19.459999084472656,19.459999084472656,0.0,8.227860565744737e-05,0.008217783596310129,8.228199063475827e-05,364.6900024414063,362.4260040283203,350.5958026123046,324.51920135498057,363.7933534182836,359.63360264954457,4.159750768739002,4.636030743648644,60.54297656908632,78.1997714351951,79.72957390714822,2.7997835452205577,-25.459982142242655,4.018864159752589,355.35034824550365,369.5016598111369,3.9046071221002823,0.10467289039633218,-0.005225660485188083,0.001775345272019902,0.0007873545121693297,-0.008227235325791523,0.0,0.0,1.0,-0.4999999999999997,-0.8660254037844388
2021-08-03,365.2799987792969,366.9299926757813,362.0,366.80999755859375,356.3764038085937,35558500.0,0.0060432756218983,92.05999755859376,92.16000366210938,91.88999938964844,92.08000183105467,92.08000183105467,0.0,1.1770000457763672,1.180999994277954,1.1540000438690186,1.1759999990463257,1.1759999990463257,0.0,19.170000076293945,20.440000534057617,17.700000762939453,18.040000915527344,18.040000915527344,0.0,0.006043275621898379,0.013496475832940476,0.006061573052254632,365.4920013427735,362.7570037841797,351.2726025390625,324.939951324463,364.2574525167928,360.16518745762227,4.092265059170529,4.527277606753021,63.74119596483098,78.85256362656168,79.22843379982056,2.2352877233669517,-12.344310601820908,4.083944768040355,355.5046099578986,370.0093976104608,3.998485901375382,0.10561387718384208,8.227860565744737e-05,-0.005225660485188083,-0.011079262353988864,0.011549470860324195,0.004312769940046314,0.7818314824680298,0.6234898018587336,-0.4999999999999997,-0.8660254037844388
2021-08-04,366.7699890136719,368.3200073242188,365.6300048828125,367.3399963378906,356.8912658691406,29602200.0,0.0014436716308815,92.04000091552734,92.30999755859376,91.81999969482422,92.2699966430664,92.2699966430664,0.0,1.1720000505447388,1.215000033378601,1.128999948501587,1.184000015258789,1.184000015258789,0.0,18.229999542236328,18.89999961853028,17.670000076293945,17.969999313354492,17.969999313354492,0.0,0.0014436716308815847,0.007334303574401866,0.0014447142264319979,366.07000122070315,363.0765029907227,351.9368023681641,325.41845123291023,364.7316900277309,360.69665478208657,4.0350352456443375,4.428829134531284,64.48467492923044,84.33226295457138,80.46153267210939,1.59862784000605,-9.198918392222277,3.9843774589950653,355.59974906049774,370.55325692094766,4.118555659007217,0.10554036179143181,0.006043275621898379,8.227860565744737e-05,0.0038343141148378763,0.007690607425372329,0.00210748564424518,0.9749279121818236,-0.22252093395631434,-0.4999999999999997,-0.8660254037844388
2021-08-05,368.1799926757813,369.9100036621094,367.4500122070313,369.6700134277344,359.1550598144531,21443900.0,0.0063230587366126,92.27999877929688,92.3499984741211,92.12000274658205,92.23999786376952,92.23999786376952,0.0,1.1820000410079956,1.2269999980926514,1.1790000200271606,1.2170000076293943,1.2170000076293943,0.0,17.729999542236328,17.84000015258789,17.229999542236328,17.280000686645508,17.280000686645508,0.0,0.006323058736612633,0.006681491400985312,0.006343091472971407,366.6420013427734,363.6215042114258,352.6726025390625,325.8848512268067,365.4914320892699,361.3613480150975,4.130084074172373,4.369080122459502,67.62736914141428,92.37126409030842,85.18536355714716,1.5716447393465869,-1.3429787350315303,3.883351020796757,355.8820417662074,371.3609666566442,4.256878295469752,0.10388684039578887,0.0014436716308815847,0.006043275621898379,0.001775345272019902,0.006588587559582043,-0.006057987202335086,0.43388373911755823,-0.900968867902419,-0.4999999999999997,-0.8660254037844388
2021-08-06,368.3699951171875,369.3699951171875,366.9100036621094,368.0499877929688,357.5810546875,33332100.0,-0.0043921538916524,92.2699966430664,92.83999633789062,92.26000213623048,92.8000030517578,92.8000030517578,0.0,1.2519999742507937,1.2999999523162842,1.246999979019165,1.2899999618530271,1.2899999618530271,0.0,17.459999084472656,17.5,16.139999389648438,16.149999618530273,16.149999618530273,0.0,-0.004392153891652422,0.006678045138544852,-0.004382522489774443,366.6269989013672,363.97350311279297,353.3550024414062,326.37820114135747,365.8850560436851,361.85680281345833,4.028253230226767,4.300914744012956,63.4249993425495,92.63746396826807,89.78033033771595,-0.04074535825331379,-11.545710967942014,3.8031123597130603,356.09501709700254,371.8519891285834,4.32915360509028,0.10431291319723203,0.006323058736612633,0.0014436716308815847,-0.005225660485188083,0.011609793357910852,0.0062242748058731825,-0.433883739117558,-0.9009688679024191,-0.4999999999999997,-0.8660254037844388
2021-08-09,368.5199890136719,369.2699890136719,367.3900146484375,368.7300109863281,358.2418518066406,25960200.0,0.0018462591818426,92.77999877929688,92.98999786376952,92.72000122070312,92.9499969482422,92.9499969482422,0.0,1.277999997138977,1.3240000009536743,1.2680000066757202,1.3170000314712524,1.3170000314712524,0.0,17.1200008392334,17.389999389648438,16.59000015258789,16.719999313354492,16.719999313354492,0.0,0.0018462591818426705,0.00510141761988555,0.0018479645676925394,366.6510009765625,364.2890029907226,354.05100280761724,326.87195114135744,366.3227414194763,362.36592934478205,3.9568120746942554,4.232094210149215,64.42433486347225,92.36763263627138,92.45878689828263,0.0651363017487834,-10.008412388212307,3.66574536010744,356.17072851085504,372.4072774705902,4.457051633850352,0.10380080606351719,-0.004392153891652422,0.006323058736612633,8.227860565744737e-05,0.0007873545121693297,0.003898302875702918,0.0,1.0,-0.4999999999999997,-0.8660254037844388
2021-08-10,369.260009765625,369.55999755859375,365.6199951171875,366.8399963378906,356.4054870605469,35130800.0,-0.0051392307450402,92.9800033569336,93.13999938964844,92.94000244140624,93.05999755859376,93.05999755859376,0.0,1.3200000524520874,1.3489999771118164,1.312000036239624,1.3420000076293943,1.3420000076293943,0.0,16.81999969482422,17.049999237060547,16.34000015258789,16.790000915527344,16.790000915527344,0.0,-0.005139230745040274,0.010669994955335212,-0.005126047492309493,366.8920013427735,364.51000213623047,354.7314025878906,327.3329011535644,366.4023190992324,362.69734171464194,3.7049773845904497,4.126670845037462,59.55394584259605,82.31954067882462,89.10821242778802,0.6613077163090145,-31.487254607371796,3.685335151628784,356.3653501596372,372.6546541128237,4.468822215500854,0.10594833322284522,0.0018462591818426705,-0.004392153891652422,0.006043275621898379,-0.011079262353988864,0.0,0.7818314824680298,0.6234898018587336,-0.4999999999999997,-0.8660254037844388
2021-08-11,368.1400146484375,368.6499938964844,364.8399963378906,366.2099914550781,355.79345703125,34249800.0,-0.0017187056651316,93.06999969482422,93.19000244140624,92.8000030517578,92.91000366210938,92.91000366210938,0.0,1.368000030517578,1.371000051498413,1.3020000457763672,1.3289999961853027,1.3289999961853027,0.0,16.809999465942383,17.09000015258789,16.06999969482422,16.170000076293945,16.170000076293945,0.0,-0.0017187056651316098,0.010349316583344469,-0.0017172295363480083,366.93000183105477,364.66700134277346,355.3862023925781,327.72940109252926,366.37273023090097,362.9575379917113,3.4151922391896505,3.9843751238679,57.98047427225321,73.51849661845914,82.73522331118504,0.1038747223465877,-37.94884314903846,3.6942396092691387,356.5181707033486,372.81583198219835,4.469190033328674,0.10615983397773367,-0.005139230745040274,0.0018462591818426705,0.0014436716308815847,0.0038343141148378763,0.0017918612163637213,0.9749279121818236,-0.22252093395631434,-0.4999999999999997,-0.8660254037844388
2021-08-12,365.6900024414063,367.8999938964844,364.2999877929688,367.5299987792969,357.0758972167969,25969200.0,0.0035979708241877,92.88999938964844,93.04000091552734,92.8499984741211,93.04000091552734,93.04000091552734,0.0,1.3569999933242798,1.378999948501587,1.35099995136261,1.3669999837875366,1.3669999837875366,0.0,16.329999923706055,16.420000076293945,15.489999771118164,15.59000015258789,15.59000015258789,0.0,0.003597970824187708,0.009844420354620959,0.003604451291059574,367.03500061035163,365.0175018310547,356.1368023681641,328.0951010131836,366.5507715460388,363.29623879079173,3.2545327552470553,3.8384066501437313,60.34458578676346,68.71786525106837,74.85196751611738,0.2865061562683485,-24.410306490384613,3.687508644572455,357.01804954755744,373.01695411455194,4.383051356918074,0.10288795162502996,-0.0017187056651316098,-0.005139230745040274,0.006323058736612633,0.001775345272019902,-0.007048423075823254,0.43388373911755823,-0.900968867902419,-0.4999999999999997,-0.8660254037844388
2021-08-13,367.8900146484375,369.1600036621094,367.3800048828125,368.8200073242188,358.32916259765625,19336200.0,0.0035036561335854,92.97000122070312,93.01000213623048,92.47000122070312,92.5199966430664,92.5199966430664,0.0,1.3519999980926514,1.3589999675750732,1.2929999828338623,1.2970000505447388,1.2970000505447388,0.0,15.68000030517578,15.720000267028809,15.1899995803833,15.449999809265137,15.449999809265137,0.0,0.0035036561335854846,0.0048383992726681495,0.0035098011112704164,367.46000061035164,365.57850189208983,356.8012023925782,328.46615112304687,366.8998847426819,363.70540683030487,3.1944779123770104,3.7096209025903875,62.561438766297115,75.4871335803955,72.57449848330766,1.1657568956901045,-11.179449619390446,3.551257939909914,358.22138920387584,372.9356145803038,4.024915387604294,0.09738904383326658,0.003597970824187708,-0.0017187056651316098,-0.004392153891652422,-0.005225660485188083,-0.008132219623763055,-0.433883739117558,-0.9009688679024191,-0.4999999999999997,-0.8660254037844388
2021-08-16,367.6700134277344,369.0199890136719,363.7000122070313,368.9800109863281,358.4845886230469,34856900.0,0.000433658052909,92.5199966430664,92.66000366210938,92.4800033569336,92.62999725341795,92.62999725341795,0.0,1.2730000019073486,1.281999945640564,1.225000023841858,1.256999969482422,1.256999969482422,0.0,17.049999237060547,17.709999084472656,16.020000457763672,16.1200008392334,16.1200008392334,0.0,0.0004336580529090091,0.014469433492938936,0.00043375209615614807,367.89800109863285,366.29400177001946,357.4488024902344,328.8681011962891,367.21990416478127,364.0961182492695,3.1237859155117462,3.5924539051746596,62.838927059194305,84.21769088283192,76.14089657143192,1.2013178303592646,-11.757171241729203,3.6775950018192467,360.87590148547605,371.7121020545629,2.9583341569132275,0.09046962115402682,0.0035036561335854846,0.003597970824187708,0.0018462591818426705,8.227860565744737e-05,-0.008227235325791523,0.0,1.0,-0.4999999999999997,-0.8660254037844388
2021-08-17,366.1499938964844,367.1499938964844,363.2300109863281,365.7300109863281,355.3271484375,44793900.0,-0.0088467606084929,92.62000274658205,93.16999816894533,92.61000061035156,93.12999725341795,93.12999725341795,0.0,1.2269999980926514,1.2719999551773071,1.2230000495910645,1.2580000162124634,1.2580000162124634,0.0,17.309999465942383,19.559999465942383,16.709999084472656,17.90999984741211,17.90999984741211,0.0,-0.008846760608492987,0.010705948314898737,-0.008807743165960669,367.7900024414062,366.6410018920899,358.02820251464846,329.27965118408207,366.9906898296346,364.2171473409035,2.7735424887310955,3.4286716218859468,54.072196689951014,74.7396651888888,78.14816321737206,-0.29442670032272206,-52.84438357221397,3.825623930260729,362.51049687948574,370.77150690469404,2.2531604437519186,0.09081716799764131,0.0004336580529090091,0.0035036561335854846,-0.005139230745040274,0.006043275621898379,0.011549470860324195,0.7818314824680298,0.6234898018587336,-0.4999999999999997,-0.8660254037844388
2021-08-18,365.1799926757813,366.6199951171875,361.8699951171875,362.2099914550781,351.9071960449219,38541900.0,-0.0096714167706731,93.13999938964844,93.26000213623048,92.95999908447266,93.13999938964844,93.13999938964844,0.0,1.2769999504089355,1.2990000247955322,1.2630000114440918,1.2730000019073486,1.2730000019073486,0.0,17.559999465942383,21.63999938964844,17.309999465942383,21.56999969482422,21.56999969482422,0.0,-0.009671416770673173,0.013007284339964387,-0.009624799027085018,367.27700195312497,366.6735015869141,358.53560241699216,329.6419010925293,366.25519777201055,364.0684691271387,2.1867286448718346,3.1802830264831243,46.50470162598491,46.54241695481531,68.49992434217867,-1.3965277219891308,-95.77119432161089,3.891650792384963,362.7042456780279,370.64275749580025,2.165008320321898,0.09457880230543902,-0.008846760608492987,0.0004336580529090091,-0.0017187056651316098,0.0014436716308815847,0.007690607425372329,0.9749279121818236,-0.22252093395631434,-0.4999999999999997,-0.8660254037844388
2021-08-19,360.2200012207031,365.6799926757813,359.9599914550781,363.9599914550781,353.60748291015625,48499400.0,0.0048199993785034,93.13999938964844,93.58000183105467,93.13999938964844,93.56999969482422,93.56999969482422,0.0,1.2369999885559082,1.256999969482422,1.2319999933242798,1.2419999837875366,1.2419999837875366,0.0,23.1200008392334,24.739999771118164,20.3700008392334,21.670000076293945,21.670000076293945,0.0,0.004819999378503471,0.01587918827749544,0.004831634261373008,366.70599975585935,366.6740005493164,359.00780212402344,330.0197010803223,365.9020891078671,364.0604337440231,1.8416553638439837,2.9125574939552963,50.233691622633266,30.528459270422776,50.60351380470895,-1.5446267658311117,-59.79904429490679,4.02224725155055,362.70618391286035,370.6418171857725,2.1642203322361855,0.0931647817590553,-0.009671416770673173,-0.008846760608492987,0.003597970824187708,0.006323058736612633,0.006588587559582043,0.43388373911755823,-0.900968867902419,-0.4999999999999997,-0.8660254037844388
2021-08-20,365.05999755859375,368.1400146484375,364.739990234375,367.7300109863281,357.2702941894531,39486000.0,0.0103051292691916,93.55999755859376,93.7300033569336,93.43000030517578,93.5,93.5,0.0,1.2300000190734863,1.2669999599456787,1.2280000448226929,1.2599999904632568,1.2599999904632568,0.0,22.739999771118164,23.89999961853028,18.18000030517578,18.559999465942383,18.559999465942383,0.0,0.010305129269191622,0.009313604439820282,0.010358409978070249,366.6740020751953,366.6505004882813,359.5376025390625,330.40370117187507,366.18330785839953,364.33225428049013,1.851053577909397,2.7002567107461166,57.16155805422215,40.84010471145163,39.30366031222991,-0.08693840979575619,-21.90944724912741,4.033516961679752,362.7153056226782,370.5856953538844,2.1465645678172773,0.09110093405563377,0.004819999378503471,-0.009671416770673173,0.0035036561335854846,-0.004392153891652422,0.011609793357910852,-0.433883739117558,-0.9009688679024191,-0.4999999999999997,-0.8660254037844388
2021-08-23,368.7999877929688,373.9400024414063,368.7900085449219,373.2300109863281,362.61376953125,34034700.0,0.0148456501528258,93.45999908447266,93.51000213623048,92.9499969482422,92.95999908447266,92.95999908447266,0.0,1.2669999599456787,1.2730000019073486,1.2519999742507937,1.2549999952316284,1.2549999952316284,0.0,18.82999992370605,18.950000762939453,16.950000762939453,17.149999618530273,17.149999618530273,0.0,0.014845650152825867,0.013964192155492845,0.014956394160672515,367.1240020751953,366.887501525879,360.1120025634765,330.80385116577156,367.26741603192704,364.9913473698115,2.276068662115563,2.615419101020006,64.84934406093817,71.0709632451587,47.47984240901103,1.22040513815591,-5.078618720489714,4.188979425493926,362.0243165282558,371.75068652350217,2.6510496963768393,0.10538985029835203,0.010305129269191622,0.004819999378503471,0.0004336580529090091,0.0018462591818426705,0.0007873545121693297,0.0,1.0,-0.4999999999999997,-0.8660254037844388
2021-08-24,373.8399963378906,374.989990234375,373.3599853515625,374.3699951171875,363.721435546875,21732900.0,0.0030500156582289,92.98999786376952,93.08000183105467,92.80999755859376,92.88999938964844,92.88999938964844,0.0,1.2630000114440918,1.2920000553131104,1.2599999904632568,1.2899999618530271,1.2899999618530271,0.0,16.959999084472656,17.510000228881836,16.940000534057617,17.219999313354492,17.219999313354492,0.0,0.0030500156582289675,0.004360167180558284,0.003054671688438315,367.877001953125,367.3845016479493,360.75420227050773,331.2143511962891,368.36012050658246,365.68606201776527,2.674058488817195,2.627146978579444,66.2031746609876,89.62896100515506,67.18000965392179,2.0526657001602167,-4.1250510149176804,4.015479412819137,361.62898479440736,373.1400185014913,3.133238788095235,0.09607519227769874,0.014845650152825867,0.010305129269191622,-0.008846760608492987,-0.005139230745040274,-0.011079262353988864,0.7818314824680298,0.6234898018587336,-0.4999999999999997,-0.8660254037844388
2021-08-25,374.6300048828125,375.3900146484375,373.8599853515625,374.7999877929688,364.1390686035156,20441900.0,0.0011475635787104,92.87999725341795,93.12999725341795,92.80999755859376,92.83000183105467,92.83000183105467,0.0,1.3070000410079956,1.35099995136261,1.2899999618530271,1.3420000076293943,1.3420000076293943,0.0,17.420000076293945,17.5,16.459999084472656,16.790000915527344,16.790000915527344,0.0,0.0011475635787104703,0.004084107724776627,0.0011482222817378318,368.736001586914,367.83300170898445,361.4300018310547,331.6378012084961,369.3508693198727,366.3611676307433,2.98970168912939,2.6996579206894333,66.72378377371143,95.6574806464595,85.45246829892442,2.3456477262566415,-3.8238883252140754,3.83794726168027,361.2491578589837,374.4168455589852,3.579800517850011,0.0956243786033768,0.0030500156582289675,0.014845650152825867,-0.009671416770673173,-0.0017187056651316098,0.0038343141148378763,0.9749279121818236,-0.22252093395631434,-0.4999999999999997,-0.8660254037844388
2021-08-26,373.9200134277344,374.6199951171875,371.9700012207031,372.4200134277344,361.8267822265625,29133300.0,-0.0063702561042425,92.83000183105467,93.08000183105467,92.80999755859376,93.05999755859376,93.05999755859376,0.0,1.3609999418258667,1.375,1.340999960899353,1.3420000076293943,1.3420000076293943,0.0,17.459999084472656,19.270000457763672,17.15999984741211,18.84000015258789,18.84000015258789,0.0,-0.006370256104242533,0.00708706087216839,-0.006350009038636806,369.2250030517578,368.13000183105476,361.97160217285153,332.03800125122075,369.82304533646675,366.809971023113,3.0130743133537408,2.762341199222295,61.11250496076169,90.93428797454739,92.07357654205398,1.3305076224196795,-19.248196736226074,3.765950069579228,361.2729016244256,374.98710203768394,3.7253688493317103,0.09928817358255752,0.0011475635787104703,0.0030500156582289675,0.004819999378503471,0.003597970824187708,0.001775345272019902,0.43388373911755823,-0.900968867902419,-0.4999999999999997,-0.8660254037844388
2021-08-27,373.0700073242188,376.55999755859375,372.5700073242188,376.0400085449219,365.3438415527344,27104700.0,0.0096733466299432,93.02999877929688,93.18000030517578,92.62999725341795,92.69000244140624,92.69000244140624,0.0,1.343999981880188,1.3589999675750732,1.309999942779541,1.312000036239624,1.312000036239624,0.0,17.950000762939453,18.21999931335449,16.110000610351562,16.389999389648438,16.389999389648438,0.0,0.009673346629943281,0.01069501743919987,0.009720284674697321,369.94700317382814,368.7035018920899,362.6398022460938,332.46630126953124,370.77950121469064,367.49367750620996,3.2858237084806774,2.8670377010739716,65.82079804488318,91.26515071750887,92.61897311283859,1.9575947826377482,-3.132462786033252,3.7926667882420952,361.2108983907775,376.19610539340226,4.064297443806361,0.10135145381754242,-0.006370256104242533,0.0011475635787104703,0.010305129269191622,0.0035036561335854846,-0.005225660485188083,-0.433883739117558,-0.9009688679024191,-0.4999999999999997,-0.8660254037844388
2021-08-30,376.8500061035156,380.760009765625,376.8299865722656,380.260009765625,369.44378662109375,27295700.0,0.0111596533772006,92.68000030517578,92.79000091552734,92.5999984741211,92.6500015258789,92.6500015258789,0.0,1.309999942779541,1.312000036239624,1.284999966621399,1.284999966621399,1.284999966621399,0.0,16.770000457763672,16.799999237060547,15.979999542236328,16.190000534057617,16.190000534057617,0.0,0.011159653377200604,0.010428613850890719,0.01122215458986342,371.0750030517578,369.4865020751953,363.357802734375,332.9156512451172,372.2380409917575,368.4393317476481,3.798709244109375,3.0533720096810524,70.33054671708673,91.73849881334463,91.31264583513362,3.057075842440374,-2.4038440377067816,3.8589049619893117,360.6474360356803,378.3255681147103,4.78451363709959,0.10671129548612901,0.009673346629943281,-0.006370256104242533,0.014845650152825867,0.0004336580529090091,8.227860565744737e-05,0.0,1.0,-0.4999999999999997,-0.8660254037844388
2021-08-31,380.510009765625,380.5799865722656,378.3599853515625,379.9500122070313,369.14263916015625,29628200.0,-0.0008154698410746,92.70999908447266,92.75,92.4000015258789,92.62999725341795,92.62999725341795,0.0,1.2920000553131104,1.3140000104904177,1.2699999809265137,1.3040000200271606,1.3040000200271606,0.0,15.979999542236328,17.06999969482422,15.90999984741211,16.479999542236328,16.479999542236328,0.0,-0.000815469841074692,0.0058342781102408686,-0.0008151374359054442,372.49700317382815,370.14350280761715,364.0054028320312,333.34305130004884,373.4244981017996,369.29197474463945,4.132523357160153,3.2692022791768727,69.60401414732996,96.85649252423165,93.28671401836172,3.8881143995685825,-3.894215603564999,3.741840409040299,360.25143752652696,380.03556808870735,5.3449892844568545,0.10612775651346604,0.011159653377200604,0.009673346629943281,0.0030500156582289675,-0.008846760608492987,0.006043275621898379,0.7818314824680298,0.6234898018587336,-0.4999999999999997,-0.8660254037844388
2021-09-01,381.0400085449219,382.7099914550781,380.3699951171875,380.5799865722656,369.7546691894531,28138300.0,0.0016566041379469,92.66000366210938,92.79000091552734,92.37999725341795,92.4499969482422,92.4499969482422,0.0,1.3109999895095823,1.3220000267028809,1.284000039100647,1.3020000457763672,1.3020000457763672,0.0,16.059999465942383,16.709999084472656,15.68000030517578,16.110000610351562,16.110000610351562,0.0,0.0016566041379469834,0.006141077801321633,0.0016579770646092395,374.3340026855469,370.8055023193359,364.6622027587891,333.76455123901366,374.5253424818713,370.12812376890804,4.397218712963252,3.4948055659341484,70.27601135555815,94.77976051105958,94.45825061621196,5.071642293298189,-9.362658825549453,3.671707468969336,359.97574588023105,381.6352587584408,5.841205899786425,0.10612203587915559,-0.000815469841074692,0.011159653377200604,0.0011475635787104703,-0.009671416770673173,0.0014436716308815847,0.9749279121818236,-0.22252093395631434,-0.8660254037844384,-0.5000000000000004
2021-09-02,381.9700012207031,382.30999755859375,379.1499938964844,380.3999938964844,369.5798950195313,25453400.0,-0.0004727877787356,92.51000213623048,92.54000091552734,92.20999908447266,92.2300033569336,92.2300033569336,0.0,1.2869999408721924,1.3040000200271606,1.284999966621399,1.2940000295639038,1.2940000295639038,0.0,16.270000457763672,16.979999542236328,15.729999542236328,16.40999984741211,16.40999984741211,0.0,-0.0004727877787356128,0.008272910574156628,-0.0004726760322052437,375.9780029296875,371.3420013427734,365.27240234375,334.18515121459956,375.4291350071964,370.8890030376174,4.540131969579022,3.7038708466631234,69.80118950340103,92.19643004949847,94.61089436159656,4.516980664737531,-10.153835422390111,3.6351571970507677,359.7153031548492,382.9686995306976,6.261989296057027,0.10499096119406265,0.0016566041379469834,-0.000815469841074692,-0.006370256104242533,0.004819999378503471,0.006323058736612633,0.43388373911755823,-0.900968867902419,-0.8660254037844384,-0.5000000000000004
2021-09-03,379.2200012207031,381.9800109863281,379.2000122070313,381.5700073242188,370.7165832519531,24605400.0,0.0030709024264578,92.22000122070312,92.26000213623048,91.9499969482422,92.04000091552734,92.04000091552734,0.0,1.2970000505447388,1.3359999656677246,1.2699999809265137,1.3220000267028809,1.3220000267028809,0.0,16.270000457763672,17.059999465942383,16.079999923706055,16.40999984741211,16.40999984741211,0.0,0.003070902426457818,0.0073308337385898596,0.0030756224776831154,377.36200256347655,372.01800231933595,365.9146026611328,334.59795120239255,376.37388459443065,371.68018854032863,4.69369605410202,3.901835888150903,71.16503063445747,91.82419549851198,92.93346201969001,3.7636298165518074,-5.0109192565244705,3.5740744529254855,359.64876430667977,384.38724033199213,6.649806157519534,0.1028210300221145,-0.0004727877787356128,0.0016566041379469834,0.009673346629943281,0.010305129269191622,-0.004392153891652422,-0.433883739117558,-0.9009688679024191,-0.8660254037844384,-0.5000000000000004
2021-09-06,379.2200012207031,381.9800109863281,379.2000122070313,381.5700073242188,370.7165832519531,24605400.0,0.0,92.22000122070312,92.26000213623048,91.9499969482422,92.04000091552734,92.04000091552734,0.0,1.2970000505447388,1.3359999656677246,1.2699999809265137,1.3220000267028809,1.3220000267028809,0.0,16.270000457763672,17.059999465942383,16.079999923706055,16.40999984741211,16.40999984741211,0.0,0.0,0.0073308337385898596,0.0,378.1960021972656,372.6600021362305,366.47180297851565,335.0077012634277,377.1732880913211,372.4127677095057,4.760520381815411,4.073572786883805,71.16503063445747,93.27477535485363,92.43180030095469,2.234546015163873,-5.0109192565244705,3.517354761952009,359.69099154113314,385.62901273132786,6.960237493025278,0.10301957844686876,0.003070902426457818,-0.0004727877787356128,0.011159653377200604,0.014845650152825867,0.0018462591818426705,0.0,1.0,-0.8660254037844384,-0.5000000000000004
2021-09-07,381.6799926757813,382.7799987792969,380.489990234375,382.1099853515625,371.2412109375,23970200.0,0.0014141714719844,92.1999969482422,92.56999969482422,92.0999984741211,92.5199966430664,92.5199966430664,0.0,1.366000056266785,1.3849999904632568,1.3580000400543213,1.3700000047683716,1.3700000047683716,0.0,16.940000534057617,18.38999938964844,16.889999389648438,18.13999938964844,18.13999938964844,0.0,0.0014141714719844393,0.005999812903127795,0.001415171883989652,378.9700012207031,373.42350158691414,367.0142028808594,335.40095123291013,377.9327799775121,373.13108012743584,4.801699850076261,4.219198199522296,71.84560372722952,95.68069418438897,93.59322167925151,2.0674707736532634,-2.936078933784103,3.4296871750212854,360.10395949601565,386.74304367781264,7.133746019891776,0.0998161119637182,0.0,0.003070902426457818,-0.000815469841074692,0.0030500156582289675,-0.005139230745040274,0.7818314824680298,0.6234898018587336,-0.8660254037844384,-0.5000000000000004
2021-09-08,381.9299926757813,381.9299926757813,378.4500122070313,380.7799987792969,369.9490661621094,32949200.0,-0.0034866784531744,92.54000091552734,92.86000061035156,92.47000122070312,92.6500015258789,92.6500015258789,0.0,1.3480000495910645,1.3630000352859497,1.3270000219345093,1.3339999914169312,1.3339999914169312,0.0,18.96999931335449,19.63999938964844,17.780000686645508,17.959999084472656,17.959999084472656,0.0,-0.003486678453174477,0.009111566348506545,-0.003480607048251927,379.56800231933596,374.152001953125,367.5412030029297,335.785601196289,378.37081363932515,373.69766669424035,4.673146945084795,4.309987948634796,67.61269064247507,93.65551085328615,94.2036601308429,1.595520592607728,-11.086469249832954,3.4461361728434214,360.9000505653296,387.40395334092045,7.083726035738639,0.10089041272775483,0.0014141714719844393,0.0,0.0016566041379469834,0.0011475635787104703,-0.0017187056651316098,0.9749279121818236,-0.22252093395631434,-0.8660254037844384,-0.5000000000000004
2021-09-09,381.010009765625,382.1499938964844,379.2200012207031,379.4700012207031,368.6763000488281,29399000.0,-0.0034463137369319,92.70999908447266,92.76000213623048,92.37999725341795,92.4800033569336,92.4800033569336,0.0,1.3380000591278076,1.3459999561309814,1.2869999408721924,1.2990000247955322,1.2990000247955322,0.0,19.440000534057617,19.540000915527344,17.170000076293945,18.799999237060547,18.799999237060547,0.0,-0.0034463137369319104,0.007690067454090273,-0.0034403820138946273,380.2730010986329,374.74900207519534,368.0392028808594,336.161551208496,378.5399194210756,374.1252470295339,4.4146723915416715,4.3309248372161715,63.635757550796825,87.4392319275558,92.2584789884103,1.893020659142625,-23.659756033715517,3.4092687801961237,361.67858927386106,387.8194148765296,6.975555760765775,0.10245151797505407,-0.003486678453174477,0.0014141714719844393,-0.0004727877787356128,-0.006370256104242533,0.003597970824187708,0.43388373911755823,-0.900968867902419,-0.8660254037844384,-0.5000000000000004
2021-09-10,381.2300109863281,381.9700012207031,376.25,376.5899963378906,365.8782348632813,40249400.0,-0.0076184369872902,92.52999877929688,92.6500015258789,92.33000183105467,92.58000183105467,92.58000183105467,0.0,1.319000005722046,1.3550000190734863,1.3170000314712524,1.340999960899353,1.340999960899353,0.0,17.940000534057617,21.1299991607666,16.989999771118164,20.950000762939453,20.950000762939453,0.0,-0.00761843698729022,0.015004068556681018,-0.00758949025249589,380.32799987792976,375.1375015258789,368.39820251464846,336.51690124511714,378.2399312544318,374.3078210523752,3.932110202056606,4.251161910184258,55.85708084594535,69.33064818824626,83.47513032302939,0.14625778653099042,-57.261830151712765,3.5743210973751953,362.3502778369023,387.9247252148555,6.817352910313863,0.10720485396771896,-0.0034463137369319104,-0.003486678453174477,0.003070902426457818,0.009673346629943281,0.0035036561335854846,-0.433883739117558,-0.9009688679024191,-0.8660254037844384,-0.5000000000000004
2021-09-13,378.989990234375,379.4299926757813,374.2200012207031,376.3299865722656,365.6255493164063,48741800.0,-0.0006908660280105,92.61000061035156,92.88999938964844,92.56999969482422,92.62000274658205,92.62000274658205,0.0,1.3380000591278076,1.3380000591278076,1.315999984741211,1.3240000009536743,1.3240000009536743,0.0,19.63999938964844,21.18000030517578,18.76000022888184,19.3700008392334,19.3700008392334,0.0,-0.0006908660280105858,0.013747042374011564,-0.0006906274350246822,379.9349975585938,375.5050003051758,368.752001953125,336.8623011779785,377.9460936110216,374.45761109088556,3.4884825201360172,4.09862603217461,55.201037010591186,53.1371041307666,69.96899474885622,-1.0335094652160932,-59.667101422271905,3.69115469435398,363.0445922715835,387.96540833876816,6.636613639480518,0.1073637434702648,-0.00761843698729022,-0.0034463137369319104,0.0,0.011159653377200604,0.0004336580529090091,0.0,1.0,-0.8660254037844384,-0.5000000000000004
2021-09-14,377.8599853515625,378.6099853515625,374.2799987792969,375.260009765625,364.5860595703125,41826600.0,-0.0028470937345104,92.62000274658205,92.68000030517578,92.31999969482422,92.6500015258789,92.6500015258789,0.0,1.3459999561309814,1.350000023841858,1.2649999856948853,1.2769999504089355,1.2769999504089355,0.0,19.57999992370605,20.46999931335449,18.38999938964844,19.459999084472656,19.459999084472656,0.0,-0.002847093734510467,0.011459235537303552,-0.0028430446068041793,379.46599731445315,375.9815002441407,369.0534020996094,337.19715118408203,377.532849942499,374.5170480297552,3.015801912743825,3.8820612082884534,52.46995523205919,37.83531231826369,53.434354879092176,-1.2343735467103412,-69.56513147122426,3.7367855427762406,364.3969192025249,387.5660812857565,6.16231438732675,0.10205692641438907,-0.0006908660280105858,-0.00761843698729022,0.0014141714719844393,-0.000815469841074692,-0.008846760608492987,0.7818314824680298,0.6234898018587336,-0.8660254037844384,-0.5000000000000004
2021-09-15,375.7300109863281,378.4100036621094,373.3699951171875,378.0499877929688,367.2967529296875,34097900.0,0.0074074857556516,92.68000030517578,92.68000030517578,92.41999816894533,92.48999786376952,92.48999786376952,0.0,1.27400004863739,1.319000005722046,1.2599999904632568,1.3040000200271606,1.3040000200271606,0.0,19.299999237060547,20.270000457763672,18.010000228881836,18.18000030517578,18.18000030517578,0.0,0.007407485755651638,0.013413909982040983,0.007434989046398943,379.21299743652344,376.77350006103524,369.39540161132817,337.5808511352539,377.6124096118021,374.77874727147474,2.8336623403273506,3.6723814346962333,58.26783829990375,41.48016348878991,44.1508599792734,-0.6647745200906445,-46.32727664013409,3.8298729000723575,367.15399277214715,386.3930073499233,5.106254705986371,0.09553355571168096,-0.002847093734510467,-0.0006908660280105858,-0.003486678453174477,0.0016566041379469834,-0.009671416770673173,0.9749279121818236,-0.22252093395631434,-0.8660254037844384,-0.5000000000000004
2021-09-16,376.6799926757813,378.8999938964844,374.7000122070313,378.30999755859375,367.54931640625,35193100.0,0.0006873915423826,92.45999908447266,92.95999908447266,92.45999908447266,92.86000061035156,92.86000061035156,0.0,1.312000036239624,1.35099995136261,1.309000015258789,1.3309999704360962,1.3309999704360962,0.0,18.40999984741211,19.76000022888184,17.649999618530273,18.690000534057617,18.690000534057617,0.0,0.000687391542382658,0.011149999392370453,0.0006876278500911326,379.0039978027344,377.491000366211,369.7862017822266,337.95980117797853,377.7197308343854,375.0403213668169,2.6794094675685187,3.4737870412706906,58.77257053988514,45.534980218268146,41.61681867510725,-0.5494207075248695,-47.5026512338372,3.8563092421709797,369.987744086559,384.99425664586295,3.975329887267732,0.09512136386649866,0.007407485755651638,-0.002847093734510467,-0.0034463137369319104,-0.0004727877787356128,0.004819999378503471,0.43388373911755823,-0.900968867902419,-0.8660254037844384,-0.5000000000000004
2021-09-17,377.8200073242188,377.8699951171875,372.760009765625,373.8299865722656,363.1966552734375,60912300.0,-0.0119130663165333,92.87999725341795,93.25,92.7699966430664,93.1999969482422,93.1999969482422,0.0,1.340000033378601,1.3860000371932983,1.3359999656677246,1.3700000047683716,1.3700000047683716,0.0,18.3700008392334,21.51000022888184,18.350000381469727,20.809999465942383,20.809999465942383,0.0,-0.011913066316533315,0.013524919942043901,-0.011842386690774087,378.229995727539,377.79599914550784,370.04260131835946,338.31970108032226,377.1213086402131,374.9506669375909,2.17064170262222,3.2131579735409965,48.000280406249885,38.949498359398824,41.98821402215229,-2.028466756659024,-89.32157704783225,3.9772862815136776,371.57743299652634,384.01456529448933,3.2920232946068966,0.10165668078817082,0.000687391542382658,0.007407485755651638,-0.00761843698729022,0.003070902426457818,0.010305129269191622,-0.433883739117558,-0.9009688679024191,-0.8660254037844384,-0.5000000000000004
2021-09-20,367.4599914550781,369.25,360.9299926757813,365.7000122070313,355.69189453125,76203200.0,-0.0208795463145446,93.25,93.4499969482422,93.19000244140624,93.23999786376952,93.23999786376952,0.0,1.309000015258789,1.3380000591278076,1.2970000505447388,1.309000015258789,1.309000015258789,0.0,24.25,28.790000915527344,23.89999961853028,25.709999084472656,25.709999084472656,0.0,-0.020879546314544622,0.022641940667534718,-0.020663077793316775,376.64299621582035,377.419499206543,370.1082012939454,338.6280010986328,375.3641861120313,374.26543325384574,1.0987528581855486,2.7902769504699068,35.34104397688187,28.33550620787519,37.60666159518072,-4.1591306477353225,-78.16925309470497,4.6146225397258664,369.3890991827625,385.44989923032347,4.2554240258719895,0.11456992758041758,-0.011913066316533315,0.000687391542382658,-0.0006908660280105858,0.0,0.014845650152825867,0.0,1.0,-0.8660254037844384,-0.5000000000000004
2021-09-21,367.5799865722656,368.80999755859375,364.989990234375,366.1499938964844,356.1295166015625,41927500.0,0.0012295840462341,93.23999786376952,93.29000091552734,93.0500030517578,93.1999969482422,93.1999969482422,0.0,1.3240000009536743,1.3259999752044678,1.305999994277954,1.3240000009536743,1.3240000009536743,0.0,23.40999984741211,25.600000381469727,21.709999084472656,24.36000061035156,24.36000061035156,0.0,0.0012295840462341681,0.010392315859850936,0.001230340294622767,375.04699707031256,377.00849914550787,370.18280090332036,338.92230102539065,373.94661807887024,373.66428959774487,0.2823284811253757,2.288687256601001,36.34175514365674,18.799776317954397,28.6949269617428,-4.17680564939805,-76.1098409035996,4.557864310046787,367.5981057277775,386.4188925632382,4.992138606455326,0.11390437280207459,-0.020879546314544622,-0.011913066316533315,-0.002847093734510467,0.0014141714719844393,0.0030500156582289675,0.7818314824680298,0.6234898018587336,-0.8660254037844384,-0.5000000000000004
2021-09-22,367.0899963378906,371.0700073242188,365.9599914550781,369.5700073242188,359.4559326171875,46972900.0,0.0092971146338739,93.2300033569336,93.51000213623048,92.98999786376952,93.45999908447266,93.45999908447266,0.0,1.3359999656677246,1.3380000591278076,1.2970000505447388,1.3359999656677246,1.3359999656677246,0.0,22.71999931335449,23.39999961853028,20.75,20.8700008392334,20.8700008392334,0.0,0.009297114633873988,0.013920335394912617,0.009340467050774182,373.92599792480473,376.7470001220704,370.3128009033204,339.2252510070801,373.2732933473854,373.3610094293355,-0.08771608195013414,1.8134065888907738,43.49911657554885,28.421098697684236,25.18546040783794,-2.943954905986401,-60.45760990864273,4.597303707124922,366.8026851769255,386.6913150672153,5.279041341761368,0.11952872203252328,0.0012295840462341681,-0.020879546314544622,0.007407485755651638,-0.003486678453174477,0.0011475635787104703,0.9749279121818236,-0.22252093395631434,-0.8660254037844384,-0.5000000000000004
2021-09-23,370.760009765625,374.0400085449219,370.1000061035156,372.9800109863281,362.7726745605469,44652000.0,0.0091848072126978,93.4800033569336,93.5199966430664,92.9800033569336,93.0999984741211,93.0999984741211,0.0,1.3380000591278076,1.4110000133514404,1.3359999656677246,1.409999966621399,1.409999966621399,0.0,19.90999984741211,20.209999084472656,18.420000076293945,18.6299991607666,18.6299991607666,0.0,0.009184807212697824,0.010626826889709364,0.009227116990976558,373.2769989013673,376.77500000000003,370.5620013427735,339.5351510620117,373.22817298414583,373.33278732244605,-0.10461433830022315,1.4298024034525745,49.58557705570726,39.527119667514384,28.915998227717672,-1.7102775485539274,-44.85119018521453,4.588210672380504,366.8789469628526,386.6710530371475,5.253030608266181,0.12236984010071737,0.009297114633873988,0.0012295840462341681,0.000687391542382658,-0.0034463137369319104,-0.006370256104242533,0.43388373911755823,-0.900968867902419,-0.8660254037844384,-0.5000000000000004
2021-09-24,370.6499938964844,373.760009765625,370.2699890136719,373.3299865722656,363.1130981445313,36056800.0,0.0009379536608722,93.06999969482422,93.41999816894533,93.0500030517578,93.33000183105467,93.33000183105467,0.0,1.4229999780654907,1.465999960899353,1.4220000505447388,1.4600000381469729,1.4600000381469729,0.0,19.32999992370605,20.40999984741211,17.6299991607666,17.75,17.75,0.0,0.0009379536608722316,0.009415947145348727,0.000938393676968019,372.9509979248047,376.6394989013672,370.87660095214846,339.85150100708006,373.24383661308735,373.3325798594697,-0.0887432463823643,1.1260932734855866,50.178764093342224,50.48057606742819,39.476264810875605,-0.8656655241314476,-43.24947170385818,4.509768535207121,366.627537042352,386.65146076038235,5.316469402821219,0.11715207655879183,0.009184807212697824,0.009297114633873988,-0.011913066316533315,-0.00761843698729022,0.009673346629943281,-0.433883739117558,-0.9009688679024191,-0.8660254037844384,-0.5000000000000004
2021-09-27,370.2000122070313,371.25,367.7300109863281,370.3500061035156,360.2146301269531,43338100.0,-0.0080143022812258,93.27999877929688,93.48999786376952,93.20999908447266,93.37999725341795,93.37999725341795,0.0,1.496000051498413,1.5169999599456787,1.4700000286102295,1.4839999675750732,1.4839999675750732,0.0,17.780000686645508,19.31999969482422,17.739999771118164,18.76000022888184,18.76000022888184,0.0,-0.008014302281225823,0.009508343861705088,-0.007982273380908178,372.35299987792973,376.1439987182617,371.1902008056641,340.15865097045895,372.79863191930707,373.11164847013976,-0.3130165508326854,0.8382713086219322,45.29202713847449,52.09716059217221,47.368285442371594,-1.5890257704993382,-55.607856334410656,4.5876404674021485,365.9080839454512,386.37991349107216,5.442551154712081,0.11191589297148828,0.0009379536608722316,0.009184807212697824,-0.020879546314544622,-0.0006908660280105858,0.011159653377200604,0.0,1.0,-0.8660254037844384,-0.5000000000000004
2021-09-28,365.6700134277344,370.2999877929688,359.3500061035156,359.8699951171875,350.0214538574219,97701600.0,-0.0287055992533545,93.41000366210938,93.80999755859376,93.36000061035156,93.7699966430664,93.7699966430664,0.0,1.5369999408721924,1.5670000314712524,1.5149999856948853,1.534000039100647,1.534000039100647,0.0,19.739999771118164,24.81999969482422,19.709999084472656,23.25,23.25,0.0,-0.028705599253354537,0.02994498123269595,-0.028297507699614477,370.8139984130859,375.1399978637695,371.2118005371094,340.40920089721675,370.80961087282714,372.13078525880996,-1.3211743859828289,0.40638216970098007,33.088013182091245,34.47444225050705,45.684059636702486,-4.101160328288003,-97.71934521021001,5.045666148301995,362.76112478703726,387.51887094050176,6.599601827170444,0.14830264935505952,-0.008014302281225823,0.0009379536608722316,0.0012295840462341681,-0.002847093734510467,-0.000815469841074692,0.7818314824680298,0.6234898018587336,-0.8660254037844384,-0.5000000000000004
2021-09-29,361.1700134277344,363.3699951171875,358.6400146484375,359.2799987792969,349.447509765625,58076600.0,-0.0016410855962339,93.72000122070312,94.43000030517578,93.66999816894533,94.33999633789062,94.33999633789062,0.0,1.5169999599456787,1.5529999732971191,1.4980000257492063,1.5410000085830688,1.5410000085830688,0.0,22.06999969482422,23.790000915527344,21.450000762939453,22.559999465942383,22.559999465942383,0.0,-0.0016410855962339236,0.013096271265323112,-0.001639739751582936,368.93699951171874,374.07499847412106,371.1662005615235,340.6646008300781,369.0358243968994,371.17887514921637,-2.143050752316981,-0.10350441470261212,32.55616649417323,16.471993683164232,34.3478655086145,-4.964948980226108,-97.25681740588664,5.023117171191139,360.10408893511544,388.0459080131267,7.469576740489991,0.1474894908760012,-0.028705599253354537,-0.008014302281225823,0.009297114633873988,0.007407485755651638,0.0016566041379469834,0.9749279121818236,-0.22252093395631434,-0.8660254037844384,-0.5000000000000004
2021-09-30,360.9700012207031,362.6799926757813,357.1000061035156,357.9599914550781,348.1637268066406,61384600.0,-0.0036805152809452,94.3499984741211,94.5,94.11000061035156,94.25,94.25,0.0,1.537999987602234,1.5549999475479126,1.5119999647140503,1.5290000438690186,1.5290000438690186,0.0,21.479999542236328,24.709999084472656,20.600000381469727,23.13999938964844,23.13999938964844,0.0,-0.003680515280945294,0.015458311087890055,-0.003673750486433369,366.9019989013672,372.95299835205077,371.0464001464844,340.9066007995605,367.3318500981577,370.1996985792802,-2.8678484811225076,-0.6563732279865913,31.342333859315733,2.958365064225683,17.96826699929899,-5.379188029616837,-96.1487421912263,5.062893556982178,357.586286639624,388.31971006447753,8.240562097812273,0.14725049400442292,-0.0016410855962339236,-0.028705599253354537,0.009184807212697824,0.000687391542382658,-0.0004727877787356128,0.43388373911755823,-0.900968867902419,-0.8660254037844384,-0.5000000000000004
2021-10-01,358.6000061035156,361.25,354.3800048828125,360.17999267578125,350.3229064941406,56375500.0,0.0061824706789565,94.30999755859376,94.38999938964844,93.98999786376952,94.04000091552734,94.04000091552734,0.0,1.496000051498413,1.5049999952316284,1.4739999771118164,1.4789999723434448,1.4789999723434448,0.0,24.780000686645508,24.88999938964844,20.850000381469727,21.100000381469727,21.100000381469727,0.0,0.006182470678956519,0.019157822086607455,0.006201621597126117,365.5369995117188,371.88349761962894,370.8859997558594,341.15970077514646,366.231564340869,369.457498141984,-3.2259338011149907,-1.1702853426122712,35.685402193382814,10.082853695589954,9.83773748099329,-3.651390842571072,-76.34587931611719,5.191972239853986,356.071008344592,387.6959868946659,8.504001589879822,0.14934697773117592,-0.003680515280945294,-0.0016410855962339236,0.0009379536608722316,-0.011913066316533315,0.003070902426457818,-0.433883739117558,-0.9009688679024191,-1.0,-1.8369701987210297e-16
2021-10-04,358.5199890136719,358.8599853515625,350.32000732421875,352.6199951171875,342.96990966796875,76766000.0,-0.0212126027399937,94.06999969482422,94.0999984741211,93.68000030517578,93.80999755859376,93.80999755859376,0.0,1.4859999418258667,1.5080000162124634,1.4630000591278076,1.4809999465942385,1.4809999465942385,0.0,22.89999961853028,24.57999992370605,21.8799991607666,22.959999084472656,22.959999084472656,0.0,-0.021212602739993747,0.023820088946332318,-0.02098919793671805,364.2289978027344,370.43599700927734,370.56859985351565,341.3594007873535,364.13747676799494,368.21027569570276,-4.072798927707822,-1.7507880596313816,28.965765889785644,11.850975095373435,8.29739795172969,-3.5767067687268503,-91.95245320653619,5.525401747833166,353.12756110339876,387.7444329151559,9.344899548434059,0.1624262028621055,0.006182470678956519,-0.003680515280945294,-0.008014302281225823,-0.020879546314544622,0.0,0.0,1.0,-1.0,-1.8369701987210297e-16
2021-10-05,353.7099914550781,359.69000244140625,353.4800109863281,357.3800048828125,347.5995178222656,47232900.0,0.0134082898254667,93.83000183105467,94.06999969482422,93.80999755859376,93.9800033569336,93.9800033569336,0.0,1.491000056266785,1.537999987602234,1.4889999628067017,1.5290000438690186,1.5290000438690186,0.0,22.920000076293945,23.170000076293945,20.6200008392334,21.299999237060547,21.299999237060547,0.0,0.013408289825466765,0.017556731800342163,0.0134985840558981,363.35199890136727,369.1994979858399,370.4276000976563,341.5815008544922,363.0978657087361,367.4080334132664,-4.310167704530329,-2.2626639886111715,37.00857033085343,18.80141992141111,13.578416237458166,-2.395190266246808,-75.29740771311327,5.635730717574993,351.8691922573508,386.52980371432903,9.388044037456302,0.17286523558887473,-0.021212602739993747,0.006182470678956519,-0.028705599253354537,0.0012295840462341681,0.0014141714719844393,0.7818314824680298,0.6234898018587336,-1.0,-1.8369701987210297e-16
2021-10-06,354.0799865722656,359.95001220703125,353.1499938964844,359.6700134277344,349.8269348144531,56806500.0,0.0063875540055473,93.98999786376952,94.4499969482422,93.9800033569336,94.2699966430664,94.2699966430664,0.0,1.5429999828338623,1.5429999828338623,1.508999943733215,1.52400004863739,1.52400004863739,0.0,22.950000762939453,24.39999961853028,20.989999771118164,21.0,21.0,0.0,0.0063875540055473275,0.019204751944258875,0.006407997934353871,362.36199951171875,368.14399871826174,370.30440063476567,341.8150009155274,362.5705038193512,366.83484674767146,-4.264342928320275,-2.6629997765529922,40.498993338218504,22.229490094391885,17.627295037058808,-2.6787871581254428,-66.06166879717487,5.718894117072985,351.2166983627786,385.0712990737449,9.196021347308461,0.1762367537579472,0.013408289825466765,-0.021212602739993747,-0.0016410855962339236,0.009297114633873988,-0.003486678453174477,0.9749279121818236,-0.22252093395631434,-1.0,-1.8369701987210297e-16
2021-10-07,362.7999877929688,365.6900024414063,362.25,362.9700012207031,353.0365600585937,39411200.0,0.0091330609082457,94.2300033569336,94.27999877929688,94.08000183105467,94.22000122070312,94.22000122070312,0.0,1.5290000438690186,1.5729999542236328,1.5290000438690186,1.5709999799728394,1.5709999799728394,0.0,20.540000915527344,20.76000022888184,19.06999969482422,19.540000915527344,19.540000915527344,0.0,0.009133060908245701,0.00948181520714201,0.009174894568489744,361.3609985351562,367.31899871826175,370.2342004394531,342.0611509704591,362.6319649580207,366.54856189382195,-3.9165969358012376,-2.9137192084026413,45.21044045094539,37.32380592641513,26.11823864740604,-2.6837925547682833,-46.66950571046642,5.740400895401481,351.1233948331789,383.5146026033446,8.818277269401507,0.18120799995891315,0.0063875540055473275,0.013408289825466765,-0.003680515280945294,0.009184807212697824,-0.0034463137369319104,0.43388373911755823,-0.900968867902419,-1.0,-1.8369701987210297e-16
2021-10-08,364.0799865722656,364.3200073242188,360.6099853515625,361.1600036621094,351.276123046875,41822300.0,-0.0049990315952044,94.20999908447266,94.33999633789062,93.94000244140624,94.06999969482422,94.06999969482422,0.0,1.5750000476837158,1.6169999837875366,1.5579999685287476,1.6050000190734863,1.6050000190734863,0.0,19.459999084472656,19.940000534057617,18.200000762939453,18.770000457763672,18.770000457763672,0.0,-0.004999031595204403,0.010190128843898732,-0.004986557231994593,360.1440002441406,366.54749908447275,370.16600036621094,342.29825103759777,362.40550937403435,366.1494094322136,-3.7439000581792357,-3.0797553783579605,43.19036664635771,44.32287968917798,34.62539190332833,-3.2598460739505857,-54.30018642482474,5.595373829491112,350.74615923953877,382.3488389294067,8.621714721503244,0.18039965078607445,0.009133060908245701,0.0063875540055473275,0.006182470678956519,0.0009379536608722316,-0.00761843698729022,-0.433883739117558,-0.9009688679024191,-1.0,-1.8369701987210297e-16
2021-10-11,359.5799865722656,363.2000122070313,358.29998779296875,358.3900146484375,348.5819702148437,34847200.0,-0.0076991783519464,94.0999984741211,94.4000015258789,94.02999877929688,94.31999969482422,94.31999969482422,0.0,1.6139999628067017,1.6139999628067017,1.6139999628067017,1.6139999628067017,1.6139999628067017,0.0,19.93000030517578,20.450000762939453,18.11000061035156,20.0,20.0,0.0,-0.007699178351946442,0.01362707769354062,-0.007669615596593737,358.9480010986328,365.65050048828124,370.04180053710945,342.5436511230469,361.78774095471175,365.5746394482302,-3.7868984935184358,-3.2211840013900557,40.22798175395551,44.350753139995305,41.999146251862804,-3.2293752552916706,-65.97804844472292,5.545706014103358,350.15349581677924,381.14750515978324,8.476402822262054,0.181418742416763,-0.004999031595204403,0.009133060908245701,-0.021212602739993747,-0.008014302281225823,-0.0006908660280105858,0.0,1.0,-1.0,-1.8369701987210297e-16
2021-10-12,359.8800048828125,360.3299865722656,356.4800109863281,357.1400146484375,347.3661193847656,43905100.0,-0.0034940883817041,94.37000274658205,94.55999755859376,94.2300033569336,94.5199966430664,94.5199966430664,0.0,1.600000023841858,1.6150000095367432,1.5770000219345093,1.5800000429153442,1.5800000429153442,0.0,20.6200008392334,20.809999465942383,18.96999931335449,19.850000381469727,19.850000381469727,0.0,-0.0034940883817041976,0.010697942463325144,-0.0034879911583742818,358.6750030517578,364.74450073242184,369.84840087890626,342.77005126953134,361.0727061383619,364.9498524260233,-3.8771462876613896,-3.352376458644323,38.9303266161572,36.15796748480018,41.61053343799115,-0.758601857835081,-71.24786267605181,5.424582412091511,349.49627067104586,379.9927307937978,8.36104727049039,0.18145504666129955,-0.007699178351946442,-0.004999031595204403,0.013408289825466765,-0.028705599253354537,-0.002847093734510467,0.7818314824680298,0.6234898018587336,-1.0,-1.8369701987210297e-16
2021-10-13,359.510009765625,360.6900024414063,357.42999267578125,360.0,350.1479187011719,40120800.0,0.0079763672506472,94.5199966430664,94.52999877929688,94.01000213623048,94.08000183105467,94.08000183105467,0.0,1.565000057220459,1.600000023841858,1.5260000228881836,1.5490000247955322,1.5490000247955322,0.0,20.13999938964844,20.229999542236328,18.440000534057617,18.63999938964844,18.63999938964844,0.0,0.007976367250647215,0.009067924889630615,0.008008263216151335,358.74700317382815,363.8420013427734,369.7016009521484,343.0323512268067,360.90767442476783,364.58319669076235,-3.675522265994516,-3.417005620114362,43.426879060914025,34.69032721963415,38.399682614809876,0.20040114204782566,-58.703107220322835,5.29068279643989,349.82246859031227,377.86153409523456,7.706385024665377,0.18187440461979984,-0.0034940883817041976,-0.007699178351946442,0.0063875540055473275,-0.0016410855962339236,0.007407485755651638,0.9749279121818236,-0.22252093395631434,-1.0,-1.8369701987210297e-16
2021-10-14,363.6900024414063,366.8500061035156,363.010009765625,366.6300048828125,356.596435546875,43433900.0,0.0182490196537086,94.0199966430664,94.08999633789062,93.76000213623048,93.95999908447266,93.95999908447266,0.0,1.5369999408721924,1.5460000038146973,1.506999969482422,1.5190000534057615,1.5190000534057615,0.0,18.010000228881836,18.07999992370605,16.799999237060547,16.860000610351562,16.860000610351562,0.0,0.01824901965370861,0.0105584324895191,0.018416550552758038,359.61400451660154,363.25800170898435,369.64080078125005,343.2906011962892,361.7880329567747,364.73481211239573,-2.946779155621016,-3.322960327215693,52.21131480929737,49.32515570438803,40.057816802940785,2.422062139540086,-22.073562990461248,5.402063032659586,350.90163871036134,375.61436470760736,6.803078220158257,0.1959545845394777,0.007976367250647215,-0.0034940883817041976,0.009133060908245701,-0.003680515280945294,0.000687391542382658,0.43388373911755823,-0.900968867902419,-1.0,-1.8369701987210297e-16
2021-10-15,367.8800048828125,369.05999755859375,366.8200073242188,368.9400024414063,358.8432312011719,40419900.0,0.006280901507163,94.02999877929688,94.06999969482422,93.8499984741211,93.94000244140624,93.94000244140624,0.0,1.5420000553131104,1.5770000219345093,1.5390000343322754,1.5759999752044678,1.5759999752044678,0.0,16.639999389648438,16.850000381469727,15.720000267028809,16.299999237060547,16.299999237060547,0.0,0.006280901507163097,0.006088915419821438,0.00630066773059923,360.49000549316406,363.01350250244144,369.6586010742188,343.54015121459975,362.8883359544103,365.04630769232244,-2.157971737912135,-3.0899626093549815,54.84229713365801,70.80552988135037,51.607004268457516,2.4321200354708337,-6.806740145164813,5.189772292882562,351.36468257337566,374.6623224315072,6.417843881158352,0.19377722838793665,0.01824901965370861,0.007976367250647215,-0.004999031595204403,0.006182470678956519,-0.011913066316533315,-0.433883739117558,-0.9009688679024191,-1.0,-1.8369701987210297e-16
2021-10-18,367.6099853515625,372.8699951171875,366.989990234375,372.6499938964844,362.4516296386719,34513500.0,0.0100054186878083,93.9499969482422,94.16999816894533,93.87000274658205,93.9499969482422,93.9499969482422,0.0,1.5989999771118164,1.6269999742507937,1.5770000219345093,1.5839999914169312,1.5839999914169312,0.0,17.290000915527344,17.93000030517578,16.270000457763672,16.309999465942383,16.309999465942383,0.0,0.010005418687808396,0.01599522623736452,0.010055640245522968,362.4930053710938,363.3610015869141,369.7370007324219,343.83130111694345,364.39012948396015,365.60954370744554,-1.219414223485387,-2.7158529321810625,58.76846136283452,90.04802705560898,70.05957088044912,5.6803355046954245,-0.9756156975469499,5.2390746207347005,350.982915713425,375.7390874604032,6.813106425527252,0.18153957236819002,0.006280901507163097,0.01824901965370861,-0.007699178351946442,-0.021212602739993747,-0.020879546314544622,0.0,1.0,-1.0,-1.8369701987210297e-16
2021-10-19,373.75,375.5199890136719,372.7000122070313,375.4700012207031,365.1944885253906,29091000.0,0.0075390270340017,93.9499969482422,93.9499969482422,93.5,93.79000091552734,93.79000091552734,0.0,1.593000054359436,1.6360000371932983,1.593000054359436,1.6349999904632568,1.6349999904632568,0.0,16.09000015258789,16.309999465942383,15.56999969482422,15.699999809265137,15.699999809265137,0.0,0.007539027034001741,0.007545088445861052,0.007567517048973071,364.3020050048828,363.82700195312503,369.9096008300781,344.1390510559083,366.0947251357668,366.33994796768684,-0.2452228319200458,-2.2217269121288594,61.50795099206842,97.33975991844744,86.06443895180226,5.061837845075431,-0.1983644019458608,5.0698546561956155,350.35354216077315,377.3004617454769,7.406519977914003,0.1830476945927358,0.010005418687808396,0.006280901507163097,-0.0034940883817041976,0.013408289825466765,0.0012295840462341681,0.7818314824680298,0.6234898018587336,-1.0,-1.8369701987210297e-16
2021-10-20,375.9400024414063,376.5700073242188,373.4599914550781,374.9800109863281,364.7179260253906,31390300.0,-0.001305807541334,93.80999755859376,93.87999725341795,93.54000091552734,93.55999755859376,93.55999755859376,0.0,1.6230000257492063,1.652999997138977,1.6200000047683716,1.6360000371932983,1.6360000371932983,0.0,15.81999969482422,15.890000343322754,15.289999961853027,15.489999771118164,15.489999771118164,0.0,-0.0013058075413340776,0.008272638849134992,-0.0013049553456414564,365.8330047607422,364.09750213623056,370.08500122070313,344.43375106811527,367.4616921896993,366.9799526357343,0.48173955396498513,-1.6810336189100907,60.75263769730739,97.58963033141899,94.99247243515846,4.256678896493512,-6.057128906250209,4.929866171405977,349.93876923865895,378.25623503380217,7.77744028151777,0.1807251472374216,0.007539027034001741,0.010005418687808396,0.007976367250647215,0.0063875540055473275,0.009297114633873988,0.9749279121818236,-0.22252093395631434,-1.0,-1.8369701987210297e-16
2021-10-21,374.1600036621094,377.4700012207031,373.8500061035156,377.2699890136719,366.9452819824219,25469300.0,0.0060884921184339,93.58000183105467,93.79000091552734,93.5,93.7699966430664,93.7699966430664,0.0,1.6749999523162842,1.6829999685287476,1.6449999809265137,1.6759999990463257,1.6759999990463257,0.0,16.059999465942383,16.110000610351562,14.920000076293944,15.010000228881836,15.010000228881836,0.0,0.0060884921184339354,0.00967499220054688,0.006107064660364925,367.2630035400391,364.3120010375977,370.27980102539067,344.74835098266607,368.9706609318489,367.7421775526186,1.2284833792302834,-1.0991302192820158,63.03713212663451,97.66927110476281,97.53288711820974,3.9397161597036976,-0.7366933775154516,4.836303953247514,349.4730309463801,379.15097112881534,8.146297705787742,0.17913032933648126,-0.0013058075413340776,0.007539027034001741,0.01824901965370861,0.009133060908245701,0.009184807212697824,0.43388373911755823,-0.900968867902419,-1.0,-1.8369701987210297e-16
2021-10-22,375.9800109863281,376.9700012207031,372.3900146484375,374.1000061035156,363.8619995117188,36275800.0,-0.0084380679918101,93.75,93.79000091552734,93.54000091552734,93.61000061035156,93.61000061035156,0.0,1.687000036239624,1.690999984741211,1.6360000371932983,1.6549999713897705,1.6549999713897705,0.0,15.350000381469728,16.389999389648438,14.84000015258789,15.43000030517578,15.43000030517578,0.0,-0.00843806799181019,0.01218146294599733,-0.008402567418350881,368.55700378417976,364.35050201416016,370.3854010009766,345.0595510864258,369.75979095825915,368.213127815648,1.5466631426111235,-0.5699715469033879,58.003898367426395,93.11643135733163,96.12511093117115,3.582900185567761,-13.856883644239437,4.8394232683894325,349.4093702169595,379.29163381136084,8.201515691404213,0.1819458047506754,0.0060884921184339354,-0.0013058075413340776,0.006280901507163097,-0.004999031595204403,0.0009379536608722316,-0.433883739117558,-0.9009688679024191,-1.0,-1.8369701987210297e-16
2021-10-25,375.55999755859375,378.8699951171875,373.55999755859375,377.9299926757813,367.5871887207031,32597800.0,0.0101858652023939,93.66000366210938,93.95999908447266,93.4800033569336,93.80999755859376,93.80999755859376,0.0,1.6540000438690186,1.6729999780654907,1.6200000047683716,1.6349999904632568,1.6349999904632568,0.0,16.139999389648438,16.329999923706055,15.100000381469728,15.239999771118164,15.239999771118164,0.0,0.010185865202393913,0.014138879521547819,0.010237917710514743,370.5110015869141,364.7295013427734,370.5644006347656,345.38990112304697,371.01674506864714,368.9328955830653,2.0838494855818226,-0.039207340406345825,61.95627812239707,93.91722342303282,94.90097529504243,5.452154699820959,-3.6547527091466248,4.873035717689741,348.79599841043574,380.66300427511106,8.737161580665957,0.1826446554899107,-0.00843806799181019,0.0060884921184339354,0.010005418687808396,-0.007699178351946442,-0.008014302281225823,0.0,1.0,-1.0,-1.8369701987210297e-16
2021-10-26,380.2300109863281,382.7099914550781,377.9100036621094,379.1199951171875,368.74462890625,47191300.0,0.0031438031363995,93.83999633789062,94.0199966430664,93.70999908447266,93.9499969482422,93.9499969482422,0.0,1.618000030517578,1.6540000438690186,1.6169999837875366,1.61899995803833,1.61899995803833,0.0,15.020000457763672,16.709999084472656,14.899999618530272,15.979999542236328,15.979999542236328,0.0,0.0031438031363995936,0.01262390567361434,0.003148750068181272,372.7089996337891,365.6920013427734,370.8322003173828,345.7034510803223,372.2633989222687,369.68749554855583,2.5759033737128902,0.48381480241750147,63.117733616344324,89.6005830136603,92.21141259800825,6.154443514369768,-13.686614605633018,4.867818008781099,348.7037277718946,382.68027491365217,9.291028246994772,0.1450262556318518,0.010185865202393913,-0.00843806799181019,0.007539027034001741,-0.0034940883817041976,-0.028705599253354537,0.7818314824680298,0.6234898018587336,-1.0,-1.8369701987210297e-16
2021-10-27,379.5799865722656,383.1499938964844,379.30999755859375,380.0,369.6005554199219,45760500.0,0.0023185006559458,93.97000122070312,94.01000213623048,93.69000244140624,93.86000061035156,93.86000061035156,0.0,1.5829999446868896,1.5989999771118164,1.5199999809265137,1.5290000438690186,1.5290000438690186,0.0,15.789999961853027,17.290000915527344,15.539999961853027,16.979999542236328,16.979999542236328,0.0,0.0023185006559458604,0.010116435201357896,0.002321190456958444,374.70899963378906,366.72800140380855,371.18800048828126,345.98460113525385,373.4536452419197,370.4513847671813,3.002260474738364,0.987503936881674,63.99317350984039,90.28254146004377,91.26678263224562,5.555555555555555,-11.811008305089011,4.807973778103655,348.88071966452054,384.57528314309656,9.733252803696413,0.14416701993239642,0.0031438031363995936,0.010185865202393913,-0.0013058075413340776,0.007976367250647215,-0.0016410855962339236,0.9749279121818236,-0.22252093395631434,-1.0,-1.8369701987210297e-16
2021-10-28,381.9500122070313,384.4800109863281,381.1600036621094,384.2200012207031,373.705078125,38007000.0,0.0110440826476008,93.87999725341795,93.97000122070312,93.27999877929688,93.3499984741211,93.3499984741211,0.0,1.5410000085830688,1.5820000171661377,1.5299999713897705,1.5679999589920044,1.5679999589920044,0.0,17.059999465942383,17.15999984741211,16.229999542236328,16.530000686645508,16.530000686645508,0.0,0.011044082647600812,0.008692256101877491,0.011105293660651494,376.4679992675782,368.04100189208987,371.5932006835938,346.2739012145996,375.11000770019405,371.471282282257,3.638725417937053,1.5177482330927499,67.92494541731942,91.1912569278248,90.35812713384296,4.797751439769091,-0.9286063058035698,4.784547864405403,349.0806076338864,387.0013961502933,10.303414109150081,0.14485650238096273,0.0023185006559458604,0.0031438031363995936,0.0060884921184339354,0.01824901965370861,-0.003680515280945294,0.43388373911755823,-0.900968867902419,-1.0,-1.8369701987210297e-16
2021-10-29,381.05999755859375,386.2799987792969,380.7000122070313,386.1099853515625,375.5432739257813,37310100.0,0.0049067828680871,93.36000061035156,94.3000030517578,93.31999969482422,94.12000274658205,94.12000274658205,0.0,1.6050000190734863,1.61899995803833,1.5540000200271606,1.5570000410079956,1.5570000410079956,0.0,17.399999618530273,18.059999465942383,16.1299991607666,16.260000228881836,16.260000228881836,0.0,0.004906782868087179,0.014643328105851785,0.004918840841029226,378.18499755859375,369.3375015258789,371.9608001708984,346.57735107421877,376.80231195425074,372.5556306577611,4.246681296489612,2.0635348457721223,69.52970645675255,95.56329009907905,92.34569616231587,4.653868595580948,-0.5705150918702384,4.841364914966844,349.13493219539134,389.54007085636647,10.939896028441618,0.14461840093276682,0.011044082647600812,0.0023185006559458604,-0.00843806799181019,0.006280901507163097,0.006182470678956519,-0.433883739117558,-0.9009688679024191,-1.0,-1.8369701987210297e-16
2021-11-01,386.55999755859375,387.55999755859375,384.4200134277344,387.4299926757813,376.82720947265625,30765300.0,0.0034130440296957,94.12999725341795,94.30999755859376,93.86000061035156,93.87999725341795,93.87999725341795,0.0,1.587000012397766,1.6050000190734863,1.5609999895095823,1.5750000476837158,1.5750000476837158,0.0,16.850000381469727,17.700000762939453,16.31999969482422,16.40999984741211,16.40999984741211,0.0,0.00341304402969579,0.008122889462672414,0.0034188750964787573,379.6629974365234,371.0780014038086,372.24479980468743,346.87395111083987,378.4373397575631,373.6574352516886,4.779904505874526,2.6068087777926032,70.63475035733694,99.35646626965016,95.370337765518,3.9661878495569103,-0.43147979337568865,4.719837716102025,350.94183595658285,391.2141668510344,10.852793952241603,0.11148174283069212,0.004906782868087179,0.011044082647600812,0.010185865202393913,0.010005418687808396,-0.021212602739993747,0.0,1.0,-0.8660254037844386,0.5000000000000001
2021-11-02,386.7999877929688,389.5400085449219,386.75,389.0499877929688,378.4028015136719,25135300.0,0.004172488656361,93.93000030517578,94.12999725341795,93.81999969482422,94.08999633789062,94.08999633789062,0.0,1.555999994277954,1.5700000524520874,1.527999997138977,1.5490000247955322,1.5490000247955322,0.0,16.540000915527344,16.649999618530273,15.890000343322754,16.030000686645508,16.030000686645508,0.0,0.004172488656361093,0.00721305230861383,0.004181205606730298,381.02099609375006,372.6615005493165,372.5383996582031,347.17625106811516,380.0700548399332,374.79762432882046,5.272430511112759,3.1399331244566344,71.97790359849544,99.05032036995132,97.99002557956017,3.6167966889805663,-1.847044004900078,4.581992775303443,352.08472621222904,393.23827488640393,11.043144680497738,0.10663613010643103,0.00341304402969579,0.004906782868087179,0.0031438031363995936,0.007539027034001741,0.013408289825466765,0.7818314824680298,0.6234898018587336,-0.8660254037844386,0.5000000000000001
2021-11-03,389.5499877929688,393.6099853515625,388.4800109863281,393.1799926757813,382.41986083984375,33748900.0,0.0105598764435628,94.12000274658205,94.20999908447266,93.81999969482422,93.86000061035156,93.86000061035156,0.0,1.534999966621399,1.6019999980926514,1.5299999713897705,1.5789999961853027,1.5789999961853027,0.0,16.110000610351562,16.389999389648438,14.899999618530272,15.100000381469728,15.100000381469728,0.0,0.010559876443562826,0.013168975807953981,0.010615828715070164,382.8409942626954,374.3369995117188,372.90599975585934,347.5450010681152,382.08696835314066,376.15928124341013,5.9276871097305275,3.697483921511413,75.10425977109917,98.70547523452592,99.03742062470913,4.853587166308115,-1.6050504981464098,4.621134317441367,352.78045869889644,395.8935403245411,11.517184163435864,0.10875519746651353,0.004172488656361093,0.00341304402969579,0.0023185006559458604,-0.0013058075413340776,0.0063875540055473275,0.9749279121818236,-0.22252093395631434,-0.8660254037844386,0.5000000000000001
2021-11-04,394.4800109863281,399.2000122070313,393.9200134277344,398.2200012207031,387.3219299316406,40265300.0,0.0127370903430128,93.86000061035156,94.47000122070312,93.83000183105467,94.3499984741211,94.3499984741211,0.0,1.5679999589920044,1.5789999961853027,1.508999943733215,1.52400004863739,1.52400004863739,0.0,15.0600004196167,16.139999389648438,14.729999542236328,15.4399995803833,15.4399995803833,0.0,0.012737090343012807,0.013384705516751584,0.012818552574731079,384.93599548339853,376.0994995117188,373.42199951171875,347.9295010375976,384.56897340968874,377.79340864913553,6.775564760553209,4.313100089319772,78.28777897125471,97.83511336310977,98.53030298919566,5.553055588069064,-3.042565407624165,4.7210546898562695,352.7652592915296,399.433739731908,12.408546275910233,0.11152882087224393,0.010559876443562826,0.004172488656361093,0.011044082647600812,0.0060884921184339354,0.009133060908245701,0.43388373911755823,-0.900968867902419,-0.8660254037844386,0.5000000000000001
2021-11-05,400.0400085449219,400.989990234375,397.1600036621094,398.6000061035156,387.6915588378906,43383800.0,0.0009538645188295,94.33999633789062,94.62000274658205,94.19000244140624,94.31999969482422,94.31999969482422,0.0,1.5260000228881836,1.5470000505447388,1.4500000476837158,1.4529999494552612,1.4529999494552612,0.0,15.59000015258789,17.020000457763672,14.949999809265137,16.479999542236328,16.479999542236328,0.0,0.0009538645188295494,0.009574008825258643,0.0009543195922709913,387.38599548339846,377.9714996337891,373.8731994628907,348.3497010803222,386.72759382412363,379.3346380902007,7.392955733922918,4.929071218240401,78.5109013935418,95.66526303019336,97.40195054260967,6.549050949018351,-8.356595003649304,4.657406967171223,353.6954177808925,402.2475814866857,12.84545627192385,0.10660211487329037,0.012737090343012807,0.010559876443562826,0.004906782868087179,-0.00843806799181019,-0.004999031595204403,-0.433883739117558,-0.9009688679024191,-0.8660254037844386,0.5000000000000001
2021-11-08,398.5700073242188,399.6199951171875,397.3999938964844,398.05999755859375,387.1663208007813,29256300.0,-0.0013557018166996,94.25,94.37999725341795,93.98999786376952,94.0500030517578,94.0500030517578,0.0,1.4830000400543213,1.503999948501587,1.4600000381469729,1.496999979019165,1.496999979019165,0.0,17.229999542236328,17.690000534057617,16.440000534057617,17.219999313354492,17.219999313354492,0.0,-0.0013557018166996772,0.005569915397315016,-0.001354783268131321,389.39899597167977,379.9549987792969,374.22919921875,348.72790100097654,388.47104055250367,380.7217017545261,7.749338797977543,5.49312473418783,77.29530826463865,92.78536706927471,95.42858115419261,5.326384587867727,-10.244738380902385,4.483306556709216,355.9342335057637,403.9757640528301,12.64400539574743,0.09871988501506006,0.0009538645188295494,0.012737090343012807,0.00341304402969579,0.010185865202393913,-0.007699178351946442,0.0,1.0,-0.8660254037844386,0.5000000000000001
2021-11-09,399.1600036621094,399.5700073242188,393.9200134277344,395.3200073242188,384.5012512207031,50490700.0,-0.0069073271259024,94.08999633789062,94.1500015258789,93.87999725341795,93.95999908447266,93.95999908447266,0.0,1.4639999866485596,1.468999981880188,1.4149999618530271,1.4320000410079956,1.4320000410079956,0.0,17.43000030517578,18.56999969482422,17.209999084472656,17.780000686645508,17.780000686645508,0.0,-0.006907327125902468,0.01415470950157415,-0.006883526373280602,391.0189971923828,381.863998413086,374.5365991210938,349.06610107421875,389.52472774815215,381.8030577226515,7.721670025500657,5.938833792450396,71.26592020499382,87.1911782071584,91.88060276887549,4.273056661657694,-19.82513199397311,4.56664136669316,359.463759104179,404.26423772199297,11.732050888272136,0.10336352082520552,-0.0013557018166996772,0.0009538645188295494,0.004172488656361093,0.0031438031363995936,-0.0034940883817041976,0.7818314824680298,0.6234898018587336,-0.8660254037844386,0.5000000000000001
2021-11-10,392.4700012207031,395.3599853515625,387.5299987792969,389.510009765625,378.8502197265625,54937400.0,-0.0148061147302551,93.9800033569336,94.9000015258789,93.97000122070312,94.8499984741211,94.8499984741211,0.0,1.4730000495910645,1.5920000076293943,1.4639999866485596,1.559999942779541,1.559999942779541,0.0,17.739999771118164,19.89999961853028,17.219999313354492,18.729999542236328,18.729999542236328,0.0,-0.014806114730255102,0.019950535194822393,-0.0146970431856851,391.9699981689453,383.3394989013672,374.71519958496094,349.38175109863283,389.52246344314796,382.373943059168,7.148520383979928,6.180771110756303,60.490822623688835,76.59676783714845,85.52443770452719,2.502634148848684,-40.13982611367914,4.799737452805479,363.2329618424385,403.44603596029594,10.490198435878954,0.12438885704763078,-0.006907327125902468,-0.0013557018166996772,0.010559876443562826,0.0023185006559458604,0.007976367250647215,0.9749279121818236,-0.22252093395631434,-0.8660254037844386,0.5000000000000001
2021-11-11,392.5700073242188,392.75,390.239990234375,390.5899963378906,379.9006652832031,32243000.0,0.0027688830379396,94.83999633789062,95.1999969482422,94.83999633789062,95.18000030517578,95.18000030517578,0.0,1.559999942779541,1.559999942779541,1.559999942779541,1.559999942779541,1.559999942779541,0.0,18.34000015258789,18.38999938964844,17.270000457763672,17.65999984741211,17.65999984741211,0.0,0.002768883037939699,0.00639378892629465,0.00277271993506778,392.6069976806641,384.53749847412115,374.91899963378904,349.6835011291505,389.6866992731084,382.98253959833266,6.704159674775724,6.285448823560188,61.651508471750645,67.37345402555903,77.05380002328863,1.6579030495417797,-37.91467981567066,4.6883269372033025,365.8154067242549,403.2595902239874,9.737459584127514,0.1123207642012302,-0.014806114730255102,-0.006907327125902468,0.012737090343012807,0.011044082647600812,0.01824901965370861,0.43388373911755823,-0.900968867902419,-0.8660254037844386,0.5000000000000001
2021-11-12,391.7699890136719,395.25,390.1300048828125,394.7000122070313,383.8982849121094,34730600.0,0.0104678230604742,95.18000030517578,95.2699966430664,95.0,95.12999725341795,95.12999725341795,0.0,1.5720000267028809,1.5889999866485596,1.5410000085830688,1.5820000171661377,1.5820000171661377,0.0,17.489999771118164,17.690000534057617,16.149999618530273,16.290000915527344,16.290000915527344,0.0,0.010467823060474278,0.013068880365435097,0.010522802390793728,393.466000366211,385.8254989624024,375.1815997314453,350.00020126342787,390.4579781860196,383.8505005323103,6.607477653709282,6.349854589590007,65.77249987817147,64.8975134961123,69.62257845293992,2.2247616434077404,-27.2529535823133,4.719160378630746,368.1038481226778,403.54714980212697,9.18635543134567,0.11481668398588057,0.002768883037939699,-0.014806114730255102,0.0009538645188295494,0.004906782868087179,0.006280901507163097,-0.433883739117558,-0.9009688679024191,-0.8660254037844386,0.5000000000000001
2021-11-15,395.9100036621094,396.239990234375,392.1000061035156,394.6099853515625,383.8106384277344,33716900.0,-0.00022833259349,95.12000274658205,95.5999984741211,94.97000122070312,95.41000366210938,95.41000366210938,0.0,1.5529999732971191,1.625,1.5490000247955322,1.6230000257492063,1.6230000257492063,0.0,17.030000686645508,17.459999084472656,16.489999771118164,16.489999771118164,16.489999771118164,0.0,-0.00022833259349000742,0.010456881848311813,-0.00022830652758731862,394.1839996337891,386.9234985351563,375.44239929199216,350.30535125732433,391.09674851918004,384.64749940781047,6.449249111369568,6.369733493945919,65.6061924976258,68.46809661920028,66.91302138029053,1.8532361488568934,-29.4280767444152,4.677790646647077,369.9329034806887,403.91409358962386,8.782405368912373,0.11270509448915345,0.010467823060474278,0.002768883037939699,-0.0013557018166996772,0.00341304402969579,0.010005418687808396,0.0,1.0,-0.8660254037844386,0.5000000000000001
2021-11-16,393.8599853515625,397.9299926757813,393.6600036621094,397.4200134277344,386.54388427734375,27872900.0,0.0070961024784013,95.47000122070312,95.9800033569336,95.4000015258789,95.91999816894533,95.91999816894533,0.0,1.60099995136261,1.6369999647140503,1.5989999771118164,1.633999943733215,1.633999943733215,0.0,16.860000610351562,17.079999923706055,16.030000686645508,16.3700008392334,16.3700008392334,0.0,0.007096102478401362,0.01084138824069804,0.0071213394730433865,395.02100219726566,388.0209991455078,375.7485998535156,350.6249012756349,392.06955850511144,385.59361155743443,6.475946947677016,6.390976184692139,68.30047534194686,75.24139686877909,69.53566899469722,2.1514010788813183,-17.59477906693424,4.648661958577423,371.3121260296306,404.729872261385,8.612355080097817,0.11247208466927908,-0.00022833259349000742,0.010467823060474278,-0.006907327125902468,0.004172488656361093,0.007539027034001741,0.7818314824680298,0.6234898018587336,-0.8660254037844386,0.5000000000000001
2021-11-17,397.75,399.7200012207031,396.6400146484375,397.6300048828125,386.748046875,28703300.0,0.0005280349999146,95.94000244140624,96.23999786376952,95.7300033569336,95.83000183105467,95.83000183105467,0.0,1.6410000324249268,1.6460000276565552,1.5989999771118164,1.6039999723434448,1.6039999723434448,0.0,16.360000610351562,17.190000534057617,16.280000686645508,17.110000610351562,17.110000610351562,0.0,0.0005280349999146791,0.007743523751767756,0.0005281744349363571,395.4660034179688,389.1534988403321,376.085599975586,350.9493013000489,392.9250117939885,386.4851962482031,6.439815545785393,6.40074405691079,68.49906745070903,78.80577224524515,74.17175524440817,1.1318002670346203,-16.559827452915087,4.536613716698009,373.10915173463786,405.1978459460263,8.245767880029847,0.11176149991782938,0.007096102478401362,-0.00022833259349000742,-0.014806114730255102,0.010559876443562826,-0.0013058075413340776,0.9749279121818236,-0.22252093395631434,-0.8660254037844386,0.5000000000000001
2021-11-18,399.7300109863281,402.2699890136719,397.4500122070313,401.75,390.75531005859375,45721500.0,0.0103081192671806,95.8000030517578,95.83999633789062,95.5199966430664,95.54000091552734,95.54000091552734,0.0,1.5959999561309814,1.6130000352859497,1.5770000219345093,1.5889999866485596,1.5889999866485596,0.0,16.809999465942383,18.14999961853028,16.3799991607666,17.59000015258789,17.59000015258789,0.0,0.010308119267180673,0.012058080890017099,0.010361430952200656,395.8190032958985,390.3774993896484,376.5311999511719,351.28515136718755,394.28270228722107,387.6159224520399,6.66677983518116,6.453951212564865,72.18140945237022,87.64409525924759,80.56375479109062,0.8864443695635631,-2.913107702407902,4.556853937408192,374.41543521434306,406.3395635649537,8.177758298191812,0.11431639188934976,0.0005280349999146791,0.007096102478401362,0.002768883037939699,0.012737090343012807,0.0060884921184339354,0.43388373911755823,-0.900968867902419,-0.8660254037844386,0.5000000000000001
2021-11-19,403.4299926757813,405.2999877929688,402.5799865722656,403.989990234375,392.9340515136719,45191700.0,0.0055602313240534,95.58999633789062,96.23999786376952,95.58000183105467,96.06999969482422,96.06999969482422,0.0,1.5290000438690186,1.5570000410079956,1.5210000276565552,1.5360000133514404,1.5360000133514404,0.0,17.360000610351562,19.01000022888184,17.229999542236328,17.90999984741211,17.90999984741211,0.0,0.005560231324053435,0.0067421889053477626,0.005575718100290006,396.35800170898443,391.87199859619136,377.07919982910164,351.62285125732427,395.77613120216785,388.8288163618425,6.947314840325362,6.552623938116965,73.96345258614933,91.15502624983814,85.8682979181103,1.352228812926713,-7.061986095162542,4.484934927091094,376.7520351302841,406.9919620620986,7.716786869218364,0.10600355329578491,0.010308119267180673,0.0005280349999146791,0.010467823060474278,0.0009538645188295494,-0.00843806799181019,-0.433883739117558,-0.9009688679024191,-0.8660254037844386,0.5000000000000001
2021-11-22,405.5700073242188,408.7099914550781,399.1900024414063,399.2999877929688,388.372314453125,61715400.0,-0.0116773370748093,96.06999969482422,96.5500030517578,96.04000091552734,96.5,96.5,0.0,1.5750000476837158,1.6269999742507937,1.5700000524520874,1.625,1.625,0.0,18.200000762939453,19.59000015258789,17.350000381469727,19.170000076293945,19.170000076293945,0.0,-0.011677337074809389,0.023473109060703778,-0.011609421588620328,396.48200073242197,392.9404983520507,377.5385998535157,351.93710113525395,396.31826298536794,389.60445869007407,6.713804295293869,6.584860009552346,64.62837460351156,81.86538907382314,86.88817019430296,0.31150837611923876,-44.428738980960105,4.844581647561145,378.9941740892392,406.88682261486224,7.098440767139486,0.1165384434912353,0.005560231324053435,0.010308119267180673,-0.00022833259349000742,-0.0013557018166996772,0.010185865202393913,0.0,1.0,-0.8660254037844386,0.5000000000000001
2021-11-23,398.1099853515625,400.2300109863281,392.9200134277344,397.4800109863281,386.6021728515625,70098700.0,-0.0045682656887176,96.45999908447266,96.61000061035156,96.30999755859376,96.48999786376952,96.48999786376952,0.0,1.6549999713897705,1.6690000295639038,1.6390000581741333,1.6670000553131104,1.6670000553131104,0.0,20.239999771118164,20.90999984741211,19.030000686645508,19.3799991607666,19.3799991607666,0.0,-0.0045682656887176465,0.018361753855880923,-0.004557847034114881,396.69800109863286,393.8584991455078,377.98299987792973,352.24680114746104,396.49699344705414,390.18783293424104,6.309160512813094,6.529720110204496,61.39036269332611,65.1625434005445,79.39431957473525,0.5463937119524049,-53.021644722243835,5.020682784063474,381.40546173743377,406.3115365535818,6.323609842159754,0.1193737203826471,-0.011677337074809389,0.005560231324053435,0.007096102478401362,-0.006907327125902468,0.0031438031363995936,0.7818314824680298,0.6234898018587336,-0.8660254037844386,0.5000000000000001
2021-11-24,394.9299926757813,399.0499877929688,392.5400085449219,398.760009765625,387.8471374511719,46954400.0,0.0032150991820021,96.52999877929688,96.94000244140624,96.44000244140624,96.83999633789062,96.83999633789062,0.0,1.6649999618530271,1.6929999589920044,1.6390000581741333,1.6449999809265137,1.6449999809265137,0.0,19.170000076293945,20.959999084472656,18.520000457763672,18.57999992370605,18.57999992370605,0.0,0.0032150991820021754,0.01648388162149871,0.0032202731568387044,397.6230010986328,394.79649963378904,378.39720031738284,352.5709512329102,396.8451498037573,390.822808995825,6.022340807932267,6.428244249750051,62.801937546364634,51.857135035286944,66.29502250321819,2.3747785084049284,-46.97821119093521,5.127061102919435,384.0262572210793,405.5667420464988,5.456098229189052,0.11941154843903093,-0.0045682656887176465,-0.011677337074809389,0.0005280349999146791,-0.014806114730255102,0.0023185006559458604,0.9749279121818236,-0.22252093395631434,-0.8660254037844386,0.5000000000000001
2021-11-25,394.9299926757813,399.0499877929688,392.5400085449219,398.760009765625,387.8471374511719,46954400.0,0.0,96.52999877929688,96.94000244140624,96.44000244140624,96.83999633789062,96.83999633789062,0.0,1.6649999618530271,1.6929999589920044,1.6390000581741333,1.6449999809265137,1.6449999809265137,0.0,19.170000076293945,20.959999084472656,18.520000457763672,18.57999992370605,18.57999992370605,0.0,0.0,0.01648388162149871,0.0,398.44000244140636,395.52350006103524,378.8062005615235,352.9024012756348,397.13974364404464,391.41074979358797,5.728993850456675,6.288394169891376,62.80193754636464,51.00731096529525,56.00899646704222,2.091710874404136,-46.97821119093521,5.225840970428543,385.85240825749503,405.19459186457544,4.8902741819627975,0.11517969492788219,0.0032150991820021754,-0.0045682656887176465,0.010308119267180673,0.002768883037939699,0.011044082647600812,0.43388373911755823,-0.900968867902419,-0.8660254037844386,0.5000000000000001
2021-11-26,396.1099853515625,397.5400085449219,389.7699890136719,391.2000122070313,380.4940185546875,51533300.0,-0.0191408291363897,96.72000122070312,96.7699966430664,95.75,96.08999633789062,96.08999633789062,0.0,1.537999987602234,1.5429999828338623,1.4730000495910645,1.4819999933242798,1.4819999933242798,0.0,26.6200008392334,28.989999771118164,23.8799991607666,28.6200008392334,28.6200008392334,0.0,-0.019140829136389776,0.01961581333112271,-0.018958806670089423,398.09000244140634,395.7780014038087,379.1536010742187,353.20330139160166,396.2259388075811,391.3951396019912,4.830799205589869,5.996875177031074,50.2241963645327,41.12377153977909,47.996072513453754,-0.8867494025219719,-82.67226299879229,5.494710954823156,386.91589462609386,404.6401081815235,4.478322062510436,0.13640925795313164,0.0,0.0032150991820021754,0.005560231324053435,0.010467823060474278,0.004906782868087179,-0.433883739117558,-0.9009688679024191,-0.8660254037844386,0.5000000000000001
2021-11-29,395.8900146484375,400.7300109863281,395.1400146484375,399.6900024414063,388.751708984375,54447100.0,0.021470402368286,96.13999938964844,96.4499969482422,96.13999938964844,96.33999633789062,96.33999633789062,0.0,1.5470000505447388,1.565000057220459,1.5110000371932983,1.5299999713897705,1.5299999713897705,0.0,25.309999465942383,25.690000534057617,21.709999084472656,22.959999084472656,22.959999084472656,0.0,0.021470402368286037,0.014120074088897427,0.02170254991406817,398.5980041503907,396.3910018920899,379.8334008789062,353.5895513916017,396.7588716743235,392.00957388639233,4.749297787931141,5.7473596992110885,59.92977820913289,42.587405467038394,44.906162657370906,1.287351379443164,-42.587309409157314,5.7829457994284175,388.2974754472862,404.48452833689356,4.083607552225408,0.15503906775675105,-0.019140829136389776,0.0,-0.011677337074809389,-0.00022833259349000742,0.00341304402969579,0.0,1.0,-0.8660254037844386,0.5000000000000001
2021-11-30,398.7799987792969,401.1900024414063,391.75,393.8200073242188,383.042236328125,81332700.0,-0.0147955988654256,96.22000122070312,96.63999938964844,95.5199966430664,95.98999786376952,95.98999786376952,0.0,1.444000005722046,1.5,1.4119999408721924,1.4429999589920044,1.4429999589920044,0.0,26.229999542236328,28.559999465942383,23.709999084472656,27.190000534057617,27.190000534057617,0.0,-0.014795598865425603,0.023672206405293755,-0.014686681818495861,398.2380035400391,396.62950286865237,380.386801147461,353.9512513732911,396.3067386973843,392.1436800669721,4.163058630412195,5.4304994854513104,52.33201146573593,32.04127908205803,38.58415202962517,-0.9058441904990228,-78.61659034587628,6.044164130998267,389.19230716436186,404.06669857294287,3.750197930562619,0.16509030365941396,0.021470402368286037,-0.019140829136389776,-0.0045682656887176465,0.007096102478401362,0.004172488656361093,0.7818314824680298,0.6234898018587336,-0.8660254037844386,0.5000000000000001
2021-12-01,398.2799987792969,400.4800109863281,386.6400146484375,387.1199951171875,376.5257263183594,77766500.0,-0.0171588856192492,95.94000244140624,96.13999938964844,95.66999816894533,96.0500030517578,96.0500030517578,0.0,1.4819999933242798,1.496999979019165,1.430999994277954,1.434000015258789,1.434000015258789,0.0,24.920000076293945,32.61000061035156,22.3799991607666,31.1200008392334,31.1200008392334,0.0,-0.01715888561924926,0.03474941342851597,-0.017012510349337595,397.1870025634766,396.32650299072264,380.7378009033204,354.266201324463,394.8933935312001,391.77155525587693,3.121838275323171,4.968767243425683,45.27635707394549,26.990304028433783,33.872996192510065,-2.6431631508096216,-97.82518815966505,6.601009288633436,387.87320256622274,404.77980341522255,4.265826464145285,0.17210269559668095,-0.014795598865425603,0.021470402368286037,0.0032150991820021754,0.0005280349999146791,0.010559876443562826,0.9749279121818236,-0.22252093395631434,-0.5000000000000004,0.8660254037844384
2021-12-02,385.7999877929688,391.739990234375,384.3399963378906,389.9100036621094,379.2392883300781,84416600.0,0.0071809983788837,96.06999969482422,96.18000030517578,95.83000183105467,96.12999725341795,96.12999725341795,0.0,1.4220000505447388,1.465000033378601,1.409000039100647,1.4479999542236328,1.4479999542236328,0.0,29.440000534057617,30.68000030517578,27.14999961853028,27.950000762939453,27.950000762939453,0.0,0.007180998378883759,0.019180907544391685,0.007206843575475519,396.00300292968757,395.911003112793,381.076400756836,354.6516014099122,394.12671816672463,391.6336625452275,2.493055621497149,4.473624919039976,48.39642659354407,15.471408861214886,24.83433065723557,-2.9471054979192597,-77.14399491081402,6.658079617765646,387.04284370685343,404.7791625187326,4.4798751922603675,0.1673816383566716,-0.01715888561924926,-0.014795598865425603,0.0,0.010308119267180673,0.012737090343012807,0.43388373911755823,-0.900968867902419,-0.5000000000000004,0.8660254037844384
2021-12-03,391.30999755859375,392.3399963378906,378.8999938964844,383.1300048828125,372.6449279785156,105349100.0,-0.0175413429284459,96.12000274658205,96.4499969482422,95.97000122070312,96.12000274658205,96.12000274658205,0.0,1.4240000247955322,1.4700000286102295,1.343000054359436,1.343000054359436,1.343000054359436,0.0,26.950000762939453,35.31999969482422,25.88999938964844,30.670000076293945,30.670000076293945,0.0,-0.017541342928445985,0.034346177008661216,-0.017388389216211664,393.9170043945313,395.13750305175785,381.2724011230469,354.9965513610841,392.43491612304587,391.0037619776412,1.431154145404662,3.865130764312913,42.112777529423376,13.073574705861118,18.511762531836595,-5.163490644770819,-85.8100928119376,7.142502676597117,384.69752598770077,405.5774801158149,5.284224850046479,0.17703512171632507,0.007180998378883759,-0.01715888561924926,-0.019140829136389776,0.005560231324053435,0.0009538645188295494,-0.433883739117558,-0.9009688679024191,-0.5000000000000004,0.8660254037844384
2021-12-06,383.6300048828125,387.6000061035156,379.2999877929688,386.2000122070313,375.630859375,67588800.0,0.0079808736186423,96.1500015258789,96.43000030517578,96.12999725341795,96.29000091552734,96.29000091552734,0.0,1.3899999856948853,1.440999984741211,1.3700000047683716,1.434000015258789,1.434000015258789,0.0,28.989999771118164,30.81999969482422,26.75,27.18000030517578,27.18000030517578,0.0,0.007980873618642395,0.02163547742591778,0.008012805682562574,392.60700683593757,394.5445037841797,381.5894012451172,355.3096014404298,391.4757001359667,390.6479286612997,0.8277714746669744,3.2576589063837256,45.559566390960484,20.511467469817966,16.352150345631323,-3.280735283350333,-75.51150986779449,7.225182364736382,383.4751327561129,405.61387481224654,5.611215425331028,0.18053868326489278,-0.017541342928445985,0.007180998378883759,0.021470402368286037,-0.011677337074809389,-0.0013557018166996772,0.0,1.0,-0.5000000000000004,0.8660254037844384
2021-12-07,393.0299987792969,398.4599914550781,392.989990234375,397.8299865722656,386.9425659179688,56005300.0,0.0296693693659801,96.3000030517578,96.58999633789062,96.16999816894533,96.37000274658205,96.37000274658205,0.0,1.4529999494552612,1.4819999933242798,1.4390000104904177,1.4800000190734863,1.4800000190734863,0.0,24.57999992370605,24.690000534057617,21.57999992370605,21.88999938964844,21.88999938964844,0.0,0.029669369365980112,0.013917515807170648,0.030113890434321666,392.64200439453134,394.67000274658204,382.3486010742188,355.7067514038087,392.4532826646281,391.1799329510009,1.2733497136271694,2.8607970678324146,56.199424079220805,34.06018614256831,22.548409439415796,0.0880486002476079,-36.49783889256296,7.584810713544271,383.5070930837775,405.8329124093866,5.656832080026249,0.2102778132002777,0.007980873618642395,-0.017541342928445985,-0.014795598865425603,-0.0045682656887176465,-0.006907327125902468,0.7818314824680298,0.6234898018587336,-0.5000000000000004,0.8660254037844384
2021-12-08,398.1700134277344,399.8200073242188,396.2200012207031,399.6099853515625,388.67376708984375,39204000.0,0.004464073210272,96.26000213623048,96.37999725341795,95.8499984741211,95.88999938964844,95.88999938964844,0.0,1.4900000095367432,1.5369999408721924,1.4889999628067017,1.508999943733215,1.508999943733215,0.0,21.739999771118164,23.11000061035156,19.850000381469727,19.89999961853028,19.89999961853028,0.0,0.0044640732102720635,0.009041379265415383,0.0044740520282846585,392.72700195312507,395.1750015258789,383.1552008056641,356.1590013122559,393.5543138472334,391.80438127696846,1.7499325702649458,2.6386241683189207,57.56636611472118,52.48798645392066,35.68654668876898,0.2131546707597588,-30.52669187788054,7.300181812827943,384.08135661304823,406.26864643870954,5.614547919273767,0.20289278258119633,0.029669369365980112,0.007980873618642395,-0.01715888561924926,0.0032150991820021754,-0.014806114730255102,0.9749279121818236,-0.22252093395631434,-0.5000000000000004,0.8660254037844384
2021-12-09,398.3500061035156,400.2000122070313,393.5299987792969,393.7300109863281,382.954833984375,49973700.0,-0.014823291452753,95.95999908447266,96.33999633789062,95.95999908447266,96.2699966430664,96.2699966430664,0.0,1.4839999675750732,1.5080000162124634,1.472000002861023,1.4869999885559082,1.4869999885559082,0.0,20.309999465942383,22.1200008392334,19.940000534057617,21.57999992370605,21.57999992370605,0.0,-0.014823291452753073,0.01674410273763409,-0.01471396731579977,392.22400207519536,395.3320022583008,383.87060119628916,356.6071513366699,393.5813441763249,391.9470205146988,1.6343236616260697,2.4377640669803506,51.813865389959595,60.907979069369055,49.15205055528601,-1.2614100351370001,-50.25153202144932,7.2551697853212636,384.4242523491498,406.2397521674518,5.518273171330117,0.21064229889308633,0.0044640732102720635,0.029669369365980112,0.007180998378883759,0.0,0.002768883037939699,0.43388373911755823,-0.900968867902419,-0.5000000000000004,0.8660254037844384
2021-12-10,396.6199951171875,398.2799987792969,393.3599853515625,398.010009765625,387.11767578125,52545800.0,0.0108116633025296,96.22000122070312,96.43000030517578,95.9800033569336,96.0500030517578,96.0500030517578,0.0,1.508999943733215,1.5199999809265137,1.4509999752044678,1.4889999628067017,1.4889999628067017,0.0,21.270000457763672,21.299999237060547,18.690000534057617,18.690000534057617,18.690000534057617,0.0,0.010811663302529643,0.01240485474334364,0.010870320537708311,392.90500183105473,395.49750213623054,384.627201538086,357.05380142211914,394.2626773439095,392.3961308295822,1.8665465143272968,2.32352055644974,55.3142055139357,68.31844240483773,60.571469309375814,1.7407968676109598,-14.266448886156969,7.088372902636486,384.5298482876556,406.46515598480545,5.546256949454545,0.21086367913526635,-0.014823291452753073,0.0044640732102720635,-0.017541342928445985,-0.019140829136389776,0.010467823060474278,-0.433883739117558,-0.9009688679024191,-0.5000000000000004,0.8660254037844384
2021-12-13,398.0,398.3299865722656,391.8800048828125,392.260009765625,381.5249938964844,50166400.0,-0.014552355216245,96.0500030517578,96.4499969482422,96.0500030517578,96.31999969482422,96.31999969482422,0.0,1.468000054359436,1.472000002861023,1.4140000343322754,1.4240000247955322,1.4240000247955322,0.0,19.290000915527344,21.18000030517578,18.959999084472656,20.309999465942383,20.309999465942383,0.0,-0.014552355216245037,0.016205984144354587,-0.014446981459782071,392.1620025634765,395.3800033569336,385.4200018310547,357.51540145874026,393.954574639558,392.38604778780757,1.5685268517504483,2.1725218155098815,50.05363702047338,65.1397529583443,64.78872481085037,-1.8589388351965415,-40.062760217360804,7.042773530266246,384.3223330158327,406.43767369803453,5.593439348078749,0.21747216530398059,0.010811663302529643,-0.014823291452753073,0.007980873618642395,0.021470402368286037,-0.00022833259349000742,0.0,1.0,-0.5000000000000004,0.8660254037844384
2021-12-14,387.2999877929688,390.0899963378906,383.6300048828125,388.2000122070313,377.576171875,75199200.0,-0.0104040352436583,96.3499984741211,96.58999633789062,96.0999984741211,96.56999969482422,96.56999969482422,0.0,1.4390000104904177,1.472000002861023,1.4210000038146973,1.437999963760376,1.437999963760376,0.0,19.670000076293945,23.0,19.670000076293945,21.88999938964844,21.88999938964844,0.0,-0.010404035243658367,0.016679555018554025,-0.01035010047744278,391.6000030517578,394.9190032958985,386.0364019775391,357.89755157470705,393.0692573422462,392.07597107812046,0.993286264125743,1.936674705233054,46.67803544304084,62.464534224900746,65.30757652936092,-1.4270466234999448,-58.27718822178001,7.1561471983052645,383.45801629681614,406.37999029498087,5.804221576288676,0.21844954998932065,-0.014552355216245037,0.010811663302529643,0.029669369365980112,-0.014795598865425603,0.007096102478401362,0.7818314824680298,0.6234898018587336,-0.5000000000000004,0.8660254037844384
2021-12-15,387.9400024414063,397.4200134277344,383.8800048828125,397.0499877929688,386.1839294433594,73858000.0,0.0225414289872109,96.5500030517578,96.91000366210938,96.3000030517578,96.51000213623048,96.51000213623048,0.0,1.4459999799728394,1.4839999675750732,1.4359999895095823,1.4630000591278076,1.4630000591278076,0.0,21.600000381469727,23.46999931335449,19.020000457763672,19.290000915527344,19.290000915527344,0.0,0.02254142898721099,0.03490232628682558,0.02279740674739683,392.59300231933594,394.8900024414063,386.78400146484375,358.3284014892578,393.68167741158817,392.4444167607018,1.2372606508863555,1.7967918943637144,53.965840440870835,61.02888056162911,62.87772258162471,2.5650942346120194,-18.57340987597186,7.6121372944921655,383.4549933759951,406.3250115068175,5.791490792227846,0.23413608893236756,-0.010404035243658367,-0.014552355216245037,0.0044640732102720635,-0.01715888561924926,0.0005280349999146791,0.9749279121818236,-0.22252093395631434,-0.5000000000000004,0.8660254037844384
2021-12-16,398.0400085449219,398.4800109863281,385.2099914550781,386.8399963378906,376.2532958984375,82591400.0,-0.0260511812351338,96.43000030517578,96.4499969482422,95.8499984741211,96.04000091552734,96.04000091552734,0.0,1.472000002861023,1.4789999723434448,1.4160000085830688,1.4220000505447388,1.4220000505447388,0.0,18.559999465942383,22.1299991607666,18.190000534057617,20.56999969482422,20.56999969482422,0.0,-0.026051181235133895,0.033338406306843336,-0.025714776788448357,392.28600158691415,394.14450225830086,387.26140136718755,358.67240142822266,392.62911109255776,392.0292745071602,0.5998365853975542,1.5574008325704825,46.13221351649722,52.92358468909919,58.805666491876345,-0.7873630569579271,-64.37864783495057,8.016271739974869,382.6486455689846,405.64035894761713,5.833320837129176,0.24792043758651158,0.02254142898721099,-0.010404035243658367,-0.014823291452753073,0.007180998378883759,0.010308119267180673,0.43388373911755823,-0.900968867902419,-0.5000000000000004,0.8660254037844384
2021-12-17,383.3299865722656,389.1900024414063,381.7699890136719,384.9100036621094,374.3761596679688,80492500.0,-0.0050015094121575,96.0,96.69000244140624,95.87999725341795,96.56999969482422,96.56999969482422,0.0,1.3949999809265137,1.4119999408721924,1.371999979019165,1.4019999504089355,1.4019999504089355,0.0,20.700000762939453,23.26000022888184,20.489999771118164,21.56999969482422,21.56999969482422,0.0,-0.005001509412157587,0.019356725765401622,-0.004989022690117251,392.4640014648438,393.1905029296876,387.7364013671875,359.0196514892578,391.441556103258,391.50192111123056,-0.060365007972563944,1.2338476644618732,44.80812897613984,48.003579778541095,53.9853483430898,0.4645939385095461,-73.03720295345428,7.9736818605291235,381.97139365547184,404.4096122039034,5.7067040992198335,0.24654112224457705,-0.026051181235133895,0.02254142898721099,0.010811663302529643,-0.017541342928445985,0.005560231324053435,-0.433883739117558,-0.9009688679024191,-0.5000000000000004,0.8660254037844384
2021-12-20,379.5700073242188,381.5,377.4700012207031,380.6900024414063,370.74456787109375,65336800.0,-0.0097477372948371,96.66999816894533,96.69000244140624,96.33999633789062,96.5500030517578,96.5500030517578,0.0,1.3869999647140503,1.4210000038146973,1.375,1.4190000295639038,1.4190000295639038,0.0,25.88999938964844,27.38999938964844,22.850000381469727,22.8700008392334,22.8700008392334,0.0,-0.009747737294837112,0.01061727402464272,-0.009700382097235782,391.9130004882813,392.26000366210945,388.1824011230469,359.32895156860354,389.7874709245116,390.70103824679916,-0.9135673222875766,0.8043646671119833,41.97146955516192,25.526021422132345,42.15106196325754,-1.4267243892968169,-86.00608494519811,7.935561902020346,380.1248429971498,404.3951643270691,6.187304620234899,0.24567366871555232,-0.005001509412157587,-0.026051181235133895,-0.014552355216245037,0.007980873618642395,-0.011677337074809389,0.0,1.0,-0.5000000000000004,0.8660254037844384
2021-12-21,384.0499877929688,389.5299987792969,380.2000122070313,389.2099914550781,379.0419921875,48899500.0,0.0221336670926715,96.54000091552734,96.63999938964844,96.33999633789062,96.48999786376952,96.48999786376952,0.0,1.4500000476837158,1.4980000257492063,1.4479999542236328,1.4869999885559082,1.4869999885559082,0.0,22.280000686645508,22.68000030517578,20.89999961853028,21.01000022888184,21.01000022888184,0.0,0.022133667092671516,0.024293677564950523,0.022380433957676305,391.0510009765626,391.84650268554697,388.8238006591797,359.6721015930176,389.6986279292141,390.5905903363013,-0.8919624070871919,0.4650992522721483,48.99242482459318,30.868815399035075,34.79947219990284,-2.166753489715055,-48.350265904242384,8.03516366418072,379.89810902494327,403.79489634615067,6.098507236233862,0.260285653075217,-0.009747737294837112,-0.005001509412157587,-0.010404035243658367,0.029669369365980112,-0.0045682656887176465,0.7818314824680298,0.6234898018587336,-0.5000000000000004,0.8660254037844384
2021-12-22,388.9100036621094,394.1600036621094,388.2300109863281,393.9500122070313,383.65814208984375,37042200.0,0.0121049048277014,96.47000122070312,96.5999984741211,96.0199966430664,96.08000183105467,96.08000183105467,0.0,1.4769999980926514,1.4809999465942385,1.4479999542236328,1.4570000171661377,1.4570000171661377,0.0,21.040000915527344,21.36000061035156,18.59000015258789,18.6299991607666,18.6299991607666,0.0,0.012104904827701405,0.015247724717652964,0.012178465704296704,390.4850036621094,391.6060028076173,389.50280090332035,360.0323516845703,390.3526870488783,390.83943640079985,-0.48674935192156,0.2747295314334067,52.44006385241834,46.04898734828928,34.1479413898189,-1.4163743029473481,-27.496687105691663,7.884794307866472,380.0565585656992,403.1554470495354,5.898502147114394,0.2640746171546714,0.022133667092671516,-0.009747737294837112,0.02254142898721099,0.0044640732102720635,0.0032150991820021754,0.9749279121818236,-0.22252093395631434,-0.5000000000000004,0.8660254037844384
2021-12-23,394.30999755859375,398.4299926757813,394.1400146484375,396.9200134277344,386.550537109375,29595500.0,0.0075107141596792,96.02999877929688,96.27999877929688,95.98999786376952,96.0199966430664,96.0199966430664,0.0,1.47599995136261,1.5010000467300415,1.4579999446868896,1.493000030517578,1.493000030517578,0.0,18.809999465942383,18.93000030517578,17.6200008392334,17.959999084472656,17.959999084472656,0.0,0.007510714159679293,0.01087970899522101,0.00753899032033023,390.80400390625005,391.5140029907227,390.10860107421877,360.45675170898437,391.3630449533177,391.2898495139061,0.07319543941156326,0.23442271302903805,54.5145962991355,69.90759698914847,48.941799912157606,0.8102004806326586,-14.430256022620537,7.641593319358153,380.177146377275,402.8508596041704,5.791290491194179,0.2656207003786674,0.012104904827701405,0.022133667092671516,-0.026051181235133895,-0.014823291452753073,0.0,0.43388373911755823,-0.900968867902419,-0.5000000000000004,0.8660254037844384
2021-12-24,394.30999755859375,398.4299926757813,394.1400146484375,396.9200134277344,386.550537109375,29595500.0,0.0,96.02999877929688,96.27999877929688,95.98999786376952,96.0199966430664,96.0199966430664,0.0,1.47599995136261,1.5010000467300415,1.4579999446868896,1.493000030517578,1.493000030517578,0.0,18.809999465942383,18.93000030517578,17.6200008392334,17.959999084472656,17.959999084472656,0.0,0.0,0.01087970899522101,0.0,390.695004272461,391.8000030517579,390.66820129394534,360.8756517028808,392.217963180151,391.7068986927082,0.511064487442809,0.2897510679117923,54.5145962991355,81.21426694968908,65.72361709570893,-0.27386153894282406,-14.430256022620537,7.402192227071414,380.21070719343743,403.3892989100784,5.915924332848725,0.256002276321139,0.007510714159679293,0.012104904827701405,-0.005001509412157587,0.010811663302529643,-0.019140829136389776,-0.433883739117558,-0.9009688679024191,-0.5000000000000004,0.8660254037844384
2021-12-27,398.25,403.4800109863281,398.2200012207031,403.4800109863281,392.939208984375,32820700.0,0.016392300125515,96.1500015258789,96.26000213623048,96.0500030517578,96.08999633789062,96.08999633789062,0.0,1.4889999628067017,1.49399995803833,1.47599995136261,1.4809999465942385,1.4809999465942385,0.0,19.3700008392334,19.40999984741211,17.549999237060547,17.68000030517578,17.68000030517578,0.0,0.016392300125515003,0.013207808576585059,0.016527391017936433,391.8170043945313,391.989503479004,391.28480163574227,361.3000018310546,393.95058591956285,392.57898108482823,1.371604834734626,0.5061218212763591,59.086168070692295,90.37982931825297,80.50056441903017,2.860347968534204,0.0,7.342035465037296,379.7512267291382,404.2277802288698,6.244185949495109,0.25114997722213284,0.0,0.007510714159679293,-0.009747737294837112,-0.014552355216245037,0.021470402368286037,0.0,1.0,-0.5000000000000004,0.8660254037844384
2021-12-28,404.3999938964844,404.5799865722656,400.7099914550781,401.6099853515625,391.1180114746094,33113700.0,-0.004645581311106,96.06999969482422,96.27999877929688,96.0,96.1999969482422,96.1999969482422,0.0,1.4859999418258667,1.4889999628067017,1.4550000429153442,1.4809999465942385,1.4809999465942385,0.0,17.780000686645508,18.46999931335449,17.510000228881836,17.540000915527344,17.540000915527344,0.0,-0.00464558131110608,0.009569721007904158,-0.004634807288569798,393.1580017089844,392.3790023803711,391.8076013183594,361.72195175170884,395.12895506294745,393.2479443638456,1.8810106991018642,0.7810995968414601,57.31764633095644,91.53812217726893,87.710739481737,3.454397919333271,-10.955377445572644,7.094032583048025,379.42075384838415,405.33725091235806,6.604965328611169,0.2454517467355568,0.016392300125515003,0.0,0.022133667092671516,-0.010404035243658367,-0.014795598865425603,0.7818314824680298,0.6234898018587336,-0.5000000000000004,0.8660254037844384
2021-12-29,401.75,403.0499877929688,399.1099853515625,401.5499877929688,391.0596008300781,32248500.0,-0.0001493539158394,96.1500015258789,96.4000015258789,95.76000213623048,95.93000030517578,95.93000030517578,0.0,1.5049999952316284,1.5579999685287476,1.5049999952316284,1.5429999828338623,1.5429999828338623,0.0,17.6299991607666,18.0,16.709999084472656,16.950000762939453,16.950000762939453,0.0,-0.0001493539158394828,0.009807100040837105,-0.0001493427630986366,393.60800170898443,393.1005020141602,392.3390008544922,362.1703517150878,396.1168062521815,393.86291054378063,2.2538957084008757,1.0756588191533434,57.258430923507476,92.6226444829683,91.51353199283005,1.1333585539225368,-11.176689105522453,6.868744715787903,379.77351668409233,406.4274873442281,6.780446863732482,0.23596452700413328,-0.00464558131110608,0.016392300125515003,0.012104904827701405,0.02254142898721099,-0.01715888561924926,0.9749279121818236,-0.22252093395631434,-0.5000000000000004,0.8660254037844384
2021-12-30,401.3299865722656,403.5700073242188,399.75,400.3500061035156,389.8909912109375,23850100.0,-0.0029927898212757,95.88999938964844,96.22000122070312,95.86000061035156,95.97000122070312,95.97000122070312,0.0,1.531000018119812,1.5499999523162842,1.5130000114440918,1.5149999856948853,1.5149999856948853,0.0,17.299999237060547,17.790000915527344,16.6200008392334,17.329999923706055,17.329999923706055,0.0,-0.0029927898212757844,0.009518370049657268,-0.0029883158901100604,394.9590026855469,393.62250213623054,392.80060119628916,362.6154518127441,396.7680677677714,394.343436140798,2.424631626973394,1.3454533807173534,56.01204221755404,87.42163285829005,90.52746650617576,3.4924025161618757,-15.603034874034716,6.650977759247254,380.0069776941936,407.23802657826747,6.918062035652968,0.2357043235680185,-0.0001493539158394828,-0.00464558131110608,0.007510714159679293,-0.026051181235133895,0.007180998378883759,0.43388373911755823,-0.900968867902419,-0.5000000000000004,0.8660254037844384
2021-12-31,399.6600036621094,401.05999755859375,397.3399963378906,397.8500061035156,387.4562683105469,34752900.0,-0.0062642038861212,95.98999786376952,96.11000061035156,95.56999969482422,95.66999816894533,95.66999816894533,0.0,1.5049999952316284,1.5219999551773071,1.491000056266785,1.5119999647140503,1.5119999647140503,0.0,17.6299991607666,18.270000457763672,16.989999771118164,17.219999313354492,17.219999313354492,0.0,-0.00626420388612122,0.009307914694031236,-0.006244624665034615,396.25300292968757,394.35850219726564,393.27560119628913,363.02470184326165,396.93451981942434,394.6031820639623,2.331337755462016,1.542630255666286,53.40386656012429,82.79851558337279,87.61426430821038,3.361825444465596,-24.82472927032443,6.441622292208388,381.56448820153366,407.1525161929976,6.488519417964603,0.2269301155769982,-0.0029927898212757844,-0.0001493539158394828,0.0,-0.005001509412157587,-0.017541342928445985,-0.433883739117558,-0.9009688679024191,-0.5000000000000004,0.8660254037844384
2022-01-03,399.0499877929688,401.9400024414063,396.8800048828125,401.6799926757813,391.1861877441406,40575900.0,0.0095806436829327,95.66999816894533,96.33000183105467,95.62999725341795,96.23999786376952,96.23999786376952,0.0,1.534000039100647,1.6349999904632568,1.5329999923706057,1.628000020980835,1.628000020980835,0.0,17.600000381469727,18.540000915527344,16.559999465942383,16.600000381469727,16.600000381469727,0.0,0.009580643682932783,0.01268010954361684,0.009626684967203092,398.352001953125,395.1325012207031,393.75060119628915,363.45355178833006,397.66459256655617,395.12739025743036,2.537202309125803,1.7415446663581897,56.7281839259459,82.9583642899491,84.39283757720398,5.513669941360139,-10.697142985793517,6.342934811235918,382.5453394552181,407.7196629861881,6.371109299588793,0.22756427480820196,-0.00626420388612122,-0.0029927898212757844,0.016392300125515003,-0.009747737294837112,0.007980873618642395,0.0,1.0,0.0,1.0
2022-01-04,402.239990234375,402.2799987792969,393.2900085449219,396.4700012207031,386.1123352050781,58027200.0,-0.0130552791618798,96.19000244140624,96.45999908447266,96.02999877929688,96.29000091552734,96.29000091552734,0.0,1.662999987602234,1.6859999895095823,1.6540000438690186,1.6679999828338623,1.6679999828338623,0.0,16.56999969482422,17.809999465942383,16.34000015258789,16.90999984741211,16.90999984741211,0.0,-0.013055279161879842,0.02234981715551644,-0.012970428655270205,399.07800292968756,395.06450195312493,394.0976013183594,363.8643017578125,397.4808092825788,395.2268429213765,2.2539663612022878,1.8440290053270094,51.36028347530726,78.18766838522794,81.3148494195166,1.8653194740667227,-29.915122588198216,6.532010198602996,382.5240910873208,407.60491281892905,6.348538430462203,0.20846991836921475,0.009580643682932783,-0.00626420388612122,-0.00464558131110608,0.022133667092671516,0.029669369365980112,0.7818314824680298,0.6234898018587336,0.0,1.0
2022-01-05,394.739990234375,395.8900146484375,384.0299987792969,384.2900085449219,374.2505187988281,75739800.0,-0.0312029414381673,96.30999755859376,96.33000183105467,95.88999938964844,96.19000244140624,96.19000244140624,0.0,1.659999966621399,1.7100000381469729,1.6469999551773071,1.7050000429153442,1.7050000429153442,0.0,17.06999969482422,20.170000076293945,16.579999923706055,19.729999542236328,19.729999542236328,0.0,-0.031202941438167334,0.030045133917389007,-0.03072115372835671,398.1120025634766,394.2985031127929,394.18340148925785,364.19010177612296,395.45145532293924,394.4167070416391,1.0347482813001534,1.6821728605216384,41.478720856719896,61.51484791858979,74.2202935312556,-2.4520886820109657,-74.84319067023888,6.954009644517514,381.07422518678675,407.52278103879905,6.707749495170272,0.23486908317878502,-0.013055279161879842,0.009580643682932783,-0.0001493539158394828,0.012104904827701405,0.0044640732102720635,0.9749279121818236,-0.22252093395631434,0.0,1.0
2022-01-06,382.4200134277344,387.3500061035156,380.1300048828125,384.0199890136719,373.9875793457031,70814300.0,-0.0007028229773397,96.1999969482422,96.38999938964844,96.04000091552734,96.25,96.25,0.0,1.7330000400543213,1.74399995803833,1.7209999561309814,1.7330000400543213,1.7330000400543213,0.0,20.290000915527344,21.059999465942383,19.07999992370605,19.61000061035156,19.61000061035156,0.0,-0.0007028229773397317,0.018879768231762493,-0.0007025760551219173,396.82200012207034,393.8130020141602,394.1794012451172,364.4873516845702,393.69276819843657,393.6465797803082,0.046188418128394915,1.3549759720429897,41.289065069591345,39.800827010679086,59.83444777149893,-3.250031234923143,-75.83920570952563,6.973009042816487,379.81076389149837,407.815240136822,7.111110121325222,0.22985148392429683,-0.031202941438167334,-0.013055279161879842,-0.0029927898212757844,0.007510714159679293,-0.014823291452753073,0.43388373911755823,-0.900968867902419,0.0,1.0
2022-01-07,384.0299987792969,385.760009765625,378.0400085449219,379.8599853515625,369.9361877441406,72652300.0,-0.0108920613494517,96.26000213623048,96.3000030517578,95.70999908447266,95.73999786376952,95.73999786376952,0.0,1.7389999628067017,1.8009999990463257,1.7269999980926514,1.7710000276565552,1.7710000276565552,0.0,19.850000381469727,20.799999237060547,18.56999969482422,18.76000022888184,18.76000022888184,0.0,-0.01089206134945171,0.02010259939390785,-0.010832957630973916,395.1159973144531,392.905500793457,394.05440124511716,364.763801574707,391.56464776045595,392.625350563364,-1.0607028029080539,0.8718402170527809,38.377661129578215,18.725031793800824,40.013568907689894,-4.298102262177295,-93.14250823883302,7.026365626951247,377.74392661663217,408.06707497028185,7.717669590375624,0.22772878079965034,-0.0007028229773397317,-0.031202941438167334,-0.00626420388612122,0.0,0.010811663302529643,-0.433883739117558,-0.9009688679024191,0.0,1.0
2022-01-10,374.8200073242188,380.6400146484375,369.30999755859375,380.1099853515625,370.1797180175781,91770500.0,0.0006580868762057,95.73999786376952,96.2300033569336,95.73999786376952,95.98999786376952,95.98999786376952,0.0,1.774999976158142,1.807999968528748,1.7669999599456787,1.7799999713897705,1.7799999713897705,0.0,19.57999992370605,23.32999992370605,19.290000915527344,19.39999961853028,19.39999961853028,0.0,0.0006580868762057645,0.030227887701958504,0.0006583034628824258,392.77899475097655,392.2979995727539,393.90800109863284,365.0091015625,389.8023920052416,391.69828647360094,-1.8958944683593586,0.31829327997035306,38.657597403378354,20.54639509261423,26.357417965698044,-5.792114850407674,-69.37910077379865,7.33376930287214,376.08997214765515,408.50602699785264,8.26312009887926,0.2232035361623936,-0.01089206134945171,-0.0007028229773397317,0.009580643682932783,0.016392300125515003,-0.014552355216245037,0.0,1.0,0.0,1.0
2022-01-11,379.3599853515625,385.989990234375,377.2200012207031,385.8200073242188,375.7405700683594,68295700.0,0.0149103199421701,95.93000030517578,96.06999969482422,95.58000183105467,95.62000274658205,95.62000274658205,0.0,1.7599999904632568,1.784999966621399,1.7450000047683716,1.746000051498413,1.746000051498413,0.0,19.6200008392334,21.0,18.200000762939453,18.40999984741211,18.40999984741211,0.0,0.01491031994217018,0.02311785468239225,0.015022033299288307,391.19999694824224,392.17899932861326,393.8434014892578,365.2841015625,389.18971743893036,391.2628583884615,-2.073140949531137,-0.15999356592994496,44.82300123482245,28.0962512140723,22.45589270016245,-3.93166968035454,-53.18963734515142,7.4363564250721215,375.81013679043184,408.5478618667947,8.347648683995788,0.22786263833821438,0.0006580868762057645,-0.01089206134945171,-0.013055279161879842,-0.00464558131110608,-0.010404035243658367,0.7818314824680298,0.6234898018587336,0.0,1.0
2022-01-12,388.4599914550781,390.2000122070313,385.010009765625,387.3500061035156,377.2305908203125,54576400.0,0.0039577151802385,95.58000183105467,95.69000244140624,94.91000366210938,95.0,95.0,0.0,1.7319999933242798,1.746000051498413,1.7109999656677246,1.725000023841858,1.725000023841858,0.0,18.170000076293945,18.690000534057617,17.360000610351562,17.6200008392334,17.6200008392334,0.0,0.003957715180238579,0.013360455530995097,0.003965557277144871,389.77999877929693,391.6940002441406,393.7268017578125,365.5627516174317,388.90668492578965,390.97301747846547,-2.066332552675817,-0.5412613632791194,46.378179885305975,42.85986223390131,30.500836180195943,-3.5362923972430576,-48.85167517934599,7.275902569095992,375.35804343276243,408.0299570555188,8.341183066983966,0.2122280923415986,0.01491031994217018,0.0006580868762057645,-0.031202941438167334,-0.0001493539158394828,0.02254142898721099,0.9749279121818236,-0.22252093395631434,0.0,1.0
2022-01-13,388.7699890136719,389.4700012207031,376.7000122070313,377.6600036621094,367.7937316894531,77994000.0,-0.0253343778965399,94.98999786376952,95.0199966430664,94.66000366210938,94.79000091552734,94.79000091552734,0.0,1.7380000352859497,1.746000051498413,1.7079999446868896,1.7109999656677246,1.7109999656677246,0.0,18.059999465942383,20.61000061035156,17.450000762939453,20.309999465942383,20.309999465942383,0.0,-0.02533437789653991,0.03284715737979131,-0.025016155530595552,387.5109985351563,391.2350006103516,393.31560180664064,365.7756517028809,387.1764262698389,389.98686830688354,-2.810442037044652,-0.995097498032226,38.900095459155736,40.54440769028216,37.16684037941859,-5.667541425124759,-76.32546440465612,7.668337315137123,373.84305058895893,408.6269506317443,8.890794532319518,0.2111260213412237,0.003957715180238579,0.01491031994217018,-0.0007028229773397317,-0.0029927898212757844,-0.026051181235133895,0.43388373911755823,-0.900968867902419,0.0,1.0
2022-01-14,375.0700073242188,380.3500061035156,374.8599853515625,380.010009765625,370.0823364257813,80121200.0,0.0062032424523624,94.87000274658205,95.2699966430664,94.62999725341795,95.16999816894533,95.16999816894533,0.0,1.72599995136261,1.774999976158142,1.7059999704360962,1.7719999551773071,1.7719999551773071,0.0,20.11000061035156,22.06999969482422,19.049999237060547,19.190000534057617,19.190000534057617,0.0,0.006203242452362446,0.014637322752409337,0.006222522406283293,385.72699890136727,390.9900009155274,392.9438018798828,365.9901518249512,386.073900653806,389.2478417482718,-3.1739410944658175,-1.4308662173189444,41.36916067784943,35.05343389918207,39.48590127445518,-4.484101059244141,-69.66255871845168,7.5127432749096945,373.09219756659456,408.8878042644602,9.155120748369015,0.21214965087890336,-0.02533437789653991,0.003957715180238579,-0.01089206134945171,-0.00626420388612122,-0.005001509412157587,-0.433883739117558,-0.9009688679024191,0.0,1.0
2022-01-17,375.0700073242188,380.3500061035156,374.8599853515625,380.010009765625,370.0823364257813,80121200.0,0.0,94.87000274658205,95.2699966430664,94.62999725341795,95.16999816894533,95.16999816894533,0.0,1.72599995136261,1.774999976158142,1.7059999704360962,1.7719999551773071,1.7719999551773071,0.0,20.11000061035156,22.06999969482422,19.049999237060547,19.190000534057617,19.190000534057617,0.0,0.0,0.014637322752409337,0.0,383.56000061035166,390.95600128173834,392.58280212402343,366.20685180664066,385.1409943633166,388.5635578977054,-3.4225635343887575,-1.829205680732907,41.369160677849436,28.414586918734777,34.670809502733,-5.394837508784605,-68.76821612068787,7.368263094698511,372.97343018760347,408.9385723758732,9.199281267037472,0.20936417240522917,0.006203242452362446,-0.02533437789653991,0.0006580868762057645,0.009580643682932783,-0.009747737294837112,0.0,1.0,0.0,1.0
2022-01-18,374.0400085449219,376.2200012207031,369.7699890136719,370.5499877929688,360.8694458007813,75450900.0,-0.0252092648204491,95.22000122070312,95.83000183105467,95.12999725341795,95.7300033569336,95.7300033569336,0.0,1.8270000219345093,1.866000056266785,1.812999963760376,1.8650000095367432,1.8650000095367432,0.0,21.18000030517578,23.200000762939453,21.18000030517578,22.790000915527344,22.790000915527344,0.0,-0.025209264820449162,0.017244177252917076,-0.024894164671508512,380.9679992675782,390.0230010986329,392.0874017333985,366.3566017150879,382.89622412172463,387.2292193714286,-4.33299524970397,-2.3299635945271198,34.80313066375699,21.72952560910054,28.399182142339125,-6.5376985264782785,-96.38064833355884,7.57338864164527,369.8554495193226,410.19055267794323,10.341724217546933,0.21015695321726277,0.0,0.006203242452362446,0.01491031994217018,-0.013055279161879842,0.022133667092671516,0.7818314824680298,0.6234898018587336,0.0,1.0
2022-01-19,372.1499938964844,374.6900024414063,366.2099914550781,366.4800109863281,356.90582275390625,81791500.0,-0.0110443017739526,95.7699966430664,95.79000091552734,95.48999786376952,95.51000213623048,95.51000213623048,0.0,1.8580000400543213,1.8739999532699585,1.8220000267028809,1.8270000219345093,1.8270000219345093,0.0,23.1200008392334,23.989999771118164,21.850000381469727,23.850000381469727,23.850000381469727,0.0,-0.011044301773952646,0.02278654071048284,-0.0109835373789533,379.1869995117188,388.6495010375977,391.6268017578126,366.50645172119147,380.3706528701252,385.69224097253226,-5.321588102407077,-2.9282884961031113,32.41910131201436,11.866578012913987,20.670230180249767,-4.634520066246228,-99.25140150701134,7.638147380551192,366.0170182416183,411.2819838335771,11.646731945136318,0.20488157629356324,-0.025209264820449162,0.0,0.003957715180238579,-0.031202941438167334,0.012104904827701405,0.9749279121818236,-0.22252093395631434,0.0,1.0
2022-01-20,369.7900085449219,373.8699951171875,361.1700134277344,361.7200012207031,352.2702331542969,88610700.0,-0.0130733562821465,95.58999633789062,95.86000061035156,95.41999816894533,95.73999786376952,95.73999786376952,0.0,1.8289999961853027,1.8450000286102293,1.820000052452088,1.8329999446868896,1.8329999446868896,0.0,23.459999084472656,25.88999938964844,21.68000030517578,25.59000015258789,25.59000015258789,0.0,-0.01307335628214659,0.0343437664511975,-0.012988271146267327,376.9570007324218,386.8895004272461,391.0494018554688,366.6070018005372,377.50132184713715,383.9165195094338,-6.4151976622966345,-3.625670329341816,29.84423693968691,1.9019316463826375,11.832678422799054,-5.806986206693221,-98.66215522028192,7.999706974044188,361.64153600529374,412.13746484919847,13.05177028276589,0.2030783590204438,-0.011044301773952646,-0.025209264820449162,-0.02533437789653991,-0.0007028229773397317,0.007510714159679293,0.43388373911755823,-0.900968867902419,0.0,1.0
2022-01-21,359.4700012207031,362.1799926757813,351.3999938964844,351.69000244140625,342.50213623046875,143388900.0,-0.0281206940338071,95.80999755859376,95.83999633789062,95.5,95.63999938964844,95.63999938964844,0.0,1.7719999551773071,1.784999966621399,1.7330000400543213,1.746999979019165,1.746999979019165,0.0,25.3799991607666,29.790000915527344,25.309999465942383,28.850000381469727,28.850000381469727,0.0,-0.028120694033807195,0.029988590821736907,-0.02772898759103959,374.14000244140624,384.6279998779297,390.18920166015624,366.6554017639161,373.5303496308709,381.5293700969873,-7.999020466116406,-4.500340356696734,25.28676166232616,0.8854761885768831,4.88466194929117,-7.41588585175266,-99.4300147069761,8.198299245847956,355.3775769998036,413.87842275605584,15.209721022603349,0.21849719208210194,-0.01307335628214659,-0.011044301773952646,0.006203242452362446,-0.01089206134945171,0.0,-0.433883739117558,-0.9009688679024191,0.0,1.0
2022-01-24,345.9100036621094,353.9800109863281,334.1499938964844,353.29998779296875,344.07012939453125,198685800.0,0.0045676062627564,95.63999938964844,96.12999725341795,95.62999725341795,95.91999816894533,95.91999816894533,0.0,1.7319999933242798,1.7369999885559082,1.7070000171661377,1.7350000143051147,1.7350000143051147,0.0,28.200000762939453,38.93999862670898,28.020000457763672,29.89999961853028,29.89999961853028,0.0,0.004567606262756466,0.05732709918737719,0.0045780536767436875,371.45900268554686,382.11899871826176,389.36300170898437,366.72750167846687,370.4179862711936,379.43830474113406,-9.020318469940435,-5.404335979345475,27.208310252627605,10.97499284458005,4.587466893179856,-7.05322106542328,-68.98285153900183,9.029136234704799,351.1209218166603,413.1170756198632,16.224305520310697,0.20606712623971063,-0.028120694033807195,-0.01307335628214659,0.0,0.0006580868762057645,0.016392300125515003,0.0,1.0,0.0,1.0
2022-01-25,346.6700134277344,351.0299987792969,341.67999267578125,345.1099853515625,336.09405517578125,124398400.0,-0.0234544542052423,95.93000030517578,96.2699966430664,95.9000015258789,95.9499969482422,95.9499969482422,0.0,1.77400004863739,1.7869999408721924,1.7300000190734863,1.7829999923706057,1.7829999923706057,0.0,32.290000915527344,35.849998474121094,29.1299991607666,31.15999984741211,31.15999984741211,0.0,-0.023454454205242354,0.026970911072078333,-0.023181536371046474,367.3880004882813,379.2939987182618,388.3168011474609,366.77100158691417,366.5244476681735,376.89546626783243,-10.371018599658953,-6.39767250340817,23.84818184149192,17.0470272636174,9.635832098924778,-10.551558032200795,-80.44605196316986,9.214197583453563,345.59458539984684,412.9934120366767,17.76954733388584,0.2143032868573807,0.004567606262756466,-0.028120694033807195,-0.025209264820449162,0.01491031994217018,-0.00464558131110608,0.7818314824680298,0.6234898018587336,0.0,1.0
2022-01-26,352.9100036621094,356.8800048828125,340.7799987792969,344.57000732421875,335.5682067871094,146559500.0,-0.0015658122419244,95.95999908447266,96.54000091552734,95.91000366210938,96.48999786376952,96.48999786376952,0.0,1.784999966621399,1.85699999332428,1.7710000276565552,1.8480000495910645,1.8480000495910645,0.0,29.350000381469727,33.040000915527344,26.89999961853028,31.959999084472656,31.959999084472656,0.0,-0.0015658122419244158,0.045620713316277754,-0.0015645869975202675,363.1100006103516,376.4449996948242,387.2556011962891,366.7974015808106,363.1468414614112,374.50098782756476,-11.354146366153543,-7.388967275957246,23.640884011463765,23.053886179443083,17.02530209588018,-11.044274714136527,-81.40943795949904,9.706041049172281,341.07498475366566,411.8150146359828,18.791597694129162,0.2137099662451708,-0.023454454205242354,0.004567606262756466,-0.011044301773952646,0.003957715180238579,-0.0001493539158394828,0.9749279121818236,-0.22252093395631434,0.0,1.0
2022-01-27,349.3999938964844,351.2699890136719,340.04998779296875,341.1000061035156,332.18878173828125,95255700.0,-0.0101218076604842,96.5500030517578,97.29000091552734,96.52999877929688,97.26000213623048,97.26000213623048,0.0,1.830000042915344,1.8420000076293943,1.781999945640564,1.807000041007996,1.807000041007996,0.0,32.189998626708984,33.0,28.420000076293945,30.489999771118164,30.489999771118164,0.0,-0.010121807660484268,0.0321121963843744,-0.010070754560404738,359.45400085449216,373.4824996948242,386.04260131835946,366.82690155029303,359.75502063711957,372.02684103319075,-12.271820396071178,-8.365537899980032,22.29944259226123,16.84805699371371,18.982990145591398,-9.6806644082183,-87.60033909618997,9.814181061424485,336.64795809386897,410.3170412957794,19.724909001654986,0.21314614831558726,-0.0015658122419244158,-0.023454454205242354,-0.01307335628214659,-0.02533437789653991,-0.0029927898212757844,0.43388373911755823,-0.900968867902419,0.0,1.0
2022-01-28,343.0299987792969,352.0199890136719,337.95001220703125,351.79998779296875,342.6092834472656,108167900.0,0.0308872555596894,97.25,97.44000244140624,97.05999755859376,97.2699966430664,97.2699966430664,0.0,1.8339999914169312,1.8480000495910645,1.7769999504089355,1.781999945640564,1.781999945640564,0.0,30.270000457763672,32.81999969482422,27.280000686645508,27.65999984741211,27.65999984741211,0.0,0.03088725555968942,0.041016753218989316,0.031369216186217574,356.6329986572266,371.17999877929685,384.9988012695313,366.88880142211923,358.53116943032717,370.5285556079891,-11.997386177661951,-9.091907555516416,34.61906069928995,20.826647690056912,20.242863621071233,-7.423494446910771,-68.51027987414025,10.118166471797068,335.00775831640317,407.35223924219054,19.490403891294612,0.25404895549338513,-0.010121807660484268,-0.0015658122419244158,-0.028120694033807195,0.006203242452362446,-0.00626420388612122,-0.433883739117558,-0.9009688679024191,0.0,1.0
2022-01-31,353.20001220703125,363.6499938964844,351.5199890136719,363.0499877929688,353.5653686523437,94326400.0,0.031477704068636,97.22000122070312,97.3000030517578,96.5199966430664,96.54000091552734,96.54000091552734,0.0,1.8029999732971191,1.815999984741211,1.7730000019073486,1.781999945640564,1.781999945640564,0.0,28.36000061035156,29.40999984741211,24.709999084472656,24.82999992370605,24.82999992370605,0.0,0.03147770406863605,0.03434316099542599,0.0319783664203146,354.93699645996094,369.2484985351562,384.27380126953125,366.99590133666993,359.22637225534896,369.9745876216913,-10.748215366342322,-9.423169117681597,44.57015703526104,31.8168198171269,23.16384150029917,-4.463046113736967,-48.43892157828908,10.261869215441028,335.9198930166451,402.5771040536673,18.052127849255356,0.28234696946407095,0.03088725555968942,-0.010121807660484268,0.004567606262756466,0.0,0.009580643682932783,0.0,1.0,0.0,1.0
2022-02-01,364.4299926757813,366.1900024414063,359.1400146484375,365.5199890136719,355.9708557128906,74433000.0,0.0067804748902907,96.6999969482422,96.72000122070312,96.23999786376952,96.38999938964844,96.38999938964844,0.0,1.75,1.820000052452088,1.75,1.7999999523162842,1.7999999523162842,0.0,24.56999969482422,25.32999992370605,21.959999084472656,21.959999084472656,21.959999084472656,0.0,0.0067804748902907126,0.019345245821303453,0.006803514353557194,354.4339965820313,367.70099792480465,383.6346008300781,367.12275131225584,360.19462098739865,369.6446173544306,-9.449996367031929,-9.428534567551665,46.49563399461429,46.585739166305984,33.0764022244966,-1.357441356092355,-43.2935810486527,10.032449113835868,336.91727989553254,398.48471595407676,16.743886039475704,0.2836692959312221,0.03147770406863605,0.03088725555968942,-0.023454454205242354,-0.025209264820449162,-0.013055279161879842,0.7818314824680298,0.6234898018587336,0.49999999999999994,0.8660254037844387
2022-02-02,369.760009765625,370.1000061035156,364.2900085449219,368.489990234375,358.86334228515625,78777100.0,0.0080927923339062,96.2699966430664,96.3000030517578,95.80999755859376,95.94000244140624,95.94000244140624,0.0,1.7769999504089355,1.8109999895095823,1.743000030517578,1.7660000324249268,1.7660000324249268,0.0,21.559999465942383,22.729999542236328,20.459999084472656,22.09000015258789,22.09000015258789,0.0,0.008092792333906263,0.015712887833047327,0.008125627494062426,354.634994506836,366.91099700927737,383.0292004394531,367.27020126342774,361.4708316407796,369.55908941961167,-8.088257778832087,-9.16047920980775,48.79876812491187,60.865491378702814,46.42268345404523,0.5484553557606882,-25.671023236949775,9.730845431318574,337.12501527932255,396.6969787392322,16.236080124467716,0.2676485480513005,0.0067804748902907126,0.03147770406863605,-0.0015658122419244158,-0.011044301773952646,-0.031202941438167334,0.9749279121818236,-0.22252093395631434,0.49999999999999994,0.8660254037844387
2022-02-03,358.5299987792969,361.9299926757813,352.4599914550781,353.54998779296875,344.3136291503906,95384800.0,-0.0413886991973621,96.0199966430664,96.25,95.23999786376952,95.37999725341795,95.37999725341795,0.0,1.7979999780654907,1.847000002861023,1.7970000505447388,1.8270000219345093,1.8270000219345093,0.0,22.6299991607666,25.809999465942383,22.299999237060547,24.350000381469727,24.350000381469727,0.0,-0.041388699197362155,0.026413413809014918,-0.04054388236512685,353.8179931640625,365.38749694824224,382.12499999999994,367.3368511962891,360.2522402795779,368.37323003986035,-8.120989760282441,-8.952581319902688,39.57118805592579,57.675571133219876,55.04226722607622,-2.258656806414597,-58.00868231473788,10.180784956174168,336.1746653323635,394.600328564121,15.990055412332193,0.30163888042199055,0.008092792333906263,0.0067804748902907126,-0.010121807660484268,-0.01307335628214659,-0.0007028229773397317,0.43388373911755823,-0.900968867902419,0.49999999999999994,0.8660254037844387
2022-02-04,354.0799865722656,361.3999938964844,351.9700012207031,358.010009765625,348.6570739746094,86318300.0,0.0125358884148158,95.30999755859376,95.6999969482422,95.13999938964844,95.4800033569336,95.4800033569336,0.0,1.812999963760376,1.9359999895095823,1.809999942779541,1.9299999475479128,1.9299999475479128,0.0,23.770000457763672,26.26000022888184,22.06999969482422,23.21999931335449,23.21999931335449,0.0,0.01253588841481588,0.02663237978251743,0.012614792028234234,354.4499938964844,364.29499816894537,381.46119995117186,367.4369512939453,359.9072817389698,367.6055840936207,-7.6983023546508775,-8.701725526852327,43.03427658353562,57.67844036891927,58.73983429361398,1.7970392335140952,-43.28497334155453,10.127156936146102,335.7340620305796,392.85593430731114,15.680114347944116,0.30610716005043476,-0.041388699197362155,0.008092792333906263,0.03088725555968942,-0.028120694033807195,-0.01089206134945171,-0.433883739117558,-0.9009688679024191,0.49999999999999994,0.8660254037844387
2022-02-07,358.6199951171875,361.0499877929688,353.8399963378906,355.1300048828125,345.85235595703125,58198100.0,-0.0080768759761901,95.4800033569336,95.62999725341795,95.3499984741211,95.4000015258789,95.4000015258789,0.0,1.9210000038146973,1.9390000104904173,1.909999966621399,1.9160000085830688,1.9160000085830688,0.0,24.09000015258789,24.81999969482422,22.020000457763672,22.86000061035156,22.86000061035156,0.0,-0.008076875976190183,0.020104822801980542,-0.0080443456534669,354.63299560546875,363.04599914550784,380.57,367.53165130615236,359.17231606879176,366.6814671150423,-7.509151046250565,-8.463210630731975,41.384963794938955,50.15257240680214,55.168861302980424,0.5179782488178649,-48.24862712330115,9.918787973212678,335.22178814951,390.87021014150565,15.328201418821283,0.30630728259018786,0.01253588841481588,-0.041388699197362155,0.03147770406863605,0.004567606262756466,0.0006580868762057645,0.0,1.0,0.49999999999999994,0.8660254037844387
2022-02-08,353.9599914550781,360.239990234375,352.79998779296875,359.1199951171875,349.7381286621094,64720900.0,0.0111727035157669,95.43000030517578,95.75,95.4000015258789,95.63999938964844,95.63999938964844,0.0,1.9429999589920044,1.9709999561309808,1.9429999589920044,1.9539999961853027,1.9539999961853027,0.0,23.09000015258789,23.479999542236328,21.31999969482422,21.440000534057617,21.440000534057617,0.0,0.011172703515766986,0.021019331622259003,0.011235351265211246,356.03399658203125,361.7109985351562,379.8759997558595,367.6765512084961,359.1642666916219,366.12135807816423,-6.957091386542345,-8.161986781894049,44.55534508616954,57.11048535470522,54.98049937680887,4.059578209930103,-37.134943471028656,9.741731863797934,336.00619482732907,387.4158022429833,14.212895826737636,0.3036196734620083,-0.008076875976190183,0.01253588841481588,0.0067804748902907126,-0.023454454205242354,0.01491031994217018,0.7818314824680298,0.6234898018587336,0.49999999999999994,0.8660254037844387
2022-02-09,363.760009765625,366.80999755859375,362.1199951171875,366.7300109863281,357.1492614746094,55766400.0,0.020969123152367,95.58999633789062,95.66999816894533,95.37999725341795,95.48999786376952,95.48999786376952,0.0,1.9359999895095823,1.9470000267028809,1.909000039100647,1.9290000200271609,1.9290000200271609,0.0,21.270000457763672,21.299999237060547,19.93000030517578,19.959999084472656,19.959999084472656,0.0,0.020969123152367042,0.01289312270589633,0.02119052000664201,358.24999694824226,360.6799987792968,379.46820007324226,367.8650512695313,360.32822735234595,366.166443478769,-5.838216126423049,-7.697232650799849,50.099160067150876,68.41410514460078,58.559054302036046,6.431205035572989,-9.374113971867814,9.595179762198528,337.807017698011,383.5529798605826,12.683254496339268,0.3150161373242324,0.011172703515766986,-0.008076875976190183,0.008092792333906263,-0.0015658122419244158,0.003957715180238579,0.9749279121818236,-0.22252093395631434,0.49999999999999994,0.8660254037844387
2022-02-10,359.5199890136719,366.489990234375,356.5400085449219,358.42999267578125,349.066162109375,112468500.0,-0.0228923132893571,95.56999969482422,96.0,95.16999816894533,95.5500030517578,95.5500030517578,0.0,1.9290000200271609,2.049999952316284,1.9270000457763672,2.0309998989105225,2.0309998989105225,0.0,20.3700008392334,24.770000457763672,20.18000030517578,23.90999984741211,23.90999984741211,0.0,-0.022892313289357175,0.027675739857331676,-0.022632272377830498,359.9829956054688,359.7184982299804,378.83859985351563,367.99965118408204,360.03619124825906,365.59337304891807,-5.557181800659009,-7.269222480771682,44.833749124162004,73.67638793153807,66.40032614361469,5.080617491107986,-32.46177876248928,9.637667096427652,338.2791085226569,381.15788793730394,11.920092968706093,0.31280401819555365,0.020969123152367042,0.011172703515766986,-0.041388699197362155,-0.010121807660484268,-0.02533437789653991,0.43388373911755823,-0.900968867902419,0.49999999999999994,0.8660254037844387
2022-02-11,358.42999267578125,360.07000732421875,345.79998779296875,347.0599975585937,337.9931640625,101569100.0,-0.0322358098684114,95.94000244140624,96.11000061035156,95.63999938964844,96.08000183105467,96.08000183105467,0.0,2.006999969482422,2.062999963760376,1.934000015258789,1.955000042915344,1.955000042915344,0.0,24.38999938964844,30.989999771118164,23.32999992370605,27.36000061035156,27.36000061035156,0.0,-0.03223580986841148,0.03981257099809162,-0.03172177440506374,359.5089965820313,358.0709976196289,378.11719970703126,368.0639511108399,358.0398537575413,364.22053042000516,-6.1806766624638385,-7.051513317110113,38.81546686870229,62.16666414406616,68.08571907340166,-1.3473537233788935,-71.66411483344442,9.968549413200677,338.1896001733469,377.9523950659109,11.104723688010932,0.3278324704990176,-0.022892313289357175,0.020969123152367042,0.01253588841481588,0.03088725555968942,0.006203242452362446,-0.433883739117558,-0.9009688679024191,0.49999999999999994,0.8660254037844387
2022-02-14,346.489990234375,350.9800109863281,343.8900146484375,347.489990234375,338.41192626953125,80254400.0,0.0012381996129785,96.02999877929688,96.44000244140624,95.91000366210938,96.37000274658205,96.37000274658205,0.0,1.963000059127808,2.026000022888184,1.955000042915344,1.996000051498413,1.996000051498413,0.0,29.170000076293945,32.040000915527344,28.32999992370605,28.32999992370605,28.32999992370605,0.0,0.0012381996129785964,0.02046234101335731,0.0012389664986058868,357.95299682617184,356.44499664306636,377.34299926757814,368.1726010131837,356.41679783090035,362.9812311469955,-6.564433316095176,-6.954097316907126,39.14814692490922,41.849149867670505,59.230733981091575,-4.2859105031748355,-70.32665680105478,9.762938479249959,338.94135966274416,373.94863362338856,9.821227479789725,0.32808900849968414,-0.03223580986841148,-0.022892313289357175,-0.008076875976190183,0.03147770406863605,0.0,0.0,1.0,0.49999999999999994,0.8660254037844387
2022-02-15,352.9100036621094,356.3699951171875,351.82000732421875,356.1300048828125,346.826171875,55128800.0,0.0245598386021865,96.23999786376952,96.29000091552734,95.95999908447266,95.98999786376952,95.98999786376952,0.0,2.032999992370605,2.055999994277954,2.0239999294281006,2.0450000762939453,2.0450000762939453,0.0,28.09000015258789,28.09000015258789,25.32999992370605,25.700000762939453,25.700000762939453,0.0,0.024559838602186586,0.012892770807724387,0.02486391569653823,357.013998413086,355.7239974975586,376.508999633789,368.32670104980474,356.37267583888683,362.4737329052042,-6.101057066317367,-6.783489266789174,45.554161339711776,38.18555007430844,47.40045469534836,-2.5689386115920883,-43.45257814257549,9.699871793790141,339.5275465547814,371.92044844033586,9.10618966205022,0.33388084503319954,0.0012381996129785964,-0.03223580986841148,0.011172703515766986,0.0067804748902907126,-0.025209264820449162,0.7818314824680298,0.6234898018587336,0.49999999999999994,0.8660254037844387
2022-02-16,353.82000732421875,357.0899963378906,350.7099914550781,356.0400085449219,346.7385559082031,58947100.0,-0.0002526540458393,96.01000213623048,96.05999755859376,95.68000030517578,95.6999969482422,95.6999969482422,0.0,2.0350000858306885,2.065000057220459,2.006999969482422,2.046999931335449,2.046999931335449,0.0,25.190000534057617,27.09000015258789,23.8799991607666,24.290000915527344,24.290000915527344,0.0,-0.000252654045839305,0.01803178099243624,-0.00025262213149368495,355.76900024414067,355.20199737548825,375.6376000976563,368.5224510192872,356.3214962551999,361.9971607303685,-5.67566447516856,-6.561924308465052,45.50043037350341,47.49608681991588,42.51026225396494,-3.3786485438951592,-43.73250459662209,9.462738443006025,339.81230694950494,370.59168780147155,8.665317503670837,0.3321902524439772,0.024559838602186586,0.0012381996129785964,0.020969123152367042,0.008092792333906263,-0.011044301773952646,0.9749279121818236,-0.22252093395631434,0.49999999999999994,0.8660254037844387
2022-02-17,352.739990234375,353.4599914550781,345.0199890136719,345.45001220703125,336.4251708984375,61801400.0,-0.0301953051694244,95.7699966430664,96.11000061035156,95.70999908447266,95.8000030517578,95.8000030517578,0.0,2.002000093460083,2.013999938964844,1.9529999494552608,1.972000002861023,1.972000002861023,0.0,24.82999992370605,28.3700008392334,24.76000022888184,28.11000061035156,28.11000061035156,0.0,-0.030195305169424452,0.023926979290888918,-0.029743980973653383,354.9590026855469,354.3884979248047,374.6720001220703,368.65300109863284,354.6489602477893,360.7714460249361,-6.122485777146778,-6.474036602201398,39.583855759483775,39.58894554398693,41.75686081273708,-2.291041115996494,-94.04808062884162,9.573972806452023,338.73176285035,370.04523299925944,8.835916044756523,0.3454353291006723,-0.000252654045839305,0.024559838602186586,-0.022892313289357175,-0.041388699197362155,-0.01307335628214659,0.43388373911755823,-0.900968867902419,0.49999999999999994,0.8660254037844387
2022-02-18,346.4100036621094,346.8099975585937,339.1400146484375,341.510009765625,332.588134765625,80001500.0,-0.0114708576750857,95.83000183105467,96.16999816894533,95.7300033569336,96.04000091552734,96.04000091552734,0.0,1.9600000381469729,1.9600000381469729,1.9179999828338623,1.932000041007996,1.932000041007996,0.0,26.65999984741211,29.709999084472656,26.3799991607666,27.75,27.75,0.0,-0.011470857675085785,0.022141343578626977,-0.011405318224452565,353.3090026855469,353.87949829101564,373.5420001220703,368.7286010742188,352.6275832505333,359.3446729686909,-6.717089718157581,-6.522647225392635,37.623652272021445,23.291479958548504,36.792170774150435,-4.60880968406495,-92.34497489889077,9.437973528145179,337.22337632808797,370.5356202539433,9.413442735939665,0.3337889581838206,-0.030195305169424452,-0.000252654045839305,-0.03223580986841148,0.01253588841481588,-0.028120694033807195,-0.433883739117558,-0.9009688679024191,0.49999999999999994,0.8660254037844387
2022-02-21,346.4100036621094,346.8099975585937,339.1400146484375,341.510009765625,332.588134765625,80001500.0,0.0,95.83000183105467,96.16999816894533,95.7300033569336,96.04000091552734,96.04000091552734,0.0,1.9600000381469729,1.9600000381469729,1.9179999828338623,1.932000041007996,1.932000041007996,0.0,26.65999984741211,29.709999084472656,26.3799991607666,27.75,27.75,0.0,0.0,0.022141343578626977,0.0,351.94700317382814,353.2899993896485,372.5270001220704,368.8141011047364,350.9171873297782,358.0235868055008,-7.10639947572264,-6.639397675458637,37.623652272021445,7.087323191125606,23.322582897887013,-3.8352138456118037,-92.34497489889077,9.311688484003108,335.7371101125507,370.84288866674626,9.936816387343285,0.3330864441222748,-0.011470857675085785,-0.030195305169424452,0.0012381996129785964,-0.008076875976190183,0.004567606262756466,0.0,1.0,0.49999999999999994,0.8660254037844387
2022-02-22,338.489990234375,344.0400085449219,334.3500061035156,338.0799865722656,329.2477722167969,85967100.0,-0.0100943175716544,96.08000183105467,96.26000213623048,95.83999633789062,96.02999877929688,96.02999877929688,0.0,1.944000005722046,1.9600000381469729,1.919999957084656,1.9479999542236328,1.9479999542236328,0.0,31.799999237060547,32.040000915527344,28.39999961853028,28.809999465942383,28.809999465942383,0.0,-0.010094317571654457,0.02862714621102019,-0.010043540943461715,349.84300231933594,352.93849945068365,371.524599609375,368.8934010314942,348.94223336708393,356.54628308452044,-7.60404971743651,-6.832328083854213,35.83211661074198,8.933686328083619,13.104163159252575,-5.858768331196967,-88.50899121796758,9.338710909531903,334.43982555524445,371.43717334612285,10.482661383912882,0.32478434014955715,0.0,-0.011470857675085785,0.024559838602186586,0.011172703515766986,-0.023454454205242354,0.7818314824680298,0.6234898018587336,0.49999999999999994,0.8660254037844387
2022-02-23,341.32000732421875,342.17999267578125,329.1000061035156,329.4200134277344,320.8139953613281,86215400.0,-0.0259490728856896,96.04000091552734,96.23999786376952,95.8499984741211,96.19000244140624,96.19000244140624,0.0,1.9809999465942385,2.0,1.955000042915344,1.976999998092652,1.976999998092652,0.0,28.040000915527344,31.06999969482422,27.200000762939453,31.020000457763672,31.020000457763672,0.0,-0.02594907288568963,0.03832176928275109,-0.02561528905324051,346.11200256347655,352.1809997558594,370.1720001220703,368.9275511169434,345.93881491487633,354.53692977661035,-8.598114861734018,-7.185485439430174,31.724721383772934,6.664878258696848,7.561962592635357,-10.173696299969485,-99.15139910705109,9.605944885441454,331.1693946714289,373.19260484028985,11.932276357325488,0.3366352748636981,-0.010094317571654457,0.0,-0.000252654045839305,0.020969123152367042,-0.0015658122419244158,0.9749279121818236,-0.22252093395631434,0.49999999999999994,0.8660254037844387
2022-02-24,318.8399963378906,341.0400085449219,318.260009765625,340.489990234375,331.5948181152344,130614100.0,0.0330522947459781,96.22000122070312,97.73999786376952,96.22000122070312,97.13999938964844,97.13999938964844,0.0,1.8819999694824217,1.968999981880188,1.8559999465942385,1.968999981880188,1.968999981880188,0.0,37.5,37.790000915527344,29.450000762939453,30.31999969482422,30.31999969482422,0.0,0.0330522947459781,0.07144649053111823,0.0336045899174815,344.31800231933596,352.15049896240237,369.245,368.98585113525394,345.1005341947992,353.49641573644476,-8.395881541645565,-7.427564659873253,41.030196665027056,19.37580951272694,11.6581246998358,-5.005162181735702,-54.21218113680051,10.546948735002555,331.06950961477884,373.2314883100259,11.972715875591733,0.35748074649518735,-0.02594907288568963,-0.010094317571654457,-0.030195305169424452,-0.022892313289357175,-0.010121807660484268,0.43388373911755823,-0.900968867902419,0.49999999999999994,0.8660254037844387
2022-02-25,341.3099975585937,345.9800109863281,337.3900146484375,345.7699890136719,336.7368469238281,78842100.0,0.0153879594278218,97.0,97.22000122070312,96.5199966430664,96.62000274658205,96.62000274658205,0.0,1.9980000257492063,2.010999917984009,1.963000059127808,1.9859999418258667,1.9859999418258667,0.0,31.68000030517578,32.0,26.93000030517578,27.59000015258789,27.59000015258789,0.0,0.01538795942782186,0.025167725526164687,0.015506963702933474,344.1890014648437,351.84899902343756,368.46219970703123,369.0796510314942,345.2035272438565,352.9240878310542,-7.720560587197667,-7.486163845338137,44.88843969351268,34.43320834641408,20.157965372612622,-0.3716961199782259,-43.33679471690618,10.407166420923131,330.57530122165997,373.12269682521514,12.09251574443757,0.3436329546860719,0.0330522947459781,-0.02594907288568963,-0.011470857675085785,-0.03223580986841148,0.03088725555968942,-0.433883739117558,-0.9009688679024191,0.49999999999999994,0.8660254037844387
2022-02-28,342.510009765625,348.5400085449219,341.32000732421875,346.79998779296875,337.7398986816406,77515500.0,0.0029743130621153,96.54000091552734,97.41999816894533,96.54000091552734,96.70999908447266,96.70999908447266,0.0,1.9170000553131104,1.919999957084656,1.83899998664856,1.83899998664856,1.83899998664856,0.0,32.439998626708984,33.5099983215332,28.43000030517578,30.14999961853028,30.14999961853028,0.0,0.0029743130621153447,0.021079679468765527,0.002978740719869588,344.1200012207031,351.03649902343756,367.78439941406253,369.1511009216309,345.44913655910455,352.470450791196,-7.02131423209147,-7.393193922688804,45.63568193865506,53.74525055011274,35.85142280308459,-0.19856757339710915,-41.21527249595508,10.17951176376456,330.33035563678135,371.74264241009377,11.797145564213098,0.32228375415609517,0.01538795942782186,0.0330522947459781,0.0,0.0012381996129785964,0.03147770406863605,0.0,1.0,0.49999999999999994,0.8660254037844387
2022-03-01,345.75,348.0799865722656,338.8999938964844,341.489990234375,332.5686340332031,67407000.0,-0.015429811775138,96.7699966430664,97.58000183105467,96.62999725341795,97.41000366210938,97.41000366210938,0.0,1.7339999675750732,1.7940000295639038,1.6820000410079956,1.7070000171661377,1.7070000171661377,0.0,29.450000762939453,35.189998626708984,29.440000534057617,33.31999969482422,33.31999969482422,0.0,-0.01542981177513801,0.026550954955260303,-0.01531138212755856,342.65599975585934,349.8349990844727,366.82999938964844,369.1937008666994,344.84003712453074,351.6570833425426,-6.817046218011853,-7.2779643817534145,42.440870110420136,54.53765143355987,47.57203677669556,-4.110862451271108,-51.83497848645913,10.108117543194325,329.892829630868,369.77716853807743,11.400900141949146,0.32363351203902324,0.0029743130621153447,0.01538795942782186,-0.010094317571654457,0.024559838602186586,0.0067804748902907126,0.7818314824680298,0.6234898018587336,0.8660254037844386,0.5000000000000001
2022-03-02,343.0799865722656,348.5899963378906,340.239990234375,347.2200012207031,338.1489562988281,70609000.0,0.0166402405730595,97.37000274658205,97.83000183105467,97.29000091552734,97.38999938964844,97.38999938964844,0.0,1.7769999504089355,1.868000030517578,1.7599999904632568,1.8650000095367432,1.8650000095367432,0.0,34.20000076293945,34.40999984741211,30.1200008392334,30.739999771118164,30.739999771118164,0.0,0.0166402405730595,0.024338365484215727,0.016779460522028167,341.77399902343745,348.77149963378906,365.8953991699219,369.25915084838886,345.2061854470188,351.3284105927767,-6.122225145757909,-7.0468165345543134,46.77131294206771,58.7384861758655,55.67379605317937,-2.477251744899316,-30.73429048998927,9.982538154645848,330.85216588592533,366.6908333816528,10.27568695646237,0.3290364854988041,-0.01542981177513801,0.0029743130621153447,-0.02594907288568963,-0.000252654045839305,0.008092792333906263,0.9749279121818236,-0.22252093395631434,0.8660254037844386,0.5000000000000001
2022-03-03,349.92999267578125,350.0400085449219,340.3500061035156,342.260009765625,333.31854248046875,71089400.0,-0.0143878807417037,97.47000122070312,97.9499969482422,97.43000030517578,97.79000091552734,97.79000091552734,0.0,1.847000002861023,1.8969999551773071,1.830000042915344,1.843999981880188,1.843999981880188,0.0,30.520000457763672,32.0099983215332,29.309999465942383,30.479999542236328,30.479999542236328,0.0,-0.014387880741703718,0.02769126009265595,-0.014284869813676604,341.45499877929683,348.2070007324219,364.80219909667966,369.30605087280287,344.7529276498813,350.6566771981729,-5.903749548291557,-6.818203137301763,43.70603634763031,59.74621096733279,57.67411619225272,-0.9234338771696013,-38.19209812155321,9.961642746557304,330.210338174178,366.20366329066576,10.336760903939057,0.2998936979110034,0.0166402405730595,-0.01542981177513801,0.0330522947459781,-0.030195305169424452,-0.041388699197362155,0.43388373911755823,-0.900968867902419,0.8660254037844386,0.5000000000000001
2022-03-04,339.8399963378906,341.3099975585937,334.9200134277344,337.29998779296875,328.4881286621094,76936300.0,-0.0145979175141588,98.04000091552734,98.91999816894533,97.83999633789062,98.6500015258789,98.6500015258789,0.0,1.7940000295639038,1.815999984741211,1.7000000476837158,1.7239999771118164,1.7239999771118164,0.0,31.89999961853028,34.650001525878906,31.46999931335449,31.979999542236328,31.979999542236328,0.0,-0.0145979175141588,0.018802919608397087,-0.01449188449707206,341.03399658203125,347.1714996337891,363.6097985839844,369.3229008483888,343.6063215180486,349.6672927977874,-6.060971279738794,-6.66675676578917,40.82465967287332,60.03594120840035,59.50687945053288,-1.2327667864100227,-50.965787763256444,9.7743822887954,329.1665409891996,365.1764582783786,10.372371386235274,0.2983657165027422,-0.014387880741703718,0.0166402405730595,0.01538795942782186,-0.011470857675085785,0.01253588841481588,-0.433883739117558,-0.9009688679024191,0.8660254037844386,0.5000000000000001
2022-03-07,337.2900085449219,338.4800109863281,324.6499938964844,324.8599853515625,316.37310791015625,89933800.0,-0.0375784609383201,98.56999969482422,99.41999816894533,98.56999969482422,99.29000091552734,99.29000091552734,0.0,1.7730000019073486,1.805999994277954,1.718999981880188,1.7510000467300415,1.7510000467300415,0.0,35.880001068115234,36.54999923706055,32.59000015258789,36.45000076293945,36.45000076293945,0.0,-0.0375784609383201,0.041003340565902956,-0.03688115245228518,339.368994140625,345.6579986572266,362.0373980712891,369.2775508117677,340.72226980012766,347.8297144684374,-7.107444668309711,-6.754894346293279,34.65397661959119,42.61307475250469,54.13174230941261,-4.875413293299734,-83.00288985767628,10.064070488870282,325.50855590842355,365.8074414060296,11.658600597745364,0.32245549593538725,-0.0145979175141588,-0.014387880741703718,0.0029743130621153447,0.0,-0.008076875976190183,0.0,1.0,0.8660254037844386,0.5000000000000001
2022-03-08,324.04998779296875,333.2099914550781,319.94000244140625,323.3500061035156,314.902587890625,116153900.0,-0.004658892110528,99.23999786376952,99.31999969482422,98.70999908447266,99.05999755859376,99.05999755859376,0.0,1.8509999513626096,1.8769999742507928,1.8350000381469729,1.871999979019165,1.871999979019165,0.0,36.18999862670898,37.52000045776367,32.779998779296875,35.130001068115234,35.130001068115234,0.0,-0.004658892110528023,0.04095043824581131,-0.004648056306823856,337.89599609375,343.869499206543,360.4721984863282,369.2302008056642,338.04961384680274,346.01640273770244,-7.966788890899693,-6.997273255214561,33.98254503816012,26.830515590026963,43.159843850310665,-4.356951329209019,-85.53977560898639,10.293064669213253,322.44179072061024,365.2972076924758,12.462697933591583,0.31713231324733354,-0.0375784609383201,-0.0145979175141588,-0.01542981177513801,-0.010094317571654457,0.011172703515766986,0.7818314824680298,0.6234898018587336,0.8660254037844386,0.5000000000000001
2022-03-09,331.75,336.3800048828125,329.0899963378906,334.989990234375,326.2384338378906,64723400.0,0.035365159962653,99.12000274658205,99.12000274658205,97.8499984741211,97.97000122070312,97.97000122070312,0.0,1.9110000133514404,1.950000047683716,1.8919999599456787,1.9479999542236328,1.9479999542236328,0.0,33.7400016784668,34.119998931884766,31.38999938964844,32.45000076293945,32.45000076293945,0.0,0.03536515996265308,0.02197440405402223,0.03599794470791351,338.45299377441404,342.2824981689453,359.1409985351563,369.2378007507325,337.57890252181386,345.1996314411597,-7.620728919345822,-7.121964388040814,43.12995877682617,28.033482301301362,32.49235754794434,1.6908434762912556,-47.35688762943323,10.488559962790655,323.43788136432096,361.1271149735697,11.011148338249509,0.33644478984068477,-0.004658892110528023,-0.0375784609383201,0.0166402405730595,-0.02594907288568963,0.020969123152367042,0.9749279121818236,-0.22252093395631434,0.8660254037844386,0.5000000000000001
2022-03-10,330.82000732421875,332.510009765625,326.7099914550781,331.2699890136719,322.6156616210937,69362700.0,-0.011166793545398,98.05999755859376,98.5999984741211,97.70999908447266,98.51000213623048,98.51000213623048,0.0,1.9739999771118164,2.0209999084472656,1.94599997997284,2.010999917984009,2.010999917984009,0.0,33.029998779296875,34.029998779296875,30.229999542236328,30.229999542236328,30.229999542236328,0.0,-0.011166793545398077,0.01753224769402351,-0.011104676338034136,337.53099365234374,340.9244979858398,357.7593981933594,369.24415069580084,336.6083004436382,344.16780607616056,-7.5595056325223595,-7.209472636937123,41.166771497958706,36.01365656660801,30.292551485978777,-2.7078626347742474,-59.062367061756326,10.3308055925411,323.0921293912827,358.75686658039695,10.461183458454656,0.33047687057169295,0.03536515996265308,-0.004658892110528023,-0.014387880741703718,0.0330522947459781,-0.022892313289357175,0.43388373911755823,-0.900968867902419,0.8660254037844386,0.5000000000000001
2022-03-11,334.32000732421875,334.6400146484375,323.8999938964844,324.3999938964844,315.92510986328125,66228400.0,-0.0209565212293592,98.36000061035156,99.16000366210938,98.2699966430664,99.12000274658205,99.12000274658205,0.0,2.010999917984009,2.0199999809265137,1.9759999513626096,2.003999948501587,2.003999948501587,0.0,30.43000030517578,31.040000915527344,28.84000015258789,30.75,30.75,0.0,-0.020956521229359266,0.03212497163395192,-0.02073845926819995,335.393994140625,339.79149780273434,356.29039794921874,369.1881506347657,334.73009943638374,342.7035236924808,-7.973424256097076,-7.362262960769114,37.749410261855175,37.63367445546734,33.893604441125575,-6.180407726577601,-80.67972194240839,10.360035246784818,320.7612747593687,358.8217208461,11.20111784222078,0.31992485244188407,-0.011166793545398077,0.03536515996265308,-0.0145979175141588,0.01538795942782186,-0.03223580986841148,-0.433883739117558,-0.9009688679024191,0.8660254037844386,0.5000000000000001
2022-03-14,323.1300048828125,326.5899963378906,317.45001220703125,318.1700134277344,309.85791015625,79802600.0,-0.0193913533277743,99.12999725341795,99.29000091552734,98.68000030517578,99.05999755859376,99.05999755859376,0.0,2.078000068664551,2.140000104904175,2.069000005722046,2.140000104904175,2.140000104904175,0.0,31.030000686645508,33.18000030517578,30.059999465942383,31.770000457763672,31.770000457763672,0.0,-0.01939135332777432,0.028285779694690115,-0.019204550438098655,332.5309967041016,338.3254989624023,354.6201983642578,369.0960006713868,332.1823938965915,340.88622663583294,-8.70383273924142,-7.630576916463576,34.91856935877168,20.822393878645542,31.489908300240295,-8.2554715608369,-97.79072935989865,10.272888738504431,317.3721756636618,359.27882226114286,12.386487783511145,0.32432880917685236,-0.020956521229359266,-0.011166793545398077,-0.0375784609383201,0.0029743130621153447,0.0012381996129785964,0.0,1.0,0.8660254037844386,0.5000000000000001
2022-03-15,320.8800048828125,328.95001220703125,319.2300109863281,328.1499938964844,319.57720947265625,76471000.0,0.0308850637465488,99.12999725341795,99.1999969482422,98.63999938964844,99.06999969482422,99.06999969482422,0.0,2.11899995803833,2.1619999408721924,2.078000068664551,2.1600000858306885,2.1600000858306885,0.0,33.130001068115234,33.83000183105469,29.56999969482422,29.82999992370605,29.82999992370605,0.0,0.03088506374654889,0.03029170117425339,0.03136695562009417,331.19699707031253,336.92649841308594,353.2537982177735,369.05295059204104,331.5620246658058,339.94280198847383,-8.380777322668052,-7.780616997704471,42.373676562013245,18.12055110195238,25.525539812021755,-3.906409183102257,-67.16789539183581,10.30911088427532,317.28312659121065,356.56987023496123,11.660330614775035,0.33249596399382214,-0.01939135332777432,-0.020956521229359266,-0.004658892110528023,-0.01542981177513801,0.024559838602186586,0.7818314824680298,0.6234898018587336,0.8660254037844386,0.5000000000000001
2022-03-16,332.1700134277344,340.44000244140625,328.3999938964844,340.32000732421875,331.4292297363281,105243000.0,0.0364154000618674,98.88999938964844,99.08000183105467,98.3000030517578,98.37999725341795,98.37999725341795,0.0,2.1689999103546143,2.246000051498413,2.1489999294281006,2.187999963760376,2.187999963760376,0.0,29.020000457763672,29.799999237060547,26.290000915527344,26.670000076293945,26.670000076293945,0.0,0.03641540006186747,0.03624652454530262,0.03708656284729828,330.5069976806641,336.14049835205077,352.3743981933594,369.07035064697266,332.9094066132539,339.97074312445494,-7.061336511201034,-7.636760900403784,49.90900987599128,35.072089475788665,24.671678152128862,-1.987210953351313,-29.82510682089954,10.450603574321502,318.5685201823669,353.71247652173463,10.455139000407003,0.3622547717072237,0.03088506374654889,-0.01939135332777432,0.03536515996265308,0.0166402405730595,-0.000252654045839305,0.9749279121818236,-0.22252093395631434,0.8660254037844386,0.5000000000000001
2022-03-17,338.3699951171875,344.5,337.0400085449219,344.44000244140625,335.441650390625,67810000.0,0.0120337210509186,98.5,98.51000213623048,97.7300033569336,98.01000213623048,98.01000213623048,0.0,2.1419999599456787,2.194000005722046,2.134999990463257,2.191999912261963,2.191999912261963,0.0,26.51000022888184,27.46999931335449,25.25,25.670000076293945,25.670000076293945,0.0,0.012033721050918648,0.022046846832546457,0.012106417582688822,330.72499694824216,336.08999786376955,351.582798461914,369.09080062866207,334.68334443296965,340.30179937015504,-5.6184549371853905,-7.233099707760106,52.18833235791386,61.94126403404534,38.37796820392879,0.6369405170279985,-17.1832056851286,10.236988422946974,318.6251929922145,353.5548027353246,10.39293343007143,0.3498613667771283,0.03641540006186747,0.03088506374654889,-0.011166793545398077,-0.014387880741703718,-0.030195305169424452,0.43388373911755823,-0.900968867902419,0.8660254037844386,0.5000000000000001
2022-03-18,342.739990234375,351.7900085449219,341.54998779296875,351.489990234375,342.3074951171875,85446300.0,0.0202614187090422,98.0,98.62000274658205,97.83999633789062,98.2300033569336,98.2300033569336,0.0,2.151000022888184,2.177999973297119,2.13700008392334,2.1480000019073486,2.1480000019073486,0.0,26.36000061035156,26.81999969482422,23.850000381469727,23.8700008392334,23.8700008392334,0.0,0.020261418709042238,0.029876935997315977,0.02046807460721456,332.14399719238287,336.58899688720703,351.0153985595703,369.1420506286621,337.26898224857047,341.1305542489862,-3.8615720004157197,-6.5587941662912295,55.88734410973458,84.03933910200766,60.35089753728055,4.206938320470953,-0.8736701879488384,10.237205017875985,317.9418837808969,355.2361099935172,11.080049127428191,0.35434181506006485,0.012033721050918648,0.03641540006186747,-0.020956521229359266,-0.0145979175141588,-0.011470857675085785,-0.433883739117558,-0.9009688679024191,0.8660254037844386,0.5000000000000001
2022-03-21,350.20001220703125,352.4800109863281,345.5799865722656,350.0799865722656,341.3557434082031,73799100.0,-0.0027842723440342,98.23999786376952,98.52999877929688,98.16000366210938,98.5,98.5,0.0,2.2070000171661377,2.315000057220459,2.2070000171661377,2.315000057220459,2.315000057220459,0.0,25.13999938964844,25.36000061035156,22.989999771118164,23.530000686645508,23.530000686645508,0.0,-0.0027842723440342438,0.019703095869635045,-0.002780399852648663,334.66599731445314,337.0174957275391,350.4147985839844,369.16990051269534,339.2399059906774,341.7934751618217,-2.553569171144261,-5.757749167261836,54.97132489756429,91.69726128457887,79.22595480687728,7.763344935637461,-6.851340273185913,9.998834974746451,317.5197839103338,356.5152075447444,11.570741616908919,0.3546296228694691,0.020261418709042238,0.012033721050918648,-0.01939135332777432,-0.0375784609383201,0.0,0.0,1.0,0.8660254037844386,0.5000000000000001
2022-03-22,350.5899963378906,357.8500061035156,350.20001220703125,356.9599914550781,348.06427001953125,63345900.0,0.0194619773942607,98.48999786376952,98.97000122070312,98.31999969482422,98.48999786376952,98.48999786376952,0.0,2.3550000190734863,2.390000104904175,2.3329999446868896,2.372999906539917,2.372999906539917,0.0,24.020000457763672,24.020000457763672,22.700000762939453,22.940000534057617,22.940000534057617,0.0,0.019461977394260744,0.021820342783287764,0.01965259627492455,338.0269958496094,337.9614959716797,349.83759826660156,369.24340042114255,341.9660729852006,342.916920813174,-0.950847827973405,-4.7963688994041505,58.542017502122654,96.69066088350098,90.80908709002917,10.394304845258846,-2.203006888362302,9.839633871639563,316.5162650758355,359.4067268675239,12.690931453115146,0.3575402713967883,-0.0027842723440342438,0.020261418709042238,0.03088506374654889,-0.004658892110528023,-0.010094317571654457,0.7818314824680298,0.6234898018587336,0.8660254037844386,0.5000000000000001
2022-03-23,354.010009765625,357.6600036621094,351.7699890136719,351.8299865722656,343.0621337890625,70615500.0,-0.0144755678529833,98.4800033569336,98.87999725341795,98.38999938964844,98.62000274658205,98.62000274658205,0.0,2.374000072479248,2.3949999809265137,2.299000024795532,2.321000099182129,2.321000099182129,0.0,23.040000915527344,24.030000686645508,22.63999938964844,23.56999969482422,23.56999969482422,0.0,-0.014475567852983375,0.016637989000189653,-0.014371300536501708,339.71099548339845,339.0819946289063,349.1271978759766,369.29750030517573,343.48359815244135,343.5771479064401,-0.09354975399872956,-3.8558050703230666,55.0374432842565,92.01487071451912,93.467597627533,5.0270147851607625,-14.90104069489442,9.557518212839415,317.1789406649184,360.98504859289415,12.91903097830879,0.34749157498952826,0.019461977394260744,-0.0027842723440342438,0.03641540006186747,0.03536515996265308,-0.02594907288568963,0.9749279121818236,-0.22252093395631434,0.8660254037844386,0.5000000000000001
2022-03-24,353.79998779296875,359.70001220703125,351.5899963378906,359.6499938964844,350.68719482421875,53555300.0,0.0219830644556946,98.63999938964844,98.95999908447266,98.5999984741211,98.79000091552734,98.79000091552734,0.0,2.368000030517578,2.385999917984009,2.325999975204468,2.3410000801086426,2.3410000801086426,0.0,23.61000061035156,23.790000915527344,21.489999771118164,21.670000076293945,21.670000076293945,0.0,0.021983064455694604,0.02292260076019652,0.022226472362130822,342.5489959716797,340.0399948120118,348.76699768066413,369.3690502929687,345.9707359592172,344.7677290908878,1.2030068683293962,-2.844042682592574,59.060736345312485,94.25918862763484,94.32157340855164,8.567031673261905,-0.11838653383875464,9.454125188289503,316.2802864284611,363.7997031955625,13.974655185303144,0.33700685147502063,-0.014475567852983375,0.019461977394260744,0.012033721050918648,-0.011166793545398077,0.0330522947459781,0.43388373911755823,-0.900968867902419,0.8660254037844386,0.5000000000000001
2022-03-25,359.5899963378906,360.6700134277344,354.94000244140625,359.3500061035156,350.39471435546875,57584200.0,-0.0008343689428822,98.75,98.83000183105467,98.4000015258789,98.80999755859376,98.80999755859376,0.0,2.358999967575073,2.503000020980835,2.3540000915527344,2.492000102996826,2.492000102996826,0.0,21.8700008392334,22.86000061035156,20.799999237060547,20.809999465942383,20.809999465942383,0.0,-0.000834368942882241,0.015934845364674412,-0.0008340209539062782,346.0439971923828,340.718995666504,348.3537976074219,369.4526502990722,348.0290852121862,345.84789775848986,2.1811874536963387,-1.8389966553347916,58.84321186189689,93.97547143668439,93.41651025961278,10.77374009389894,-3.054158461213652,9.188117031006547,315.53625037885257,365.9017409541554,14.782119933401251,0.33387458471771997,0.021983064455694604,-0.014475567852983375,0.020261418709042238,-0.020956521229359266,0.01538795942782186,-0.433883739117558,-0.9009688679024191,0.8660254037844386,0.5000000000000001
2022-03-28,359.3399963378906,365.010009765625,358.07000732421875,364.9100036621094,355.816162109375,56833900.0,0.015353924556708,98.80999755859376,99.37000274658205,98.8000030517578,99.08999633789062,99.08999633789062,0.0,2.46399998664856,2.4809999465942383,2.4140000343322754,2.476999998092652,2.476999998092652,0.0,22.13999938964844,23.32999992370605,19.540000915527344,19.6299991607666,19.6299991607666,0.0,0.015353924556708066,0.019313192275096768,0.015472401642469658,350.7179962158203,341.62449645996105,348.0517974853516,369.555400390625,350.62614958909745,347.2599056032024,3.3662439858950393,-0.7979485270888255,61.66158894923078,98.87239381252019,95.7023512922798,14.690256234656445,-0.2102735673869982,9.027537417463668,314.30903561750307,368.93995730241903,15.991511806390262,0.33723458270479456,-0.000834368942882241,0.021983064455694604,-0.0027842723440342438,-0.01939135332777432,0.0029743130621153447,0.0,1.0,0.8660254037844386,0.5000000000000001
2022-03-29,368.8999938964844,371.8299865722656,366.05999755859375,371.1900024414063,361.9396362304688,68073000.0,0.0170632482735606,99.08000183105467,99.3000030517578,98.04000091552734,98.4000015258789,98.4000015258789,0.0,2.496000051498413,2.496000051498413,2.380000114440918,2.400000095367432,2.400000095367432,0.0,19.700000762939453,19.729999542236328,18.670000076293945,18.89999961853028,18.89999961853028,0.0,0.017063248273560604,0.015641065625202937,0.017209657045346605,355.02199707031247,343.10949707031256,348.0645977783203,369.6735003662109,353.78981925868345,349.0325053689953,4.757313889688135,0.3131039562665666,64.60949742705454,98.51956444176693,97.12247656365716,13.11595591816436,-1.1768746460985247,8.876997809798851,312.7636487609182,373.4553453797069,17.68872535940073,0.3338921999676414,0.015353924556708066,-0.000834368942882241,0.019461977394260744,0.03088506374654889,-0.01542981177513801,0.7818314824680298,0.6234898018587336,0.8660254037844386,0.5000000000000001
2022-03-30,369.2799987792969,370.9800109863281,365.5700073242188,367.0899963378906,357.9418029785156,68757700.0,-0.0111070355031392,98.37000274658205,98.43000030517578,97.69000244140624,97.79000091552734,97.79000091552734,0.0,2.4019999504089355,2.434999942779541,2.345000028610229,2.3580000400543213,2.3580000400543213,0.0,19.3799991607666,20.51000022888184,18.71999931335449,19.32999992370605,19.32999992370605,0.0,-0.01110703550313928,0.014650139947987407,-0.011045580123773768,357.69899597167966,344.1029968261719,348.07679748535156,369.7702503967285,355.8360003477922,350.37009729261723,5.4659030551749765,1.3436637760482486,61.29574657061626,96.63214192270209,98.00803339232972,7.866122601533806,-8.716426018408207,8.644354760326612,311.94364953594487,376.2623441163989,18.691698466359316,0.33474122111309323,0.017063248273560604,0.015353924556708066,-0.014475567852983375,0.03641540006186747,0.0166402405730595,0.9749279121818236,-0.22252093395631434,0.8660254037844386,0.5000000000000001
2022-03-31,367.239990234375,367.6000061035156,361.6799926757813,362.5400085449219,353.5052185058594,67011400.0,-0.0124721640531419,97.83000183105467,98.4000015258789,97.69000244140624,98.30999755859376,98.30999755859376,0.0,2.322000026702881,2.3510000705718994,2.311000108718872,2.32699990272522,2.32699990272522,0.0,19.68000030517578,21.479999542236328,19.540000915527344,20.559999465942383,20.559999465942383,0.0,-0.012472164053141926,0.016120285331551517,-0.0123947089603349,359.5089965820312,345.1169967651367,348.093197631836,369.8335003662109,356.8673862242737,351.27157220019535,5.595814024078322,2.1940938256542637,57.75554808987759,91.00774837072088,95.38648491172997,5.254908249687018,-17.08345422333064,8.449758950855735,311.9395628729915,378.29443065728196,19.22677480571817,0.333499993902954,-0.01110703550313928,0.017063248273560604,0.021983064455694604,0.012033721050918648,-0.014387880741703718,0.43388373911755823,-0.900968867902419,0.8660254037844386,0.5000000000000001
2022-04-01,362.80999755859375,363.6099853515625,358.5899963378906,361.8500061035156,352.8323974609375,54527800.0,-0.0019050981661102,98.33999633789062,98.73999786376952,98.30999755859376,98.62999725341795,98.62999725341795,0.0,2.4040000438690186,2.4560000896453857,2.3570001125335693,2.377000093460083,2.377000093460083,0.0,20.6200008392334,20.86000061035156,19.40999984741211,19.6299991607666,19.6299991607666,0.0,-0.001905098166110247,0.013836413129329898,-0.0019032846184439123,360.5449981689453,346.34449768066406,348.29639770507816,369.8954504394531,357.6339431287724,352.0551598967376,5.578783232034766,2.8710317069303644,57.215864988535444,85.07558801769864,90.90515943704052,2.9474568713130416,-18.97335570516525,8.204775383914031,312.57351084684814,380.11548451448,19.501384927416048,0.3276389808344005,-0.012472164053141926,-0.01110703550313928,-0.000834368942882241,0.020261418709042238,-0.0145979175141588,-0.433883739117558,-0.9009688679024191,1.0,6.123233995736766e-17
2022-04-04,362.7099914550781,369.30999755859375,362.4400024414063,369.2999877929688,360.09674072265625,45950200.0,0.0203795701255007,98.56999969482422,99.08000183105467,98.5199966430664,98.98999786376952,98.98999786376952,0.0,2.4040000438690186,2.434000015258789,2.371000051498413,2.4119999408721924,2.4119999408721924,0.0,20.75,20.780000686645508,18.450000762939453,18.56999969482422,18.56999969482422,0.0,0.02037957012550077,0.01894073854879814,0.020588651478703923,362.46699829101567,348.56649780273443,348.6163977050781,369.9734004211425,359.42871923095646,353.3325545557177,6.096164675238754,3.516058300592042,61.408839392330606,86.03924187741781,87.3741927552791,5.490174233863458,-5.825464439250694,8.151576531854323,314.899701928293,382.2332936771759,19.317287281863003,0.2939440342208867,-0.001905098166110247,-0.012472164053141926,0.015353924556708066,-0.0027842723440342438,-0.0375784609383201,0.0,1.0,1.0,6.123233995736766e-17
2022-04-05,367.80999755859375,368.5400085449219,359.92999267578125,361.1000061035156,352.1011657714844,62738700.0,-0.0224541825141335,99.0,99.5199966430664,98.83999633789062,99.47000122070312,99.47000122070312,0.0,2.4800000190734863,2.566999912261963,2.447000026702881,2.555999994277954,2.555999994277954,0.0,18.790000915527344,21.56999969482422,18.549999237060547,21.030000686645508,21.030000686645508,0.0,-0.022454182514133537,0.023408868508988833,-0.022203963676888705,362.8809997558594,350.45399780273436,348.9361981201172,370.00395050048826,359.68584028827325,353.9079213370361,5.7779189512371545,3.9684304307210647,55.0176214596647,81.45300682779154,84.189278907636,1.1597979458598522,-30.842159372209423,8.238606430806698,318.5532745380321,382.3547210674366,18.205369871488088,0.30926959043443925,0.02037957012550077,-0.001905098166110247,0.017063248273560604,0.019461977394260744,-0.004658892110528023,0.7818314824680298,0.6234898018587336,1.0,6.123233995736766e-17
2022-04-06,355.6499938964844,356.7799987792969,350.5599975585937,353.260009765625,344.45654296875,90077100.0,-0.0219505997975915,99.47000122070312,99.7699966430664,99.30999755859376,99.5999984741211,99.5999984741211,0.0,2.628000020980835,2.6410000324249268,2.568000078201294,2.608999967575073,2.608999967575073,0.0,21.270000457763672,24.780000686645508,21.239999771118164,22.100000381469727,22.100000381469727,0.0,-0.021950599797591556,0.017489108189085414,-0.021711438489515733,363.02400207519537,351.36749877929685,349.10999816894537,369.9981005859375,358.6972509770966,353.8599278873019,4.8373230897946655,4.142208962535785,49.692480881677575,67.33494710988784,78.27573193836572,0.4064529028044201,-61.327534858876355,8.402992296100644,320.2957137096067,382.43928384898703,17.686203292927317,0.3029182200429008,-0.022454182514133537,0.02037957012550077,-0.01110703550313928,-0.014475567852983375,0.03536515996265308,0.9749279121818236,-0.22252093395631434,1.0,6.123233995736766e-17
2022-04-07,352.239990234375,356.3500061035156,348.69000244140625,354.1000061035156,345.2755432128906,63777400.0,0.0023748369706691,99.6500015258789,99.83000183105467,99.4000015258789,99.75,99.75,0.0,2.630000114440918,2.6730000972747803,2.608999967575073,2.6519999504089355,2.6519999504089355,0.0,21.96999931335449,23.81999969482422,21.1200008392334,21.549999237060547,21.549999237060547,0.0,0.002374836970669195,0.0217465474519589,0.002377659129601417,362.46900329589846,352.508999633789,349.36999816894536,369.99575057983395,357.9899825350072,353.8777114588733,4.112271076133879,4.136221385255404,50.24811008703088,46.762507676939656,65.18348720487302,-1.5431635999321511,-67.54278273809524,8.349921679386982,322.9031275501268,382.11487171745125,16.79722907183583,0.2984674208643169,-0.021950599797591556,-0.022454182514133537,-0.012472164053141926,0.021983064455694604,-0.011166793545398077,0.43388373911755823,-0.900968867902419,1.0,6.123233995736766e-17
2022-04-08,352.32000732421875,353.0899963378906,348.5,349.1499938964844,340.4488525390625,61956100.0,-0.0140778727397707,99.81999969482422,100.19000244140624,99.73999786376952,99.8000030517578,99.8000030517578,0.0,2.688999891281128,2.727999925613404,2.6679999828338623,2.713000059127808,2.713000059127808,0.0,21.25,22.34000015258789,20.280000686645508,21.15999984741211,21.15999984741211,0.0,-0.014077872739770786,0.013027918490211456,-0.013979242864740282,361.44900207519527,353.746499633789,349.31699829101564,369.94830047607417,356.6299842829267,353.52751015795565,3.1024741249710814,3.92947193319854,46.9568324548963,24.63859004889179,46.24534827857309,-2.8384616763003474,-97.21391225635304,8.153499138253315,327.17405650892044,380.3189427586576,15.023438056561591,0.29195179054028947,0.002374836970669195,-0.021950599797591556,-0.001905098166110247,-0.000834368942882241,-0.020956521229359266,-0.433883739117558,-0.9009688679024191,1.0,6.123233995736766e-17
2022-04-11,344.8099975585937,345.75,340.5400085449219,340.8900146484375,332.3948669433594,66107400.0,-0.0239412810456493,99.83999633789062,100.0500030517578,99.62000274658205,99.93000030517578,99.93000030517578,0.0,2.7690000534057617,2.7920000553131104,2.733999967575073,2.7799999713897705,2.7799999713897705,0.0,23.09000015258789,24.420000076293945,22.09000015258789,24.3700008392334,24.3700008392334,0.0,-0.023941281045649302,0.015109745923746858,-0.023656962082957866,359.04700317382816,354.88249969482416,348.873798828125,369.85955047607416,354.2084504930053,352.5913993794728,1.6170511135324546,3.4669877692653235,42.011756203632615,12.120631176665995,27.840576300832478,-6.582441909680648,-98.88141147555373,8.18610529634683,333.226126390285,376.5388729993633,12.204813324501618,0.29713336454857264,-0.014077872739770786,0.002374836970669195,0.02037957012550077,0.015353924556708066,-0.01939135332777432,0.0,1.0,1.0,6.123233995736766e-17
2022-04-12,345.760009765625,347.69000244140625,338.0400085449219,339.45001220703125,330.9906616210937,72790200.0,-0.004233458099407,100.04000091552734,100.33000183105467,99.73999786376952,100.29000091552734,100.29000091552734,0.0,2.760999917984009,2.7709999084472656,2.674000024795532,2.7249999046325684,2.7249999046325684,0.0,24.940000534057617,25.3799991607666,22.270000457763672,24.26000022888184,24.26000022888184,0.0,-0.004233458099407057,0.027909514183047563,-0.004224509647752672,355.87300415039067,355.44750061035154,348.35239929199224,369.7558505249023,351.9379215259323,351.6179632926253,0.3199582333070339,2.837581862073666,41.19721876121659,2.6925073394328987,13.150576188330225,-8.550874222261772,-95.82715424979453,8.290668767785226,336.2812299055672,374.61377131513586,10.784304670519973,0.2798691729470888,-0.023941281045649302,-0.014077872739770786,-0.022454182514133537,0.017063248273560604,0.03088506374654889,0.7818314824680298,0.6234898018587336,1.0,6.123233995736766e-17
2022-04-13,339.79998779296875,347.42999267578125,339.0599975585937,346.3500061035156,337.71875,61367800.0,0.0201232861494544,100.33999633789062,100.5199966430664,99.83000183105467,99.87999725341795,99.87999725341795,0.0,2.746000051498413,2.760999917984009,2.6459999084472656,2.687000036239624,2.687000036239624,0.0,23.520000457763672,24.450000762939453,21.3700008392334,21.81999969482422,21.81999969482422,0.0,0.02012328614945442,0.02463212306613494,0.020327124475216785,353.79900512695315,355.7490005493164,347.90959960937505,369.68285049438464,351.07824223017593,351.2277442415801,-0.14950201140419495,2.240165087378094,46.545280727889974,9.961505971936766,8.25821482934522,-5.649838034617736,-75.40691635884144,8.296334935599678,337.41296476481983,374.085036333813,10.308411692616803,0.2582476406260458,-0.004233458099407057,-0.023941281045649302,-0.021950599797591556,-0.01110703550313928,0.03641540006186747,0.9749279121818236,-0.22252093395631434,1.0,6.123233995736766e-17
2022-04-14,346.44000244140625,346.9700012207031,338.2099914550781,338.42999267578125,329.9960632324219,73519400.0,-0.0231327237127929,99.79000091552734,100.76000213623048,99.56999969482422,100.31999969482422,100.31999969482422,0.0,2.6670000553131104,2.8350000381469727,2.6670000553131104,2.828000068664551,2.828000068664551,0.0,21.71999931335449,22.700000762939453,20.850000381469727,22.700000762939453,22.700000762939453,0.0,-0.023132723712792937,0.025285791778928847,-0.022867213524798702,351.3880035400391,355.44850006103513,347.60719970703127,369.5811505126952,349.13235768334596,350.2797626441136,-1.1474049607676307,1.562651077748949,41.8412990906309,9.973356935776668,7.542456749048777,-6.650304876945238,-98.84585858403403,8.329454566315771,336.1598501449572,374.73714997711306,10.853133386561382,0.26818898679205627,0.02012328614945442,-0.004233458099407057,0.002374836970669195,-0.012472164053141926,0.012033721050918648,0.43388373911755823,-0.900968867902419,1.0,6.123233995736766e-17
2022-04-15,346.44000244140625,346.9700012207031,338.2099914550781,338.42999267578125,329.9960632324219,73519400.0,0.0,99.79000091552734,100.76000213623048,99.56999969482422,100.31999969482422,100.31999969482422,0.0,2.6670000553131104,2.8350000381469727,2.6670000553131104,2.828000068664551,2.828000068664551,0.0,21.71999931335449,22.700000762939453,20.850000381469727,22.700000762939453,22.700000762939453,0.0,0.0,0.025285791778928847,0.0,349.0460021972657,354.79550018310545,347.2155993652344,369.46825042724595,347.4858399898745,349.40200190571863,-1.9161619158441567,0.866888479030328,41.841299090630905,8.967122157696835,9.633995021803422,-6.472298751608846,-98.84585858403403,8.360208509123574,334.1089742312669,375.48202613494396,11.661098261484415,0.25645348812202434,-0.023132723712792937,0.02012328614945442,-0.014077872739770786,-0.001905098166110247,0.020261418709042238,-0.433883739117558,-0.9009688679024191,1.0,6.123233995736766e-17
2022-04-18,337.3500061035156,341.0400085449219,335.7900085449219,338.69000244140625,330.2496032714844,58560600.0,0.0007680173135178,100.5,100.86000061035156,100.45999908447266,100.77999877929688,100.77999877929688,0.0,2.861999988555908,2.868000030517578,2.809999942779541,2.861999988555908,2.861999988555908,0.0,24.520000457763672,24.600000381469727,21.979999542236328,22.170000076293945,22.170000076293945,0.0,0.0007680173135178229,0.015562471928306534,0.0007683123143318316,345.9850036621094,354.22600097656243,346.8867993164063,369.3496003723144,346.1326342131871,348.6085204639177,-2.475886250730639,0.19833353307813462,42.06422977918065,3.5164141553906605,7.48563108295472,-8.288650518104713,-91.75904036575996,8.138050758471891,332.39727488715545,376.0547270659694,12.324745235656087,0.25658839215411633,0.0,-0.023132723712792937,-0.023941281045649302,0.02037957012550077,-0.0027842723440342438,0.0,1.0,1.0,6.123233995736766e-17
2022-04-19,338.0299987792969,346.8500061035156,336.9800109863281,346.260009765625,337.63092041015625,56515700.0,0.0221046053162744,100.83000183105467,101.02999877929688,100.6999969482422,100.95999908447266,100.95999908447266,0.0,2.880000114440918,2.930000066757202,2.880000114440918,2.9130001068115234,2.9130001068115234,0.0,22.549999237060547,22.920000076293945,20.36000061035156,21.3700008392334,21.3700008392334,0.0,0.022104605316274485,0.02919857750149482,0.02235072219785228,344.5010040283204,353.6910018920898,346.6295996093751,369.2688003540039,346.15223045202373,348.4345567084886,-2.2823262564648985,-0.29779842483047203,48.28012838601645,13.543399487194185,8.67564526676056,-4.109663829148893,-68.76490258862347,8.26176106980872,331.62125158043824,375.76075220374133,12.479678698970673,0.25962626042426057,0.0007680173135178229,0.0,-0.004233458099407057,-0.022454182514133537,0.019461977394260744,0.7818314824680298,0.6234898018587336,1.0,6.123233995736766e-17
2022-04-20,347.0899963378906,347.5599975585937,339.9599914550781,341.2099914550781,332.706787109375,65500000.0,-0.0146917645157936,100.9800033569336,101.04000091552734,100.22000122070312,100.38999938964844,100.38999938964844,0.0,2.880000114440918,2.9030001163482666,2.819000005722046,2.8399999141693115,2.8399999141693115,0.0,21.1299991607666,21.31999969482422,19.75,20.31999969482422,20.31999969482422,0.0,-0.014691764515793626,0.021896355941405453,-0.01458436713912159,343.2960021972657,353.16000213623045,346.1191992187501,369.1595002746582,345.3918859909552,347.8994037267545,-2.507517735799297,-0.739742287024237,44.82504002064668,18.548487478391866,11.869433706992236,-3.4110904086034584,-83.83059461044098,8.214492857930638,330.40143427322096,375.91856999923993,12.888530821919316,0.259770424115349,0.022104605316274485,0.0007680173135178229,0.02012328614945442,-0.021950599797591556,-0.014475567852983375,0.9749279121818236,-0.22252093395631434,1.0,6.123233995736766e-17
2022-04-21,345.19000244140625,347.8699951171875,333.20001220703125,334.1499938964844,325.82275390625,75801000.0,-0.0209080490702808,100.3499984741211,100.63999938964844,99.81999969482422,100.58000183105467,100.58000183105467,0.0,2.8540000915527344,2.9539999961853027,2.845999956130981,2.9170000553131104,2.9170000553131104,0.0,20.239999771118164,23.280000686645508,19.809999465942383,22.68000030517578,22.68000030517578,0.0,-0.020908049070280866,0.04249828444161381,-0.02069099119658757,341.30100097656253,351.88500213623047,345.6335992431641,369.02765029907226,343.66236413026735,346.88092892451226,-3.2185647942449123,-1.2355067884683721,40.46521665789061,16.678434446821864,16.25677380413597,-5.63400504466503,-97.36919946046996,8.675599290232467,327.83670917434046,375.9332950981205,13.66826822166171,0.2527954893040695,-0.014691764515793626,0.022104605316274485,-0.023132723712792937,0.002374836970669195,0.021983064455694604,0.43388373911755823,-0.900968867902419,1.0,6.123233995736766e-17
2022-04-22,334.3099975585937,335.5599975585937,324.9599914550781,325.3999938964844,317.29083251953125,82562100.0,-0.0265347278166148,100.62000274658205,101.33000183105467,100.47000122070312,101.22000122070312,101.22000122070312,0.0,2.934000015258789,2.937999963760376,2.864000082015991,2.9059998989105225,2.9059998989105225,0.0,22.709999084472656,28.270000457763672,22.6200008392334,28.209999084472656,28.209999084472656,0.0,-0.026534727816614825,0.03170711669087231,-0.026185775193508065,338.9260009765625,350.18750152587893,345.20039916992187,368.8666502380371,340.85276870968534,345.2897485520657,-4.436979842380367,-1.8758013992507712,35.81568076914465,6.603282861218378,13.943401595477368,-6.802234115759823,-98.99035734543392,8.81305691975269,323.68975153562275,376.6852515161351,15.133464144092526,0.2651226217411607,-0.020908049070280866,-0.014691764515793626,0.0,-0.014077872739770786,-0.000834368942882241,-0.433883739117558,-0.9009688679024191,1.0,6.123233995736766e-17
2022-04-25,323.7300109863281,329.8999938964844,322.42999267578125,329.5799865722656,321.3666381835937,101755900.0,0.0127638403533972,101.12000274658205,101.86000061035156,101.04000091552734,101.75,101.75,0.0,2.836999893188477,2.8429999351501465,2.759999990463257,2.825999975204468,2.825999975204468,0.0,30.040000915527344,31.600000381469727,26.799999237060547,27.020000457763672,27.020000457763672,0.0,0.012763840353397261,0.023074787530336816,0.012845645843901021,337.7949981689453,348.4210006713867,344.8421990966797,368.7412001037598,339.11849453469773,344.1260624794879,-5.007567944790196,-2.502154708358656,39.39801992241414,8.151853336441032,10.477856881493757,-3.3177938895734433,-79.18488318477301,8.717124369820578,321.3513898907282,375.4906114520452,15.53844959316283,0.2626379894842957,-0.026534727816614825,-0.020908049070280866,0.0007680173135178229,-0.023941281045649302,0.015353924556708066,0.0,1.0,1.0,6.123233995736766e-17
2022-04-26,327.4700012207031,327.6600036621094,316.8599853515625,317.1400146484375,309.23663330078125,105819600.0,-0.0384758589889331,101.7300033569336,102.36000061035156,101.51000213623048,102.3000030517578,102.3000030517578,0.0,2.760999917984009,2.782000064849853,2.7239999771118164,2.7720000743865967,2.7720000743865967,0.0,27.3799991607666,33.810001373291016,27.059999465942383,33.52000045776367,33.52000045776367,0.0,-0.038475858988933194,0.03298017610861414,-0.037745065733558514,335.5639984130859,345.71850128173827,344.0623992919922,368.5329501342774,335.73718993681155,342.1270959734842,-6.389906036672642,-3.2797049740214534,33.419820057191785,7.5112911828659215,7.4221424601751105,-6.572395568213101,-99.2908859211953,9.003044144883617,317.45421930990284,373.9827832535737,16.351038123239963,0.27423535060574145,0.012763840353397261,-0.026534727816614825,0.022104605316274485,-0.004233458099407057,0.017063248273560604,0.7818314824680298,0.6234898018587336,1.0,6.123233995736766e-17
2022-04-27,317.239990234375,322.8800048828125,315.0,316.760009765625,308.8661193847656,111204200.0,-0.0011988749727586,102.27999877929688,103.27999877929688,102.22000122070312,102.9499969482422,102.9499969482422,0.0,2.753000020980835,2.819999933242798,2.7300000190734863,2.818000078201294,2.818000078201294,0.0,31.11000061035156,32.77000045776367,29.81999969482422,31.600000381469727,31.600000381469727,0.0,-0.0011988749727586154,0.02483925458764136,-0.0011981566092631457,332.60499877929686,343.2020019531249,343.2767993164063,368.3089501953126,332.817623756629,340.2480525506798,-7.430428794050783,-4.10984973802732,33.253826161552354,8.714964104642814,8.126036207983255,-8.543379765105849,-95.37933858010325,8.922827054735679,314.0027632442078,372.401240662042,17.015774117136523,0.2749378554614967,-0.038475858988933194,0.012763840353397261,-0.014691764515793626,0.02012328614945442,-0.01110703550313928,0.9749279121818236,-0.22252093395631434,1.0,6.123233995736766e-17
2022-04-28,321.8500061035156,329.8900146484375,317.5199890136719,328.010009765625,319.8357849121094,99450000.0,0.0348997795167669,103.04000091552734,103.93000030517578,102.9800033569336,103.62000274658205,103.62000274658205,0.0,2.867000102996826,2.888000011444092,2.8359999656677246,2.86299991607666,2.86299991607666,0.0,29.90999984741211,32.0,28.0,29.989999771118164,29.989999771118164,0.0,0.034899779516766975,0.0384341320496576,0.035515923692745366,331.56300048828126,341.4755020141601,342.9279992675781,368.1292501831056,332.0779908349361,339.34153086289797,-7.263540027961881,-4.740587796014232,42.378558930487735,14.969991790563956,10.39874902602423,-3.078918280194711,-60.419800127009594,9.223339756741165,313.0166641213193,369.9343399070009,16.66815787661434,0.31218428681638993,-0.0011988749727586154,-0.038475858988933194,-0.020908049070280866,-0.023132723712792937,-0.012472164053141926,0.43388373911755823,-0.900968867902419,1.0,6.123233995736766e-17
2022-04-29,323.70001220703125,327.2300109863281,312.6000061035156,313.25,305.4436340332031,91977900.0,-0.0460424343204941,103.66999816894533,103.66999816894533,102.81999969482422,102.95999908447266,102.95999908447266,0.0,2.8540000915527344,2.934000015258789,2.8540000915527344,2.88700008392334,2.88700008392334,0.0,28.96999931335449,34.34000015258789,28.540000915527344,33.400001525878906,33.400001525878906,0.0,-0.046042434320494166,0.04519618267254027,-0.04499856350614806,329.0450012207031,339.0455017089844,342.3627990722656,367.8545001220705,329.18137686033054,337.4088248730537,-8.22744801272313,-5.437959839356012,35.51797896706635,15.347923520417481,13.010959805208083,-7.4402367463642305,-98.15709073163472,9.665244321410322,309.6283158086403,368.46268760932844,17.35294274784035,0.34405861401069365,0.034899779516766975,-0.0011988749727586154,-0.026534727816614825,0.0,-0.001905098166110247,-0.433883739117558,-0.9009688679024191,1.0,6.123233995736766e-17
2022-05-02,312.8299865722656,318.7200012207031,309.6499938964844,318.4800109863281,310.54327392578125,115511800.0,0.0165580025779503,103.20999908447266,103.75,103.11000061035156,103.73999786376952,103.73999786376952,0.0,2.921999931335449,3.002000093460083,2.907000064849853,2.996000051498413,2.996000051498413,0.0,33.349998474121094,36.63999938964844,31.739999771118164,32.34000015258789,32.34000015258789,0.0,0.01655800257795031,0.028993407644837536,0.016695846055916785,327.02400207519537,336.50450286865237,341.9021990966797,367.6044502258302,327.53501287971477,336.006690511074,-8.471677631359228,-6.044703397756654,39.26962005766421,21.508746835556643,17.275554048846026,-5.9671059994085525,-76.89686863468576,9.622727393039495,309.4024213668105,363.60658437049426,16.108005254491726,0.3402401957452627,-0.046042434320494166,0.034899779516766975,0.012763840353397261,0.0007680173135178229,0.02037957012550077,0.0,1.0,0.8660254037844387,-0.4999999999999998
2022-05-03,318.5,321.1700134277344,315.9800109863281,318.82000732421875,310.8747253417969,78185500.0,0.0010667584390481,103.5999984741211,103.66999816894533,103.02999877929688,103.47000122070312,103.47000122070312,0.0,2.9579999446868896,2.969000101089477,2.9130001068115234,2.9600000381469727,2.9600000381469727,0.0,31.76000022888184,32.81999969482422,29.059999465942383,29.25,29.25,0.0,0.001066758439048175,0.016295141103316327,0.0010673276282096023,324.28000183105473,334.3905029296875,341.5169995117188,367.37640029907243,326.1942427942538,334.7336028676033,-8.539360073349485,-6.543634732875221,39.515985377966665,16.312916330932275,17.72319556230213,-7.924681357220466,-76.00729164088268,9.30610418220855,308.8133499188039,359.9676559405711,15.297774779364303,0.33666456024781743,0.01655800257795031,-0.046042434320494166,-0.038475858988933194,0.022104605316274485,-0.022454182514133537,0.7818314824680298,0.6234898018587336,0.8660254037844387,-0.4999999999999998
2022-05-04,319.3099975585937,330.2900085449219,313.8900146484375,329.6000061035156,321.38623046875,116083400.0,0.0332535914130508,103.45999908447266,103.62000274658205,102.45999908447266,102.58999633789062,102.58999633789062,0.0,2.961999893188477,3.010999917984009,2.9110000133514404,2.9170000553131104,2.9170000553131104,0.0,29.1200008392334,29.420000076293945,24.940000534057617,25.420000076293945,25.420000076293945,0.0,0.033253591413050884,0.051360727887873166,0.033812672018917134,323.1190032958985,333.20750274658207,341.52059936523443,367.1952503967286,326.7182063802941,334.3533364406338,-7.635130060339748,-6.761933798368126,46.87473224209806,33.0978907313173,23.639851299268738,-3.4025924334900397,-47.80216753047964,9.81281059037111,309.16233965000083,357.2526658431633,14.432546025152721,0.3587696326905551,0.001066758439048175,0.01655800257795031,-0.0011988749727586154,-0.014691764515793626,-0.021950599797591556,0.9749279121818236,-0.22252093395631434,0.8660254037844387,-0.4999999999999998
2022-05-05,325.1700134277344,325.25,309.6199951171875,313.0,305.1997985839844,154607400.0,-0.0516769705733194,102.68000030517578,103.94000244140624,102.3499984741211,103.75,103.75,0.0,2.934999942779541,3.1080000400543213,2.927000045776367,3.065999984741211,3.065999984741211,0.0,25.96999931335449,33.20000076293945,25.780000686645508,31.200000762939453,31.200000762939453,0.0,-0.051676970573319415,0.04806717789888121,-0.05036442246189987,321.00400390625003,331.1525024414062,340.9707995605469,366.927850341797,324.607713091018,332.7716078154017,-8.163894724383681,-7.042325983571238,39.00503318137646,28.34238496711669,25.91773067645542,-6.329491031813811,-91.16338592728759,10.539039190082324,307.6054931541875,354.69951172862494,14.221247983101138,0.39642516060117877,0.033253591413050884,0.001066758439048175,0.034899779516766975,-0.020908049070280866,0.002374836970669195,0.43388373911755823,-0.900968867902419,0.8660254037844387,-0.4999999999999998
2022-05-06,310.95001220703125,315.0899963378906,305.1099853515625,309.25,301.54327392578125,139572800.0,-0.0120531048190927,103.55999755859376,104.05999755859376,103.19000244140624,103.66000366210938,103.66000366210938,0.0,3.0789999961853027,3.13100004196167,3.0429999828338623,3.122999906539917,3.122999906539917,0.0,32.22999954223633,35.34000015258789,29.82999992370605,30.190000534057617,30.190000534057617,0.0,-0.012053104819092768,0.03209522622460426,-0.011980757114415042,319.3890045166016,329.157502746582,340.2403997802735,366.6512503051759,322.2449880000922,331.0292664957423,-8.784278495650142,-7.390716485987019,37.47443185329208,23.572141444021348,28.337472380818447,-4.963120528398652,-90.31802221016872,10.499108604099881,305.2722407893268,353.0427647038372,14.512968264706041,0.39595425361519593,-0.051676970573319415,0.033253591413050884,-0.046042434320494166,-0.026534727816614825,-0.014077872739770786,-0.433883739117558,-0.9009688679024191,0.8660254037844387,-0.4999999999999998
2022-05-09,303.4800109863281,309.3500061035156,295.7200012207031,297.1499938964844,289.7448425292969,113387300.0,-0.0399128523082472,103.66000366210938,104.19000244140624,103.38999938964844,103.6500015258789,103.6500015258789,0.0,3.1630001068115234,3.1670000553131104,3.069000005722046,3.0789999961853027,3.0789999961853027,0.0,31.89999961853028,35.47999954223633,31.89999961853028,34.75,34.75,0.0,-0.03991285230824723,0.04491236453601729,-0.039126826617224775,316.14600524902346,326.9705017089844,339.2473999023438,366.3140002441407,318.3842196764602,328.5196907476492,-10.135471071188988,-7.939667403027412,32.977665272326746,7.0868894211958136,19.66713861077795,-9.839794282736419,-97.25792359895625,10.722744052579355,299.82151093338484,354.11949248458393,16.606385367303336,0.4093487753646648,-0.012053104819092768,-0.051676970573319415,0.01655800257795031,0.012763840353397261,-0.023941281045649302,0.0,1.0,0.8660254037844387,-0.4999999999999998
2022-05-10,304.510009765625,305.760009765625,296.57000732421875,300.760009765625,293.2648620605469,124124600.0,0.0120754844276273,103.7300033569336,103.9800033569336,103.5,103.91999816894533,103.91999816894533,0.0,2.990999937057495,3.005000114440918,2.941999912261963,2.993000030517578,2.993000030517578,0.0,33.65999984741211,34.84000015258789,32.2400016784668,32.9900016784668,32.9900016784668,0.0,0.012075484427627386,0.0301796399024111,0.012148687446935647,314.5080047607422,325.03600158691404,338.43280029296875,365.9837503051758,315.67280276710096,326.46341808231404,-10.790615315213074,-8.509856985464545,35.4657422448094,7.362833745819262,12.673954870345474,-5.164912696674494,-90.33555295341725,10.613262508924134,296.1716091472364,353.9003940265917,17.760735610057875,0.4147972177505833,-0.03991285230824723,-0.012053104819092768,0.001066758439048175,-0.038475858988933194,-0.004233458099407057,0.7818314824680298,0.6234898018587336,0.8660254037844387,-0.4999999999999998
2022-05-11,298.44000244140625,304.0899963378906,290.95001220703125,291.8399963378906,284.5671081542969,140326100.0,-0.0301070599774809,103.9000015258789,104.11000061035156,103.37000274658205,103.8499984741211,103.8499984741211,0.0,2.9539999961853027,3.075999975204468,2.907000064849853,2.9210000038146973,2.9210000038146973,0.0,32.869998931884766,34.38999938964844,30.690000534057617,32.560001373291016,32.560001373291016,0.0,-0.030107059977480963,0.044028897009003316,-0.02965835676711337,312.0160034179688,322.3105010986328,337.3252001953125,365.6062503051758,312.0062171626071,323.89872017531974,-11.892503012712666,-9.18638619091417,32.27727338014706,4.800518966664266,6.416747377893113,-7.867158940351413,-98.00496654763371,10.793742624776652,291.67994056092436,352.94106163634126,19.006864767545967,0.41106293499736485,0.012075484427627386,-0.03991285230824723,0.033253591413050884,-0.0011988749727586154,0.02012328614945442,0.9749279121818236,-0.22252093395631434,0.8660254037844387,-0.4999999999999998
2022-05-12,287.45001220703125,295.75,284.94000244140625,291.1499938964844,283.8943176269531,120910900.0,-0.0023670589101253,104.01000213623048,104.93000030517578,103.87999725341795,104.8499984741211,104.8499984741211,0.0,2.8410000801086426,2.880000114440918,2.816999912261963,2.816999912261963,2.816999912261963,0.0,33.7400016784668,34.7599983215332,31.700000762939453,31.770000457763672,31.770000457763672,0.0,-0.002367058910125328,0.03760653017752535,-0.0023642596353017353,308.3300018310548,319.946501159668,336.3029998779297,365.2136502075195,308.79756742935746,321.4728885991097,-12.675321169752237,-9.884173186681785,32.037335225054676,8.450984950803509,6.871445887762345,-11.237466775931148,-86.30652564653852,10.794903691477874,287.32113914685647,352.57186317247954,20.394260849584963,0.40789710733898854,-0.030107059977480963,0.012075484427627386,-0.051676970573319415,0.034899779516766975,-0.023132723712792937,0.43388373911755823,-0.900968867902419,0.8660254037844387,-0.4999999999999998
2022-05-13,295.7200012207031,303.0,294.0799865722656,301.94000244140625,294.4153747558594,83684900.0,0.0363895616508036,104.7699966430664,105.01000213623048,104.47000122070312,104.55999755859376,104.55999755859376,0.0,2.9110000133514404,2.941999912261963,2.888000011444092,2.934999942779541,2.934999942779541,0.0,31.09000015258789,31.200000762939453,28.780000686645508,28.8700008392334,28.8700008392334,0.0,0.03638956165080363,0.030163713617318528,0.03705976652456733,307.1990020751953,318.1220016479492,335.5958001708985,364.88310028076165,307.7425574312111,320.02600814298347,-12.283450711772389,-10.364028691699907,39.598768321323746,17.724907020923197,10.325470312796991,-3.610533937300479,-62.513786743058176,10.870268149480571,285.7687337293262,350.47526956657225,20.340163679987707,0.43626561069438674,-0.002367058910125328,-0.030107059977480963,-0.012053104819092768,-0.046042434320494166,0.0,-0.433883739117558,-0.9009688679024191,0.8660254037844387,-0.4999999999999998
2022-05-16,300.1499938964844,302.260009765625,297.1300048828125,298.44000244140625,291.0026550292969,59190400.0,-0.0116592185840545,104.47000122070312,104.63999938964844,104.13999938964844,104.19000244140624,104.19000244140624,0.0,2.928999900817871,2.933000087738037,2.852999925613404,2.877000093460083,2.877000093460083,0.0,30.01000022888184,30.229999542236328,27.36000061035156,27.46999931335449,27.46999931335449,0.0,-0.011659218584054573,0.01709147088832437,-0.01159151328082797,305.1950012207031,316.10950164794923,335.0674005126953,364.5316502380371,306.3113951250873,318.4270447576815,-12.11564963259417,-10.71435287987876,38.117318338726264,26.98271702638374,17.71953633270348,-6.29239131299269,-70.23153653125208,10.460249344718566,284.1380619261763,348.08094136972215,20.228078912591165,0.43605038265828355,0.03638956165080363,-0.002367058910125328,-0.03991285230824723,0.01655800257795031,0.0007680173135178229,0.0,1.0,0.8660254037844387,-0.4999999999999998
2022-05-17,304.45001220703125,306.5599975585937,300.54998779296875,306.1700134277344,298.5399780273437,62715300.0,0.0255714626628271,104.16999816894533,104.2300033569336,103.2300033569336,103.36000061035156,103.36000061035156,0.0,2.9089999198913574,2.983999967575073,2.9089999198913574,2.9679999351501465,2.9679999351501465,0.0,27.06999969482422,27.170000076293945,25.51000022888184,26.100000381469727,26.100000381469727,0.0,0.025571462662827105,0.019740546968801016,0.025901217283697875,303.9300018310547,314.10500183105466,334.72380065917974,364.22830032348634,306.2896440947253,317.51911651101875,-11.229472416293447,-10.817376787161699,43.17382399791308,38.02278869838116,27.5768042485627,-3.967754095062225,-53.18631063054624,10.293088328466343,285.2142768726657,342.9957267894436,18.39558414541147,0.43921056739423475,-0.011659218584054573,0.03638956165080363,0.012075484427627386,0.001066758439048175,0.022104605316274485,0.7818314824680298,0.6234898018587336,0.8660254037844387,-0.4999999999999998
2022-05-18,301.5400085449219,302.25,289.8500061035156,291.1400146484375,283.8846435546875,79477100.0,-0.0503358826254387,103.33999633789062,103.93000030517578,103.19000244140624,103.80999755859376,103.80999755859376,0.0,2.994999885559082,3.013999938964844,2.878999948501587,2.885999917984009,2.885999917984009,0.0,26.739999771118164,31.489999771118164,26.209999084472656,30.959999084472656,30.959999084472656,0.0,-0.05033588262543873,0.041122217765796366,-0.049090023284298234,300.08400268554686,311.6015029907226,333.84680114746095,363.85295043945314,303.95893187221947,315.56510896564237,-11.6061770934229,-10.975136848413939,36.866107384977674,30.084540745840087,31.696682156868327,-11.668686511795515,-86.32853060068142,10.723582542448657,283.94929648940615,339.2537094920391,17.748442312320787,0.4658199455953367,0.025571462662827105,-0.011659218584054573,-0.030107059977480963,0.033253591413050884,-0.014691764515793626,0.9749279121818236,-0.22252093395631434,0.8660254037844387,-0.4999999999999998
2022-05-19,289.2900085449219,294.3900146484375,287.5799865722656,289.5799865722656,282.363525390625,79920700.0,-0.0053726330836197,103.83000183105467,103.87999725341795,102.66000366210938,102.72000122070312,102.72000122070312,0.0,2.825999975204468,2.858999967575073,2.7720000743865967,2.8550000190734863,2.8550000190734863,0.0,31.239999771118164,33.11000061035156,29.059999465942383,29.350000381469727,29.350000381469727,0.0,-0.005372633083619752,0.023540488350859833,-0.0053582263028238986,297.74200134277345,309.3730026245117,333.01300109863286,363.463200378418,301.74678644145735,313.6402850846515,-11.893498643194164,-11.158809207369984,36.273725228649965,23.57221830798726,30.559849250736168,-7.482432405026957,-89.76850384481057,10.444042937714602,282.1923207986795,336.5536844503439,17.571463311439366,0.46333889349938007,-0.05033588262543873,0.025571462662827105,-0.002367058910125328,-0.051676970573319415,-0.020908049070280866,0.43388373911755823,-0.900968867902419,0.8660254037844387,-0.4999999999999998
2022-05-20,293.1300048828125,293.79998779296875,280.2099914550781,288.67999267578125,281.4858703613281,91764200.0,-0.0031130856739786,102.9000015258789,103.26000213623048,102.7699966430664,103.1500015258789,103.1500015258789,0.0,2.8510000705718994,2.861000061035156,2.7739999294281006,2.7869999408721924,2.7869999408721924,0.0,28.780000686645508,32.90999984741211,28.059999465942383,29.43000030517578,29.43000030517578,0.0,-0.0031130856739786015,0.046361669264542306,-0.0031082450471699996,295.68500061035155,307.53700256347656,332.2986010742188,363.06250030517583,299.7365104775072,311.7913745358463,-12.054864058339092,-11.338020177563806,35.915179495316394,13.605300505861562,22.420686519896304,-6.651578762883994,-83.08706403692334,10.668753894870033,279.95681042079184,335.1171947061613,17.936178029173636,0.4577732333907136,-0.005372633083619752,-0.05033588262543873,0.03638956165080363,-0.012053104819092768,-0.026534727816614825,-0.433883739117558,-0.9009688679024191,0.8660254037844387,-0.4999999999999998
2022-05-23,289.75,293.8699951171875,287.2900085449219,293.4800109863281,286.1662902832031,63648400.0,0.0164908241872498,103.02999877929688,103.0500030517578,102.04000091552734,102.08000183105467,102.08000183105467,0.0,2.8320000171661377,2.868000030517578,2.8010001182556152,2.858999967575073,2.858999967575073,0.0,28.979999542236328,30.38999938964844,28.290000915527344,28.479999542236328,28.479999542236328,0.0,0.01649082418724988,0.022709185754152286,0.0166275483592373,295.318002319336,305.7320037841797,331.80480102539065,362.68500030517583,298.77397209424885,310.434977235882,-11.661005141633154,-11.402617170377676,39.35799661203305,17.88068863663036,18.352735816826392,-1.2350607388653458,-73.50236620837502,10.376699086112575,279.53552471259417,331.92848285576525,17.136890313961366,0.459983806742855,-0.0031130856739786015,-0.005372633083619752,-0.011659218584054573,-0.03991285230824723,0.012763840353397261,0.0,1.0,0.8660254037844387,-0.4999999999999998
2022-05-24,288.1300048828125,288.8599853515625,282.25,287.239990234375,280.08172607421875,73491100.0,-0.0214916369915231,102.11000061035156,102.31999969482422,101.6500015258789,101.86000061035156,101.86000061035156,0.0,2.813999891281128,2.828000068664551,2.7179999351501465,2.759999990463257,2.759999990463257,0.0,29.43000030517578,31.06999969482422,29.040000915527344,29.450000762939453,29.450000762939453,0.0,-0.0214916369915231,0.02294098233278723,-0.021262337373709528,293.966000366211,304.2370025634766,330.9866009521485,362.2925502014161,296.99951334657595,308.71683005058514,-11.717316704009193,-11.465557077103979,36.604874192134126,19.672970739412243,17.052986627301387,-4.495284975481223,-84.39165753646492,10.437649936127972,277.3774262841364,331.0965788428168,17.657008222552538,0.4477706390140256,0.01649082418724988,-0.0031130856739786015,0.025571462662827105,0.012075484427627386,-0.038475858988933194,0.7818314824680298,0.6234898018587336,0.8660254037844387,-0.4999999999999998
2022-05-25,285.7099914550781,293.3900146484375,285.5,291.260009765625,284.0015869140625,67144500.0,0.0138983864537624,101.7699966430664,102.4499969482422,101.7300033569336,102.05999755859376,102.05999755859376,0.0,2.736000061035156,2.7699999809265137,2.7079999446868896,2.749000072479248,2.749000072479248,0.0,29.32999992370605,30.229999542236328,28.15999984741211,28.3700008392334,28.3700008392334,0.0,0.013898386453762424,0.02761546632742817,0.013995418033110107,293.90800170898444,302.96200256347663,330.0054010009766,361.9378002929688,296.1165127956604,307.4237322516992,-11.307219456038808,-11.433889552890944,39.539102749055914,24.595356729230808,20.716338701757802,-0.19873443652120937,-68.31990606746763,10.255675987007224,276.18460002153586,329.7394051054174,17.677069939706627,0.45262917216753307,-0.0214916369915231,0.01649082418724988,-0.05033588262543873,-0.030107059977480963,-0.0011988749727586154,0.9749279121818236,-0.22252093395631434,0.8660254037844387,-0.4999999999999998
2022-05-26,290.44000244140625,300.9200134277344,290.1499938964844,299.3299865722656,291.8705139160156,59462200.0,0.0273304325529883,102.0199966430664,102.2699966430664,101.73999786376952,101.83000183105467,101.83000183105467,0.0,2.743000030517578,2.7950000762939453,2.7290000915527344,2.75600004196167,2.75600004196167,0.0,28.420000076293945,28.459999084472656,27.11000061035156,27.5,27.5,0.0,0.027330432552988355,0.03708173612697431,0.027707334622514734,294.7260009765625,301.5280014038086,329.1032006835938,361.61465026855467,296.6108933766766,306.82419553470413,-10.213302158027545,-11.189772073918267,45.038619289291894,37.63422085511627,27.300849441253106,2.80954588605953,-34.385773830718634,10.292414811595995,277.46426672588456,325.5917360817327,15.961194029006759,0.44468537595094193,0.013898386453762424,-0.0214916369915231,-0.005372633083619752,-0.002367058910125328,0.034899779516766975,0.43388373911755823,-0.900968867902419,0.8660254037844387,-0.4999999999999998
2022-05-27,302.5400085449219,309.25,302.4200134277344,309.1000061035156,301.39697265625,66985600.0,0.0321179834452343,101.72000122070312,101.94000244140624,101.43000030517578,101.66999816894533,101.66999816894533,0.0,2.7239999771118164,2.752000093460083,2.7090001106262207,2.743000030517578,2.743000030517578,0.0,27.5,27.540000915527344,25.56999969482422,25.71999931335449,25.71999931335449,0.0,0.03211798344523432,0.02257548218205822,0.03263933246431172,295.44200134277344,301.32050170898435,328.2554010009766,361.3215002441407,298.5322953346518,306.9927740953569,-8.460478760705087,-10.643913411275632,50.865597961466925,65.59260411526344,42.607393899870175,2.3713332464117034,-0.5165077560233877,10.265814712748737,277.6134311083499,325.0275723096188,15.735451432064023,0.4344468883240456,0.027330432552988355,0.013898386453762424,-0.0031130856739786015,0.03638956165080363,-0.046042434320494166,-0.433883739117558,-0.9009688679024191,0.8660254037844387,-0.4999999999999998
2022-05-30,302.5400085449219,309.25,302.4200134277344,309.1000061035156,301.39697265625,66985600.0,0.0,101.72000122070312,101.94000244140624,101.43000030517578,101.66999816894533,101.66999816894533,0.0,2.7239999771118164,2.752000093460083,2.7090001106262207,2.743000030517578,2.743000030517578,0.0,27.5,27.540000915527344,25.56999969482422,25.71999931335449,25.71999931335449,0.0,0.0,0.02257548218205822,0.0,296.5080017089844,300.85150146484375,327.43580139160156,361.0008502197266,300.15809699140004,307.1488653552205,-6.99076836382045,-9.913284401784596,50.86559796146692,88.19373688574487,63.80685395204152,3.571908448902486,-0.5165077560233877,10.020398416999944,278.2273765275043,323.4756264021832,15.040061177812143,0.42968949279922164,0.03211798344523432,0.027330432552988355,0.01649082418724988,-0.011659218584054573,0.01655800257795031,0.0,1.0,0.8660254037844387,-0.4999999999999998
2022-05-31,309.07000732421875,311.3299865722656,304.3299865722656,308.2799987792969,300.5974426269531,60968300.0,-0.0026562721484045,101.44000244140624,102.16999816894533,101.41000366210938,101.75,101.75,0.0,2.8299999237060547,2.877000093460083,2.828000068664551,2.844000101089477,2.844000101089477,0.0,27.46999931335449,28.350000381469727,25.940000534057617,26.190000534057617,26.190000534057617,0.0,-0.0026562721484045724,0.022648590397375254,-0.0026527473791475575,296.71900024414066,300.3245010375976,326.46220153808594,360.67040023803713,301.40762034338417,307.2326530162632,-5.825032672879047,-9.095634056003487,50.34602961187913,96.38875032254805,83.39169710785211,0.6891548025687114,-9.800733520309102,9.80465567292852,279.0095536303131,321.6394484448821,14.194611051474661,0.429598344976018,0.0,0.03211798344523432,-0.0214916369915231,0.025571462662827105,0.001066758439048175,0.7818314824680298,0.6234898018587336,0.8660254037844387,-0.4999999999999998
2022-06-01,310.4700012207031,312.6499938964844,303.7300109863281,306.0,298.374267578125,65341700.0,-0.0074233397675592,101.76000213623048,102.7300033569336,101.73999786376952,102.5500030517578,102.5500030517578,0.0,2.871000051498413,2.95199990272522,2.8329999446868896,2.930999994277954,2.930999994277954,0.0,26.049999237060547,27.729999542236328,25.3799991607666,25.690000534057617,25.690000534057617,0.0,-0.0074233397675592646,0.02873057904172623,-0.007395854832960569,298.20499877929694,299.1445007324219,325.54560180664066,360.32640029907225,302.11414029055584,307.1413453854289,-5.027205094873068,-8.281948263777403,48.851855647693114,89.7277985346754,91.43676191432277,5.104068353333873,-20.499363119641313,9.74146476130193,282.5670191997685,315.72198226507527,11.083260091404176,0.4095219418634901,-0.0026562721484045724,0.0,0.013898386453762424,-0.05033588262543873,0.033253591413050884,0.9749279121818236,-0.22252093395631434,0.49999999999999994,-0.8660254037844387
2022-06-02,304.8500061035156,314.5599975585937,303.3999938964844,314.3800048828125,306.5454406738281,59291300.0,0.0270173711184982,102.5500030517578,102.62000274658205,101.73999786376952,101.7699966430664,101.7699966430664,0.0,2.9100000858306885,2.941999912261963,2.888999938964844,2.9130001068115234,2.9130001068115234,0.0,25.729999542236328,26.5,24.32999992370605,24.71999931335449,24.71999931335449,0.0,0.027017371118498272,0.03660817923132926,0.027385649446340476,300.6850006103516,299.2135009765625,324.6402020263672,360.0362002563476,304.00119638167223,307.6775423852351,-3.6763460035628555,-7.360827811734493,54.22865635866341,89.72530243607765,91.94728376443369,8.564134077117222,-0.5239960518166331,9.842788968502457,282.3836293354043,316.0433726177207,11.249406585083536,0.38159893717633897,-0.0074233397675592646,-0.0026562721484045724,0.027330432552988355,-0.005372633083619752,-0.051676970573319415,0.43388373911755823,-0.900968867902419,0.49999999999999994,-0.8660254037844387
2022-06-03,309.0299987792969,310.4700012207031,304.9200134277344,306.20001220703125,298.5693359375,60914700.0,-0.0263638140147129,101.75,102.2300033569336,101.63999938964844,102.13999938964844,102.13999938964844,0.0,2.9200000762939453,2.986000061035156,2.9189999103546143,2.9570000171661377,2.9570000171661377,0.0,24.90999984741211,25.959999084472656,24.76000022888184,24.790000915527344,24.790000915527344,0.0,-0.02636381401471295,0.017959381985217692,-0.02601932267788931,302.43700256347654,299.061001586914,323.57720214843755,359.6870002746582,304.3394757394198,307.56809570536814,-3.228619965948326,-6.53438624257726,48.83236777477299,84.87966255069792,88.11092117381699,6.069010660855486,-24.337653176448303,9.815446288972149,282.562027726165,315.559975447663,11.033851804949581,0.39096952498972104,0.027017371118498272,-0.0074233397675592646,0.03211798344523432,-0.0031130856739786015,-0.012053104819092768,-0.433883739117558,-0.9009688679024191,0.49999999999999994,-0.8660254037844387
2022-06-06,310.75,312.3500061035156,305.6199951171875,307.2200012207031,299.5638122558594,51785000.0,0.00332527042758,102.16999816894533,102.47000122070312,101.8499984741211,102.44000244140624,102.44000244140624,0.0,2.970000028610229,3.039999961853028,2.9609999656677246,3.0380001068115234,3.0380001068115234,0.0,25.3700008392334,25.809999465942383,24.81999969482422,25.06999969482422,25.06999969482422,0.0,0.003325270427580088,0.021657316126558728,0.0033308052725400383,303.8110015869141,299.564501953125,322.4234020996094,359.32180023193365,304.7826335057711,307.5423109287263,-2.7596774229551784,-5.779444478652844,49.50708842118804,84.59003246619612,86.39833248432389,4.681746531287639,-21.368253373146718,9.595058053069005,282.70050274004075,316.42850116620923,11.259010398850977,0.3622205595309162,-0.02636381401471295,0.027017371118498272,0.0,0.01649082418724988,-0.03991285230824723,0.0,1.0,0.49999999999999994,-0.8660254037844387
2022-06-07,303.8099975585937,310.6700134277344,302.69000244140625,309.8699951171875,302.1477355957031,44900300.0,0.0085886309895578,102.48999786376952,102.83999633789062,102.26000213623048,102.31999969482422,102.31999969482422,0.0,3.0290000438690186,3.0290000438690186,2.9570000171661377,2.9719998836517334,2.9719998836517334,0.0,25.540000915527344,26.239999771118164,23.8799991607666,24.020000457763672,24.020000457763672,0.0,0.008588630989557833,0.026266452883233628,0.008625619097265336,306.0740020751953,300.02000122070314,321.19700195312504,358.9714001464844,305.5653045229121,307.7147319797234,-2.1494274568113383,-5.053441074284543,51.30371800241881,80.21350751300898,83.22773417663433,7.878431155894215,-13.653570911378065,9.4796975483018,282.53919617661734,317.50080626478893,11.653093109100034,0.3611013007171917,0.003325270427580088,-0.02636381401471295,-0.0026562721484045724,-0.0214916369915231,0.012075484427627386,0.7818314824680298,0.6234898018587336,0.49999999999999994,-0.8660254037844387
2022-06-08,309.04998779296875,311.7200012207031,306.7699890136719,307.6400146484375,299.97344970703125,38342100.0,-0.0072221187111529,102.38999938964844,102.77999877929688,102.2699966430664,102.54000091552734,102.54000091552734,0.0,3.009000062942505,3.039999961853028,2.98799991607666,3.0290000438690186,3.0290000438690186,0.0,24.3700008392334,24.780000686645508,23.739999771118164,23.959999084472656,23.959999084472656,0.0,-0.007222118711152951,0.01601686588755746,-0.007196101881700834,307.71200256347663,300.8100021362305,320.00800231933596,358.6067002868653,305.88449069606986,307.7091973625911,-1.8247066665212515,-4.407694192731885,49.7010821802334,81.6108895465247,82.13814317524327,5.623842729385809,-20.145507075901115,9.156148595353905,283.4581135114349,318.1618907610261,11.53677637150995,0.34323566351851104,0.008588630989557833,0.003325270427580088,-0.0074233397675592646,0.013898386453762424,-0.030107059977480963,0.9749279121818236,-0.22252093395631434,0.49999999999999994,-0.8660254037844387
2022-06-09,305.9100036621094,309.04998779296875,299.2300109863281,299.3999938964844,291.9386901855469,55900500.0,-0.0271501546586657,102.55999755859376,103.37000274658205,102.1500015258789,103.22000122070312,103.22000122070312,0.0,3.052999973297119,3.072999954223633,3.0199999809265137,3.0439999103546143,3.0439999103546143,0.0,24.290000915527344,26.239999771118164,23.81999969482422,26.09000015258789,26.09000015258789,0.0,-0.02715015465866577,0.032100868520426706,-0.026784902228285556,307.71900329589846,301.2225021362305,318.7452020263672,358.2017002868653,304.88687580382594,307.09370080954614,-2.206825005720191,-3.9675203553295466,44.20594414412244,73.09348302350293,78.30596002767886,0.02338800900652448,-46.92047294221202,9.203564896160099,284.4551314195273,317.98987285293373,11.132880576843517,0.358941298457532,-0.007222118711152951,0.008588630989557833,0.027017371118498272,0.027330432552988355,-0.002367058910125328,0.43388373911755823,-0.900968867902419,0.49999999999999994,-0.8660254037844387
2022-06-10,293.6499938964844,294.8699951171875,288.3800048828125,288.8399963378906,281.6418762207031,85963500.0,-0.0359074937064962,103.33999633789062,104.2300033569336,103.0500030517578,104.1500015258789,104.1500015258789,0.0,3.039999961853028,3.177999973297119,2.99399995803833,3.1559998989105225,3.1559998989105225,0.0,26.26000022888184,29.6299991607666,26.049999237060547,27.75,27.75,0.0,-0.03590749370649622,0.022101108017263605,-0.035270467091221835,305.69300231933596,300.56750183105464,317.2850018310547,357.7380502319336,302.4181251167589,305.7415745523865,-3.3234494356275945,-3.8387061713891564,38.35349203050087,51.11005745588695,68.6048100086382,-6.554516132503748,-79.60384761422601,9.333309475982368,282.91787944814746,318.2171242139618,11.744198740972218,0.35719696404557155,-0.02715015465866577,-0.007222118711152951,-0.02636381401471295,0.03211798344523432,0.03638956165080363,-0.433883739117558,-0.9009688679024191,0.49999999999999994,-0.8660254037844387
2022-06-13,279.75,282.3399963378906,274.5299987792969,275.4100036621094,268.5466003417969,94442000.0,-0.047611864438567,104.20999908447266,105.29000091552734,104.20999908447266,105.08000183105467,105.08000183105467,0.0,3.282000064849853,3.365999937057495,3.246000051498413,3.365999937057495,3.365999937057495,0.0,31.3700008392334,35.04999923706055,31.290000915527344,34.02000045776367,34.02000045776367,0.0,-0.047611864438567034,0.027917775008378016,-0.04649619600120969,302.3240020751953,299.4160018920898,315.4072021484375,357.2072502136231,298.2630295083513,303.4947915234771,-5.23176201512581,-4.117317340136488,32.466547453386625,25.224680981685275,49.809407153691716,-10.899385886819971,-97.80163649850614,9.688787196168896,278.482407752978,320.3495960312016,13.982949479538041,0.39099945244795586,-0.03590749370649622,-0.02715015465866577,0.003325270427580088,0.0,-0.011659218584054573,0.0,1.0,0.49999999999999994,-0.8660254037844387
2022-06-14,277.6600036621094,278.6600036621094,273.3399963378906,275.9100036621094,269.0341186523437,64697500.0,0.0018137497383002,105.19000244140624,105.6500015258789,104.62000274658205,105.5199966430664,105.5199966430664,0.0,3.3489999771118164,3.4830000400543213,3.302999973297119,3.4830000400543213,3.4830000400543213,0.0,33.0099983215332,34.0,32.060001373291016,32.689998626708984,32.689998626708984,0.0,0.0018137497383002427,0.01916015001819558,0.001815395577253076,299.0870025634766,297.9030014038086,313.7034020996094,356.67625030517587,294.82410245508333,301.45147390411654,-6.627371449033205,-4.619328161915831,32.87961245787785,9.609790309592018,28.648176249054746,-10.500193085949036,-93.7651449584918,9.3767314910296,274.76654191747383,321.0394608901434,15.53288109036084,0.3759609042360937,-0.047611864438567034,-0.03590749370649622,0.008588630989557833,-0.0026562721484045724,0.025571462662827105,0.7818314824680298,0.6234898018587336,0.49999999999999994,-0.8660254037844387
2022-06-15,279.4200134277344,286.8299865722656,276.6099853515625,282.79998779296875,275.7524108886719,86051400.0,0.0246651944209135,105.3499984741211,105.79000091552734,104.66000366210938,105.16000366210938,105.16000366210938,0.0,3.382999897003174,3.447999954223633,3.3540000915527344,3.3949999809265137,3.3949999809265137,0.0,32.38999938964844,32.77000045776367,27.76000022888184,29.6200008392334,29.6200008392334,0.0,0.024665194420913583,0.03657576669377083,0.024971896761577073,296.7670013427735,297.48600006103516,312.29420166015626,356.18635025024423,292.97423866091185,300.0698823403278,-7.095643679415957,-5.114591265415857,38.465014656604396,10.461073797794104,15.098515029690464,-7.581703335631127,-77.04999714961976,9.486963735252933,273.5495047967488,321.4224953253215,16.092518813910775,0.34990316824427986,0.0018137497383002427,-0.047611864438567034,-0.007222118711152951,-0.0074233397675592646,-0.05033588262543873,0.9749279121818236,-0.22252093395631434,0.49999999999999994,-0.8660254037844387
2022-06-16,275.5899963378906,276.0599975585937,269.2799987792969,271.3900146484375,264.62677001953125,81910300.0,-0.0411829829017745,104.9000015258789,105.48999786376952,103.41999816894533,103.62999725341795,103.62999725341795,0.0,3.438999891281128,3.450000047683716,3.306999921798706,3.306999921798706,3.306999921798706,0.0,30.350000381469727,34.81999969482422,30.350000381469727,32.95000076293945,32.95000076293945,0.0,-0.04118298290177459,0.024601759386738097,-0.040346486303731055,292.468002319336,296.5765014648438,310.64000183105475,355.6459503173828,289.6535888128389,297.94544769648405,-8.291858883645148,-5.7500447890617155,33.49426857688231,11.281595685712322,10.450819931032814,-13.674530684736085,-95.34007083475147,9.775036969425715,270.1249898067489,323.02801312293866,17.837901200834317,0.3772444000367979,0.024665194420913583,0.0018137497383002427,-0.02715015465866577,0.027017371118498272,-0.005372633083619752,0.43388373911755823,-0.900968867902419,0.49999999999999994,-0.8660254037844387
2022-06-17,272.17999267578125,277.19000244140625,270.510009765625,274.69000244140625,267.844482421875,82703400.0,0.012086104390237,103.87999725341795,105.08999633789062,103.83000183105467,104.6999969482422,104.6999969482422,0.0,3.211999893188477,3.312999963760376,3.197000026702881,3.239000082015991,3.239000082015991,0.0,32.84000015258789,33.310001373291016,30.46999931335449,31.1299991607666,31.1299991607666,0.0,0.012086104390237086,0.024542555865737004,0.01215943648522888,289.31700134277344,295.87700195312505,309.15080200195314,355.1364503479004,287.35149860184924,296.22282212203385,-8.871323520184603,-6.374300535286293,36.06756215406157,13.185940094695471,11.642869859400632,-10.290662478589358,-88.05211173154235,9.55396237702254,267.8530658501159,323.9009380561342,18.942963405752565,0.38115195206029795,-0.04118298290177459,0.024665194420913583,-0.03590749370649622,-0.02636381401471295,-0.0031130856739786015,-0.433883739117558,-0.9009688679024191,0.49999999999999994,-0.8660254037844387
2022-06-20,272.17999267578125,277.19000244140625,270.510009765625,274.69000244140625,267.844482421875,82703400.0,0.0,103.87999725341795,105.08999633789062,103.83000183105467,104.6999969482422,104.6999969482422,0.0,3.211999893188477,3.312999963760376,3.197000026702881,3.239000082015991,3.239000082015991,0.0,32.84000015258789,33.310001373291016,30.46999931335449,31.1299991607666,31.1299991607666,0.0,0.0,0.024542555865737004,0.0,286.0640014648437,294.9375015258789,307.8268017578125,354.62825042724614,285.40357611562723,294.6277984419874,-9.224222326360177,-6.94428489350107,36.06756215406158,9.518568567387943,11.328701449265244,-10.588502913235692,-88.05211173154235,9.348678826933876,265.3584908794229,324.51651217233484,20.057815973504205,0.3747039861769423,0.012086104390237086,-0.04118298290177459,-0.047611864438567034,0.003325270427580088,0.01649082418724988,0.0,1.0,0.49999999999999994,-0.8660254037844387
2022-06-21,278.75,283.45001220703125,278.6400146484375,281.0799865722656,274.60205078125,51633700.0,0.024916438948112,104.44000244140624,104.54000091552734,103.94000244140624,104.44000244140624,104.44000244140624,0.0,3.282999992370605,3.316999912261963,3.257999897003174,3.306999921798706,3.306999921798706,0.0,30.6299991607666,30.64999961853028,29.32999992370605,30.190000534057617,30.190000534057617,0.0,0.024916438948112053,0.017255596622757847,0.02522944769394697,283.18500061035155,294.6295013427734,306.6594012451172,354.15735031127934,284.73840849357157,293.624256822008,-8.885848328436452,-7.332597580488147,41.178744389367516,16.65194031728489,13.1188163264561,-9.290995901050048,-73.93995558506063,9.306631036840384,264.58833083939885,324.6706718461479,20.392506769662887,0.3809928108253225,0.0,0.012086104390237086,0.0018137497383002427,0.008588630989557833,-0.0214916369915231,0.7818314824680298,0.6234898018587336,0.49999999999999994,-0.8660254037844387
2022-06-22,278.5199890136719,285.17999267578125,277.9100036621094,280.6700134277344,274.2015686035156,67472900.0,-0.0014594737887152,104.43000030517578,104.9499969482422,103.86000061035156,104.1999969482422,104.1999969482422,0.0,3.200999975204468,3.2049999237060547,3.125999927520752,3.1559998989105225,3.1559998989105225,0.0,31.450000762939453,31.56999969482422,28.780000686645508,28.950000762939453,28.950000762939453,0.0,-0.0014594737887152897,0.0261022163594693,-0.001458409274785022,280.4880004882813,294.1000015258789,305.3458013916016,353.67045043945313,284.11250156036584,292.664683237247,-8.552181676881162,-7.57651439976675,40.952529521464776,21.48442792218964,15.884978935620822,-8.766740325221898,-73.5546489168281,9.161156606614062,263.44179038913114,324.75821266262665,20.848834394888655,0.3769123381588361,0.024916438948112053,0.0,0.024665194420913583,-0.007222118711152951,0.013898386453762424,0.9749279121818236,-0.22252093395631434,0.49999999999999994,-0.8660254037844387
2022-06-23,283.2099914550781,285.7200012207031,280.3099975585937,284.8500061035156,278.2852783203125,57457800.0,0.0147832807686134,104.20999908447266,104.7699966430664,104.05999755859376,104.43000030517578,104.43000030517578,0.0,3.117000102996826,3.124000072479248,3.005000114440918,3.068000078201294,3.068000078201294,0.0,29.290000915527344,29.770000457763672,28.739999771118164,29.049999237060547,29.049999237060547,0.0,0.014783280768613431,0.01910244633077343,0.014893093929384982,279.0330017089844,293.3760025024414,304.2742016601563,353.2031504821777,284.2259637977735,292.085818264378,-7.859854466604531,-7.633182413134307,44.31158879983889,29.551953035768307,22.562773758414277,-4.859715460782312,-63.84953639080633,8.893217110578018,262.5543619401756,324.19764306470717,21.011698502510804,0.36655937240160774,-0.0014594737887152897,0.024916438948112053,-0.04118298290177459,-0.02715015465866577,0.027330432552988355,0.43388373911755823,-0.900968867902419,0.49999999999999994,-0.8660254037844387
2022-06-24,287.739990234375,295.0400085449219,287.5,294.6099853515625,287.8202209472656,58422300.0,0.0336892838643714,104.37999725341795,104.51000213623048,103.9499969482422,104.19000244140624,104.19000244140624,0.0,3.117000102996826,3.1410000324249268,3.056999921798706,3.125,3.125,0.0,29.06999969482422,29.71999931335449,26.82999992370605,27.229999542236328,27.229999542236328,0.0,0.03368928386437149,0.026204242721980547,0.03426319453369797,279.61000061035156,292.65150146484376,303.3978015136719,352.8070504760742,285.8235055752795,292.27279360416946,-6.449288028889953,-7.396403536285437,51.280672942273554,40.76001325052715,30.59879806949503,1.9976419771595724,-40.31577494078411,8.985844634208606,262.717698560977,322.5853043687105,20.456961781528882,0.3685578909126665,0.014783280768613431,-0.0014594737887152897,0.012086104390237086,-0.03590749370649622,0.03211798344523432,-0.433883739117558,-0.9009688679024191,0.49999999999999994,-0.8660254037844387
2022-06-27,296.0,296.5799865722656,291.2900085449219,292.45001220703125,285.71014404296875,54151500.0,-0.0073582378674308,104.12000274658205,104.20999908447266,103.66999816894533,103.94000244140624,103.94000244140624,0.0,3.183000087738037,3.219000101089477,3.1530001163482666,3.194000005722046,3.194000005722046,0.0,28.299999237060547,28.65999984741211,26.93000030517578,26.950000762939453,26.950000762939453,0.0,-0.00735823786743085,0.017871547389674832,-0.007331232313533276,281.3140014648438,291.8190017700195,302.4730017089843,352.44080047607423,286.84296813401056,292.28592090808513,-5.44295277407457,-7.005713383843264,49.7954731345836,50.143146375846484,40.15170422071398,6.187142194670477,-45.40524954087011,8.721854162289688,262.902494662757,320.735508877282,19.81811117978628,0.3688730126382039,0.03368928386437149,0.014783280768613431,0.0,-0.047611864438567034,0.0,0.0,1.0,0.49999999999999994,-0.8660254037844387
2022-06-28,293.0,295.6499938964844,283.3500061035156,283.5400085449219,277.00543212890625,61609800.0,-0.0309406979633713,103.97000122070312,104.61000061035156,103.7699966430664,104.51000213623048,104.51000213623048,0.0,3.240000009536743,3.253000020980835,3.184999942779541,3.2060000896453857,3.2060000896453857,0.0,26.89999961853028,28.68000030517578,26.46999931335449,28.36000061035156,28.36000061035156,0.0,-0.030940697963371323,0.041979480522077645,-0.030466933343302527,282.07700195312503,290.58200225830075,301.2186016845703,352.0277505493164,286.33482050492,291.63807554785086,-5.303255042930857,-6.665221715660783,44.11908735807419,50.045060991158934,46.98274020584419,2.765396245710799,-64.143792544869,8.977435135909621,262.52658802881723,318.63741648778426,19.309808598913037,0.38227636355570943,-0.00735823786743085,0.03368928386437149,0.024916438948112053,0.0018137497383002427,-0.0026562721484045724,0.7818314824680298,0.6234898018587336,0.49999999999999994,-0.8660254037844387
2022-06-29,283.3999938964844,285.3399963378906,280.8399963378906,283.79998779296875,277.2593994140625,57302700.0,0.0009164113920883,104.45999908447266,105.1500015258789,104.36000061035156,105.11000061035156,105.11000061035156,0.0,3.1489999294281006,3.187000036239624,3.0929999351501465,3.0929999351501465,3.0929999351501465,0.0,28.799999237060547,29.36000061035156,27.850000381469727,28.15999984741211,28.15999984741211,0.0,0.0009164113920883576,0.015878617138021835,0.000916831425306075,282.177001953125,289.4720016479492,300.0704016113281,351.5989004516601,285.9448462415429,291.05747645489663,-5.112630213353725,-6.3547034151993715,44.31853924263572,47.87925154675702,49.3558196379208,0.35360680451375287,-46.81320327398984,8.657618340487506,262.2404649389371,316.70353835696125,18.814625631483754,0.38245710190506044,-0.030940697963371323,-0.00735823786743085,-0.0014594737887152897,0.024665194420913583,-0.0074233397675592646,0.9749279121818236,-0.22252093395631434,0.49999999999999994,-0.8660254037844387
2022-06-30,280.75,283.94000244140625,275.7799987792969,280.2799987792969,273.820556640625,79313600.0,-0.0124805388866768,105.05999755859376,105.54000091552734,104.6500015258789,104.69000244140624,104.69000244140624,0.0,3.0350000858306885,3.04099988937378,2.9719998836517334,2.9719998836517334,2.9719998836517334,0.0,29.420000076293945,30.21999931335449,28.280000686645508,28.709999084472656,28.709999084472656,0.0,-0.012480538886676896,0.029065017496382458,-0.01240297995561146,283.066000366211,287.7670013427734,298.9930017089844,351.1354003906249,285.07333124735123,290.2591447752226,-5.185813527871346,-6.120925437733767,42.12616886125218,43.11202083032693,47.01211112274762,3.2757226320119357,-59.70694169016038,8.622074434889068,262.9377419453608,312.59626074018604,17.256502157338925,0.3657575124763639,0.0009164113920883576,-0.030940697963371323,0.014783280768613431,-0.04118298290177459,0.027017371118498272,0.43388373911755823,-0.900968867902419,0.49999999999999994,-0.8660254037844387
2022-07-01,278.95001220703125,282.5299987792969,277.0299987792969,282.1300048828125,275.6278991699219,56675100.0,0.006578775601986,104.77999877929688,105.63999938964844,104.73999786376952,105.13999938964844,105.13999938964844,0.0,2.931999921798706,2.931999921798706,2.79099988937378,2.888999938964844,2.888999938964844,0.0,29.530000686645508,29.59000015258789,26.690000534057617,26.700000762939453,26.700000762939453,0.0,0.006578775601986084,0.01971679426175471,0.006600463279566426,283.81000061035155,286.5635009765625,298.12760192871104,350.67940048217764,284.620511806653,289.65698626467366,-5.0364744580206775,-5.904035241791149,43.70245297173564,46.84983183651811,45.947034737867355,2.7085086371111258,-52.93035952629543,8.399069118111278,263.20645917800783,309.9205427751172,16.301477137847378,0.3596483123082625,-0.012480538886676896,0.0009164113920883576,0.03368928386437149,0.012086104390237086,-0.02636381401471295,-0.433883739117558,-0.9009688679024191,1.2246467991473532e-16,-1.0
2022-07-04,278.95001220703125,282.5299987792969,277.0299987792969,282.1300048828125,275.6278991699219,56675100.0,0.0,104.77999877929688,105.63999938964844,104.73999786376952,105.13999938964844,105.13999938964844,0.0,2.931999921798706,2.931999921798706,2.79099988937378,2.888999938964844,2.888999938964844,0.0,29.530000686645508,29.59000015258789,26.690000534057617,26.700000762939453,26.700000762939453,0.0,0.0,0.01971679426175471,0.0,284.5540008544922,285.309001159668,297.1786022949219,350.23830047607413,284.2373568952929,289.0994320882395,-4.862075192946577,-5.695643232022235,43.702452971735646,44.81077975241625,44.92421080642043,2.7085086371111258,-52.93035952629543,8.1919927525319,264.01972218264325,306.5982801366928,14.92366444135466,0.35894332329374345,0.006578775601986084,-0.012480538886676896,-0.00735823786743085,0.0,0.003325270427580088,0.0,1.0,1.2246467991473532e-16,-1.0
2022-07-05,278.3099975585937,287.0799865722656,276.75,286.9599914550781,280.3466186523437,61829300.0,0.0169749966556521,105.13999938964844,106.79000091552734,105.0500030517578,106.5,106.5,0.0,2.871000051498413,2.871000051498413,2.7799999713897705,2.809000015258789,2.809000015258789,0.0,27.3700008392334,29.81999969482422,27.299999237060547,27.540000915527344,27.540000915527344,0.0,0.0169749966556521,0.03711683612835652,0.017119890608435107,285.1420013427734,284.1635009765625,296.5750018310547,349.8737504577636,284.6562237506445,288.94095500430166,-4.284731253657185,-5.413460836349225,47.99157220324914,52.96706261285733,48.20922473393056,2.0919329599088163,-35.238093108837134,8.344706596798595,266.2391066707022,302.0878952824228,12.615550022617912,0.36409253781010076,0.0,0.006578775601986084,-0.030940697963371323,0.024916438948112053,0.008588630989557833,0.7818314824680298,0.6234898018587336,1.2246467991473532e-16,-1.0
2022-07-06,287.3500061035156,290.95001220703125,285.5899963378906,288.79998779296875,282.1441345214844,63194700.0,0.0063912943558075,106.48999786376952,107.26000213623048,106.36000061035156,107.0999984741211,107.0999984741211,0.0,2.7839999198913574,2.924000024795532,2.746000051498413,2.9130001068115234,2.9130001068115234,0.0,27.84000015258789,28.06999969482422,26.43000030517578,26.729999542236328,26.729999542236328,0.0,0.006391294355807544,0.018653265200244056,0.0064117622598107715,285.9549987792969,283.22149963378905,296.0158013916016,349.52135040283196,285.29372591100207,288.93051298864737,-3.6367870776452946,-5.058126084608439,49.5678819942592,60.6629314629678,52.81359127608046,2.8966309104223718,-29.842752975964014,8.131514401965884,268.86732134189197,297.57567792568614,10.136362042046468,0.36557166656377466,0.0169749966556521,0.0,0.0009164113920883576,-0.0014594737887152897,-0.007222118711152951,0.9749279121818236,-0.22252093395631434,1.2246467991473532e-16,-1.0
2022-07-07,289.6300048828125,295.70001220703125,289.6300048828125,294.9800109863281,288.1817626953125,56620100.0,0.0211733458454326,107.06999969482422,107.23999786376952,106.70999908447266,107.12999725341795,107.12999725341795,0.0,2.937000036239624,3.0169999599456787,2.927999973297119,3.007999897003174,3.007999897003174,0.0,26.729999542236328,26.790000915527344,25.65999984741211,26.07999992370605,26.07999992370605,0.0,0.02117334584543263,0.020957798646154574,0.021399091581570273,286.96799926757814,283.00050048828126,295.35520141601563,349.20645050048824,286.78392361489836,289.3786239514385,-2.594700336540143,-4.56544093499478,54.55047098974981,76.26063983675233,63.29687797085915,3.5562593174497654,-6.137234404941816,8.043550831401356,269.5900280389534,296.41097293760913,9.477348927786213,0.36358039421091237,0.006391294355807544,0.0169749966556521,-0.012480538886676896,0.014783280768613431,-0.02715015465866577,0.43388373911755823,-0.900968867902419,1.2246467991473532e-16,-1.0
2022-07-08,292.0799865722656,296.75,291.1199951171875,295.3500061035156,288.5433044433594,59895500.0,0.0012537752076604,107.04000091552734,107.79000091552734,106.80999755859376,107.01000213623048,107.01000213623048,0.0,2.983999967575073,3.1010000705718994,2.9760000705718994,3.1010000705718994,3.1010000705718994,0.0,26.40999984741211,26.61000061035156,24.43000030517578,24.63999938964844,24.63999938964844,0.0,0.0012537752076604498,0.019275558551217407,0.0012545615123782383,287.0420013427734,283.3260009765625,294.9972015380859,348.8823005676269,288.10178245930103,289.82094855529607,-1.7191660959950354,-3.996185967194831,54.838151300652896,85.78127933752336,74.23495021241449,0.2511865818363377,-6.676174606524099,7.871154692216439,269.0318341165932,297.62016783653183,10.090261261374154,0.3388706585750056,0.02117334584543263,0.006391294355807544,0.006578775601986084,0.03368928386437149,-0.03590749370649622,-0.433883739117558,-0.9009688679024191,1.2246467991473532e-16,-1.0
2022-07-11,292.8800048828125,293.1099853515625,288.1400146484375,289.0400085449219,282.37860107421875,55273900.0,-0.02159644922561,106.91999816894533,108.2699966430664,106.91999816894533,108.0199966430664,108.0199966430664,0.0,3.049000024795532,3.049000024795532,2.969000101089477,2.990999937057495,2.990999937057495,0.0,26.420000076293945,26.739999771118164,25.790000915527344,26.170000076293945,26.170000076293945,0.0,-0.02159644922561007,0.01696930695256438,-0.021364915678889873,286.7010009765625,284.00750122070315,294.4084014892578,348.5644006347656,288.2461249340119,289.7631011471202,-1.5169762131083075,-3.5003440163775266,49.12705639772926,83.47327471630987,81.83839796352851,-1.166012487527395,-36.76676683960445,7.823928746706559,270.00574759442907,298.0092548469772,9.860129444534124,0.29944797212886054,0.0012537752076604498,0.02117334584543263,0.0,-0.00735823786743085,-0.047611864438567034,0.0,1.0,1.2246467991473532e-16,-1.0
2022-07-12,290.32000732421875,292.2799987792969,284.6099853515625,286.239990234375,279.6431579589844,55797100.0,-0.0097343729905987,108.18000030517578,108.55999755859376,107.83999633789062,108.06999969482422,108.06999969482422,0.0,2.9230000972747803,2.970999956130981,2.8989999294281006,2.9579999446868896,2.9579999446868896,0.0,27.13999938964844,27.75,25.81999969482422,27.290000915527344,27.290000915527344,0.0,-0.009734372990598773,0.02641916931053527,-0.009687147343418578,286.9709991455078,284.5240005493164,293.756801147461,348.2087005615235,287.93748882637544,289.5021299683983,-1.5646411420228787,-3.113203441506597,46.79799885994667,68.81259899050903,79.35571768144742,0.9522401100673455,-50.11926158234434,7.812934795351404,271.0269259636902,298.0210751349426,9.487477020966992,0.3025938972417462,-0.02159644922561007,0.0012537752076604498,0.0169749966556521,-0.030940697963371323,0.0018137497383002427,0.7818314824680298,0.6234898018587336,1.2246467991473532e-16,-1.0
2022-07-13,280.6000061035156,288.04998779296875,280.0199890136719,285.6499938964844,279.0667419433594,73939400.0,-0.0020633828762858,108.19000244140624,108.58000183105467,107.4800033569336,107.95999908447266,107.95999908447266,0.0,2.9560000896453857,3.071000099182129,2.900000095367432,2.9040000438690186,2.9040000438690186,0.0,27.350000381469727,29.059999465942383,26.229999542236328,26.81999969482422,26.81999969482422,0.0,-0.002063382876285855,0.028617243779868427,-0.0020612555652427256,287.1559997558594,284.66650085449214,292.87780090332035,347.8386004638672,287.58556652946913,289.216786555664,-1.6312200261948533,-2.8168067584442484,46.299903281467905,53.393728155386896,68.55986728740193,0.6518696910111211,-52.93278711189051,7.828439365633223,271.1858959129543,298.14710579602996,9.471156529533806,0.29059924753196065,-0.009734372990598773,-0.02159644922561007,0.006391294355807544,0.0009164113920883576,0.024665194420913583,0.9749279121818236,-0.22252093395631434,1.2246467991473532e-16,-1.0
2022-07-14,282.989990234375,287.5599975585937,279.79998779296875,286.6700134277344,280.0632629394531,63741800.0,0.0035645450701595,108.1999969482422,109.29000091552734,108.1999969482422,108.54000091552734,108.54000091552734,0.0,2.943000078201294,3.0280001163482666,2.943000078201294,2.9600000381469727,2.9600000381469727,0.0,27.46999931335449,28.450000762939453,26.200000762939453,26.39999961853028,26.39999961853028,0.0,0.003564545070159545,0.027421499110968656,0.0035709056161770114,287.79500122070317,285.43050079345704,292.351201171875,347.4571005249024,287.4447122061253,289.02813669433584,-1.5834244882105395,-2.570130304397507,47.34337876051478,49.62644953636665,57.277592227420854,2.2798682304366786,-48.06860269666519,7.823551537061203,273.4720030083013,297.3889985786128,8.379271137396188,0.24512175393528432,-0.002063382876285855,-0.009734372990598773,0.02117334584543263,-0.012480538886676896,-0.04118298290177459,0.43388373911755823,-0.900968867902419,1.2246467991473532e-16,-1.0
2022-07-15,289.7300109863281,291.9800109863281,288.0799865722656,291.8699951171875,285.1434020996094,63818100.0,0.017976702266907,108.66999816894533,108.70999908447266,107.91000366210938,108.05999755859376,108.05999755859376,0.0,2.937000036239624,2.970999956130981,2.901000022888184,2.930000066757202,2.930000066757202,0.0,26.71999931335449,26.71999931335449,24.1299991607666,24.229999542236328,24.229999542236328,0.0,0.01797670226690707,0.013460892093247929,0.018139255776844054,288.76900024414067,286.28950042724614,292.00360107421875,347.1106504821778,288.12552496167336,289.23864472565816,-1.1131197639847983,-2.2787281963149653,52.41931206434467,58.57574941727485,53.86530903634279,3.452305698013464,-23.271361939619727,7.6440119671706706,275.1385920012218,297.44040885327047,7.789952764165779,0.24893264354107147,0.003564545070159545,-0.002063382876285855,0.0012537752076604498,0.006578775601986084,0.012086104390237086,-0.433883739117558,-0.9009688679024191,1.2246467991473532e-16,-1.0
2022-07-18,294.7200012207031,296.1600036621094,288.20001220703125,289.3999938964844,282.7303466796875,59519600.0,-0.0084986141689379,107.9800033569336,108.04000091552734,106.88999938964844,107.37000274658205,107.37000274658205,0.0,2.9600000381469727,3.0190000534057617,2.9560000896453857,2.9600000381469727,2.9600000381469727,0.0,24.82999992370605,25.90999984741211,24.3799991607666,25.299999237060547,25.299999237060547,0.0,-0.008498614168937926,0.027008657105417253,-0.008462603034661509,289.4959991455078,287.02500000000003,291.8486010742187,346.765700378418,288.32159710549047,289.25059651608973,-0.9289994105992605,-2.0087824391718243,49.95593957626978,64.53664558911632,57.57961484758594,2.5768223470919334,-35.05009859636612,7.666581930592632,277.2384815866035,296.8115184133966,6.819279444923995,0.2521566388992733,0.01797670226690707,0.003564545070159545,-0.02159644922561007,0.0,0.0,0.0,1.0,1.2246467991473532e-16,-1.0
2022-07-19,293.1099853515625,298.6000061035156,291.4700012207031,298.29998779296875,291.4252624511719,55172600.0,0.0302899785679672,107.48999786376952,107.62999725341795,106.4000015258789,106.68000030517578,106.68000030517578,0.0,2.986000061035156,3.0380001068115234,2.970999956130981,3.0190000534057617,3.0190000534057617,0.0,25.1200008392334,25.40999984741211,24.229999542236328,24.5,24.5,0.0,0.030289978567967276,0.024325356484394815,0.030753387012024902,290.6299987792969,287.88600006103513,291.7994006347656,346.47150024414066,289.8567341343333,289.92092179585853,-0.06418766152523858,-1.6198634836425074,57.67422617313151,80.1212744543293,67.74455648690682,3.951769123071581,-1.3147161010262587,7.7761126646239624,277.30407435241113,298.46792576965913,7.35146947498698,0.2590615946959596,-0.008498614168937926,0.01797670226690707,-0.009734372990598773,0.0169749966556521,0.024916438948112053,0.7818314824680298,0.6234898018587336,1.2246467991473532e-16,-1.0
2022-07-20,298.7300109863281,304.239990234375,297.92999267578125,303.0299987792969,296.0462646484375,67769400.0,0.0157321582142588,106.66999816894533,107.26000213623048,106.38999938964844,107.08000183105467,107.08000183105467,0.0,2.9730000495910645,3.0420000553131104,2.943000078201294,3.0360000133514404,3.0360000133514404,0.0,24.229999542236328,24.729999542236328,23.39999961853028,23.8799991607666,23.8799991607666,0.0,0.0157321582142588,0.0211227440382029,0.01585656012933967,292.0529998779297,289.00399932861325,292.0232006835938,346.18665023803715,291.88339023355843,290.8919645353725,0.9914256981859353,-1.097605647276819,61.107375804778705,86.41120474689922,77.02304159678161,4.92728933095702,-4.401571061909959,7.671390157050376,277.00256733134336,301.00543132588314,8.305374337483551,0.2623271041668619,0.030289978567967276,-0.008498614168937926,-0.002063382876285855,0.006391294355807544,-0.0014594737887152897,0.9749279121818236,-0.22252093395631434,1.2246467991473532e-16,-1.0
2022-07-21,303.5,307.44000244140625,300.7799987792969,307.3800048828125,300.29595947265625,55049400.0,0.0142527783307234,107.08999633789062,107.31999969482422,106.41999816894533,106.91000366210938,106.91000366210938,0.0,3.07699990272522,3.0810000896453857,2.9100000858306885,2.9100000858306885,2.9100000858306885,0.0,24.06999969482422,24.670000076293945,22.920000076293945,23.11000061035156,23.11000061035156,0.0,0.014252778330723472,0.021943998886686574,0.014354833455728189,293.2929992675782,290.13049926757816,292.3478009033204,345.89040023803716,294.2674847949821,292.1133008574051,2.154183937577045,-0.4472477303060462,63.999449574221,98.02940579545341,88.18729499889398,4.203672599720357,-0.19549545070352004,7.59914826455459,275.7726286177013,304.48836991745503,9.897525896879296,0.26203998706222087,0.0157321582142588,0.030289978567967276,0.003564545070159545,0.02117334584543263,0.014783280768613431,0.43388373911755823,-0.900968867902419,1.2246467991473532e-16,-1.0
2022-07-22,306.42999267578125,308.54998779296875,300.1199951171875,301.989990234375,295.0302734375,57127700.0,-0.0176905470326612,106.58999633789062,107.36000061035156,106.11000061035156,106.7300033569336,106.7300033569336,0.0,2.809000015258789,2.822999954223633,2.7320001125335693,2.782999992370605,2.782999992370605,0.0,23.299999237060547,23.809999465942383,22.40999984741211,23.030000686645508,23.030000686645508,0.0,-0.017690547032661274,0.02751033801283485,-0.017534987964550774,293.95699768066413,290.4994995117188,292.34880065917974,345.555650177002,295.45556255488873,292.84490747792137,2.6106550769673618,0.1643328311486354,58.22226820087624,91.59133414278313,92.01064822837859,2.2481747058207824,-20.628931059037136,7.658494293927923,275.3021060897515,305.6968929336861,10.462939486995058,0.24738471365459155,0.014252778330723472,0.0157321582142588,0.01797670226690707,0.0012537752076604498,0.03368928386437149,-0.433883739117558,-0.9009688679024191,1.2246467991473532e-16,-1.0
2022-07-25,302.0199890136719,302.5,298.2200012207031,300.2699890136719,293.34991455078125,40582400.0,-0.0057118288123726,106.5500030517578,106.87999725341795,106.19000244140624,106.4800033569336,106.4800033569336,0.0,2.813999891281128,2.845000028610229,2.8010001182556152,2.819999933242798,2.819999933242798,0.0,24.32999992370605,24.56999969482422,23.190000534057617,23.36000061035156,23.36000061035156,0.0,-0.005711828812372668,0.014171243410988693,-0.005695547331940887,295.0799957275391,290.89049835205077,292.385400390625,345.19375015258794,296.19624354854767,293.3949135176066,2.801330030941074,0.6917322711071231,56.47046771958028,83.45852591206108,91.0264219500992,3.885268522265721,-28.79999575407609,7.417173185739991,275.0913377755806,306.68965892852094,10.862617146985123,0.2466940725932334,-0.017690547032661274,0.014252778330723472,-0.008498614168937926,-0.02159644922561007,-0.00735823786743085,0.0,1.0,1.2246467991473532e-16,-1.0
2022-07-26,298.5299987792969,298.7900085449219,293.5400085449219,294.3699951171875,287.5857238769531,50074100.0,-0.0198451582838656,106.4499969482422,107.27999877929688,106.1999969482422,107.19000244140624,107.19000244140624,0.0,2.736000061035156,2.7960000038146973,2.7070000171661377,2.7869999408721924,2.7869999408721924,0.0,23.950000762939453,25.309999465942383,23.81999969482422,24.690000534057617,24.690000534057617,0.0,-0.019845158283865606,0.01758617231590626,-0.01964953929731006,295.8929962158203,291.4319976806641,292.1494000244141,344.7882501220704,295.9152822514153,293.46714178424224,2.4481404671730616,1.0430139103203109,50.821717757816685,67.08311984399849,80.71099329961422,2.840275698778359,-49.32171365489131,7.368087991669278,275.95449772783724,306.90949763349096,10.621688816604342,0.23003096516323626,-0.005711828812372668,-0.017690547032661274,0.030289978567967276,-0.009734372990598773,-0.030940697963371323,0.7818314824680298,0.6234898018587336,1.2246467991473532e-16,-1.0
2022-07-27,299.0400085449219,308.5400085449219,298.4599914550781,306.8099975585937,299.7391052246094,69304400.0,0.0413914612402535,107.12999725341795,107.43000030517578,106.26000213623048,106.4499969482422,106.4499969482422,0.0,2.782999992370605,2.802999973297119,2.7230000495910645,2.733999967575073,2.733999967575073,0.0,24.270000457763672,24.40999984741211,23.020000457763672,23.239999771118164,23.239999771118164,0.0,0.041391461240253544,0.03370792135437465,0.042260030100994106,298.0089965820313,292.58249816894534,292.46279968261723,344.4474000549317,297.5913922986735,294.45550147123123,3.1358908274422674,1.4615892937447024,59.92431808042087,71.94205021512674,74.16123199039544,7.407668165320324,-6.052139945652368,7.853939808531071,276.1051513551787,309.059844982712,11.263385142232371,0.2693095099448584,-0.019845158283865606,-0.005711828812372668,0.0157321582142588,-0.002063382876285855,0.0009164113920883576,0.9749279121818236,-0.22252093395631434,1.2246467991473532e-16,-1.0
2022-07-28,306.5899963378906,310.3999938964844,302.75,309.8099975585937,302.6700439453125,55139900.0,0.0097308012399417,106.37000274658205,106.9800033569336,106.05999755859376,106.3499984741211,106.3499984741211,0.0,2.7690000534057617,2.789999961853028,2.6489999294281006,2.680999994277954,2.680999994277954,0.0,23.32999992370605,23.540000915527344,22.21999931335449,22.32999992370605,22.32999992370605,0.0,0.009730801239941756,0.024951870536745666,0.009778299426452364,300.3229949951172,294.05899810791016,292.8673999023438,344.11010009765624,299.4711777232766,295.59287155177657,3.8783061715000144,1.944932669295765,61.762413545008826,80.8993513921834,73.30817381710287,8.071993249022746,-1.9280922229061193,7.8393722433848785,276.9434572892745,311.17453892654584,11.64088902483088,0.2628569647761454,0.041391461240253544,-0.019845158283865606,0.014252778330723472,0.003564545070159545,-0.012480538886676896,0.43388373911755823,-0.900968867902419,1.2246467991473532e-16,-1.0
2022-07-29,311.3900146484375,316.3900146484375,309.92999267578125,315.4599914550781,308.1897888183594,57501000.0,0.0180725423835261,106.20999908447266,106.66000366210938,105.54000091552734,105.9000015258789,105.9000015258789,0.0,2.7070000171661377,2.727999925613404,2.618000030517578,2.6419999599456787,2.6419999599456787,0.0,22.1299991607666,22.15999984741211,21.209999084472656,21.32999992370605,21.32999992370605,0.0,0.018072542383526128,0.020745758273429803,0.01823683903797302,302.6819946289063,295.7254974365234,293.4029998779297,343.81690002441405,301.9309952204768,297.0645100631322,4.866485157344584,2.5292431669055286,65.01672430724993,96.49267608523381,83.11135923084798,8.082364317174537,-2.5417395757400874,7.749418303846231,277.0784686633032,314.3725262097436,12.611038909299817,0.2669027559828961,0.009730801239941756,0.041391461240253544,-0.017690547032661274,0.01797670226690707,0.006578775601986084,-0.433883739117558,-0.9009688679024191,1.2246467991473532e-16,-1.0
2022-08-01,313.6499938964844,318.8099975585937,312.5299987792969,315.2699890136719,308.0041809082031,46358800.0,-0.0006024334053515,105.83000183105467,106.02999877929688,105.23999786376952,105.4499969482422,105.4499969482422,0.0,2.657999992370605,2.696000099182129,2.5840001106262207,2.6059999465942383,2.6059999465942383,0.0,22.40999984741211,23.270000457763672,22.26000022888184,22.84000015258789,22.84000015258789,0.0,-0.0006024334053515799,0.02002231436793664,-0.0006022519787819425,305.268994140625,297.3824966430664,293.83879943847654,343.50360000610345,303.9831481117376,298.41306405946847,5.570084052269124,3.137411343978248,64.81694385742928,95.48518410375053,90.9590705270559,8.939183021006196,-9.074615890102189,7.644459766378416,277.94911626885977,316.81587701727307,13.06961949245559,0.267078406965169,0.018072542383526128,0.009730801239941756,-0.005711828812372668,-0.008498614168937926,0.0,0.0,1.0,-0.4999999999999997,-0.8660254037844388
2022-08-02,312.9200134277344,318.54998779296875,311.8399963378906,314.3299865722656,307.0858459472656,48676500.0,-0.0029860202675674,105.36000061035156,106.33999633789062,105.0500030517578,106.23999786376952,106.23999786376952,0.0,2.556999921798706,2.753999948501587,2.525000095367432,2.740999937057495,2.740999937057495,0.0,24.07999992370605,24.68000030517578,22.670000076293945,23.93000030517578,23.93000030517578,0.0,-0.002986020267567466,0.02144315213839056,-0.00298156654312165,306.8719940185547,298.7509963989258,294.3805993652344,343.17964996337884,305.5749694133573,299.59209535671266,5.982874056644619,3.7065038865115225,63.77290045141761,92.2997948115497,94.75921833351134,5.373784591108428,-11.484260099508582,7.577712029856968,278.5676251061648,318.93436769168676,13.511835298323069,0.2651479412164333,-0.0006024334053515799,0.018072542383526128,-0.019845158283865606,0.030289978567967276,0.0169749966556521,0.7818314824680298,0.6234898018587336,-0.4999999999999997,-0.8660254037844388
2022-08-03,316.04998779296875,323.7300109863281,315.989990234375,322.8900146484375,315.44854736328125,53735700.0,0.0268682488484415,106.43000030517578,106.81999969482422,105.97000122070312,106.51000213623048,106.51000213623048,0.0,2.782999992370605,2.8489999771118164,2.746000051498413,2.747999906539917,2.747999906539917,0.0,23.86000061035156,23.920000076293945,21.68000030517578,21.950000762939453,21.950000762939453,0.0,0.026868248848441596,0.024489862524605735,0.027232454788722826,308.8579956054688,300.4554977416992,295.0131994628906,342.89410003662107,308.2388225264466,301.3178671560997,6.920955370346917,4.349394183278601,68.71485815466002,92.36163155405744,93.3822034897859,6.553811817029077,-2.3562293482168872,7.707877200157363,278.1628820289801,322.74811345441833,14.839213048372317,0.2767383267122265,-0.002986020267567466,-0.0006024334053515799,0.041391461240253544,0.0157321582142588,0.006391294355807544,0.9749279121818236,-0.22252093395631434,-0.4999999999999997,-0.8660254037844388
2022-08-04,322.9700012207031,324.7200012207031,320.7699890136719,324.3999938964844,316.9237670898437,38973700.0,0.0046656767507354,106.4800033569336,106.51000213623048,105.66999816894533,105.69000244140624,105.69000244140624,0.0,2.683000087738037,2.720999956130981,2.6559998989105225,2.6760001182556152,2.6760001182556152,0.0,22.059999465942383,22.65999984741211,21.440000534057617,21.440000534057617,21.440000534057617,0.0,0.004665676750735462,0.012230275852561272,0.004676577967764439,310.55999450683595,301.926496887207,295.51459960937495,342.595,310.72515658337545,303.0276543220541,7.697502261321347,5.019015798887151,69.50512327603349,95.09441934392473,93.25194856984396,5.537116514836638,-0.8762525205003535,7.4394582720769264,277.3858986492161,326.46709512519794,16.25600832719147,0.27053468464214864,0.026868248848441596,-0.002986020267567466,0.009730801239941756,0.014252778330723472,0.02117334584543263,0.43388373911755823,-0.900968867902419,-0.4999999999999997,-0.8660254037844388
2022-08-05,319.19000244140625,323.8299865722656,318.3900146484375,321.75,314.33477783203125,53894000.0,-0.0082026731996047,105.72000122070312,106.93000030517578,105.69000244140624,106.62000274658205,106.62000274658205,0.0,2.697000026702881,2.86899995803833,2.687999963760376,2.8399999141693115,2.8399999141693115,0.0,21.5,22.57999992370605,20.76000022888184,21.14999961853028,21.14999961853028,0.0,-0.00820267319960472,0.017043052358216456,-0.008169123072043094,312.53599548339844,303.2464965820312,295.76759948730466,342.2732000732422,312.4212863397792,304.41449474264266,8.006791597136555,5.616570958537032,66.33806493524513,95.94506121097584,94.46703736965267,6.543266467305496,-8.932334498355265,7.337352627503352,277.39054896259205,329.1024442014704,17.052759330028984,0.27421460399377606,0.004665676750735462,0.026868248848441596,0.018072542383526128,-0.017690547032661274,0.0012537752076604498,-0.433883739117558,-0.9009688679024191,-0.4999999999999997,-0.8660254037844388
2022-08-08,322.69000244140625,326.4700012207031,319.2099914550781,320.7099914550781,313.3187866210937,43878500.0,-0.0032374295498571,106.58000183105467,106.8000030517578,106.08999633789062,106.44000244140624,106.44000244140624,0.0,2.7920000553131104,2.806999921798706,2.760999917984009,2.765000104904175,2.765000104904175,0.0,21.739999771118164,22.01000022888184,20.82999992370605,21.290000915527344,21.290000915527344,0.0,-0.003237429549857125,0.022498403144495516,-0.0032321947254607686,314.5799957275391,304.829995727539,295.99979919433594,341.9396000671387,313.69647174213287,305.62156857319343,8.074903168939443,6.108237400617515,65.08465093046534,90.89991016088345,93.97979690526134,6.8072079093044415,-17.491682498494043,7.331828137369183,278.75917077692196,330.9008206781561,17.10515718008244,0.2585313148057791,-0.00820267319960472,0.004665676750735462,-0.0006024334053515799,-0.005711828812372668,-0.02159644922561007,0.0,1.0,-0.4999999999999997,-0.8660254037844388
2022-08-09,318.7699890136719,319.0299987792969,315.4200134277344,317.0799865722656,309.7724304199219,39764200.0,-0.0113832273612714,106.33999633789062,106.41000366210938,105.97000122070312,106.37000274658205,106.37000274658205,0.0,2.812000036239624,2.813999891281128,2.7739999294281006,2.796999931335449,2.796999931335449,0.0,21.40999984741211,22.229999542236328,21.40999984741211,21.770000457763672,21.770000457763672,0.0,-0.011383227361271403,0.01132473405897589,-0.011318683566397647,316.8509948730469,306.37199554443356,296.1757989501953,341.5797500610352,314.2170124852302,306.47034027682844,7.746672208401776,6.435924362174368,60.7687911527318,81.6869667638354,89.51064604523157,7.714777943328555,-28.515082711644503,7.185981700938795,281.30183591871105,331.44215517015607,16.365829769246353,0.2598573385694052,-0.003237429549857125,-0.00820267319960472,-0.002986020267567466,-0.019845158283865606,-0.009734372990598773,0.7818314824680298,0.6234898018587336,-0.4999999999999997,-0.8660254037844388
2022-08-10,324.5899963378906,326.2300109863281,322.0599975585937,325.92999267578125,318.41845703125,51459600.0,0.0275284878735129,106.33999633789062,106.4000015258789,104.63999938964844,105.1999969482422,105.1999969482422,0.0,2.812000036239624,2.818000078201294,2.674000024795532,2.7860000133514404,2.7860000133514404,0.0,22.280000686645508,22.34000015258789,19.540000915527344,19.739999771118164,19.739999771118164,0.0,0.027528487873512978,0.012847017698578564,0.02791089768578736,318.76299438476565,308.3859954833984,296.57439880371095,341.24350006103515,316.0190094376227,307.91179601008423,8.107213427538454,6.770182175247185,66.58626927642446,84.11778879569992,85.56822190680626,6.231868345012478,-1.6398684027616905,7.326270466161917,283.8592055040156,332.9127854627812,15.906552397709742,0.2700438795980384,-0.011383227361271403,-0.003237429549857125,0.026868248848441596,0.041391461240253544,-0.002063382876285855,0.9749279121818236,-0.22252093395631434,-0.4999999999999997,-0.8660254037844388
2022-08-11,328.3099975585937,330.3599853515625,323.3599853515625,324.0799865722656,316.6111755371094,45897700.0,-0.0056919749280815,105.20999908447266,105.45999908447266,104.6500015258789,105.08999633789062,105.08999633789062,0.0,2.739000082015991,2.9019999504089355,2.7300000190734863,2.888000011444092,2.888000011444092,0.0,19.84000015258789,20.850000381469727,19.709999084472656,20.200000762939453,20.200000762939453,0.0,-0.005691974928081517,0.02132131233302058,-0.005675806330420308,320.18999328613285,310.25649414062497,296.7683984375,340.872799987793,317.2591597660293,309.10943975543097,8.149720010598344,7.046089742317418,64.43526649574677,84.26303120091413,83.35592892014981,4.6060453588083705,-17.055955282851375,7.302965432864638,287.0314239660666,333.48156431518333,14.971528791936594,0.2734000667216837,0.027528487873512978,-0.011383227361271403,0.004665676750735462,0.009730801239941756,0.003564545070159545,0.43388373911755823,-0.900968867902419,-0.4999999999999997,-0.8660254037844388
2022-08-12,326.17999267578125,330.5899963378906,325.1000061035156,330.3900146484375,322.7757568359375,40928400.0,0.0192833854116759,105.16000366210938,105.87999725341795,105.08999633789062,105.62999725341795,105.62999725341795,0.0,2.8480000495910645,2.878999948501587,2.836999893188477,2.8489999771118164,2.8489999771118164,0.0,20.34000015258789,20.350000381469727,19.1200008392334,19.530000686645508,19.530000686645508,0.0,0.019283385411675995,0.01683116793687582,0.01947051075619899,321.6829956054688,312.1824951171875,297.25219848632815,340.53175003051757,319.2792912863998,310.6857786363944,8.593512650005437,7.355574323855022,68.20769578692756,93.58813816386714,87.32298605349374,4.732778671708494,-0.5397618227854784,7.246325742347522,288.9886930486316,335.3762971857434,14.859130432569177,0.27418904465203287,-0.005691974928081517,0.027528487873512978,-0.00820267319960472,0.018072542383526128,0.01797670226690707,-0.433883739117558,-0.9009688679024191,-0.4999999999999997,-0.8660254037844388
2022-08-15,329.4200134277344,333.57000732421875,329.3999938964844,333.0599975585937,325.3841857910156,38266600.0,0.0080487634771867,105.66999816894533,106.5500030517578,105.5500030517578,106.5500030517578,106.5500030517578,0.0,2.803999900817871,2.803999900817871,2.759000062942505,2.79099988937378,2.79099988937378,0.0,20.739999771118164,21.15999984741211,19.809999465942383,19.950000762939453,19.950000762939453,0.0,0.008048763477186732,0.01265865235188317,0.008081241852385901,323.461996459961,314.365495300293,297.76899841308597,340.2067500305176,321.39939994366046,312.3431281861869,9.056271757473553,7.695713810578728,69.67353138500762,93.65055937444387,90.50057624640837,5.642785283996805,-1.452604771031507,7.026589148446583,291.99638074374485,336.73460985684113,14.231278490141147,0.2686608288285801,0.019283385411675995,-0.005691974928081517,-0.003237429549857125,-0.0006024334053515799,-0.008498614168937926,0.0,1.0,-0.4999999999999997,-0.8660254037844388
2022-08-16,332.0599975585937,334.4200134277344,329.1600036621094,332.2799987792969,324.62213134765625,41186900.0,-0.0023447611889552,106.4800033569336,106.94000244140624,106.31999969482422,106.5,106.5,0.0,2.805999994277954,2.871000051498413,2.803999900817871,2.8239998817443848,2.8239998817443848,0.0,20.229999542236328,20.38999938964844,19.5,19.690000534057617,19.690000534057617,0.0,-0.002344761188955257,0.015840540276751778,-0.002342014383725499,325.2569976806641,316.06449584960944,298.21719848632813,339.89154998779304,323.0733382260661,313.81993341530614,9.253404810759946,8.007252010614971,68.67733080236404,97.08346885448178,94.77405546426426,5.710563094146436,-6.757226842737696,6.900404906816471,293.67140972296005,338.45758197625884,14.169947223243023,0.2558486287178187,0.008048763477186732,0.019283385411675995,-0.011383227361271403,-0.002986020267567466,0.030289978567967276,0.7818314824680298,0.6234898018587336,-0.4999999999999997,-0.8660254037844388
2022-08-17,329.07000732421875,331.42999267578125,326.3599853515625,328.489990234375,320.9195251464844,47842200.0,-0.0114714419037859,106.4499969482422,106.88999938964844,106.30999755859376,106.56999969482422,106.56999969482422,0.0,2.8949999809265137,2.9189999103546143,2.859999895095825,2.8929998874664307,2.8929998874664307,0.0,19.739999771118164,20.6299991607666,19.40999984741211,19.89999961853028,19.89999961853028,0.0,-0.01147144190378595,0.015407078163837297,-0.011405895789669773,325.8169952392578,317.3374954223633,298.63419799804683,339.5864498901368,323.90666930426744,314.90660429079276,9.000065013474682,8.205814611186913,63.89666782575131,89.19204310509676,93.30869044467413,1.7343291312476017,-24.21403907094054,6.830376944024893,295.1707911667312,339.5041996779954,13.970428692095858,0.2594663327619373,-0.002344761188955257,0.008048763477186732,0.027528487873512978,0.026868248848441596,0.0157321582142588,0.9749279121818236,-0.22252093395631434,-0.4999999999999997,-0.8660254037844388
2022-08-18,328.44000244140625,330.489990234375,326.7900085449219,329.2799987792969,321.6912536621094,41937200.0,0.0024018547838809,106.68000030517578,107.55999755859376,106.51000213623048,107.4800033569336,107.4800033569336,0.0,2.865999937057495,2.8910000324249268,2.8350000381469727,2.880000114440918,2.880000114440918,0.0,20.51000022888184,20.61000061035156,19.43000030517578,19.559999465942383,19.559999465942383,0.0,0.002401854783880992,0.011265319881713259,0.0024047415478156697,326.30499572753905,318.4324951171875,299.23179809570314,339.2798999023438,324.7333353773489,315.97130017883006,8.762035198518845,8.3170587286533,64.45214271560518,82.08839297093293,89.45463497683716,1.5043171931654546,-22.763555173522974,6.606777282984052,296.17342493588825,340.69156529848675,13.980401198129988,0.25667080898758626,-0.01147144190378595,-0.002344761188955257,-0.005691974928081517,0.004665676750735462,0.014252778330723472,0.43388373911755823,-0.900968867902419,-0.4999999999999997,-0.8660254037844388
2022-08-19,326.1700134277344,326.8399963378906,322.0799865722656,322.8599853515625,315.419189453125,51770600.0,-0.0196897316872916,107.5,108.22000122070312,107.47000122070312,108.16999816894533,108.16999816894533,0.0,2.9609999656677246,2.997999906539917,2.95199990272522,2.989000082015991,2.989000082015991,0.0,20.15999984741211,21.270000457763672,20.07999992370605,20.600000381469727,20.600000381469727,0.0,-0.019689731687291698,0.014593646165083839,-0.019497154919767556,326.4159942626953,319.47599487304694,299.9121978759766,338.92069976806647,324.44512768107404,316.481573154588,7.963554526486064,8.246357888219855,56.80355127104377,67.27552390421657,79.51865332674875,0.3449837922494173,-51.195834042886766,6.649151206130281,298.5453658760824,340.40662387001146,13.103099658728292,0.25894188561375747,0.002401854783880992,-0.01147144190378595,0.019283385411675995,-0.00820267319960472,-0.017690547032661274,-0.433883739117558,-0.9009688679024191,-0.4999999999999997,-0.8660254037844388
2022-08-22,318.5,318.739990234375,313.5299987792969,314.3599853515625,307.11505126953125,51098900.0,-0.0266800770998691,108.0999984741211,109.0999984741211,108.08000183105467,109.0500030517578,109.0500030517578,0.0,2.9809999465942383,3.04099988937378,2.9649999141693115,3.0369999408721924,3.0369999408721924,0.0,22.40999984741211,24.6200008392334,22.38999938964844,23.799999237060547,23.799999237060547,0.0,-0.026680077099869103,0.016357900957859106,-0.026327308107003566,325.78099365234374,320.18049468994144,300.69119750976563,338.5194497680665,322.8935673226876,316.324418502512,6.569148820175599,7.910916074611004,48.58307831355234,43.337912211515516,64.23394302888833,-1.9799838710061115,-96.02687414904372,6.840639446568519,301.1055188756269,339.255470504256,11.915139198461478,0.27861463248615814,-0.019689731687291698,0.002401854783880992,0.008048763477186732,-0.003237429549857125,-0.005711828812372668,0.0,1.0,-0.4999999999999997,-0.8660254037844388
2022-08-23,314.1199951171875,317.0,313.3299865722656,314.1000061035156,306.86114501953125,39497100.0,-0.0008270883008458,109.0,109.2699966430664,108.08000183105467,108.62000274658205,108.62000274658205,0.0,3.032999992370605,3.078000068664551,2.9830000400543213,3.053999900817871,3.053999900817871,0.0,24.1299991607666,24.209999084472656,23.06999969482422,24.11000061035156,24.11000061035156,0.0,-0.0008270883008458335,0.011683476011659867,-0.0008267463575960532,325.48299560546883,321.1669952392578,301.4549975585938,338.1028497314454,321.5407117505073,316.15964721369744,5.381064536809845,7.404945767050773,48.35259180133292,18.809466402797305,43.14096750617646,-0.9398197915183881,-96.34889259967761,6.6141661595089385,306.09079145502386,336.24319902349174,9.388389222873112,0.2664868096157609,-0.026680077099869103,-0.019689731687291698,-0.002344761188955257,-0.011383227361271403,-0.019845158283865606,0.7818314824680298,0.6234898018587336,-0.4999999999999997,-0.8660254037844388
2022-08-24,313.6099853515625,316.8699951171875,312.989990234375,315.010009765625,307.750244140625,38057100.0,0.0028932094555038,108.5199966430664,109.11000061035156,108.36000061035156,108.68000030517578,108.68000030517578,0.0,3.0480000972747803,3.125999927520752,3.0480000972747803,3.1059999465942383,3.1059999465942383,0.0,24.3700008392334,24.86000061035156,22.729999542236328,22.81999969482422,22.81999969482422,0.0,0.0028932094555038433,0.012372070610133614,0.0028973988252476435,324.3909973144532,321.5769958496094,302.0991979980469,337.68974975585945,320.5359883682177,316.0744888842106,4.461499484007106,6.81625651044204,49.25999464493563,5.683450817802643,22.610276477371823,-3.350407497176518,-90.57388079787076,6.4188689254591935,307.75055512107843,335.4034365781403,8.599147891161405,0.2252393351585714,-0.0008270883008458335,-0.026680077099869103,-0.01147144190378595,0.027528487873512978,0.041391461240253544,0.9749279121818236,-0.22252093395631434,-0.4999999999999997,-0.8660254037844388
2022-08-25,316.8299865722656,320.6000061035156,315.760009765625,320.5799865722656,313.1917419433594,38098300.0,0.0175270386767082,108.62999725341795,108.69000244140624,107.98999786376952,108.47000122070312,108.47000122070312,0.0,3.1080000400543213,3.128000020980835,3.0199999809265137,3.026000022888184,3.026000022888184,0.0,22.40999984741211,23.1299991607666,21.770000457763672,21.780000686645508,21.780000686645508,0.0,0.01752703867670821,0.01527632024434869,0.01768153854086929,324.04099731445314,322.115495300293,303.08299743652344,337.28389968872074,320.5427573226866,316.40822945369615,4.13452786899046,6.279910782151724,54.52630857298361,16.164936668639932,13.552617963079959,-1.079980296536931,-64.58241659653186,6.359663740632867,309.4265706156991,334.80441998488686,7.878493813384909,0.2307341529001454,0.0028932094555038433,-0.0008270883008458335,0.002401854783880992,-0.005691974928081517,0.009730801239941756,0.43388373911755823,-0.900968867902419,-0.4999999999999997,-0.8660254037844388
2022-08-26,320.2799987792969,321.510009765625,307.3500061035156,307.44000244140625,300.35467529296875,69047700.0,-0.0418515697248348,108.47000122070312,108.87000274658205,107.58999633789062,108.8000030517578,108.8000030517578,0.0,3.071000099182129,3.086999893188477,3.007999897003174,3.0350000858306885,3.0350000858306885,0.0,22.06999969482422,25.89999961853028,21.670000076293945,25.559999465942383,25.559999465942383,0.0,-0.04185156972483487,0.04421132670188048,-0.0409878835589228,321.74599609375,321.71449584960936,303.7379974365235,336.8011497497559,318.5269488794127,315.7439163416747,2.783032537737995,5.580535133268978,43.1487186620088,15.058720119290614,12.302369201911063,-6.946339534943868,-99.66754224772556,6.916830877881189,307.7020938700679,335.7268978291508,8.711079022122622,0.26920631856590216,0.01752703867670821,0.0028932094555038433,-0.019689731687291698,0.019283385411675995,0.018072542383526128,-0.433883739117558,-0.9009688679024191,-0.4999999999999997,-0.8660254037844388
2022-08-29,304.6199951171875,307.2200012207031,303.2799987792969,304.4100036621094,297.3945007324219,48321900.0,-0.0099044846178639,108.83999633789062,109.4800033569336,108.48999786376952,108.83999633789062,108.83999633789062,0.0,3.0989999771118164,3.125,3.0859999656677246,3.109999895095825,3.109999895095825,0.0,26.86000061035156,27.670000076293945,25.46999931335449,26.209999084472656,26.209999084472656,0.0,-0.009904484617863911,0.012934155684332305,-0.009855596746278339,318.88099670410156,321.17149658203124,304.33239746093756,336.3266998291016,316.35511115367376,314.90436725429953,1.4507438993742312,4.754576886490029,41.02300880853145,13.126276136962225,14.783310974964255,-8.602051914518512,-96.37121274485591,6.719914648183202,305.3789799578818,336.96401320618065,9.834320163661102,0.27091185905629145,-0.04185156972483487,0.01752703867670821,-0.026680077099869103,0.008048763477186732,-0.0006024334053515799,0.0,1.0,-0.4999999999999997,-0.8660254037844388
2022-08-30,306.1000061035156,306.7300109863281,298.44000244140625,301.0199890136719,294.08258056640625,51184500.0,-0.0111989285287342,108.6999969482422,109.11000061035156,108.29000091552734,108.7699966430664,108.7699966430664,0.0,3.072999954223633,3.151000022888184,3.066999912261963,3.109999895095825,3.109999895095825,0.0,25.75,27.690000534057617,25.1299991607666,26.209999084472656,26.209999084472656,0.0,-0.011198928528734225,0.027082680103307135,-0.011136453962191761,315.7549957275391,320.50599670410156,304.7311975097657,335.8443997192383,313.99586159367345,313.8758947920308,0.11996680164264717,3.8276548695205532,38.724402409847606,3.710618619740572,10.631871625331138,-9.407731395348945,-92.82938914819681,6.832064212235965,302.5288989487407,338.48309445946245,11.217947832631507,0.27296853260238074,-0.009904484617863911,-0.04185156972483487,-0.0008270883008458335,-0.002344761188955257,-0.002986020267567466,0.7818314824680298,0.6234898018587336,-0.4999999999999997,-0.8660254037844388
2022-08-31,303.989990234375,304.9100036621094,299.1600036621094,299.2699890136719,292.3729248046875,50044000.0,-0.0058304870166969,108.75,109.1999969482422,108.37999725341795,108.6999969482422,108.6999969482422,0.0,3.127000093460083,3.1440000534057617,3.102999925613404,3.132999897003174,3.132999897003174,0.0,25.86000061035156,26.6200008392334,25.309999465942383,25.8700008392334,25.8700008392334,0.0,-0.005830487016696951,0.018915096498956344,-0.00581352271333424,312.8329956054688,319.32499542236326,305.1031970214844,335.3469496154785,311.7303427352117,312.7939758454857,-1.0636331102739973,2.8493972735616433,37.55457678463285,4.368732404773702,7.068542387158833,-8.895248588809324,-97.69320089262617,6.754773911361967,299.0506901484084,339.5993006963181,12.69822629897075,0.250604276120473,-0.011198928528734225,-0.009904484617863911,0.0028932094555038433,-0.01147144190378595,0.026868248848441596,0.9749279121818236,-0.22252093395631434,-0.4999999999999997,-0.8660254037844388
2022-09-01,296.7200012207031,299.7799987792969,292.95001220703125,299.3999938964844,292.4998779296875,57990700.0,0.00043412217631,108.83999633789062,109.9800033569336,108.7699966430664,109.69000244140624,109.69000244140624,0.0,3.2170000076293945,3.2950000762939453,3.2170000076293945,3.265000104904175,3.265000104904175,0.0,26.8799991607666,27.450000762939453,25.25,25.559999465942383,25.559999465942383,0.0,0.0004341221763100163,0.02301828843410329,0.00043421642097940527,309.8449951171875,318.07499542236326,305.3941967773437,334.8501495361328,309.8333659907921,311.80182903444853,-1.9684630436564134,1.8858252101180322,37.70513171303096,8.343592484256405,5.474314502923559,-9.074345539839443,-84.44663250640781,6.760146244283657,296.1062353806177,340.0437554641088,13.8135724957404,0.24915469462078682,-0.005830487016696951,-0.011198928528734225,0.01752703867670821,0.002401854783880992,0.004665676750735462,0.43388373911755823,-0.900968867902419,-0.8660254037844384,-0.5000000000000004
2022-09-02,302.3399963378906,303.75,293.5199890136719,295.1700134277344,288.3673400878906,64666800.0,-0.014229095526968,109.63999938964844,109.72000122070312,108.93000030517578,109.52999877929688,109.52999877929688,0.0,3.257999897003174,3.2880001068115234,3.1760001182556152,3.193000078201294,3.193000078201294,0.0,25.51000022888184,26.280000686645508,23.190000534057617,25.46999931335449,25.46999931335449,0.0,-0.014229095526968003,0.033836115334522986,-0.014128340398112171,307.0759979248047,316.74599609374997,305.40539733886715,334.3699995422363,307.5774655964755,310.56984269321043,-2.992377096734913,0.9101847487474433,34.76791249820125,7.737812269734103,6.8167123862547365,-8.576464467616354,-94.64672979176372,7.007993725858262,292.60481816218964,340.8871740253103,15.243241101248243,0.25140788612695936,0.0004341221763100163,-0.005830487016696951,-0.04185156972483487,-0.019689731687291698,-0.00820267319960472,-0.433883739117558,-0.9009688679024191,-0.8660254037844384,-0.5000000000000004
2022-09-05,302.3399963378906,303.75,293.5199890136719,295.1700134277344,288.3673400878906,64666800.0,0.0,109.63999938964844,109.72000122070312,108.93000030517578,109.52999877929688,109.52999877929688,0.0,3.257999897003174,3.2880001068115234,3.1760001182556152,3.193000078201294,3.193000078201294,0.0,25.51000022888184,26.280000686645508,23.190000534057617,25.46999931335449,25.46999931335449,0.0,0.0,0.033836115334522986,0.0,305.15700073242186,315.4689971923828,305.4597973632812,333.84739959716796,305.6686268012846,309.42911459947146,-3.7604877981868867,-0.023949760639422668,34.76791249820125,8.891958190549895,8.3244543148468,-6.104457570312946,-94.2307631301788,7.2381378158918235,289.5725292904384,341.3654650943272,16.41775777171024,0.25185351898228037,-0.014229095526968003,0.0004341221763100163,-0.009904484617863911,-0.026680077099869103,-0.003237429549857125,0.0,1.0,-0.8660254037844384,-0.5000000000000004
2022-09-06,295.6600036621094,296.6000061035156,290.8699951171875,293.04998779296875,286.29620361328125,57005400.0,-0.0072082019644686,109.5999984741211,110.5500030517578,109.37999725341795,110.20999908447266,110.20999908447266,0.0,3.25,3.352999925613404,3.24399995803833,3.3399999141693115,3.3399999141693115,0.0,25.459999084472656,27.799999237060547,25.32999992370605,26.90999984741211,26.90999984741211,0.0,-0.007208201964468656,0.019380406261770133,-0.007182285185202031,303.0519989013672,314.267497253418,305.6499969482422,333.34354949951177,303.72729772308213,308.21584594713795,-4.488548224055819,-0.916869453322702,33.26181210701094,5.54158695000199,7.390452470095329,-6.7016930600152795,-94.49774622805153,7.130414470922988,286.52194990031626,342.01304460651977,17.65728088051587,0.25069639070431055,0.0,-0.014229095526968003,-0.011198928528734225,-0.0008270883008458335,-0.011383227361271403,0.7818314824680298,0.6234898018587336,-0.8660254037844384,-0.5000000000000004
2022-09-07,293.5400085449219,299.989990234375,293.2699890136719,298.9700012207031,292.079833984375,49260400.0,0.0200002171102967,110.31999969482422,110.79000091552734,109.54000091552734,109.83999633789062,109.83999633789062,0.0,3.322999954223633,3.3320000171661377,3.25,3.265000104904175,3.265000104904175,0.0,26.93000030517578,27.14999961853028,24.540000915527344,24.63999938964844,24.63999938964844,0.0,0.020000217110296786,0.02289296526907585,0.02020156152299557,301.447998046875,312.91949768066405,305.9533972167969,332.9027995300292,302.9954059534854,307.5309685599946,-4.535562606509245,-1.6406080839600108,40.953720543712336,11.263424161312859,8.565656433954913,-5.091904399119262,-77.48121815783111,7.116813611671792,284.94100718842105,340.89798817290705,17.88222894362127,0.2393292757750433,-0.007208201964468656,0.0,-0.005830487016696951,0.0028932094555038433,0.027528487873512978,0.9749279121818236,-0.22252093395631434,-0.8660254037844384,-0.5000000000000004
2022-09-08,296.8500061035156,301.8699951171875,295.45001220703125,300.5199890136719,293.59405517578125,55649800.0,0.0051708795401915,109.66999816894533,110.23999786376952,109.33000183105467,109.70999908447266,109.70999908447266,0.0,3.2309999465942383,3.303999900817871,3.2090001106262207,3.2920000553131104,3.2920000553131104,0.0,24.700000762939453,25.89999961853028,23.559999465942383,23.61000061035156,23.61000061035156,0.0,0.005170879540191551,0.021627026370744002,0.0051842716107790565,299.44199829101564,311.74149780273433,306.3581970214844,332.455849456787,302.61457257812947,307.0116367417485,-4.397064163619007,-2.1918992998918103,42.8121817218682,19.838592901612465,12.214534670975771,-6.25740794772658,-68.50525690927998,7.067039990134968,283.7575990592684,339.7253965462003,17.95327150264336,0.2415970004142569,0.020000217110296786,-0.007208201964468656,0.0004341221763100163,0.01752703867670821,-0.005691974928081517,0.43388373911755823,-0.900968867902419,-0.8660254037844384,-0.5000000000000004
2022-09-09,302.8299865722656,307.6000061035156,300.5199890136719,307.0899963378906,300.0126342773437,56125200.0,0.0216265395307589,109.54000091552734,109.54000091552734,108.36000061035156,109.0,109.0,0.0,3.2730000019073486,3.325000047683716,3.250999927520752,3.321000099182129,3.321000099182129,0.0,23.489999771118164,23.56999969482422,22.63999938964844,22.790000915527344,22.790000915527344,0.0,0.021626539530758927,0.02337951128942845,0.02186208810569923,299.40699768066406,310.576496887207,306.8573968505859,332.07564941406247,303.3030993104004,307.0174411562775,-3.7143418458771293,-2.4963878090888745,49.99647186399055,35.65028014104735,22.250765734657556,-0.11384533591471437,-47.0626845097469,7.067966925828452,283.9546102053968,337.19838356901715,17.14352949990193,0.24468636160184706,0.005170879540191551,0.020000217110296786,-0.014229095526968003,-0.04185156972483487,0.019283385411675995,-0.433883739117558,-0.9009688679024191,-0.8660254037844384,-0.5000000000000004
2022-09-12,308.5,311.0799865722656,308.17999267578125,310.739990234375,303.5785217285156,45905700.0,0.0118157096969312,108.5999984741211,108.86000061035156,107.80999755859376,108.33000183105467,108.33000183105467,0.0,3.2679998874664307,3.365000009536743,3.26200008392334,3.361999988555908,3.361999988555908,0.0,23.57999992370605,24.229999542236328,23.15999984741211,23.8700008392334,23.8700008392334,0.0,0.011815709696931274,0.009400304364617099,0.011885790942642416,300.03999633789067,309.46049652099606,307.42959655761723,331.6983493041992,304.44723637562726,307.2931855324329,-2.845949156805659,-2.5663000786322314,53.49204614684668,49.76062703101822,35.083166691226005,2.0794279084506755,-35.15017748791847,6.848111447867491,285.0256084727996,333.8953845691925,15.791927126659033,0.24742645722227283,0.021626539530758927,0.005170879540191551,0.0,-0.009904484617863911,0.008048763477186732,0.0,1.0,-0.8660254037844384,-0.5000000000000004
2022-09-13,301.79998779296875,303.0199890136719,292.7900085449219,293.70001220703125,286.93133544921875,79562200.0,-0.0563973598950819,108.2300033569336,109.95999908447266,107.68000030517578,109.81999969482422,109.81999969482422,0.0,3.302000045776367,3.4579999446868896,3.2929999828338623,3.421999931335449,3.421999931335449,0.0,23.670000076293945,28.14999961853028,23.530000686645508,27.270000457763672,27.270000457763672,0.0,-0.05639735989508197,0.033896556933486845,-0.054836508803426276,299.30799865722656,307.5314971923828,307.56439697265625,331.177699432373,302.7938172727663,306.2862838046254,-3.4924665318590655,-2.7515333692775985,39.58084750800025,42.341160597018096,42.58402258969455,-2.431724494650806,-90.76365621128033,7.641102179409322,284.63909327890013,330.42390110586547,14.887843438788869,0.31051907088900893,0.011815709696931274,0.021626539530758927,-0.007208201964468656,-0.011198928528734225,-0.002344761188955257,0.7818314824680298,0.6234898018587336,-0.8660254037844384,-0.5000000000000004
2022-09-14,294.8699951171875,296.92999267578125,293.0599975585937,296.0299987792969,289.2075500488281,54907200.0,0.0079016587842844,109.93000030517578,109.93000030517578,109.27999877929688,109.66000366210938,109.66000366210938,0.0,3.4600000381469727,3.4760000705718994,3.382999897003174,3.4119999408721924,3.4119999408721924,0.0,26.729999542236328,27.559999465942383,26.15999984741211,26.15999984741211,26.15999984741211,0.0,0.007901658784284426,0.013124411372033767,0.00793295927768134,298.98399963378904,305.908497619629,307.70899719238287,330.6597994995117,301.7532298122325,305.5265589879344,-3.7733291757018605,-2.955892530562451,41.80927338375845,30.308967090698783,40.80358490624503,-1.0826311869938232,-83.15926502870484,7.371737389250625,284.73433894823086,327.0826562910271,13.843458966430132,0.3137310607185385,-0.05639735989508197,0.011815709696931274,0.020000217110296786,-0.005830487016696951,-0.01147144190378595,0.9749279121818236,-0.22252093395631434,-0.8660254037844384,-0.5000000000000004
2022-09-15,294.07000732421875,296.5299987792969,289.4599914550781,291.1000061035156,284.3912048339844,65299400.0,-0.0167938245000865,109.61000061035156,109.91999816894533,109.41999816894533,109.73999786376952,109.73999786376952,0.0,3.4649999141693115,3.4679999351501465,3.4100000858306885,3.4590001106262207,3.4590001106262207,0.0,26.100000381469727,26.93000030517578,25.420000076293945,26.270000457763672,26.270000457763672,0.0,-0.016793824500086568,0.024041919094536932,-0.016653594327086463,298.1540008544922,303.99949798583987,307.63139709472665,330.14664947509766,300.11427231858374,304.45792544094036,-4.3436531223566135,-3.233444648921284,38.56791353790363,11.220905714994146,27.957011134237007,-2.772207068193334,-92.41436161503238,7.350185241748348,284.9162041576192,323.08279181406056,12.554819303753968,0.3149571286191078,0.007901658784284426,-0.05639735989508197,0.005170879540191551,0.0004341221763100163,0.002401854783880992,0.43388373911755823,-0.900968867902419,-0.8660254037844384,-0.5000000000000004
2022-09-16,287.7200012207031,289.7200012207031,285.6199951171875,289.32000732421875,282.6522216796875,79920400.0,-0.0061335288435417,109.8000030517578,110.26000213623048,109.4800033569336,109.76000213623048,109.76000213623048,0.0,3.453000068664551,3.490000009536743,3.414999961853028,3.447999954223633,3.447999954223633,0.0,27.46999931335449,28.450000762939453,26.13999938964844,26.299999237060547,26.299999237060547,0.0,-0.0061335288435417365,0.014249986396915828,-0.006114757154012662,297.5690002441406,302.32249908447267,307.5107971191407,329.6031994628906,298.4536161656045,303.33659817303504,-4.882982007430542,-3.5633521206231356,37.43931209261387,12.98634211225399,18.17207163931564,-1.981910708198638,-85.4673470195008,7.216601366361189,284.3556263697666,320.28937179917875,11.885898515072752,0.31088423823383254,-0.016793824500086568,0.007901658784284426,0.021626539530758927,-0.014229095526968003,-0.019689731687291698,-0.433883739117558,-0.9009688679024191,-0.8660254037844384,-0.5000000000000004
2022-09-19,286.1000061035156,291.2099914550781,286.0400085449219,291.04998779296875,284.853271484375,52613800.0,0.0077569675279625,109.63999938964844,110.18000030517578,109.48999786376952,109.73999786376952,109.73999786376952,0.0,3.509999990463257,3.509999990463257,3.463000059127808,3.490000009536743,3.490000009536743,0.0,27.690000534057617,27.950000762939453,25.559999465942383,25.76000022888184,25.76000022888184,0.0,0.007756967527962564,0.018070544564356514,0.007787130741826687,297.15699768066406,301.15699920654305,307.5509967041016,329.0971493530273,297.31459641596825,302.4264788856227,-5.111882469654461,-3.8730581904294006,39.29848659718691,14.481947472966318,12.896398433404817,-1.3958144280717455,-78.67244894656785,7.070414333775123,283.4557290598876,318.8582693531985,11.755509713068552,0.303692865369262,-0.0061335288435417365,-0.016793824500086568,0.011815709696931274,0.0,-0.026680077099869103,0.0,1.0,-0.8660254037844384,-0.5000000000000004
2022-09-20,288.489990234375,291.07000732421875,286.3800048828125,288.7300109863281,282.58270263671875,51271100.0,-0.0080029503585647,109.58000183105467,110.29000091552734,109.36000061035156,110.22000122070312,110.22000122070312,0.0,3.552999973297119,3.601999998092652,3.5339999198913574,3.571000099182129,3.571000099182129,0.0,25.64999961853028,27.809999465942383,25.61000061035156,27.15999984741211,27.15999984741211,0.0,-0.008002950358564721,0.016257071649508528,-0.007971012008478162,296.725,299.88849945068364,307.6007971191406,328.5997993469239,295.99389096525437,301.41192570789724,-5.418034742642874,-4.182053500872096,37.68125890241436,16.02517001828738,14.497819867835895,-1.4741433156764239,-87.7846939790692,6.9003849128916315,282.45853215958874,317.31846674177854,11.624298579653427,0.3038411293595214,0.007756967527962564,-0.0061335288435417365,-0.05639735989508197,-0.007208201964468656,-0.0008270883008458335,0.7818314824680298,0.6234898018587336,-0.8660254037844384,-0.5000000000000004
2022-09-21,289.5899963378906,293.95001220703125,283.4200134277344,283.5599975585937,277.5227966308594,82931000.0,-0.0180681806056602,110.16000366210938,111.58000183105467,110.12999725341795,110.63999938964844,110.63999938964844,0.0,3.5299999713897705,3.619999885559082,3.503000020980835,3.509999990463257,3.509999990463257,0.0,28.030000686645508,30.18000030517578,25.549999237060547,27.989999771118164,27.989999771118164,0.0,-0.018068180605660216,0.03636174906750087,-0.01790592969295879,295.1839996337891,298.31599884033204,307.55899719238283,328.032349395752,294.0809842873066,300.08956065980067,-6.008576372494076,-4.547358075196492,34.29429949507677,11.349648750952918,13.952255414068873,-5.1543645179081325,-99.4939108215042,7.159643046206292,280.9555926157319,315.67640506493217,11.638937430165758,0.30652145863203367,-0.008002950358564721,0.007756967527962564,0.007901658784284426,0.020000217110296786,0.0028932094555038433,0.9749279121818236,-0.22252093395631434,-0.8660254037844384,-0.5000000000000004
2022-09-22,282.0,283.0299987792969,278.82000732421875,280.07000732421875,274.10711669921875,62757100.0,-0.0123841129828467,111.4800033569336,111.80999755859376,110.45999908447266,111.3499984741211,111.3499984741211,0.0,3.5480000972747803,3.7160000801086426,3.5460000038146973,3.7079999446868896,3.7079999446868896,0.0,28.15999984741211,28.3799991607666,26.709999084472656,27.350000381469727,27.350000381469727,0.0,-0.012384112982846706,0.014929047713042997,-0.01230774542886981,293.1390014648438,296.2904998779296,307.42699707031255,327.49849945068365,291.92544936990845,298.6066307830909,-6.681181413182458,-4.974122742793686,32.190840146156155,5.532055068635541,10.968957945958614,-6.804865711785572,-96.12522999351998,6.986810702504053,280.48410056699595,312.0968991888633,10.669528261922565,0.2953308977464132,-0.018068180605660216,-0.008002950358564721,-0.016793824500086568,0.005170879540191551,0.01752703867670821,0.43388373911755823,-0.900968867902419,-0.8660254037844384,-0.5000000000000004
2022-09-23,277.54998779296875,277.8500061035156,272.0199890136719,275.510009765625,269.6441345214844,74815200.0,-0.0164158974957634,111.23999786376952,113.2300033569336,111.08000183105467,113.19000244140624,113.19000244140624,0.0,3.7690000534057617,3.7730000019073486,3.658999919891357,3.697000026702881,3.697000026702881,0.0,27.68000030517578,32.310001373291016,27.57999992370605,29.920000076293945,29.920000076293945,0.0,-0.01641589749576344,0.02100528678168237,-0.016281890931827414,289.9810028076172,294.69400024414057,307.09979736328125,326.95149948120115,289.3999971230956,296.8957699669823,-7.495772843886698,-5.478452763012289,29.63332804334011,4.438628236682842,7.1067773520904325,-10.2836259561898,-91.0649744749273,7.062754103078541,277.2626801481635,312.12532034011764,11.830115361382326,0.26764004871956765,-0.012384112982846706,-0.018068180605660216,-0.0061335288435417365,0.021626539530758927,-0.04185156972483487,-0.433883739117558,-0.9009688679024191,-0.8660254037844384,-0.5000000000000004
2022-09-26,275.0299987792969,279.489990234375,273.5599975585937,274.3699951171875,268.5284118652344,71176700.0,-0.0041463440014353,113.0199966430664,114.52999877929688,112.94000244140624,114.0999984741211,114.0999984741211,0.0,3.7829999923706055,3.9040000438690186,3.734999895095825,3.878000020980835,3.878000020980835,0.0,31.739999771118164,32.880001068115234,29.82999992370605,32.2599983215332,32.2599983215332,0.0,-0.004146344001435329,0.021561257688620154,-0.004137759785615147,286.34400329589846,293.19199981689457,306.7991973876953,326.4198994445801,287.08768912218665,295.2271940521827,-8.139504929996065,-6.010663196409045,29.01273827461627,6.275398860748344,5.415360722022243,-11.704317519529916,-93.98359894930769,6.98184257255731,274.18044528213676,312.2035543516524,12.968672096531268,0.2671326946763049,-0.01641589749576344,-0.012384112982846706,0.007756967527962564,0.011815709696931274,-0.009904484617863911,0.0,1.0,-0.8660254037844384,-0.5000000000000004
2022-09-27,277.8099975585937,280.2099914550781,272.1099853515625,274.4800109863281,268.6360778808594,69780100.0,0.0004008679617586,114.0199966430664,114.47000122070312,113.33000183105467,114.11000061035156,114.11000061035156,0.0,3.809000015258789,3.992000102996826,3.809000015258789,3.96399998664856,3.96399998664856,0.0,31.200000762939453,34.13999938964844,30.299999237060547,32.599998474121094,32.599998474121094,0.0,0.00040086796175861335,0.02915664005866898,0.00040094832005732606,284.42200317382816,291.8650009155274,306.3227978515625,325.84624954223636,285.1480463320546,293.6903656769342,-8.542319344879616,-6.516994426103159,29.166904765854756,7.083162098405262,5.932396398612148,-6.544092755145957,-93.70194028054922,7.06171139619719,271.4974373471629,312.2325644838919,13.95683860995678,0.26679620581299535,-0.004146344001435329,-0.01641589749576344,-0.008002950358564721,-0.05639735989508197,-0.011198928528734225,0.7818314824680298,0.6234898018587336,-0.8660254037844384,-0.5000000000000004
2022-09-28,274.4599914550781,281.25,272.95001220703125,279.94000244140625,273.9798278808594,79652100.0,0.0196968894899558,114.19000244140624,114.77999877929688,112.55999755859376,112.5999984741211,112.5999984741211,0.0,3.91100001335144,3.913000106811523,3.703000068664551,3.704999923706055,3.704999923706055,0.0,34.5,34.880001068115234,30.030000686645508,30.18000030517578,30.18000030517578,0.0,0.019696889489955818,0.03024115736856765,0.019892153139497326,282.8130035400391,290.89850158691405,305.86099792480474,325.2761994934082,284.3468088104164,292.6718202520803,-8.32501144166389,-6.878597829215305,36.533630973558864,10.863664703520069,8.074075220891224,-5.435258725209945,-79.72346665958287,7.150159710252302,270.1789804689017,311.6180227049264,14.245189304848854,0.2801911175559955,0.00040086796175861335,-0.004146344001435329,-0.018068180605660216,0.007901658784284426,-0.005830487016696951,0.9749279121818236,-0.22252093395631434,-0.8660254037844384,-0.5000000000000004
2022-09-29,275.8599853515625,276.25,268.8399963378906,271.8699951171875,266.0817565917969,81216000.0,-0.0292508656392455,113.01000213623048,113.79000091552734,111.91999816894533,112.25,112.25,0.0,3.818000078201294,3.825999975204468,3.720999956130981,3.746999979019165,3.746999979019165,0.0,31.670000076293945,33.459999084472656,31.15999984741211,31.84000015258789,31.84000015258789,0.0,-0.029250865639245532,0.026861466162502297,-0.02882719998093064,280.89000244140624,289.52200164794925,305.15079772949224,324.6509494018554,282.4272990114581,291.1309443161623,-8.703645304704196,-7.243607324313084,31.344790386030898,11.249295760970714,9.732040854298681,-6.605980962944364,-92.82670577695575,7.432291595485396,267.5599205304841,311.4840827654144,15.171269190222345,0.2944658243196611,0.019696889489955818,0.00040086796175861335,-0.012384112982846706,-0.016793824500086568,0.0004341221763100163,0.43388373911755823,-0.900968867902419,-0.8660254037844384,-0.5000000000000004
2022-09-30,271.0299987792969,275.19000244140625,267.1000061035156,267.260009765625,261.5698547363281,78482400.0,-0.0171022384111728,111.75,112.66999816894533,111.58000183105467,112.12000274658205,112.12000274658205,0.0,3.71399998664856,3.803999900817871,3.686000108718872,3.803999900817871,3.803999900817871,0.0,31.61000061035156,33.25,29.38999938964844,31.6200008392334,31.6200008392334,0.0,-0.017102238411172848,0.029849080818829987,-0.016956825275287746,278.68400268554683,288.1265014648438,304.45619812011716,324.00264938354496,280.0938698967145,289.3627269420484,-9.268857045333903,-7.648657268517248,28.826105892836882,9.298424089671958,10.470461518054247,-7.624774298402669,-99.55455529444549,7.479270505657198,264.2151317245053,312.0378712051823,16.59782742564282,0.2958679875981541,-0.029250865639245532,0.019696889489955818,-0.01641589749576344,-0.0061335288435417365,-0.014229095526968003,-0.433883739117558,-0.9009688679024191,-0.8660254037844384,-0.5000000000000004
2022-10-03,269.07000732421875,275.1600036621094,267.5299987792969,273.5299987792969,267.7063293457031,61267400.0,0.0231892149201818,112.16999816894533,112.54000091552734,111.47000122070312,111.75,111.75,0.0,3.711999893188477,3.711999893188477,3.568000078201294,3.651000022888184,3.651000022888184,0.0,33.0,33.060001373291016,29.6299991607666,30.100000381469727,30.100000381469727,0.0,0.02318921492018182,0.02835695051518189,0.02346017516261867,276.93200378417964,287.0445007324219,303.9213983154296,323.35289932250976,279.084043570958,288.18993226332606,-9.105888692368069,-7.940103553287413,36.32086180669962,9.7247350459191,10.090818298853923,-6.019580741619645,-78.44453379084145,7.509322176430568,262.52442546955314,311.5645759952907,17.084511426140143,0.3119505675418934,-0.017102238411172848,-0.029250865639245532,-0.004146344001435329,0.007756967527962564,0.0,0.0,1.0,-1.0,-1.8369701987210297e-16
2022-10-04,278.989990234375,282.8500061035156,278.989990234375,282.1300048828125,276.1232604980469,66696900.0,0.030956768355342,111.58999633789062,111.88999938964844,110.05999755859376,110.06999969482422,110.06999969482422,0.0,3.5929999351501465,3.658999919891357,3.563999891281128,3.617000102996826,3.617000102996826,0.0,29.520000457763672,29.6200008392334,28.559999465942383,29.06999969482422,29.06999969482422,0.0,0.030956768355342074,0.013835678713411502,0.03144091203564536,276.2720031738281,286.49850158691413,303.6765985107422,322.75549942016596,279.552653003551,287.7410487536584,-8.188395750107418,-7.989761992651414,44.89250523767554,24.357085289388046,14.460081474993032,-2.2858746414927222,-48.929655046548916,7.63865682984401,262.0552869432891,310.94171623053916,17.06341534649162,0.33486071229224057,0.02318921492018182,-0.017102238411172848,0.00040086796175861335,-0.008002950358564721,-0.007208201964468656,0.7818314824680298,0.6234898018587336,-1.0,-1.8369701987210297e-16
2022-10-05,278.2799987792969,283.8099975585937,275.4200134277344,281.9800109863281,275.9764404296875,55766300.0,-0.0005318607185392,110.2300033569336,111.73999786376952,110.08999633789062,111.06999969482422,111.06999969482422,0.0,3.703000068664551,3.7890000343322754,3.697000026702881,3.759000062942505,3.759000062942505,0.0,29.36000061035156,30.11000061035156,28.5,28.549999237060547,28.549999237060547,0.0,-0.0005318607185392697,0.03014943282903128,-0.0005317193056990632,276.11400451660154,285.64900207519537,303.1799987792969,322.15764953613274,279.926092693209,287.31430521533764,-7.38821252212864,-7.8694520985468595,44.77929032470629,42.68160372124874,25.58780801885196,-0.5571965671706165,-44.580999998863405,7.692323065630818,261.85855069200056,309.4394534583902,16.65712199962954,0.32490808219801337,0.030956768355342074,0.02318921492018182,0.019696889489955818,-0.018068180605660216,0.020000217110296786,0.9749279121818236,-0.22252093395631434,-1.0,-1.8369701987210297e-16
2022-10-06,280.9599914550781,284.17999267578125,279.42999267578125,279.760009765625,273.8036804199219,53489400.0,-0.0079041465465297,111.0199966430664,112.30999755859376,110.77999877929688,112.26000213623048,112.26000213623048,0.0,3.763000011444092,3.8440001010894775,3.740999937057495,3.825999975204468,3.825999975204468,0.0,28.600000381469727,30.739999771118164,28.559999465942383,30.520000457763672,30.520000457763672,0.0,-0.00790414654652974,0.01690632169868735,-0.00787299092046656,276.08300476074214,284.611003112793,302.57899902343746,321.55469955444335,279.9005414735807,286.75472777461823,-6.854186301037544,-7.6663989390449965,43.0488537088341,51.2133952880909,39.417361432909225,-0.11068573945330965,-52.849159090314956,7.482157132371475,261.75946103973035,307.4625451858557,16.05808758139014,0.32394816194940473,-0.0005318607185392697,0.030956768355342074,-0.029250865639245532,-0.012384112982846706,0.005170879540191551,0.43388373911755823,-0.900968867902419,-1.0,-1.8369701987210297e-16
2022-10-07,275.0199890136719,275.1499938964844,267.739990234375,269.1000061035156,263.3706359863281,71354700.0,-0.038849052360153,112.25,112.87999725341795,111.9499969482422,112.8000030517578,112.8000030517578,0.0,3.8329999446868896,3.910000085830689,3.8329999446868896,3.882999897003174,3.882999897003174,0.0,30.3700008392334,32.02000045776367,29.8799991607666,31.36000061035156,31.36000061035156,0.0,-0.03884905236015305,0.026943509410659625,-0.038104105896578866,275.44200439453124,282.71150360107424,301.6517993164063,320.9109495544434,278.2389206474168,285.4469706137958,-7.208049966379008,-7.5747291445117995,35.87903647317574,36.67287626308836,43.52262509080933,-2.3265955627392025,-92.55121212155655,7.806290160862798,261.4683471515365,303.954660050612,15.028151439860295,0.33276659317483426,-0.00790414654652974,-0.0005318607185392697,-0.017102238411172848,-0.01641589749576344,0.021626539530758927,-0.433883739117558,-0.9009688679024191,-1.0,-1.8369701987210297e-16
2022-10-10,269.29998779296875,269.70001220703125,263.6400146484375,266.4100036621094,260.7379455566406,60393000.0,-0.0100464394810235,112.75,113.33000183105467,112.62000274658205,113.13999938964844,113.13999938964844,0.0,3.888000011444092,3.888000011444092,3.888000011444092,3.888000011444092,3.888000011444092,0.0,32.93000030517578,33.9900016784668,32.04999923706055,32.45000076293945,32.45000076293945,0.0,-0.01004643948102356,0.022502776952416828,-0.009996142583731937,274.64600524902346,280.49500427246096,300.6745996093751,320.23459960937504,276.4190872650618,284.0368249136709,-7.617737648609079,-7.583330845331256,34.32542499781292,21.2461637770487,36.37747844274265,-2.901188758515046,-90.86113745698239,7.681554974986438,262.57456015469893,298.415448390223,12.77772783457838,0.3257706665920747,-0.03884905236015305,-0.00790414654652974,0.02318921492018182,-0.004146344001435329,0.011815709696931274,0.0,1.0,-1.0,-1.8369701987210297e-16
2022-10-11,264.70001220703125,267.6300048828125,261.0299987792969,262.75,257.1558837890625,66522500.0,-0.0138334101985072,113.08000183105467,113.5,112.41000366210938,113.22000122070312,113.22000122070312,0.0,3.900000095367432,3.9700000286102295,3.869999885559082,3.938999891281128,3.938999891281128,0.0,33.560001373291016,34.43000030517578,32.45000076293945,33.630001068115234,33.630001068115234,0.0,-0.013833410198507232,0.024933909328094504,-0.013738168259057604,273.47300415039064,278.9475036621094,299.6429998779297,319.56599960327156,274.3161507627446,282.4600230682138,-8.143872305469188,-7.695439137358843,32.27749547485815,8.005821089634484,21.974953709923845,-4.2735392439606095,-92.57018715255761,7.6043014841670935,260.49104687241737,297.4039604518014,13.232924867503694,0.2717820149355683,-0.01004643948102356,-0.03884905236015305,0.030956768355342074,0.00040086796175861335,-0.05639735989508197,0.7818314824680298,0.6234898018587336,-1.0,-1.8369701987210297e-16
2022-10-12,263.3999938964844,265.3599853515625,261.95001220703125,262.6600036621094,257.0677795410156,50580200.0,-0.0003426689792469,113.30999755859376,113.58999633789062,113.0500030517578,113.31999969482422,113.31999969482422,0.0,3.953000068664551,3.9779999256134033,3.884000062942505,3.901999950408936,3.901999950408936,0.0,33.540000915527344,34.529998779296875,33.11000061035156,33.56999969482422,33.56999969482422,0.0,-0.00034266897924696695,0.012945987940574373,-0.0003426102749378712,271.74500427246096,277.27900390625007,298.43839965820314,318.9578495788575,272.52289736264686,280.9933549640579,-8.470457601411056,-7.850442830169286,32.2265809943169,7.8699116853220525,12.37396551733508,-6.172750813958331,-92.95894033449383,7.304706602764534,259.297510642596,295.2604971699041,12.969963834502025,0.26794747141964115,-0.013833410198507232,-0.01004643948102356,-0.0005318607185392697,0.019696889489955818,0.007901658784284426,0.9749279121818236,-0.22252093395631434,-1.0,-1.8369701987210297e-16
2022-10-13,255.16000366210932,270.1700134277344,254.259994506836,268.82000732421875,263.0965576171875,112894100.0,0.0231813202812484,113.23999786376952,113.91999816894533,112.1500015258789,112.36000061035156,112.36000061035156,0.0,3.859999895095825,4.079999923706055,3.8440001010894775,3.95199990272522,3.95199990272522,0.0,33.599998474121094,33.869998931884766,31.6299991607666,31.940000534057617,31.940000534057617,0.0,0.023181320281248422,0.06235310664898294,0.023452095345966706,271.44000549316405,276.16500396728514,297.3267999267578,318.3818496704103,271.9532219721195,280.09162550925504,-8.13840353713556,-7.908034971562541,39.286031903217875,21.044673311392412,12.306802028782982,-1.121855242486055,-51.33685257877131,7.919371768345522,259.0489814392001,293.2810264953702,12.39550434139197,0.283493763143609,-0.00034266897924696695,-0.013833410198507232,-0.00790414654652974,-0.029250865639245532,-0.016793824500086568,0.43388373911755823,-0.900968867902419,-1.0,-1.8369701987210297e-16
2022-10-14,271.20001220703125,271.8099975585937,260.1400146484375,260.739990234375,255.1886749267578,77244300.0,-0.0305179307878099,112.47000122070312,113.41999816894533,112.16000366210938,113.30999755859376,113.30999755859376,0.0,3.88700008392334,4.031000137329102,3.8510000705718994,4.010000228881836,4.010000228881836,0.0,31.88999938964844,32.97999954223633,31.13999938964844,32.02000045776367,32.02000045776367,0.0,-0.030517930787809948,0.04303090849880733,-0.030056959931554328,270.7880035400391,274.73600311279296,296.1065997314453,317.7862496948244,270.2281093970819,278.65817104444915,-8.430061647367268,-8.012440306723487,34.24697020890235,25.78731604774417,18.233967014819545,-2.439579171222722,-78.34225894350234,8.187272564189142,257.4727921800748,291.9992140455111,12.567126795996035,0.2988492603608285,0.023181320281248422,-0.00034266897924696695,-0.03884905236015305,-0.017102238411172848,-0.0061335288435417365,-0.433883739117558,-0.9009688679024191,-1.0,-1.8369701987210297e-16
2022-10-17,266.8399963378906,270.239990234375,266.739990234375,269.3500061035156,263.6153564453125,64576500.0,0.0324878843128764,113.22000122070312,113.22000122070312,111.91999816894533,112.04000091552734,112.04000091552734,0.0,3.938999891281128,4.014999866485596,3.910000085830689,4.014999866485596,4.014999866485596,0.0,32.27000045776367,32.59000015258789,30.700000762939453,31.3700008392334,31.3700008392334,0.0,0.032487884312876435,0.013116474471720747,0.03302137730435439,270.37000427246096,273.65100402832036,295.0794000244141,317.23244979858407,270.0930165826871,277.96867734512074,-7.875660762433654,-7.985084397865521,42.68356239363996,40.25180743393413,29.027932264356902,-1.5281660857805803,-49.565466175923945,8.281038809604203,258.05811730335614,289.2438907532846,11.396184552898989,0.3247440857800163,-0.030517930787809948,0.023181320281248422,-0.01004643948102356,0.02318921492018182,0.007756967527962564,0.0,1.0,-1.0,-1.8369701987210297e-16
2022-10-18,276.5299987792969,277.2099914550781,268.739990234375,271.4800109863281,265.70001220703125,69781000.0,0.0078768411561118,112.06999969482422,112.45999908447266,111.7699966430664,112.12999725341795,112.12999725341795,0.0,3.983999967575073,4.066999912261963,3.964999914169312,3.997999906539917,3.997999906539917,0.0,31.100000381469727,31.93000030517578,30.420000076293945,30.5,30.5,0.0,0.007876841156111865,0.030629592659359797,0.007907945082672896,269.3050048828125,272.78850402832035,294.16740051269534,316.6607498168946,270.3064003370934,277.4880353926176,-7.181635055524168,-7.82439452939725,44.57806118335242,43.21526980570021,36.41813109579283,-3.774853334337137,-42.44646546347308,8.294536124682697,258.89140332401143,286.68560473262926,10.188919620209614,0.32695084362834165,0.032487884312876435,-0.030517930787809948,-0.013833410198507232,0.030956768355342074,-0.008002950358564721,0.7818314824680298,0.6234898018587336,-1.0,-1.8369701987210297e-16
2022-10-19,269.92999267578125,273.67999267578125,268.07000732421875,270.489990234375,264.7311096191406,53115400.0,-0.0036532685418824,111.91999816894533,113.0999984741211,111.91999816894533,112.9800033569336,112.9800033569336,0.0,4.093999862670898,4.136000156402588,4.066999912261963,4.126999855041504,4.126999855041504,0.0,30.940000534057617,31.89999961853028,30.76000022888184,30.76000022888184,30.76000022888184,0.0,-0.0036532685418824823,0.020783112302384176,-0.003646603475259358,268.1560028076172,272.13500366210945,293.0586004638672,316.0764497375489,270.3346449366752,276.9696616771922,-6.635016740517017,-7.586518971621204,43.85252655562844,54.077569935695735,45.84821572511002,-4.07476427558201,-45.755358553515755,8.102782498031255,259.17286018969423,285.0971471345247,9.526259612313149,0.32215519599370324,0.007876841156111865,0.032487884312876435,-0.00034266897924696695,-0.0005318607185392697,-0.018068180605660216,0.9749279121818236,-0.22252093395631434,-1.0,-1.8369701987210297e-16
2022-10-20,269.5799865722656,274.8399963378906,267.9200134277344,269.1099853515625,263.3804016113281,60605500.0,-0.0051152490497977,112.98999786376952,113.08999633789062,112.16999816894533,112.87999725341795,112.87999725341795,0.0,4.123000144958496,4.228000164031982,4.10099983215332,4.22599983215332,4.22599983215332,0.0,31.299999237060547,31.31999969482422,29.76000022888184,29.979999542236328,29.979999542236328,0.0,-0.005115249049797714,0.025669497940646376,-0.005102188442286604,267.09100036621095,271.5870025634766,291.9592004394531,315.5336996459962,270.1462357697348,276.38746343084927,-6.241227661114465,-7.317460709519857,42.806676349134236,53.81016712080937,50.367668954068435,-3.806843023413099,-50.367674620583045,8.01829681318304,259.12010428948406,284.0539008374691,9.1807768091396,0.32018242643999817,-0.0036532685418824823,0.007876841156111865,0.023181320281248422,-0.00790414654652974,-0.012384112982846706,0.43388373911755823,-0.900968867902419,-1.0,-1.8369701987210297e-16
2022-10-21,267.9800109863281,275.9700012207031,266.82000732421875,275.4200134277344,269.5560913085937,77897700.0,0.0231771185909902,112.94000244140624,113.94000244140624,111.6999969482422,112.01000213623048,112.01000213623048,0.0,4.330999851226807,4.333000183105469,4.199999809265137,4.2129998207092285,4.2129998207092285,0.0,30.209999084472656,30.440000534057617,29.239999771118164,29.690000534057617,29.690000534057617,0.0,0.02317711859099029,0.03414431495396569,0.02344779512630213,267.72300109863284,271.582502746582,290.8598004150391,315.0107496643067,270.95758617865783,276.31580046765555,-5.358214288997715,-6.925611425415429,48.81747184392009,58.1996531753191,55.36246341060806,2.3485719735686708,-29.27800729994391,8.099132319133135,259.1215029004327,284.04350259273133,9.176585177710715,0.3272980531341745,-0.005115249049797714,-0.0036532685418824823,-0.030517930787809948,-0.03884905236015305,-0.01641589749576344,-0.433883739117558,-0.9009688679024191,-1.0,-1.8369701987210297e-16
2022-10-24,275.69000244140625,279.3999938964844,271.9700012207031,278.45001220703125,272.5216064453125,63963600.0,0.010941400959618,111.87999725341795,112.52999877929688,111.47000122070312,111.98999786376952,111.98999786376952,0.0,4.191999912261963,4.290999889373779,4.171000003814697,4.234000205993652,4.234000205993652,0.0,30.64999961853028,30.950000762939453,29.780000686645508,29.850000381469727,29.850000381469727,0.0,0.010941400959618009,0.02695053360652925,0.01100147699249665,268.927001953125,271.78650360107423,289.7676007080078,314.5029496765137,272.1102671060999,276.4738902261278,-4.36362312002791,-6.413213764337926,51.45574813480948,67.06777088899615,59.69253039504154,4.519353019563163,-19.1510054124846,8.051336630322286,259.0039192150083,284.56908798714016,9.406342269907631,0.32914944315970796,0.02317711859099029,-0.005115249049797714,0.032487884312876435,-0.01004643948102356,-0.004146344001435329,0.0,1.0,-1.0,-1.8369701987210297e-16
2022-10-25,279.4100036621094,284.6000061035156,277.8999938964844,284.2099914550781,278.1589660644531,59014500.0,0.0204748699717893,111.81999969482422,112.12999725341795,110.76000213623048,110.9499969482422,110.9499969482422,0.0,4.163000106811523,4.171000003814697,4.052000045776367,4.107999801635742,4.107999801635742,0.0,29.799999237060547,30.0,28.21999931335449,28.459999084472656,28.459999084472656,0.0,0.020474869971789354,0.0239791421896747,0.020685918054984986,271.0730010986328,272.2730026245118,288.80620056152344,314.07124969482425,273.9717631597889,277.04693476160566,-3.0751716018167485,-5.745605331833691,56.089473920111544,83.4285025749117,69.5653088797423,8.167456310210515,-1.2854795628363669,7.954813457230069,258.36747063585534,286.1785346131682,10.214403818680015,0.33650731261895644,0.010941400959618009,0.02317711859099029,0.007876841156111865,-0.013833410198507232,0.00040086796175861335,0.7818314824680298,0.6234898018587336,-1.0,-1.8369701987210297e-16
2022-10-26,278.4599914550781,283.9800109863281,277.42999267578125,277.92999267578125,272.0126037597656,63492400.0,-0.0223443680648594,110.95999908447266,111.13999938964844,109.62999725341795,109.6999969482422,109.6999969482422,0.0,4.059000015258789,4.081999778747559,3.996999979019165,4.014999866485596,4.014999866485596,0.0,28.440000534057617,28.520000457763672,27.270000457763672,27.280000686645508,27.280000686645508,0.0,-0.022344368064859458,0.02352229588286668,-0.022096581647716218,272.6,272.1725021362305,287.79500061035156,313.6284996032715,274.58072154686465,277.11234645895195,-2.5316249120872953,-5.102809247884411,50.43668960394218,85.85976662293149,78.78534669561311,5.813595066158404,-21.984215155884556,7.870898123091983,258.4727534812111,285.8722507912499,10.066960142918667,0.3398289335383674,0.020474869971789354,0.010941400959618009,-0.0036532685418824823,-0.00034266897924696695,0.019696889489955818,0.9749279121818236,-0.22252093395631434,-1.0,-1.8369701987210297e-16
2022-10-27,276.7900085449219,278.2799987792969,272.3399963378906,272.8699951171875,267.0604553222656,57760300.0,-0.0183733453764662,109.62000274658205,110.62000274658205,109.54000091552734,110.58999633789062,110.58999633789062,0.0,4.060999870300293,4.066999912261963,3.91100001335144,3.937000036239624,3.937000036239624,0.0,27.51000022888184,27.670000076293945,26.940000534057617,27.38999938964844,27.38999938964844,0.0,-0.018373345376466257,0.021460321030490566,-0.018205584480466275,273.0049987792969,272.2225021362305,286.6668005371094,313.1842495727539,274.3175328653759,276.79809821141384,-2.480565346037963,-4.578360467515122,46.38072623187568,79.35615042793154,82.88147320859157,1.5065797495065671,-38.66185399748443,7.732977002971574,258.5201030092795,285.9249012631815,10.067058394822759,0.32960346406283847,-0.022344368064859458,0.020474869971789354,-0.005115249049797714,0.023181320281248422,-0.029250865639245532,0.43388373911755823,-0.900968867902419,-1.0,-1.8369701987210297e-16
2022-10-28,272.2300109863281,281.70001220703125,272.0599975585937,281.2200012207031,275.23260498046875,62651300.0,0.0301415192431862,110.5,111.04000091552734,110.29000091552734,110.66999816894533,110.66999816894533,0.0,3.99399995803833,4.047999858856201,3.950000047683716,4.010000228881836,4.010000228881836,0.0,27.43000030517578,27.59000015258789,25.75,25.75,25.75,0.0,0.030141519243186272,0.035411285528404494,0.03060037341860178,275.0529998779297,272.9205017089844,285.83400085449216,312.8318995666504,275.37945107388776,277.1256465824723,-1.7461955085845489,-4.011927475729007,53.08538630456045,76.07117010324569,80.42902905136957,7.854572276358134,-11.140420536893936,7.869193977647716,258.8647902653394,286.9762131526293,10.300223952125505,0.33926195210225674,-0.018373345376466257,-0.022344368064859458,0.02317711859099029,-0.030517930787809948,-0.017102238411172848,-0.433883739117558,-0.9009688679024191,-1.0,-1.8369701987210297e-16
2022-10-31,278.9200134277344,279.760009765625,275.989990234375,277.95001220703125,272.0322570800781,47742000.0,-0.0116959249705877,110.66999816894533,111.66999816894533,110.66999816894533,111.52999877929688,111.52999877929688,0.0,4.031000137329102,4.083000183105469,4.031000137329102,4.077000141143799,4.077000141143799,0.0,26.90999984741211,27.06999969482422,25.84000015258789,25.8799991607666,25.8799991607666,0.0,-0.011695924970587728,0.013516489852840114,-0.01162779351893184,275.9130004882813,273.14150238037115,285.1058013916015,312.4551496887207,275.77492201744826,277.18671070281,-1.4117886853617279,-3.4918997176555515,50.42615639487624,76.09316474573971,77.17349509230564,3.1928739219001545,-21.918231228402497,7.680680906839174,258.90757679745855,287.37542796328376,10.42238214175943,0.33366092115015655,0.030141519243186272,-0.018373345376466257,0.010941400959618009,0.032487884312876435,0.02318921492018182,0.0,1.0,-1.0,-1.8369701987210297e-16
2022-11-01,281.5,282.07000732421875,274.739990234375,275.1099853515625,269.252685546875,45895900.0,-0.0102703613079592,111.5199966430664,111.77999877929688,110.72000122070312,111.4800033569336,111.4800033569336,0.0,3.937000036239624,4.078999996185303,3.920000076293945,4.052000045776367,4.052000045776367,0.0,25.959999084472656,26.350000381469727,25.65999984741211,25.809999465942383,25.809999465942383,0.0,-0.01027036130795921,0.026039137086478686,-0.010217801238126323,276.2759979248047,272.7905014038086,284.3260009765625,312.1051496887207,275.67262406885044,277.03287919531016,-1.3602551264597196,-3.065570799416385,48.16925953785725,78.55415065894235,76.90616183597592,1.3371055762249775,-31.27889625787651,7.655633491339501,259.1562585812604,286.42474422635684,9.996127249581626,0.3158601208595722,-0.011695924970587728,0.030141519243186272,0.020474869971789354,0.007876841156111865,0.030956768355342074,0.7818314824680298,0.6234898018587336,-0.8660254037844386,0.5000000000000001
2022-11-02,275.0799865722656,278.2099914550781,265.6099853515625,265.67999267578125,260.0235290527344,79803100.0,-0.0348781668850577,111.54000091552734,112.1500015258789,110.43000030517578,111.3499984741211,111.3499984741211,0.0,4.044000148773193,4.078000068664551,3.9760000705718994,4.059000015258789,4.059000015258789,0.0,26.040000915527344,26.6200008392334,25.38999938964844,25.86000061035156,25.86000061035156,0.0,-0.034878166885057744,0.0458048811930035,-0.03427693386008546,275.7949981689453,271.9755004882812,283.3394006347656,311.7106996154785,274.13529616222445,276.191924638308,-2.0566284760835742,-2.8637823347498235,41.523780084085566,56.48400460554829,70.37710667007678,-1.7782534408855457,-77.35085869707612,8.008802963637796,258.71044976690825,285.2405512096542,9.754592378767978,0.3375917382213638,-0.01027036130795921,-0.011695924970587728,-0.022344368064859458,-0.0036532685418824823,-0.0005318607185392697,0.9749279121818236,-0.22252093395631434,-0.8660254037844386,0.5000000000000001
2022-11-03,263.010009765625,264.5,260.1000061035156,260.489990234375,254.94400024414065,70038900.0,-0.01972820912207,112.16999816894533,113.1500015258789,111.81999969482422,112.93000030517578,112.93000030517578,0.0,4.183000087738037,4.2230000495910645,4.111000061035156,4.124000072479248,4.124000072479248,0.0,25.979999542236328,26.8700008392334,25.100000381469727,25.299999237060547,25.299999237060547,0.0,-0.01972820912207001,0.016729378096313988,-0.019534881428224793,274.9329986572266,271.0119995117188,282.13760070800777,311.30764953613277,272.0360183271707,275.02881838616486,-2.992800058994135,-2.8895858795986857,38.385014056849116,30.98733900257956,55.341831422356734,-3.2031494877183495,-98.40822803730867,7.835316078539784,257.3347487952953,284.68925022814227,10.09346504292484,0.34245453562753886,-0.034878166885057744,-0.01027036130795921,-0.018373345376466257,-0.005115249049797714,-0.00790414654652974,0.43388373911755823,-0.900968867902419,-0.8660254037844386,0.5000000000000001
2022-11-04,265.5299987792969,266.6099853515625,259.0799865722656,264.67999267578125,259.0447998046875,78313200.0,0.0159571048048589,112.97000122070312,112.98999786376952,110.72000122070312,110.87999725341795,110.87999725341795,0.0,4.164999961853027,4.209000110626221,4.104000091552734,4.156000137329102,4.156000137329102,0.0,25.6299991607666,25.709999084472656,24.0,24.549999237060547,24.549999237060547,0.0,0.015957104804858922,0.028358373117591346,0.01608509930266977,273.8589965820313,270.790998840332,281.28240051269535,310.8720495605469,270.9043220731108,274.26223870391425,-3.3579166308034587,-2.9832520298396403,42.18460591627084,15.394831351939654,34.28872498668917,-3.8995062916047414,-78.05641920979622,7.813507700022433,256.8434964806238,284.7385012000402,10.301304267452519,0.32222767034246097,-0.01972820912207001,-0.034878166885057744,0.030141519243186272,0.02317711859099029,-0.03884905236015305,-0.433883739117558,-0.9009688679024191,-0.8660254037844386,0.5000000000000001
2022-11-07,265.75,268.1400146484375,263.57000732421875,267.5899963378906,261.892822265625,47333800.0,0.0109343257844807,110.79000091552734,111.2699966430664,110.0500030517578,110.12000274658205,110.12000274658205,0.0,4.142000198364258,4.2179999351501465,4.142000198364258,4.214000225067139,4.214000225067139,0.0,25.670000076293945,25.670000076293945,24.34000015258789,24.350000381469727,24.350000381469727,0.0,0.010934325784480716,0.017196640918979305,0.010994324005287215,272.77299499511724,270.84999847412104,280.5460003662109,310.39474960327146,270.39442580615383,273.76799852865327,-3.373572722499432,-3.0613161683715986,44.73363863530734,18.960586827577806,21.780919060699006,-3.900167137024961,-66.65359227016168,7.581829101750742,256.9707099743448,284.7292869738973,10.248690107415573,0.322872545148308,0.015957104804858922,-0.01972820912207001,-0.011695924970587728,0.010941400959618009,-0.01004643948102356,0.0,1.0,-0.8660254037844386,0.5000000000000001
2022-11-08,269.1400146484375,272.8500061035156,265.5199890136719,269.5400085449219,263.8013000488281,63213800.0,0.0072608236869855,110.05999755859376,110.61000061035156,109.37000274658205,109.62000274658205,109.62000274658205,0.0,4.197000026702881,4.203000068664551,4.120999813079834,4.125999927520752,4.125999927520752,0.0,24.709999084472656,26.15999984741211,24.239999771118164,25.540000915527344,25.540000915527344,0.0,0.007260823686985501,0.027234958352137045,0.007287247381172701,271.3059967041016,271.1894989013672,279.9164007568359,309.91484970092773,270.2629769967335,273.4548140854139,-3.1918370886803586,-3.087420352433351,46.43783076399519,32.0925013552728,22.149306511596755,-5.161670367410348,-59.01248445422367,7.563842529471672,257.8217019997244,284.55729580301,9.858639037129333,0.3193573197609258,0.010934325784480716,0.015957104804858922,-0.01027036130795921,0.020474869971789354,-0.013833410198507232,0.7818314824680298,0.6234898018587336,-0.8660254037844386,0.5000000000000001
2022-11-09,267.760009765625,268.5599975585937,263.0299987792969,263.32000732421875,257.71368408203125,64862100.0,-0.0233469513606014,109.6500015258789,110.63999938964844,109.4499969482422,110.5500030517578,110.5500030517578,0.0,4.151000022888184,4.173999786376953,4.0970001220703125,4.151000022888184,4.151000022888184,0.0,25.34000015258789,26.350000381469727,25.020000457763672,26.09000015258789,26.09000015258789,0.0,-0.023346951360601463,0.020652818111775998,-0.023076519962828446,269.8449981689454,271.2224990844727,279.1974011230469,309.3889997863769,269.1948278163467,272.7040876586587,-3.5092598423120194,-3.171788250409085,41.99006365491188,30.316137313052074,27.12307516530089,-5.256714185793454,-83.38551133645844,7.488568760625482,257.94037576086646,284.50462240807894,9.794263653229965,0.33112615508595455,0.007260823686985501,0.010934325784480716,-0.034878166885057744,-0.022344368064859458,-0.00034266897924696695,0.9749279121818236,-0.22252093395631434,-0.8660254037844386,0.5000000000000001
2022-11-10,276.010009765625,283.04998779296875,273.8500061035156,282.75,276.73004150390625,99256700.0,0.0711932344964632,110.3000030517578,110.98999786376952,107.70999908447266,108.20999908447266,108.20999908447266,0.0,4.074999809265137,4.090000152587891,3.8239998817443848,3.828999996185303,3.828999996185303,0.0,26.51000022888184,26.59000015258789,22.84000015258789,23.530000686645508,23.530000686645508,0.0,0.07119323449646325,0.03333205812812849,0.07378869884077255,270.8329986572266,271.9189987182617,278.86440124511716,309.0349998474121,271.2802389215241,273.4482293135729,-2.1679903920488073,-2.9710286787370297,56.12648287579339,50.117589846615004,37.508742838313296,3.6207736503126355,-7.249234669472882,8.362955311205804,257.7368796885328,286.10111774799066,10.431135078151113,0.4099424264412916,-0.023346951360601463,0.007260823686985501,-0.01972820912207001,-0.018373345376466257,0.023181320281248422,0.43388373911755823,-0.900968867902419,-0.8660254037844386,0.5000000000000001
2022-11-11,282.5599975585937,288.6400146484375,281.19000244140625,287.9599914550781,281.8291320800781,66961800.0,0.0182585211202533,108.23999786376952,108.44000244140624,106.27999877929688,106.29000091552734,106.29000091552734,0.0,3.812999963760376,3.812999963760376,3.812999963760376,3.812999963760376,3.812999963760376,0.0,23.88999938964844,23.90999984741211,22.3700008392334,22.520000457763672,22.520000457763672,0.0,0.018258521120253376,0.02636612496956991,0.018426227049512134,271.5069976806641,273.2799987792969,278.72020080566404,308.68474975585934,273.846354695917,274.5231746573881,-0.6768199614710966,-2.512186935283843,59.01087767345315,69.0215905877026,49.81843924912322,2.3966966094582354,-2.300482230960854,8.29774508947905,258.40737348596156,288.1526240726322,10.88453261107233,0.39405036777564484,0.07119323449646325,-0.023346951360601463,0.015957104804858922,0.030141519243186272,-0.030517930787809948,-0.433883739117558,-0.9009688679024191,-0.8660254037844386,0.5000000000000001
2022-11-14,285.8599853515625,289.2099914550781,284.44000244140625,285.44000244140625,279.36279296875,55290700.0,-0.0087897023463892,106.4800033569336,107.2699966430664,106.4800033569336,106.66000366210938,106.66000366210938,0.0,3.884000062942505,3.901000022888184,3.8540000915527344,3.865000009536743,3.865000009536743,0.0,23.989999771118164,24.32999992370605,22.86000061035156,23.729999542236328,23.729999542236328,0.0,-0.008789702346389216,0.016686452312678686,-0.008751185844859122,272.25599670410156,274.08449859619145,278.5256005859376,308.3362997436524,275.6299928106077,275.33182856731537,0.2981642432923195,-1.9501166995686108,57.056955911687574,92.64595850778277,70.59504631403345,2.6947256360600824,-12.512407576217965,8.045762512635681,258.38902410713456,289.77997308524834,11.453018736518205,0.3828942087230779,0.018258521120253376,0.07119323449646325,0.010934325784480716,-0.011695924970587728,0.032487884312876435,0.0,1.0,-0.8660254037844386,0.5000000000000001
2022-11-15,292.2099914550781,293.260009765625,285.9700012207031,289.3900146484375,283.22869873046875,73985400.0,0.0137434236687552,107.0,107.0999984741211,105.33999633789062,106.4000015258789,106.4000015258789,0.0,3.815999984741211,3.8440001010894775,3.759999990463257,3.799000024795532,3.799000024795532,0.0,23.770000457763672,26.21999931335449,23.18000030517578,24.540000915527344,24.540000915527344,0.0,0.013743423668755209,0.02494784147735954,0.013838298653289893,273.683999633789,274.97999877929686,278.4524011230469,307.9876498413086,277.7469192471969,276.3731756844355,1.3737435627613763,-1.2853446471026135,59.33012829917239,91.28824046495134,84.31859652014556,5.190661937852448,-11.322388797967164,8.029637142034472,257.92535180224786,292.03464575634587,12.404281804319393,0.38446841158620765,-0.008789702346389216,0.018258521120253376,0.007260823686985501,-0.01027036130795921,0.007876841156111865,0.7818314824680298,0.6234898018587336,-0.8660254037844386,0.5000000000000001
2022-11-16,287.3900146484375,289.4800109863281,284.6000061035156,285.44000244140625,279.36279296875,48859800.0,-0.0137434236687552,106.58000183105467,106.77999877929688,105.86000061035156,106.27999877929688,106.27999877929688,0.0,3.767999887466431,3.796999931335449,3.691999912261963,3.691999912261963,3.691999912261963,0.0,24.290000915527344,24.71999931335449,23.989999771118164,24.11000061035156,24.11000061035156,0.0,-0.013743423668755217,0.01698042602065413,-0.01364941398610775,275.6600006103516,275.7274993896485,278.181801147461,307.581199798584,278.9304705078445,277.0447924812482,1.885678026596338,-0.6511401123628233,56.13033543154229,84.4287737287558,89.45432423382996,7.437522700378437,-22.878882439547464,7.804663409232903,258.197578932812,293.25741984648494,12.715395088005925,0.3884991314747259,0.013743423668755209,-0.008789702346389216,-0.023346951360601463,-0.034878166885057744,-0.0036532685418824823,0.9749279121818236,-0.22252093395631434,-0.8660254037844386,0.5000000000000001
2022-11-17,280.8800048828125,286.32000732421875,280.7200012207031,284.8099975585937,278.74615478515625,55462100.0,-0.0022097421551605,106.2699966430664,107.23999786376952,106.0999984741211,106.69000244140624,106.69000244140624,0.0,3.76200008392334,3.802999973297119,3.743000030517578,3.775000095367432,3.775000095367432,0.0,24.049999237060547,25.18000030517578,23.809999465942383,23.93000030517578,23.93000030517578,0.0,-0.0022097421551605374,0.019937361172619013,-0.0022073024723185952,278.0920013427734,276.5125,277.8676013183594,307.21309982299806,279.8350131310367,277.6199928573478,2.2150202736888787,-0.07790803515248296,55.615142619829,80.35888338001436,85.35863252457384,9.33625407346242,-24.722078622442268,7.647187887395956,258.8249082143265,294.20009178567346,12.793339748238127,0.38786129957060417,-0.013743423668755217,0.013743423668755209,0.07119323449646325,-0.01972820912207001,-0.005115249049797714,0.43388373911755823,-0.900968867902419,-0.8660254037844386,0.5000000000000001
2022-11-18,287.8900146484375,287.989990234375,282.32000732421875,284.82000732421875,278.7560119628906,53588600.0,3.5361935157778664e-05,106.69000244140624,107.04000091552734,106.33999633789062,106.93000030517578,106.93000030517578,0.0,3.805000066757202,3.82699990272522,3.76200008392334,3.818000078201294,3.818000078201294,0.0,24.030000686645508,24.1200008392334,22.979999542236328,23.1200008392334,23.1200008392334,0.0,3.5361935157778664e-05,0.019694962039861857,3.5362560398377596e-05,280.1060028076172,276.9824996948242,277.422201538086,306.9018998718262,280.60193531460317,278.1533272623012,2.4486080523019496,0.42739518233840357,55.622112149355004,75.90208191407639,80.22991300761552,7.609194198938918,-24.692793195781114,7.505958960450262,258.92152142174706,295.0434779679013,13.041241445200678,0.38039051413575037,-0.0022097421551605374,-0.013743423668755217,0.018258521120253376,0.015957104804858922,0.02317711859099029,-0.433883739117558,-0.9009688679024191,-0.8660254037844386,0.5000000000000001
2022-11-21,283.3999938964844,284.5799865722656,281.0400085449219,281.8900146484375,275.8883361816406,40083500.0,-0.0103406853206907,106.97000122070312,107.98999786376952,106.88999938964844,107.83999633789062,107.83999633789062,0.0,3.813999891281128,3.8359999656677246,3.76200008392334,3.825000047683716,3.825000047683716,0.0,24.049999237060547,24.1200008392334,22.299999237060547,22.36000061035156,22.36000061035156,0.0,-0.010340685320690771,0.0124911012829336,-0.010287404246663412,281.5360046386719,277.15449981689454,276.8452020263672,306.5738999938965,280.8001013659623,278.4301189205335,2.369982445428775,0.8159126349564779,52.99873088273124,72.44003258301328,76.23366595903467,5.34400332831949,-33.26503043273682,7.239818947510734,258.96958197088355,295.33941766290553,13.122585314707194,0.3810174795427812,3.5361935157778664e-05,-0.0022097421551605374,-0.008789702346389216,0.010934325784480716,0.010941400959618009,0.0,1.0,-0.8660254037844386,0.5000000000000001
2022-11-22,282.6400146484375,286.1099853515625,280.4599914550781,285.95001220703125,279.8619384765625,41873400.0,0.0143001998965184,107.6999969482422,107.75,107.12000274658205,107.22000122070312,107.22000122070312,0.0,3.802999973297119,3.816999912261963,3.749000072479248,3.757999897003174,3.757999897003174,0.0,22.59000015258789,22.709999084472656,21.280000686645508,21.290000915527344,21.290000915527344,0.0,0.014300199896518437,0.019990070774345715,0.01440293689076344,283.1770050048828,277.2415008544922,276.69020202636716,306.2230000305176,281.59239534151135,278.9871480528667,2.605247288644648,1.1737795656941121,56.08923190479046,73.5518073780823,73.96464062505731,6.088151347436966,-21.386754237235174,7.126260015294566,258.89849376357967,295.5845079454047,13.23251175193983,0.3773614496477636,-0.010340685320690771,3.5361935157778664e-05,0.013743423668755209,0.007260823686985501,0.020474869971789354,0.7818314824680298,0.6234898018587336,-0.8660254037844386,0.5000000000000001
2022-11-23,285.9700012207031,289.4599914550781,285.7900085449219,288.82000732421875,282.6708068847656,46390000.0,0.0099865893170628,107.08000183105467,107.22000122070312,106.02999877929688,106.08000183105467,106.08000183105467,0.0,3.776000022888184,3.796999931335449,3.694999933242798,3.7060000896453857,3.7060000896453857,0.0,21.489999771118164,21.780000686645508,20.31999969482422,20.350000381469727,20.350000381469727,0.0,0.00998658931706286,0.012833454189217094,0.010036621712453231,285.7270050048828,277.78600158691404,276.54600219726564,305.88690002441405,282.70433564654326,279.7155079988928,2.988827647650453,1.5367891820853803,58.182465973326224,77.4527214464858,74.48152046919378,9.684034365304626,-12.990050990570623,6.879383079213257,258.72448765503975,296.8475155187883,13.723883725588164,0.3689818343876735,0.014300199896518437,-0.010340685320690771,-0.013743423668755217,-0.023346951360601463,-0.022344368064859458,0.9749279121818236,-0.22252093395631434,-0.8660254037844386,0.5000000000000001
2022-11-24,285.9700012207031,289.4599914550781,285.7900085449219,288.82000732421875,282.6708068847656,46390000.0,0.0,107.08000183105467,107.22000122070312,106.02999877929688,106.08000183105467,106.08000183105467,0.0,3.776000022888184,3.796999931335449,3.694999933242798,3.7060000896453857,3.7060000896453857,0.0,21.489999771118164,21.780000686645508,20.31999969482422,20.350000381469727,20.350000381469727,0.0,0.0,0.012833454189217094,0.0,286.3340057373047,278.5835021972656,276.5004022216797,305.60374999999993,283.64520821233947,280.38991535632437,3.255292856015103,1.880489916871325,58.18246597332624,83.64526513599509,78.2165979868544,2.1467753578138815,-14.687399364208941,6.650140209994899,259.0589791176438,298.1080252768874,14.016998799732553,0.36126132345163237,0.00998658931706286,0.014300199896518437,-0.0022097421551605374,0.07119323449646325,-0.018373345376466257,0.43388373911755823,-0.900968867902419,-0.8660254037844386,0.5000000000000001
2022-11-25,287.19000244140625,287.9100036621094,286.4200134277344,286.9200134277344,280.8113098144531,15498800.0,-0.0066000455569656,105.95999908447266,106.41999816894533,105.69000244140624,105.95999908447266,105.95999908447266,0.0,3.7260000705718994,3.75600004196167,3.680999994277954,3.690999984741211,3.690999984741211,0.0,20.61000061035156,21.11000061035156,20.459999084472656,20.5,20.5,0.0,-0.006600045556965659,0.005188168883695714,-0.006578313094321553,286.2300079345703,278.8685028076172,276.45240234375,305.33080001831047,284.1490243993233,280.87362632457695,3.275398074746363,2.1594715484463327,56.12814698707326,83.78334185022585,81.62710947756891,-0.36115365266149724,-20.972524094542877,6.346558330458433,259.0182473803919,298.7187582348424,14.236283572633752,0.3477223684172462,0.0,0.00998658931706286,3.5361935157778664e-05,0.018258521120253376,0.030141519243186272,-0.433883739117558,-0.9009688679024191,-0.8660254037844386,0.5000000000000001
2022-11-28,284.8999938964844,286.9599914550781,281.760009765625,282.7099914550781,276.6908874511719,38714200.0,-0.0147819951626236,106.05999755859376,106.75,105.31999969482422,106.68000030517578,106.68000030517578,0.0,3.683000087738037,3.7179999351501465,3.6679999828338623,3.703000068664551,3.703000068664551,0.0,22.09000015258789,22.5,21.64999961853028,22.209999084472656,22.209999084472656,0.0,-0.01478199516262367,0.018251954372952663,-0.01467327781777672,285.95700683593753,279.1065017700196,276.2856024169922,305.0367999267578,283.9276347155933,281.0096533712807,2.9179813443125795,2.311173507619582,51.76658442057603,76.48030726872653,81.30297141831582,-0.9564220021643702,-34.89915473506855,6.264659998958054,259.18858821187035,299.0244153281688,14.272625991752314,0.34938579270408154,-0.006600045556965659,0.0,-0.010340685320690771,-0.008789702346389216,-0.011695924970587728,0.0,1.0,-0.8660254037844386,0.5000000000000001
2022-11-29,282.94000244140625,283.3500061035156,279.1700134277344,280.57000732421875,274.5964660644531,35618900.0,-0.0075983294377042,106.56999969482422,106.87999725341795,106.05999755859376,106.81999969482422,106.81999969482422,0.0,3.694000005722046,3.759000062942505,3.678999900817871,3.747999906539917,3.747999906539917,0.0,22.09000015258789,22.56999969482422,21.82999992370605,21.88999938964844,21.88999938964844,0.0,-0.007598329437704288,0.014773424187860748,-0.007569535108337688,285.07500610351565,279.37950286865237,276.12240234374997,304.7492500305176,283.41107665538186,280.97708699742424,2.433989657957625,2.3357367376871907,49.654408493395316,59.58321671304244,73.28228861066493,-3.0477925559849206,-65.37867103126125,6.115755190159711,259.54272312442794,299.2162826128768,14.200597782257852,0.34838521922680415,-0.01478199516262367,-0.006600045556965659,0.014300199896518437,0.013743423668755209,-0.01027036130795921,0.7818314824680298,0.6234898018587336,-0.8660254037844386,0.5000000000000001
2022-11-30,280.8399963378906,293.4700012207031,279.9700012207031,293.3599853515625,287.1141052246094,74718100.0,0.0445770920685595,106.72000122070312,107.1999969482422,105.77999877929688,105.9499969482422,105.9499969482422,0.0,3.7269999980926514,3.79800009727478,3.690000057220459,3.703000068664551,3.703000068664551,0.0,21.700000762939453,22.6299991607666,20.309999465942383,20.57999992370605,20.57999992370605,0.0,0.0445770920685595,0.04807007611464847,0.045585579958695055,285.8670043945313,280.7635025024414,276.3184020996094,304.5689498901367,284.9416779932558,281.8943387273604,3.0473392658954026,2.4780572433288333,60.126030914485334,66.31761061156257,67.46037819777717,2.7746576662050115,-0.7693423989824644,6.643201248005447,261.08940568426,300.4375993206228,14.014711059540454,0.3540277274257291,-0.007598329437704288,-0.01478199516262367,0.00998658931706286,-0.013743423668755217,-0.034878166885057744,0.9749279121818236,-0.22252093395631434,-0.8660254037844386,0.5000000000000001
2022-12-01,293.69000244140625,295.75,290.8800048828125,293.7200012207031,287.4664611816406,51547300.0,0.0012264807471805,105.6999969482422,105.9000015258789,104.66000366210938,104.7300033569336,104.7300033569336,0.0,3.594000101089477,3.63100004196167,3.5269999504089355,3.5290000438690186,3.5290000438690186,0.0,20.82999992370605,21.059999465942383,19.799999237060547,19.84000015258789,19.84000015258789,0.0,0.001226480747180587,0.016582093624923806,0.001227233182276466,286.7580047607422,282.4250030517578,276.5914019775391,304.3350999450684,286.2921892590169,282.77031372686724,3.521875532149636,2.686820901092994,60.37586337687363,73.86943898255183,66.59008876905227,3.128402703025334,-12.243669622100784,6.516543667232736,264.4178303025241,300.4321758009915,12.751826187239985,0.34226873788479906,0.0445770920685595,-0.007598329437704288,0.0,-0.0022097421551605374,-0.01972820912207001,0.43388373911755823,-0.900968867902419,-0.5000000000000004,0.8660254037844384
2022-12-02,288.5400085449219,293.45001220703125,288.3599853515625,292.54998779296875,286.32135009765625,53583200.0,-0.0039914148810471,104.81999969482422,105.58999633789062,104.37999725341795,104.5500030517578,104.5500030517578,0.0,3.5190000534057617,3.638000011444092,3.503999948501587,3.50600004196167,3.50600004196167,0.0,20.420000076293945,20.959999084472656,18.950000762939453,19.059999465942383,19.059999465942383,0.0,-0.003991414881047162,0.01764062765901076,-0.003983459772236908,287.5310028076172,283.8185028076172,276.93220153808596,304.06899993896485,287.2549274950095,283.49473402805995,3.760193466949545,2.9014954142643044,59.08030783890663,89.22884561371096,76.47196506927511,2.7139878765436385,-19.300451137783845,6.433934538797586,267.3451119773416,300.2918936378928,11.608398090551471,0.341898691495837,0.001226480747180587,0.0445770920685595,-0.006600045556965659,3.5361935157778664e-05,0.015957104804858922,-0.433883739117558,-0.9009688679024191,-0.5000000000000004,0.8660254037844384
2022-12-05,290.3800048828125,291.67999267578125,286.1499938964844,287.6400146484375,281.5158996582031,41482100.0,-0.0169258538953045,104.51000213623048,105.4000015258789,104.11000061035156,105.29000091552734,105.29000091552734,0.0,3.5299999713897705,3.611999988555908,3.513000011444092,3.5989999771118164,3.5989999771118164,0.0,20.299999237060547,21.290000915527344,19.780000686645508,20.75,20.75,0.0,-0.016925853895304536,0.019044006771501344,-0.016783416387964545,288.10600280761724,284.82100372314454,277.1976019287109,303.7732000732422,287.31417167245996,283.8017918517916,3.512379820668343,3.0236722955451123,53.857414732414824,73.18052444383908,78.75960301336728,2.039802653943305,-48.91430590859812,6.431510207203786,270.16595792657915,299.47604951970993,10.290705815228836,0.34970455470999795,-0.003991414881047162,0.001226480747180587,-0.01478199516262367,-0.010340685320690771,0.010934325784480716,0.0,1.0,-0.5000000000000004,0.8660254037844384
2022-12-06,287.4800109863281,287.6199951171875,280.260009765625,281.67999267578125,275.6828308105469,53937600.0,-0.0209378867042948,105.16000366210938,105.62999725341795,104.88999938964844,105.58000183105467,105.58000183105467,0.0,3.561000108718872,3.5829999446868896,3.507999897003174,3.513000011444092,3.513000011444092,0.0,20.690000534057617,22.600000381469727,20.3799991607666,22.170000076293945,22.170000076293945,0.0,-0.020937886704294868,0.025601729060433783,-0.02072021102445143,287.6790008544922,285.4280029296875,277.3416015625,303.4741500854492,286.4473749037402,283.64462154245757,2.802753361282612,2.9794885086926124,48.278202209155445,48.97461713415535,70.46132906390179,-1.4932748204110775,-84.86139155115195,6.499259826890123,272.53861585757306,298.317390001802,9.031620541653467,0.35997714127713143,-0.016925853895304536,-0.003991414881047162,-0.007598329437704288,0.014300199896518437,0.007260823686985501,0.7818314824680298,0.6234898018587336,-0.5000000000000004,0.8660254037844384
2022-12-07,280.4700012207031,282.57000732421875,278.7799987792969,280.5299987792969,274.5572509765625,45614300.0,-0.0040912374116601,105.62999725341795,105.81999969482422,104.87999725341795,105.0999984741211,105.0999984741211,0.0,3.552999973297119,3.552999973297119,3.4019999504089355,3.407999992370605,3.407999992370605,0.0,22.31999969482422,23.01000022888184,22.18000030517578,22.68000030517578,22.68000030517578,0.0,-0.0040912374116601905,0.013513062104419146,-0.004082879701557851,286.84999999999997,286.2885025024414,277.35340148925786,303.14070007324216,285.5370093461335,283.4139087451864,2.1231006009471116,2.8082109271435125,47.260873032372594,25.512205883318913,49.22244915377111,-2.8703027265059986,-89.68768489029318,6.305741878178106,278.21560821454375,294.3613967903391,5.639691581975999,0.3481451541005103,-0.020937886704294868,-0.016925853895304536,0.0445770920685595,0.00998658931706286,-0.023346951360601463,0.9749279121818236,-0.22252093395631434,-0.5000000000000004,0.8660254037844384
2022-12-08,281.9100036621094,284.8399963378906,279.7900085449219,283.8500061035156,277.8066101074219,42594900.0,0.0117654207396607,105.1999969482422,105.43000030517578,104.72000122070312,104.7699966430664,104.7699966430664,0.0,3.4670000076293945,3.50600004196167,3.447999954223633,3.490999937057495,3.490999937057495,0.0,22.809999465942383,23.280000686645508,22.059999465942383,22.290000915527344,22.290000915527344,0.0,0.011765420739660736,0.017913474964945,0.01183490554083666,286.3529998779297,286.34350280761714,277.59300170898433,302.8486500549316,285.27747038573074,283.44621225321083,1.8312581325199062,2.612820368218791,50.503612823536685,18.44240559301643,30.97640953683023,-1.7207953378118932,-70.12370677950557,6.2160451578060085,278.35759456835143,294.32941104688285,5.577851888353218,0.24179555121332041,-0.0040912374116601905,-0.020937886704294868,0.001226480747180587,0.0,0.07119323449646325,0.43388373911755823,-0.900968867902419,-0.5000000000000004,0.8660254037844384
2022-12-09,282.8099975585937,285.6400146484375,281.5899963378906,282.0400085449219,276.03515625,47860500.0,-0.0063969891976305,104.86000061035156,105.13999938964844,104.4800033569336,104.80999755859376,104.80999755859376,0.0,3.4760000705718994,3.569000005722046,3.463000059127808,3.566999912261963,3.566999912261963,0.0,22.549999237060547,23.209999084472656,22.18000030517578,22.82999992370605,22.82999992370605,0.0,-0.006396989197630566,0.014320633448284572,-0.00637657202158326,285.8649993896484,286.04750366210936,277.8886016845703,302.57235015869145,284.7793993332986,283.3420490155598,1.437350317738833,2.3777263581227994,48.74397324460918,19.799678579371175,21.251430018568836,-1.7008241511328421,-80.78957259208774,6.061328954430356,277.8771504923003,294.2178568319184,5.712584843572141,0.23304525441546292,0.011765420739660736,-0.0040912374116601905,-0.003991414881047162,-0.006600045556965659,0.018258521120253376,-0.433883739117558,-0.9009688679024191,-0.5000000000000004,0.8660254037844384
2022-12-12,282.2200012207031,285.6400146484375,281.1600036621094,285.5799865722656,279.49981689453125,35732500.0,0.0124734021542943,104.93000030517578,105.25,104.66999816894533,105.12999725341795,105.12999725341795,0.0,3.5429999828338623,3.630000114440918,3.5209999084472656,3.611000061035156,3.611000061035156,0.0,24.39999961853028,25.049999237060547,24.18000030517578,25.0,25.0,0.0,0.012473402154294398,0.01587417960084496,0.012551519493384289,286.15199890136716,286.0545028686523,278.12960144042967,302.375950164795,284.902566600832,283.50782216790833,1.3947444329236873,2.181129973082977,52.24824571440108,29.71911961199339,22.65373459479366,1.0151728640420319,-59.92936179242654,5.948377670994482,277.88610134254685,294.2229043947578,5.711080541777841,0.23587062158066874,-0.006396989197630566,0.011765420739660736,-0.016925853895304536,-0.01478199516262367,-0.008789702346389216,0.0,1.0,-0.5000000000000004,0.8660254037844384
2022-12-13,296.6499938964844,296.8800048828125,285.9100036621094,288.6499938964844,282.5044250488281,80667700.0,0.0106925768764922,104.98999786376952,105.0999984741211,103.58999633789062,103.9800033569336,103.9800033569336,0.0,3.5850000381469727,3.5910000801086426,3.4230000972747803,3.500999927520752,3.500999927520752,0.0,25.239999771118164,25.84000015258789,21.459999084472656,22.549999237060547,22.549999237060547,0.0,0.01069257687649221,0.036979610471629044,0.010749946771631214,286.9599975585938,286.0175018310547,278.2600012207031,302.20245010375976,285.4790938770862,283.88872377743246,1.5903700996537395,2.0629779983971295,55.11430029828274,37.937135663577365,29.151977951647307,2.879846869351442,-45.46965862475363,6.3306377166767955,277.9062130776886,294.12879058442076,5.671882805379692,0.23375625535150138,0.012473402154294398,-0.006396989197630566,-0.020937886704294868,-0.007598329437704288,0.013743423668755209,0.7818314824680298,0.6234898018587336,-0.5000000000000004,0.8660254037844384
2022-12-14,288.04998779296875,291.4100036621094,283.19000244140625,286.510009765625,280.4100341796875,64984400.0,-0.0074412745990529,104.06999969482422,104.16000366210938,103.4499969482422,103.7699966430664,103.7699966430664,0.0,3.507999897003174,3.559999942779541,3.4790000915527344,3.503000020980835,3.503000020980835,0.0,22.82999992370605,23.46999931335449,21.06999969482422,21.13999938964844,21.13999938964844,0.0,-0.007441274599052926,0.028536717823474157,-0.007413656861405382,286.27500000000003,286.0710021972656,278.35060119628906,301.96005020141604,285.6376963214768,284.0828931098912,1.5548032115856358,1.961343041034831,52.738139873158644,45.7694027332894,37.80855266962005,-2.335006793011832,-57.292771382951635,6.465592252678676,277.96163675218105,294.1803676423502,5.669477425392874,0.2299267225034859,0.01069257687649221,0.012473402154294398,-0.0040912374116601905,0.0445770920685595,-0.013743423668755217,0.9749279121818236,-0.22252093395631434,-0.5000000000000004,0.8660254037844384
2022-12-15,282.3299865722656,283.010009765625,275.6700134277344,276.8900146484375,270.9947814941406,60554100.0,-0.0341533755393157,103.66999816894533,104.87999725341795,103.54000091552734,104.55999755859376,104.55999755859376,0.0,3.505000114440918,3.5209999084472656,3.430000066757202,3.450000047683716,3.450000047683716,0.0,21.520000457763672,23.670000076293945,21.25,22.82999992370605,22.82999992370605,0.0,-0.03415337553931575,0.02599793393186688,-0.03357673242004444,284.5920013427734,285.6750030517578,278.29320129394534,301.68815032958986,284.29189914100925,283.55008729793167,0.7418118430775849,1.7174368014433816,43.63145795462371,34.32986061224856,39.34546633637177,-5.729942292768637,-94.24798815554907,6.778049687336672,276.59138354551686,294.75862255799876,6.359408005043553,0.2602964204412883,-0.007441274599052926,0.01069257687649221,0.011765420739660736,0.001226480747180587,-0.0022097421551605374,0.43388373911755823,-0.900968867902419,-0.5000000000000004,0.8660254037844384
2022-12-16,276.20001220703125,277.7699890136719,272.6099853515625,274.25,268.4109802246094,68300400.0,-0.0095802500266134,104.4499969482422,104.83999633789062,104.20999908447266,104.6999969482422,104.6999969482422,0.0,3.50600004196167,3.556999921798706,3.461999893188477,3.4820001125335693,3.4820001125335693,0.0,23.26000022888184,23.82999992370605,22.09000015258789,22.6200008392334,22.6200008392334,0.0,-0.009580250026613415,0.01868212684307049,-0.009534505628799761,282.7620025634766,285.14650268554686,278.3962011718751,301.4374003601074,282.746991580854,282.86119194252933,-0.11420036167532999,1.3511093688196394,41.51292667491363,18.405536311831955,32.8349332191233,-6.255337055737378,-93.24263152600342,6.662474971249008,274.72237980048044,295.5706255706133,7.311415561397863,0.26182156820861485,-0.03415337553931575,-0.007441274599052926,-0.006396989197630566,-0.003991414881047162,3.5361935157778664e-05,-0.433883739117558,-0.9009688679024191,-0.5000000000000004,0.8660254037844384
2022-12-19,273.8699951171875,273.9599914550781,268.489990234375,269.75,264.63885498046875,44167900.0,-0.0141532290687362,104.83999633789062,104.93000030517578,104.12999725341795,104.72000122070312,104.72000122070312,0.0,3.559000015258789,3.6010000705718994,3.552000045776367,3.5810000896453857,3.5810000896453857,0.0,22.6299991607666,22.86000061035156,21.61000061035156,22.420000076293945,22.420000076293945,0.0,-0.014153229068736273,0.01997298469429826,-0.014053542969755028,280.97300109863284,284.539501953125,278.46300109863284,301.19530029296874,280.7474544145688,281.889992539379,-1.142538124810244,0.8523798700936627,38.11566128396422,5.649198295060658,19.461531739713724,-6.219584806482237,-95.56178543326554,6.5980131708472936,272.0982743274483,296.98072957880174,8.744815774455315,0.26379581655599854,-0.009580250026613415,-0.03415337553931575,0.012473402154294398,-0.016925853895304536,-0.010340685320690771,0.0,1.0,-0.5000000000000004,0.8660254037844384
2022-12-20,268.5599975585937,271.32000732421875,266.95001220703125,269.5400085449219,264.4328308105469,51064200.0,-0.0007788138578141,104.7300033569336,104.79000091552734,103.77999877929688,103.97000122070312,103.97000122070312,0.0,3.661999940872192,3.700999975204468,3.6530001163482666,3.684000015258789,3.684000015258789,0.0,23.170000076293945,23.38999938964844,21.350000381469727,21.479999542236328,21.479999542236328,0.0,-0.0007788138578141373,0.016271950986423683,-0.0007785106610179726,279.7590026855469,283.71900177001953,278.59880126953124,300.902250366211,279.02323197308465,280.97517891015997,-1.95194693707532,0.29151450865986617,37.95954761054662,6.616365938059668,10.223700181650761,-4.309849633102169,-91.34648522655203,6.4388690241573086,269.61595588565905,297.82204765438,9.941558934281254,0.25671121714940975,-0.014153229068736273,-0.009580250026613415,0.01069257687649221,-0.020937886704294868,0.014300199896518437,0.7818314824680298,0.6234898018587336,-0.5000000000000004,0.8660254037844384
2022-12-21,270.6000061035156,274.7799987792969,269.739990234375,273.45001220703125,268.2687683105469,46394700.0,0.0144020735443286,103.9499969482422,104.37999725341795,103.8499984741211,104.16000366210938,104.16000366210938,0.0,3.6470000743865967,3.697000026702881,3.621000051498413,3.684000015258789,3.684000015258789,0.0,21.25,21.290000915527344,19.940000534057617,20.06999969482422,20.06999969482422,0.0,0.014402073544328634,0.01862530831944573,0.014506283082331262,279.05100402832034,282.9505020141602,278.81460144042967,300.567900390625,278.165813547538,280.4177591543727,-2.2519456068346813,-0.21717751443904332,42.66816649098062,11.603025038581702,7.956196423900676,-2.5237894710275555,-78.28265422443732,6.353234824887144,268.3514711035437,297.54953292477666,10.319141197272641,0.26009249636136156,-0.0007788138578141373,-0.014153229068736273,-0.007441274599052926,-0.0040912374116601905,0.00998658931706286,0.9749279121818236,-0.22252093395631434,-0.5000000000000004,0.8660254037844384
2022-12-22,270.3800048828125,270.510009765625,262.4599914550781,266.760009765625,261.7054748535156,60278400.0,-0.0247696151469442,104.22000122070312,104.5999984741211,103.75,104.43000030517578,104.43000030517578,0.0,3.6540000438690186,3.691999912261963,3.6470000743865967,3.6689999103546143,3.6689999103546143,0.0,20.07999992370605,24.299999237060547,20.01000022888184,21.96999931335449,21.96999931335449,0.0,-0.02476961514694422,0.029772979381503806,-0.024465365455562882,277.3420043945313,281.84750213623045,278.7734014892578,300.1795004272461,276.4110745041668,279.40607401446545,-2.994999510298669,-0.7727419136109686,37.433248351691006,14.287881884581,10.835757620407456,-6.020784206591904,-87.50721489526765,6.684433819677571,265.84931563496457,297.8456886374963,11.352370611773727,0.27140498276668507,0.014402073544328634,-0.0007788138578141373,-0.03415337553931575,0.011765420739660736,0.0,0.43388373911755823,-0.900968867902419,-0.5000000000000004,0.8660254037844384
2022-12-23,265.4700012207031,268.0400085449219,263.5299987792969,267.3599853515625,262.29412841796875,39373600.0,0.0022467719761776,104.38999938964844,104.54000091552734,104.12000274658205,104.30999755859376,104.30999755859376,0.0,3.700999975204468,3.753000020980835,3.694999933242798,3.750999927520752,3.750999927520752,0.0,22.170000076293945,22.63999938964844,20.780000686645508,20.8700008392334,20.8700008392334,0.0,0.0022467719761776646,0.016988773665147665,0.0022492978596746482,275.87400207519534,280.86950073242184,278.9058013916016,299.75885040283214,275.01859924992,278.5137711505467,-3.4951719006267012,-1.3172279110141152,38.165947371743606,16.148672316409993,14.013193079857563,-5.204943535881796,-85.76411393106505,6.529117815816674,263.82002226729696,297.9189791975467,12.14049828882456,0.272033450367396,-0.02476961514694422,0.014402073544328634,-0.009580250026613415,-0.006396989197630566,-0.006600045556965659,-0.433883739117558,-0.9009688679024191,-0.5000000000000004,0.8660254037844384
2022-12-26,265.4700012207031,268.0400085449219,263.5299987792969,267.3599853515625,262.29412841796875,39373600.0,0.0,104.38999938964844,104.54000091552734,104.12000274658205,104.30999755859376,104.30999755859376,0.0,3.700999975204468,3.753000020980835,3.694999933242798,3.750999927520752,3.750999927520752,0.0,22.170000076293945,22.63999938964844,20.780000686645508,20.8700008392334,20.8700008392334,0.0,0.0,0.016988773665147665,0.0,274.052001953125,280.1020004272461,278.8660009765625,299.3452503967286,273.840350957865,277.6875647950664,-3.847213837201423,-1.8232250962515768,38.165947371743606,13.654852414200745,14.697135538397244,-6.379999326770953,-85.76411393106505,6.384895812231555,262.048915745283,298.15508510920915,12.890364691738212,0.2688803065696117,0.0022467719761776646,-0.02476961514694422,-0.014153229068736273,0.012473402154294398,-0.01478199516262367,0.0,1.0,-0.5000000000000004,0.8660254037844384
2022-12-27,266.739990234375,266.8500061035156,263.0299987792969,263.5799865722656,258.5858154296875,38009000.0,-0.0142388881954601,104.12000274658205,104.4000015258789,103.88999938964844,104.18000030517578,104.18000030517578,0.0,3.786999940872192,3.861999988555908,3.786999940872192,3.859999895095825,3.859999895095825,0.0,21.670000076293945,22.799999237060547,21.59000015258789,21.64999961853028,21.64999961853028,0.0,-0.014238888195460132,0.014321089690609363,-0.014137994665179843,271.54500122070317,279.2524993896484,278.70800048828124,298.8783503723145,272.26183336008046,276.64255900078484,-4.380725640704384,-2.3347252051421385,35.15759560398543,10.575226273597103,13.459583668069278,-8.685261685198356,-96.74609331707858,6.238116580805418,259.75126737918566,298.7537314001111,13.966737667942692,0.27151438515060106,0.0,0.0022467719761776646,-0.0007788138578141373,0.01069257687649221,-0.007598329437704288,0.7818314824680298,0.6234898018587336,-0.5000000000000004,0.8660254037844384
2022-12-28,263.1700134277344,265.4700012207031,259.7300109863281,260.1000061035156,255.1717834472656,47139000.0,-0.0132906345115381,104.33000183105467,104.55999755859376,103.8499984741211,104.45999908447266,104.45999908447266,0.0,3.818000078201294,3.890000104904175,3.815000057220459,3.88700008392334,3.88700008392334,0.0,21.46999931335449,22.26000022888184,20.959999084472656,22.13999938964844,22.13999938964844,0.0,-0.013290634511538117,0.02181095847362254,-0.013202704010461197,268.9040008544922,277.58950042724604,278.50020080566406,298.4197004699708,270.39078301291664,275.4171847120982,-5.0264016991815765,-2.8730605039500263,32.609223416769616,6.1619140289726895,10.130664238923513,-9.21782931204172,-99.00405066493829,6.202536127488959,257.4902662701753,297.68873458431676,14.481263971537405,0.20706501558298535,-0.014238888195460132,0.0,0.014402073544328634,-0.007441274599052926,0.0445770920685595,0.9749279121818236,-0.22252093395631434,-0.5000000000000004,0.8660254037844384
2022-12-29,262.9599914550781,267.3999938964844,262.25,266.44000244140625,261.3916015625,45893600.0,0.0240826930633814,104.37000274658205,104.4499969482422,103.77999877929688,103.83999633789062,103.83999633789062,0.0,3.868000030517578,3.885999917984009,3.818000078201294,3.8350000381469727,3.8350000381469727,0.0,22.25,22.309999465942383,21.36000061035156,21.440000534057617,21.440000534057617,0.0,0.024082693063381462,0.01958470514083568,0.02437502309701811,267.8589996337891,276.2255004882813,278.4468011474609,297.9536505126954,269.78297061729967,274.75220824760254,-4.969237630302871,-3.2922959292205953,40.9998380951173,7.437249051744464,8.058129784771419,-3.7740661107983438,-81.93810886274974,6.280925532166087,257.05419738402736,295.3968035925352,13.880907497942793,0.23189917600050364,-0.013290634511538117,-0.014238888195460132,-0.02476961514694422,-0.03415337553931575,0.001226480747180587,0.43388373911755823,-0.900968867902419,-0.5000000000000004,0.8660254037844384
2022-12-30,263.6199951171875,266.4100036621094,262.2900085449219,266.2799987792969,261.23455810546875,37858300.0,-0.0006009781900611,103.9499969482422,104.0999984741211,103.38999938964844,103.5199966430664,103.5199966430664,0.0,3.86899995803833,3.9049999713897705,3.8310000896453857,3.878999948501587,3.878999948501587,0.0,21.82999992370605,22.39999961853028,21.59000015258789,21.670000076293945,21.670000076293945,0.0,-0.0006009781900611164,0.01562853802252758,-0.0006007976388395786,267.0619995117188,274.9120010375977,278.2640008544921,297.48830047607424,269.2440518729916,274.1246371758762,-4.88058530288464,-3.6099538039534043,40.86156619707913,12.22967842490388,8.60961383520701,-2.9061080111953053,-82.36880519760032,6.128716129617393,256.8843725323192,292.93962954287616,13.115199363605058,0.23235894352550415,0.024082693063381462,-0.013290634511538117,0.0022467719761776646,-0.009580250026613415,-0.003991414881047162,-0.433883739117558,-0.9009688679024191,-0.5000000000000004,0.8660254037844384
2023-01-02,263.6199951171875,266.4100036621094,262.2900085449219,266.2799987792969,261.23455810546875,37858300.0,0.0,103.9499969482422,104.0999984741211,103.38999938964844,103.5199966430664,103.5199966430664,0.0,3.86899995803833,3.9049999713897705,3.8310000896453857,3.878999948501587,3.878999948501587,0.0,21.82999992370605,22.39999961853028,21.59000015258789,21.670000076293945,21.670000076293945,0.0,0.0,0.01562853802252758,0.0,266.7149993896485,273.8440002441406,278.0206005859375,296.99515045166015,268.78804370473085,273.5435528502037,-4.755509145472843,-3.839064872257292,40.86156619707913,18.78951907929987,12.818815518649403,-1.2863767268593604,-79.32452870175032,5.985236057300972,256.47236747626863,291.2156330120126,12.687247303124852,0.22816549384496718,-0.0006009781900611164,0.024082693063381462,0.0,-0.014153229068736273,-0.016925853895304536,0.0,1.0,0.0,1.0
2023-01-03,268.6499938964844,270.1499938964844,262.1300048828125,264.4800109863281,259.4687194824219,42335300.0,-0.0067825399551505,103.66000366210938,104.86000061035156,103.47000122070312,104.5199966430664,104.5199966430664,0.0,3.757999897003174,3.809999942779541,3.723999977111816,3.7929999828338623,3.7929999828338623,0.0,23.09000015258789,23.76000022888184,22.729999542236328,22.89999961853028,22.89999961853028,0.0,-0.006782539955150547,0.029852928330093762,-0.006759590445663544,266.20899963378906,272.984001159668,277.62600097656247,296.4616004943847,268.1252694403612,272.8721793788055,-4.7469099384443325,-4.0206338854947,39.13940041927167,19.570149079754813,16.86311552798619,-1.8772714247170637,-79.5962188613849,6.130575554184608,255.54288659014514,290.4251157291909,12.778122157658311,0.2193764423570567,0.0,-0.0006009781900611164,-0.014238888195460132,-0.0007788138578141373,-0.020937886704294868,0.7818314824680298,0.6234898018587336,0.0,1.0
2023-01-04,266.6400146484375,267.45001220703125,262.5299987792969,265.739990234375,260.7048645019531,47754900.0,0.0047528263047835,104.58000183105467,104.5999984741211,103.83000183105467,104.25,104.25,0.0,3.677000045776367,3.7279999256134033,3.6640000343322754,3.7090001106262207,3.7090001106262207,0.0,22.93000030517578,23.270000457763672,21.940000534057617,22.01000022888184,22.01000022888184,0.0,0.004752826304783522,0.018451894529864052,0.004764138898889492,265.43799743652346,272.24450073242195,277.38220092773435,295.9548504638671,267.758303408671,272.3438690718107,-4.5855656631396755,-4.133620241023695,41.01349341757172,24.798011285660902,21.052559814905194,-2.819536159617696,-66.68521857988206,6.044106830866735,254.89660133371348,289.59240013113043,12.744352486119837,0.2210492510149062,-0.006782539955150547,0.0,-0.013290634511538117,0.014402073544328634,-0.0040912374116601905,0.9749279121818236,-0.22252093395631434,0.0,1.0
2023-01-05,264.0400085449219,264.2099914550781,261.260009765625,261.5799865722656,256.6236572265625,45396700.0,-0.0157783372602939,104.06999969482422,105.2699966430664,103.98999786376952,105.04000091552734,105.04000091552734,0.0,3.7279999256134033,3.783999919891357,3.697999954223633,3.7200000286102295,3.7200000286102295,0.0,22.200000762939453,22.920000076293945,21.96999931335449,22.459999084472656,22.459999084472656,0.0,-0.01577833726029396,0.0111724799045037,-0.01565451140770735,264.9199951171875,271.13099975585936,277.1564007568359,295.4500503540039,266.8077931261471,271.5465444422147,-4.738751316067635,-4.254646456032483,36.96611571996717,22.00358970440823,22.123916689941314,-1.9418289862526759,-87.70779344550834,5.932383519286969,254.0629805188301,288.1990189928886,12.590238115448404,0.21893919501089912,0.004752826304783522,-0.006782539955150547,0.024082693063381462,-0.02476961514694422,0.011765420739660736,0.43388373911755823,-0.900968867902419,0.0,1.0
2023-01-06,263.3500061035156,269.94000244140625,260.3399963378906,268.79998779296875,263.7068176269531,54659700.0,0.0272273038576243,105.0500030517578,105.62999725341795,103.87000274658205,103.87999725341795,103.87999725341795,0.0,3.746000051498413,3.753999948501587,3.558000087738037,3.569000005722046,3.569000005722046,0.0,22.690000534057617,22.89999961853028,21.0,21.1299991607666,21.1299991607666,0.0,0.02722730385762437,0.03645341135759126,0.027601353970796216,265.0639953613281,270.46899871826173,276.90800048828123,294.9848002624511,267.11428461335043,271.34309580152984,-4.228811188179407,-4.249479402461867,46.78208266738768,35.290887826066914,27.364162938712013,0.5386005835962073,-39.73432449640886,6.194356561017587,254.17292673598564,286.7650707005378,12.050232787862795,0.24497210758301655,-0.01577833726029396,0.004752826304783522,-0.0006009781900611164,0.0022467719761776646,-0.006396989197630566,-0.433883739117558,-0.9009688679024191,0.0,1.0
2023-01-09,270.8299865722656,275.2900085449219,269.9200134277344,270.5400085449219,265.41387939453125,45568700.0,0.0064524699180605,103.91000366210938,103.94000244140624,102.94000244140624,103.0,103.0,0.0,3.58899998664856,3.5910000801086426,3.507999897003174,3.5169999599456787,3.5169999599456787,0.0,21.75,21.979999542236328,21.270000457763672,21.96999931335449,21.96999931335449,0.0,0.00645246991806052,0.019827919297830867,0.006473331948485983,265.3819976806641,269.71699981689454,276.7598004150391,294.49100036621087,267.6413190643614,271.28360785659595,-3.642288792234524,-4.128041280416399,48.84942033267488,47.34362832679877,34.8793686190913,1.189416280517009,-30.526997077686467,6.215475431798697,255.05037202478627,284.3836276090028,10.875567948675947,0.2410623791178469,0.02722730385762437,-0.01577833726029396,0.0,0.0,0.012473402154294398,0.0,1.0,0.0,1.0
2023-01-10,269.489990234375,272.94000244140625,268.9700012207031,272.8299865722656,267.6605529785156,35247800.0,0.0084291676729251,103.29000091552734,103.48999786376952,103.02999877929688,103.23999786376952,103.23999786376952,0.0,3.578000068664551,3.638999938964844,3.566999912261963,3.621000051498413,3.621000051498413,0.0,22.21999931335449,22.459999084472656,20.57999992370605,20.57999992370605,20.57999992370605,0.0,0.008429167672925111,0.01473153499041067,0.008464793134064896,266.30699768066404,268.9259994506836,276.7142004394531,294.0496502685547,268.439575604039,271.39815442812704,-2.958578824088022,-3.894148789150724,51.51867257251958,71.30958869843687,51.31470161710085,3.509371147746049,-15.809912330594077,6.055084416720442,257.1340204515816,280.7179784497856,8.76968312709717,0.23953789371158357,0.00645246991806052,0.02722730385762437,-0.006782539955150547,-0.014238888195460132,0.01069257687649221,0.7818314824680298,0.6234898018587336,0.0,1.0
2023-01-11,273.9200134277344,277.6600036621094,273.1199951171875,277.54998779296875,272.291015625,44077000.0,0.0171518203960515,103.22000122070312,103.4800033569336,103.11000061035156,103.19000244140624,103.19000244140624,0.0,3.569000005722046,3.595000028610229,3.552000045776367,3.553999900817871,3.553999900817871,0.0,20.799999237060547,21.25,20.6200008392334,21.09000015258789,21.09000015258789,0.0,0.017151820396051575,0.016574212625466378,0.01729975745382273,268.0519958496094,268.4779983520508,276.95160034179685,293.6711001586914,269.841177479259,271.85384578848567,-2.012668309226683,-3.517852693165916,56.551471791074334,84.34983496749268,67.6676839975761,6.708950895798254,-0.6135856892414027,5.967579607657822,259.05626750333454,277.89972920076707,7.018624175200907,0.248807703297584,0.008429167672925111,0.00645246991806052,0.004752826304783522,-0.013290634511538117,-0.007441274599052926,0.9749279121818236,-0.22252093395631434,0.0,1.0
2023-01-12,278.1199951171875,280.1000061035156,273.739990234375,279.04998779296875,273.7626037597656,60600000.0,0.0053899164665867,103.05999755859376,103.29000091552734,102.08000183105467,102.25,102.25,0.0,3.503999948501587,3.5910000801086426,3.430999994277954,3.4489998817443848,3.4489998817443848,0.0,21.559999465942383,21.799999237060547,18.82999992370605,18.82999992370605,18.82999992370605,0.0,0.00538991646658674,0.02286788429742635,0.005404468198805024,269.3129943847656,268.5859970092774,277.32280029296874,293.2958500671387,271.257917527522,272.3868933443733,-1.1289758168512662,-3.0400773179029863,58.04214422243215,92.80725722650436,82.82222696414463,4.732767315724525,-5.1547303006514,5.995610769192307,258.719258879786,278.45273513876873,7.347172406125506,0.21754020677074196,0.017151820396051575,0.008429167672925111,-0.01577833726029396,0.024082693063381462,-0.03415337553931575,0.43388373911755823,-0.900968867902419,0.0,1.0
2023-01-13,276.5,281.2200012207031,276.1600036621094,280.9700012207031,275.6463317871094,44802900.0,0.0068573162428623,102.20999908447266,102.6500015258789,101.98999786376952,102.1999969482422,102.1999969482422,0.0,3.489000082015991,3.515000104904175,3.430000066757202,3.510999917984009,3.510999917984009,0.0,19.0,19.40999984741211,18.010000228881836,18.350000381469727,18.350000381469727,0.0,0.0068573162428623895,0.01830017200214738,0.0068808814698329,270.7819946289062,268.9219970703125,277.6486004638672,292.95495010375976,272.75208424954985,273.0226791129903,-0.2705948634404649,-2.4861808270104824,59.936883967600444,97.6894505664113,91.61551425346944,5.51675022861251,-1.1633323108732996,5.928781254149553,257.85807575289795,279.98591838772705,8.228349809942676,0.2152426124179304,0.00538991646658674,0.017151820396051575,0.02722730385762437,-0.0006009781900611164,-0.009580250026613415,-0.433883739117558,-0.9009688679024191,0.0,1.0
2023-01-16,276.5,281.2200012207031,276.1600036621094,280.9700012207031,275.6463317871094,44802900.0,0.0,102.20999908447266,102.6500015258789,101.98999786376952,102.1999969482422,102.1999969482422,0.0,3.489000082015991,3.515000104904175,3.430000066757202,3.510999917984009,3.510999917984009,0.0,19.0,19.40999984741211,18.010000228881836,18.350000381469727,18.350000381469727,0.0,0.0,0.01830017200214738,0.0,272.25099487304686,269.4829971313477,277.91620056152345,292.6553500366211,274.0163791681888,273.6113696394876,0.4050095287012141,-1.907942755868143,59.93688396760043,97.50620169253399,96.0009698284832,5.51675022861251,-1.1633323108732996,5.866725275895567,257.174475653189,281.7915186095064,9.134915084946487,0.20746188674211166,0.0068573162428623895,0.00538991646658674,0.00645246991806052,0.0,-0.014153229068736273,0.0,1.0,0.0,1.0
2023-01-17,280.7699890136719,282.8500061035156,279.5799865722656,281.5400085449219,276.2054748535156,36269700.0,0.002026425395429,102.31999969482422,102.55999755859376,101.94000244140624,102.38999938964844,102.38999938964844,0.0,3.575000047683716,3.5789999961853027,3.496000051498413,3.5350000858306885,3.5350000858306885,0.0,19.88999938964844,20.21999931335449,19.209999084472656,19.36000061035156,19.36000061035156,0.0,0.002026425395429064,0.011646613453016765,0.002028479982959075,273.9569946289063,270.08299713134767,278.15620056152346,292.36580001831055,275.1738606107631,274.1986762250753,0.9751843856877827,-1.3313173275569579,60.55025883119895,97.28457101047474,97.49340775647333,6.450392033398562,-5.819622346829211,5.681246294135169,256.6447026470431,283.5212916156522,9.951233233515394,0.2071955828918254,0.0,0.0068573162428623895,0.008429167672925111,-0.006782539955150547,-0.0007788138578141373,0.7818314824680298,0.6234898018587336,0.0,1.0
2023-01-18,283.1099853515625,284.69000244140625,277.6700134277344,277.8800048828125,272.6148681640625,47754500.0,-0.0130850030111158,102.47000122070312,102.9000015258789,101.52999877929688,102.36000061035156,102.36000061035156,0.0,3.463000059127808,3.4670000076293945,3.375,3.375,3.375,0.0,19.280000686645508,20.57999992370605,18.709999084472656,20.34000015258789,20.34000015258789,0.0,-0.013085003011115807,0.024795978160058674,-0.012999766537420743,275.17099609375,270.3044967651367,278.4474005126953,292.02345001220704,275.59019049877065,274.47136723675953,1.1188232620111194,-0.8412892096433424,54.75357639878056,88.34997219607634,94.38024829969501,4.568380783686474,-27.967128754068483,5.776870774102077,256.49170977417566,284.1172837560978,10.220168111345014,0.20865468075930857,0.002026425395429064,0.0,0.017151820396051575,0.004752826304783522,0.014402073544328634,0.9749279121818236,-0.22252093395631434,0.0,1.0
2023-01-19,276.2200012207031,277.3800048828125,273.8900146484375,275.1499938964844,269.9365539550781,44150400.0,-0.0098731137961611,102.37999725341795,102.4800033569336,101.98999786376952,102.05999755859376,102.05999755859376,0.0,3.3970000743865967,3.427999973297119,3.372999906539917,3.3970000743865967,3.3970000743865967,0.0,20.43000030517578,21.709999084472656,20.170000076293945,20.520000457763672,20.520000457763672,0.0,-0.009873113796161133,0.012634820863629118,-0.009824534615524128,276.5279968261719,270.7239959716797,278.295400390625,291.7070500183105,275.5224679445728,274.52163587822065,1.0008320663521317,-0.4728649544442476,50.84365668012241,75.67819295453222,87.10424538702776,5.187708548363971,-39.17867003550566,5.649236449835858,256.8549618243934,284.593030118966,10.245884630586742,0.19033542926596406,-0.013085003011115807,0.002026425395429064,0.00538991646658674,-0.01577833726029396,-0.02476961514694422,0.43388373911755823,-0.900968867902419,0.0,1.0
2023-01-20,276.7900085449219,283.0199890136719,275.7099914550781,282.67999267578125,277.3239440917969,60613600.0,0.0269993501083295,102.08000183105467,102.5500030517578,101.94000244140624,102.01000213623048,102.01000213623048,0.0,3.441999912261963,3.500999927520752,3.433000087738037,3.483999967575073,3.483999967575073,0.0,20.280000686645508,20.700000762939453,19.40999984741211,19.850000381469727,19.850000381469727,0.0,0.02699935010832951,0.026409904017208656,0.027367135085928807,277.91599731445314,271.48999633789066,278.1898004150391,291.4283000183105,276.6236255955279,275.12595860396584,1.4976669915620846,-0.07875856524298114,59.445795220354775,74.86651435036009,79.63155983365621,5.163692527212076,-8.254658159345585,5.807862068932404,256.7390308218453,286.240961853936,10.866673332365906,0.2107274169773309,-0.009873113796161133,-0.013085003011115807,0.0068573162428623895,0.02722730385762437,0.0022467719761776646,-0.433883739117558,-0.9009688679024191,0.0,1.0
2023-01-23,283.5400085449219,290.2099914550781,282.7300109863281,288.9599914550781,283.48486328125,52799900.0,0.0219724332946321,101.98999786376952,102.27999877929688,101.58999633789062,102.13999938964844,102.13999938964844,0.0,3.503000020980835,3.546999931335449,3.493000030517578,3.525000095367432,3.525000095367432,0.0,20.209999084472656,20.32999992370605,19.549999237060547,19.809999465942383,19.809999465942383,0.0,0.021972433294632155,0.026380687886467812,0.022215604965627467,279.75799560546875,272.5699966430664,278.2602001953125,291.1796499633789,278.5215280354587,276.1507017781223,2.3708262573363754,0.4111583992728902,64.95405019603096,82.79395677252754,77.77955469247328,6.808598480212475,-4.184801487566158,5.930871833958438,256.0369490504239,289.1030442357089,12.131230726977424,0.221055113363364,0.02699935010832951,-0.009873113796161133,0.0,0.00645246991806052,0.0,0.0,1.0,0.0,1.0
2023-01-24,287.3099975585937,289.54998779296875,286.7799987792969,288.3699951171875,282.9060363769531,44875100.0,-0.0020439138628615,101.98999786376952,102.43000030517578,101.72000122070312,101.91999816894533,101.91999816894533,0.0,3.513000011444092,3.555999994277954,3.4579999446868896,3.469000101089477,3.469000101089477,0.0,19.88999938964844,20.46999931335449,18.90999984741211,19.200000762939453,19.200000762939453,0.0,-0.002043913862861547,0.009641115997388731,-0.0020418264932988706,281.31199645996094,273.80949707031255,278.2397998046875,290.89019989013667,280.0366768172631,277.05583461805304,2.9808421992100875,0.9250951592603297,64.0735461692351,93.80017494118383,83.82021535469048,5.695857973736962,-6.160015529536766,5.705094489652255,256.41944944861007,291.199544692015,12.702296894571793,0.21184067703318502,0.021972433294632155,0.02699935010832951,0.002026425395429064,0.008429167672925111,-0.014238888195460132,0.7818314824680298,0.6234898018587336,0.0,1.0
2023-01-25,283.7699890136719,288.3599853515625,281.17999267578125,287.7300109863281,282.2781982421875,50872000.0,-0.0022217123357651,102.01000213623048,102.12000274658205,101.58000183105467,101.63999938964844,101.63999938964844,0.0,3.434000015258789,3.489000082015991,3.421999931335449,3.461999893188477,3.461999893188477,0.0,19.559999465942383,20.89999961853028,18.989999771118164,19.07999992370605,19.07999992370605,0.0,-0.0022217123357651364,0.025302156513229177,-0.002219246159629762,282.3299987792969,275.1909973144531,278.28559997558597,290.6227999877929,281.220266689427,277.8465143490364,3.373752340390581,1.41482659548638,63.074731090322054,93.78420073969636,90.12611081780257,3.6678161200111097,-8.30258076380801,5.811159343348969,257.99782211411434,292.3841725147919,12.495448883229713,0.20297351518346757,-0.002043913862861547,0.021972433294632155,-0.013085003011115807,0.017151820396051575,-0.013290634511538117,0.9749279121818236,-0.22252093395631434,0.0,1.0
2023-01-26,291.2200012207031,293.5199890136719,288.5199890136719,293.3399963378906,287.78192138671875,51596300.0,0.0193098726570486,101.58000183105467,102.18000030517578,101.5,101.83999633789062,101.83999633789062,0.0,3.490999937057495,3.5209999084472656,3.45199990272522,3.493000030517578,3.493000030517578,0.0,19.049999237060547,19.479999542236328,18.670000076293945,18.729999542236328,18.729999542236328,0.0,0.019309872657048654,0.017169150398467017,0.019497514079387823,283.7589996337891,276.53599700927737,278.45619995117187,290.41874999999993,283.0848404814983,278.9941796815441,4.0906607999542075,1.9499934363799456,67.81151973790935,94.93474520665927,94.17304029584648,5.120949353176048,-0.7331680866774271,5.809646392205739,258.0641075855951,295.00788643295965,13.35948276062055,0.19767487241479573,-0.0022217123357651364,-0.002043913862861547,-0.009873113796161133,0.00538991646658674,0.024082693063381462,0.43388373911755823,-0.900968867902419,0.0,1.0
2023-01-27,292.0,298.260009765625,291.8800048828125,296.260009765625,290.6466064453125,56441900.0,0.0099051424414385,101.72000122070312,102.19000244140624,101.68000030517578,101.93000030517578,101.93000030517578,0.0,3.5439999103546143,3.552000045776367,3.5179998874664307,3.5179998874664307,3.5179998874664307,0.0,18.89999961853028,19.0,17.969999313354492,18.51000022888184,18.51000022888184,0.0,0.009905142441438508,0.021849331790453768,0.009954360735343837,285.2880004882813,278.0349975585938,278.68500000000006,290.27305007934564,285.1117896021332,280.2731300581427,4.838659543990445,2.5277266579020456,69.97081341737494,94.71199470258665,94.47698021631409,5.441865138090493,-6.828267041754577,5.850386284391936,258.24844206853356,297.821553048654,14.233140190123255,0.1973787716329938,0.019309872657048654,-0.0022217123357651364,0.02699935010832951,0.0068573162428623895,-0.0006009781900611164,-0.433883739117558,-0.9009688679024191,0.0,1.0
2023-01-30,292.92999267578125,294.3800048828125,289.8900146484375,290.2699890136719,284.77001953125,49405800.0,-0.0204262128393718,101.91999816894533,102.30999755859376,101.66000366210938,102.27999877929688,102.27999877929688,0.0,3.552999973297119,3.5739998817443848,3.5220000743865967,3.5510001182556152,3.5510001182556152,0.0,19.76000022888184,20.25,19.540000915527344,19.940000534057617,19.940000534057617,0.0,-0.020426212839371807,0.015327861081622256,-0.020219010935426884,286.21799926757814,279.2344970703125,278.8525994873047,290.0765000915527,285.9053587423699,281.01363812892265,4.891720613447262,3.0005254490110893,60.93972864620301,86.88549338681767,92.17741109868786,3.3099575586589296,-31.782084711115,5.887501201020191,259.5399828231622,298.9290113174628,14.106075326496036,0.21703886236694397,0.009905142441438508,0.019309872657048654,0.021972433294632155,0.0,0.0,0.0,1.0,0.0,1.0
2023-01-31,290.3099975585937,294.7200012207031,290.20001220703125,294.6199951171875,289.03759765625,46705100.0,0.0148748698502088,102.19000244140624,102.61000061035156,102.01000213623048,102.0999984741211,102.0999984741211,0.0,3.5309998989105225,3.552999973297119,3.48799991607666,3.5290000438690186,3.5290000438690186,0.0,20.1200008392334,20.700000762939453,19.1299991607666,19.39999961853028,19.39999961853028,0.0,0.014874869850208826,0.01556952585747447,0.014986051312651183,287.5259979248047,280.7414962768555,279.02599914550785,289.96389999389646,287.24607203080336,282.0215164243497,5.2245556064536345,3.4453314804995987,64.52102517058512,82.181525287095,87.92633779216644,4.645871341649339,-14.845072385845427,5.78982175906674,261.188605831352,300.29438672235904,13.929462302374622,0.21596627346810082,-0.020426212839371807,0.009905142441438508,-0.002043913862861547,0.002026425395429064,-0.006782539955150547,0.7818314824680298,0.6234898018587336,0.0,1.0
2023-02-01,294.4100036621094,303.42999267578125,292.29998779296875,300.9200134277344,295.21826171875,67562200.0,0.0211581776567308,102.0999984741211,102.19000244140624,101.04000091552734,101.22000122070312,101.22000122070312,0.0,3.4749999046325684,3.509999990463257,3.38700008392334,3.3970000743865967,3.3970000743865967,0.0,19.6200008392334,20.040000915527344,17.700000762939453,17.8700008392334,17.8700008392334,0.0,0.021158177656730823,0.03780443851896509,0.021383598924907377,289.8299987792969,282.50049743652346,279.26799926757815,289.884700012207,289.3497553226389,283.4214050912671,5.92835023137178,3.9419352306740354,68.95982727461988,81.6253178498293,83.56411217458066,8.291351712995075,-8.496889353551673,6.171263410762865,262.3106385337165,302.69035633933044,14.293680249071803,0.22305298373367455,0.014874869850208826,-0.020426212839371807,-0.0022217123357651364,-0.013085003011115807,0.004752826304783522,0.9749279121818236,-0.22252093395631434,0.49999999999999994,0.8660254037844387
2023-02-02,307.57000732421875,313.67999267578125,306.7300109863281,311.7200012207031,305.8135986328125,83070600.0,0.0352608085436692,100.8499984741211,101.91000366210938,100.81999969482422,101.75,101.75,0.0,3.372999906539917,3.407000064849853,3.3340001106262207,3.3959999084472656,3.3959999084472656,0.0,17.739999771118164,19.25,17.059999465942383,18.729999542236328,18.729999542236328,0.0,0.035260808543669225,0.02259642203060112,0.03588984249272675,293.48699951171875,285.00749816894535,279.72599914550784,289.8032499694824,292.79133161464875,285.51759739715123,7.27373421749752,4.608295028038732,74.78403057806032,90.57739874882921,84.79474729525117,13.290935175516283,-4.925842014115256,6.641885970568866,263.3564134261065,306.6585829117842,15.193343951957809,0.2297769666687583,0.021158177656730823,0.014874869850208826,0.019309872657048654,-0.009873113796161133,-0.01577833726029396,0.43388373911755823,-0.900968867902419,0.49999999999999994,0.8660254037844387
2023-02-03,304.94000244140625,312.3900146484375,304.5400085449219,306.17999267578125,300.3786315917969,76170800.0,-0.0179319773706924,101.83000183105467,103.01000213623048,101.5500030517578,102.91999816894533,102.91999816894533,0.0,3.390000104904175,3.555999994277954,3.38100004196167,3.532000064849853,3.532000064849853,0.0,18.56999969482422,19.299999237060547,17.93000030517578,18.32999992370605,18.32999992370605,0.0,-0.017931977370692454,0.025742788878687674,-0.017772156193555433,295.8369995117188,286.876498413086,280.11119873046874,289.7678999328613,294.8511256240538,287.0481451955683,7.802980428485512,5.247232108128088,67.76042123961277,89.2427670664208,87.14849455502643,8.313287324495313,-18.848967433070673,6.72818026577935,264.6698949481829,309.08310187798907,15.481647041666568,0.23744711580700967,0.035260808543669225,0.021158177656730823,0.009905142441438508,0.02699935010832951,0.02722730385762437,-0.433883739117558,-0.9009688679024191,0.49999999999999994,0.8660254037844387
2023-02-06,303.510009765625,305.9100036621094,302.2200012207031,303.5899963378906,297.837646484375,40802300.0,-0.0084952565896494,103.01000213623048,103.7699966430664,103.01000213623048,103.62000274658205,103.62000274658205,0.0,3.5989999771118164,3.6440000534057617,3.5989999771118164,3.634000062942505,3.634000062942505,0.0,19.229999542236328,19.809999465942383,19.209999084472656,19.43000030517578,19.43000030517578,0.0,-0.008495256589649473,0.012157761927706191,-0.008459273863644756,297.29999999999995,288.5289978027344,280.528798828125,289.69344985961914,296.19556727233635,288.27346750240696,7.922099769929389,5.782205640488348,64.70102291202055,83.62235185659569,87.81417255728189,5.06298633563148,-25.358134983027036,6.530452493586406,266.52312344399695,310.53487216147187,15.253838973774652,0.2433502305903089,-0.017931977370692454,0.035260808543669225,-0.020426212839371807,0.021972433294632155,0.00645246991806052,0.0,1.0,0.49999999999999994,0.8660254037844387
2023-02-07,303.4599914550781,311.0299987792969,302.32000732421875,309.8800048828125,304.0085144042969,67584000.0,0.0205071813357331,103.54000091552734,103.95999908447266,103.0,103.43000030517578,103.43000030517578,0.0,3.6449999809265137,3.680999994277954,3.5969998836517334,3.674000024795532,3.674000024795532,0.0,19.540000915527344,19.989999771118164,18.43000030517578,18.65999984741211,18.65999984741211,0.0,0.02050718133573314,0.028702272788297647,0.020718898341971714,299.4510009765625,290.3814987182617,281.11499877929697,289.64874984741215,298.3008653662558,289.8739517528074,8.426913613448392,6.311147235080357,68.4290905965427,82.08092825437924,84.98201572579856,7.459170555134831,-9.550112820764545,6.686133847978671,267.712255646979,313.0507417895444,15.613421083191815,0.2488204848522451,-0.008495256589649473,-0.017931977370692454,0.014874869850208826,-0.002043913862861547,0.008429167672925111,0.7818314824680298,0.6234898018587336,0.49999999999999994,0.8660254037844387
2023-02-08,308.5400085449219,309.5,303.6700134277344,304.3699951171875,298.6029052734375,56720900.0,-0.0179410942152974,103.2699966430664,103.5199966430664,103.0,103.41000366210938,103.41000366210938,0.0,3.6579999923706055,3.691999912261963,3.630000114440918,3.6530001163482666,3.6530001163482666,0.0,18.8799991607666,20.1200008392334,18.549999237060547,19.6299991607666,19.6299991607666,0.0,-0.017941094215297427,0.018895399010844353,-0.017781110971354375,301.1149993896484,291.7224990844727,281.33519897460945,289.5225997924805,299.2345776356299,290.94773274276145,8.28684489286843,6.706286766637972,62.22897051298332,80.19080067563432,81.96469359553642,5.783193791227445,-24.519350169305444,6.652123677057204,269.0761842640053,314.3688139049401,15.5259295334021,0.2595940625427592,0.02050718133573314,-0.008495256589649473,0.021158177656730823,-0.0022217123357651364,0.017151820396051575,0.9749279121818236,-0.22252093395631434,0.49999999999999994,0.8660254037844387
2023-02-09,308.8399963378906,308.989990234375,300.20001220703125,301.67999267578125,295.9638671875,49137800.0,-0.008877238147208,103.43000030517578,103.5500030517578,102.63999938964844,103.22000122070312,103.22000122070312,0.0,3.5859999656677246,3.690000057220459,3.575000047683716,3.683000087738037,3.683000087738037,0.0,19.239999771118164,21.07999992370605,19.020000457763672,20.709999084472656,20.709999084472656,0.0,-0.008877238147208045,0.028461268396490182,-0.008837951805997557,301.94899902343747,292.8539993286133,281.4943988037109,289.46599975585934,299.6107953341147,291.74271496002217,7.8680803740925285,6.938645488128883,59.399363564359376,76.33582002895103,79.53584965298819,2.8431159889577424,-36.92307692307693,6.804827559220528,270.61596997092056,315.0920286863061,15.18710989685979,0.2639308300757179,-0.017941094215297427,0.02050718133573314,0.035260808543669225,0.019309872657048654,0.00538991646658674,0.43388373911755823,-0.900968867902419,0.49999999999999994,0.8660254037844387
2023-02-10,299.4800109863281,301.57000732421875,297.25,299.70001220703125,294.0214233398437,50050100.0,-0.0065847433736024,103.26000213623048,103.68000030517578,102.9000015258789,103.62999725341795,103.62999725341795,0.0,3.686000108718872,3.746999979019165,3.67300009727478,3.74399995803833,3.74399995803833,0.0,20.739999771118164,21.940000534057617,20.440000534057617,20.530000686645508,20.530000686645508,0.0,-0.006584743373602414,0.014425027266397312,-0.006563111457202675,302.2929992675781,293.79049987792973,281.63739929199215,289.4182498168945,299.6245210068711,292.3321443857265,7.2923766211445695,7.009391714732021,57.332888197102754,65.18074946279562,73.90245672246033,1.1611430257251658,-43.01532451923077,6.6351964961177226,272.0886198872592,315.49237986860027,14.773711198754,0.26623533174807623,-0.008877238147208045,-0.017941094215297427,-0.017931977370692454,0.009905142441438508,0.0068573162428623895,-0.433883739117558,-0.9009688679024191,0.49999999999999994,0.8660254037844387
2023-02-13,301.1300048828125,305.1000061035156,299.92999267578125,304.5,298.7304077148437,39636700.0,0.0158888870376141,103.58000183105467,103.83999633789062,103.23999786376952,103.3499984741211,103.3499984741211,0.0,3.746999979019165,3.755000114440918,3.70199990272522,3.7170000076293945,3.7170000076293945,0.0,21.65999984741211,21.690000534057617,20.32999992370605,20.34000015258789,20.34000015258789,0.0,0.015888887037614128,0.01716870900907511,0.016015786610070082,303.71600036621095,294.9669998168946,281.97459899902344,289.45499984741207,300.3745946981217,293.2334670238208,7.14112767430089,7.035738906645795,60.88551784616528,63.938489082532044,68.48501952475957,4.902336281708366,-28.246131310096157,6.5469677390010546,273.64362375467226,316.29037587911694,14.458143504499933,0.2696335249865432,-0.006584743373602414,-0.008877238147208045,-0.008495256589649473,-0.020426212839371807,0.0,0.0,1.0,0.49999999999999994,0.8660254037844387
2023-02-14,302.8900146484375,307.7200012207031,300.9100036621094,306.75,300.9378356933594,64079100.0,0.0073621972593898,103.22000122070312,103.5199966430664,102.58999633789062,103.2300033569336,103.2300033569336,0.0,3.687999963760376,3.799000024795532,3.621999979019165,3.760999917984009,3.760999917984009,0.0,20.71999931335449,20.75,18.479999542236328,18.90999984741211,18.90999984741211,0.0,0.007362197259389819,0.022483400671025985,0.007389364863796599,304.9290008544922,296.2274993896484,282.47599914550784,289.484949798584,301.3554262830261,294.234691688723,7.120734594303087,7.052738044177254,62.46327492793088,67.06495236650773,65.39473030394512,4.117169602826071,-27.543687071149858,6.565755583257676,275.2687024323031,317.18629634699374,14.15047353843188,0.26977515892248505,0.015888887037614128,-0.006584743373602414,0.02050718133573314,0.014874869850208826,0.002026425395429064,0.7818314824680298,0.6234898018587336,0.49999999999999994,0.8660254037844387
2023-02-15,304.8999938964844,309.2699890136719,304.20001220703125,309.1000061035156,303.2432556152344,43100600.0,0.0076315897475885,103.20999908447266,104.11000061035156,103.16000366210938,103.91999816894533,103.91999816894533,0.0,3.749000072479248,3.822000026702881,3.749000072479248,3.809000015258789,3.809000015258789,0.0,19.3700008392334,19.40999984741211,18.11000061035156,18.229999542236328,18.229999542236328,0.0,0.007631589747588565,0.016628327019127184,0.007660784548952915,305.74700012207035,297.78849945068356,283.0473992919921,289.57124984741216,302.5469001015629,295.33582608981874,7.211074011744188,7.084405237690641,64.0924203102112,74.98614460517805,68.66319535140593,2.718327898036488,-19.25174780321981,6.458914242070745,277.9636107465127,317.6133881548544,13.314744350934237,0.26199090652276485,0.007362197259389819,0.015888887037614128,-0.017941094215297427,0.021158177656730823,-0.013085003011115807,0.9749279121818236,-0.22252093395631434,0.49999999999999994,0.8660254037844387
2023-02-16,304.3800048828125,308.42999267578125,303.1499938964844,303.29998779296875,297.5531616210937,59498600.0,-0.0189424036849589,103.87999725341795,104.2300033569336,103.52999877929688,103.86000061035156,103.86000061035156,0.0,3.802999973297119,3.86899995803833,3.7929999828338623,3.8429999351501465,3.8429999351501465,0.0,18.26000022888184,20.270000457763672,18.229999542236328,20.170000076293945,20.170000076293945,0.0,-0.018942403684958965,0.01734673334186224,-0.01876412381405268,304.90499877929693,299.19599914550776,283.43639892578125,289.6319998168945,302.66275974639456,295.92576399375577,6.736995752638791,7.014923340680271,57.46353015561006,69.85757541474146,70.63622412880908,-2.701146347607275,-43.63183888140594,6.422564096710781,282.36790252841956,316.02409576259595,11.248878103416214,0.2707980736793597,0.007631589747588565,0.007362197259389819,-0.008877238147208045,0.035260808543669225,-0.009873113796161133,0.43388373911755823,-0.900968867902419,0.49999999999999994,0.8660254037844387
2023-02-17,301.07000732421875,301.92999267578125,298.1000061035156,301.1600036621094,295.4537353515625,58230700.0,-0.0070806429117698,104.1999969482422,104.66999816894533,103.83999633789062,103.86000061035156,103.86000061035156,0.0,3.885999917984009,3.900000095367432,3.8239998817443848,3.828000068664551,3.828000068664551,0.0,20.940000534057617,21.299999237060547,19.81999969482422,20.020000457763672,20.020000457763672,0.0,-0.007080642911769875,0.01272124914170264,-0.007055634220430873,304.4029998779297,300.11999969482423,283.818798828125,289.628099822998,302.43156650265837,296.31348545067084,6.118081051987531,6.835554882941723,55.19522474823249,61.26481320035492,68.70284440675815,-1.6395548807095373,-53.32197371430948,6.335236781906663,285.18765209103196,315.0523472986165,9.950918045432601,0.26069289122077915,-0.018942403684958965,0.007631589747588565,-0.006584743373602414,-0.017931977370692454,0.02699935010832951,-0.433883739117558,-0.9009688679024191,0.49999999999999994,0.8660254037844387
2023-02-20,301.07000732421875,301.92999267578125,298.1000061035156,301.1600036621094,295.4537353515625,58230700.0,0.0,104.1999969482422,104.66999816894533,103.83999633789062,103.86000061035156,103.86000061035156,0.0,3.885999917984009,3.900000095367432,3.8239998817443848,3.828000068664551,3.828000068664551,0.0,20.940000534057617,21.299999237060547,19.81999969482422,20.020000457763672,20.020000457763672,0.0,0.0,0.01272124914170264,0.0,304.1600006103516,300.73000030517585,284.13039916992193,289.6416998291015,302.2359414502662,296.6724867996663,5.563454650599908,6.58113483647336,55.19522474823249,48.16228361818954,59.76155741109531,-0.8004192183844914,-58.559336549715944,6.156290338360875,286.75087991261955,314.70912069773215,9.296791393190247,0.2511628903232335,-0.007080642911769875,-0.018942403684958965,0.015888887037614128,-0.008495256589649473,0.021972433294632155,0.0,1.0,0.49999999999999994,0.8660254037844387
2023-02-21,297.260009765625,298.7300109863281,293.8900146484375,294.0299987792969,288.45880126953125,46526700.0,-0.0239599881090265,103.91000366210938,104.26000213623048,103.7699966430664,104.18000030517578,104.18000030517578,0.0,3.8940000534057617,3.961999893188477,3.88100004196167,3.954999923706055,3.954999923706055,0.0,21.799999237060547,23.34000015258789,21.799999237060547,22.8700008392334,22.8700008392334,0.0,-0.02395998810902657,0.0162820298018113,-0.023675226423209517,302.57500000000005,301.0130004882813,284.2379992675781,289.58099975585935,300.9734887316555,296.4767469463056,4.496741785349911,6.164256226248671,47.89045063908081,29.608679442533294,46.345258753692576,-5.114885069628688,-99.2926514083747,6.235840243740232,287.8841364003464,314.1418645762162,8.72312097260798,0.26744166093870986,0.0,-0.007080642911769875,0.007362197259389819,0.02050718133573314,-0.002043913862861547,0.7818314824680298,0.6234898018587336,0.49999999999999994,0.8660254037844387
2023-02-22,294.6199951171875,296.3599853515625,292.5599975585937,294.25,288.6746826171875,51389200.0,0.0007481158648812,104.12999725341795,104.5999984741211,104.01000213623048,104.58999633789062,104.58999633789062,0.0,3.927000045776367,3.950999975204468,3.890000104904175,3.92300009727478,3.92300009727478,0.0,23.030000686645508,23.6299991607666,22.020000457763672,22.290000915527344,22.290000915527344,0.0,0.0007481158648812256,0.012897929047406748,0.0007483957733518398,301.56300048828126,301.3389999389649,284.3927990722656,289.5965496826172,299.93910584986236,296.31180272806074,3.627303121801617,5.656865605359261,48.118609237644414,16.890152585046685,31.553705215256507,-3.3248990634872317,-91.47755428676932,6.061850782970844,289.32218325044505,313.3558166274847,7.97561330657751,0.26717894062957903,-0.02395998810902657,0.0,0.007631589747588565,-0.017941094215297427,-0.0022217123357651364,0.9749279121818236,-0.22252093395631434,0.49999999999999994,0.8660254037844387
2023-02-23,297.9700012207031,298.1300048828125,292.54998779296875,296.82000732421875,291.19598388671875,69294400.0,0.0086961362391303,104.5,104.77999877929688,104.30999755859376,104.5999984741211,104.5999984741211,0.0,3.940999984741211,3.9779999256134033,3.86299991607666,3.878999948501587,3.878999948501587,0.0,21.959999084472656,22.43000030517578,20.88999938964844,21.13999938964844,21.13999938964844,0.0,0.008696136239130367,0.018726774732301634,0.008734057474914625,301.07700195312503,301.51300048828125,284.79139892578127,289.63274978637696,299.4592445382249,296.3494475129614,3.1097970252635037,5.14745188934011,50.82717057801557,10.77864895431034,19.092493660630105,-1.6109737037767629,-76.89384744192498,6.027434090604624,289.8895200998608,313.1364808767017,7.710102297146021,0.26015929602840715,0.0007481158648812256,-0.02395998810902657,-0.018942403684958965,-0.008877238147208045,0.019309872657048654,0.43388373911755823,-0.900968867902419,0.49999999999999994,0.8660254037844387
2023-02-24,291.760009765625,292.9700012207031,290.04998779296875,291.8500061035156,286.32012939453125,74332000.0,-0.016886006249168,104.55999755859376,105.31999969482422,104.41999816894533,105.20999908447266,105.20999908447266,0.0,3.9159998893737793,3.9779999256134033,3.9079999923706055,3.9489998817443848,3.9489998817443848,0.0,21.350000381469727,22.89999961853028,21.31999969482422,21.670000076293945,21.670000076293945,0.0,-0.016886006249168094,0.010008271627355866,-0.016744236740862117,300.29200134277346,301.2925003051758,285.14339904785163,289.64859985351563,298.28859247134653,296.0161555567061,2.272436914640423,4.572448894400172,45.842854907688306,13.402760224459406,13.69052058793881,-2.6192878824752537,-91.42031759792748,6.08047590779358,289.0962342678946,313.488766342457,8.095963905459133,0.26477628401869285,0.008696136239130367,0.0007481158648812256,-0.007080642911769875,-0.006584743373602414,0.009905142441438508,-0.433883739117558,-0.9009688679024191,0.49999999999999994,0.8660254037844387
2023-02-27,295.07000732421875,296.489990234375,293.3399963378906,293.94000244140625,288.3705444335937,48995000.0,0.0071357473953831,105.26000213623048,105.36000061035156,104.5500030517578,104.66999816894533,104.66999816894533,0.0,3.9670000076293945,3.9670000076293945,3.8970000743865967,3.921999931335449,3.921999931335449,0.0,21.989999771118164,22.020000457763672,20.68000030517578,20.950000762939453,20.950000762939453,0.0,0.0071357473953831034,0.010675411998154073,0.00716126750640389,299.2360015869141,301.47600097656255,285.6271990966797,289.65089981079103,297.6195786205865,295.8623664370543,1.7572121835322037,4.009401552226579,48.14571710708262,17.228632573731417,13.80334725083372,-3.467979493791051,-79.99993723895327,5.9775836380125655,289.8824699338229,313.0695320193022,7.691180064207466,0.2555239926519026,-0.016886006249168094,0.008696136239130367,0.0,0.015888887037614128,-0.020426212839371807,0.0,1.0,0.49999999999999994,0.8660254037844387
2023-02-28,293.29998779296875,296.1199951171875,292.9599914550781,293.5599975585937,287.99774169921875,48243100.0,-0.001293626992789,104.62999725341795,105.0,104.41999816894533,104.87000274658205,104.87000274658205,0.0,3.947000026702881,3.983000040054321,3.9040000438690186,3.9159998893737793,3.9159998893737793,0.0,21.299999237060547,21.3700008392334,20.100000381469727,20.700000762939453,20.700000762939453,0.0,-0.001293626992789024,0.01077396451969825,-0.0012927906180819626,297.91700134277346,301.4230010986329,286.10759887695315,289.6824998474121,296.9950276879722,295.69182059420535,1.3032070937668436,3.468162660534632,47.74816213998209,15.61400721999355,15.415133339394789,-4.299919296301974,-81.7377235031386,5.776327925448053,289.68866611006746,313.1573360871983,7.785958567060822,0.2499522967813872,0.0071357473953831034,-0.016886006249168094,-0.02395998810902657,0.007362197259389819,0.014874869850208826,0.7818314824680298,0.6234898018587336,0.49999999999999994,0.8660254037844387
2023-03-01,293.260009765625,293.92999267578125,290.20001220703125,291.20001220703125,285.6825256347656,58287000.0,-0.0080714947533583,105.04000091552734,105.08999633789062,104.08999633789062,104.4800033569336,104.4800033569336,0.0,3.940000057220459,4.00600004196167,3.934000015258789,3.99399995803833,3.99399995803833,0.0,20.38999938964844,21.31999969482422,20.21999931335449,20.57999992370605,20.57999992370605,0.0,-0.008071494753358357,0.012719021839121606,-0.008039007704689238,296.127001953125,300.93700103759767,286.46259887695317,289.6821998596192,296.10348684475053,295.35909404700726,0.7443927977432736,2.9234086879763606,45.24922417410026,14.748605526174037,15.863748439966333,-5.791004057919618,-94.01652267938603,5.63016024996962,288.3414126887264,313.53258938646894,8.370913716454321,0.23811011253505707,-0.001293626992789024,0.0071357473953831034,0.0007481158648812256,0.007631589747588565,0.021158177656730823,0.9749279121818236,-0.22252093395631434,0.8660254037844386,0.5000000000000001
2023-03-02,288.6600036621094,294.42999267578125,288.3699951171875,293.6099853515625,288.0467834472656,53565900.0,0.0082417654391283,104.38999938964844,105.18000030517578,104.38999938964844,105.02999877929688,105.02999877929688,0.0,4.050000190734863,4.091000080108643,4.044000148773193,4.072999954223633,4.072999954223633,0.0,21.40999984741211,21.420000076293945,19.549999237060547,19.59000015258789,19.59000015258789,0.0,0.008241765439128369,0.020993547709114813,0.008275822286458734,295.15800170898433,300.0315002441406,286.9995983886719,289.6535998535157,295.7198712304139,295.2295304399373,0.49034079047657997,2.4367951084764043,48.228930943108466,16.439161582909676,15.600591443025753,-3.194857511178208,-74.92826906874635,5.660862914871344,288.114281829877,311.94871865840423,7.943978152004967,0.1986106439981757,-0.008071494753358357,-0.001293626992789024,0.008696136239130367,-0.018942403684958965,0.035260808543669225,0.43388373911755823,-0.900968867902419,0.8660254037844386,0.5000000000000001
2023-03-03,295.3900146484375,299.9200134277344,294.8699951171875,299.67999267578125,294.0017395019531,60511500.0,0.0204627745256727,104.94000244140624,105.0,104.48999786376952,104.5199966430664,104.5199966430664,0.0,4.013000011444092,4.026000022888184,3.961999893188477,3.96399998664856,3.96399998664856,0.0,19.76000022888184,19.76000022888184,18.15999984741211,18.489999771118164,18.489999771118164,0.0,0.02046277452567275,0.017096103659960286,0.020673572478123958,295.0100006103516,299.7065002441406,287.64599853515625,289.606499786377,296.32912068354733,295.5591943092591,0.7699263742882181,2.1034213616387674,54.88831409693607,28.390014969922795,19.85926069300217,-0.49143676727692026,-45.88516334209923,5.707231854964239,288.1461091710648,311.26689131721645,7.7144747035241155,0.2068943737015094,0.008241765439128369,-0.008071494753358357,-0.016886006249168094,-0.007080642911769875,-0.017931977370692454,-0.433883739117558,-0.9009688679024191,0.8660254037844386,0.5000000000000001
2023-03-06,300.94000244140625,304.0,299.82000732421875,300.0199890136719,294.3353271484375,56736300.0,0.0011340019221701,104.52999877929688,104.69000244140624,104.16000366210938,104.3499984741211,104.3499984741211,0.0,3.9049999713897705,3.989000082015991,3.8970000743865967,3.983000040054321,3.983000040054321,0.0,19.049999237060547,19.190000534057617,18.489999771118164,18.61000061035156,18.61000061035156,0.0,0.0011340019221701026,0.013889787472156032,0.0011346451454656847,294.89599914550786,299.52799987792963,288.2991986083984,289.5610997009278,296.89694658048955,295.88962354662306,1.0073230338664985,1.8842016960843138,55.23564935156344,44.976060486149535,29.935079012994002,-0.3785411856072877,-44.25838613070581,5.608144388482419,288.110727330044,310.94527242581523,7.623509356413174,0.20512850819180667,0.02046277452567275,0.008241765439128369,0.0071357473953831034,0.0,-0.008495256589649473,0.0,1.0,0.8660254037844386,0.5000000000000001
2023-03-07,300.07000732421875,301.010009765625,295.7200012207031,296.3399963378906,290.7250671386719,65955800.0,-0.0123416518022546,104.3000030517578,105.6500015258789,104.12000274658205,105.62000274658205,105.62000274658205,0.0,3.940000057220459,4.006999969482422,3.921000003814697,3.974999904632568,3.974999904632568,0.0,18.63999938964844,19.739999771118164,18.51000022888184,19.59000015258789,19.59000015258789,0.0,-0.01234165180225468,0.01762924789482923,-0.012265805959285725,295.12699890136724,298.85099945068356,288.95439880371094,289.50139968872077,296.811261927782,295.92298449412436,0.8882774336576631,1.6850168435989836,50.68669881893901,49.862423008390024,41.07616615482078,0.7856332919035474,-60.26918150202487,5.585420399656666,288.45854468331936,309.24345421804776,6.954940613527487,0.19310416136860875,0.0011340019221701026,0.02046277452567275,-0.001293626992789024,-0.02395998810902657,0.02050718133573314,0.7818314824680298,0.6234898018587336,0.8660254037844386,0.5000000000000001
2023-03-08,296.7699890136719,298.42999267578125,294.8800048828125,297.82000732421875,292.177001953125,50876300.0,0.0049817555787503,105.66999816894533,105.87999725341795,105.37000274658205,105.66000366210938,105.66000366210938,0.0,3.9600000381469727,3.994999885559082,3.901000022888184,3.9760000705718994,3.9760000705718994,0.0,19.709999084472656,20.01000022888184,19.0,19.11000061035156,19.11000061035156,0.0,0.004981755578750395,0.011962084861637428,0.004994185154872044,295.48399963378904,298.5235000610352,289.70879882812505,289.46049972534183,296.96645352723385,296.06350470376094,0.9029488234729115,1.5286032395737692,52.38508871687111,51.97771472350661,48.93873273934872,1.2132565247982159,-39.53928819674948,5.440032356321815,288.4555904778816,308.5914096441888,6.745137036846448,0.18536199467559608,-0.01234165180225468,0.0011340019221701026,-0.008071494753358357,0.0007481158648812256,-0.017941094215297427,0.9749279121818236,-0.22252093395631434,0.8660254037844386,0.5000000000000001
2023-03-09,298.3299865722656,300.9800109863281,291.8299865722656,292.6600036621094,287.1147766113281,71456700.0,-0.017477735373255,105.62000274658205,105.7300033569336,105.1500015258789,105.30999755859376,105.30999755859376,0.0,4.011000156402588,4.017000198364258,3.8940000534057617,3.924999952316284,3.924999952316284,0.0,19.32999992370605,23.13999938964844,18.8799991607666,22.61000061035156,22.61000061035156,0.0,-0.017477735373255046,0.030670816967459134,-0.017325885706120814,295.06799926757816,298.0725006103516,290.2331988525391,289.35189971923836,296.3039227787532,295.81139351549047,0.4925292632627247,1.3213884443115602,46.38667619066877,42.54626442910014,48.12880072033225,-1.4015240076338153,-72.55273701392522,5.705031789017578,287.7940361506743,308.3509650700289,6.89662041190012,0.19253094504796736,0.004981755578750395,-0.01234165180225468,0.008241765439128369,0.008696136239130367,-0.008877238147208045,0.43388373911755823,-0.900968867902419,0.8660254037844386,0.5000000000000001
2023-03-10,292.8299865722656,294.3500061035156,287.3800048828125,288.54998779296875,283.0826416015625,98593600.0,-0.0141431795126352,105.12999725341795,105.3499984741211,104.04000091552734,104.58000183105467,104.58000183105467,0.0,3.812000036239624,3.8320000171661377,3.674000024795532,3.694999933242798,3.694999933242798,0.0,23.34000015258789,28.96999931335449,21.790000915527344,24.799999237060547,24.799999237060547,0.0,-0.01414317951263526,0.023802211318214993,-0.01404363459573521,294.7379974365235,297.5149993896485,290.6785986328125,289.263649597168,295.11100970401714,295.2735116101185,-0.1625019061013404,1.0246103742289803,42.23799455987013,31.649195073953248,42.057724742186664,-1.130724084815129,-92.96038956746553,5.795386748423689,286.430294379969,308.599704399328,7.451526835567796,0.19698710198430852,-0.017477735373255046,0.004981755578750395,0.02046277452567275,-0.016886006249168094,-0.006584743373602414,-0.433883739117558,-0.9009688679024191,0.8660254037844386,0.5000000000000001
2023-03-13,286.7300109863281,294.4700012207031,285.19000244140625,290.69000244140625,285.1820678710937,97123600.0,0.0073889361288208,104.38999938964844,104.38999938964844,103.4800033569336,103.5999984741211,103.5999984741211,0.0,3.505000114440918,3.546999931335449,3.4189999103546143,3.515000104904175,3.515000104904175,0.0,24.049999237060547,30.809999465942383,23.850000381469727,26.520000457763672,26.520000457763672,0.0,0.007388936128820813,0.03236493713153509,0.00741630167661822,294.4129974365235,296.8244995117188,291.1667987060547,289.1809996032715,294.4308547405385,294.9339924124361,-0.5031376718976048,0.7190607650036632,44.996447170493305,21.242214431865968,31.81255797830645,-1.1056678141818592,-70.76023012301133,6.044287607771774,285.8518991610981,307.79709986233945,7.393325260327753,0.18895588732431887,-0.01414317951263526,-0.017477735373255046,0.0011340019221701026,0.0071357473953831034,0.015888887037614128,0.0,1.0,0.8660254037844386,0.5000000000000001
2023-03-14,294.3099975585937,297.92999267578125,293.45001220703125,297.3699951171875,291.73553466796875,73602500.0,0.0227198777433561,103.66999816894533,104.0500030517578,103.5,103.5999984741211,103.5999984741211,0.0,3.5899999141693115,3.684999942779541,3.555999994277954,3.638000011444092,3.638000011444092,0.0,26.850000381469727,27.239999771118164,22.270000457763672,23.729999542236328,23.729999542236328,0.0,0.022719877743356147,0.015221978546135145,0.02297993995834724,294.79399719238285,296.3554992675782,291.8245983886719,289.1184996032715,294.8830301830999,295.1144370572325,-0.23140687413263095,0.5289672371764045,52.60496459877417,33.67738028155324,28.856263262457485,1.2978599231093613,-35.24723946486341,6.129694938243433,286.4159654058914,306.29503312926494,6.707845061928404,0.20644801112902983,0.007388936128820813,-0.01414317951263526,-0.01234165180225468,-0.001293626992789024,0.007362197259389819,0.7818314824680298,0.6234898018587336,0.8660254037844386,0.5000000000000001
2023-03-15,294.7099914550781,299.2699890136719,293.239990234375,298.92999267578125,293.2660217285156,83631500.0,0.0052324324120556,103.73999786376952,105.0999984741211,103.44000244140624,104.6500015258789,104.6500015258789,0.0,3.526000022888184,3.5299999713897705,3.388000011444092,3.492000102996826,3.492000102996826,0.0,23.209999084472656,29.90999984741211,23.190000534057617,26.13999938964844,26.13999938964844,0.0,0.005232432412055674,0.020460788416181038,0.005246145493687404,295.56699523925784,295.84699859619144,292.4883984375,289.0749494934082,295.5056397973585,295.3970708067547,0.1085689906038283,0.4448875878618893,54.198357810033535,55.679579989811245,36.866391567743484,2.6545261485958664,-26.953790442691517,6.122573784032965,287.7905244195759,303.903472772807,5.446378847744894,0.20520429891716696,0.022719877743356147,0.007388936128820813,0.004981755578750395,-0.008071494753358357,0.007631589747588565,0.9749279121818236,-0.22252093395631434,0.8660254037844386,0.5000000000000001
2023-03-16,298.0,307.17999267578125,297.19000244140625,306.8099975585937,300.9966735839844,98198100.0,0.0260190923803153,104.62000274658205,104.73999786376952,104.1999969482422,104.41999816894533,104.41999816894533,0.0,3.430999994277954,3.586999893188477,3.36899995803833,3.5850000381469727,3.5850000381469727,0.0,26.190000534057617,27.489999771118164,22.96999931335449,22.989999771118164,22.989999771118164,0.0,0.02601909238031539,0.03352345716233222,0.0263605439522252,296.886996459961,296.0224990844727,293.39299865722654,289.11199951171875,297.24477176062544,296.24247278837237,1.0022989722530724,0.556369864740126,61.27970681088138,78.70546951921852,56.02080993019433,4.495764063073595,-1.682561534789484,6.398817816200253,287.1689362975148,304.87606187143064,5.981682348024147,0.21675630636948906,0.005232432412055674,0.022719877743356147,-0.017477735373255046,0.008241765439128369,-0.018942403684958965,0.43388373911755823,-0.900968867902419,0.8660254037844386,0.5000000000000001
2023-03-17,306.7200012207031,309.1499938964844,303.3699951171875,305.3599853515625,299.5741271972656,89923700.0,-0.0047373233773392,104.41000366210938,104.4499969482422,103.69000244140624,103.70999908447266,103.70999908447266,0.0,3.496000051498413,3.496000051498413,3.381999969482422,3.3949999809265137,3.3949999809265137,0.0,22.920000076293945,26.13999938964844,22.57999992370605,25.51000022888184,25.51000022888184,0.0,-0.004737323377339258,0.01884454471926604,-0.00472611995933514,297.454995727539,296.23249816894537,294.12419860839844,289.19459945678705,298.49326615923115,296.91784408934944,1.5754220698817107,0.760180305768443,59.458013760213596,85.18185888930417,73.1889694661113,1.895352647691212,-15.818071354606488,6.354616456421441,286.69317036739653,305.7718259704942,6.440433011578919,0.21581610974111987,0.02601909238031539,0.005232432412055674,-0.01414317951263526,0.02046277452567275,-0.007080642911769875,-0.433883739117558,-0.9009688679024191,0.8660254037844386,0.5000000000000001
2023-03-20,304.260009765625,306.29998779296875,302.010009765625,305.9700012207031,300.6373291015625,56359500.0,0.0035427614890509,103.86000061035156,103.95999908447266,103.27999877929688,103.27999877929688,103.27999877929688,0.0,3.3949999809265137,3.506999969482422,3.3949999809265137,3.4809999465942383,3.4809999465942383,0.0,27.770000457763672,28.90999984741211,24.0,24.14999961853028,24.14999961853028,0.0,0.0035427614890509076,0.014099710411001333,0.003549044486063968,298.0499969482422,296.47299804687503,294.8327984619141,289.34739944458,299.6435330917653,297.5883742472275,2.0551588445378,1.0191760135223145,59.996788883576876,89.74242424851053,84.54325088567774,1.98320526128681,-13.272094365072395,6.207142282915892,286.19654532823273,306.74945076551734,6.9324712782224465,0.21603162014841915,-0.004737323377339258,0.02601909238031539,0.007388936128820813,0.0011340019221701026,0.0,0.0,1.0,0.8660254037844386,0.5000000000000001
2023-03-21,307.94000244140625,310.79998779296875,306.3999938964844,310.3399963378906,304.93115234375,49757000.0,0.0141813695225406,103.30999755859376,103.5199966430664,103.0,103.26000213623048,103.26000213623048,0.0,3.572999954223633,3.61299991607666,3.5369999408721924,3.6059999465942383,3.6059999465942383,0.0,24.15999984741211,24.15999984741211,21.290000915527344,21.3799991607666,21.3799991607666,0.0,0.014181369522540694,0.014288477825551718,0.014282402172143271,299.4499969482422,297.28849792480474,295.5829986572266,289.51954940795895,301.2891428219384,298.53293884653584,2.7562039754025704,1.3665816058983657,63.71670957028858,89.70456441625083,88.20961585135518,4.724303223665098,-1.79614103156861,6.108774017869445,285.37079214561805,309.20620370399143,8.017603010124608,0.19969559013032512,0.0035427614890509076,-0.004737323377339258,0.022719877743356147,-0.01234165180225468,-0.02395998810902657,0.7818314824680298,0.6234898018587336,0.8660254037844386,0.5000000000000001
2023-03-22,310.2699890136719,315.25,305.95001220703125,306.1199951171875,300.78466796875,75791900.0,-0.0136914011780077,103.1999969482422,103.2699966430664,102.06999969482422,102.3499984741211,102.3499984741211,0.0,3.638000011444092,3.6440000534057617,3.4600000381469727,3.5,3.5,0.0,21.799999237060547,22.3799991607666,19.940000534057617,22.26000022888184,22.26000022888184,0.0,-0.013691401178007743,0.029973855423570957,-0.013598100237150135,300.2799957275391,297.8819976806641,296.154398803711,289.63614944458004,302.03235086736134,299.0949430147323,2.9374078526290646,1.6807468552445055,58.09823908491217,84.85305257866321,88.10001374780819,2.7869141054492865,-30.372606867369335,6.336717858947967,285.4310948492905,310.33290051203767,8.359620875593308,0.20804427990668534,0.014181369522540694,0.0035427614890509076,0.005232432412055674,0.004981755578750395,0.0007481158648812256,0.9749279121818236,-0.22252093395631434,0.8660254037844386,0.5000000000000001
2023-03-23,309.9200134277344,314.1499938964844,307.010009765625,309.75,304.3514099121094,74576000.0,0.0117883675364166,102.5,102.63999938964844,101.91999816894533,102.52999877929688,102.52999877929688,0.0,3.4830000400543213,3.5199999809265137,3.3929998874664307,3.4059998989105225,3.4059998989105225,0.0,21.540000915527344,24.90999984741211,20.15999984741211,22.61000061035156,22.61000061035156,0.0,0.011788367536416617,0.0230381512051794,0.011858124177160256,301.98899536132814,298.52849731445315,296.7683990478516,289.82794937133787,303.2196815031519,299.8842064951225,3.335475008029391,2.0116924858014826,61.26252278115552,83.17817025380512,85.91192908290638,5.839539439636542,-18.296741339646662,6.457666496115746,285.01257235042954,312.04442227847676,9.055031654004338,0.20963699214528264,-0.013691401178007743,0.014181369522540694,0.02601909238031539,-0.017477735373255046,0.008696136239130367,0.43388373911755823,-0.900968867902419,0.8660254037844386,0.5000000000000001
2023-03-24,309.32000732421875,310.989990234375,306.95001220703125,310.8900146484375,305.4715270996094,57195200.0,0.0036735858204199,102.5999984741211,103.36000061035156,102.5,103.12000274658205,103.12000274658205,0.0,3.2980000972747803,3.3970000743865967,3.2950000762939453,3.380000114440918,3.380000114440918,0.0,22.11000061035156,25.209999084472656,21.600000381469727,21.739999771118164,21.739999771118164,0.0,0.003673585820419966,0.013060836453133735,0.003680341707053225,304.22299804687503,299.48049774169925,297.3667993164063,290.0089494323731,304.3997327562728,300.6994515435162,3.700281212756579,2.3494102311925023,62.22726108449727,78.94212488722573,82.32444923989802,7.742168705790228,-14.50427713130682,6.284974462632032,285.2803505895211,313.6806448938774,9.483186557560565,0.19712844611849234,0.011788367536416617,-0.013691401178007743,-0.004737323377339258,-0.01414317951263526,-0.016886006249168094,-0.433883739117558,-0.9009688679024191,0.8660254037844386,0.5000000000000001
2023-03-27,311.6000061035156,312.70001220703125,307.8900146484375,308.760009765625,303.378662109375,50287400.0,-0.0068748380810708,103.12000274658205,103.2300033569336,102.83000183105467,102.86000061035156,102.86000061035156,0.0,3.470000028610229,3.5369999408721924,3.4679999351501465,3.5280001163482666,3.5280001163482666,0.0,22.049999237060547,22.93000030517578,20.56999969482422,20.600000381469727,20.600000381469727,0.0,-0.006874838081070854,0.015436448858719972,-0.006851260443504148,306.0299987792969,300.2214981079102,297.9225994873047,290.1792994689942,305.0705446038654,301.2965299303391,3.774014673526324,2.634331119659267,59.25779398152547,81.86961974512506,81.32997162871864,6.216246576234104,-21.59012229367131,6.179618969486441,285.69572808352086,314.7472681322995,9.676702112230647,0.19971005569096612,0.003673585820419966,0.011788367536416617,0.0035427614890509076,0.007388936128820813,0.0071357473953831034,0.0,1.0,0.8660254037844386,0.5000000000000001
2023-03-28,308.1700134277344,308.20001220703125,304.7699890136719,307.1199951171875,301.7672424316406,48585900.0,-0.0053257354116638,102.75,102.76000213623048,102.37999725341795,102.43000030517578,102.43000030517578,0.0,3.5450000762939453,3.575000047683716,3.5220000743865967,3.563999891281128,3.563999891281128,0.0,20.530000686645508,21.39999961853028,19.90999984741211,19.96999931335449,19.96999931335449,0.0,-0.005325735411663844,0.011130295109532819,-0.005311578825386909,307.0049987792969,300.8994979858399,298.43419921875,290.30949951171874,305.38584468283807,301.7278977219575,3.6579469608805653,2.8390542879035268,57.00229824807098,78.95322465040822,79.92165642758633,3.2787437065255096,-27.04592662379721,6.02321909680549,286.4171277957309,315.3818681759489,9.626051413878091,0.20124274877169668,-0.006874838081070854,0.003673585820419966,0.014181369522540694,0.022719877743356147,-0.001293626992789024,0.7818314824680298,0.6234898018587336,0.8660254037844386,0.5000000000000001
2023-03-29,310.8800048828125,313.3500061035156,310.04998779296875,312.7200012207031,307.2696228027344,53274300.0,0.0180696125307862,102.48999786376952,102.79000091552734,102.37000274658205,102.63999938964844,102.63999938964844,0.0,3.57699990272522,3.609999895095825,3.546999931335449,3.565999984741211,3.565999984741211,0.0,19.38999938964844,19.450000762939453,19.09000015258789,19.1200008392334,19.1200008392334,0.0,0.018069612530786216,0.01061508703909996,0.01823385575835057,308.3839996337891,301.9754974365234,299.1309991455078,290.4697494506836,306.5141764578942,302.5421276107535,3.9720488471407407,3.0656531997509697,62.281586805801425,80.982484709061,80.60177636819809,4.613123099988995,-8.416496955348496,6.037989946057107,287.330582773742,316.6204120993049,9.699405936642174,0.2046770249980406,-0.005325735411663844,-0.006874838081070854,-0.013691401178007743,0.005232432412055674,-0.008071494753358357,0.9749279121818236,-0.22252093395631434,0.8660254037844386,0.5000000000000001
2023-03-30,315.239990234375,316.32000732421875,312.8099975585937,315.67999267578125,310.1780700683594,58354800.0,0.0094209398158267,102.62000274658205,102.77999877929688,102.06999969482422,102.13999938964844,102.13999938964844,0.0,3.563999891281128,3.594000101089477,3.546999931335449,3.5510001182556152,3.5510001182556152,0.0,19.1200008392334,20.07999992370605,18.850000381469727,19.020000457763672,19.020000457763672,0.0,0.009420939815826795,0.01113440513373773,0.009465456556023488,309.2709991455078,303.07899780273436,299.94159912109376,290.6238993835449,307.92430202987686,303.51530280075553,4.408999229121321,3.3343224056250405,64.74553157480548,87.49387835074654,82.47652923673859,2.8910384888920024,-2.0559413686146444,5.863848243018429,287.7769416479111,318.38105395755764,10.097734429478981,0.20507090001630535,0.018069612530786216,-0.005325735411663844,0.011788367536416617,0.02601909238031539,0.008241765439128369,0.43388373911755823,-0.900968867902419,0.8660254037844386,0.5000000000000001
2023-03-31,315.9100036621094,321.1700134277344,315.6000061035156,320.92999267578125,315.3365478515625,62138100.0,0.0164939222254776,102.1999969482422,102.62999725341795,102.0500030517578,102.51000213623048,102.51000213623048,0.0,3.555999994277954,3.559999942779541,3.492000102996826,3.49399995803833,3.49399995803833,0.0,19.209999084472656,19.43000030517578,18.520000457763672,18.700000762939453,18.700000762939453,0.0,0.016493922225477693,0.017631626917950696,0.016630697915124282,310.8279998779297,304.1414978027343,300.70659912109375,290.75549942016596,309.92517751386214,304.8052798285352,5.119897685326919,3.6914374615654166,68.65645408598458,96.22273233497971,88.2330317982624,5.098902302570169,-0.8593646710977065,5.842859605961309,286.9935162471842,321.28947935828444,11.276318213354946,0.2012160589782845,0.009420939815826795,0.018069612530786216,0.003673585820419966,-0.004737323377339258,0.02046277452567275,-0.433883739117558,-0.9009688679024191,0.8660254037844386,0.5000000000000001
2023-04-03,318.7699890136719,320.4200134277344,317.4200134277344,320.1499938964844,314.5701904296875,47126800.0,-0.0024332421084374,102.58999633789062,103.05999755859376,101.9800033569336,102.08999633789062,102.08999633789062,0.0,3.5169999599456787,3.5239999294281006,3.400000095367432,3.430000066757202,3.430000066757202,0.0,19.790000915527344,19.82999992370605,18.540000915527344,18.549999237060547,18.549999237060547,0.0,-0.002433242108437471,0.009411174525188228,-0.0024302841744678894,312.2459991455078,305.147998046875,301.33039916992186,290.8939993286133,311.4982261881117,305.94192531504996,5.55630087306173,4.064410143864679,67.45909380819842,97.81087998435653,93.84249689002759,4.634438872833451,-3.6520540072180085,5.676225294681707,286.70447231391415,323.5915237798358,12.088249538591207,0.2021691966574848,0.016493922225477693,0.009420939815826795,-0.006874838081070854,0.0035427614890509076,0.0011340019221701026,0.0,1.0,1.0,6.123233995736766e-17
2023-04-04,320.6000061035156,321.6300048828125,317.8299865722656,319.07000732421875,313.5089416503906,45875400.0,-0.0033793505787655,102.01000213623048,102.27999877929688,101.45999908447266,101.58999633789062,101.58999633789062,0.0,3.4730000495910645,3.484999895095825,3.3350000381469727,3.336999893188477,3.336999893188477,0.0,18.790000915527344,20.030000686645508,18.57999992370605,19.0,19.0,0.0,-0.003379350578765518,0.011852832932635445,-0.0033736470002044827,313.11900024414064,306.28449859619144,301.9443994140625,291.07164932250976,312.6631155936666,306.9143758342476,5.7487397594189815,4.401276066975539,65.74930005186157,95.00465353539815,96.34608861824479,2.8130473317474367,-10.474620715489792,5.542210510100648,287.3320035504059,325.236993641977,12.37574551284929,0.19534600011714537,-0.002433242108437471,0.016493922225477693,-0.005325735411663844,0.014181369522540694,-0.01234165180225468,0.7818314824680298,0.6234898018587336,1.0,6.123233995736766e-17
2023-04-05,318.1000061035156,319.0599975585937,314.07000732421875,315.9200134277344,310.41387939453125,62795700.0,-0.0099213798234104,101.5199966430664,101.98999786376952,101.41999816894533,101.8499984741211,101.8499984741211,0.0,3.309000015258789,3.3239998817443848,3.2660000324249268,3.2869999408721924,3.2869999408721924,0.0,19.420000076293945,20.07999992370605,19.0,19.07999992370605,19.07999992370605,0.0,-0.009921379823410443,0.015686859913957713,-0.0098723252981755,314.0990020751953,307.1894989013672,302.5081994628907,291.23224945068364,313.16417679890776,307.5814601004318,5.582716698475963,4.637564193275624,60.900853185077736,85.59013513979883,92.80188955318451,3.201364976761899,-29.10291985789568,5.503481187950602,288.2102798074779,326.1687179952565,12.356684822734238,0.2011976909857091,-0.003379350578765518,-0.002433242108437471,0.018069612530786216,-0.013691401178007743,0.004981755578750395,0.9749279121818236,-0.22252093395631434,1.0,6.123233995736766e-17
2023-04-06,314.239990234375,318.54998779296875,312.82000732421875,318.04998779296875,312.5067138671875,46916500.0,0.0067194514670346,101.83000183105467,102.13999938964844,101.76000213623048,101.81999969482422,101.81999969482422,0.0,3.2679998874664307,3.305000066757202,3.253000020980835,3.2880001068115234,3.2880001068115234,0.0,19.299999237060547,19.8799991607666,18.350000381469727,18.39999961853028,18.39999961853028,0.0,0.006719451467034698,0.018234408881174894,0.006742077631123777,314.92900085449213,308.45899810791013,303.00239929199216,291.421099395752,313.9158400287633,308.3569065961753,5.558933432587992,4.821838041138098,62.893415166828994,80.7252269091098,87.10667186143559,2.679576365768765,-18.246778699285127,5.519659708007702,290.18844359747254,326.7295526183477,11.84634238100319,0.18626977482286328,-0.009921379823410443,-0.003379350578765518,0.009420939815826795,0.011788367536416617,-0.017477735373255046,0.43388373911755823,-0.900968867902419,1.0,6.123233995736766e-17
2023-04-07,314.239990234375,318.54998779296875,312.82000732421875,318.04998779296875,312.5067138671875,46916500.0,0.0,101.83000183105467,102.13999938964844,101.76000213623048,101.81999969482422,101.81999969482422,0.0,3.2679998874664307,3.305000066757202,3.253000020980835,3.2880001068115234,3.2880001068115234,0.0,19.299999237060547,19.8799991607666,18.350000381469727,18.39999961853028,18.39999961853028,0.0,0.0,0.018234408881174894,0.0,315.64499816894534,309.93399810791016,303.4381988525391,291.6006993103028,314.5518627617179,309.0749126107526,5.476950150965308,4.95286046310354,62.89341516682899,77.13884362007212,81.15140188966024,2.303056646135108,-21.23377058260283,5.5346826194892955,293.7917461846386,326.0762500311817,10.416573865285521,0.1741295531655928,0.006719451467034698,-0.009921379823410443,0.016493922225477693,0.003673585820419966,-0.01414317951263526,-0.433883739117558,-0.9009688679024191,1.0,6.123233995736766e-17
2023-04-10,315.07000732421875,317.9200134277344,313.25,317.8699951171875,312.3299560546875,45134700.0,-0.0005657728674506,102.0999984741211,102.80999755859376,101.98999786376952,102.58000183105467,102.58000183105467,0.0,3.365999937057495,3.436000108718872,3.3510000705718994,3.414999961853028,3.414999961853028,0.0,19.38999938964844,20.049999237060547,18.93000030517578,18.96999931335449,18.96999931335449,0.0,-0.0005657728674506368,0.01482214529842175,-0.0005656128481614786,316.5559967041016,311.2929977416992,303.99019897460937,291.7793992614747,315.0623446625594,309.72640020382187,5.335944458737515,5.029477262230335,62.580853392574255,79.4060363077896,79.09003561232385,2.9505068867168873,-22.301341794743234,5.482204417594971,297.57839169206295,325.00760379133544,8.811381013469619,0.1749358948842256,0.0,0.006719451467034698,-0.002433242108437471,-0.006874838081070854,0.007388936128820813,0.0,1.0,1.0,6.123233995736766e-17
2023-04-11,317.8299865722656,317.8900146484375,315.3099975585937,315.8299865722656,310.3254089355469,40113600.0,-0.0064387272866792,102.5199966430664,102.5199966430664,102.01000213623048,102.1999969482422,102.1999969482422,0.0,3.4089999198913574,3.4560000896453857,3.3910000324249268,3.434000015258789,3.434000015258789,0.0,19.07999992370605,19.280000686645508,18.559999465942383,19.100000381469727,19.100000381469727,0.0,-0.006438727286679283,0.0081176012297291,-0.006418043099233328,317.42699584960934,312.2159973144531,304.4143988037109,291.92374923706063,315.1804434178988,310.17851771259546,5.001925705303336,5.023966950844935,59.00188075766835,74.02128746891981,76.85538913226051,2.836022269326574,-34.401025215894464,5.274905322755602,300.04938906806655,324.38260556083964,7.793712270375922,0.16510274181820978,-0.0005657728674506368,0.0,-0.003379350578765518,-0.005325735411663844,0.022719877743356147,0.7818314824680298,0.6234898018587336,1.0,6.123233995736766e-17
2023-04-12,317.82000732421875,318.4200134277344,312.57000732421875,313.0400085449219,307.5841064453125,62813300.0,-0.0088728864235693,102.12999725341795,102.16000366210938,101.4499969482422,101.5,101.5,0.0,3.447000026702881,3.4600000381469727,3.3420000076293945,3.4210000038146973,3.4210000038146973,0.0,19.3799991607666,19.979999542236328,18.25,19.09000015258789,19.09000015258789,0.0,-0.008872886423569325,0.018406664051038926,-0.00883363853329755,317.45899658203126,312.9214981079101,304.6567987060547,292.0449493408204,314.8511457451331,310.3904799964715,4.460665748661597,4.911306710408267,54.41819818564646,64.11623698946607,72.51452025539183,0.10233030281708902,-50.94892202096407,5.315983949952747,302.4854105176727,323.35758569814755,6.670099467974922,0.17018726064072887,-0.006438727286679283,-0.0005657728674506368,-0.009921379823410443,0.018069612530786216,0.005232432412055674,0.9749279121818236,-0.22252093395631434,1.0,6.123233995736766e-17
2023-04-13,314.8299865722656,319.6499938964844,313.6300048828125,319.1700134277344,313.6072692871094,54613800.0,0.0193929015893377,101.47000122070312,101.5999984741211,100.8499984741211,101.01000213623048,101.01000213623048,0.0,3.427999973297119,3.4600000381469727,3.371999979019165,3.45199990272522,3.45199990272522,0.0,18.82999992370605,19.059999465942383,17.770000457763672,17.799999237060547,17.799999237060547,0.0,0.019392901589337763,0.019121396532823774,0.019582165383658312,317.8079986572266,313.5394989013672,304.8057989501953,292.1658993530274,315.51558692707175,311.0408158061947,4.474771120877051,4.823999592502024,61.49601170931282,66.6864566156653,68.27466035801706,1.1055565233548224,-14.590682916145525,5.408412621496301,303.16354851972096,323.91544928301346,6.618592182486264,0.15925614515256076,-0.008872886423569325,-0.006438727286679283,0.006719451467034698,0.009420939815826795,0.02601909238031539,0.43388373911755823,-0.900968867902419,1.0,6.123233995736766e-17
2023-04-14,317.5899963378906,320.3599853515625,315.6099853515625,318.57000732421875,313.0177307128906,56278300.0,-0.0018816317515549,101.0,101.75,100.79000091552734,101.5500030517578,101.5500030517578,0.0,3.4539999961853027,3.5360000133514404,3.443000078201294,3.5220000743865967,3.5220000743865967,0.0,17.940000534057617,18.1200008392334,17.06999969482422,17.06999969482422,17.06999969482422,0.0,-0.0018816317515549497,0.014956390487017657,-0.0018798625923400758,317.57200012207034,314.20000000000005,305.053599243164,292.2819993591309,315.9854977574021,311.5985336964187,4.38696406098336,4.736592486198291,60.50567412135103,72.10365347799303,67.63544902770813,-0.7353583041229398,-18.149434628911308,5.36138314853228,304.34779763775555,324.05220236224454,6.271293674248565,0.15795874785631217,0.019392901589337763,-0.008872886423569325,0.0,0.016493922225477693,-0.004737323377339258,-0.433883739117558,-0.9009688679024191,1.0,6.123233995736766e-17
2023-04-17,318.1499938964844,319.20001220703125,316.0400085449219,318.8399963378906,313.2829284667969,43007000.0,0.0008468704794382,101.58000183105467,102.2300033569336,101.52999877929688,102.0999984741211,102.0999984741211,0.0,3.549000024795532,3.601999998092652,3.5380001068115234,3.5910000801086426,3.5910000801086426,0.0,17.579999923706055,17.790000915527344,16.899999618530273,16.950000762939453,16.950000762939453,0.0,0.0008468704794382672,0.009932433514795343,0.0008472291754919592,317.441000366211,314.8434997558594,305.358599243164,292.43099929809574,316.4246513851695,312.13493833652774,4.289713048641772,4.647216598686988,60.81149708483322,81.05552665765197,73.28187891710343,-0.4091824405960532,-24.093302481987276,5.20414175664493,305.5917251724099,324.0952743393089,5.877062471115745,0.15794350927908118,-0.0018816317515549497,0.019392901589337763,-0.0005657728674506368,-0.002433242108437471,0.0035427614890509076,0.0,1.0,1.0,6.123233995736766e-17
2023-04-18,320.989990234375,321.4200134277344,317.6400146484375,318.8599853515625,313.3026428222656,46746900.0,6.29262989083059e-05,102.0999984741211,102.13999938964844,101.63999938964844,101.75,101.75,0.0,3.578000068664551,3.601999998092652,3.549000024795532,3.572000026702881,3.572000026702881,0.0,16.940000534057617,17.34000015258789,16.579999923706055,16.829999923706055,16.829999923706055,0.0,6.29262989083059e-05,0.011776064345610465,6.292827880938212e-05,317.4199981689453,315.26949920654295,305.5381988525391,292.59409927368165,316.79931814923,312.6330899672711,4.1662281819589,4.551018915341371,60.83567706643512,75.72769587955395,76.29562533839965,-0.06582316351747815,-30.574175250439573,5.102417258262926,306.10665737727015,324.43234103581574,5.812704275125535,0.15138750480220536,0.0008468704794382672,-0.0018816317515549497,-0.006438727286679283,-0.003379350578765518,0.014181369522540694,0.7818314824680298,0.6234898018587336,1.0,6.123233995736766e-17
2023-04-19,316.4100036621094,319.7900085449219,316.2799987792969,318.7099914550781,313.1552124023437,38960100.0,-0.0004706794604431,101.70999908447266,102.2300033569336,101.66000366210938,101.97000122070312,101.97000122070312,0.0,3.634999990463257,3.638999938964844,3.5999999046325684,3.601999998092652,3.601999998092652,0.0,17.299999237060547,17.719999313354492,16.170000076293945,16.459999084472656,16.459999084472656,0.0,-0.0004706794604431003,0.011093232593787708,-0.0004705687082428023,317.6989959716797,315.89899902343745,305.82499877929683,292.7593992614746,317.09326788859124,313.08323081821976,4.010037070371482,4.442822546347394,60.53384701781738,71.03426159988567,75.93916137903052,0.8831279782095691,-32.22973746791611,4.988673865931646,307.70404427533936,324.09395377153555,5.188338534425107,0.14086893875150855,6.29262989083059e-05,0.0008468704794382672,-0.008872886423569325,-0.009921379823410443,-0.013691401178007743,0.9749279121818236,-0.22252093395631434,1.0,6.123233995736766e-17
2023-04-20,315.69000244140625,319.2699890136719,314.9700012207031,316.2799987792969,310.76763916015625,62462100.0,-0.0076534619324619,101.98999786376952,102.12999725341795,101.62999725341795,101.83999633789062,101.83999633789062,0.0,3.565999984741211,3.5789999961853027,3.526000022888184,3.5450000762939453,3.5450000762939453,0.0,16.850000381469727,17.690000534057617,16.329999923706055,17.170000076293945,17.170000076293945,0.0,-0.007653461932461982,0.013620918495088709,-0.007624248767476582,317.5219970703126,316.2254989624023,306.11699890136714,292.90744918823236,316.9681495640844,313.3200284449662,3.648121119118173,4.283882260901549,55.71143274477225,59.381743791501336,68.71456709031364,-0.5565128381089675,-59.05085590714031,4.939482003577154,308.5587556970913,323.89224222771327,4.848908952925715,0.13988014561123688,-0.0004706794604431003,6.29262989083059e-05,0.019392901589337763,0.006719451467034698,0.011788367536416617,0.43388373911755823,-0.900968867902419,1.0,6.123233995736766e-17
2023-04-21,315.9100036621094,317.3999938964844,314.1000061035156,316.6099853515625,311.0918884277344,59002300.0,0.001042837755405,101.8000030517578,102.12000274658205,101.6500015258789,101.81999969482422,101.81999969482422,0.0,3.5339999198913574,3.5799999237060547,3.502000093460083,3.569999933242798,3.569999933242798,0.0,17.510000228881836,17.709999084472656,16.579999923706055,16.770000457763672,16.770000457763672,0.0,0.0010428377554050705,0.010445974343054824,0.001043381699762591,317.3779968261719,316.5114974975586,306.4551983642578,293.03114913940425,316.91304737754257,313.56372895656597,3.3493184209766014,4.0969694929165605,56.22147174450922,51.10359586541722,60.50653375226807,-0.45275978515163606,-55.408619028691916,4.822375274247982,309.26770440737533,323.75529058774185,4.5772701133797735,0.13953527675096977,-0.007653461932461982,-0.0004706794604431003,-0.0018816317515549497,0.0,0.003673585820419966,-0.433883739117558,-0.9009688679024191,1.0,6.123233995736766e-17
2023-04-24,316.3800048828125,317.739990234375,313.739990234375,315.95001220703125,310.44342041015625,44043100.0,-0.0020866658535805,101.72000122070312,101.91000366210938,101.33000183105467,101.3499984741211,101.3499984741211,0.0,3.5450000762939453,3.5450000762939453,3.505000114440918,3.515000104904175,3.515000104904175,0.0,18.21999931335449,18.239999771118164,16.739999771118164,16.889999389648438,16.889999389648438,0.0,-0.002086665853580592,0.01264302401626678,-0.002084490279883222,317.1859985351563,316.87099761962895,306.68419860839845,293.163899230957,316.76488812054083,313.74049067882265,3.024397441718179,3.882455082676884,54.860692370850124,41.24421476432912,50.576518140415885,-0.6040151444455837,-61.80788077118039,4.763634183230269,310.5984265191294,323.1435687201285,3.9590692411863517,0.13700362980396788,0.0010428377554050705,-0.007653461932461982,0.0008468704794382672,-0.0005657728674506368,-0.006874838081070854,0.0,1.0,1.0,6.123233995736766e-17
2023-04-25,314.2900085449219,314.9700012207031,309.8900146484375,309.989990234375,304.5872497558594,57121600.0,-0.0190440832592372,101.26000213623048,101.9499969482422,101.1999969482422,101.86000061035156,101.86000061035156,0.0,3.444999933242798,3.447000026702881,3.378999948501587,3.3959999084472656,3.3959999084472656,0.0,17.6200008392334,19.86000061035156,17.329999923706055,18.76000022888184,18.76000022888184,0.0,-0.019044083259237246,0.01616337278994199,-0.018863890388012505,316.60199890136715,317.0144973754883,306.7489984130859,293.22234924316405,315.72259613805375,313.4626758310858,2.259920306967956,3.5579481275350986,44.40751617711307,27.88353041224871,40.077113680665015,-1.849094951772214,-99.13290896338155,4.856231567184803,311.60994133965715,322.41905341131945,3.4096585995748416,0.15329087380265463,-0.002086665853580592,0.0010428377554050705,6.29262989083059e-05,-0.006438727286679283,-0.005325735411663844,0.7818314824680298,0.6234898018587336,1.0,6.123233995736766e-17
2023-04-26,313.44000244140625,314.94000244140625,311.3399963378906,311.8699951171875,306.4344177246094,55400500.0,0.006046180337592,101.81999969482422,101.88999938964844,101.01000213623048,101.47000122070312,101.47000122070312,0.0,3.4110000133514404,3.4579999446868896,3.375,3.431999921798706,3.431999921798706,0.0,18.65999984741211,19.61000061035156,17.8700008392334,18.84000015258789,18.84000015258789,0.0,0.006046180337592064,0.011485471144317649,0.006064495379338952,316.4849975585937,316.9719970703125,306.8043981933593,293.26654922485346,315.1298882886897,313.34469948190815,1.785188806781548,3.2033962633843887,47.78708084345872,18.743878641166074,29.2905412725813,-0.373758432084401,-82.82757434193984,4.862930184316692,311.4140553085397,322.52993883208535,3.5068976522490374,0.1403739341291461,-0.019044083259237246,-0.002086665853580592,-0.0004706794604431003,-0.008872886423569325,0.018069612530786216,0.9749279121818236,-0.22252093395631434,1.0,6.123233995736766e-17
2023-04-27,315.70001220703125,320.8599853515625,315.04998779296875,320.3500061035156,314.76666259765625,65430400.0,0.02682784972747,101.4000015258789,101.8000030517578,101.27999877929688,101.5,101.5,0.0,3.4489998817443848,3.532000064849853,3.447000026702881,3.5280001163482666,3.5280001163482666,0.0,18.43000030517578,18.43000030517578,16.719999313354492,17.030000686645508,17.030000686645508,0.0,0.026827849727470036,0.018403539226928008,0.027190956338772,316.60299682617193,317.2054977416992,307.14539855957025,293.331399230957,315.9329833371245,313.8636110835087,2.069372253615768,2.9765914614306648,59.690552646696055,36.25310447352981,27.626837842314863,0.3697066222195152,-9.280203274089171,5.157720187892286,311.4860549572527,322.92494052614575,3.606143541121016,0.16713923339961684,0.006046180337592064,-0.019044083259237246,-0.007653461932461982,0.019392901589337763,0.009420939815826795,0.43388373911755823,-0.900968867902419,1.0,6.123233995736766e-17
2023-04-28,320.1099853515625,322.6499938964844,318.9599914550781,322.5599975585937,316.9381103515625,59712600.0,0.0068749086584779,101.47000122070312,102.16999816894533,101.41999816894533,101.66999816894533,101.66999816894533,0.0,3.4790000915527344,3.49399995803833,3.434999942779541,3.45199990272522,3.45199990272522,0.0,17.209999084472656,17.649999618530273,15.720000267028809,15.779999732971191,15.779999732971191,0.0,0.0068749086584779,0.01152729564919284,0.0068985950925872785,317.0019958496094,317.2869979858399,307.5733984375,293.4342492675781,316.9525239865813,314.50778785944095,2.444736127140345,2.870220394572601,62.11462787319036,69.06230692774335,41.353096680813074,1.2524688899272944,-0.7053016007409041,5.052883206000427,311.3037216019094,323.2702743697704,3.771523208900938,0.15836714891020895,0.026827849727470036,0.006046180337592064,0.0010428377554050705,-0.0018816317515549497,0.016493922225477693,-0.433883739117558,-0.9009688679024191,1.0,6.123233995736766e-17
2023-05-01,322.0899963378906,323.6300048828125,321.0899963378906,322.19000244140625,316.5745849609375,41013400.0,-0.0011476500256893,101.66999816894533,102.19000244140624,101.62000274658205,102.1500015258789,102.1500015258789,0.0,3.500999927520752,3.575999975204468,3.461999893188477,3.5739998817443848,3.5739998817443848,0.0,16.40999984741211,16.6200008392334,15.529999732971191,16.079999923706055,16.079999923706055,0.0,-0.0011476500256893203,0.007886021217055318,-0.0011469917272547425,317.3369964599609,317.388998413086,307.9939984130859,293.54384933471675,317.7582899027082,315.07684079143837,2.681449111269842,2.8324661379120495,61.448374031140396,93.17804018757403,66.16448386294906,1.0506856548716859,-10.480374562447803,4.87339215878053,311.13671112257504,323.6412857035969,3.9398260946483727,0.15814348507795328,0.0068749086584779,0.026827849727470036,-0.002086665853580592,0.0008468704794382672,-0.002433242108437471,0.0,1.0,0.8660254037844387,-0.4999999999999998
2023-05-02,322.1199951171875,322.45001220703125,317.6099853515625,319.3800048828125,313.81353759765625,56519400.0,-0.0087598890916622,102.1500015258789,102.4000015258789,101.87999725341795,101.95999908447266,101.95999908447266,0.0,3.532000064849853,3.559000015258789,3.424000024795532,3.438999891281128,3.438999891281128,0.0,16.270000457763672,19.809999465942383,16.260000228881836,17.780000686645508,17.780000686645508,0.0,-0.008759889091662289,0.015025539950439724,-0.008721633050934652,317.3889984130859,317.4044982910156,308.5009985351562,293.66889938354495,318.007784515032,315.39559368709575,2.6121908279362174,2.7884110759168834,56.49238452099649,85.96090508130268,82.73375073220669,0.16308710880628277,-30.931608592903213,4.871008922829689,311.1331563108394,323.6758402711918,3.951640265933634,0.1609403063250998,-0.0011476500256893203,0.0068749086584779,-0.019044083259237246,6.29262989083059e-05,-0.003379350578765518,0.7818314824680298,0.6234898018587336,0.8660254037844387,-0.4999999999999998
2023-05-03,319.75,322.4700012207031,317.17999267578125,317.2900085449219,311.7600402832031,59882100.0,-0.0065651899723009,101.86000061035156,101.91999816894533,101.06999969482422,101.33999633789062,101.33999633789062,0.0,3.4179999828338623,3.424000024795532,3.367000102996826,3.4030001163482666,3.4030001163482666,0.0,17.81999969482422,18.82999992370605,17.190000534057617,18.34000015258789,18.34000015258789,0.0,-0.006565189972300929,0.016544201860584442,-0.006543686197138965,317.24700012207035,317.472998046875,308.9617987060547,293.72129943847654,317.89735744270735,315.5359207136014,2.3614367291059466,2.703016206554696,53.064335832012134,70.81512050083808,83.31802192323826,-0.44554075749972066,-46.14265534213472,4.900937467264845,311.2401177147362,323.70587837901377,3.926557767422163,0.15860678371737535,-0.008759889091662289,-0.0011476500256893203,0.006046180337592064,-0.0004706794604431003,-0.009921379823410443,0.9749279121818236,-0.22252093395631434,0.8660254037844387,-0.4999999999999998
2023-05-04,317.0599975585937,318.2300109863281,315.1199951171875,316.1700134277344,310.6595458984375,50224500.0,-0.0035361854156532,101.1999969482422,101.63999938964844,101.02999877929688,101.4000015258789,101.4000015258789,0.0,3.345000028610229,3.4110000133514404,3.2960000038146973,3.3510000705718994,3.3510000705718994,0.0,19.170000076293945,21.32999992370605,18.670000076293945,20.09000015258789,20.09000015258789,0.0,-0.0035361854156532317,0.009808919110225769,-0.003529940475264004,317.2360015869141,317.37899932861325,309.348798828125,293.7530995178222,317.63161220963457,315.5828905442779,2.048721665356652,2.572157298315087,51.268914084113966,56.21057588087919,70.99553382100665,-0.03477467812918793,-54.29400842232449,4.7730144959702585,311.1260855078828,323.6319131493437,3.940345034774146,0.15720123481710652,-0.006565189972300929,-0.008759889091662289,0.026827849727470036,-0.007653461932461982,0.006719451467034698,0.43388373911755823,-0.900968867902419,0.8660254037844387,-0.4999999999999998
2023-05-05,318.4700012207031,323.760009765625,316.2099914550781,322.8900146484375,317.26239013671875,51806100.0,0.0210315558093333,101.33999633789062,101.77999877929688,101.12000274658205,101.20999908447266,101.20999908447266,0.0,3.3970000743865967,3.4649999141693115,3.3970000743865967,3.446000099182129,3.446000099182129,0.0,19.5,19.6299991607666,16.690000534057617,17.190000534057617,17.190000534057617,0.0,0.021031555809333365,0.02370715697430676,0.021254277634333185,317.8640045166016,317.62100067138664,309.96959899902345,293.790249633789,318.4405972002196,316.12415899643787,2.316438203781729,2.5210134794084156,60.011448120873524,64.43027952993921,63.818658637218824,1.9835221842108612,-6.27249764572314,4.974227484678856,310.9015129908372,324.3404883519361,4.231135640493415,0.17450188633495944,-0.0035361854156532317,-0.006565189972300929,0.0068749086584779,0.0010428377554050705,0.0,-0.433883739117558,-0.9009688679024191,0.8660254037844387,-0.4999999999999998
2023-05-08,322.4200134277344,324.0400085449219,321.32000732421875,323.69000244140625,318.0484619140625,36465800.0,0.002474606488914,101.27999877929688,101.41999816894533,101.04000091552734,101.37000274658205,101.37000274658205,0.0,3.490000009536743,3.5209999084472656,3.48799991607666,3.5209999084472656,3.5209999084472656,0.0,17.729999542236328,17.8799991607666,16.829999923706055,16.979999542236328,16.979999542236328,0.0,0.002474606488914061,0.008436204662936573,0.002477670854730052,318.6380035400391,317.9120010375976,310.5645989990234,293.8323497009277,319.248198006556,316.68459184421334,2.563606162342637,2.52953201599526,60.91051071777322,78.98665049913447,66.54250196998429,2.449751522498201,-2.4735424345489365,4.813211322966303,310.6638164407732,325.16018563442196,4.559868500193667,0.17453036472093444,0.021031555809333365,-0.0035361854156532317,-0.0011476500256893203,-0.002086665853580592,-0.0005657728674506368,0.0,1.0,0.8660254037844387,-0.4999999999999998
2023-05-09,322.0,322.8800048828125,321.32000732421875,321.6400146484375,316.0342102050781,31768800.0,-0.006353299255406,101.4000015258789,101.83999633789062,101.36000061035156,101.63999938964844,101.63999938964844,0.0,3.492000102996826,3.532000064849853,3.48799991607666,3.5209999084472656,3.5209999084472656,0.0,17.290000915527344,17.860000610351562,17.219999313354492,17.709999084472656,17.709999084472656,0.0,-0.0063532992554060485,0.004844712914887422,-0.006333159723088455,319.8030059814453,318.20250244140624,311.12619934082034,293.8688998413086,319.61616979761465,317.0516602000818,2.564509597532833,2.5365275323027747,57.3520992097966,91.43095499866678,78.28262834258015,3.7581937420799405,-16.961094923727593,4.63869587969639,310.8408330841379,325.5641717986746,4.627034231840409,0.1744829323211114,0.002474606488914061,0.021031555809333365,-0.008759889091662289,-0.019044083259237246,-0.006438727286679283,0.7818314824680298,0.6234898018587336,0.8660254037844387,-0.4999999999999998
2023-05-10,324.1199951171875,326.010009765625,321.6000061035156,325.1400146484375,319.47320556640625,60446600.0,0.0108229387890586,101.62000274658205,101.80999755859376,101.22000122070312,101.4800033569336,101.4800033569336,0.0,3.506999969482422,3.5209999084472656,3.430999994277954,3.438999891281128,3.438999891281128,0.0,17.579999923706055,18.309999465942383,16.360000610351562,16.940000534057617,16.940000534057617,0.0,0.01082293878905866,0.01360608332884527,0.010881718656649664,321.13000793457036,318.80750274658203,311.80499938964846,293.88014984130854,320.4659920823566,317.6507975666267,2.8151945157298996,2.5922609289881997,61.488785583936874,91.7227896549488,87.38013171758334,4.254984364963898,-5.396993676877059,4.6223607212973175,311.24611106593784,326.3688944272262,4.743546883621928,0.1738397344505948,-0.0063532992554060485,0.002474606488914061,-0.006565189972300929,0.006046180337592064,-0.008872886423569325,0.9749279121818236,-0.22252093395631434,0.8660254037844387,-0.4999999999999998
2023-05-11,325.70001220703125,326.75,324.1199951171875,326.20001220703125,320.51470947265625,44278500.0,0.00325476403915,101.41000366210938,102.1500015258789,101.3000030517578,102.05999755859376,102.05999755859376,0.0,3.4049999713897705,3.4049999713897705,3.345000028610229,3.3970000743865967,3.3970000743865967,0.0,16.799999237060547,18.190000534057617,16.6299991607666,16.93000030517578,16.93000030517578,0.0,0.0032547640391500615,0.008074930255577446,0.0032600665348554436,321.7150085449219,319.15900268554685,312.4567999267578,293.8891499328613,321.3481490246142,318.2840727251752,3.064076299439023,2.6866240030783644,62.669751389087835,91.4599406704709,91.53789510802882,1.8261295433299587,-3.2620893879826474,4.480049589976973,310.9048005953753,327.4132047757184,5.172470161090226,0.1612815160523796,0.01082293878905866,-0.0063532992554060485,-0.0035361854156532317,0.026827849727470036,0.019392901589337763,0.43388373911755823,-0.900968867902419,0.8660254037844387,-0.4999999999999998
2023-05-12,326.739990234375,327.1700134277344,322.94000244140625,325.0299987792969,319.3651123046875,48432800.0,-0.003593169735009,102.0999984741211,102.70999908447266,101.94000244140624,102.68000030517578,102.68000030517578,0.0,3.4119999408721924,3.463000059127808,3.384000062942505,3.463000059127808,3.463000059127808,0.0,16.829999923706055,17.920000076293945,16.3799991607666,17.030000686645508,17.030000686645508,0.0,-0.003593169735009067,0.012946107341479324,-0.003586722025520128,321.96200866699223,319.48200225830084,312.96380004882815,293.90554992675777,321.9145874484115,318.78377095140644,3.130816497005071,2.775462501863706,60.465660131912664,92.98552400998969,92.0560847784698,0.7657493921745523,-12.384344905171208,4.462189689716341,310.8289054252794,328.1350990913223,5.416954176983915,0.16181323075878476,0.0032547640391500615,0.01082293878905866,0.021031555809333365,0.0068749086584779,-0.0018816317515549497,-0.433883739117558,-0.9009688679024191,0.8660254037844387,-0.4999999999999998
2023-05-15,325.510009765625,327.0299987792969,323.9599914550781,326.7900085449219,321.09442138671875,33375600.0,0.0054002265362049,102.70999908447266,102.75,102.37999725341795,102.43000030517578,102.43000030517578,0.0,3.502000093460083,3.510999917984009,3.4660000801086426,3.507999897003174,3.507999897003174,0.0,17.440000534057617,18.15999984741211,17.079999923706055,17.1200008392334,17.1200008392334,0.0,0.005400226536204953,0.009431376093255102,0.005414834042302807,322.42200927734376,319.87950286865237,313.49920043945315,293.935950012207,322.66465223249,319.37682558796314,3.2878266445268878,2.877935330396342,62.59669471178012,93.98434402785573,92.80993623610544,1.4277308633597923,-2.400533623278933,4.362748092180799,310.6400445524875,329.11896118481724,5.776836735899731,0.16256016918292027,-0.003593169735009067,0.0032547640391500615,0.002474606488914061,-0.0011476500256893203,0.0008468704794382672,0.0,1.0,0.8660254037844387,-0.4999999999999998
2023-05-16,326.0599975585937,328.8999938964844,326.0199890136719,327.1600036621094,321.4580078125,40019200.0,0.0011316943118215,102.43000030517578,102.69000244140624,102.1999969482422,102.55999755859376,102.55999755859376,0.0,3.486999988555908,3.5739998817443848,3.486999988555908,3.549000024795532,3.549000024795532,0.0,17.540000915527344,18.299999237060547,17.260000228881836,17.989999771118164,17.989999771118164,0.0,0.0011316943118215967,0.008832745213693247,0.001132334919463851,323.20000915527345,320.29450378417965,314.1156005859375,293.9863500976562,323.3562447601238,319.95335729715913,3.4028874629646566,2.982925756910005,63.04763992905429,90.88400687418887,92.61795830401142,2.4359692718244923,-12.563100848983222,4.2568378629402055,310.5178633858161,330.0711441825432,6.104781869720272,0.1625025341929398,0.005400226536204953,-0.003593169735009067,-0.0063532992554060485,-0.008759889091662289,6.29262989083059e-05,0.7818314824680298,0.6234898018587336,0.8660254037844387,-0.4999999999999998
2023-05-17,328.239990234375,331.7099914550781,327.0400085449219,331.1199951171875,325.34893798828125,47486100.0,0.0120313399115223,102.61000061035156,103.11000061035156,102.54000091552734,102.87999725341795,102.87999725341795,0.0,3.515000104904175,3.58899998664856,3.515000104904175,3.5810000896453857,3.5810000896453857,0.0,17.959999084472656,18.26000022888184,16.68000030517578,16.8700008392334,16.8700008392334,0.0,0.012031339911522365,0.014227342947523598,0.012104007619093915,324.5830078125,320.91500396728514,314.7816003417969,294.0123001098632,324.55066789197974,320.78051565419827,3.770152237781474,3.140371053084299,67.55611430072581,93.82667585478018,92.89834225227492,4.35878414063189,-3.5563379633972936,4.286348223455637,310.0473989267102,331.7826090078601,6.772886843073777,0.1667161190213497,0.0011316943118215967,0.005400226536204953,0.01082293878905866,-0.006565189972300929,-0.0004706794604431003,0.9749279121818236,-0.22252093395631434,0.8660254037844387,-0.4999999999999998
2023-05-18,331.5199890136719,337.489990234375,331.5,337.2699890136719,331.3917541503906,64213500.0,0.0184029610966601,102.91000366210938,103.62000274658205,102.8000030517578,103.58000183105467,103.58000183105467,0.0,3.5980000495910645,3.651000022888184,3.5980000495910645,3.6480000019073486,3.6480000019073486,0.0,16.920000076293945,17.149999618530273,16.049999237060547,16.049999237060547,16.049999237060547,0.0,0.018402961096660182,0.018068262647438653,0.01857333913389647,326.69300537109376,321.9645034790039,315.6738000488281,294.0782501220702,326.5074865260862,322.0019581252704,4.50552840081582,3.4134025226306033,73.05453773718465,94.29903184167273,93.00323819021392,6.6736169433602,-0.9834656626012905,4.435180144436485,309.1092668639885,334.81974009401927,7.985499318159272,0.17244945481128304,0.012031339911522365,0.0011316943118215967,0.0032547640391500615,-0.0035361854156532317,-0.007653461932461982,0.43388373911755823,-0.900968867902419,0.8660254037844387,-0.4999999999999998
2023-05-19,337.489990234375,338.2099914550781,335.42999267578125,336.510009765625,330.6450500488281,61554900.0,-0.0022557791756057,103.51000213623048,103.62000274658205,103.0,103.1999969482422,103.1999969482422,0.0,3.671000003814697,3.720999956130981,3.640000104904175,3.691999912261963,3.691999912261963,0.0,16.1299991607666,17.360000610351562,15.850000381469728,16.809999465942383,16.809999465942383,0.0,-0.0022557791756057438,0.008237277725974223,-0.0022532368177864415,328.05500488281257,322.959504699707,316.6330004882812,294.1088500976562,328.04633625524605,323.0766286171485,4.969707638097532,3.724663545723989,71.44323130561098,96.03259330689195,94.71943366778162,4.218153085971688,-7.362416453325549,4.31695290406937,308.83172985195813,337.08727954745586,8.748945079591389,0.1733948797591091,0.018402961096660182,0.012031339911522365,-0.003593169735009067,0.021031555809333365,0.0010428377554050705,-0.433883739117558,-0.9009688679024191,0.8660254037844387,-0.4999999999999998
2023-05-22,336.25,338.6700134277344,336.239990234375,337.6400146484375,331.7552795410156,43015900.0,0.003352143657597,103.19000244140624,103.37000274658205,102.95999908447266,103.1999969482422,103.1999969482422,0.0,3.690000057220459,3.7279999256134033,3.6649999618530273,3.7190001010894775,3.7190001010894775,0.0,17.450000762939453,18.1299991607666,16.81999969482422,17.209999084472656,17.209999084472656,0.0,0.003352143657597051,0.007226834775789963,0.0033577683743444275,329.45000610351565,324.0440048217774,317.5720007324218,294.1317501831054,329.5222867772755,324.1553979527996,5.366888824475893,4.053108601474371,72.41738969942435,95.76015114401164,95.36392543085877,4.309682752576349,-4.373664452038195,4.182172210447228,308.8891328779482,339.19887676560654,9.353588844925103,0.1723303077621869,-0.0022557791756057438,0.018402961096660182,0.005400226536204953,0.002474606488914061,-0.002086665853580592,0.0,1.0,0.8660254037844387,-0.4999999999999998
2023-05-23,335.8900146484375,337.0599975585937,333.0,333.3599853515625,327.54986572265625,48216700.0,-0.0127572820680261,103.2699966430664,103.6500015258789,103.16000366210938,103.48999786376952,103.48999786376952,0.0,3.74399995803833,3.760999917984009,3.687999963760376,3.697999954223633,3.697999954223633,0.0,17.350000381469727,19.309999465942383,17.299999237060547,18.530000686645508,18.530000686645508,0.0,-0.012757282068026166,0.012087282686397,-0.012676252881876016,330.62200317382815,325.21250457763676,318.2918005371094,294.1371501159667,330.1127019425504,324.83721924159687,5.275482700953546,4.297583421370206,63.57163307690434,88.57201556865351,93.45492000651903,3.6438161203093125,-22.547872388675717,4.214875241732248,311.04881849867905,339.3761906565945,8.710419113405564,0.1626843824884005,0.003352143657597051,-0.0022557791756057438,0.0011316943118215967,-0.0063532992554060485,-0.019044083259237246,0.7818314824680298,0.6234898018587336,0.8660254037844387,-0.4999999999999998
2023-05-24,331.3699951171875,332.9100036621094,329.5599975585937,331.6499938964844,325.8696594238281,62891200.0,-0.0051428215332573,103.54000091552734,103.91000366210938,103.3499984741211,103.88999938964844,103.88999938964844,0.0,3.67300009727478,3.742000102996826,3.67300009727478,3.7190001010894775,3.7190001010894775,0.0,18.799999237060547,20.809999465942383,18.799999237060547,20.030000686645508,20.030000686645508,0.0,-0.005142821533257316,0.010109563789355664,-0.005129619867561774,331.2730010986328,326.2015045166016,318.9462005615235,294.1529501342773,330.3492083970018,325.341869216033,5.007339180968813,4.439534573289928,60.39737616760359,80.6076137756248,88.31326016276331,2.002207958034906,-31.255621832411652,4.185240423963431,313.2501476819869,339.15286135121625,7.940709442040927,0.16531106374979004,-0.012757282068026166,0.003352143657597051,0.012031339911522365,0.01082293878905866,0.006046180337592064,0.9749279121818236,-0.22252093395631434,0.8660254037844387,-0.4999999999999998
2023-05-25,339.1400146484375,341.010009765625,336.6700134277344,339.7200012207031,333.7991027832031,66862800.0,0.0240418396367994,103.86000061035156,104.30999755859376,103.83999633789062,104.20999908447266,104.20999908447266,0.0,3.752000093460083,3.813999891281128,3.7300000190734863,3.813999891281128,3.813999891281128,0.0,19.540000915527344,19.950000762939453,18.700000762939453,19.13999938964844,19.13999938964844,0.0,0.0240418396367994,0.012797063603330891,0.0243331747220501,332.625,327.170004272461,319.6044006347657,294.2051501464843,331.7908688314174,326.40691603119376,5.383952800223653,4.628418218676673,68.41321242769689,79.88163806144742,83.02042246857525,4.1446929821360845,-6.551591594570382,4.554867241476088,313.2038520144837,341.13615653043826,8.537550555121513,0.16021899694338743,-0.005142821533257316,-0.012757282068026166,0.018402961096660182,0.0032547640391500615,0.026827849727470036,0.43388373911755823,-0.900968867902419,0.8660254037844387,-0.4999999999999998
2023-05-26,340.760009765625,349.25,340.6600036621094,348.3999938964844,342.3277282714844,63007000.0,0.0252292246780983,104.2300033569336,104.41999816894533,103.8499984741211,104.20999908447266,104.20999908447266,0.0,3.7890000343322754,3.858999967575073,3.776999950408936,3.809999942779541,3.809999942779541,0.0,19.06999969482422,19.559999465942383,17.270000457763672,17.950000762939453,17.950000762939453,0.0,0.025229224678098343,0.025208346319155323,0.025550174991993524,334.9619995117187,328.4620040893555,320.46520080566404,294.33285018920895,334.3461188414277,328.03603291010415,6.310085931323556,4.96475176120605,74.41231162000987,86.3831471099499,82.29079964900737,7.190104053458858,-3.0433452431682384,4.910233779891858,311.7755537447511,345.1484544339599,10.160353487988205,0.17841768828407278,0.0240418396367994,-0.005142821533257316,-0.0022557791756057438,-0.003593169735009067,0.0068749086584779,-0.433883739117558,-0.9009688679024191,0.8660254037844387,-0.4999999999999998
2023-05-29,340.760009765625,349.25,340.6600036621094,348.3999938964844,342.3277282714844,63007000.0,0.0,104.2300033569336,104.41999816894533,103.8499984741211,104.20999908447266,104.20999908447266,0.0,3.7890000343322754,3.858999967575073,3.776999950408936,3.809999942779541,3.809999942779541,0.0,19.06999969482422,19.559999465942383,17.270000457763672,17.950000762939453,17.950000762939453,0.0,0.0,0.025208346319155323,0.0,337.12299804687495,329.7725036621094,321.31380065917966,294.5030502319336,336.5082534652826,329.5444744646509,6.963779000631746,5.364557209091189,74.41231162000989,95.77696645354742,87.34725054164824,6.612804794058416,-3.0741638016191453,5.173073962606056,311.1549343170404,348.3900730071784,11.29115929213121,0.17803715749341906,0.025229224678098343,0.0240418396367994,0.003352143657597051,0.005400226536204953,-0.0011476500256893203,0.0,1.0,0.8660254037844387,-0.4999999999999998
2023-05-30,352.7099914550781,353.92999267578125,348.5299987792969,349.9800109863281,343.8802795410156,72652200.0,0.0045250241938429,104.3000030517578,104.52999877929688,103.87999725341795,104.16999816894533,104.16999816894533,0.0,3.711999893188477,3.753999948501587,3.684999942779541,3.700000047683716,3.700000047683716,0.0,17.559999465942383,18.34000015258789,16.979999542236328,17.459999084472656,17.459999084472656,0.0,0.00452502419384294,0.015310011134663673,0.004535277575586916,339.4049987792969,331.30250396728525,322.1066009521484,294.68245025634764,338.58083154544346,331.05821791070105,7.522613634742413,5.796168494221434,75.39870542679242,93.71216630401364,91.95742662250365,6.975182500544057,-12.745992043171706,5.198568592369686,311.30283411623816,351.30217381833234,12.07335870484213,0.17162736631541148,0.0,0.025229224678098343,-0.012757282068026166,0.0011316943118215967,-0.008759889091662289,0.7818314824680298,0.6234898018587336,0.8660254037844387,-0.4999999999999998
2023-05-31,348.3699951171875,350.6000061035156,346.510009765625,347.989990234375,341.9249572753906,65105400.0,-0.0057022823942685,104.0500030517578,104.6999969482422,104.01000213623048,104.31999969482422,104.31999969482422,0.0,3.6459999084472656,3.690999984741211,3.63100004196167,3.63700008392334,3.63700008392334,0.0,18.040000915527344,18.39999961853028,17.1200008392334,17.940000534057617,17.940000534057617,0.0,-0.0057022823942685635,0.011740380616059656,-0.005686055240605281,341.0919982910156,332.8375030517579,322.94400085449223,294.84735015869137,340.0283944206637,332.3124232680102,7.715971152653481,6.180129025907844,71.65217580379313,88.33745228618709,92.60886168124938,5.0948282694969835,-19.167487296647888,5.119384859906896,312.6544721470194,353.02053395649637,12.127858621508713,0.17091034162570157,0.00452502419384294,0.0,-0.005142821533257316,0.012031339911522365,-0.006565189972300929,0.9749279121818236,-0.22252093395631434,0.8660254037844387,-0.4999999999999998
2023-06-01,347.7300109863281,353.3599853515625,346.6600036621094,352.010009765625,345.8748474121094,50488600.0,0.0114857071277014,104.1500015258789,104.5,103.5,103.55999755859376,103.55999755859376,0.0,3.650000095367432,3.6579999923706055,3.569999933242798,3.608000040054321,3.608000040054321,0.0,17.239999771118164,17.59000015258789,15.579999923706056,15.649999618530272,15.649999618530272,0.0,0.011485707127701415,0.01926776946990794,0.011551921123843067,342.5660003662109,334.62950286865237,323.78920104980466,295.0045002746582,341.87171985835005,333.771503749315,8.100216109035046,6.564146442533285,74.41760028490889,87.22672384595964,89.75878081205346,4.370392039641455,-6.406349122301458,5.2322846334459125,314.3136312675502,354.94537446975454,12.142307493476743,0.16971868867275589,-0.0057022823942685635,0.00452502419384294,0.0240418396367994,0.018402961096660182,-0.0035361854156532317,0.43388373911755823,-0.900968867902419,0.49999999999999994,-0.8660254037844387
2023-06-02,353.79998779296875,355.8299865722656,352.010009765625,354.6499938964844,348.4688415527344,53372100.0,0.0074718219521318,103.55999755859376,104.08999633789062,103.37999725341795,104.0199966430664,104.0199966430664,0.0,3.619999885559082,3.700000047683716,3.611999988555908,3.690999984741211,3.690999984741211,0.0,15.649999618530272,15.649999618530272,14.420000076293944,14.600000381469728,14.600000381469728,0.0,0.007471821952131829,0.010796995303674065,0.007499805666800308,344.37999877929684,336.21750183105473,324.66440063476557,295.24055023193364,343.8376081719092,335.3180585750313,8.519549596877937,6.955227073402216,76.06867474091584,90.15592820204611,88.57336811139761,5.390622449386765,-3.9583789749123133,5.131405502959821,314.8285760291086,357.60642763300086,12.723267340612036,0.15964797987889848,0.011485707127701415,-0.0057022823942685635,0.025229224678098343,-0.0022557791756057438,0.021031555809333365,-0.433883739117558,-0.9009688679024191,0.49999999999999994,-0.8660254037844387
2023-06-05,354.42999267578125,357.5,353.8500061035156,354.8999938964844,348.7144775390625,47266200.0,0.0007046525347509,104.04000091552734,104.4000015258789,103.93000030517578,104.0,104.0,0.0,3.753000020980835,3.757999897003174,3.6579999923706055,3.693000078201294,3.693000078201294,0.0,15.279999732971191,15.289999961853027,14.65999984741211,14.729999542236328,14.729999542236328,0.0,0.0007046525347509932,0.010298208311685538,0.0007049008606727636,346.1059967041016,337.7780014038087,325.5872003173828,295.4930001831055,345.5395136679977,336.7685723025463,8.770941365451392,7.318369931812051,76.22515746687662,93.69982161161633,90.36082455320735,5.111947192046702,-8.535807067937196,5.025590388211575,315.694650740081,359.86135206753636,13.075659499404383,0.1600968757693865,0.007471821952131829,0.011485707127701415,0.0,0.003352143657597051,0.002474606488914061,0.0,1.0,0.49999999999999994,-0.8660254037844387
2023-06-06,354.2799987792969,355.82000732421875,352.92999267578125,354.8399963378906,348.655517578125,41390400.0,-0.0001690923368966,104.01000213623048,104.37000274658205,103.81999969482422,104.12999725341795,104.12999725341795,0.0,3.680999994277954,3.733000040054321,3.680999994277954,3.6989998817443848,3.6989998817443848,0.0,14.90999984741211,14.970000267028809,13.949999809265137,13.960000038146973,13.960000038146973,0.0,-0.00016909233689660767,0.008157431010486908,-0.00016907804159316253,348.2539978027344,339.43800048828126,326.5416003417969,295.76210021972656,346.9703571556735,338.1071963051644,8.863160850509132,7.627328115551468,76.0965568909163,92.66180027433838,92.17251669600027,6.4434881000115345,-9.52041313413532,4.873049263941998,317.47143065349167,361.40457032307086,12.942905510397013,0.15593478150544912,0.0007046525347509932,0.007471821952131829,0.00452502419384294,-0.012757282068026166,-0.0063532992554060485,0.7818314824680298,0.6234898018587336,0.49999999999999994,-0.8660254037844387
2023-06-07,355.1300048828125,357.1199951171875,348.17999267578125,348.82000732421875,342.740478515625,69225900.0,-0.0171108407128154,104.12000274658205,104.3000030517578,103.66000366210938,104.0999984741211,104.0999984741211,0.0,3.6989998817443848,3.8010001182556152,3.694999933242798,3.783999919891357,3.783999919891357,0.0,14.140000343322754,14.289999961853027,13.770000457763672,13.9399995803833,13.9399995803833,0.0,-0.017110840712815493,0.025173886516168396,-0.016965281672832178,349.97099914550785,340.6220001220703,327.26360046386714,296.00985031127925,347.2549187200651,338.9007378621314,8.354180857933727,7.77269866402792,64.36304610937643,83.62574583419257,89.99578924004909,5.177148724173815,-31.066542295349777,5.163545919475159,319.3588817960564,361.8851184480842,12.484876677603765,0.1725319437981282,-0.00016909233689660767,0.0007046525347509932,-0.0057022823942685635,-0.005142821533257316,0.01082293878905866,0.9749279121818236,-0.22252093395631434,0.49999999999999994,-0.8660254037844387
2023-06-08,349.1199951171875,353.6199951171875,348.8900146484375,353.1499938964844,346.9949645996094,47153900.0,0.0123367302219327,104.06999969482422,104.06999969482422,103.3000030517578,103.33999633789062,103.33999633789062,0.0,3.816999912261963,3.821000099182129,3.71399998664856,3.71399998664856,3.71399998664856,0.0,14.140000343322754,14.210000038146973,13.529999732971191,13.649999618530272,13.649999618530272,0.0,0.012336730221932794,0.01354829438274456,0.012413141577003461,351.313998413086,341.96949920654293,328.01300048828125,296.2786003112793,348.16185336259116,339.9562383091205,8.205615053470638,7.859281941916464,68.16528555263184,81.28131583105602,85.85628731319565,3.9532534521146125,-15.56909707734684,5.137577481867559,321.1433376660236,362.79566074706224,12.180128104314186,0.1753392451636203,-0.017110840712815493,-0.00016909233689660767,0.011485707127701415,0.0240418396367994,0.0032547640391500615,0.43388373911755823,-0.900968867902419,0.49999999999999994,-0.8660254037844387
2023-06-09,354.6300048828125,357.6600036621094,353.0299987792969,354.5,348.32147216796875,53196900.0,0.003815555357361,103.3000030517578,103.61000061035156,103.3000030517578,103.55999755859376,103.55999755859376,0.0,3.766999959945679,3.7780001163482666,3.7160000801086426,3.744999885559082,3.744999885559082,0.0,13.779999732971191,14.140000343322754,13.5,13.829999923706056,13.829999923706056,0.0,0.003815555357361038,0.013055874627254074,0.0038228438556449085,351.92399902343755,343.4429992675781,328.68440063476567,296.57525024414065,349.13695284526943,341.0335539899264,8.103398855343016,7.908105324601776,69.26628674284842,80.70626614535885,81.87110927020248,1.7508628617622886,-11.245562191226776,5.1013222962207685,323.5123009237566,363.3736976113996,11.606408275216241,0.1730585737639991,0.012336730221932794,-0.017110840712815493,0.007471821952131829,0.025229224678098343,-0.003593169735009067,-0.433883739117558,-0.9009688679024191,0.49999999999999994,-0.8660254037844387
2023-06-12,356.19000244140625,360.5899963378906,355.20001220703125,360.489990234375,354.2070617675781,44606500.0,0.0167558384233872,103.5500030517578,103.76000213623048,103.23999786376952,103.62999725341795,103.62999725341795,0.0,3.733999967575073,3.7939999103546143,3.7109999656677246,3.765000104904175,3.765000104904175,0.0,14.4399995803833,15.020000457763672,14.31999969482422,15.010000228881836,15.010000228881836,0.0,0.01675583842338721,0.015132328515441797,0.01689700483572598,353.13299865722655,345.1279983520508,329.49120056152344,296.9018501281738,350.88357398205494,342.4747714895152,8.408802492539735,8.008244758189369,73.62496610325793,90.95435075895563,84.31397757845683,3.4701482634017413,-0.32228845455949395,5.1719418706257585,325.4284185490847,364.82757815501685,11.415810885833345,0.17858762923444088,0.003815555357361038,0.012336730221932794,0.0007046525347509932,0.0,0.005400226536204953,0.0,1.0,0.49999999999999994,-0.8660254037844387
2023-06-13,363.2900085449219,364.1099853515625,360.0299987792969,363.260009765625,356.92877197265625,57097800.0,0.0076545812073426,103.58000183105467,103.62000274658205,103.0500030517578,103.33999633789062,103.33999633789062,0.0,3.723999977111816,3.8410000801086426,3.681999921798706,3.83899998664856,3.83899998664856,0.0,14.989999771118164,15.0600004196167,14.470000267028809,14.609999656677246,14.609999656677246,0.0,0.007654581207342652,0.011230660013489258,0.007683952407657069,354.4609985351563,346.93299865722656,330.37500061035155,297.25290023803706,352.78764102568107,344.01441876922706,8.773222256454005,8.161240257842296,75.36491073150789,95.11152250628808,88.92404647020085,3.7945020750958416,-3.0975818353494944,5.093945063600035,327.552545435355,366.3134518790981,11.172447300707566,0.1782592407997001,0.01675583842338721,0.003815555357361038,-0.00016909233689660767,0.00452502419384294,0.0011316943118215967,0.7818314824680298,0.6234898018587336,0.49999999999999994,-0.8660254037844387
2023-06-14,363.2699890136719,366.1900024414063,360.4200134277344,365.8999938964844,359.52276611328125,69525600.0,0.0072412587246241,103.31999969482422,103.4000015258789,102.66000366210938,103.01000213623048,103.01000213623048,0.0,3.811000108718872,3.8510000705718994,3.7709999084472656,3.796000003814697,3.796000003814697,0.0,14.479999542236328,14.729999542236328,13.829999923706056,13.880000114440918,13.880000114440918,0.0,0.007241258724624194,0.01588347286638857,0.007267540036878017,356.2519989013672,348.67199859619143,331.3746002197266,297.5875502014159,354.8049260827277,345.6355724823572,9.169353600370528,8.362862926347944,76.92714751416646,98.48139255281068,94.84908860601811,5.146700814597223,-1.1359520516589616,5.1422339171766,329.02606554793374,368.3179316444491,11.26900532727338,0.17664003721436114,0.007654581207342652,0.01675583842338721,-0.017110840712815493,-0.0057022823942685635,0.012031339911522365,0.9749279121818236,-0.22252093395631434,0.49999999999999994,-0.8660254037844387
2023-06-15,364.6099853515625,371.7699890136719,363.9800109863281,370.260009765625,363.8068237304688,71138800.0,0.0118455204123692,102.95999908447266,103.37999725341795,102.08999633789062,102.12000274658205,102.12000274658205,0.0,3.819000005722046,3.8410000801086426,3.7070000171661377,3.7279999256134033,3.7279999256134033,0.0,14.09000015258789,14.520000457763672,13.789999961853027,14.5,14.5,0.0,0.011845520412369262,0.021365235019091797,0.01191595643163712,358.07699890136723,350.32149963378913,332.4188006591797,297.9362503051757,357.1826312647119,347.45960487371036,9.723026391001554,8.634895619278666,79.2657310280765,96.97092858535996,96.85461454815291,5.18451165981081,-4.853680356911627,5.3313584964742535,329.2205289121918,371.42247035538645,12.046631875951297,0.17149658368598106,0.007241258724624194,0.007654581207342652,0.012336730221932794,0.011485707127701415,0.018402961096660182,0.43388373911755823,-0.900968867902419,0.49999999999999994,-0.8660254037844387
2023-06-16,372.7200012207031,372.8500061035156,367.4800109863281,367.9299926757813,361.5174255371094,80932000.0,-0.0063127788671082,102.12000274658205,102.43000030517578,102.01000213623048,102.3000030517578,102.3000030517578,0.0,3.746000051498413,3.805999994277954,3.724999904632568,3.7690000534057617,3.7690000534057617,0.0,14.489999771118164,14.539999961853027,13.479999542236328,13.539999961853027,13.539999961853027,0.0,-0.0063127788671082825,0.014407585049367127,-0.0062928951411190814,359.4049987792969,351.8924987792969,333.4164007568359,298.2404502868652,358.8360714817995,348.975929896086,9.860141585713507,8.879944812565634,74.89684383669578,91.77716617540821,95.74316243785961,3.7445365875779806,-18.67886906520476,5.334118255096628,330.4454619620187,373.33953559657505,12.189539073255157,0.1742509032438424,0.011845520412369262,0.007241258724624194,0.003815555357361038,0.007471821952131829,-0.0022557791756057438,-0.433883739117558,-0.9009688679024191,0.49999999999999994,-0.8660254037844387
2023-06-19,372.7200012207031,372.8500061035156,367.4800109863281,367.9299926757813,361.5174255371094,80932000.0,0.0,102.12000274658205,102.43000030517578,102.01000213623048,102.3000030517578,102.3000030517578,0.0,3.746000051498413,3.805999994277954,3.724999904632568,3.7690000534057617,3.7690000534057617,0.0,14.489999771118164,14.539999961853027,13.479999542236328,13.539999961853027,13.539999961853027,0.0,0.0,0.014407585049367127,0.0,360.70799865722654,353.40699768066406,334.4176007080078,298.52640029907224,360.2351362808736,350.3799345464338,9.855201734439788,9.074996196940464,74.89684383669578,85.92952717089295,91.5592073105537,3.6714564675640604,-18.67886906520476,5.336680888103119,331.91978306221,374.8942122991181,12.16003913870984,0.17493930524066498,-0.0063127788671082825,0.011845520412369262,0.01675583842338721,0.0007046525347509932,0.003352143657597051,0.0,1.0,0.49999999999999994,-0.8660254037844387
2023-06-20,365.9500122070313,368.3200073242188,363.8900146484375,366.8999938964844,360.9998779296875,49204700.0,-0.0014326236713139,102.4800033569336,102.79000091552734,102.31999969482422,102.54000091552734,102.54000091552734,0.0,3.73799991607666,3.776999950408936,3.700999975204468,3.7290000915527344,3.7290000915527344,0.0,14.359999656677246,14.670000076293944,13.859999656677246,13.880000114440918,13.880000114440918,0.0,-0.0014326236713139149,0.01210545847249514,-0.0014315979559019754,361.91399841308595,355.08399810791013,335.4390008544922,298.8924002075195,361.2604989909675,351.6036426464375,9.656856344530013,9.191368226458374,72.83861337433592,79.9745408314481,85.8937447259164,3.3987142608100505,-22.718639375246152,5.2719174443658465,334.9946791486113,375.173317067209,11.315248823571993,0.16461155272301592,0.0,-0.0063127788671082825,0.007654581207342652,-0.00016909233689660767,-0.012757282068026166,0.7818314824680298,0.6234898018587336,0.49999999999999994,-0.8660254037844387
2023-06-21,365.739990234375,366.1799926757813,360.9599914550781,361.8999938964844,356.08026123046875,53378300.0,-0.0137214618519928,102.5,102.70999908447266,102.0199966430664,102.06999969482422,102.06999969482422,0.0,3.76200008392334,3.7890000343322754,3.7109999656677246,3.723000049591065,3.723000049591065,0.0,13.880000114440918,13.890000343322754,13.100000381469728,13.199999809265137,13.199999809265137,0.0,-0.013721461851992816,0.014272437688200515,-0.01362775169740349,363.2219970703125,356.5964981079102,336.41620056152345,299.2217501831055,361.3588828225855,352.36633533162615,8.992547490959339,9.151604079358568,63.68881303166408,71.40552414637594,79.10319738290565,3.7497810611844096,-44.38591912042128,5.319637801297304,339.62245837915174,373.5705378366686,9.520026034367786,0.17407153651899238,-0.0014326236713139149,0.0,0.007241258724624194,-0.017110840712815493,-0.005142821533257316,0.9749279121818236,-0.22252093395631434,0.49999999999999994,-0.8660254037844387
2023-06-22,360.6300048828125,366.3299865722656,360.2200012207031,366.1700134277344,360.2816162109375,47603000.0,0.0117298345552854,102.02999877929688,102.47000122070312,101.91999816894533,102.38999938964844,102.38999938964844,0.0,3.740000009536743,3.809999942779541,3.7109999656677246,3.799000024795532,3.799000024795532,0.0,13.880000114440918,13.979999542236328,12.729999542236328,12.90999984741211,12.90999984741211,0.0,0.011729834555285446,0.016942531871545055,0.011798898838005112,364.52399902343757,357.9189987182617,337.3562005615234,299.59710021972654,362.09905676183917,353.38883000541193,8.710226756427232,9.063328614772301,67.44938331081026,68.60602132038363,73.32869543273588,3.6868242266107583,-27.07737754318167,5.376091197744818,342.42423553842383,373.4137618980996,8.658251300057248,0.16064483277279631,-0.013721461851992816,-0.0014326236713139149,0.011845520412369262,0.012336730221932794,0.0240418396367994,0.43388373911755823,-0.900968867902419,0.49999999999999994,-0.8660254037844387
2023-06-23,362.2099914550781,364.8800048828125,360.8200073242188,362.5400085449219,356.7099914550781,48922900.0,-0.0099628901110357,102.37999725341795,103.16999816894533,102.37999725341795,102.9000015258789,102.9000015258789,0.0,3.7269999980926514,3.759999990463257,3.691999912261963,3.739000082015991,3.739000082015991,0.0,13.239999771118164,13.800000190734863,12.880000114440918,13.4399995803833,13.4399995803833,0.0,-0.009962890111035752,0.011208960697864185,-0.009913424929703485,365.3279998779297,358.6259994506836,338.23560058593756,299.96320022583006,362.166895497698,354.0666950824127,8.100200415285315,8.870702974874904,61.608040546614895,62.2483620675081,67.41996917808922,2.2679854851683707,-41.79161713387276,5.374227976728443,343.6793449275948,373.5726539737724,8.335510836349266,0.14636702131592255,0.011729834555285446,-0.013721461851992816,-0.0063127788671082825,0.003815555357361038,0.025229224678098343,-0.433883739117558,-0.9009688679024191,0.49999999999999994,-0.8660254037844387
2023-06-26,362.0,364.8399963378906,357.5899963378906,357.67999267578125,351.9281311035156,52685500.0,-0.0134961210295944,102.83000183105467,102.83000183105467,102.61000061035156,102.69000244140624,102.69000244140624,0.0,3.70199990272522,3.736999988555908,3.678999900817871,3.7190001010894775,3.7190001010894775,0.0,14.43000030517578,14.710000038146973,13.779999732971191,14.25,14.25,0.0,-0.013496121029594412,0.020027624309392266,-0.013405456718654007,365.04700012207036,359.0899993896485,339.01240051269536,300.29635025024413,361.47660275586463,354.33434675599557,7.1422559998690645,8.525013579873736,54.76914696295669,56.54643135033096,62.46693824607423,-0.779493920695776,-61.49171127195267,5.5082116926764115,344.92421699045474,373.2557817888422,7.889822842892629,0.1563809671810979,-0.009962890111035752,0.011729834555285446,0.0,0.01675583842338721,0.0,0.0,1.0,0.49999999999999994,-0.8660254037844387
2023-06-27,359.25,364.5700073242188,358.510009765625,363.8299865722656,357.9792175292969,49428100.0,0.0170479513709221,102.73999786376952,102.8000030517578,102.31999969482422,102.48999786376952,102.48999786376952,0.0,3.71399998664856,3.776000022888184,3.691999912261963,3.767999887466431,3.767999887466431,0.0,14.109999656677246,14.34000015258789,13.59000015258789,13.739999771118164,13.739999771118164,0.0,0.017047951370922135,0.016868469195807395,0.01719409700727037,365.1039978027344,359.7824981689454,339.91180053710934,300.6718501281738,361.83866180454174,355.0377274831267,6.80093432141507,8.180197728182003,60.71241674877336,53.023499952529576,57.272764456789545,0.15690601533826237,-37.64617173658582,5.6069119038022075,346.1476812361426,373.41731510174816,7.5794776022707975,0.1657550951432591,-0.013496121029594412,-0.009962890111035752,-0.0014326236713139149,0.007654581207342652,0.00452502419384294,0.7818314824680298,0.6234898018587336,0.49999999999999994,-0.8660254037844387
2023-06-28,361.9800109863281,366.5199890136719,361.8999938964844,364.5400085449219,358.6778564453125,46498000.0,0.0019497167130655,102.51000213623048,103.1500015258789,102.47000122070312,102.91000366210938,102.91000366210938,0.0,3.734999895095825,3.766000032424927,3.703999996185303,3.7100000381469727,3.7100000381469727,0.0,13.899999618530272,13.960000038146973,13.359999656677246,13.43000030517578,13.43000030517578,0.0,0.0019497167130655246,0.01276312220831994,0.0019516186465724505,364.96799926757814,360.6099990844727,340.8284008789062,301.0767501831054,362.25425361075406,355.74160015437076,6.512653456383305,7.846688873822264,61.343940995229026,52.97826622933472,54.182732510731746,-0.37168225587542625,-41.92731830345733,5.536417847615443,348.01978055834627,373.2002176105991,6.9827340107544655,0.16323993275191584,0.017047951370922135,-0.013496121029594412,-0.013721461851992816,0.007241258724624194,-0.0057022823942685635,0.9749279121818236,-0.22252093395631434,0.49999999999999994,-0.8660254037844387
2023-06-29,364.239990234375,364.8900146484375,362.1400146484375,363.80999755859375,357.95953369140625,46151000.0,-0.0020047042042777,102.95999908447266,103.44000244140624,102.77999877929688,103.33999633789062,103.33999633789062,0.0,3.746999979019165,3.868000030517578,3.746999979019165,3.8540000915527344,3.8540000915527344,0.0,13.640000343322754,13.850000381469728,13.40999984741211,13.539999961853027,13.539999961853027,0.0,-0.0020047042042777583,0.007549967257111105,-0.002002696126895631,364.322998046875,361.1999984741211,341.77900085449215,301.4954501342773,362.49359883349865,356.33925922135023,6.154339612148419,7.508219021487495,60.271219496506184,56.402771174504025,54.13484578545611,-1.7420223726332518,-51.21819643644474,5.337388001357197,349.215290670568,373.18470627767425,6.636050860565994,0.16026869485710124,0.0019497167130655246,0.017047951370922135,0.011729834555285446,0.011845520412369262,0.011485707127701415,0.43388373911755823,-0.900968867902419,0.49999999999999994,-0.8660254037844387
2023-06-30,367.5499877929688,370.489990234375,367.2300109863281,369.4200134277344,363.4793395996094,58712500.0,0.0153025123128757,103.3499984741211,103.54000091552734,102.75,102.91000366210938,102.91000366210938,0.0,3.859999895095825,3.871999979019165,3.806999921798706,3.819000005722046,3.819000005722046,0.0,13.510000228881836,13.59000015258789,12.960000038146973,13.59000015258789,13.59000015258789,0.0,0.015302512312875771,0.008869485393325969,0.01542019526978633,364.4720001220703,361.93849945068365,342.83520141601565,301.9650001525879,363.5592010787657,357.30820397737864,6.250997101387043,7.256774637467405,65.29394999659775,61.459161140081704,56.94673284797348,0.40497398462051165,-22.477001839852818,5.4332883352446295,349.8335529852567,374.0434459161106,6.688952119654978,0.16629503977897808,-0.0020047042042777583,0.0019497167130655246,-0.009962890111035752,-0.0063127788671082825,0.007471821952131829,-0.433883739117558,-0.9009688679024191,0.49999999999999994,-0.8660254037844387
2023-07-03,370.0700073242188,370.9299926757813,368.9700012207031,370.2900085449219,364.33538818359375,19432900.0,0.0023523815775239,102.91999816894533,103.2699966430664,102.75,102.98999786376952,102.98999786376952,0.0,3.864000082015991,3.865999937057495,3.7780001163482666,3.858000040054321,3.858000040054321,0.0,13.850000381469728,13.850000381469728,13.470000267028809,13.56999969482422,13.56999969482422,0.0,0.002352381577523975,0.005296272100648867,0.0023551505979055865,364.70800170898445,362.7080001831055,343.92200134277346,302.4446002197265,364.5947099197128,358.26981913053004,6.324890789182746,7.070397867810474,66.01158394705311,69.84298126411231,62.56830452623268,0.6414306841302297,-16.77585793136549,5.185195700947027,350.530534120593,374.88546624561803,6.7147490854158,0.1662133623444892,0.015302512312875771,-0.0020047042042777583,-0.013496121029594412,0.0,0.0007046525347509932,0.0,1.0,1.2246467991473532e-16,-1.0
2023-07-04,370.0700073242188,370.9299926757813,368.9700012207031,370.2900085449219,364.33538818359375,19432900.0,0.0,102.91999816894533,103.2699966430664,102.75,102.98999786376952,102.98999786376952,0.0,3.864000082015991,3.865999937057495,3.7780001163482666,3.858000040054321,3.858000040054321,0.0,13.850000381469728,13.850000381469728,13.470000267028809,13.56999969482422,13.56999969482422,0.0,0.0,0.005296272100648867,0.0,365.0470031738282,363.4805007934571,345.12800170898436,302.9236502075194,365.4709097082065,359.16020353159615,6.310706176610324,6.918459529570444,66.01158394705313,81.32376076580539,70.87530105666647,0.9239614894607887,-16.77585793136549,4.954823969099253,351.4452285006212,375.515773086293,6.622238203459924,0.1661825978451094,0.002352381577523975,0.015302512312875771,0.017047951370922135,-0.0014326236713139149,-0.00016909233689660767,0.7818314824680298,0.6234898018587336,1.2246467991473532e-16,-1.0
2023-07-05,368.7000122070313,372.010009765625,368.6600036621094,370.2799987792969,364.3254699707031,34460900.0,-2.722312521728518e-05,103.08000183105467,103.38999938964844,102.95999908447266,103.37000274658205,103.37000274658205,0.0,3.868000030517578,3.947000026702881,3.86299991607666,3.944999933242798,3.944999933242798,0.0,14.1899995803833,14.739999771118164,14.050000190734863,14.18000030517578,14.18000030517578,0.0,-2.722312521728518e-05,0.009085994013025797,-2.722275467137436e-05,365.88500366210945,364.553500366211,346.29620178222655,303.375350189209,366.2107695652973,359.98389206846286,6.226877496834447,6.780143123023245,65.99337542942631,83.20227715116124,78.12300639369298,2.3155581719101836,-16.841452683785295,4.840194121557565,354.3317125582393,374.77528817418266,5.607839616244759,0.1501438520827822,0.0,0.002352381577523975,0.0019497167130655246,-0.013721461851992816,-0.017110840712815493,0.9749279121818236,-0.22252093395631434,1.2246467991473532e-16,-1.0
2023-07-06,366.510009765625,367.9100036621094,364.5199890136719,367.4599914550781,361.5508117675781,49374700.0,-0.0076450265341073,103.3499984741211,103.56999969482422,102.91999816894533,103.16999816894533,103.16999816894533,0.0,3.993000030517578,4.083000183105469,3.993000030517578,4.040999889373779,4.040999889373779,0.0,14.850000381469728,17.079999923706055,14.789999961853027,15.4399995803833,15.4399995803833,0.0,-0.007645026534107398,0.00924944628553348,-0.00761587764739069,366.0140014648438,365.2690002441406,347.2384014892578,303.8533001708984,366.4029575483405,360.53767720821213,5.865280340128379,6.597170566444272,60.89700072448908,77.02050502626456,80.5155143144104,0.35228936833691166,-35.32117430605551,4.905895238990953,356.5093748905025,374.0286255977787,4.796259933245529,0.15051109082562894,-2.722312521728518e-05,0.0,-0.0020047042042777583,0.011729834555285446,0.012336730221932794,0.43388373911755823,-0.900968867902419,1.2246467991473532e-16,-1.0
2023-07-07,367.2300109863281,370.4800109863281,366.010009765625,366.239990234375,360.3504333496094,47133700.0,-0.0033256059118942,103.08000183105467,103.19000244140624,102.2300033569336,102.2699966430664,102.2699966430664,0.0,4.078000068664551,4.093999862670898,4.00600004196167,4.050000190734863,4.050000190734863,0.0,15.970000267028809,16.059999465942383,14.329999923706056,14.829999923706056,14.829999923706056,0.0,-0.0033256059118942243,0.012172211112859025,-0.0033200822094693327,366.3839996337891,365.8559997558594,348.11200134277345,304.3482000732422,366.3778856538843,360.96007076570567,5.4178148881786115,6.36129943079114,58.78204907836359,69.27446839987117,76.49908352576566,1.0205719650924168,-40.013967810545694,4.874759951970394,358.7101137938575,373.0018857178613,3.9063926609214796,0.15153404879412177,-0.007645026534107398,-2.722312521728518e-05,0.015302512312875771,-0.009962890111035752,0.003815555357361038,-0.433883739117558,-0.9009688679024191,1.2246467991473532e-16,-1.0
2023-07-10,365.9599914550781,367.0499877929688,363.4100036621094,366.3599853515625,360.4685363769531,48498800.0,0.0003276912327802,102.29000091552734,102.55999755859376,101.9499969482422,101.97000122070312,101.97000122070312,0.0,4.052000045776367,4.0920000076293945,3.986000061035156,4.00600004196167,4.00600004196167,0.0,16.079999923706055,16.209999084472656,15.039999961853027,15.06999969482422,15.06999969482422,0.0,0.0003276912327802845,0.009946399103319037,0.0003277449294174506,367.2519989013672,366.1494995117187,348.9954010009765,304.81235000610354,366.37513176121934,361.3600644387321,5.015067322487255,6.092053009130364,58.93312116519045,61.82767765592921,69.37421702735497,2.4267481697387594,-39.18182491561114,4.7865616790338965,359.46425085631967,372.83474816711777,3.6516497574429088,0.14071615385170885,-0.0033256059118942243,-0.007645026534107398,0.002352381577523975,-0.013496121029594412,0.01675583842338721,0.0,1.0,1.2246467991473532e-16,-1.0
2023-07-11,366.7900085449219,368.6300048828125,364.6199951171875,368.1700134277344,362.24945068359375,38214100.0,0.0049283896159969,101.94000244140624,101.97000122070312,101.6500015258789,101.7300033569336,101.7300033569336,0.0,3.9800000190734863,4.001999855041504,3.961999893188477,3.9800000190734863,3.9800000190734863,0.0,15.020000457763672,15.25,14.630000114440918,14.84000015258789,14.84000015258789,0.0,0.0049283896159969115,0.010932712648125151,0.004940554103668671,367.686001586914,366.39499969482415,349.971201171875,305.2425500488281,366.65126740222166,361.8645051045841,4.7867622976375515,5.830994866831802,61.24081849970956,64.72485882282396,65.27566829287477,1.192872224842499,-26.629630805371264,4.731093685218975,359.79647467271104,372.99352471693726,3.601864123478278,0.13930001046627596,0.0003276912327802845,-0.0033256059118942243,0.0,0.017047951370922135,0.007654581207342652,0.7818314824680298,0.6234898018587336,1.2246467991473532e-16,-1.0
2023-07-12,372.3399963378906,374.1900024414063,370.2999877929688,372.8200073242188,366.8246154785156,61975400.0,0.0125507820524293,101.58999633789062,101.61000061035156,100.51000213623048,100.5199966430664,100.5199966430664,0.0,3.946000099182129,3.947999954223633,3.8440001010894775,3.861000061035156,3.861000061035156,0.0,14.81999969482422,14.81999969482422,13.510000228881836,13.539999961853027,13.539999961853027,0.0,0.012550782052429316,0.01044747995567845,0.012629873658298596,368.5140014648438,366.7410003662109,351.08180114746096,305.69675003051753,367.6003043132981,362.67602378752,4.9242805257781015,5.649651998621062,66.45583713150948,75.31185489327575,67.28813045734297,2.2713552930299548,-8.252979599190336,4.823157637251329,359.5524291411296,373.92957159129224,3.9202441057330035,0.14378933639964156,0.0049283896159969115,0.0003276912327802845,-2.722312521728518e-05,0.0019497167130655246,0.007241258724624194,0.9749279121818236,-0.22252093395631434,1.2246467991473532e-16,-1.0
2023-07-13,376.0499877929688,379.989990234375,375.4599914550781,379.1499938964844,373.0528564453125,46960000.0,0.0168362690414551,100.5199966430664,100.61000061035156,99.73999786376952,99.7699966430664,99.7699966430664,0.0,3.825999975204468,3.845999956130981,3.760999917984009,3.760999917984009,3.760999917984009,0.0,13.4399995803833,13.609999656677246,13.119999885559082,13.609999656677246,13.609999656677246,0.0,0.01683626904145512,0.012046267587677274,0.016978797779620747,370.04800109863277,367.18549957275394,352.341400756836,306.1936999511719,369.37717963378833,363.89631786966555,5.480861764122778,5.6158939517214055,71.98231680163542,87.1224683074504,75.71972734118336,4.2164856493312906,-3.74998467308717,4.990788013887391,358.20473656901015,376.16626257649773,4.891676285797526,0.1497474597273091,0.012550782052429316,0.0049283896159969115,-0.007645026534107398,-0.0020047042042777583,0.011845520412369262,0.43388373911755823,-0.900968867902419,1.2246467991473532e-16,-1.0
2023-07-14,379.5899963378906,382.8599853515625,378.1799926757813,379.0700073242188,372.9741516113281,55148500.0,-0.0002109972787215,99.75,100.0199966430664,99.58000183105467,99.91000366210938,99.91000366210938,0.0,3.7790000438690186,3.819999933242798,3.76200008392334,3.819000005722046,3.819000005722046,0.0,13.720000267028809,13.760000228881836,13.220000267028809,13.34000015258789,13.34000015258789,0.0,-0.0002109972787215723,0.012329072738827699,-0.00021097502036127036,371.01300048828125,367.74250030517584,353.46500061035164,306.7435499572754,370.86838389385457,365.0202948662991,5.848089027555488,5.662332966888222,71.8212953146982,90.81080954470065,84.4150442484756,2.6122011655365163,-15.56460709362052,4.968588346879805,357.3038146366429,378.18118597370875,5.677171205324505,0.14720238176816308,0.01683626904145512,0.012550782052429316,-0.0033256059118942243,0.015302512312875771,-0.0063127788671082825,-0.433883739117558,-0.9009688679024191,1.2246467991473532e-16,-1.0
2023-07-17,379.7999877929688,383.5,379.30999755859375,382.6099853515625,376.4571838378906,40868900.0,0.0092952006136483,99.95999908447266,100.18000030517578,99.75,99.83999633789062,99.83999633789062,0.0,3.7790000438690186,3.8359999656677246,3.7790000438690186,3.796999931335449,3.796999931335449,0.0,13.779999732971191,14.0,13.43000030517578,13.479999542236328,13.479999542236328,0.0,0.00929520061364833,0.011032128952279601,0.009338535154554517,372.2449981689453,368.4764999389649,354.6434002685547,307.3245498657227,372.6747841181174,366.3232349022445,6.351549215872865,5.800176216685151,74.53617064478861,92.18832373679808,90.04053386298304,3.3271156451271144,-4.120437022898072,4.930117227515619,356.09807131853114,380.8549285593986,6.718707229624751,0.1495745947375365,-0.0002109972787215723,0.01683626904145512,0.0003276912327802845,0.002352381577523975,0.0,0.0,1.0,1.2246467991473532e-16,-1.0
2023-07-18,381.9599914550781,387.1300048828125,380.0,385.739990234375,379.5368957519531,55262000.0,0.0081474948906573,99.88999938964844,100.11000061035156,99.58999633789062,99.94000244140624,99.94000244140624,0.0,3.757999897003174,3.7929999828338623,3.73799991607666,3.7890000343322754,3.7890000343322754,0.0,13.609999656677246,13.670000076293944,13.289999961853027,13.300000190734863,13.300000190734863,0.0,0.00814749489065737,0.018666889313853834,0.008180776051782468,373.78999633789067,369.4184997558594,355.92539978027344,307.9394998168946,374.68481582831083,367.7615130749949,6.923302753315909,6.024801524011303,76.67591826570606,91.58422340089709,91.5277855607986,4.172400370770146,-5.562285680790158,5.087252060036825,354.86828503828787,383.9687144734309,7.8773611647426645,0.15050042010882553,0.00929520061364833,-0.0002109972787215723,0.0049283896159969115,0.0,-0.0014326236713139149,0.7818314824680298,0.6234898018587336,1.2246467991473532e-16,-1.0
2023-07-19,386.8200073242188,387.9800109863281,384.2999877929688,385.6499938964844,379.4483337402344,54093000.0,-0.0002333695273093,99.9800033569336,100.54000091552734,99.93000030517578,100.27999877929688,100.27999877929688,0.0,3.74399995803833,3.795000076293945,3.734999895095825,3.742000102996826,3.742000102996826,0.0,13.31999969482422,13.84000015258789,13.119999885559082,13.760000228881836,13.760000228881836,0.0,-0.00023336952730936832,0.009513528575772073,-0.00023334229875937584,375.32699584960943,370.6059997558594,357.1355993652344,308.5544497680665,376.3717663003375,369.0865857284386,7.285180571898934,6.276877333588829,76.47692711093929,93.61136702812186,92.461304721939,4.1509115177319345,-9.483176211946198,4.986735712417003,354.81561693169374,386.39638258002503,8.521385425259023,0.1383382915664569,0.00814749489065737,0.00929520061364833,0.012550782052429316,-2.722312521728518e-05,-0.013721461851992816,0.9749279121818236,-0.22252093395631434,1.2246467991473532e-16,-1.0
2023-07-20,382.6099853515625,384.1000061035156,375.7200012207031,376.760009765625,370.7012634277344,71941700.0,-0.0233219262179596,100.27999877929688,100.97000122070312,100.0199966430664,100.87999725341795,100.87999725341795,0.0,3.7909998893737793,3.874000072479248,3.7909998893737793,3.8540000915527344,3.8540000915527344,0.0,13.960000038146973,14.229999542236328,13.579999923706056,13.989999771118164,13.989999771118164,0.0,-0.0233219262179596,0.021902211661079633,-0.023052072007484825,376.2569976806641,371.1354995727539,358.14679931640626,309.0941497802735,376.43149606422793,369.6549875089709,6.77650855525701,6.376803577922466,59.93111836162141,79.76303369541182,88.31954137481026,2.5308927575272637,-45.66543702102819,5.339825495514449,355.2614335688308,387.00956557667695,8.554323702365894,0.16329981891739212,-0.00023336952730936832,0.00814749489065737,0.01683626904145512,-0.007645026534107398,0.011729834555285446,0.43388373911755823,-0.900968867902419,1.2246467991473532e-16,-1.0
2023-07-21,379.1799926757813,379.9200134277344,375.1900024414063,375.6300048828125,369.5894470214844,60499600.0,-0.0030037314435923,100.77999877929688,101.19000244140624,100.72000122070312,101.06999969482422,101.06999969482422,0.0,3.8329999446868896,3.836999893188477,3.809000015258789,3.836999893188477,3.836999893188477,0.0,13.869999885559082,13.890000343322754,13.369999885559082,13.600000381469728,13.600000381469728,0.0,-0.003003731443592349,0.012474315833357997,-0.0029992247557223406,377.19599914550787,371.7899993896484,359.1587994384766,309.6685998535157,376.30818972862556,370.0975813885147,6.210608340110866,6.343564530360147,58.20727093013827,64.86227554826877,79.41222542393415,2.5638965975365955,-50.26456012221933,5.29626731628685,356.3342283579412,387.24577042135564,8.314247858780655,0.1586654853091356,-0.0233219262179596,-0.00023336952730936832,-0.0002109972787215723,-0.0033256059118942243,-0.009962890111035752,-0.433883739117558,-0.9009688679024191,1.2246467991473532e-16,-1.0
2023-07-24,376.6199951171875,377.5799865722656,374.3399963378906,376.2300109863281,370.1799011230469,40380100.0,0.0015963197946176,101.08999633789062,101.43000030517578,100.88999938964844,101.3499984741211,101.3499984741211,0.0,3.805999994277954,3.865000009536743,3.79800009727478,3.857000112533569,3.857000112533569,0.0,14.289999961853027,14.300000190734863,13.729999542236328,13.90999984741211,13.90999984741211,0.0,0.001596319794617666,0.008602809931445245,0.0015975945912984901,378.1830017089844,372.71750030517575,360.1475994873047,310.20299987792976,376.2961622298106,370.5518354327972,5.7443267970134,6.223716983690798,58.88354408570764,52.082489763303556,65.56926633566138,2.694078510046411,-47.8225335668418,5.149390381864576,358.66421575990654,386.77078485044495,7.540984543930768,0.14809337646561993,-0.003003731443592349,-0.0233219262179596,0.00929520061364833,0.0003276912327802845,-0.013496121029594412,0.0,1.0,1.2246467991473532e-16,-1.0
2023-07-25,376.9500122070313,380.4700012207031,376.9299926757813,378.7799987792969,372.6888122558594,38894400.0,0.0067546812158313,101.41999816894533,101.6500015258789,101.19000244140624,101.3499984741211,101.3499984741211,0.0,3.891999959945679,3.921999931335449,3.884999990463257,3.911999940872192,3.911999940872192,0.0,14.020000457763672,14.09000015258789,13.81999969482422,13.859999656677246,13.859999656677246,0.0,0.006754681215831304,0.009391188301587182,0.006777545526380546,379.2440002441407,373.46500091552736,361.17999938964846,310.7394998168946,376.67829092973153,371.1613290140194,5.516961915712159,6.08236597009507,61.71868944921917,54.82294344872129,57.25590292009787,2.8818168141347185,-37.444075964775,5.084433228472464,359.81762850546033,387.1123733255944,7.308514788058477,0.13893199995082536,0.001596319794617666,-0.003003731443592349,0.00814749489065737,0.0049283896159969115,0.017047951370922135,0.7818314824680298,0.6234898018587336,1.2246467991473532e-16,-1.0
2023-07-26,377.7200012207031,379.239990234375,375.1799926757813,377.5199890136719,371.4490661621094,47075700.0,-0.0033320363785416,101.31999969482422,101.44000244140624,100.86000061035156,100.88999938964844,100.88999938964844,0.0,3.884999990463257,3.9040000438690186,3.848999977111816,3.8510000705718994,3.8510000705718994,0.0,13.859999656677246,14.15999984741211,13.149999618530272,13.1899995803833,13.1899995803833,0.0,-0.0033320363785416373,0.010748696244500493,-0.003326491305832069,379.71399841308596,374.11399993896487,362.1079992675781,311.274649810791,376.8077829426454,371.63234086584544,5.175442076799982,5.900981191436053,59.53421590662111,57.38702371932614,54.76415231045033,1.260657045523252,-42.572319310404794,5.011259252052551,361.03082778150804,387.1971720964217,6.994216821392032,0.14022314399645108,0.006754681215831304,0.001596319794617666,-0.00023336952730936832,0.012550782052429316,0.0019497167130655246,0.9749279121818236,-0.22252093395631434,1.2246467991473532e-16,-1.0
2023-07-27,383.0700073242188,384.7099914550781,375.30999755859375,376.6199951171875,370.56353759765625,63940200.0,-0.0023868300359527,101.11000061035156,101.83999633789062,100.5500030517578,101.7699966430664,101.7699966430664,0.0,3.86299991607666,4.021999835968018,3.8529999256134033,4.01200008392334,4.01200008392334,0.0,13.140000343322754,15.020000457763672,12.739999771118164,14.40999984741211,14.40999984741211,0.0,-0.0023868300359527203,0.024538579676713,-0.002383983822069058,379.4609985351563,374.75449981689457,362.89499938964843,311.8121998596191,376.7788925079596,372.0017967363152,4.777095771644383,5.676204107477719,57.956309806072206,57.91610256155473,56.70868990986739,-0.6672817671171098,-46.235297040156,5.3247402980833956,362.57205027504233,386.9369493587468,6.501562781930353,0.14036531828417656,-0.0033320363785416373,0.006754681215831304,-0.0233219262179596,0.01683626904145512,-0.0020047042042777583,0.43388373911755823,-0.900968867902419,1.2246467991473532e-16,-1.0
2023-07-28,380.739990234375,384.5199890136719,380.2200012207031,383.4800109863281,377.3132934570313,56902900.0,0.0180509379470534,101.69000244140624,102.04000091552734,101.36000061035156,101.62000274658205,101.62000274658205,0.0,3.9609999656677246,3.994999885559082,3.940999984741211,3.9690001010894775,3.9690001010894775,0.0,14.029999732971191,14.18000030517578,13.270000457763672,13.329999923706056,13.329999923706056,0.0,0.01805093794705343,0.01129376451977575,0.018214840842500024,379.9019989013673,375.45749969482426,363.83439941406255,312.3524998474121,377.809833812324,372.85203482890876,4.957798983415216,5.532523082665219,65.46897772588856,63.97623270189832,59.75978632759306,1.16337446300188,-19.263685543744224,5.508686983683465,362.9527554283815,387.962243961267,6.6610704415848545,0.1441773044043282,-0.0023868300359527203,-0.0033320363785416373,-0.003003731443592349,-0.0002109972787215723,0.015302512312875771,-0.433883739117558,-0.9009688679024191,1.2246467991473532e-16,-1.0
2023-07-31,383.7900085449219,384.8800048828125,382.3399963378906,383.6799926757813,377.5100402832031,44019900.0,0.0005213056402285,101.6999969482422,101.91000366210938,101.52999877929688,101.86000061035156,101.86000061035156,0.0,3.9670000076293945,3.9809999465942383,3.927000045776367,3.9590001106262207,3.9590001106262207,0.0,13.979999542236328,14.09000015258789,13.56999969482422,13.630000114440918,13.630000114440918,0.0,0.000521305640228565,0.0066182247801392985,0.0005214415436285424,380.00899963378913,376.12699890136724,364.7551989746094,312.87864974975594,378.7129351759328,373.65410578052894,5.058829395403848,5.437784345212945,65.66160737038628,70.05989292902541,63.98407606415948,0.2796600625139532,-24.321338629023526,5.296638523771923,363.3562030160195,388.897794786715,6.790682893092006,0.14424214923834033,0.01805093794705343,-0.0023868300359527203,0.001596319794617666,0.00929520061364833,0.002352381577523975,0.0,1.0,1.2246467991473532e-16,-1.0
2023-08-01,382.30999755859375,383.55999755859375,380.6900024414063,382.7900085449219,376.6343078613281,41060600.0,-0.0023224540969012,101.87000274658205,102.43000030517578,101.8499984741211,102.3000030517578,102.3000030517578,0.0,4.000999927520752,4.057000160217285,4.000999927520752,4.051000118255615,4.051000118255615,0.0,13.75,14.300000190734863,13.75,13.93000030517578,13.93000030517578,0.0,-0.0023224540969012148,0.007506984215728182,-0.0023197592869795836,379.71400146484376,376.7519989013672,365.7437994384766,313.37154983520514,379.34017723270034,374.3308393186321,5.009337914068226,5.352095058984001,63.951815381221074,72.78838180628996,68.94150247907122,-0.764759103058182,-38.04983040836234,5.131877931672143,363.9605085398339,389.5434892629005,6.790403447803386,0.14485571820409865,0.000521305640228565,0.01805093794705343,0.006754681215831304,0.00814749489065737,0.0,0.7818314824680298,0.6234898018587336,-0.4999999999999997,-0.8660254037844388
2023-08-02,379.260009765625,379.260009765625,373.1300048828125,374.3900146484375,368.3694458007813,72687100.0,-0.0221883476392856,101.95999908447266,102.77999877929688,101.95999908447266,102.58999633789062,102.58999633789062,0.0,4.039000034332275,4.125999927520752,4.034999847412109,4.078000068664551,4.078000068664551,0.0,15.699999809265137,16.479999542236328,14.949999809265137,16.09000015258789,16.09000015258789,0.0,-0.02218834763928566,0.016163066827427228,-0.02194399683735082,378.5880035400391,376.95749969482426,366.5985998535156,313.85384994506836,378.5786137581984,374.33522267639546,4.24339108180294,5.130354263547789,50.56778070872946,48.70458057395138,63.85095176975558,-2.919740548749824,-91.51508924075996,5.455315483846231,364.47548615586186,389.43951323378667,6.622504419764851,0.16781855980183358,-0.0023224540969012148,0.000521305640228565,-0.0033320363785416373,-0.00023336952730936832,-2.722312521728518e-05,0.9749279121818236,-0.22252093395631434,-0.4999999999999997,-0.8660254037844388
2023-08-03,371.9400024414063,375.9500122070313,371.7699890136719,373.7900085449219,367.7791442871094,47666400.0,-0.0016037567636296,102.58999633789062,102.83999633789062,102.37000274658205,102.54000091552734,102.54000091552734,0.0,4.144999980926514,4.197999954223633,4.127999782562256,4.189000129699707,4.189000129699707,0.0,16.770000457763672,17.420000076293945,15.720000267028809,15.920000076293944,15.920000076293944,0.0,-0.0016037567636296992,0.011238434064423961,-0.0016024714329623269,378.29100341796874,377.2740005493165,367.28000000000003,314.3584500122071,377.84190526384816,374.29483644443445,3.5470688194137097,4.813697174720973,49.766594472286876,27.632209167169144,49.70839051580349,-0.7883005477547111,-87.53845284937026,5.364223177382889,365.50535329851715,389.04264780011584,6.238779896660795,0.1652553946038233,-0.02218834763928566,-0.0023224540969012148,-0.0023868300359527203,-0.0233219262179596,-0.007645026534107398,0.43388373911755823,-0.900968867902419,-0.4999999999999997,-0.8660254037844388
2023-08-04,375.75,378.1000061035156,371.5299987792969,372.0400085449219,366.0572204589844,61702800.0,-0.0046929453788679,102.4499969482422,102.62000274658205,101.73999786376952,102.0199966430664,102.0199966430664,0.0,4.191999912261963,4.205999851226807,4.058000087738037,4.059999942779541,4.059999942779541,0.0,16.010000228881836,17.389999389648438,14.56999969482422,17.100000381469727,17.100000381469727,0.0,-0.004692945378867925,0.01748504943238523,-0.004681950716544092,377.93200378417964,377.5640014648438,367.7528002929688,314.8125500488282,376.94930576862873,374.1278121555817,2.821493613047039,4.4152564623861865,47.40735319172192,8.015606308686,28.117465349935504,-0.9557267234311106,-96.89963898381178,5.450350616442593,366.6882117987332,388.43979113095435,5.761031043169111,0.1657844955335797,-0.0016037567636296992,-0.02218834763928566,0.01805093794705343,-0.003003731443592349,-0.0033256059118942243,-0.433883739117558,-0.9009688679024191,-0.4999999999999997,-0.8660254037844388
2023-08-07,373.8800048828125,375.2900085449219,371.510009765625,375.1900024414063,369.1565246582031,37230400.0,0.008431078931239,102.01000213623048,102.37999725341795,101.97000122070312,102.0500030517578,102.0500030517578,0.0,4.11299991607666,4.11299991607666,4.064000129699707,4.078000068664551,4.078000068664551,0.0,16.899999618530273,17.360000610351562,15.770000457763672,15.770000457763672,15.770000457763672,0.0,0.00843107893123903,0.010110192387746606,0.008466720572626985,377.82800292968744,378.00550231933596,368.28860046386717,315.2987500000001,376.6786437182868,374.2064929174946,2.4721508007922353,4.026635330067396,51.833593876666576,12.635172390421152,16.094329288758765,-0.27642891703278055,-77.6563909955545,5.331039770932184,368.4023149285367,387.6086897101352,5.080977568779695,0.16796856982437064,-0.004692945378867925,-0.0016037567636296992,0.000521305640228565,0.001596319794617666,0.0003276912327802845,0.0,1.0,-0.4999999999999997,-0.8660254037844388
2023-08-08,372.6400146484375,372.6600036621094,368.8200073242188,372.0,366.0178833007813,44726500.0,-0.0085385464794152,102.06999969482422,102.8000030517578,102.06999969482422,102.52999877929688,102.52999877929688,0.0,4.007999897003174,4.033999919891357,3.983999967575073,4.026000022888184,4.026000022888184,0.0,16.280000686645508,18.13999938964844,15.960000038146973,15.989999771118164,15.989999771118164,0.0,-0.008538546479415219,0.010304841635199494,-0.008502196623309977,377.1500030517578,378.1970016479493,368.72900024414065,315.7832000732423,375.9588523770119,374.04304899768016,1.9158033793317486,3.6044689399202667,47.475969179934324,15.081558207784596,11.910778968963916,-1.7899569146066145,-80.19929539727993,5.405250867093279,369.2922836221895,387.10171967370917,4.709036817826994,0.17077290368928733,0.00843107893123903,-0.004692945378867925,-0.0023224540969012148,0.006754681215831304,0.0049283896159969115,0.7818314824680298,0.6234898018587336,-0.4999999999999997,-0.8660254037844388
2023-08-09,372.2900085449219,372.4500122070313,367.1400146484375,367.9100036621094,361.9936218261719,51150900.0,-0.0110556012793963,102.5500030517578,102.58000183105467,102.29000091552734,102.48999786376952,102.48999786376952,0.0,4.035999774932861,4.035999774932861,3.98799991607666,4.01200008392334,4.01200008392334,0.0,15.8100004196167,16.8700008392334,15.380000114440918,15.960000038146973,15.960000038146973,0.0,-0.01105560127939631,0.014263067599766335,-0.010994712712718568,376.1890045166015,377.95150146484383,369.1274005126953,316.2943501281739,374.72056795933463,373.58874934319346,1.1318186161411745,3.109938875164448,42.53816522847863,15.494909191002627,14.403879929736124,-2.545556694009777,-95.65958603415768,5.398447059343316,368.1928198496491,387.7101830800386,5.1639861608553375,0.1692622956270701,-0.008538546479415219,0.00843107893123903,-0.02218834763928566,-0.0033320363785416373,0.012550782052429316,0.9749279121818236,-0.22252093395631434,-0.4999999999999997,-0.8660254037844388
2023-08-10,370.9700012207031,374.3599853515625,367.0400085449219,368.5899963378906,362.6626281738281,72035300.0,0.0018464107298399,102.4800033569336,102.6500015258789,101.77999877929688,102.5199966430664,102.5199966430664,0.0,3.982000112533569,4.093999862670898,3.9570000171661377,4.079999923706055,4.079999923706055,0.0,15.579999923706056,16.860000610351562,14.600000381469728,15.850000381469728,15.850000381469728,0.0,0.0018464107298399577,0.019731991219111306,0.0018481163957566604,375.38600463867186,377.42350158691414,369.45900024414067,316.8348501586915,373.7774030944971,373.2184713428006,0.5589317516964911,2.5997374504708572,43.58865649440881,10.943130911387112,13.839866103391444,-2.1321222673794296,-91.31172583440105,5.535699184150267,366.8307822965777,388.0162208772506,5.613174190689408,0.1565975340659664,-0.01105560127939631,-0.008538546479415219,-0.0016037567636296992,-0.0023868300359527203,0.01683626904145512,0.43388373911755823,-0.900968867902419,-0.4999999999999997,-0.8660254037844388
2023-08-11,365.989990234375,368.0,364.6900024414063,366.239990234375,360.3504333496094,48707200.0,-0.0063960191862041,102.62000274658205,102.91000366210938,102.41999816894533,102.83999633789062,102.83999633789062,0.0,4.10699987411499,4.168000221252441,4.090000152587891,4.168000221252441,4.168000221252441,0.0,15.529999732971191,16.510000228881836,14.84000015258789,14.84000015258789,14.84000015258789,0.0,-0.0063960191862041755,0.00904395652043384,-0.00637560819503713,373.66200256347656,376.7820007324219,369.69080017089846,317.34265014648446,372.6178011160168,372.7015468162506,-0.08374570023380556,2.063040820329925,40.811831675482516,6.901898199240173,11.113312767209969,-4.495676504131468,-92.32299353372075,5.418863092174128,365.1101131167927,388.4538883480511,6.195565389503938,0.15750457914492383,0.0018464107298399577,-0.01105560127939631,-0.004692945378867925,0.01805093794705343,-0.0002109972787215723,-0.433883739117558,-0.9009688679024191,-0.4999999999999997,-0.8660254037844388
2023-08-14,365.4299926757813,370.4700012207031,364.7000122070313,370.3500061035156,364.3943786621094,42130800.0,0.0111597550333468,102.8499984741211,103.45999908447266,102.7699966430664,103.19000244140624,103.19000244140624,0.0,4.176000118255615,4.215000152587891,4.145999908447266,4.184000015258789,4.184000015258789,0.0,15.880000114440918,16.059999465942383,14.770000457763672,14.81999969482422,14.81999969482422,0.0,0.011159755033346895,0.015789587962997603,0.011222257386815926,372.32900390624997,376.16900177001946,369.99980041503903,317.85645019531256,372.268909575632,372.52735861530726,-0.2584490396752699,1.598742848328886,47.15280768236451,14.79965847328573,10.881562527971003,-3.4742459410777347,-71.96630521202101,5.443943515138249,364.4981080771063,387.83989546293265,6.205133138561205,0.15936243530972968,-0.0063960191862041755,0.0018464107298399577,0.00843107893123903,0.000521305640228565,0.00929520061364833,0.0,1.0,-0.4999999999999997,-0.8660254037844388
2023-08-15,369.3599853515625,370.1700134277344,365.739990234375,366.4200134277344,360.5276489257813,45539900.0,-0.0106680891494778,103.1500015258789,103.2699966430664,102.81999969482422,103.20999908447266,103.20999908447266,0.0,4.235000133514404,4.27400016784668,4.165999889373779,4.2210001945495605,4.2210001945495605,0.0,14.949999809265137,16.56999969482422,14.90999984741211,16.459999084472656,16.459999084472656,0.0,-0.010668089149477885,0.011993782134095578,-0.01061138690043717,370.69200439453124,375.2030029296875,370.23140075683597,318.34085021972663,371.36907939903233,372.0749626754871,-0.705883276454756,1.1378176233721575,42.46776510713617,14.759784316274086,12.153780329599996,-4.276494880159971,-91.43134830543598,5.384377254709848,363.6702373748252,386.7357684845498,6.147480411836425,0.15804397444549478,0.011159755033346895,-0.0063960191862041755,-0.008538546479415219,-0.0023224540969012148,0.00814749489065737,0.7818314824680298,0.6234898018587336,-0.4999999999999997,-0.8660254037844388
2023-08-16,365.8699951171875,367.4299926757813,362.4400024414063,362.5400085449219,356.7099914550781,53190500.0,-0.0106455470531654,103.20999908447266,103.52999877929688,102.94000244140624,103.41999816894533,103.41999816894533,0.0,4.204999923706055,4.26200008392334,4.190999984741211,4.257999897003174,4.257999897003174,0.0,16.540000915527344,16.93000030517578,15.800000190734863,16.780000686645508,16.780000686645508,0.0,-0.010645547053165444,0.013638697627491194,-0.010589083755651374,369.5070037841797,374.04750366210936,370.50580078125,318.8369502258301,370.01076080609226,371.3686697769267,-1.357908970834444,0.6386723045308373,38.410096313558974,12.349335477299238,13.969592755619685,-3.1651501482065716,-99.55434005064528,5.356206753257359,362.2931721266872,385.80183519753155,6.2849405064017185,0.16030835930946305,-0.010668089149477885,0.011159755033346895,-0.01105560127939631,-0.02218834763928566,-0.00023336952730936832,0.9749279121818236,-0.22252093395631434,-0.4999999999999997,-0.8660254037844388
2023-08-17,363.9599914550781,364.30999755859375,358.1600036621094,358.5799865722656,352.8136901855469,62604300.0,-0.0109829750196031,103.4800033569336,103.5999984741211,103.05999755859376,103.44000244140624,103.44000244140624,0.0,4.277999877929688,4.328000068664551,4.271999835968018,4.308000087738037,4.308000087738037,0.0,16.959999084472656,18.1299991607666,16.399999618530273,17.889999389648438,17.889999389648438,0.0,-0.01098297501960316,0.016897444886448294,-0.010922882349433505,367.9860015869141,373.1385025024414,370.6144006347657,319.2161001586914,368.25218015473433,370.4213599099148,-2.169179755180494,0.07710189258857109,34.759675677102656,3.5287013001801624,10.212607031251162,-4.069135510567913,-98.42820774337825,5.412905834916431,359.5921593939679,386.68484561091486,7.260758682165129,0.14489648334796182,-0.010645547053165444,-0.010668089149477885,0.0018464107298399577,-0.0016037567636296992,-0.0233219262179596,0.43388373911755823,-0.900968867902419,-0.4999999999999997,-0.8660254037844388
2023-08-18,355.260009765625,359.4100036621094,354.7099914550781,358.1300048828125,352.3708801269531,61191400.0,-0.0012558701237546,103.4000015258789,103.68000030517578,103.2300033569336,103.37999725341795,103.37999725341795,0.0,4.243000030517578,4.28000020980835,4.2230000495910645,4.250999927520752,4.250999927520752,0.0,17.799999237060547,18.8799991607666,17.139999389648438,17.299999237060547,17.299999237060547,0.0,-0.0012558701237546119,0.013229781224551505,-0.0012550818488955562,366.5950012207032,372.2635025024414,370.6870007324219,319.56695022583,366.6949224205925,369.5108891671665,-2.81596674657402,-0.5015118352439472,34.360068331164534,4.623971884020287,6.834002887166562,-3.738846183912453,-88.14553655391562,5.361984861496062,357.21707525142045,387.3099297534623,8.083750972026731,0.14494436435375002,-0.01098297501960316,-0.010645547053165444,-0.0063960191862041755,-0.004692945378867925,-0.003003731443592349,-0.433883739117558,-0.9009688679024191,-0.4999999999999997,-0.8660254037844388
2023-08-21,359.6199951171875,364.5899963378906,359.1499938964844,363.8999938964844,358.0480651855469,50696500.0,0.0159829800466043,103.43000030517578,103.5,103.13999938964844,103.33000183105467,103.33000183105467,0.0,4.294000148773193,4.354000091552734,4.288000106811523,4.3420000076293945,4.3420000076293945,0.0,18.030000686645508,18.11000061035156,16.8799991607666,17.1299991607666,17.1299991607666,0.0,0.01598298004660431,0.015127085577189735,0.01611139109039983,365.46600036621095,371.6470016479492,370.75520080566406,319.95925018310544,366.26493341688354,369.0952672952641,-2.830333878380543,-0.9672762438712663,43.352967771527354,16.95334876047364,8.36867398155803,-3.009144292613474,-62.566209421285215,5.440413903894781,356.2779298859325,387.0160734099659,8.27079012819556,0.15854431733362995,-0.0012558701237546119,-0.01098297501960316,0.011159755033346895,0.00843107893123903,0.001596319794617666,0.0,1.0,-0.4999999999999997,-0.8660254037844388
2023-08-22,366.5499877929688,366.55999755859375,362.6799926757813,363.3800048828125,357.53643798828125,44530200.0,-0.0014299563005531,103.33000183105467,103.72000122070312,103.01000213623048,103.55999755859376,103.55999755859376,0.0,4.309999942779541,4.361999988555908,4.309999942779541,4.328000068664551,4.328000068664551,0.0,16.959999084472656,17.579999923706055,16.610000610351562,16.969999313354492,16.969999313354492,0.0,-0.0014299563005531828,0.010585199869121015,-0.0014289344001914284,364.6040008544922,370.877001953125,370.7576007080078,320.3292001342773,365.8210982577957,368.6719145239714,-2.850816266175684,-1.3439842483321498,42.78409152963937,28.78513697360067,16.7874858726982,-2.3172029884912635,-62.93284310399716,5.328956116674614,355.4695851522401,386.2844187540099,8.308639640498518,0.15540956575980117,0.01598298004660431,-0.0012558701237546119,-0.010668089149477885,-0.008538546479415219,0.006754681215831304,0.7818314824680298,0.6234898018587336,-0.4999999999999997,-0.8660254037844388
2023-08-23,364.5799865722656,370.2200012207031,364.3599853515625,369.1099853515625,363.17431640625,51770600.0,0.0156456481033679,103.58000183105467,103.9800033569336,103.3000030517578,103.36000061035156,103.36000061035156,0.0,4.2829999923706055,4.291999816894531,4.190000057220459,4.197999954223633,4.197999954223633,0.0,16.639999389648438,17.100000381469727,15.90999984741211,15.979999542236328,15.979999542236328,0.0,0.01564564810336796,0.01607333393211115,0.015768682066898965,364.7239990234375,370.45650177001954,370.8218005371094,320.7475500488281,366.327080887606,368.70436421490405,-2.3772833272980733,-1.5506440641253345,50.49325098987398,45.355218031285816,30.36456792178671,0.32616174540206166,-38.43529338086018,5.436887561047186,355.3564703879285,385.5565331521106,8.152121131600602,0.16750348137516183,-0.0014299563005531828,0.01598298004660431,-0.010645547053165444,-0.01105560127939631,-0.0033320363785416373,0.9749279121818236,-0.22252093395631434,-0.4999999999999997,-0.8660254037844388
2023-08-24,372.6400146484375,372.739990234375,361.010009765625,361.2200012207031,355.4111633300781,66842500.0,-0.021607603650998,103.36000061035156,104.02999877929688,103.2699966430664,103.9800033569336,103.9800033569336,0.0,4.2230000495910645,4.238999843597412,4.190000057220459,4.235000133514404,4.235000133514404,0.0,15.56999969482422,17.31999969482422,15.479999542236328,17.200000762939453,17.200000762939453,0.0,-0.021607603650998074,0.0314780485391954,-0.021375831730038763,363.98699951171875,369.68650207519534,370.64100036621096,321.12960006713865,365.54137632346703,368.14996695607437,-2.6085906326073314,-1.762233377821734,42.084684251498885,43.42151258676183,39.1872891972161,-1.9995103476523388,-68.36732575485715,5.886394197311673,354.34122470587226,385.0317794445184,8.30177855192657,0.18263338705475035,0.01564564810336796,-0.0014299563005531828,-0.01098297501960316,0.0018464107298399577,-0.0023868300359527203,0.43388373911755823,-0.900968867902419,-0.4999999999999997,-0.8660254037844388
2023-08-25,362.0700073242188,365.739990234375,358.5799865722656,364.0199890136719,358.16619873046875,69960500.0,0.0077217951022455,104.0999984741211,104.4499969482422,103.73999786376952,104.08000183105467,104.08000183105467,0.0,4.235000133514404,4.284999847412109,4.203999996185303,4.238999843597412,4.238999843597412,0.0,17.209999084472656,17.360000610351562,15.449999809265137,15.68000030517578,15.68000030517578,0.0,0.007721795102245518,0.01977519130906053,0.007751685047191259,363.7649993896484,368.7135009765625,370.56280029296875,321.5255999755859,365.3073167373447,367.84404266404454,-2.5367259266998303,-1.9171318875973533,45.55006305619772,46.858839338792755,45.21185665228013,-0.6061602446205935,-52.620862847904384,5.97736630194008,354.6352821690873,382.7917197840377,7.636399952910911,0.1708258040928218,-0.021607603650998074,0.01564564810336796,-0.0012558701237546119,-0.0063960191862041755,0.01805093794705343,-0.433883739117558,-0.9009688679024191,-0.4999999999999997,-0.8660254037844388
2023-08-28,366.989990234375,367.7099914550781,364.25,366.760009765625,360.862060546875,40910000.0,0.007498660626894,104.19000244140624,104.20999908447266,103.9800033569336,104.05999755859376,104.05999755859376,0.0,4.23199987411499,4.234000205993652,4.193999767303467,4.211999893188477,4.211999893188477,0.0,16.239999771118164,16.280000686645508,15.0,15.079999923706056,15.079999923706056,0.0,0.0074986606268940895,0.009428026777701569,0.007526845989269226,363.40599975585934,367.86750183105465,370.5394006347656,321.9499499511719,365.53080797246474,367.76374393082824,-2.2329359583634982,-1.9802927017505825,48.77989655824765,46.77835961489303,45.6862371801492,-0.9693523096330647,-38.67673255255936,5.813983169044807,355.6679494164668,380.0670542456425,6.632579585782803,0.17427936804298716,0.007721795102245518,-0.021607603650998074,0.01598298004660431,0.011159755033346895,0.000521305640228565,0.0,1.0,-0.4999999999999997,-0.8660254037844388
2023-08-29,366.55999755859375,375.1300048828125,366.2300109863281,374.7699890136719,368.7433471679688,58492400.0,0.0216050843485151,103.91999816894533,104.36000061035156,103.37000274658205,103.5500030517578,103.5500030517578,0.0,4.21999979019165,4.243000030517578,4.105999946594238,4.122000217437744,4.122000217437744,0.0,15.079999923706056,15.300000190734863,14.34000015258789,14.449999809265137,14.449999809265137,0.0,0.02160508434851515,0.024279773995420032,0.021840164103563486,364.2409973144531,367.46650085449215,370.69680053710937,322.39404983520507,366.9522204403428,368.2827250480759,-1.3305046077331326,-1.8503350829470926,56.83977788255696,68.97978352403344,54.205660825906406,2.278798995673387,-1.7630540274359174,6.034412506719062,356.9165174390003,378.016484269984,5.742010981114923,0.1937636954932245,0.0074986606268940895,0.007721795102245518,-0.0014299563005531828,-0.010668089149477885,-0.0023224540969012148,0.7818314824680298,0.6234898018587336,-0.4999999999999997,-0.8660254037844388
2023-08-30,374.8800048828125,377.4500122070313,373.8599853515625,376.8599853515625,370.7996826171875,41731500.0,0.0055611118377426,103.44000244140624,103.6999969482422,102.94000244140624,103.16000366210938,103.16000366210938,0.0,4.13700008392334,4.15500020980835,4.086999893188477,4.118000030517578,4.118000030517578,0.0,14.529999732971191,14.699999809265137,13.829999923706056,13.880000114440918,13.880000114440918,0.0,0.005561111837742632,0.009576469293397095,0.005576603523865131,365.6729949951172,367.5899993896484,370.996000366211,322.8342497253418,368.47649196514584,368.91807766314895,-0.44158569800310943,-1.568585205958296,58.66737313406503,85.65518354541697,67.13777556144781,3.949902485001529,-2.594662783753743,5.859813531629758,356.6482138835013,378.53178489579557,5.953255270445352,0.17802649136831028,0.02160508434851515,0.0074986606268940895,0.01564564810336796,-0.010645547053165444,-0.02218834763928566,0.9749279121818236,-0.22252093395631434,-0.4999999999999997,-0.8660254037844388
2023-08-31,376.9400024414063,379.7200012207031,376.8699951171875,377.989990234375,371.9115295410156,35730700.0,0.0029940244234732,103.0999984741211,103.73999786376952,103.01000213623048,103.62000274658205,103.62000274658205,0.0,4.09499979019165,4.118000030517578,4.077000141143799,4.0929999351501465,4.0929999351501465,0.0,13.979999542236328,14.0,13.4399995803833,13.56999969482422,13.56999969482422,0.0,0.002994024423473232,0.0075609011647911955,0.0029985109911110364,367.6139953613282,367.79999847412114,371.2323999023438,323.2800996398926,369.9401070834888,369.5900711869435,0.3500358965453074,-1.1848609854575753,59.66193295833488,96.24166961843049,83.62554556262697,5.413019239487763,-6.917274333518808,5.645542270023391,356.2148865533263,379.38511039491596,6.299680244076977,0.17811258790868642,0.005561111837742632,0.02160508434851515,-0.021607603650998074,-0.01098297501960316,-0.0016037567636296992,0.43388373911755823,-0.900968867902419,-0.4999999999999997,-0.8660254037844388
2023-09-01,380.3999938964844,380.8299865722656,376.0799865722656,377.5899963378906,371.5179748535156,39801200.0,-0.0010587546551137,103.62000274658205,104.29000091552734,103.2699966430664,104.23999786376952,104.23999786376952,0.0,4.0970001220703125,4.199999809265137,4.059999942779541,4.172999858856201,4.172999858856201,0.0,13.5600004196167,13.5600004196167,13.020000457763672,13.09000015258789,13.09000015258789,0.0,-0.0010587546551137287,0.012486856141466145,-0.0010581943721553744,369.559994506836,368.07749786376957,371.5333996582031,323.73344955444344,371.11701312262755,370.1826582351618,0.9343548874657586,-0.7610178108729085,59.11964810729843,92.69460334981751,91.53048550455499,5.433778569166757,-12.40425283327492,5.58157496502172,355.81848063622886,380.3365150913103,6.661106586894881,0.1771559818437284,0.002994024423473232,0.005561111837742632,0.007721795102245518,-0.0012558701237546119,-0.004692945378867925,-0.433883739117558,-0.9009688679024191,-0.8660254037844384,-0.5000000000000004
2023-09-04,380.3999938964844,380.8299865722656,376.0799865722656,377.5899963378906,371.5179748535156,39801200.0,0.0,103.62000274658205,104.29000091552734,103.2699966430664,104.23999786376952,104.23999786376952,0.0,4.0970001220703125,4.199999809265137,4.059999942779541,4.172999858856201,4.172999858856201,0.0,13.5600004196167,13.5600004196167,13.020000457763672,13.09000015258789,13.09000015258789,0.0,0.0,0.012486856141466145,0.0,370.9289947509766,368.19749755859374,371.9315997314453,324.2078495788575,372.11285669420647,370.73134994647506,1.3815067477314074,-0.3325128991520454,59.119648107298424,89.42473999997712,92.7870043227417,3.7620232676619754,-12.40425283327492,5.522176753234454,355.6029411037513,380.7920540134362,6.841196118036193,0.1748138975917755,-0.0010587546551137287,0.002994024423473232,0.0074986606268940895,0.01598298004660431,0.00843107893123903,0.0,1.0,-0.8660254037844384,-0.5000000000000004
2023-09-05,376.7699890136719,379.30999755859375,375.8299865722656,378.0700073242188,371.990234375,32344200.0,0.0012703547294669,104.12999725341795,104.91000366210938,104.11000061035156,104.80999755859376,104.80999755859376,0.0,4.228000164031982,4.269999980926514,4.211999893188477,4.26800012588501,4.26800012588501,0.0,14.149999618530272,14.470000267028809,13.699999809265137,14.010000228881836,14.010000228881836,0.0,0.001270354729466994,0.0092364336008775,0.0012711619718281941,372.39799499511724,368.50099792480466,372.21640014648443,324.69534957885753,373.02934140651604,371.27495419667827,1.7543872098377733,0.08486712264591834,59.63033240646604,88.20831872882353,90.10922069287273,4.042600650562413,-10.566538146979564,5.3763077698840025,355.2454233421128,381.7565725074965,7.194322217491931,0.1716611980738151,0.0,-0.0010587546551137287,0.02160508434851515,-0.0014299563005531828,-0.008538546479415219,0.7818314824680298,0.6234898018587336,-0.8660254037844384,-0.5000000000000004
2023-09-06,377.2799987792969,377.6300048828125,372.7000122070313,374.739990234375,368.71380615234375,42998700.0,-0.0088468522189334,104.75,105.0199966430664,104.58999633789062,104.86000061035156,104.86000061035156,0.0,4.242000102996826,4.306000232696533,4.239999771118164,4.289999961853027,4.289999961853027,0.0,14.270000457763672,15.300000190734863,14.130000114440918,14.449999809265137,14.449999809265137,0.0,-0.008846852218933497,0.013067198610401726,-0.008807833969515788,372.96099548339845,368.8424972534179,372.4203997802735,325.1022496032716,373.29251814926357,371.5316235328039,1.760894616459666,0.4200726214086679,54.54014109111571,84.57125053549876,87.40143642143313,1.525291947182124,-23.315457413249206,5.375856866119967,355.3021712198815,382.3828232869543,7.342063961915628,0.16980540155980306,0.001270354729466994,0.0,0.005561111837742632,0.01564564810336796,-0.01105560127939631,0.9749279121818236,-0.22252093395631434,-0.8660254037844384,-0.5000000000000004
2023-09-07,370.2099914550781,372.8500061035156,369.1499938964844,372.05999755859375,366.0768432617188,52060700.0,-0.0071774843984793,104.86000061035156,105.16000366210938,104.8000030517578,105.05999755859376,105.05999755859376,0.0,4.283999919891357,4.308000087738037,4.257999897003174,4.260000228881836,4.260000228881836,0.0,14.8100004196167,15.6899995803833,14.399999618530272,14.399999618530272,14.399999618530272,0.0,-0.00717748439847931,0.009994360747770945,-0.00715178777313108,374.0449951171875,369.0159973144531,372.5853997802734,325.49394958496106,373.1028995968528,371.5707623495291,1.5321372473237034,0.642485546591675,50.783003605779214,75.56744115981606,82.78233680804611,3.0009402306788258,-39.41568096032303,5.391152542675013,355.4005761482932,382.631418480613,7.37931215191066,0.17215712447151948,-0.008846852218933497,0.001270354729466994,0.002994024423473232,-0.021607603650998074,0.0018464107298399577,0.43388373911755823,-0.900968867902419,-0.8660254037844384,-0.5000000000000004
2023-09-08,372.010009765625,374.8500061035156,371.6000061035156,372.5799865722656,366.5885620117188,35800100.0,0.0013968691015685,105.05999755859376,105.0999984741211,104.66000366210938,105.08999633789062,105.08999633789062,0.0,4.257999897003174,4.263999938964844,4.2129998207092285,4.257999897003174,4.257999897003174,0.0,14.220000267028809,14.869999885559082,13.579999923706056,13.84000015258789,13.84000015258789,0.0,0.0013968691015685795,0.008736324063020712,0.0013978451776426315,374.9009948730469,369.33299713134767,372.6485992431641,325.89409957885755,373.02245143922397,371.64551969936144,1.3769317398625276,0.7893747852458455,51.48138786784848,66.73006998034484,75.62292055855322,2.3515185475905978,-37.07865168539326,5.238213075341084,355.6945100203151,382.97148424238026,7.385469057443719,0.17024761196028176,-0.00717748439847931,-0.008846852218933497,-0.0010587546551137287,0.007721795102245518,-0.0063960191862041755,-0.433883739117558,-0.9009688679024191,-0.8660254037844384,-0.5000000000000004
2023-09-11,375.6600036621094,377.489990234375,373.6600036621094,376.9700012207031,370.9079895019531,39936600.0,0.0117138903827862,104.94000244140624,104.94000244140624,104.41999816894533,104.56999969482422,104.56999969482422,0.0,4.283999919891357,4.300000190734863,4.271999835968018,4.288000106811523,4.288000106811523,0.0,14.170000076293944,14.329999923706056,13.739999771118164,13.800000190734863,13.800000190734863,0.0,0.01171389038278621,0.01019535360413439,0.011782766670434874,375.9219940185547,369.6639968872071,372.78219909667973,326.3407495117189,373.6297667902208,372.03992573797933,1.5898410522414679,0.94946803864497,57.025665647450715,68.71913952773876,70.33888355596655,2.7838344375666084,-17.34824877106742,5.214769545824534,355.6066865345762,383.7213072398379,7.605452773871325,0.17070308531162412,0.0013968691015685795,-0.00717748439847931,0.0,0.0074986606268940895,0.011159755033346895,0.0,1.0,-0.8660254037844384,-0.5000000000000004
2023-09-12,375.2699890136719,376.9500122070313,372.5,372.7900085449219,366.7951965332031,41391000.0,-0.0111503804207923,104.55999755859376,104.91999816894533,104.45999908447266,104.70999908447266,104.70999908447266,0.0,4.285999774932861,4.297999858856201,4.263999938964844,4.263999938964844,4.263999938964844,0.0,14.020000457763672,14.420000076293944,13.710000038146973,14.229999542236328,14.229999542236328,0.0,-0.011150380420792319,0.01185816168974062,-0.01108844534266451,375.72399597167976,369.98249664306644,372.83219909667974,326.79629959106455,373.50057321402096,372.09548742738247,1.4050857866384945,1.040591588243675,51.044574331176754,69.8127889454588,68.4206661511808,-0.5283188427016148,-36.13473270716292,5.161571808315862,355.9460211784809,384.01897210765196,7.587642978757962,0.1711440581103881,0.01171389038278621,0.0013968691015685795,0.001270354729466994,0.02160508434851515,-0.010668089149477885,0.7818314824680298,0.6234898018587336,-0.8660254037844384,-0.5000000000000004
2023-09-13,373.0299987792969,375.8399963378906,371.8800048828125,374.2099914550781,368.1923522949219,46300700.0,0.0038018533697079,104.58000183105467,104.97000122070312,104.51000213623048,104.7699966430664,104.7699966430664,0.0,4.311999797821045,4.343999862670898,4.235000133514404,4.249000072479248,4.249000072479248,0.0,14.420000076293944,14.68000030517578,13.40999984741211,13.479999542236328,13.479999542236328,0.0,0.003801853369707928,0.010615745296723584,0.00380908958166315,375.4589965820314,370.5659957885743,372.9107989501953,327.26469955444344,373.6097144818759,372.2521173553599,1.3575971265159978,1.1039926958981396,52.85362469936724,72.25474382607678,70.26222409975811,-0.703177307087211,-29.752787043539332,5.075744640227453,356.8659826136976,384.266008963451,7.394101634027534,0.16586211045902222,-0.011150380420792319,0.01171389038278621,-0.008846852218933497,0.005561111837742632,-0.010645547053165444,0.9749279121818236,-0.22252093395631434,-0.8660254037844384,-0.5000000000000004
2023-09-14,375.989990234375,378.2699890136719,373.8900146484375,377.2699890136719,371.2030944824219,48039400.0,0.0081438392419206,104.73999786376952,105.44000244140624,104.55999755859376,105.41000366210938,105.41000366210938,0.0,4.229000091552734,4.297999858856201,4.2230000495910645,4.288000106811523,4.288000106811523,0.0,13.390000343322754,13.460000038146973,12.789999961853027,12.81999969482422,12.81999969482422,0.0,0.008143839241920607,0.011649178113768664,0.008177090503738604,375.38699645996104,371.5004959106446,373.1069989013672,327.73179946899415,374.1728336406138,372.62381155227195,1.5490220883418715,1.192998574386886,56.57743814682889,70.88027499715116,70.98260258956225,-0.19048155752925727,-21.47165525784429,5.026046763442233,358.72434614570466,384.2766456755845,6.87813335679257,0.16044834238529337,0.003801853369707928,-0.011150380420792319,-0.00717748439847931,0.002994024423473232,-0.01098297501960316,0.43388373911755823,-0.900968867902419,-0.8660254037844384,-0.5000000000000004
2023-09-15,375.9100036621094,376.3200073242188,369.8599853515625,370.80999755859375,364.8469848632813,69811200.0,-0.0172712911734813,105.37999725341795,105.41000366210938,105.08000183105467,105.31999969482422,105.31999969482422,0.0,4.320000171661377,4.3379998207092285,4.302999973297119,4.322000026702881,4.322000026702881,0.0,12.699999809265137,14.170000076293944,12.68000030517578,13.789999961853027,13.789999961853027,0.0,-0.017271291173481345,0.017185022770670837,-0.017122997393119954,374.70899658203126,372.1344955444336,373.1983990478516,328.1756494140625,373.65547424337996,372.4894549601476,1.1660192832323446,1.1876027161559777,47.964437000829065,60.04846039934231,67.72782640752341,-1.7955980945082342,-68.63017650058944,5.196329399061314,360.99887077465854,383.27012031420867,5.984731274902972,0.17489507399710702,0.008143839241920607,0.003801853369707928,0.0013968691015685795,-0.0010587546551137287,-0.0012558701237546119,-0.433883739117558,-0.9009688679024191,-0.8660254037844384,-0.5000000000000004
2023-09-18,369.3200073242188,371.7900085449219,369.0299987792969,370.6600036621094,365.2273559570313,36903500.0,0.0010420065653564,105.3000030517578,105.36000061035156,105.0199966430664,105.1999969482422,105.1999969482422,0.0,4.336999893188477,4.359000205993652,4.310999870300293,4.318999767303467,4.318999767303467,0.0,14.399999618530272,14.75,13.859999656677246,14.0,14.0,0.0,0.0010420065653564189,0.007473220272093305,0.0010425496428112524,374.0159973144531,372.47249603271484,373.2843994140625,328.6010494995117,373.1946326154922,372.3539400491818,0.8406925663103948,1.118220686186861,47.782547824333484,41.237261077823774,57.38866549143907,-1.8353221067805696,-86.18638500809493,5.022306568101578,361.99854455767314,382.94644750775655,5.624013362920498,0.16660129029965884,-0.017271291173481345,0.008143839241920607,0.01171389038278621,0.0,0.01598298004660431,0.0,1.0,-0.8660254037844384,-0.5000000000000004
2023-09-19,369.3200073242188,370.6799926757813,366.7999877929688,369.8699951171875,364.4489440917969,37621700.0,-0.0021335821390144,105.08000183105467,105.20999908447266,104.81999969482422,105.1999969482422,105.1999969482422,0.0,4.333000183105469,4.364999771118164,4.324999809265137,4.364999771118164,4.364999771118164,0.0,14.109999656677246,14.880000114440918,13.859999656677246,14.109999656677246,14.109999656677246,0.0,-0.0021335821390144447,0.01050580744575346,-0.002131307670518501,373.19599609374995,372.79699554443357,373.3183990478515,329.0071495056152,372.68314992344534,372.1699441282933,0.5132057951520324,0.9972177079798954,46.77641044920699,22.35505823630631,41.21359323782413,-2.1689137059738464,-78.1182637823967,4.94071359058093,363.13877298076505,382.4552181081021,5.181491631692808,0.1667556441706044,0.0010420065653564189,-0.017271291173481345,-0.011150380420792319,0.001270354729466994,-0.0014299563005531828,0.7818314824680298,0.6234898018587336,-0.8660254037844384,-0.5000000000000004
2023-09-20,370.9500122070313,371.30999755859375,364.4599914550781,364.5400085449219,359.1970520019531,45514200.0,-0.0145153412862419,105.11000061035156,105.44000244140624,104.66999816894533,105.16000366210938,105.16000366210938,0.0,4.339000225067139,4.361000061035156,4.313000202178955,4.348999977111816,4.348999977111816,0.0,14.18000030517578,15.149999618530272,13.56999969482422,15.140000343322754,15.140000343322754,0.0,-0.014515341286241977,0.018466116398703773,-0.014410501594212088,372.1759979248046,372.5684967041015,373.1527990722656,329.3972994995117,371.43035894213403,371.6047637147102,-0.1744047725761675,0.7628932118686829,40.56960952397222,12.061384863994347,25.217901392708143,-2.721882359839342,-99.51119661752533,5.077091627219122,362.343392865519,382.79360054268403,5.488979303960544,0.1658856480763027,-0.0021335821390144447,0.0010420065653564189,0.003801853369707928,-0.008846852218933497,0.01564564810336796,0.9749279121818236,-0.22252093395631434,-0.8660254037844384,-0.5000000000000004
2023-09-21,360.7999877929688,361.6000061035156,357.69000244140625,357.8599853515625,352.6149597167969,69734800.0,-0.0184944333321737,105.44000244140624,105.73999786376952,105.27999877929688,105.36000061035156,105.36000061035156,0.0,4.466000080108643,4.489999771118164,4.461999893188477,4.480000019073486,4.480000019073486,0.0,15.489999771118164,17.540000915527344,15.100000381469728,17.540000915527344,17.540000915527344,0.0,-0.018494433332173783,0.010837039341456352,-0.018324460761778405,370.7559967041015,372.4004959106445,372.7269989013672,329.80214935302723,369.3426091589692,370.58663198410665,-1.2440228251374492,0.3615100044674565,34.407485934883155,7.701708283184469,14.039383794495041,-3.8165920282238797,-99.26541475052456,5.2037283755260155,361.31600673303547,383.48498508825355,5.952993779185894,0.16093867568100484,-0.014515341286241977,-0.0021335821390144447,0.008143839241920607,-0.00717748439847931,-0.021607603650998074,0.43388373911755823,-0.900968867902419,-0.8660254037844384,-0.5000000000000004
2023-09-22,359.6300048828125,361.7999877929688,357.5899963378906,357.9100036621094,352.6641845703125,51589700.0,0.0001395897042875,105.37999725341795,105.77999877929688,105.31999969482422,105.58000183105467,105.58000183105467,0.0,4.473999977111816,4.486000061035156,4.423999786376953,4.438000202178955,4.438000202178955,0.0,17.309999465942383,17.40999984741211,15.93000030517578,17.200000762939453,17.200000762939453,0.0,0.00013958970428750884,0.01170645218118002,0.0001395994473836204,369.28899841308595,372.0949966430664,372.303798828125,330.2204493713378,367.5837467748369,369.64762247877354,-2.063875703936617,-0.12356713721335821,34.487725392951326,0.898906257049302,6.887333134742706,-3.937404970438706,-98.5266698608022,5.1327471669225995,359.7705417046302,384.4194515815026,6.624359397263529,0.15809215197267038,-0.018494433332173783,-0.014515341286241977,-0.017271291173481345,0.0013968691015685795,0.007721795102245518,-0.433883739117558,-0.9009688679024191,-0.8660254037844384,-0.5000000000000004
2023-09-25,356.92999267578125,359.70001220703125,355.92999267578125,359.6099853515625,354.3392333984375,39168000.0,0.0047384550617482,105.56999969482422,106.0999984741211,105.5199966430664,106.0,106.0,0.0,4.505000114440918,4.546000003814697,4.499000072479248,4.541999816894531,4.541999816894531,0.0,17.25,18.40999984741211,16.790000915527344,16.899999618530273,16.899999618530273,0.0,0.004738455061748263,0.010562350064749286,0.004749699293014054,367.55299682617186,371.73749542236334,371.843798828125,330.66974929809567,366.3570142481793,368.9040938026838,-2.547079554504478,-0.6082696206715823,37.29531489165595,6.226860007248355,4.942491515827375,-4.605145187395674,-83.52733536692818,5.035409478660271,358.38916471832533,385.08582612640134,7.181589626234397,0.15647176470818602,0.00013958970428750884,-0.018494433332173783,0.0010420065653564189,0.01171389038278621,0.0074986606268940895,0.0,1.0,-0.8660254037844384,-0.5000000000000004
2023-09-26,356.989990234375,357.5400085449219,353.2099914550781,354.2099914550781,349.0184326171875,53657700.0,-0.0151300043769527,105.94000244140624,106.26000213623048,105.86000061035156,106.2300033569336,106.2300033569336,0.0,4.485000133514404,4.564000129699707,4.482999801635742,4.558000087738037,4.558000087738037,0.0,18.030000686645508,19.5,17.170000076293945,18.940000534057617,18.940000534057617,0.0,-0.015130004376952708,0.012129239497726419,-0.015016120936478417,365.69499511718755,370.70949554443365,371.21319885253905,331.0930992126465,364.4882415107791,367.81564177693525,-3.3274002661561326,-1.1520957497684925,32.52677284617237,7.312139381954262,4.8126352154173055,-4.984043741506238,-96.00957662640684,5.132879794219136,355.33195291180454,386.08703817706277,8.296276635722673,0.13980324721355705,0.004738455061748263,0.00013958970428750884,-0.0021335821390144447,-0.011150380420792319,0.02160508434851515,0.7818314824680298,0.6234898018587336,-0.8660254037844384,-0.5000000000000004
2023-09-27,355.3800048828125,356.9800109863281,351.3599853515625,355.0400085449219,349.8363342285156,56066000.0,0.0023406922970536,106.22000122070312,106.83999633789062,106.16999816894533,106.66999816894533,106.66999816894533,0.0,4.506999969482422,4.64300012588501,4.491000175476074,4.625999927520752,4.625999927520752,0.0,18.290000915527344,19.709999084472656,18.030000686645508,18.21999931335449,18.21999931335449,0.0,0.002340692297053637,0.015814130107344795,0.002343433855899635,363.7779968261719,369.6184967041016,370.60099914550784,331.5010491943359,363.03466720833956,366.86929857456386,-3.8346313662243006,-1.6886028730596543,33.9252182759501,11.379462003156883,8.306153797453167,-5.12278756524263,-86.32470199719432,5.167675925686742,353.02981564676224,386.2071777614409,8.976109802545631,0.13771616408640774,-0.015130004376952708,0.004738455061748263,-0.014515341286241977,0.003801853369707928,0.005561111837742632,0.9749279121818236,-0.22252093395631434,-0.8660254037844384,-0.5000000000000004
2023-09-28,354.1099853515625,360.1700134277344,353.239990234375,358.010009765625,352.76275634765625,56453300.0,0.0083303240253423,106.68000030517578,106.76000213623048,106.0199966430664,106.22000122070312,106.22000122070312,0.0,4.624000072479248,4.688000202178955,4.5970001220703125,4.5970001220703125,4.5970001220703125,0.0,18.21999931335449,18.770000457763672,17.059999465942383,17.34000015258789,17.34000015258789,0.0,0.008330324025342385,0.0195702563611111,0.008365117721674586,361.85199890136715,368.6194976806641,370.2259991455078,331.9572991943359,362.26164298638344,366.2130549590869,-3.951411972703454,-2.1411646929884145,38.81212124180272,14.125937237046509,10.939179540719216,-5.105091793386437,-75.2879096652593,5.293557873377645,351.7494638592035,385.4895315021247,9.153088172278474,0.14198677700475806,0.002340692297053637,-0.015130004376952708,-0.018494433332173783,0.008143839241920607,0.002994024423473232,0.43388373911755823,-0.900968867902419,-0.8660254037844384,-0.5000000000000004
2023-09-29,361.5400085449219,362.9500122070313,357.0199890136719,358.2699890136719,353.0189208984375,64829600.0,0.0007259031235531,106.1500015258789,106.23999786376952,105.66000366210938,106.16999816894533,106.16999816894533,0.0,4.548999786376953,4.574999809265137,4.507999897003174,4.572999954223633,4.572999954223633,0.0,16.8700008392334,17.739999771118164,15.829999923706056,17.520000457763672,17.520000457763672,0.0,0.0007259031235531825,0.016402121627495114,0.0007261666549878143,360.597998046875,367.65349731445315,369.87879882812496,332.4118492126465,361.647542375197,365.6246797038709,-3.977137328673905,-2.508359220125513,39.23577656678279,21.35519499985068,15.620198080018023,-3.3817881468906075,-74.32180333799433,5.339019681947772,350.7337483755407,384.5732462533656,9.204182232729329,0.14239162643635275,0.008330324025342385,0.002340692297053637,0.00013958970428750884,-0.017271291173481345,-0.0010587546551137287,-0.433883739117558,-0.9009688679024191,-0.8660254037844384,-0.5000000000000004
2023-10-02,358.5400085449219,362.6799926757813,357.9200134277344,361.260009765625,355.965087890625,51625100.0,0.0083110025444005,106.16999816894533,107.02999877929688,106.04000091552734,106.9000015258789,106.9000015258789,0.0,4.63100004196167,4.703000068664551,4.626999855041504,4.683000087738037,4.683000087738037,0.0,17.309999465942383,18.549999237060547,16.93000030517578,17.610000610351562,17.610000610351562,0.0,0.008311002544400578,0.013276005842038544,0.008345634802490176,359.6579986572266,366.83699798583984,369.57939880371094,332.8813493347168,361.5879219737244,365.3013708195564,-3.7134488458319765,-2.7493771452668057,44.03513244817741,29.059890124637054,21.51367412051141,-2.536015163117878,-63.210616622835225,5.297659650954856,350.36610313358386,383.3078928380958,8.979952917885218,0.14733872218283187,0.0007259031235531825,0.008330324025342385,0.004738455061748263,0.0010420065653564189,0.0,0.0,1.0,-1.0,-1.8369701987210297e-16
2023-10-03,358.7799987792969,361.010009765625,353.2799987792969,354.9200134277344,349.7179870605469,60478500.0,-0.0177055798842568,107.02999877929688,107.3499984741211,106.91000366210938,107.0,107.0,0.0,4.736999988555908,4.806000232696533,4.695000171661377,4.802000045776367,4.802000045776367,0.0,17.809999465942383,20.479999542236328,17.520000457763672,19.780000686645508,19.780000686645508,0.0,-0.01770557988425682,0.02154526732991945,-0.017549757104263097,358.1630004882813,365.6794982910156,369.1021990966797,333.3380494689942,360.56208988972594,364.5323813831251,-3.970291493399145,-2.9935600148932737,37.30660248941875,25.232321788973227,25.215802304486985,-4.041955791714453,-86.77061467225077,5.489256174910089,349.27881022359213,382.08018635843905,8.969979528013594,0.15662066701950395,0.008311002544400578,0.0007259031235531825,-0.015130004376952708,-0.0021335821390144447,0.001270354729466994,0.7818314824680298,0.6234898018587336,-1.0,-1.8369701987210297e-16
2023-10-04,355.7699890136719,360.6099853515625,355.29998779296875,359.75,354.4772644042969,54786700.0,0.0135171312181319,107.05999755859376,107.23999786376952,106.51000213623048,106.8000030517578,106.8000030517578,0.0,4.75600004196167,4.794000148773193,4.727000236511231,4.735000133514404,4.735000133514404,0.0,20.71999931335449,20.8799991607666,18.299999237060547,18.57999992370605,18.57999992370605,0.0,0.013517131218131903,0.014925366732913755,0.013608900656648215,357.68399963378914,364.9299987792969,368.7467993164063,333.8362994384766,360.4371529836143,364.17813091030104,-3.740977926686753,-3.1430435972519697,44.29041263977608,27.877526617704113,27.389912843771462,-1.3139870611298368,-66.38618885180166,5.50359301411852,348.90699788735884,380.952999671235,8.7814106516513,0.16557466568849502,-0.01770557988425682,0.008311002544400578,0.002340692297053637,-0.014515341286241977,-0.008846852218933497,0.9749279121818236,-0.22252093395631434,-1.0,-1.8369701987210297e-16
2023-10-05,359.739990234375,360.1499938964844,355.1400146484375,358.69000244140625,353.4327697753906,45897400.0,-0.0029509269156461,106.7699966430664,106.86000061035156,106.31999969482422,106.33000183105467,106.33000183105467,0.0,4.730999946594238,4.776999950408936,4.703999996185303,4.7170000076293945,4.7170000076293945,0.0,18.670000076293945,19.57999992370605,18.26000022888184,18.489999771118164,18.489999771118164,0.0,-0.0029509269156461973,0.0139266675489228,-0.002946577210421464,357.7670013427735,364.2614990234375,368.3881994628906,334.2975494384766,360.16836059250534,363.7716028755681,-3.603242283062741,-3.2350833344141243,43.15425684983445,27.573949760833663,26.89459938917033,0.23193906103481762,-64.12134719344658,5.468334887970546,348.375977765639,380.14702028123605,8.722042434013272,0.1644873400427764,0.013517131218131903,-0.01770557988425682,0.008330324025342385,-0.018494433332173783,-0.00717748439847931,0.43388373911755823,-0.900968867902419,-1.0,-1.8369701987210297e-16
2023-10-06,355.6499938964844,365.9100036621094,354.8500061035156,364.7000122070313,359.354736328125,75049100.0,0.0166167413539643,106.36000061035156,106.97000122070312,105.9499969482422,106.04000091552734,106.04000091552734,0.0,4.739999771118164,4.88700008392334,4.739999771118164,4.783999919891357,4.783999919891357,0.0,18.729999542236328,19.93000030517578,17.190000534057617,17.450000762939453,17.450000762939453,0.0,0.016616741353964334,0.031097983265572268,0.016755567279451267,358.4460021972656,363.8675003051758,368.0125994873047,334.7896495056152,360.8655377639709,363.84037393715795,-2.974836173187043,-3.183033902168708,50.852392151625395,45.45324185786844,33.634906078802075,1.8971273435911413,-33.132738381146446,5.867739364443632,348.4672143155951,379.2677862947565,8.464776863371686,0.1767719150228244,-0.0029509269156461973,0.013517131218131903,0.0007259031235531825,0.00013958970428750884,0.0013968691015685795,-0.433883739117558,-0.9009688679024191,-1.0,-1.8369701987210297e-16
2023-10-09,362.2999877929688,367.1099853515625,360.7799987792969,366.55999755859375,361.1874084472656,45304800.0,0.0050869365086288,106.0999984741211,106.5999984741211,106.0199966430664,106.08000183105467,106.08000183105467,0.0,4.796999931335449,4.796999931335449,4.796999931335449,4.796999931335449,4.796999931335449,0.0,19.540000915527344,19.600000381469727,17.559999465942383,17.700000762939453,17.700000762939453,0.0,0.005086936508628882,0.017471672055045184,0.005099896937123427,359.1410034179688,363.3470001220703,367.6701995849609,335.29104949951164,361.7416085016052,364.0418275387458,-2.3002190371406073,-3.006470929163088,52.97483941643454,59.64546839482527,44.22422000450912,1.9326527321639213,-23.80950924093116,5.900757022145203,349.15502727549534,377.5389729686453,7.811801303881428,0.1719514886678529,0.016616741353964334,-0.0029509269156461973,0.008311002544400578,0.004738455061748263,0.01171389038278621,0.0,1.0,-1.0,-1.8369701987210297e-16
2023-10-10,366.8999938964844,371.2799987792969,366.3900146484375,368.5899963378906,363.1876525878906,46968800.0,0.005522689369604,106.02999877929688,106.25,105.66000366210938,105.83000183105467,105.83000183105467,0.0,4.703000068664551,4.7129998207092285,4.618000030517578,4.65500020980835,4.65500020980835,0.0,17.700000762939453,17.860000610351562,16.510000228881836,17.030000686645508,17.030000686645508,0.0,0.005522689369604002,0.01332783922650872,0.005537967531105137,360.57900390625,363.1369995117187,367.3861993408203,335.8115994262695,362.7952066302645,364.378728931275,-1.5835223010105324,-2.7218812035325772,55.24644535824603,76.51791105348012,60.538873768724606,4.059740049607328,-13.504019217482021,5.828558958481929,349.4169102133427,376.85708881009475,7.556425986238985,0.16948671022935113,0.005086936508628882,0.016616741353964334,-0.01770557988425682,-0.015130004376952708,-0.011150380420792319,0.7818314824680298,0.6234898018587336,-1.0,-1.8369701987210297e-16
2023-10-11,369.9400024414063,371.4100036621094,368.1900024414063,371.2200012207031,365.7791442871094,38215100.0,0.0071100703835824,105.7300033569336,106.01000213623048,105.55999755859376,105.81999969482422,105.81999969482422,0.0,4.580999851226807,4.624000072479248,4.564000129699707,4.59499979019165,4.59499979019165,0.0,16.950000762939453,17.780000686645508,16.09000015258789,16.09000015258789,16.09000015258789,0.0,0.007110070383582481,0.008704117422967998,0.007135406946665368,362.1970031738281,362.9875,367.32279907226564,336.33899948120114,364.09132887494735,364.88548984160303,-0.7941609666556815,-2.336337156157198,58.072296286538446,87.24627643591086,74.46988529473875,4.557230815223479,-0.9476422338542401,5.642233405783439,349.71766239215805,376.257337607842,7.311457065514357,0.1709989545074798,0.005522689369604002,0.005086936508628882,0.013517131218131903,0.002340692297053637,0.003801853369707928,0.9749279121818236,-0.22252093395631434,-1.0,-1.8369701987210297e-16
2023-10-12,371.7300109863281,373.739990234375,367.5,369.9299926757813,364.5079650878906,49587900.0,-0.0034813170511846,105.66999816894533,106.5999984741211,105.54000091552734,106.56999969482422,106.56999969482422,0.0,4.544000148773193,4.728000164031982,4.5320000648498535,4.711999893188477,4.711999893188477,0.0,16.079999923706055,18.07999992370605,15.4399995803833,16.690000534057617,16.690000534057617,0.0,-0.003481317051184683,0.01678635044240348,-0.00347526429287337,363.3890014648437,362.6205001831055,367.2455987548828,336.88074951171876,364.9895848443064,365.2591567182088,-0.26957187390240733,-1.9229840997062402,56.197895406860454,89.5080748284969,84.42408743929596,3.329511070922248,-17.024114063173023,5.684930322111408,350.6738138953701,374.5671864708409,6.589084887204628,0.1683173610169212,0.007110070383582481,0.005522689369604002,-0.0029509269156461973,0.008330324025342385,0.008143839241920607,0.43388373911755823,-0.900968867902419,-1.0,-1.8369701987210297e-16
2023-10-13,370.5700073242188,371.1600036621094,363.8599853515625,365.2799987792969,359.9261779785156,52469900.0,-0.0126494540514885,106.5199966430664,106.79000091552734,106.29000091552734,106.6500015258789,106.6500015258789,0.0,4.61899995803833,4.650000095367432,4.585999965667725,4.629000186920166,4.629000186920166,0.0,16.530000686645508,20.780000686645508,16.5,19.31999969482422,19.31999969482422,0.0,-0.012649454051488563,0.01969943105557366,-0.012569785980589554,364.0900024414062,362.3440002441406,367.11039855957034,337.3631495666503,365.03426391122804,365.2607005745857,-0.2264366633576742,-1.583674612436527,49.9405352555003,81.40889385079919,86.05441503840231,1.9566276776136815,-37.80156215057517,5.800293749856799,350.9522972692976,373.7357032189836,6.287783414196161,0.1630766498494618,-0.003481317051184683,0.007110070383582481,0.016616741353964334,0.0007259031235531825,-0.017271291173481345,-0.433883739117558,-0.9009688679024191,-1.0,-1.8369701987210297e-16
2023-10-16,366.6199951171875,370.4800109863281,366.4700012207031,369.4100036621094,363.9957275390625,44201100.0,0.011243180786358,106.58000183105467,106.62999725341795,106.18000030517578,106.23999786376952,106.23999786376952,0.0,4.690999984741211,4.724999904632568,4.665999889373779,4.711999893188477,4.711999893188477,0.0,19.100000381469727,19.56999969482422,17.139999389648438,17.209999084472656,17.209999084472656,0.0,0.011243180786358066,0.010937782496950906,0.011306622884178719,364.9050018310547,362.2815002441406,366.9947985839844,337.85749954223627,365.7074546421328,365.5680563588468,0.13939828328602744,-1.2390600332920163,54.758774160207004,75.27558539738304,82.06418469222638,2.2559911631990084,-19.347567594102667,5.757416496797831,351.06960688205174,373.49339360622946,6.189603032190819,0.16843660819605322,-0.012649454051488563,-0.003481317051184683,0.005086936508628882,0.008311002544400578,0.0010420065653564189,0.0,1.0,-1.0,-1.8369701987210297e-16
2023-10-17,365.80999755859375,369.9200134277344,363.6600036621094,368.2000122070313,362.8034057617188,50999100.0,-0.0032810244050583,106.26000213623048,106.52999877929688,106.0199966430664,106.25,106.25,0.0,4.764999866485596,4.860000133514404,4.761000156402588,4.8470001220703125,4.8470001220703125,0.0,17.40999984741211,18.540000915527344,16.969999313354492,17.8799991607666,17.8799991607666,0.0,-0.003281024405058328,0.01711273559335212,-0.0032756477264304085,366.2330017089844,362.19800109863286,366.918798828125,338.3343496704102,366.0909250367326,365.76301605130493,0.3279089854276549,-0.9256662295480821,53.14486221718981,71.94219573170301,76.20889165996175,3.7416877822813692,-27.02428306021314,5.793316015999772,351.2012531305992,373.19474906666653,6.072230070115195,0.168663215921451,0.011243180786358066,-0.012649454051488563,0.005522689369604002,-0.01770557988425682,-0.0021335821390144447,0.7818314824680298,0.6234898018587336,-1.0,-1.8369701987210297e-16
2023-10-18,365.6700134277344,367.9100036621094,362.0199890136719,363.3699951171875,358.044189453125,54280500.0,-0.0132046926228197,106.22000122070312,106.63999938964844,106.01000213623048,106.56999969482422,106.56999969482422,0.0,4.839000225067139,4.927999973297119,4.834000110626221,4.90399980545044,4.90399980545044,0.0,18.36000061035156,20.14999961853028,17.8799991607666,19.21999931335449,19.21999931335449,0.0,-0.013204692622819784,0.016107458725492445,-0.013117893142710835,366.5950012207032,362.1395004272461,366.8279986572266,338.76344970703127,365.67232043372564,365.5857552413703,0.08656519235535143,-0.7232199451673955,47.16859380581463,67.64796335615694,71.62191482841433,1.0062529860145935,-50.684259277213386,5.820937957239749,351.1828361497712,373.096164704721,6.051073834557345,0.16724874005289894,-0.003281024405058328,0.011243180786358066,0.007110070383582481,0.013517131218131903,-0.014515341286241977,0.9749279121818236,-0.22252093395631434,-1.0,-1.8369701987210297e-16
2023-10-19,364.80999755859375,366.0199890136719,359.1600036621094,359.9700012207031,354.6940002441406,72274200.0,-0.009400966388523,106.54000091552734,106.66999816894533,105.9800033569336,106.25,106.25,0.0,4.964000225067139,4.995999813079834,4.894000053405762,4.98799991607666,4.98799991607666,0.0,19.729999542236328,21.39999961853028,18.549999237060547,21.39999961853028,21.39999961853028,0.0,-0.009400966388523032,0.018804269064640115,-0.009356915452535142,366.72300109863284,362.2450012207031,366.65559875488276,339.1680497741699,364.7950405547991,365.16977346206164,-0.3747329072625689,-0.6535225375864302,43.4634335677483,51.663143488408295,63.751100858756075,0.35685376525262064,-67.30202719734858,5.895155628262803,351.4220217048772,373.067980736529,5.975502480009026,0.1568172982274078,-0.013204692622819784,-0.003281024405058328,-0.003481317051184683,-0.0029509269156461973,-0.018494433332173783,0.43388373911755823,-0.900968867902419,-1.0,-1.8369701987210297e-16
2023-10-20,359.4599914550781,360.0400085449219,354.3699951171875,354.6000061035156,349.4027404785156,72559700.0,-0.0150302055677911,106.26000213623048,106.41999816894533,106.06999969482422,106.16000366210938,106.16000366210938,0.0,4.978000164031982,4.993000030517578,4.892000198364258,4.923999786376953,4.923999786376953,0.0,21.59000015258789,21.82999992370605,20.420000076293945,21.709999084472656,21.709999084472656,0.0,-0.015030205567791128,0.015773698220996477,-0.014917815813018986,365.7130004882813,362.0795013427735,366.4227990722656,339.53619979858394,363.2265737161401,364.386827731799,-1.160254015658893,-0.7548688332009228,38.34077521818538,29.488454973626496,49.599853939397235,-2.7694010873194475,-93.54834860455856,5.879074042510772,350.88263948056226,373.2763632049847,6.1847532493209965,0.1659919283520328,-0.009400966388523032,-0.013204692622819784,-0.012649454051488563,0.016616741353964334,0.00013958970428750884,-0.433883739117558,-0.9009688679024191,-1.0,-1.8369701987210297e-16
2023-10-23,353.260009765625,359.260009765625,351.1199951171875,355.6700134277344,350.45703125,60665200.0,0.0030128651812486,106.16000366210938,106.33000183105467,105.5199966430664,105.54000091552734,105.54000091552734,0.0,4.997000217437744,4.997000217437744,4.830999851226807,4.8379998207092285,4.8379998207092285,0.0,21.82999992370605,23.07999992370605,19.479999542236328,20.3700008392334,20.3700008392334,0.0,0.003012865181248611,0.023042559087959318,0.0030174084211260777,364.62400207519534,361.882502746582,366.12919921875,339.9096998596191,362.0640259794623,363.74113778334976,-1.677111803887442,-0.9393174273382268,39.86174206043712,19.754884005798075,33.635494155944286,-2.970859941998618,-79.88497218069864,6.040569800076967,350.3685477712079,373.39645772195615,6.3633665004450854,0.16538645266845603,-0.015030205567791128,-0.009400966388523032,0.011243180786358066,0.005086936508628882,0.004738455061748263,0.0,1.0,-1.0,-1.8369701987210297e-16
2023-10-24,357.510009765625,359.9100036621094,355.7900085449219,359.1300048828125,353.8663024902344,47082100.0,0.0096810589798899,105.61000061035156,106.31999969482422,105.36000061035156,106.2699966430664,106.2699966430664,0.0,4.869999885559082,4.888999938964844,4.827000141143799,4.840000152587891,4.840000152587891,0.0,20.030000686645508,20.239999771118164,18.64999961853028,18.96999931335449,18.96999931335449,0.0,0.009681058979889943,0.011524139197916361,0.009728072020910306,363.6780029296875,362.1285034179688,365.98339904785155,340.2976498413085,361.61263811843924,363.39957238330993,-1.7869342648706947,-1.1088407948447205,44.61898728101139,20.6592902049247,23.30087639478309,-2.566535052244349,-64.5888085999687,5.911956973955398,351.1049736131773,373.1520332227602,6.088186762845393,0.1597306256686145,0.003012865181248611,-0.015030205567791128,-0.003281024405058328,0.005522689369604002,-0.015130004376952708,0.7818314824680298,0.6234898018587336,-1.0,-1.8369701987210297e-16
2023-10-25,356.70001220703125,356.8800048828125,349.75,350.3399963378906,345.2051696777344,71190500.0,-0.024780230226151,106.25,106.56999969482422,106.13999938964844,106.52999877929688,106.52999877929688,0.0,4.85099983215332,4.959000110626221,4.85099983215332,4.953000068664551,4.953000068664551,0.0,19.38999938964844,21.239999771118164,18.86000061035156,20.190000534057617,20.190000534057617,0.0,-0.02478023022615104,0.01998879909954753,-0.024475720778016186,361.5900024414063,361.8935028076172,365.7393988037109,340.6599497985839,359.8783855368164,362.43219637994554,-2.553810843129156,-1.3978348045016076,36.680482823046475,19.32852100705686,19.91423173925988,-5.62469824205367,-97.54065619816208,6.159674681730905,350.06286347515015,373.72414214008427,6.538188301632059,0.1832866451661004,0.009681058979889943,0.003012865181248611,-0.013204692622819784,0.007110070383582481,0.002340692297053637,0.9749279121818236,-0.22252093395631434,-1.0,-1.8369701987210297e-16
2023-10-26,349.1199951171875,350.07000732421875,342.3500061035156,343.6600036621094,338.62310791015625,78621400.0,-0.0192512221658602,106.58000183105467,106.88999938964844,106.52999877929688,106.5999984741211,106.5999984741211,0.0,4.964000225067139,4.982999801635742,4.8420000076293945,4.84499979019165,4.84499979019165,0.0,21.780000686645508,21.959999084472656,20.21999931335449,20.68000030517578,20.68000030517578,0.0,-0.01925122216586021,0.02211274441073416,-0.019067100801887782,358.96300354003904,361.17600250244146,365.4409991455078,341.002499847412,357.3832498637845,361.04166358603175,-3.6584137222472464,-1.8499505880507354,32.01830631505927,14.01461104462888,18.000807418870146,-7.101340668177669,-95.82670206798258,6.290411506919769,346.871700849521,375.4803041553619,7.920959063620936,0.19130358147467855,-0.02478023022615104,0.009681058979889943,-0.009400966388523032,-0.003481317051184683,0.008330324025342385,0.43388373911755823,-0.900968867902419,-1.0,-1.8369701987210297e-16
2023-10-27,346.42999267578125,348.8399963378906,344.0799865722656,345.3099975585937,340.2488098144531,63476700.0,0.0047894307290288,106.58999633789062,106.8000030517578,106.31999969482422,106.55999755859376,106.55999755859376,0.0,4.866000175476074,4.892000198364258,4.8429999351501465,4.84499979019165,4.84499979019165,0.0,20.38999938964844,22.06999969482422,19.71999931335449,21.270000457763672,21.270000457763672,0.0,0.004789430729028858,0.013740178004968014,0.004800918384838093,356.96600341796875,360.52800292968755,365.1845989990234,341.3156498718261,355.52582643221666,359.8763549914067,-4.350528559190025,-2.3500661822785935,34.24159557334024,5.354124659395487,12.899085570360409,-5.467039336246031,-90.57026775566888,6.211095876124161,344.5886501263452,376.4673557330299,8.842227329814891,0.19262355736189743,-0.01925122216586021,-0.02478023022615104,-0.015030205567791128,-0.012649454051488563,0.0007259031235531825,-0.433883739117558,-0.9009688679024191,-1.0,-1.8369701987210297e-16
2023-10-30,347.8299865722656,350.5400085449219,346.45001220703125,349.20001220703125,344.0819091796875,55298500.0,0.0112025935588845,106.58000183105467,106.6999969482422,106.05999755859376,106.12000274658205,106.12000274658205,0.0,4.895999908447266,4.921999931335449,4.867000102996826,4.875,4.875,0.0,21.1299991607666,21.15999984741211,19.549999237060547,19.75,19.75,0.0,0.011202593558884536,0.011758607641037533,0.01126557758519331,354.94500427246095,359.9250030517579,364.8905993652344,341.61684997558586,354.5526242437266,359.08551478515665,-4.532890541430049,-2.786631054108885,39.283175124053535,11.808432344565833,10.392389349530067,-5.470883640055327,-78.17773314265104,6.141018383995877,343.2087049237333,376.64130117978254,9.288767374474833,0.19490503553114244,0.004789430729028858,-0.01925122216586021,0.003012865181248611,0.011243180786358066,0.008311002544400578,0.0,1.0,-1.0,-1.8369701987210297e-16
2023-10-31,349.2300109863281,351.25,346.6199951171875,350.8699951171875,345.7273864746094,47671900.0,0.0047708270280418,106.16000366210938,106.86000061035156,105.91000366210938,106.66000366210938,106.66000366210938,0.0,4.809999942779541,4.880000114440918,4.802999973297119,4.875,4.875,0.0,19.86000061035156,19.86000061035156,17.969999313354492,18.13999938964844,18.13999938964844,0.0,0.0047708270280418475,0.013257752017749008,0.004782225542879548,353.2120025634766,359.72250213623056,364.64039916992186,341.92934997558586,353.98606591656676,358.47695777271446,-4.490891856147698,-3.127483214516648,41.36163979916445,19.464793287620076,12.209116763860465,-4.706685636962851,-72.85761923881986,6.033088848197064,342.6564535084248,376.7885507640363,9.488452085403685,0.18657213632361472,0.011202593558884536,0.004789430729028858,0.009681058979889943,-0.003281024405058328,-0.01770557988425682,0.7818314824680298,0.6234898018587336,-1.0,-1.8369701987210297e-16
2023-11-01,351.7200012207031,357.5299987792969,351.6199951171875,356.9599914550781,351.7281494140625,58992700.0,0.0172080102789967,106.66999816894533,107.11000061035156,106.61000061035156,106.87999725341795,106.87999725341795,0.0,4.89300012588501,4.902999877929688,4.777999877929688,4.789000034332275,4.789000034332275,0.0,18.020000457763672,18.420000076293945,16.6299991607666,16.8700008392334,16.8700008392334,0.0,0.017208010278996717,0.01680314921414113,0.01735692101410602,352.57100219726567,359.5830017089844,364.3973992919922,342.27549987792963,354.4435929224916,358.364589897334,-3.92099697484241,-3.2861859665818005,48.310669817213466,33.22538651918866,21.49953738379152,-1.7640431924056186,-49.28848806096313,6.077868477762229,342.4723458930844,376.6936575248844,9.516943645599728,0.1906839997754947,0.0047708270280418475,0.011202593558884536,-0.02478023022615104,-0.013204692622819784,0.013517131218131903,0.9749279121818236,-0.22252093395631434,-0.8660254037844386,0.5000000000000001
2023-11-02,361.5400085449219,363.6799926757813,360.2999877929688,363.4400024414063,358.1130676269531,58162400.0,0.0179901934789853,106.5,106.51000213623048,105.80999755859376,106.12000274658205,106.12000274658205,0.0,4.690000057220459,4.703000068664551,4.625999927520752,4.669000148773193,4.669000148773193,0.0,16.59000015258789,16.6200008392334,15.579999923706056,15.65999984741211,15.65999984741211,0.0,0.017990193478985374,0.009348909672309558,0.018152991802126595,352.918002319336,359.8205017089844,364.4417993164062,342.6259999084472,355.82765592540153,358.7405463820801,-2.9128904566785536,-3.211526864601151,54.49064141850062,50.94240158034775,34.544193795718826,0.9639695555007294,-25.02668795917373,6.123735102258012,342.63035790751957,377.01064551044925,9.554843995725339,0.20115392643306537,0.017208010278996717,0.0047708270280418475,-0.01925122216586021,-0.009400966388523032,-0.0029509269156461973,0.43388373911755823,-0.900968867902419,-0.8660254037844386,0.5000000000000001
2023-11-03,364.75,369.0199890136719,364.5199890136719,367.7099914550781,362.3205261230469,53280500.0,0.0116804834451874,106.1999969482422,106.22000122070312,104.94000244140624,105.0199966430664,105.0199966430664,0.0,4.63700008392334,4.64300012588501,4.484000205993652,4.558000087738037,4.558000087738037,0.0,15.699999809265137,15.829999923706056,14.90999984741211,14.90999984741211,14.90999984741211,0.0,0.01168048344518743,0.01233721727210418,0.01174896667126557,354.2290008544922,359.9710006713867,364.5155993652343,342.9832498168945,357.6557075453518,359.4049497208207,-1.7492421754689076,-2.9190699267747027,58.049860213731655,72.55626234518691,52.2413501482411,3.6971193248472205,-8.016036944302396,6.084895921544266,342.54983154271827,377.39216980005517,9.679206989549712,0.19667293385560677,0.017990193478985374,0.017208010278996717,0.004789430729028858,-0.015030205567791128,0.016616741353964334,-0.433883739117558,-0.9009688679024191,-0.8660254037844386,0.5000000000000001
2023-11-06,368.489990234375,369.7799987792969,366.9100036621094,369.2099914550781,363.7985534667969,38848700.0,0.0040710385572211,105.06999969482422,105.29000091552734,104.8499984741211,105.22000122070312,105.22000122070312,0.0,4.610000133514404,4.668000221252441,4.610000133514404,4.662000179290772,4.662000179290772,0.0,15.390000343322754,15.579999923706056,14.84000015258789,14.890000343322754,14.890000343322754,0.0,0.0040710385572211676,0.007788529385457834,0.004079336491270347,355.58299865722654,360.10350036621094,364.5645989990235,343.3779498291015,359.4332896853097,360.13124910854344,-0.6979594232337263,-2.4748478260665077,59.255377533968996,88.2930770234017,70.59724698297879,3.8068933326297483,-2.0780440263187705,5.855260149804498,342.4328030461908,377.77419768623105,9.814232464860638,0.19638543328472144,0.01168048344518743,0.017990193478985374,0.011202593558884536,0.003012865181248611,0.005086936508628882,0.0,1.0,-0.8660254037844386,0.5000000000000001
2023-11-07,370.2699890136719,373.5799865722656,369.0499877929688,372.7000122070313,367.2374267578125,50777400.0,0.0094082883749876,105.2699966430664,105.77999877929688,105.2699966430664,105.54000091552734,105.54000091552734,0.0,4.619999885559082,4.626999855041504,4.544000148773193,4.571000099182129,4.571000099182129,0.0,15.100000381469728,15.170000076293944,14.710000038146973,14.8100004196167,14.8100004196167,0.0,0.009408288374987618,0.012234312565714183,0.00945268544430733,356.93999938964845,360.30900115966796,364.52319946289066,343.7683499145507,361.4743239194207,361.0622685973203,0.4120553221004002,-1.8974671964331262,61.99212700010723,95.69606531892853,85.51513489583904,3.778577991178105,-2.8177230725932034,5.760598623339664,342.13434432172164,378.4836579976143,10.088372357865335,0.198215983610255,0.0040710385572211676,0.01168048344518743,0.0047708270280418475,0.009681058979889943,0.005522689369604002,0.7818314824680298,0.6234898018587336,-0.8660254037844386,0.5000000000000001
2023-11-08,373.0799865722656,373.7900085449219,370.6199951171875,372.9400024414063,367.473876953125,35663400.0,0.0006436547315428,105.54000091552734,105.87000274658205,105.4499969482422,105.58999633789062,105.58999633789062,0.0,4.566999912261963,4.572999954223633,4.502999782562256,4.5229997634887695,4.5229997634887695,0.0,14.90999984741211,15.09000015258789,14.300000190734863,14.449999809265137,14.449999809265137,0.0,0.0006436547315428747,0.00849687343687181,0.000643861921700184,359.20000000000005,360.3950012207032,364.44479980468753,344.1284498596191,363.23827446126467,361.9421007339193,1.2961737273453764,-1.2587390116774257,62.18024644236337,97.46688378561481,93.81867537598168,6.4508781012028,-2.703581544243505,5.575556823653573,341.9881628522645,378.8018395891419,10.214813360946966,0.19670269919612013,0.009408288374987618,0.0040710385572211676,0.017208010278996717,-0.02478023022615104,0.007110070383582481,0.9749279121818236,-0.22252093395631434,-0.8660254037844386,0.5000000000000001
2023-11-09,373.6400146484375,374.7999877929688,369.5700073242188,370.0700073242188,364.64599609375,53859400.0,-0.0077252237707193,105.52999877929688,105.97000122070312,105.37999725341795,105.91000366210938,105.91000366210938,0.0,4.551000118255615,4.65399980545044,4.526000022888184,4.630000114440918,4.630000114440918,0.0,14.609999656677246,15.56999969482422,14.130000114440918,15.289999961853027,15.289999961853027,0.0,-0.0077252237707193935,0.01399737786026733,-0.007695460920439046,361.84100036621095,360.402001953125,364.2864001464844,344.42019989013664,364.2893102863345,362.5441678887563,1.7451423975782063,-0.6579627298262993,58.454201250232536,93.30082538685262,95.48792483046532,7.684922126718028,-14.57621922260538,5.550872798303318,341.97979413196674,378.8242097742833,10.223144001044883,0.1983351110181878,0.0006436547315428747,0.009408288374987618,0.017990193478985374,-0.01925122216586021,-0.003481317051184683,0.43388373911755823,-0.900968867902419,-0.8660254037844386,0.5000000000000001
2023-11-10,371.8200073242188,378.5400085449219,371.2799987792969,378.3900146484375,372.8440856933594,58309800.0,0.0222333222001275,105.93000030517578,106.01000213623048,105.73999786376952,105.86000061035156,105.86000061035156,0.0,4.583000183105469,4.638000011444092,4.566999912261963,4.627999782562256,4.627999782562256,0.0,15.09000015258789,15.449999809265137,14.15999984741211,14.170000076293944,14.170000076293944,0.0,0.022233322200127505,0.0195256027718122,0.022482324466553738,365.14900207519537,361.057502746582,364.3024005126953,344.78124999999994,366.4586494189657,363.71793431539936,2.7407151035663446,0.021772836852229416,65.00162936857221,94.10191232947565,94.95654050064769,9.579802879651824,-0.4144622447241453,5.759381971331871,341.04053945796664,381.0744660351973,11.08796418096581,0.2072351221373261,-0.0077252237707193935,0.0006436547315428747,0.01168048344518743,0.004789430729028858,-0.012649454051488563,-0.433883739117558,-0.9009688679024191,-0.8660254037844386,0.5000000000000001
2023-11-13,376.7900085449219,378.2799987792969,375.239990234375,377.2099914550781,371.6813354492188,40733500.0,-0.0031234694113677,105.8000030517578,105.95999908447266,105.58999633789062,105.66000366210938,105.66000366210938,0.0,4.642000198364258,4.696000099182129,4.624000072479248,4.631999969482422,4.631999969482422,0.0,15.15999984741211,15.1899995803833,14.579999923706056,14.760000228881836,14.760000228881836,0.0,-0.003123469411367789,0.008068177170253805,-0.00311859645561563,367.95,361.4475021362304,364.29480041503905,345.14934997558595,368.1127020399061,364.71734595537555,3.3953560845305333,0.6964894863878902,63.473749193280135,93.77807440071263,93.72693737234697,8.02118507127672,-3.675095330532585,5.572999288669773,340.46469703992585,382.430307232535,11.610430268457682,0.20477848363902115,0.022233322200127505,-0.0077252237707193935,0.0040710385572211676,0.011202593558884536,0.011243180786358066,0.0,1.0,-0.8660254037844386,0.5000000000000001
2023-11-14,383.7099914550781,386.260009765625,383.1799926757813,385.3299865722656,379.6823120117188,67792600.0,0.0212980200145099,105.6500015258789,105.7300033569336,103.98999786376952,104.11000061035156,104.11000061035156,0.0,4.616000175476074,4.616000175476074,4.432000160217285,4.440999984741211,4.440999984741211,0.0,14.829999923706056,14.859999656677246,13.90999984741211,14.15999984741211,14.15999984741211,0.0,0.021298020014509915,0.008026940028754186,0.0215264416030736,371.39599914550786,362.30400085449213,364.43999999999994,345.5265998840332,370.76151504488445,366.24420822329336,4.517306821591092,1.4606529534285304,68.89229694961422,97.93080706969532,95.2702645999612,9.821299038000895,-2.1180212156573064,5.821357790232423,338.9016802740399,385.70632143494436,12.918610076211122,0.21616174206123287,-0.003123469411367789,0.022233322200127505,0.009408288374987618,0.0047708270280418475,-0.003281024405058328,0.7818314824680298,0.6234898018587336,-0.8660254037844386,0.5000000000000001
2023-11-15,387.25,387.75,384.239990234375,385.6199951171875,379.968017578125,54141400.0,0.00075220287216,104.37999725341795,104.51000213623048,103.9800033569336,104.38999938964844,104.38999938964844,0.0,4.460999965667725,4.559000015258789,4.445000171661377,4.534999847412109,4.534999847412109,0.0,14.210000038146973,14.350000381469728,13.970000267028809,14.18000030517578,14.18000030517578,0.0,0.0007522028721600593,0.009063937419302776,0.0007524858476877228,374.2619995117188,363.4165008544922,364.65760009765626,345.9328498840332,373.047435056008,367.6794516969151,5.367983359092875,2.2421190345613993,69.06878467360164,96.4431278348249,96.05066976841096,8.028912020443084,-4.877499949335384,5.656261502760465,337.7909707791377,389.0420309298467,14.102568273648462,0.20844623007908697,0.021298020014509915,-0.003123469411367789,0.0006436547315428747,0.017208010278996717,-0.013204692622819784,0.9749279121818236,-0.22252093395631434,-0.8660254037844386,0.5000000000000001
2023-11-16,384.8399963378906,386.1900024414063,383.55999755859375,385.9500122070313,380.2932739257813,45343500.0,0.0008556436349849,104.36000061035156,104.55999755859376,104.01000213623048,104.37000274658205,104.37000274658205,0.0,4.48799991607666,4.48799991607666,4.432000160217285,4.445000171661377,4.445000171661377,0.0,14.119999885559082,14.420000076293944,13.68000030517578,14.31999969482422,14.31999969482422,0.0,0.0008556436349849576,0.006834021691714717,0.0008560098024288365,376.5130004882813,364.7155014038086,364.935400390625,346.3541999816895,375.03244692539624,369.0328265495163,5.9996203758799425,2.993619302825108,69.28235689623743,96.21538453096626,96.8631064784955,6.193597186444565,-4.358325242108519,5.440100315621328,337.2571895152261,392.1738132923911,15.05738680308024,0.20349235670618465,0.0007522028721600593,0.021298020014509915,-0.0077252237707193935,0.017990193478985374,-0.009400966388523032,0.43388373911755823,-0.900968867902419,-0.8660254037844386,0.5000000000000001
2023-11-17,385.2099914550781,387.0700073242188,384.2900085449219,386.0400085449219,380.3819580078125,46571900.0,0.0002331719995865,104.4000015258789,104.5500030517578,103.80999755859376,103.81999969482422,103.81999969482422,0.0,4.412000179290772,4.468999862670898,4.40399980545044,4.440999984741211,4.440999984741211,0.0,14.18000030517578,14.1899995803833,13.670000076293944,13.800000190734863,13.800000190734863,0.0,0.00023317199958656435,0.007216839752250107,0.00023319918629027825,378.34600219726565,366.2875015258789,365.2046008300781,346.78589996337894,376.7259179437848,370.29261780843524,6.433300135349555,3.6815554693299974,69.34451947204417,95.53554894779583,96.06468710452899,4.984911347475056,-4.157527965168562,5.250093063026729,337.6912470494759,394.88375600228187,15.614103324452415,0.19195929074140164,0.0008556436349849576,0.0007522028721600593,0.022233322200127505,0.01168048344518743,-0.015030205567791128,-0.433883739117558,-0.9009688679024191,-0.8660254037844386,0.5000000000000001
2023-11-20,386.0499877929688,391.4100036621094,386.0499877929688,390.739990234375,385.0130310058594,44429600.0,0.0121012799385611,103.81999969482422,103.97000122070312,103.37999725341795,103.47000122070312,103.47000122070312,0.0,4.4730000495910645,4.48199987411499,4.409999847412109,4.421999931335449,4.421999931335449,0.0,14.260000228881836,14.3100004196167,13.390000343322754,13.40999984741211,13.40999984741211,0.0,0.0121012799385611,0.013884253435114837,0.012174796676218236,380.4990020751954,368.041000366211,365.48000061035157,347.2170999145508,378.88192906541406,371.8072379881345,7.074691077279567,4.360182590919912,72.47702922876357,96.60009108232867,96.11700818703025,5.831369485545582,-1.683873545736858,5.258657495466784,337.92546706093617,398.1565336714858,16.36531434014636,0.1938851822262062,0.00023317199958656435,0.0008556436349849576,-0.003123469411367789,0.0040710385572211676,0.003012865181248611,0.0,1.0,-0.8660254037844386,0.5000000000000001
2023-11-21,389.010009765625,389.2300109863281,386.7000122070313,388.4700012207031,382.77630615234375,43337000.0,-0.0058264189740599,103.47000122070312,103.70999908447266,103.18000030517578,103.58999633789062,103.58999633789062,0.0,4.409999847412109,4.442999839782715,4.390999794006348,4.418000221252441,4.418000221252441,0.0,13.449999809265137,14.3100004196167,13.130000114440918,13.350000381469728,13.350000381469728,0.0,-0.005826418974059913,0.00650368554994541,-0.005809478312129079,382.07600097656257,369.5080001831055,365.79360046386716,347.62569992065437,380.3570170893047,373.0415167461025,7.315500343202189,4.951246141376368,68.81933778647137,94.90275264999346,95.67946422670597,4.2312821296372105,-9.4503405391142,5.171608962029421,338.37877255344006,400.6372278127709,16.849014156250846,0.1964009912723013,0.0121012799385611,0.00023317199958656435,0.021298020014509915,0.009408288374987618,0.009681058979889943,0.7818314824680298,0.6234898018587336,-0.8660254037844386,0.5000000000000001
2023-11-22,390.5700073242188,393.0700073242188,389.0400085449219,390.05999755859375,384.343017578125,44121000.0,0.0040846672887317,103.5500030517578,104.20999908447266,103.4800033569336,103.91999816894533,103.91999816894533,0.0,4.364999771118164,4.447000026702881,4.364999771118164,4.415999889373779,4.415999889373779,0.0,13.079999923706056,13.25,12.81999969482422,12.850000381469728,12.850000381469728,0.0,0.004084667288731798,0.010318249491061308,0.004093020912213197,383.7880004882813,371.49400024414064,366.1106005859375,348.03049987792974,381.84978331534916,374.30214495443516,7.547638360913993,5.4705245852838935,69.96280345783367,92.77428376371157,94.7590424986779,4.5905494195080925,-10.542934624014233,5.130780186421298,340.44573506417424,402.54226542410703,16.715352150808307,0.1645941486015982,-0.005826418974059913,0.0121012799385611,0.0007522028721600593,0.0006436547315428747,-0.02478023022615104,0.9749279121818236,-0.22252093395631434,-0.8660254037844386,0.5000000000000001
2023-11-23,390.5700073242188,393.0700073242188,389.0400085449219,390.05999755859375,384.343017578125,44121000.0,0.0,103.5500030517578,104.20999908447266,103.4800033569336,103.91999816894533,103.91999816894533,0.0,4.364999771118164,4.447000026702881,4.364999771118164,4.415999889373779,4.415999889373779,0.0,13.079999923706056,13.25,12.81999969482422,12.850000381469728,12.850000381469728,0.0,0.0,0.010318249491061308,0.0,385.78699951171876,373.81399993896486,366.366400756836,348.46429992675786,383.11289319892524,375.46939329548394,7.643499903441295,5.905119648915374,69.96280345783367,89.50019096976098,92.39240912782199,5.401678017332998,-11.506151927588615,5.052152943055272,344.64555238765763,402.9824474902721,15.605861501211702,0.13852014983507005,0.004084667288731798,-0.005826418974059913,0.0008556436349849576,-0.0077252237707193935,-0.01925122216586021,0.43388373911755823,-0.900968867902419,-0.8660254037844386,0.5000000000000001
2023-11-24,389.6499938964844,390.25,388.5,389.510009765625,383.8010559082031,15718800.0,-0.0014110940344589,103.75,103.83999633789062,103.36000061035156,103.4000015258789,103.4000015258789,0.0,4.473999977111816,4.492000102996826,4.4629998207092285,4.4720001220703125,4.4720001220703125,0.0,13.029999732971191,13.170000076293944,12.449999809265137,12.460000038146973,12.460000038146973,0.0,-0.0014110940344589109,0.004491210130661289,-0.0014100989093985827,386.8989990234375,376.02400054931644,366.7404010009766,348.90604995727546,384.0970649784175,376.50943895993885,7.587626018478659,6.241620922828032,68.94845165042733,87.70998438305578,89.99481970550943,2.9387654765464934,-14.820960299229801,4.816284875694181,349.3584438241406,402.6895572744923,14.182901456407759,0.1411596211531681,0.0,0.004084667288731798,0.00023317199958656435,0.022233322200127505,0.004789430729028858,-0.433883739117558,-0.9009688679024191,-0.8660254037844386,0.5000000000000001
2023-11-27,389.010009765625,391.1499938964844,388.2799987792969,389.1700134277344,383.4660034179688,34139700.0,-0.0008733660788875,103.41999816894533,103.52999877929688,103.19000244140624,103.1999969482422,103.1999969482422,0.0,4.456999778747559,4.460999965667725,4.388999938964844,4.388999938964844,4.388999938964844,0.0,13.140000343322754,13.279999732971191,12.640000343322754,12.6899995803833,12.6899995803833,0.0,-0.0008733660788875051,0.0073776896355871304,-0.0008729848057387191,388.0950012207032,378.02250061035164,367.1106011962891,349.3461000061036,384.8775185860047,377.4472592908867,7.430259295118049,6.479348597286036,68.2893081277372,85.69238968824573,87.63418834702082,3.1706535467209562,-16.595718708444394,4.67726417865799,353.9572041176601,402.08779710304316,12.732203217446532,0.14178890456801663,-0.0014110940344589109,0.0,0.0121012799385611,-0.003123469411367789,0.011202593558884536,0.0,1.0,-0.8660254037844386,0.5000000000000001
2023-11-28,388.4100036621094,390.7799987792969,388.0499877929688,390.1900024414063,384.4710693359375,35491100.0,0.0026175751308158,103.12999725341795,103.31999969482422,102.61000061035156,102.75,102.75,0.0,4.395999908447266,4.421999931335449,4.331999778747559,4.335999965667725,4.335999965667725,0.0,12.779999732971191,14.300000190734863,12.5600004196167,12.6899995803833,12.6899995803833,0.0,0.0026175751308158387,0.007028683506058702,0.0026210039716954014,388.5810028076172,379.9885009765626,367.51700134277354,349.8269000244141,385.694823794528,378.39116619092516,7.303657603602858,6.644210398549401,69.23938007012053,85.44266035515469,86.28167814215206,1.2612607475409194,-12.255339926861698,4.538174664920139,359.04047381137303,400.93652814175215,11.0256110968377,0.14212498189245484,-0.0008733660788875051,-0.0014110940344589109,-0.005826418974059913,0.021298020014509915,0.0047708270280418475,0.7818314824680298,0.6234898018587336,-0.8660254037844386,0.5000000000000001
2023-11-29,392.6900024414063,394.1400146484375,389.4599914550781,389.80999755859375,384.0966491699219,38811700.0,-0.0009743323499561,102.6500015258789,103.01000213623048,102.47000122070312,102.7699966430664,102.7699966430664,0.0,4.294000148773193,4.322999954223633,4.252999782562256,4.270999908447266,4.270999908447266,0.0,12.710000038146973,13.100000381469728,12.479999542236328,12.979999542236328,12.979999542236328,0.0,-0.0009743323499561547,0.011917856742629159,-0.0009738578423139632,389.00000305175786,381.6310012817383,368.02240112304696,350.3047000122071,386.32792745053814,379.2370055514932,7.090921899044929,6.7335526986485075,68.41696147019569,84.06916580922959,85.06807195087666,1.0865625471866247,-18.941443937005143,4.5483067026657995,363.29732419158205,399.96467837189454,9.608064873441162,0.13648053923698028,0.0026175751308158387,-0.0008733660788875051,0.004084667288731798,0.0007522028721600593,0.017208010278996717,0.9749279121818236,-0.22252093395631434,-0.8660254037844386,0.5000000000000001
2023-11-30,390.0799865722656,390.5499877929688,385.8200073242188,388.8299865722656,383.1310119628906,52834400.0,-0.0025172129886217,102.83000183105467,103.58999633789062,102.72000122070312,103.5,103.5,0.0,4.28000020980835,4.352000236511231,4.271999835968018,4.352000236511231,4.352000236511231,0.0,13.06999969482422,13.390000343322754,12.81999969482422,12.920000076293944,12.920000076293944,0.0,-0.002517212988621736,0.012125668149021357,-0.002514047464663105,389.2880004882813,382.9005004882813,368.6418011474609,350.76474990844736,386.71285962311157,379.9475967382171,6.765262884894469,6.739894735897701,66.232047289582,80.23595526062377,83.24926047500267,0.7462039834551015,-28.095350354261793,4.5612834002432425,366.4511009790675,399.3498999974951,8.59199687032909,0.12858463979497026,-0.0009743323499561547,0.0026175751308158387,0.0,0.0008556436349849576,0.017990193478985374,0.43388373911755823,-0.900968867902419,-0.8660254037844386,0.5000000000000001
2023-12-01,387.75,390.5400085449219,386.0700073242188,389.9400024414063,384.2247619628906,40490100.0,0.0028507004908565,103.36000061035156,103.72000122070312,103.12000274658205,103.2699966430664,103.2699966430664,0.0,4.320000171661377,4.3480000495910645,4.210999965667725,4.22599983215332,4.22599983215332,0.0,12.9399995803833,12.960000038146973,12.479999542236328,12.630000114440918,12.630000114440918,0.0,0.002850700490856527,0.011528049569833831,0.0028547676012871115,389.6779998779297,384.01200103759766,369.2824011230469,351.2551998901368,387.2093431336184,380.68777493845334,6.5215681951650595,6.696229427751173,67.4981294342976,71.54733442467156,78.61748516484164,1.0102564009322381,-38.32120243471837,4.554763244561801,368.9377120963302,399.0862899788651,7.850946793608975,0.12478532098610003,-0.002517212988621736,-0.0009743323499561547,-0.0014110940344589109,0.00023317199958656435,0.01168048344518743,-0.433883739117558,-0.9009688679024191,-0.5000000000000004,0.8660254037844384
2023-12-04,386.0899963378906,386.6000061035156,382.6600036621094,386.3200073242188,380.6578063964844,51186900.0,-0.0093268733568958,103.19000244140624,103.8499984741211,103.05999755859376,103.63999938964844,103.63999938964844,0.0,4.243000030517578,4.298999786376953,4.239999771118164,4.288000106811523,4.288000106811523,0.0,13.279999732971191,13.699999809265137,12.979999542236328,13.079999923706056,13.079999923706056,0.0,-0.009326873356895894,0.01020488093133114,-0.009283512983868425,389.2360015869141,384.8675018310547,369.81660156250007,351.7170999145508,387.0725222398646,381.10497733739896,5.967544902465647,6.550492522694069,59.644170333070996,55.15499390047769,68.97942786192434,-1.131182633112363,-68.11846550958674,4.749422925614311,371.4828903856283,398.2521132764811,6.9554386284877046,0.13202028150168868,0.002850700490856527,-0.002517212988621736,-0.0008733660788875051,0.0121012799385611,0.0040710385572211676,0.0,1.0,-0.5000000000000004,0.8660254037844384
2023-12-05,384.3900146484375,388.5,384.2099914550781,387.2900085449219,381.613525390625,42933000.0,0.0025075572307938,103.55999755859376,104.08999633789062,103.5500030517578,104.0500030517578,104.0500030517578,0.0,4.22599983215332,4.228000164031982,4.164999961853027,4.171000003814697,4.171000003814697,0.0,13.260000228881836,13.760000228881836,12.8100004196167,12.850000381469728,12.850000381469728,0.0,0.002507557230793885,0.011160561880998678,0.002510703781929413,389.11800231933603,385.59700164794924,370.47820190429695,352.18574996948246,387.1059816714119,381.5631277972155,5.542853874196396,6.3489647929945345,60.95518995467219,44.6304488150659,57.110925713405045,-0.30375387341965066,-59.66898561049718,4.716607612707708,373.47369224038295,397.72031105551554,6.288072446494229,0.12931274831935308,-0.009326873356895894,0.002850700490856527,0.0026175751308158387,-0.005826418974059913,0.009408288374987618,0.7818314824680298,0.6234898018587336,-0.5000000000000004,0.8660254037844384
2023-12-06,390.2699890136719,390.3699951171875,384.7000122070313,385.0499877929688,379.4064331054688,41994100.0,-0.0058003694870711,103.98999786376952,104.2300033569336,103.87000274658205,104.1500015258789,104.1500015258789,0.0,4.179999828338623,4.182000160217285,4.107999801635742,4.120999813079834,4.120999813079834,0.0,12.779999732971191,13.029999732971191,12.640000343322754,12.970000267028809,12.970000267028809,0.0,-0.005800369487071122,0.01452836003220725,-0.005783579821750262,388.6170013427735,386.2025009155273,371.0784014892578,352.65499984741217,386.78967492088213,381.82141372282683,4.968261198055302,6.0728240740066886,56.398641443876734,31.01040201819921,43.5986149112476,-1.2844202935401887,-79.18134282531844,4.784705848239743,375.6304772065267,396.77452462452794,5.474860304601193,0.13214832383115652,0.002507557230793885,-0.009326873356895894,-0.0009743323499561547,0.004084667288731798,0.0006436547315428747,0.9749279121818236,-0.22252093395631434,-0.5000000000000004,0.8660254037844384
2023-12-07,388.0700073242188,391.2699890136719,386.9599914550781,390.4299926757813,384.70751953125,49593500.0,0.0138753426935355,104.11000061035156,104.1999969482422,103.2699966430664,103.54000091552734,103.54000091552734,0.0,4.169000148773193,4.179999828338623,4.105999946594238,4.129000186920166,4.129000186920166,0.0,13.170000076293944,13.279999732971191,12.949999809265137,13.0600004196167,13.0600004196167,0.0,0.013875342693535518,0.011106237218154557,0.013972052035047033,388.65400085449227,387.22050018310546,371.72680114746095,353.13909988403327,387.34972380625123,382.4590862378605,4.89063756839073,5.836386772883497,63.46301052203023,42.94414597383711,39.52833226903407,0.09485595023929035,-32.31723364267304,4.887226946272838,379.7121274232966,394.72887294291434,3.8780863907042034,0.13416486808032793,-0.005800369487071122,0.002507557230793885,-0.002517212988621736,0.0,-0.0077252237707193935,0.43388373911755823,-0.900968867902419,-0.5000000000000004,0.8660254037844384
2023-12-08,388.6700134277344,392.6199951171875,388.4800109863281,392.1700134277344,386.4220581054688,46687500.0,0.0044468308550419,103.63999938964844,104.26000213623048,103.44000244140624,104.01000213623048,104.01000213623048,0.0,4.184999942779541,4.277999877929688,4.182000160217285,4.244999885559082,4.244999885559082,0.0,13.140000343322754,13.239999771118164,12.350000381469728,12.350000381469728,12.350000381469728,0.0,0.004446830855041973,0.010651668479253865,0.004456732679173792,388.92000122070317,387.90950012207037,372.40480163574216,353.601549987793,388.09130682494094,383.17841417785115,4.912892647089791,5.651687947724756,65.41474520746266,57.113716858465,43.68942161683377,0.6829102193573782,-17.16027295661351,4.833852459457591,381.34307546983416,394.4759247743066,3.3855446438769015,0.11295952483303713,0.013875342693535518,-0.005800369487071122,0.002850700490856527,-0.0014110940344589109,0.022233322200127505,-0.433883739117558,-0.9009688679024191,-0.5000000000000004,0.8660254037844384
2023-12-11,391.739990234375,395.7900085449219,391.5299987792969,395.5199890136719,389.7229919433594,41198000.0,0.0085060227858331,103.9800033569336,104.26000213623048,103.93000030517578,104.0999984741211,104.0999984741211,0.0,4.27400016784668,4.293000221252441,4.229000091552734,4.238999843597412,4.238999843597412,0.0,13.050000190734863,13.140000343322754,12.609999656677246,12.630000114440918,12.630000114440918,0.0,0.008506022785833183,0.010874584856849232,0.008542301788035056,389.5549987792969,388.82500000000005,373.09000122070313,354.0790499877929,389.2341810078226,384.0926049064305,5.141576101392104,5.549665578458226,68.8632668961391,82.82199531017791,60.95995271416,1.6316713433309367,-2.0565074701797137,4.792863695612406,383.56367266470073,394.08632733529936,2.706270088239857,0.11379219230358327,0.004446830855041973,0.013875342693535518,-0.009326873356895894,-0.0008733660788875051,-0.003123469411367789,0.0,1.0,-0.5000000000000004,0.8660254037844384
2023-12-12,395.55999755859375,398.7900085449219,394.4100036621094,398.6700134277344,392.8267822265625,39221200.0,0.0079325473246939,104.02999877929688,104.0999984741211,103.48999786376952,103.87000274658205,103.87000274658205,0.0,4.179999828338623,4.250999927520752,4.152999877929688,4.205999851226807,4.205999851226807,0.0,12.6899995803833,12.739999771118164,11.8100004196167,12.06999969482422,12.06999969482422,0.0,0.007932547324693947,0.011072921705546567,0.007964093336464417,390.4029998779298,389.49200134277345,373.9650012207032,354.5907000732422,390.68584753396283,385.1724129450456,5.513434588917221,5.542419380550025,71.71885719656511,93.34643156911594,77.76071457925295,2.1733029891255318,-0.7439248658589137,4.763373780412413,382.885803455134,396.0981992304129,3.3922123508901727,0.09213460055064222,0.008506022785833183,0.004446830855041973,0.002507557230793885,0.0026175751308158387,0.021298020014509915,0.7818314824680298,0.6234898018587336,-0.5000000000000004,0.8660254037844384
2023-12-13,399.6199951171875,404.3599853515625,398.8399963378906,403.739990234375,397.822509765625,55408100.0,0.0126371934402074,103.81999969482422,104.02999877929688,102.77999877929688,102.87000274658205,102.87000274658205,0.0,4.186999797821045,4.190999984741211,4.008999824523926,4.0329999923706055,4.0329999923706055,0.0,12.199999809265137,12.460000038146973,11.81999969482422,12.1899995803833,12.1899995803833,0.0,0.012637193440207488,0.013813095143182595,0.01271738019171309,391.79599914550784,390.3980010986328,374.84480102539067,355.12029998779303,392.6941771801801,386.54778904055144,6.146388139628641,5.663213132365748,75.59791711636564,98.11414829913565,91.4275250594765,3.5735339686066885,-2.8571227665543986,4.829559362084964,381.4667451120775,399.3292570851881,4.575461944693127,0.09984603735357944,0.007932547324693947,0.008506022785833183,-0.005800369487071122,-0.0009743323499561547,0.0007522028721600593,0.9749279121818236,-0.22252093395631434,-0.5000000000000004,0.8660254037844384
2023-12-14,404.9800109863281,406.2999877929688,400.3399963378906,403.3900146484375,397.4776306152344,55447800.0,-0.0008672931249415,102.77999877929688,102.8000030517578,101.7699966430664,101.95999908447266,101.95999908447266,0.0,3.9660000801086426,3.98799991607666,3.884999990463257,3.930000066757202,3.930000066757202,0.0,11.960000038146973,12.739999771118164,11.84000015258789,12.479999542236328,12.479999542236328,0.0,-0.0008672931249415955,0.014716754638241607,-0.0008669171349650062,393.2520019531251,391.27000122070314,375.7388012695312,355.67395004272464,394.3396906368351,387.79536130780224,6.544329329032848,5.839436371699168,74.8348723537967,94.69647101205314,95.38568362676824,3.744574384431082,-12.309539331427267,4.910304511584481,380.88078656264435,401.6592158787619,5.310509175580042,0.10036164938060134,0.012637193440207488,0.007932547324693947,0.013875342693535518,-0.002517212988621736,0.0008556436349849576,0.43388373911755823,-0.900968867902419,-0.5000000000000004,0.8660254037844384
2023-12-15,404.1799926757813,406.5400085449219,403.5700073242188,405.3399963378906,399.3989562988281,62896600.0,0.0048221504765329,102.0999984741211,102.63999938964844,101.83999633789062,102.5500030517578,102.5500030517578,0.0,3.921999931335449,3.970999956130981,3.8940000534057617,3.927999973297119,3.927999973297119,0.0,12.119999885559082,12.539999961853027,12.010000228881836,12.279999732971191,12.279999732971191,0.0,0.0048221504765329,0.007348214346387741,0.004833795755046166,394.79200134277346,392.2350006103516,376.5516009521484,356.2579000854492,396.0320453600744,389.0949639026236,6.937081457450802,6.058965388849495,76.2719483403403,93.2693873943895,95.36000223519275,3.949323947290679,-5.025175718849839,4.78456803907733,380.40566665640114,404.0643345643021,6.031758479249946,0.10048476836790086,-0.0008672931249415955,0.012637193440207488,0.004446830855041973,0.002850700490856527,0.00023317199958656435,-0.433883739117558,-0.9009688679024191,-0.5000000000000004,0.8660254037844384
2023-12-18,404.9299926757813,407.989990234375,404.6000061035156,407.0799865722656,401.9147033691406,46610000.0,0.0062790776261259,102.58999633789062,102.62999725341795,102.37999725341795,102.51000213623048,102.51000213623048,0.0,3.9170000553131104,3.970999956130981,3.9070000648498535,3.953999996185303,3.953999996185303,0.0,12.619999885559082,12.640000343322754,12.399999618530272,12.5600004196167,12.5600004196167,0.0,0.006279077626125921,0.008371778312735806,0.006298832359567408,396.86799926757817,393.05200042724607,377.36200073242185,356.83985000610346,397.73172862348844,390.4271878040785,7.304540819409908,6.308080474961578,77.50630956223317,93.02423020562101,93.66336287068788,5.373777918425028,-3.592594332859844,4.684954902776048,379.52253004673764,406.5814708077545,6.884315747433899,0.09503727751196664,0.0048221504765329,-0.0008672931249415955,0.008506022785833183,-0.009326873356895894,0.0121012799385611,0.0,1.0,-0.5000000000000004,0.8660254037844384
2023-12-19,407.5400085449219,409.2799987792969,407.3500061035156,409.1600036621094,403.9683837890625,35711900.0,0.0050967315192343,102.47000122070312,102.62999725341795,102.06999969482422,102.16999816894533,102.16999816894533,0.0,3.8980000019073486,3.927999973297119,3.8959999084472656,3.921999931335449,3.921999931335449,0.0,12.600000381469728,12.600000381469728,12.329999923706056,12.529999732971191,12.529999732971191,0.0,0.0050967315192343805,0.0047357133908694825,0.0051097419494894325,399.05499877929697,394.08650054931644,378.17340087890625,357.3988000488281,399.48992478327625,391.81480379356225,7.675120989714003,6.581488577912063,78.91817458341944,96.97715310923753,94.423590236416,5.646929854801765,-0.4507706205777007,4.507458995937134,378.96217059895304,409.21083049967984,7.675639703101542,0.09069080036210475,0.006279077626125921,0.0048221504765329,0.007932547324693947,0.002507557230793885,-0.005826418974059913,0.7818314824680298,0.6234898018587336,-0.5000000000000004,0.8660254037844384
2023-12-20,408.3500061035156,410.4700012207031,402.8999938964844,403.0799865722656,397.9654541015625,54042400.0,-0.0149714141735555,102.19000244140624,102.54000091552734,102.16000366210938,102.41000366210938,102.41000366210938,0.0,3.88100004196167,3.921999931335449,3.872999906539917,3.877000093460083,3.877000093460083,0.0,12.630000114440918,13.93000030517578,12.289999961853027,13.670000076293944,13.670000076293944,0.0,-0.01497141417355558,0.018538036515419503,-0.014859899755507833,400.85799865722663,394.73750000000007,378.8106005859375,357.9195500183105,400.04224198158226,392.6492617771699,7.392980204412368,6.743786903212125,65.89773786120445,89.7944683078641,93.26528387424088,4.682508596517882,-26.57323012297016,4.72621244795725,379.2269976026235,410.24800239737664,7.858641450268377,0.10998861567227831,0.0050967315192343805,0.006279077626125921,0.012637193440207488,-0.005800369487071122,0.004084667288731798,0.9749279121818236,-0.22252093395631434,-0.5000000000000004,0.8660254037844384
2023-12-21,407.05999755859375,408.1400146484375,404.4700012207031,407.7699890136719,402.595947265625,45568900.0,0.0115682439732986,102.38999938964844,102.4499969482422,101.73999786376952,101.83999633789062,101.83999633789062,0.0,3.859999895095825,3.9049999713897705,3.828999996185303,3.8940000534057617,3.8940000534057617,0.0,13.399999618530272,14.489999771118164,13.34000015258789,13.649999618530272,13.649999618530272,0.0,0.011568243973298614,0.009015902937517459,0.011635414874178407,402.59199829101567,395.62299957275394,379.5674005126954,358.4243499755859,401.2311261403653,393.7693156465404,7.461810493824885,6.887391621334677,70.00831113521483,87.75573888188572,91.50912009966245,4.441256220879001,-9.708782610794952,4.750056421401152,379.2393167217193,412.00668242378856,8.282472388474831,0.11510553028550076,-0.01497141417355558,0.0050967315192343805,-0.0008672931249415955,0.013875342693535518,0.0,0.43388373911755823,-0.900968867902419,-0.5000000000000004,0.8660254037844384
2023-12-22,409.0,409.9700012207031,406.4800109863281,408.3800048828125,403.19818115234375,34314000.0,0.0014947589653756,101.76000213623048,101.9000015258789,101.43000030517578,101.6999969482422,101.6999969482422,0.0,3.8519999980926514,3.9189999103546143,3.848999977111816,3.901000022888184,3.901000022888184,0.0,13.720000267028809,13.960000038146973,13.0,13.029999732971191,13.029999732971191,0.0,0.0014947589653756736,0.008532983458129584,0.0014958766743904395,404.2129974365234,396.56649932861336,380.42940063476567,358.93945007324214,402.3309536392033,394.8515889233013,7.4793647159020225,7.005786240248146,70.50627922958424,85.25304378707118,87.60108365894033,4.133409210305458,-7.958855905021334,4.660051693756427,379.50569317015487,413.62730548707185,8.604259909670844,0.1143157307988139,0.011568243973298614,-0.01497141417355558,0.0048221504765329,0.004446830855041973,-0.0014110940344589109,-0.433883739117558,-0.9009688679024191,-0.5000000000000004,0.8660254037844384
2023-12-25,409.0,409.9700012207031,406.4800109863281,408.3800048828125,403.19818115234375,34314000.0,0.0,101.76000213623048,101.9000015258789,101.43000030517578,101.6999969482422,101.6999969482422,0.0,3.8519999980926514,3.9189999103546143,3.848999977111816,3.901000022888184,3.901000022888184,0.0,13.720000267028809,13.960000038146973,13.0,13.029999732971191,13.029999732971191,0.0,0.0,0.008532983458129584,0.0,405.4989990234375,397.5269989013673,381.2088006591797,359.45150009155276,403.2615769074509,395.853693809191,7.4078830982599015,7.086205611850497,70.50627922958424,91.40738885728999,88.1387238420823,3.2514199601416593,-8.110194912313752,4.576475875229182,380.06131839779914,414.9926794049354,8.787166935497455,0.11401908683294588,0.0014947589653756736,0.011568243973298614,0.006279077626125921,0.008506022785833183,-0.0008733660788875051,0.0,1.0,-0.5000000000000004,0.8660254037844384
2023-12-26,409.25,411.55999755859375,409.1499938964844,410.8800048828125,405.66650390625,22722500.0,0.0061031973861141,101.6500015258789,101.7699966430664,101.4499969482422,101.47000122070312,101.47000122070312,0.0,3.9079999923706055,3.9079999923706055,3.881999969482422,3.885999917984009,3.885999917984009,0.0,13.770000457763672,13.800000190734863,12.960000038146973,12.989999771118164,12.989999771118164,0.0,0.0061031973861141115,0.0058888299623930974,0.0061218598428489646,406.7199981689453,398.5614990234376,382.0624005126954,359.9542001342773,404.4336427498142,396.96675388871853,7.466888861095697,7.162342261699537,72.66357897726134,93.72225066648716,90.1275611036161,3.062681175867116,-2.7641971832034318,4.476727075268616,380.4853156813113,416.6376823655639,9.070712242109119,0.11473224637177257,0.0,0.0014947589653756736,0.0050967315192343805,0.007932547324693947,0.0026175751308158387,0.7818314824680298,0.6234898018587336,-0.5000000000000004,0.8660254037844384
2023-12-27,410.9500122070313,411.7900085449219,410.0799865722656,411.5,406.4923095703125,31980500.0,0.0020336070604829,101.5500030517578,101.56999969482422,100.83000183105467,100.98999786376952,100.98999786376952,0.0,3.8519999980926514,3.8519999980926514,3.785000085830689,3.7890000343322754,3.7890000343322754,0.0,13.020000457763672,13.039999961853027,12.369999885559082,12.43000030517578,12.43000030517578,0.0,0.002033607060482953,0.004161143501304395,0.002035676241717299,407.49599914550777,399.6459991455079,383.02500061035164,360.4811001586914,405.5207746344582,398.04329063770234,7.477483996755836,7.225370608710798,73.1873643652304,95.96048995744115,93.69670982707277,1.922031493863226,-1.2441380321593254,4.279105282224876,381.18210470899777,418.10989358201806,9.240124748396438,0.11395464474620996,0.0061031973861141115,0.0,-0.01497141417355558,0.012637193440207488,-0.0009743323499561547,0.9749279121818236,-0.22252093395631434,-0.5000000000000004,0.8660254037844384
2023-12-28,412.6700134277344,412.9200134277344,410.9400024414063,411.2999877929688,406.2947387695313,27029200.0,-0.0004861563802622,100.87000274658205,101.3000030517578,100.62000274658205,101.2300033569336,101.2300033569336,0.0,3.818000078201294,3.861000061035156,3.799999952316284,3.849999904632568,3.849999904632568,0.0,12.4399995803833,12.649999618530272,12.380000114440918,12.470000267028809,12.470000267028809,0.0,-0.00048615638026229036,0.004798049099525382,-0.00048603822539727837,408.28699645996096,400.76949920654306,384.0516003417969,360.98885009765627,406.40988435115213,399.02526820475913,7.384616146393,7.2572197162472385,72.70339338413923,96.13930586271461,95.27401549554764,1.9608748003901404,-7.57374719649343,4.114884261089389,382.3422172866339,419.1967811264522,9.19595026886632,0.11291305902452058,0.002033607060482953,0.0061031973861141115,0.011568243973298614,-0.0008672931249415955,-0.002517212988621736,0.43388373911755823,-0.900968867902419,-0.5000000000000004,0.8660254037844384
2023-12-29,411.2799987792969,411.6400146484375,407.5799865722656,409.5199890136719,404.536376953125,42662100.0,-0.0043371906645433,101.1999969482422,101.41999816894533,101.06999969482422,101.33000183105467,101.33000183105467,0.0,3.878999948501587,3.8980000019073486,3.846999883651733,3.865999937057495,3.865999937057495,0.0,12.550000190734863,13.1899995803833,12.359999656677246,12.449999809265137,12.449999809265137,0.0,-0.004337190664543316,0.009871688601979858,-0.004327798636358238,408.704995727539,401.7484985351564,385.15000000000003,361.4819999694825,406.8883619915398,399.8026549313453,7.0857070601945225,7.222917185036695,68.37029496082585,90.93784769299424,94.34588117105,1.0312312413149618,-18.36857169236451,4.11096596216671,383.6664825028764,419.83051456743635,9.001659544819749,0.11582935140107196,-0.00048615638026229036,0.002033607060482953,0.0014947589653756736,0.0048221504765329,0.002850700490856527,-0.433883739117558,-0.9009688679024191,-0.5000000000000004,0.8660254037844384
2024-01-01,411.2799987792969,411.6400146484375,407.5799865722656,409.5199890136719,404.536376953125,42662100.0,0.0,101.1999969482422,101.41999816894533,101.06999969482422,101.33000183105467,101.33000183105467,0.0,3.878999948501587,3.8980000019073486,3.846999883651733,3.865999937057495,3.865999937057495,0.0,12.550000190734863,13.1899995803833,12.359999656677246,12.449999809265137,12.449999809265137,0.0,0.0,0.009871688601979858,0.0,408.94899597167966,402.908497619629,386.22699951171876,361.98579986572275,407.29322768725245,400.52245745596207,6.770770231290385,7.132487794287433,68.37029496082585,83.30326991766047,90.12680782445644,0.5993914026459014,-24.14787135816062,4.107327541738508,386.05930611191326,419.7576891273447,8.363780663480776,0.10755339726704424,-0.004337190664543316,-0.00048615638026229036,0.0,0.006279077626125921,-0.009326873356895894,0.0,1.0,0.0,1.0
2024-01-02,405.8399963378906,406.0899963378906,400.239990234375,402.5899963378906,397.6907348632813,58026900.0,-0.0170670079739992,101.41999816894533,102.25,101.33999633789062,102.1999969482422,102.1999969482422,0.0,3.9690001010894775,3.973000049591065,3.9179999828338623,3.946000099182129,3.946000099182129,0.0,13.220000267028809,14.229999542236328,13.100000381469728,13.199999809265137,13.199999809265137,0.0,-0.017067007973999217,0.014414562774254215,-0.01692219162440589,408.2919952392578,403.6734970092774,387.09619934082036,362.4631498718263,406.56965363350446,400.6756084842531,5.894045149251383,6.884799265280224,53.872723936229924,58.67223140444771,77.63778300503414,-1.605730585935854,-81.46686273613173,4.476804058706962,388.50453826578087,418.84245575277396,7.515459328333327,0.12912444019112723,0.0,-0.004337190664543316,0.0061031973861141115,0.0050967315192343805,0.002507557230793885,0.7818314824680298,0.6234898018587336,0.0,1.0
2024-01-03,399.9299926757813,401.0,397.8900146484375,398.3299865722656,393.4826049804688,47002800.0,-0.0106377941581497,102.1500015258789,102.7300033569336,102.08000183105467,102.45999908447266,102.45999908447266,0.0,3.9779999256134033,4.007999897003174,3.8940000534057617,3.9070000648498535,3.9070000648498535,0.0,13.350000381469728,14.220000267028809,13.329999923706056,14.039999961853027,14.039999961853027,0.0,-0.01063779415814973,0.007776324378061162,-0.010581412926954803,407.81699523925784,404.33749694824223,388.0559991455079,362.89119979858407,405.30201254716,400.5018587129947,4.8001538341653145,6.4678701790572415,47.24122847671897,32.43751923971951,58.137673520609226,-1.1784261581412956,-97.07270818654912,4.492745318045975,391.63969515463947,417.035298741845,6.2807935892367475,0.13407844707689584,-0.017067007973999217,0.0,0.002033607060482953,-0.01497141417355558,-0.005800369487071122,0.9749279121818236,-0.22252093395631434,0.0,1.0
2024-01-04,396.4400024414063,399.5899963378906,396.05999755859375,396.2799987792969,391.45751953125,39432800.0,-0.0051598583866241,102.45999908447266,102.52999877929688,102.1500015258789,102.41999816894533,102.41999816894533,0.0,3.973999977111816,4.00600004196167,3.970999956130981,3.990999937057495,3.990999937057495,0.0,13.93000030517578,14.199999809265137,13.640000343322754,14.130000114440918,14.130000114440918,0.0,-0.005159858386624138,0.008904244671471082,-0.005146569183965166,406.6679962158204,404.62999725341797,389.1083990478516,363.2941998291016,403.91401042902726,400.18912834753564,3.7248820814916144,5.919272559544117,44.40832180847155,7.588432890604077,32.89939451159043,-2.8177625975289122,-98.69513040550692,4.423977708135325,393.0618396651869,416.19815484164906,5.717894207920527,0.12828124848959424,-0.01063779415814973,-0.017067007973999217,-0.00048615638026229036,0.011568243973298614,0.013875342693535518,0.43388373911755823,-0.900968867902419,0.0,1.0
2024-01-05,396.4500122070313,399.55999755859375,395.3399963378906,396.75,391.92181396484375,44922800.0,0.001185363126408,102.4000015258789,103.0999984741211,101.91000366210938,102.41000366210938,102.41000366210938,0.0,4.038000106811523,4.098999977111816,3.953000068664551,4.041999816894531,4.041999816894531,0.0,14.239999771118164,14.579999923706056,13.289999961853027,13.350000381469728,13.350000381469728,0.0,0.0011853631264080006,0.010644472419638585,0.0011860659469504764,405.5049957275391,404.85899658203124,390.13719909667975,363.6732998657227,402.81185497840767,399.93437809957004,2.8774768788376264,5.31091342340282,45.21941387413155,4.084217419295733,14.703389849873105,-2.8478389597330582,-91.97950915005677,4.409407959033025,394.1824100157299,415.5355831483326,5.274224683871189,0.1275955761944025,-0.005159858386624138,-0.01063779415814973,-0.004337190664543316,0.0014947589653756736,0.004446830855041973,-0.433883739117558,-0.9009688679024191,0.0,1.0
2024-01-08,397.989990234375,405.239990234375,397.8399963378906,404.9500122070313,400.0220642089844,42473800.0,0.0204573403836401,102.44000244140624,102.62000274658205,102.08000183105467,102.20999908447266,102.20999908447266,0.0,4.059000015258789,4.063000202178955,3.9660000801086426,4.001999855041504,4.001999855041504,0.0,14.0,14.18000030517578,13.020000457763672,13.079999923706056,13.079999923706056,0.0,0.0204573403836401,0.018593417116160492,0.020668026008032303,405.1619964599611,405.3304977416992,391.25219909667976,364.0972999572754,403.14080224434974,400.30590655197454,2.8348956923751985,4.815709877197295,57.00558215591579,21.329929642031043,11.000859983976952,-0.83990220744658,-45.33557151834319,4.700878121557452,395.59942885496224,415.0615666284362,4.801547843527035,0.14336298007078904,0.0011853631264080006,-0.005159858386624138,0.0,0.0,0.008506022785833183,0.0,1.0,0.0,1.0
2024-01-09,401.9100036621094,406.6900024414063,401.7099914550781,405.75,400.8123168945313,39132900.0,0.0019735739640959,102.22000122070312,102.66000366210938,102.11000061035156,102.56999969482422,102.56999969482422,0.0,4.046999931335449,4.052999973297119,3.996000051498413,4.019000053405762,4.019000053405762,0.0,13.199999809265137,13.449999809265137,12.739999771118164,12.760000228881836,12.760000228881836,0.0,0.0019735739640959504,0.012390860991146013,0.001975522743000724,404.64899597167977,405.68449707031255,392.3497991943359,364.53069992065434,403.54221728368054,400.70917273330974,2.8330445503708006,4.4191768118319965,57.95597636002977,40.6332998878594,22.015815649728726,-1.2485408931679782,-40.785019668021846,4.72081618332679,396.472346017691,414.8966481229341,4.541534674924941,0.14125373546958445,0.0204573403836401,0.0011853631264080006,-0.017067007973999217,0.0061031973861141115,0.007932547324693947,0.7818314824680298,0.6234898018587336,0.0,1.0
2024-01-10,406.0700073242188,409.5199890136719,405.1700134277344,408.5,403.5288391113281,33962800.0,0.0067546774775855,102.4800033569336,102.63999938964844,102.33999633789062,102.36000061035156,102.36000061035156,0.0,3.992000102996826,4.038000106811523,3.984999895095825,4.03000020980835,4.03000020980835,0.0,12.859999656677246,12.949999809265137,12.670000076293944,12.6899995803833,12.6899995803833,0.0,0.006754677477585537,0.0107123784260785,0.006777541762798656,404.3489959716797,405.9224975585938,393.38059936523445,364.9935998535157,404.30495308619123,401.28627104936083,3.0186820368303984,4.139077856831677,61.136290191292446,62.91238327355978,41.62520426781674,-0.7290400972053463,-25.142258992955625,4.694327569227556,396.6759816447209,415.16901347246676,4.555803617432281,0.13628541670196678,0.0019735739640959504,0.0204573403836401,-0.01063779415814973,0.002033607060482953,0.012637193440207488,0.9749279121818236,-0.22252093395631434,0.0,1.0
2024-01-11,409.7900085449219,411.2000122070313,404.239990234375,409.3500061035156,404.3684692382813,54536200.0,0.0020785573130903,102.3000030517578,102.76000213623048,102.16000366210938,102.29000091552734,102.29000091552734,0.0,3.99399995803833,4.067999839782715,3.973000049591065,3.9769999980926514,3.9769999980926514,0.0,12.640000343322754,13.3100004196167,12.350000381469728,12.4399995803833,12.4399995803833,0.0,0.0020785573130903193,0.016984362301486755,0.0020807190108202978,404.1539978027344,406.22049713134777,394.2987994384766,365.4500999450684,405.0811150888565,401.88358475707605,3.197530331780456,3.950768351821433,62.09080849845364,71.25517739409995,58.26695351850638,-0.47410205381156517,-20.307189156722714,4.856162883758181,396.93356189591054,415.507432366785,4.572361710460109,0.13623377039482856,0.006754677477585537,0.0019735739640959504,-0.005159858386624138,-0.00048615638026229036,-0.0008672931249415955,0.43388373911755823,-0.900968867902419,0.0,1.0
2024-01-12,410.3999938964844,411.25,408.1499938964844,409.55999755859375,404.5759582519531,39595000.0,0.0005129870759248,102.3000030517578,102.58999633789062,102.08999633789062,102.4000015258789,102.4000015258789,0.0,4.002999782562256,4.006999969482422,3.9159998893737793,3.950000047683716,3.950000047683716,0.0,12.65999984741211,13.079999923706056,12.470000267028809,12.699999809265137,12.699999809265137,0.0,0.0005129870759248298,0.007553621222269177,0.0005131186762969975,404.1579986572266,406.4314971923829,395.13579956054684,365.90764999389654,405.77017393035453,402.45220792755885,3.3179660027956857,3.8242078820162835,62.33691335225517,78.47928405854462,70.88228157540145,0.009769619553427785,-19.112699674687793,4.730723113740855,397.0376515053565,415.8253428794093,4.62259728978625,0.13542762023234814,0.0020785573130903193,0.006754677477585537,0.0011853631264080006,-0.004337190664543316,0.0048221504765329,-0.433883739117558,-0.9009688679024191,0.0,1.0
2024-01-15,410.3999938964844,411.25,408.1499938964844,409.55999755859375,404.5759582519531,39595000.0,0.0,102.3000030517578,102.58999633789062,102.08999633789062,102.4000015258789,102.4000015258789,0.0,4.002999782562256,4.006999969482422,3.9159998893737793,3.950000047683716,3.950000047683716,0.0,12.65999984741211,13.079999923706056,12.470000267028809,12.699999809265137,12.699999809265137,0.0,0.0,0.007553621222269177,0.0,404.1619995117188,406.55549774169924,395.9427996826172,366.3661000061035,406.3532237193144,402.97871086319105,3.374512856123374,3.734268876837702,62.33691335225517,80.48913716463389,76.74119953909282,0.009769619553427785,-19.112699674687793,4.614243327296196,397.06067862143146,416.050316861967,4.67086002920084,0.1337864877751636,0.0005129870759248298,0.0020785573130903193,0.0204573403836401,0.0,0.006279077626125921,0.0,1.0,0.0,1.0
2024-01-16,408.30999755859375,411.1199951171875,406.8299865722656,409.5199890136719,404.536376953125,43903000.0,-9.783882197191376e-05,102.73999786376952,103.43000030517578,102.73999786376952,103.36000061035156,103.36000061035156,0.0,4.002999782562256,4.083000183105469,3.990000009536743,4.065999984741211,4.065999984741211,0.0,14.119999885559082,14.350000381469728,13.520000457763672,13.84000015258789,13.84000015258789,0.0,-9.783882197191376e-05,0.01050674382349956,-9.783403591046014e-05,404.85499877929686,406.5734970092774,396.67919921875,366.83455001831055,406.84041837998484,403.4632499854489,3.3771683945359428,3.6628487803773506,62.247620044953536,80.81144043523094,79.92662055280314,1.7213524277351793,-19.34027934493162,4.591083699983744,397.05655000831507,416.0904440102397,4.681538305358431,0.13259710853548054,0.0,0.0005129870759248298,0.0019735739640959504,-0.017067007973999217,0.0050967315192343805,0.7818314824680298,0.6234898018587336,0.0,1.0
2024-01-17,406.1700134277344,407.5899963378906,402.9200134277344,407.2099914550781,402.2545166015625,54386000.0,-0.0056566489639582,103.36000061035156,103.69000244140624,103.26000213623048,103.4499969482422,103.4499969482422,0.0,4.080999851226807,4.129000186920166,4.074999809265137,4.105999946594238,4.105999946594238,0.0,14.59000015258789,15.399999618530272,14.380000114440918,14.789999961853027,14.789999961853027,0.0,-0.005656648963958269,0.01149760631206009,-0.0056406802492001695,405.74299926757817,406.779997253418,397.3645989990234,367.3053999328614,406.89727577615304,403.7407863906066,3.156489385546422,3.561576901411165,57.15682988862107,78.12299836991374,79.80785865659286,2.2293086591916613,-27.17802587063931,4.73457597755187,397.40403701874516,416.15595748809085,4.609843304970455,0.12230551516779117,-9.783882197191376e-05,0.0,0.006754677477585537,-0.01063779415814973,-0.01497141417355558,0.9749279121818236,-0.22252093395631434,0.0,1.0
2024-01-18,410.5199890136719,413.5799865722656,409.1600036621094,412.989990234375,407.9641723632813,59562500.0,0.0140943435593703,103.37000274658205,103.62999725341795,103.1500015258789,103.54000091552734,103.54000091552734,0.0,4.090000152587891,4.15399980545044,4.090000152587891,4.144000053405762,4.144000053405762,0.0,14.850000381469728,14.890000343322754,13.890000343322754,14.130000114440918,14.130000114440918,0.0,0.014094343559370358,0.01076679096863429,0.014194137109899252,407.41399841308595,407.0409973144532,398.2229986572266,367.7744998168946,407.83461646203335,404.42591260125613,3.408703860777223,3.5310022932843768,64.8934534090402,83.41568800238912,80.78337560251126,4.21671331042487,-3.2346307772617156,4.851391630382987,397.26683693827687,416.8151576906295,4.8025434492660946,0.12561167304791285,-0.005656648963958269,-9.783882197191376e-05,0.0020785573130903193,-0.005159858386624138,0.011568243973298614,0.43388373911755823,-0.900968867902419,0.0,1.0
2024-01-19,415.2200012207031,421.3399963378906,414.6300048828125,421.1799926757813,416.0545349121094,70325100.0,0.0196369874946865,103.37000274658205,103.5500030517578,103.23999786376952,103.29000091552734,103.29000091552734,0.0,4.131999969482422,4.197999954223633,4.131999969482422,4.145999908447266,4.145999908447266,0.0,13.800000190734863,14.579999923706056,13.279999732971191,13.300000190734863,13.300000190734863,0.0,0.01963698749468653,0.016160087267837426,0.019831061394341765,409.8569976806641,407.6809967041017,399.0787982177734,368.28754974365245,409.8877512641484,405.66695556973946,4.220795694408935,3.6689609735092885,72.47746880534281,89.65731488389284,83.7320004187319,6.157528084632969,-0.6153987004204553,5.1012926641781755,396.0397472982323,419.32224610997105,5.710960039826765,0.14256956983687755,0.014094343559370358,-0.005656648963958269,0.0005129870759248298,0.0011853631264080006,0.0014947589653756736,-0.433883739117558,-0.9009688679024191,0.0,1.0
2024-01-22,423.4100036621094,424.7300109863281,421.1199951171875,421.7300109863281,416.5977783203125,44880600.0,0.0013048507201595,103.23999786376952,103.37000274658205,103.11000061035156,103.33000183105467,103.33000183105467,0.0,4.0980000495910645,4.111000061035156,4.074999809265137,4.093999862670898,4.093999862670898,0.0,13.770000457763672,13.84000015258789,13.170000076293944,13.1899995803833,13.1899995803833,0.0,0.0013048507201595,0.008526052379294984,0.0013057024082621105,411.53499755859383,408.3484970092774,399.9691986083984,368.8019998168946,411.70963737525295,406.8568115265238,4.85282584872914,3.9057339485532587,72.90086247897473,95.3141406734213,89.46238118656774,4.143721020736263,-10.207548502053887,4.994772893104065,395.116249132168,421.58074488638687,6.480860330831003,0.14245425143078358,0.01963698749468653,0.014094343559370358,0.0,0.0204573403836401,0.0,0.0,1.0,0.0,1.0
2024-01-23,422.4299926757813,423.7000122070313,420.5700073242188,423.4800109863281,418.3265380859375,33003800.0,0.0041411232184324,103.3499984741211,103.81999969482422,102.9800033569336,103.62000274658205,103.62000274658205,0.0,4.130000114440918,4.15500020980835,4.120999813079834,4.142000198364258,4.142000198364258,0.0,13.199999809265137,13.289999961853027,12.529999732971191,12.550000190734863,12.550000190734863,0.0,0.004141123218432498,0.007409523322400088,0.004149709517403677,413.3079986572266,408.9784973144532,400.7321990966797,369.3250999450684,413.5204640846491,408.0881596346575,5.432304449991648,4.2110480488409365,74.25776255875148,94.97463586277885,93.31536380669766,4.369688474757393,-4.253145209189125,4.861575178083239,394.13684186082816,423.82015276807823,7.25791480534179,0.14180672654330692,0.0013048507201595,0.01963698749468653,-9.783882197191376e-05,0.0019735739640959504,0.0061031973861141115,0.7818314824680298,0.6234898018587336,0.0,1.0
2024-01-24,427.4400024414063,429.8500061035156,425.3299865722656,425.8299865722656,420.64794921875,46948000.0,0.0055339395709225,103.51000213623048,103.5500030517578,102.7699966430664,103.23999786376952,103.23999786376952,0.0,4.098999977111816,4.188000202178955,4.085999965667725,4.177999973297119,4.177999973297119,0.0,12.65999984741211,13.18000030517578,12.40999984741211,13.140000343322754,13.140000343322754,0.0,0.005533939570922581,0.010574629200432888,0.005549280099307552,415.0409973144532,409.6949966430664,401.53639892578127,369.8606999206543,415.4142367750517,409.4023690374433,6.011867737608384,4.5712119865944265,75.99591379608538,91.29681851307168,93.86186501642395,4.242346774116432,-11.648850749541928,4.96931945944783,393.0649522558451,426.3250410302877,8.118256031185892,0.1425120332449933,0.004141123218432498,0.0013048507201595,-0.005656648963958269,0.006754677477585537,0.002033607060482953,0.9749279121818236,-0.22252093395631434,0.0,1.0
2024-01-25,428.3599853515625,429.0400085449219,423.9800109863281,426.3500061035156,421.1616516113281,44367200.0,0.0012204718402761,103.3499984741211,103.68000030517578,103.12000274658205,103.56999969482422,103.56999969482422,0.0,4.15500020980835,4.185999870300293,4.122000217437744,4.131999969482422,4.131999969482422,0.0,13.18000030517578,13.579999923706056,13.0600004196167,13.449999809265137,13.449999809265137,0.0,0.0012204718402761584,0.011812488868307627,0.0012212169191176958,416.7409973144531,410.44749755859374,402.34439880371093,370.41104995727545,417.0966628255846,410.6577495608561,6.438913264728512,4.944752242221244,76.37604615787936,91.05464142600377,92.44203193395143,4.15292530756701,-10.934079763257643,4.975796466529681,392.22581886474654,428.66917625244093,8.878932775681472,0.14229155339280572,0.005533939570922581,0.004141123218432498,0.014094343559370358,0.0020785573130903193,-0.00048615638026229036,0.43388373911755823,-0.900968867902419,0.0,1.0
2024-01-26,424.4400024414063,426.2099914550781,423.1499938964844,423.80999755859375,418.6524963378906,37137000.0,-0.0059755190972312,103.5199966430664,103.7300033569336,103.1500015258789,103.47000122070312,103.47000122070312,0.0,4.122000217437744,4.165999889373779,4.10699987411499,4.159999847412109,4.159999847412109,0.0,13.729999542236328,14.100000381469728,13.199999809265137,13.260000228881836,13.260000228881836,0.0,-0.005975519097231278,0.007209493782377831,-0.005957701191069198,418.16599731445314,411.1619979858399,403.09979858398435,370.94705001831056,418.1294835537398,411.6319901532811,6.497493400458723,5.25530047386874,70.50307421437365,85.3176474211509,89.22303578674212,3.4793437066473567,-21.46412722374774,4.848954733708364,391.99719254822895,430.3268034234508,9.322264961982677,0.1433432458743205,0.0012204718402761584,0.005533939570922581,0.01963698749468653,0.0005129870759248298,-0.004337190664543316,-0.433883739117558,-0.9009688679024191,0.0,1.0
2024-01-29,424.2699890136719,428.3500061035156,423.6099853515625,428.1499938964844,422.9397277832031,38694700.0,0.01018846992327,103.47000122070312,103.81999969482422,103.4000015258789,103.61000061035156,103.61000061035156,0.0,4.107999801635742,4.122000217437744,4.089000225067139,4.091000080108643,4.091000080108643,0.0,13.979999542236328,15.350000381469728,13.59000015258789,13.600000381469728,13.600000381469728,0.0,0.010188469923270048,0.011172180155783728,0.010240549101735885,420.02499694824223,412.09349822998047,403.8479986572266,371.5080499267578,419.6711005295467,412.855545986111,6.815554543435724,5.567351287782137,74.15938031557853,87.0963611697135,87.82288333895605,4.539016615076291,-6.312709503854075,4.841173735011561,391.50648979241004,432.6805066675509,9.991425987546771,0.14625913276329813,-0.005975519097231278,0.0012204718402761584,0.0013048507201595,0.0,0.0,0.0,1.0,0.0,1.0
2024-01-30,427.1000061035156,427.6799926757813,424.3800048828125,425.2999877929688,420.1243591308594,36739000.0,-0.0066789207646146,103.44000244140624,103.61000061035156,103.30999755859376,103.4000015258789,103.4000015258789,0.0,4.067999839782715,4.103000164031982,4.040999889373779,4.059000015258789,4.059000015258789,0.0,13.6899995803833,13.739999771118164,13.229999542236328,13.3100004196167,13.3100004196167,0.0,-0.00667892076461463,0.007726499053640832,-0.0066566663460541076,421.6029968261719,413.2289978027344,404.5845983886719,372.0845999145508,420.53708318545785,413.7773564903227,6.759726695135157,5.805826369252742,68.18243339567503,85.10914509373677,85.84105122820039,3.853291463819148,-16.895727991187883,4.764660540630156,392.34598538790146,434.11201021756733,10.107234741934535,0.13204368099107447,0.010188469923270048,-0.005975519097231278,0.004141123218432498,-9.783882197191376e-05,-0.017067007973999217,0.7818314824680298,0.6234898018587336,0.0,1.0
2024-01-31,420.8500061035156,422.8699951171875,416.7900085449219,416.9700012207031,411.8957824707031,64010600.0,-0.0197803984364202,103.41999816894533,103.73999786376952,102.94000244140624,103.2699966430664,103.2699966430664,0.0,4.019999980926514,4.03000020980835,3.944000005722046,3.9670000076293945,3.9670000076293945,0.0,13.420000076293944,14.609999656677246,13.18000030517578,14.350000381469728,14.350000381469728,0.0,-0.019780398436420217,0.014446920480191566,-0.01958604989527213,422.5789978027344,414.1609985351563,405.1227984619141,372.6100999450683,419.9883013447263,414.0138486925731,5.974452652153218,5.839551625832837,54.385574516925196,76.32127663914463,82.84226096753163,2.396800169551264,-47.82773258752416,5.032183305445639,394.44662734460854,433.87536972570405,9.520148570375,0.14742466830543619,-0.00667892076461463,0.010188469923270048,0.005533939570922581,-0.005656648963958269,-0.01063779415814973,0.9749279121818236,-0.22252093395631434,0.0,1.0
2024-02-01,418.7900085449219,422.3800048828125,417.80999755859375,421.8800048828125,416.7460021972656,51008600.0,0.0117065665941158,103.51000213623048,103.80999755859376,103.0199966430664,103.0500030517578,103.0500030517578,0.0,3.927000045776367,3.927000045776367,3.816999912261963,3.86299991607666,3.86299991607666,0.0,14.210000038146973,14.630000114440918,13.869999885559082,13.880000114440918,13.880000114440918,0.0,0.011706566594115826,0.010912407724570975,0.011775356614406318,423.4679992675782,415.44099884033204,405.75919860839844,373.1177499389649,420.27933265827807,414.5965269288871,5.682805729390964,5.808202446544462,59.57776107000202,68.56042663427178,76.66361612238438,2.152598091637124,-29.595259518472606,5.059170473778764,397.35813145921225,433.52386622145184,8.705384125108775,0.14827954812112343,-0.019780398436420217,-0.00667892076461463,0.0012204718402761584,0.014094343559370358,-0.005159858386624138,0.43388373911755823,-0.900968867902419,0.49999999999999994,0.8660254037844387
2024-02-02,423.7999877929688,430.239990234375,422.7900085449219,429.010009765625,423.789306640625,59602400.0,0.0167594846498389,102.98999786376952,104.04000091552734,102.9000015258789,103.91999816894533,103.91999816894533,0.0,3.888999938964844,4.053999900817871,3.88700008392334,4.0329999923706055,4.0329999923706055,0.0,13.949999809265137,14.229999542236328,13.390000343322754,13.850000381469728,13.850000381469728,0.0,0.016759484649838962,0.017579004020860253,0.016900712679243535,424.2510009765626,417.0539993286133,406.5491986083984,373.65000000000003,421.62251375171604,415.66419232420105,5.9583214275149885,5.838226242738568,65.68595348144574,72.6916264564383,72.5244432432849,1.8590667234925224,-4.50212852468832,5.29494296504903,400.28352308535085,433.8244755718758,8.042352438897652,0.15569078558433758,0.011706566594115826,-0.019780398436420217,-0.005975519097231278,0.01963698749468653,0.0011853631264080006,-0.433883739117558,-0.9009688679024191,0.49999999999999994,0.8660254037844387
2024-02-05,429.0700073242188,429.6099853515625,425.0,428.4500122070313,423.236083984375,39889200.0,-0.0013062719040985,103.98999786376952,104.5999984741211,103.98999786376952,104.4499969482422,104.4499969482422,0.0,4.111999988555908,4.177000045776367,4.110000133514404,4.164000034332275,4.164000034332275,0.0,14.369999885559082,14.529999732971191,13.579999923706056,13.670000076293944,13.670000076293944,0.0,-0.001306271904098591,0.010744133294963798,-0.0013054191023256223,424.9230010986329,418.2289993286133,407.33479858398437,374.1813000488282,422.6728981294568,416.6112900932996,6.061608036157224,5.882902601422299,64.85699994259761,86.45023674921745,75.90076327997585,1.5934368068771456,-6.55190170918668,5.246017421228563,401.73860496954575,434.7193936876809,7.8858206320172695,0.14371500567249768,0.016759484649838962,0.011706566594115826,0.010188469923270048,0.0013048507201595,0.0204573403836401,0.0,1.0,0.49999999999999994,0.8660254037844387
2024-02-06,429.6099853515625,430.2200012207031,425.2200012207031,427.5899963378906,422.3865356445313,35846100.0,-0.0020092854801704,104.44000244140624,104.58999633789062,104.13999938964844,104.18000030517578,104.18000030517578,0.0,4.1479997634887695,4.162000179290772,4.078999996185303,4.090000152587891,4.090000152587891,0.0,13.56999969482422,13.779999732971191,12.979999542236328,13.0600004196167,13.0600004196167,0.0,-0.002009285480170443,0.01163846318867182,-0.0020072682174118173,425.33399963378906,419.3209991455078,408.0827984619141,374.72235000610357,423.42937477690816,417.4245275928989,6.004847184009236,5.9072915179396865,63.53098539791497,92.12494440574945,83.75560253713506,0.9705264109136875,-12.571136548876648,5.228444748283666,403.4283605131376,435.21363777787803,7.580177794461157,0.1447182066034624,-0.001306271904098591,0.016759484649838962,-0.00667892076461463,0.004141123218432498,0.0019735739640959504,0.7818314824680298,0.6234898018587336,0.49999999999999994,0.8660254037844387
2024-02-07,430.4100036621094,432.8299865722656,429.0899963378906,431.989990234375,426.7329711914063,37712700.0,0.0102376013594302,104.1500015258789,104.16999816894533,103.94000244140624,104.04000091552734,104.04000091552734,0.0,4.125,4.125,4.065000057220459,4.110000133514404,4.110000133514404,0.0,13.0600004196167,13.130000114440918,12.8100004196167,12.829999923706056,12.829999923706056,0.0,0.01023760135943028,0.00868936642399942,0.010290184890109355,425.95000000000005,420.4954986572266,408.9263983154297,375.2958499145509,424.7463925395954,418.50345075152677,6.242941788068606,5.974421571965471,67.22321023820854,92.0871975348764,90.22079289661443,1.4465875716490881,-4.615369137307446,5.229269425861618,404.49841896673956,436.4925783477137,7.608680588292015,0.1465540132107869,-0.002009285480170443,-0.001306271904098591,-0.019780398436420217,0.005533939570922581,0.006754677477585537,0.9749279121818236,-0.22252093395631434,0.49999999999999994,0.8660254037844387
2024-02-08,432.1099853515625,433.55999755859375,431.4200134277344,432.7900085449219,427.5232543945313,29889900.0,0.0018502257400192,104.02999877929688,104.43000030517578,103.95999908447266,104.1500015258789,104.1500015258789,0.0,4.13700008392334,4.172999858856201,4.13100004196167,4.170000076293945,4.170000076293945,0.0,12.949999809265137,13.170000076293944,12.739999771118164,12.789999961853027,12.789999961853027,0.0,0.0018502257400192026,0.004952406108177053,0.0018519384638093772,426.5940002441407,421.6674987792969,409.80559875488285,375.87894989013677,425.9838719250302,419.5617142917783,6.4221576332519135,6.06396878422276,67.86035443306513,92.74067477304928,92.31760557122504,1.510496622308632,-4.591469994668063,5.008606190504315,405.673964316868,437.6610332417258,7.585851178347516,0.14657106883560103,0.01023760135943028,-0.002009285480170443,0.011706566594115826,0.0012204718402761584,0.0020785573130903193,0.43388373911755823,-0.900968867902419,0.49999999999999994,0.8660254037844387
2024-02-09,433.9400024414063,437.8500061035156,433.1400146484375,437.0499877929688,431.7313537597656,36943900.0,0.0097948453663158,104.13999938964844,104.26000213623048,103.9499969482422,104.08000183105467,104.08000183105467,0.0,4.172999858856201,4.192999839782715,4.126999855041504,4.186999797821045,4.186999797821045,0.0,12.789999961853027,13.010000228881836,12.6899995803833,12.93000030517578,12.93000030517578,0.0,0.009794845366315839,0.010854015367514088,0.00984297186639349,427.9179992675782,423.0419982910156,410.74779846191404,376.44974975585944,427.68635128932846,420.85714195853313,6.829209330795322,6.217016893537272,71.083696053438,95.66480100588166,93.4975577712691,3.1240391474117044,-3.7987578503795305,5.012277002510703,406.7082306130682,439.375765968963,7.72205489948125,0.1483557344107921,0.0018502257400192026,0.01023760135943028,0.016759484649838962,-0.005975519097231278,0.0005129870759248298,-0.433883739117558,-0.9009688679024191,0.49999999999999994,0.8660254037844387
2024-02-12,436.9400024414063,439.1400146484375,434.6499938964844,435.3399963378906,430.0422058105469,33203300.0,-0.0039201715895299,104.08000183105467,104.27999877929688,103.9000015258789,104.16999816894533,104.16999816894533,0.0,4.151999950408936,4.197000026702881,4.150000095367432,4.171999931335449,4.171999931335449,0.0,13.479999542236328,13.9399995803833,13.34000015258789,13.93000030517578,13.93000030517578,0.0,-0.003920171589529913,0.010276057872625744,-0.003912497747751376,428.6369995117188,424.33099822998054,411.7281982421875,377.00799972534185,428.8638351429534,421.9299459866337,6.933889156319708,6.36039134609376,68.1299414687795,91.53581924507665,93.31376500800252,1.6793185901912233,-17.00231441972241,4.974972984613733,408.4133956830119,440.24860077694916,7.502446256986175,0.15013604010856363,0.009794845366315839,0.0018502257400192026,-0.001306271904098591,0.010188469923270048,0.0,0.0,1.0,0.49999999999999994,0.8660254037844387
2024-02-13,427.2799987792969,431.2699890136719,425.3299865722656,428.5499877929688,423.3348083496094,64491700.0,-0.0157199818498233,104.18000030517578,104.95999908447266,103.97000122070312,104.95999908447266,104.95999908447266,0.0,4.151999950408936,4.315999984741211,4.150000095367432,4.315999984741211,4.315999984741211,0.0,13.960000038146973,17.940000534057617,13.43000030517578,15.850000381469728,15.850000381469728,0.0,-0.015719981849823313,0.013901896785190833,-0.015597067846620627,428.9619995117188,425.2824981689455,412.55339782714844,377.54254959106447,428.81555093526345,422.4203194537696,6.395231481493852,6.3673593731737785,57.85043829068242,77.27209005842121,88.1575701031265,0.7641664926597794,-47.38265755463439,5.33461846897168,410.8907265962315,439.6742697416595,6.768099620688737,0.16407694551687366,-0.003920171589529913,0.009794845366315839,-0.002009285480170443,-0.00667892076461463,-9.783882197191376e-05,0.7818314824680298,0.6234898018587336,0.49999999999999994,0.8660254037844387
2024-02-14,431.260009765625,433.6499938964844,428.8800048828125,433.2200012207031,427.9480590820313,45092700.0,0.010838455863559,104.83999633789062,104.9800033569336,104.66000366210938,104.72000122070312,104.72000122070312,0.0,4.308000087738037,4.322000026702881,4.245999813079834,4.267000198364258,4.267000198364258,0.0,15.380000114440918,15.470000267028809,14.220000267028809,14.380000114440918,14.380000114440918,0.0,0.010838455863559089,0.011060587361819614,0.01089740470528966,430.5869995117188,426.5829986572266,413.5167980957031,378.08294952392583,429.49315867148493,423.22029588094983,6.2728627905351,6.348460056646044,62.0873616594436,69.70909314344631,79.50566748231472,3.8971628540248004,-26.48774859530425,5.317860442867672,414.5619898710337,438.6040074434195,5.635953061435616,0.1639534815730994,-0.015719981849823313,-0.003920171589529913,0.01023760135943028,-0.019780398436420217,-0.005656648963958269,0.9749279121818236,-0.22252093395631434,0.49999999999999994,0.8660254037844387
2024-02-15,433.9200134277344,434.9800109863281,431.3299865722656,434.510009765625,429.2223205566406,38796100.0,0.0029731834966886,104.66000366210938,104.70999908447266,104.18000030517578,104.3000030517578,104.3000030517578,0.0,4.22599983215332,4.255000114440918,4.190999984741211,4.239999771118164,4.239999771118164,0.0,14.270000457763672,14.640000343322754,13.9399995803833,14.010000228881836,14.010000228881836,0.0,0.002973183496688668,0.008411744794228949,0.0029776077904002385,431.85,427.6589996337891,414.3983984375,378.62449951171874,430.26498191673727,424.0565709835183,6.208410933218943,6.320450231960623,63.18815125542566,68.47123133046145,71.81747151077631,2.9937434191318912,-20.715899858677023,5.198729297953017,416.9838029687501,438.3341962988281,4.992387240385595,0.15872781393133137,0.010838455863559089,-0.015719981849823313,0.0018502257400192026,0.011706566594115826,0.014094343559370358,0.43388373911755823,-0.900968867902419,0.49999999999999994,0.8660254037844387
2024-02-16,434.8900146484375,434.989990234375,429.8500061035156,430.5700073242188,425.3302612304688,53716500.0,-0.0091090620309572,104.3000030517578,104.66999816894533,104.16999816894533,104.27999877929688,104.27999877929688,0.0,4.27899980545044,4.328000068664551,4.276999950408936,4.295000076293945,4.295000076293945,0.0,13.9399995803833,14.710000038146973,13.75,14.239999771118164,14.239999771118164,0.0,-0.00910906203095728,0.011819043798958014,-0.009067700209822172,432.0059997558594,428.128500366211,415.16639831542966,379.15219955444337,430.31190890250366,424.53904774949615,5.772861153007511,6.210932416170001,57.679672471611354,71.4839367437458,69.88808707255119,0.36362731010543514,-38.34454131478131,5.194533214589185,417.83392357131083,438.4230771611111,4.809106044607822,0.15023071573758598,0.002973183496688668,0.010838455863559089,0.009794845366315839,0.016759484649838962,0.01963698749468653,-0.433883739117558,-0.9009688679024191,0.49999999999999994,0.8660254037844387
2024-02-19,434.8900146484375,434.989990234375,429.8500061035156,430.5700073242188,425.3302612304688,53716500.0,0.0,104.3000030517578,104.66999816894533,104.16999816894533,104.27999877929688,104.27999877929688,0.0,4.27899980545044,4.328000068664551,4.276999950408936,4.295000076293945,4.295000076293945,0.0,13.9399995803833,14.710000038146973,13.75,14.239999771118164,14.239999771118164,0.0,0.0,0.011819043798958014,0.0,432.2179992675782,428.5705001831055,415.86739868164057,379.6710995483399,430.3516163519983,424.9857854957719,5.36583085622641,6.041912104181284,57.679672471611354,67.53167250392012,69.16228019270912,0.49480570820081976,-38.34454131478131,5.190636851465627,418.68153778526727,438.4594625809437,4.614859115880903,0.1502787960279992,-0.00910906203095728,0.002973183496688668,-0.003920171589529913,-0.001306271904098591,0.0013048507201595,0.0,1.0,0.49999999999999994,0.8660254037844387
2024-02-20,428.5499877929688,430.0799865722656,423.5,427.3200073242188,422.1198120117188,53999500.0,-0.0075767639385959,104.31999969482422,104.41000366210938,103.8000030517578,104.08000183105467,104.08000183105467,0.0,4.2829999923706055,4.289000034332275,4.24399995803833,4.275000095367432,4.275000095367432,0.0,15.09000015258789,15.90999984741211,15.06999969482422,15.420000076293944,15.420000076293944,0.0,-0.007576763938595953,0.015354070142791361,-0.007548132619255132,432.19100036621103,428.7625,416.44039855957027,380.1718995666504,429.88521496310915,425.15869081639755,4.726524146711597,5.778834512687347,53.23962836778,55.96533961746393,64.99364962170995,-0.06314203231697384,-55.414898518045575,5.324877599519426,419.14427863322123,438.38072136677874,4.486503071877207,0.1528038623431811,0.0,-0.00910906203095728,-0.015719981849823313,-0.002009285480170443,0.004141123218432498,0.7818314824680298,0.6234898018587336,0.49999999999999994,0.8660254037844387
2024-02-21,424.5499877929688,425.7000122070313,421.6300048828125,425.6099853515625,420.4305725097656,49779000.0,-0.0040098296704586,104.04000091552734,104.20999908447266,103.94000244140624,104.01000213623048,104.01000213623048,0.0,4.263999938964844,4.330999851226807,4.257999897003174,4.324999809265137,4.324999809265137,0.0,15.539999961853027,16.1200008392334,15.220000267028809,15.34000015258789,15.34000015258789,0.0,-0.004009829670458686,0.009586638655619371,-0.004001801038199804,431.5529998779298,428.7514999389649,416.87779846191404,380.64434951782226,429.2274873305635,425.1921200412246,4.035367289338922,5.430141068017662,51.01447017226373,42.990101531163916,55.49570455084932,-1.476887202722231,-77.27025557368134,5.3509579453684895,419.11866509017136,438.38433478775846,4.493434938496931,0.1523481458454706,-0.007576763938595953,0.0,0.010838455863559089,0.01023760135943028,0.005533939570922581,0.9749279121818236,-0.22252093395631434,0.49999999999999994,0.8660254037844387
2024-02-22,434.489990234375,439.1199951171875,433.7099914550781,438.0700073242188,432.739013671875,53887800.0,0.0288554477049137,103.91000366210938,104.12999725341795,103.43000030517578,103.95999908447266,103.95999908447266,0.0,4.336999893188477,4.354000091552734,4.296999931335449,4.327000141143799,4.327000141143799,0.0,14.279999732971191,14.640000343322754,14.119999885559082,14.539999961853027,14.539999961853027,0.0,0.028855447704913703,0.012451388486973154,0.029275799541964798,432.08099975585947,429.3375000000001,417.5713983154297,381.148349609375,430.5878750218951,426.1460376177427,4.441837404152409,5.232480335244611,63.11233741280202,53.73467121850539,50.89670412237774,1.2199909136185358,-6.110832252756893,5.933747361101098,418.9253699774448,439.7496300225554,4.850324056275208,0.18370109698222095,-0.004009829670458686,-0.007576763938595953,0.002973183496688668,0.0018502257400192026,0.0012204718402761584,0.43388373911755823,-0.900968867902419,0.49999999999999994,0.8660254037844387
2024-02-23,439.6499938964844,440.5899963378906,435.7900085449219,436.7799987792969,431.4646911621094,39853900.0,-0.0029491274481702,103.9499969482422,104.0500030517578,103.7699966430664,103.94000244140624,103.94000244140624,0.0,4.307000160217285,4.328999996185303,4.245999813079834,4.260000228881836,4.260000228881836,0.0,14.3100004196167,14.3100004196167,13.640000343322754,13.75,13.75,0.0,-0.0029491274481702793,0.010917747889469793,-0.002944783043601129,432.0540008544923,429.9860000610352,418.20019836425786,381.6496995544433,431.5405094461108,426.9337384445245,4.606771001586253,5.10733846851294,61.42105270368654,65.50799309496702,54.07758861487877,-0.06177531660287473,-20.094932888660686,5.852764534805931,419.40910763722337,440.56289248484705,4.919645022075362,0.18240871023020996,0.028855447704913703,-0.004009829670458686,-0.00910906203095728,0.009794845366315839,-0.005975519097231278,-0.433883739117558,-0.9009688679024191,0.49999999999999994,0.8660254037844387
2024-02-26,437.6000061035156,438.6000061035156,436.3599853515625,436.5499877929688,431.2374267578125,33043200.0,-0.0005268664695109,103.95999908447266,104.0199966430664,103.70999908447266,103.83000183105467,103.83000183105467,0.0,4.24399995803833,4.309000015258789,4.23799991607666,4.298999786376953,4.298999786376953,0.0,14.170000076293944,14.199999809265137,13.65999984741211,13.739999771118164,13.739999771118164,0.0,-0.0005268664695109431,0.005118877332518229,-0.0005267276997447112,432.17500000000007,430.40599975585945,418.78959838867195,382.144249420166,432.31119842255043,427.6460532110759,4.66514521147451,5.018899817105254,61.10661734473077,84.16205443654596,67.80157291667278,0.27794171572947846,-21.30807154894454,5.594711407459302,419.474898546597,441.3371009651219,5.079437189752442,0.1795887141087248,-0.0029491274481702793,0.028855447704913703,0.0,-0.003920171589529913,0.010188469923270048,0.0,1.0,0.49999999999999994,0.8660254037844387
2024-02-27,437.6700134277344,437.989990234375,435.0299987792969,437.6000061035156,432.2747192382813,33713200.0,0.0024024977163685,103.77999877929688,103.91999816894533,103.61000061035156,103.83000183105467,103.83000183105467,0.0,4.271999835968018,4.321000099182129,4.263999938964844,4.315000057220459,4.315000057220459,0.0,13.630000114440918,13.75,13.40999984741211,13.43000030517578,13.43000030517578,0.0,0.0024024977163685794,0.006763066612437368,0.0024053860265969007,433.0800018310547,431.02100067138673,419.3583984375,382.6654495239257,433.12486114269893,428.38338305496035,4.741478087738585,4.9634154712319205,62.0614512058249,80.94233258917204,76.87079337356167,2.1117765881068826,-15.769997794878643,5.406517125146361,419.9168006934087,442.1252006493648,5.152509952267486,0.17733670173180943,-0.0005268664695109431,-0.0029491274481702793,-0.007576763938595953,-0.015719981849823313,-0.00667892076461463,0.7818314824680298,0.6234898018587336,0.49999999999999994,0.8660254037844387
2024-02-28,435.4299926757813,436.6700134277344,434.2999877929688,435.2699890136719,429.9730529785156,32938800.0,-0.0053387710606151,103.83999633789062,104.23999786376952,103.80999755859376,103.9800033569336,103.9800033569336,0.0,4.28000020980835,4.309000015258789,4.271999835968018,4.27400016784668,4.27400016784668,0.0,13.520000457763672,13.899999618530272,13.4399995803833,13.84000015258789,13.84000015258789,0.0,-0.005338771060615136,0.005442954492412,-0.005324545149948845,433.2850006103515,431.9360000610352,420.0021984863281,383.1835494995117,433.45488081515634,428.8935020148649,4.561378800291436,4.883008137043824,58.62222074037329,78.2876025502149,81.13066319197763,0.47319786417811016,-28.059123005532115,5.256052924103536,422.87980927153006,440.99219085054034,4.193302150422952,0.16109790833259097,0.0024024977163685794,-0.0005268664695109431,-0.004009829670458686,0.010838455863559089,-0.019780398436420217,0.9749279121818236,-0.22252093395631434,0.49999999999999994,0.8660254037844387
2024-02-29,438.2300109863281,440.0899963378906,435.0199890136719,439.0,433.6576843261719,42495200.0,0.0085329378524555,103.91999816894533,104.1999969482422,103.66000366210938,104.16000366210938,104.16000366210938,0.0,4.310999870300293,4.315000057220459,4.224999904632568,4.251999855041504,4.251999855041504,0.0,14.140000343322754,14.149999618530272,13.300000190734863,13.399999618530272,13.399999618530272,0.0,0.008532937852455517,0.011569283702883881,0.008569447136586916,433.73399963378904,432.79199981689453,420.6267987060546,383.6799494934082,434.30797607436307,429.6421314952453,4.665844579117788,4.839575425458617,62.230622360195355,82.59493959523414,80.60829157820703,1.0333456384116222,-8.386060413886787,5.242763952683195,424.53696429274885,441.0470353410402,3.814781940349276,0.15898026441052973,-0.005338771060615136,0.0024024977163685794,0.028855447704913703,0.002973183496688668,0.011706566594115826,0.43388373911755823,-0.900968867902419,0.49999999999999994,0.8660254037844387
2024-03-01,439.8999938964844,446.5799865722656,439.8399963378906,445.6099853515625,440.1871948242188,43853000.0,0.0149446021349521,104.12999725341795,104.29000091552734,103.83999633789062,103.86000061035156,103.86000061035156,0.0,4.26800012588501,4.296000003814697,4.177999973297119,4.179999828338623,4.179999828338623,0.0,13.34000015258789,13.65999984741211,13.079999923706056,13.109999656677246,13.109999656677246,0.0,0.014944602134952143,0.015321642027485522,0.015056831076780464,435.23799743652353,433.6219985961914,421.3713983154297,384.16599945068356,436.0467467323938,430.8249354846021,5.221811247791663,4.916022589925227,67.6195849776342,86.55567776122575,82.47940663555826,3.493038941752997,-3.887783296903835,5.4097084255105115,423.78211199441927,443.46188519796357,4.538462824131532,0.15686025628023834,0.008532937852455517,-0.005338771060615136,-0.0029491274481702793,-0.00910906203095728,0.016759484649838962,-0.433883739117558,-0.9009688679024191,0.8660254037844386,0.5000000000000001
2024-03-04,445.6099853515625,446.0400085449219,443.7699890136719,444.0199890136719,438.6165466308594,34325700.0,-0.0035745179307714,103.88999938964844,103.95999908447266,103.7300033569336,103.83000183105467,103.83000183105467,0.0,4.218999862670898,4.235000133514404,4.204999923706055,4.218999862670898,4.218999862670898,0.0,13.489999771118164,13.579999923706056,13.31999969482422,13.489999771118164,13.489999771118164,0.0,-0.0035745179307714236,0.005094184614061276,-0.0035681369467974733,436.5829956054688,434.4004974365235,422.08419799804693,384.6440994262695,437.27339939105195,431.8023468571258,5.471052533926127,5.027028578725407,65.20937066252691,92.48854583407734,87.21305439684573,3.1237618646589205,-10.260518786977368,5.185444933063333,423.8457923024518,444.9552025705952,4.859435104866102,0.15767933466076797,0.014944602134952143,0.008532937852455517,-0.0005268664695109431,0.0,-0.001306271904098591,0.0,1.0,0.8660254037844386,0.5000000000000001
2024-03-05,440.9400024414063,440.9500122070313,433.6499938964844,436.0499877929688,430.7435302734375,57917100.0,-0.0181127056721011,103.8499984741211,103.9499969482422,103.58000183105467,103.8000030517578,103.8000030517578,0.0,4.164000034332275,4.165999889373779,4.113999843597412,4.13700008392334,4.13700008392334,0.0,13.75,15.100000381469728,13.75,14.460000038146973,14.460000038146973,0.0,-0.01811270567210116,0.016555581870839636,-0.01794965652321323,437.4559936523438,434.82349700927745,422.58759765625007,385.07444931030267,437.0851822221161,432.11698692644757,4.968195295668522,5.01526192211403,54.68698757926174,81.21575433922777,86.75332597817695,2.0429608534866324,-42.20443489843548,5.555769946215059,424.750940519177,444.8960534993779,4.632940289280431,0.17248446961085379,-0.0035745179307714236,0.014944602134952143,0.0024024977163685794,-0.007576763938595953,-0.002009285480170443,0.7818314824680298,0.6234898018587336,0.8660254037844386,0.5000000000000001
2024-03-06,440.3200073242188,441.989990234375,436.8900146484375,438.7900085449219,433.45025634765625,46234500.0,0.006264185110133,103.80999755859376,103.88999938964844,103.1999969482422,103.37000274658205,103.37000274658205,0.0,4.138999938964844,4.146999835968018,4.078999996185303,4.104000091552734,4.104000091552734,0.0,14.270000457763672,14.93000030517578,13.890000343322754,14.5,14.5,0.0,0.006264185110133044,0.01158242982627464,0.006283846149704342,438.7739959716797,435.1634979248048,423.1333978271484,385.5284494018554,437.34746319485544,432.6112848241123,4.736178370743119,4.959445211839848,57.24149273060929,72.10422219259488,81.93617412196666,3.0967373057454015,-31.22237973680252,5.583215124442997,425.03474455071307,445.29225129889653,4.65514843151755,0.17021758810909382,-0.01811270567210116,-0.0035745179307714236,-0.005338771060615136,-0.004009829670458686,0.01023760135943028,0.9749279121818236,-0.22252093395631434,0.8660254037844386,0.5000000000000001
2024-03-07,442.4200134277344,446.7200012207031,440.8599853515625,445.4500122070313,440.0292053222656,44526700.0,0.0150640597151946,103.30999755859376,103.3499984741211,102.8000030517578,102.81999969482422,102.81999969482422,0.0,4.080999851226807,4.123000144958496,4.053999900817871,4.0920000076293945,4.0920000076293945,0.0,14.979999542236328,14.979999542236328,14.25,14.4399995803833,14.4399995803833,0.0,0.015064059715194686,0.013245367956433576,0.01517809455240604,439.5119964599609,435.7964981079103,423.81639831542964,385.9956494140624,438.5940091967286,433.5623016672915,5.031707529437142,4.973897675359307,62.739858716902766,73.83715027099868,75.71904226760711,1.684663355040078,-5.061734551765939,5.75084209239573,424.7513710285772,446.8416251872434,5.068937968656254,0.17761998542307048,0.006264185110133044,-0.01811270567210116,0.008532937852455517,0.028855447704913703,0.0018502257400192026,0.43388373911755823,-0.900968867902419,0.8660254037844386,0.5000000000000001
2024-03-08,445.80999755859375,448.6400146484375,438.3399963378906,439.0199890136719,433.6774291992188,72096000.0,-0.0145400933823318,102.7300033569336,102.9000015258789,102.36000061035156,102.73999786376952,102.73999786376952,0.0,4.066999912261963,4.129000186920166,4.038000106811523,4.089000225067139,4.089000225067139,0.0,14.220000267028809,15.529999732971191,13.970000267028809,14.739999771118164,14.739999771118164,0.0,-0.014540093382331865,0.023104054119363084,-0.014434896698265587,439.7359954833985,435.8949981689454,424.4063983154297,386.4174993896484,438.6595445531814,433.96657480406043,4.692969749120948,4.917712090111635,55.34075757566055,76.0331217747351,73.99149807944288,0.5128417602992984,-35.61652038722624,6.075783250835098,424.7679702408782,447.0220260970126,5.1053707772781385,0.18335294208868427,0.015064059715194686,0.006264185110133044,0.014944602134952143,-0.0029491274481702793,0.009794845366315839,-0.433883739117558,-0.9009688679024191,0.8660254037844386,0.5000000000000001
2024-03-11,437.510009765625,438.6600036621094,435.4400024414063,437.3900146484375,432.0672912597656,45860000.0,-0.0037196641408911,102.73999786376952,102.93000030517578,102.63999938964844,102.87000274658205,102.87000274658205,0.0,4.077000141143799,4.116000175476074,4.074999809265137,4.104000091552734,4.104000091552734,0.0,15.510000228881836,16.040000915527344,15.130000114440918,15.220000267028809,15.220000267028809,0.0,-0.0037196641408911222,0.007359834401110112,-0.00371275475974453,439.81999816894535,435.9974990844728,424.96379882812505,386.8299494934082,438.46423226014383,434.22016294068095,4.244069319462881,4.782983535981884,53.614634742828386,72.55683994629233,74.1423706640087,0.1924239786869656,-41.651225222130826,5.897512059508703,424.85424071738214,447.14075745156345,5.111615727379065,0.1832941940725365,-0.014540093382331865,0.015064059715194686,-0.0035745179307714236,-0.0005268664695109431,-0.003920171589529913,0.0,1.0,0.8660254037844386,0.5000000000000001
2024-03-12,439.7300109863281,444.0199890136719,436.4599914550781,443.6600036621094,438.260986328125,55300900.0,0.0142332492007413,102.81999969482422,103.18000030517578,102.72000122070312,102.95999908447266,102.95999908447266,0.0,4.089000225067139,4.171999931335449,4.083000183105469,4.15500020980835,4.15500020980835,0.0,14.970000267028809,15.199999809265137,13.8100004196167,13.84000015258789,13.84000015258789,0.0,0.014233249200741382,0.01719236206243108,0.014335024181767242,440.42599792480473,436.7529998779298,425.7851989746094,387.27404953002934,439.26358170660006,434.91941040152744,4.344171305072621,4.6952210898000315,58.92229870198602,63.17002633106408,70.5866626840305,1.3848257481880013,-33.22217539745069,6.016261023729063,425.68715953923794,447.8188402166217,5.067321960826705,0.17951183552729116,-0.0037196641408911222,-0.014540093382331865,-0.01811270567210116,0.0024024977163685794,-0.015719981849823313,0.7818314824680298,0.6234898018587336,0.8660254037844386,0.5000000000000001
2024-03-13,442.6499938964844,442.6700134277344,439.1199951171875,440.25,434.8924560546875,37928700.0,-0.0077158190570264,102.93000030517578,103.0199966430664,102.66999816894533,102.79000091552734,102.79000091552734,0.0,4.185999870300293,4.196000099182129,4.170000076293945,4.191999912261963,4.191999912261963,0.0,13.890000343322754,14.039999961853027,13.670000076293944,13.75,13.75,0.0,-0.007715819057026448,0.00801992174290431,-0.0076861285364686616,440.92399902343743,437.10449981689464,426.62359924316405,387.73119949340827,439.4153383671231,435.31426889030314,4.101069476819987,4.576390767204023,55.22143672296242,56.385310681996614,64.03739231978435,1.1441199972488116,-55.970667334428626,5.910814418099979,426.06460286269663,448.14439677109266,5.051376482659265,0.17911024854854515,0.014233249200741382,-0.0037196641408911222,0.006264185110133044,-0.005338771060615136,0.010838455863559089,0.9749279121818236,-0.22252093395631434,0.8660254037844386,0.5000000000000001
2024-03-14,441.5,442.0299987792969,436.3900146484375,439.1400146484375,433.79595947265625,52195200.0,-0.0025244889761783,102.76000213623048,103.4000015258789,102.73999786376952,103.36000061035156,103.36000061035156,0.0,4.196000099182129,4.300000190734863,4.191999912261963,4.297999858856201,4.297999858856201,0.0,13.619999885559082,15.329999923706056,13.420000076293944,14.399999618530272,14.399999618530272,0.0,-0.002524488976178328,0.012774595992886467,-0.002521305133638241,440.9380004882813,437.33600006103524,427.4807995605469,388.161149597168,439.37298087194074,435.59765746497976,3.775323406960979,4.416177295155414,54.031785616449916,49.14388709393931,56.233074702333326,0.03189399736617312,-63.375495986302745,5.891469397582793,426.3310548821929,448.34094523987756,5.032718631581417,0.1792905285165331,-0.007715819057026448,0.014233249200741382,0.015064059715194686,0.008532937852455517,0.002973183496688668,0.43388373911755823,-0.900968867902419,0.8660254037844386,0.5000000000000001
2024-03-15,436.0700073242188,438.8699951171875,432.739990234375,433.9200134277344,428.6395263671875,73069800.0,-0.011957983257017,103.38999938964844,103.48999786376952,103.3000030517578,103.43000030517578,103.43000030517578,0.0,4.281000137329102,4.320000171661377,4.281000137329102,4.303999900817871,4.303999900817871,0.0,14.329999923706056,15.529999732971191,14.140000343322754,14.40999984741211,14.40999984741211,0.0,-0.011957983257017064,0.014057387070546292,-0.01188677071067501,439.7690032958985,437.50350036621103,428.2241998291016,388.5582496643067,438.5340628036013,435.4733875362949,3.060675267306351,4.145076889585602,48.71650634974154,29.35845160056397,44.96254979216663,-2.623363997241974,-92.5784818775767,5.927794755902773,426.83533752660304,448.171663205819,4.8768354221981,0.1815923846209642,-0.002524488976178328,-0.007715819057026448,-0.014540093382331865,0.014944602134952143,-0.00910906203095728,-0.433883739117558,-0.9009688679024191,0.8660254037844386,0.5000000000000001
2024-03-18,438.7300109863281,441.0400085449219,437.239990234375,437.4800109863281,432.72760009765625,47323800.0,0.0094921301257526,103.4499969482422,103.6500015258789,103.33999633789062,103.58000183105467,103.58000183105467,0.0,4.314000129699707,4.3480000495910645,4.303999900817871,4.340000152587891,4.340000152587891,0.0,14.75,14.850000381469728,14.260000228881836,14.329999923706056,14.329999923706056,0.0,0.009492130125752684,0.00866140499940701,0.00953732327281176,439.1150054931641,437.84900054931643,428.87479980468754,388.94319976806645,438.37190098555925,435.62202631037144,2.7498746751878116,3.866036446706044,52.17209400038188,24.619142543859795,34.37382707945436,-1.4729017136979337,-70.18859450454116,6.012951924565967,427.6909248330155,448.00707626561734,4.639990363598774,0.1844274583467487,-0.011957983257017064,-0.002524488976178328,-0.0037196641408911222,-0.0035745179307714236,0.0,0.0,1.0,0.8660254037844386,0.5000000000000001
2024-03-19,435.4500122070313,438.9800109863281,433.3299865722656,438.5700073242188,433.8057556152344,43004100.0,0.0024884352502442,103.58999633789062,104.05999755859376,103.58000183105467,103.80999755859376,103.80999755859376,0.0,4.326000213623047,4.335999965667725,4.289000034332275,4.296999931335449,4.296999931335449,0.0,14.5,14.859999656677246,13.800000190734863,13.81999969482422,13.81999969482422,0.0,0.0024884352502442006,0.01297513894976363,0.002491533975033766,439.3670074462891,438.41150054931643,429.5311999511719,389.31974975585945,438.40237888381455,435.84039527436016,2.561983609454387,3.605225879255713,53.21163635442046,24.633213822330504,26.203602655584753,0.5779198719864371,-63.333282150890604,5.987028530958576,429.5444365581501,447.27856454048276,4.045087311831997,0.18176041949995433,0.009492130125752684,-0.011957983257017064,0.014233249200741382,-0.01811270567210116,-0.007576763938595953,0.7818314824680298,0.6234898018587336,0.8660254037844386,0.5000000000000001
2024-03-20,439.7799987792969,444.1099853515625,438.05999755859375,443.7699890136719,438.9493103027344,43653500.0,0.0117870739223895,103.83999633789062,104.1500015258789,103.37999725341795,103.41000366210938,103.41000366210938,0.0,4.2829999923706055,4.323999881744385,4.238999843597412,4.2729997634887695,4.2729997634887695,0.0,13.829999923706056,14.170000076293944,13.010000228881836,13.039999961853027,13.039999961853027,0.0,0.011787073922389547,0.013756850720273274,0.011856815224144057,439.86500549316406,439.3195007324219,430.2365997314453,389.70909973144535,439.22816505763876,436.4277725883833,2.8003924692554847,3.4442591972556675,57.91150457836039,45.28302611072309,31.511794158971128,1.134934791533697,-30.629045012398947,5.99152562110216,432.48594214995063,446.15305931489314,3.1109743915662866,0.18419741034635484,0.0024884352502442006,0.009492130125752684,-0.007715819057026448,0.006264185110133044,-0.004009829670458686,0.9749279121818236,-0.22252093395631434,0.8660254037844386,0.5000000000000001
2024-03-21,448.8800048828125,449.3399963378906,445.6700134277344,445.8699951171875,441.0264587402344,39345700.0,0.0047209306628381,103.23999786376952,104.0500030517578,103.16999816894533,104.0,104.0,0.0,4.232999801635742,4.293000221252441,4.228000164031982,4.270999908447266,4.270999908447266,0.0,12.979999542236328,13.079999923706056,12.399999618530272,12.920000076293944,12.920000076293944,0.0,0.004720930662838194,0.00817586631223273,0.004732091812759576,439.9070037841798,439.7095001220704,430.9669995117187,390.0871496582032,440.2499850668001,437.1271964794058,3.1227885873942682,3.379965075283388,59.67325513811934,61.71135290370715,43.87586427892025,0.09428283727625046,-20.903614125588977,5.961417171324774,432.30937229665193,447.10962794748883,3.3659167351917834,0.15548117153317867,0.011787073922389547,0.0024884352502442006,-0.002524488976178328,0.015064059715194686,0.028855447704913703,0.43388373911755823,-0.900968867902419,0.8660254037844386,0.5000000000000001
2024-03-22,445.3500061035156,447.489990234375,444.489990234375,446.3800048828125,441.5309143066406,28253900.0,0.0011431678817691,103.98999786376952,104.5,103.91999816894533,104.43000030517578,104.43000030517578,0.0,4.21999979019165,4.22599983215332,4.199999809265137,4.2179999351501465,4.2179999351501465,0.0,12.920000076293944,13.149999618530272,12.579999923706056,13.0600004196167,13.0600004196167,0.0,0.0011431678817691272,0.00673627474769292,0.0011438215472314717,440.64300537109375,440.1895004272461,431.70339965820307,390.47939971923836,441.1930650384943,437.812589694473,3.3804753440213062,3.380067129030972,60.109960080059516,76.87869119749008,61.29102340397344,1.676464865683239,-17.83126726954182,5.749887373373005,432.35671325118517,448.02228760330706,3.5588250825876018,0.15479762233822267,0.004720930662838194,0.011787073922389547,-0.011957983257017064,-0.014540093382331865,-0.0029491274481702793,-0.433883739117558,-0.9009688679024191,0.8660254037844386,0.5000000000000001
2024-03-25,443.5499877929688,446.260009765625,442.5400085449219,444.760009765625,439.9285278320313,27789200.0,-0.0036357616996005,104.43000030517578,104.4800033569336,104.13999938964844,104.2300033569336,104.2300033569336,0.0,4.23199987411499,4.261000156402588,4.2220001220703125,4.252999782562256,4.252999782562256,0.0,13.670000076293944,13.670000076293944,13.109999656677246,13.1899995803833,13.1899995803833,0.0,-0.003635761699600566,0.008386881576106528,-0.003629160320802516,441.38000488281256,440.600001525879,432.40739990234374,390.8635498046876,441.74182576574515,438.3272134034472,3.4146123622979303,3.386976175684364,57.96280110378164,77.89161606449625,72.1605533885645,1.6849939116948764,-27.59027041138048,5.6134665851242636,432.70999563770084,448.4900074140572,3.5814824606689157,0.15563621028910463,0.0011431678817691272,0.004720930662838194,0.009492130125752684,-0.0037196641408911222,-0.0005268664695109431,0.0,1.0,0.8660254037844386,0.5000000000000001
2024-03-26,446.2999877929688,447.2300109863281,443.0899963378906,443.3200073242188,438.5041198730469,34142000.0,-0.0032430698270151,104.22000122070312,104.33999633789062,104.01000213623048,104.29000091552734,104.29000091552734,0.0,4.236000061035156,4.2729997634887695,4.23199987411499,4.234000205993652,4.234000205993652,0.0,13.119999885559082,13.43000030517578,12.84000015258789,13.239999771118164,13.239999771118164,0.0,-0.003243069827015115,0.009276304641885816,-0.0032378167562897575,441.34600524902345,440.8860015869141,433.08340026855467,391.24564987182623,441.98462292858727,438.6970499901711,3.28757293841619,3.3670955282307293,56.046343347885006,72.77116053159406,75.84715593119346,-0.07663443517200814,-36.264980724295505,5.508220018218067,433.03930661173484,448.7326965620934,3.5595119586179087,0.15624929298800647,-0.003635761699600566,0.0011431678817691272,0.0024884352502442006,0.014233249200741382,0.0024024977163685794,0.7818314824680298,0.6234898018587336,0.8660254037844386,0.5000000000000001
2024-03-27,446.4400024414063,446.5400085449219,441.9299926757813,444.8299865722656,439.9977416992188,41359200.0,0.0034003872517287,104.3000030517578,104.45999908447266,104.22000122070312,104.3499984741211,104.3499984741211,0.0,4.21999979019165,4.228000164031982,4.183000087738037,4.196000099182129,4.196000099182129,0.0,13.130000114440918,13.34000015258789,12.65999984741211,12.779999732971191,12.779999732971191,0.0,0.003400387251728702,0.010326171140422427,0.0034061751269391927,441.80400390625,441.3640014648438,433.8358001708984,391.66029983520514,442.4223711814609,439.15134158884473,3.2710295926161734,3.3478823411078187,57.62838297523103,69.65867510863468,73.44048390157499,1.0403149511108745,-27.168723538419957,5.4440625789982455,433.79806398391855,448.92993894576904,3.4284343334819507,0.15483112508708907,-0.003243069827015115,-0.003635761699600566,0.011787073922389547,-0.007715819057026448,-0.005338771060615136,0.9749279121818236,-0.22252093395631434,0.8660254037844386,0.5000000000000001
2024-03-28,444.7799987792969,445.6400146484375,443.6499938964844,444.010009765625,439.1866760253906,36839600.0,-0.0018450415807223,104.44000244140624,104.7300033569336,104.30999755859376,104.5500030517578,104.5500030517578,0.0,4.230000019073486,4.234000205993652,4.183000087738037,4.205999851226807,4.205999851226807,0.0,12.93000030517578,13.100000381469728,12.84000015258789,13.010000228881836,13.010000228881836,0.0,-0.0018450415807223725,0.004474168706809561,-0.001843340537830862,442.2910034179688,441.61450195312506,434.4562005615234,392.0494998168946,442.66662327133224,439.5112429352729,3.155380336059352,3.3093819400981257,56.44035315498119,68.15265156598639,70.19416240207171,1.1089845959690725,-32.10834103932538,5.19734530563788,434.0463687000909,449.1826352061592,3.427484024896204,0.15263659533176077,0.003400387251728702,-0.003243069827015115,0.004720930662838194,-0.002524488976178328,0.008532937852455517,0.43388373911755823,-0.900968867902419,0.8660254037844386,0.5000000000000001
2024-03-29,444.7799987792969,445.6400146484375,443.6499938964844,444.010009765625,439.1866760253906,36839600.0,0.0,104.44000244140624,104.7300033569336,104.30999755859376,104.5500030517578,104.5500030517578,0.0,4.230000019073486,4.234000205993652,4.183000087738037,4.205999851226807,4.205999851226807,0.0,12.93000030517578,13.100000381469728,12.84000015258789,13.010000228881836,13.010000228881836,0.0,0.0,0.004474168706809561,0.0,443.3000030517578,441.53450317382817,434.9128009033203,392.4568498229981,442.873298116608,439.8444849227064,3.0288131939016125,3.2532681908588232,56.44035315498118,69.53819812764308,69.11650826742138,2.3253125059121125,-32.10834103932538,4.968250694660397,434.1117696945873,448.95723665306906,3.3622439133906714,0.14296407994495727,-0.0018450415807223725,0.003400387251728702,0.0011431678817691272,-0.011957983257017064,0.014944602134952143,-0.433883739117558,-0.9009688679024191,0.8660254037844386,0.5000000000000001
2024-04-01,444.9700012207031,447.5299987792969,443.0199890136719,444.9500122070313,440.116455078125,38729000.0,0.0021148097086784,104.48999786376952,105.08000183105467,104.41999816894533,105.0199966430664,105.0199966430664,0.0,4.234000205993652,4.336999893188477,4.234000205993652,4.328999996185303,4.328999996185303,0.0,13.609999656677246,14.149999618530272,13.550000190734863,13.649999618530272,13.649999618530272,0.0,0.0021148097086784354,0.010135536672702696,0.0021170474959504304,444.0470031738281,441.5810043334961,435.37720092773435,392.89319992065435,443.19279259205774,440.2226721289527,2.9701204631050473,3.1966386453080684,57.602413869172885,69.77921336988098,69.15668768783681,1.7075068650248868,-26.44567781170627,4.935519199729297,434.0814544047957,449.0805542621965,3.3966814039113373,0.14256327090340198,0.0,-0.0018450415807223725,-0.003635761699600566,0.009492130125752684,-0.0035745179307714236,0.0,1.0,1.0,6.123233995736766e-17
2024-04-02,440.0799865722656,441.4299926757813,438.0299987792969,441.1099853515625,436.3181457519531,44259700.0,-0.0086676931804831,105.0,105.0999984741211,104.68000030517578,104.81999969482422,104.81999969482422,0.0,4.375,4.40500020980835,4.355000019073486,4.364999771118164,4.364999771118164,0.0,13.739999771118164,15.43000030517578,13.68000030517578,14.609999656677246,14.609999656677246,0.0,-0.008667693180483146,0.007725854390622506,-0.008630237025556431,444.3010009765625,441.83400421142574,435.72980041503905,393.27959991455083,442.8723607089046,440.28839903433123,2.583961674573345,3.074103251161124,51.55206398167452,63.9558733141037,67.75776160387592,0.5791499612206678,-49.57836120665724,5.07726878744395,434.79269797006145,448.87531045279,3.1873084345019707,0.1298751824933314,0.0021148097086784354,0.0,-0.003243069827015115,0.0024884352502442006,-0.01811270567210116,0.7818314824680298,0.6234898018587336,1.0,6.123233995736766e-17
2024-04-03,438.9599914550781,444.0,438.9500122070313,442.1000061035156,437.2974548339844,39949800.0,0.0022419688741279,104.7699966430664,104.83999633789062,104.2300033569336,104.25,104.25,0.0,4.382999897003174,4.428999900817871,4.3470001220703125,4.355000019073486,4.355000019073486,0.0,15.0,15.18000030517578,14.25,14.329999923706056,14.329999923706056,0.0,0.0022419688741279913,0.011504437514291081,0.0022444839655786364,444.1340026855469,441.99950408935547,436.0552008056641,393.66739990234373,442.7535369234601,440.42259215056714,2.3309447728929626,2.925471555507492,52.92492184799605,60.120526005195444,64.61853756306003,-0.3763172254770929,-43.61438296605012,5.075320144981432,435.1053874103278,448.89362076838313,3.1195133095144527,0.12834193524032525,-0.008667693180483146,0.0021148097086784354,0.003400387251728702,0.011787073922389547,0.006264185110133044,0.9749279121818236,-0.22252093395631434,1.0,6.123233995736766e-17
2024-04-04,446.3299865722656,446.9500122070313,435.1099853515625,435.3399963378906,430.61083984375,57267700.0,-0.0154088797928503,104.2300033569336,104.26000213623048,103.91999816894533,104.12000274658205,104.12000274658205,0.0,4.370999813079834,4.38100004196167,4.307000160217285,4.309000015258789,4.309000015258789,0.0,14.289999961853027,16.920000076293945,13.739999771118164,16.350000381469727,16.350000381469727,0.0,-0.015408879792850308,0.02652751823017336,-0.01529077042712923,443.08100280761715,441.4940032958985,436.23500061035156,394.02504989624026,441.6129922179879,440.0461035718504,1.5668886461374996,2.653754973633494,43.79855733221006,39.7873208359962,54.62124005176511,-2.3616746797526234,-87.44529331930401,5.558513481444816,434.1944801838308,448.79352640796617,3.3067371504819203,0.12787632853590408,0.0022419688741279913,-0.008667693180483146,-0.0018450415807223725,0.004720930662838194,0.015064059715194686,0.43388373911755823,-0.900968867902419,1.0,6.123233995736766e-17
2024-04-05,436.7799987792969,443.1700134277344,435.9599914550781,440.4700012207031,435.6851501464844,54744600.0,0.011715091367969,104.20999908447266,104.69000244140624,104.13999938964844,104.3000030517578,104.3000030517578,0.0,4.328000068664551,4.40399980545044,4.317999839782715,4.377999782562256,4.377999782562256,0.0,16.450000762939453,16.75,15.529999732971191,16.030000686645508,16.030000686645508,0.0,0.01171509136796905,0.01650721643117052,0.011783981807275579,442.4900024414063,441.5665039062501,436.5682006835938,394.38029983520505,441.43714744917486,440.0775033976913,1.3596440514835422,2.3949327892035037,50.7405238276994,37.84583826766158,45.917895036284406,-1.3239848553836815,-55.4028089116611,5.720763739187597,434.3420259872005,448.7909818252997,3.2722037813735296,0.125159545097084,-0.015408879792850308,0.0022419688741279913,0.0,0.0011431678817691272,-0.014540093382331865,-0.433883739117558,-0.9009688679024191,1.0,6.123233995736766e-17
2024-04-08,441.4100036621094,442.5,439.2000122070313,440.6000061035156,435.8136901855469,28144900.0,0.0002949861412221,104.29000091552734,104.44000244140624,104.0999984741211,104.13999938964844,104.13999938964844,0.0,4.458000183105469,4.461999893188477,4.406000137329102,4.423999786376953,4.423999786376953,0.0,16.239999771118164,16.5,15.109999656677246,15.1899995803833,15.1899995803833,0.0,0.00029498614122217264,0.0074760149647509315,0.0002950296539123709,442.0740020751953,441.727003479004,436.81720092773435,394.731849822998,441.30835647291957,440.1162073018264,1.192149171093149,2.154376065581433,50.906020723951784,31.910825874672504,36.51466165944342,-0.9353367143555849,-61.419420145017355,5.5478511716005325,434.754984381007,448.699022577001,3.1567094803287983,0.12428707006855273,0.01171509136796905,-0.015408879792850308,0.0021148097086784354,-0.003635761699600566,-0.0037196641408911222,0.0,1.0,1.0,6.123233995736766e-17
2024-04-09,442.9599914550781,443.239990234375,437.4400024414063,442.2300109863281,437.4259948730469,39443600.0,0.0036927009782254,104.12000274658205,104.1999969482422,103.87999725341795,104.1500015258789,104.1500015258789,0.0,4.383999824523926,4.395999908447266,4.357999801635742,4.366000175476074,4.366000175476074,0.0,15.34000015258789,16.6299991607666,14.9399995803833,14.979999542236328,14.979999542236328,0.0,0.0036927009782254604,0.013093705763169103,0.003699527398539404,441.9650024414063,441.6555038452149,437.1558013916015,395.09154983520506,441.4501494749824,440.2727853525302,1.177364122452218,1.9589736769555899,53.03648653381266,44.40434983124947,38.05367132452785,-0.24587122617579518,-49.964721449573126,5.565860930269688,434.73783353718477,448.5731741532451,3.132609125348774,0.11396591133693482,0.00029498614122217264,0.01171509136796905,-0.008667693180483146,-0.003243069827015115,0.014233249200741382,0.7818314824680298,0.6234898018587336,1.0,6.123233995736766e-17
2024-04-10,437.0,439.239990234375,436.2799987792969,438.3699951171875,433.6079711914063,61502200.0,-0.0087667032130517,104.0999984741211,105.3000030517578,104.0199966430664,105.25,105.25,0.0,4.3460001945495605,4.567999839782715,4.343999862670898,4.559999942779541,4.559999942779541,0.0,15.239999771118164,16.6200008392334,14.59000015258789,15.800000190734863,15.800000190734863,0.0,-0.008766703213051712,0.006773435823977402,-0.008728387719044162,441.3190032958985,441.5615036010743,437.58380126953125,395.4319998168945,440.9762795737832,440.13183792768996,0.8444416460932302,1.736067270783118,47.75178118600573,38.28796525781032,38.201046987910765,-1.4522383045389986,-73.75196263197856,5.593300307181228,434.5135523876789,448.60945481446976,3.1922851769989706,0.11495465461458225,0.0036927009782254604,0.00029498614122217264,0.0022419688741279913,0.003400387251728702,-0.007715819057026448,0.9749279121818236,-0.22252093395631434,1.0,6.123233995736766e-17
2024-04-11,440.260009765625,446.3299865722656,437.9599914550781,445.3699951171875,440.5318603515625,45474600.0,0.0158419367595837,105.18000030517578,105.52999877929688,105.02999877929688,105.27999877929688,105.27999877929688,0.0,4.576000213623047,4.591000080108643,4.514999866485596,4.576000213623047,4.576000213623047,0.0,16.020000457763672,17.610000610351562,14.90999984741211,14.90999984741211,14.90999984741211,0.0,0.01584193675958378,0.01901148169610798,0.01596808550620432,441.45500183105474,441.8730026245118,438.05360107421876,395.8215498352051,441.65223581122996,440.5198495713564,1.13238623987354,1.6153310646012025,56.26294914370808,52.964000295817215,45.218771794959,0.30629610181094374,-17.39131503099669,5.791635650753105,434.72568007092275,449.02032517810085,3.235012101276798,0.12769892195439447,-0.008766703213051712,0.0036927009782254604,-0.015408879792850308,-0.0018450415807223725,-0.002524488976178328,0.43388373911755823,-0.900968867902419,1.0,6.123233995736766e-17
2024-04-12,441.1000061035156,442.239990234375,436.8800048828125,438.2699890136719,433.5089721679688,53665000.0,-0.0160702774110399,105.27999877929688,106.11000061035156,105.23999786376952,106.04000091552734,106.04000091552734,0.0,4.513999938964844,4.5320000648498535,4.482999801635742,4.499000072479248,4.499000072479248,0.0,14.90999984741211,19.200000762939453,14.90999984741211,17.309999465942383,17.309999465942383,0.0,-0.016070277411039936,0.012151406205840404,-0.015941839434698624,440.8809997558594,442.0905014038086,438.2388006591797,396.1816998291015,441.1318901500672,440.3531932337501,0.7786969163170738,1.448004234944377,47.76402498825337,44.766519484625334,45.33949501275095,-1.2927683218184767,-74.55716388314877,5.984375263868955,435.7420975589969,448.43890524862036,2.8719928723431516,0.1338228627202697,0.01584193675958378,-0.008766703213051712,0.01171509136796905,0.0,-0.011957983257017064,-0.433883739117558,-0.9009688679024191,1.0,6.123233995736766e-17
2024-04-15,442.05999755859375,442.1499938964844,430.2099914550781,431.05999755859375,426.3773498535156,63453600.0,-0.0165877410887725,106.01000213623048,106.25,105.83999633789062,106.20999908447266,106.20999908447266,0.0,4.585000038146973,4.663000106811523,4.583000183105469,4.627999782562256,4.627999782562256,0.0,16.940000534057617,19.459999084472656,16.260000228881836,19.229999542236328,19.229999542236328,0.0,-0.01658774108877255,0.027009913829227756,-0.01645092206232346,439.49199829101565,441.7695007324219,438.291000366211,396.5051998901366,439.58236821291746,439.6648083689237,-0.08244015600621424,1.1419153567542588,40.99223113484465,37.65305849911141,45.127859426517986,-3.121702273821864,-95.09234558852032,6.409777205121619,433.9587097675704,449.58029169727337,3.536138620661574,0.14248727792101726,-0.016070277411039936,0.01584193675958378,0.00029498614122217264,0.0021148097086784354,0.009492130125752684,0.0,1.0,1.0,6.123233995736766e-17
2024-04-16,430.8999938964844,433.760009765625,429.7000122070313,431.1000061035156,426.4169006347656,47619000.0,9.27557409203224e-05,106.16999816894533,106.5199966430664,106.06999969482422,106.26000213623048,106.26000213623048,0.0,4.644999980926514,4.696000099182129,4.625999927520752,4.658999919891357,4.658999919891357,0.0,19.489999771118164,19.559999465942383,17.639999389648438,18.39999961853028,18.39999961853028,0.0,9.27557409203224e-05,0.009422134175218928,9.276004286706829e-05,438.4910003662109,441.39600067138673,438.36120056152345,396.81984985351556,438.2773894268557,439.03037857148604,-0.7529891446303623,0.7629344564773347,41.042182446982814,12.734132383658421,31.717903455798385,-2.2692706083424907,-92.14809337735565,6.241935801798196,432.3278206153178,450.46418072745564,4.108863715246956,0.1420205223807381,-0.01658774108877255,-0.016070277411039936,0.0036927009782254604,-0.008667693180483146,0.0024884352502442006,0.7818314824680298,0.6234898018587336,1.0,6.123233995736766e-17
2024-04-17,433.1000061035156,433.1199951171875,424.8999938964844,425.8399963378906,421.2140197753906,56880500.0,-0.012276442678599,106.33000183105467,106.44000244140624,105.87000274658205,105.9499969482422,105.9499969482422,0.0,4.65500020980835,4.660999774932861,4.574999809265137,4.585000038146973,4.585000038146973,0.0,18.239999771118164,19.11000061035156,17.540000915527344,18.209999084472656,18.209999084472656,0.0,-0.01227644267859908,0.01897945302438637,-0.01220139457800562,436.86499938964846,440.4995010375977,438.23820068359373,397.0849497985839,436.36394433624565,438.05331322084936,-1.6893688846037094,0.27247378826112595,36.649550312458864,5.637783032268132,18.67499130501265,-3.6779030855335018,-95.84621193731964,6.383226188862833,429.15902213217316,451.8399799430223,5.14891793462287,0.13926133000102953,9.27557409203224e-05,-0.01658774108877255,-0.008766703213051712,0.0022419688741279913,0.011787073922389547,0.9749279121818236,-0.22252093395631434,1.0,6.123233995736766e-17
2024-04-18,426.489990234375,428.239990234375,422.8299865722656,423.4100036621094,418.8105163574219,46549400.0,-0.0057224756503806,105.93000030517578,106.18000030517578,105.73999786376952,106.1500015258789,106.1500015258789,0.0,4.5920000076293945,4.652999877929688,4.5920000076293945,4.646999835968018,4.646999835968018,0.0,17.90999984741211,18.3700008392334,17.209999084472656,18.0,18.0,0.0,-0.005722475650380649,0.012684948734989866,-0.0057061334740244885,435.67200012207036,439.3765014648437,438.05060058593756,397.306249847412,434.3710303863785,436.96862362390567,-2.597593237527178,-0.30153961689653486,34.796719406397976,4.784646950698801,7.718854122208451,-2.7403851647303608,-97.65175383322831,6.313710294094729,426.0083000218238,452.74470290786365,6.085078013253547,0.13743671952277342,-0.01227644267859908,9.27557409203224e-05,0.01584193675958378,-0.015408879792850308,0.004720930662838194,0.43388373911755823,-0.900968867902419,1.0,6.123233995736766e-17
2024-04-19,422.2200012207031,422.75,413.0700073242188,414.6499938964844,410.1455993652344,75231000.0,-0.0209063723111498,106.19000244140624,106.3499984741211,105.8499984741211,106.1500015258789,106.1500015258789,0.0,4.590000152587891,4.63100004196167,4.581999778747559,4.614999771118164,4.614999771118164,0.0,21.32999992370605,21.36000061035156,18.170000076293945,18.709999084472656,18.709999084472656,0.0,-0.02090637231114984,0.022926419041719583,-0.02068934912988829,433.0899993896485,437.79000091552734,437.60260070800786,397.4841497802734,431.33702477254866,435.31539179224484,-3.9783670196961793,-1.0369050974564638,29.087707600836936,3.721837408003776,4.714755796990236,-5.861921868154945,-95.33652200544073,6.601302154365861,420.8636696178536,454.7163322132011,7.7326258079337595,0.15111111650386305,-0.005722475650380649,-0.01227644267859908,-0.016070277411039936,0.01171509136796905,0.0011431678817691272,-0.433883739117558,-0.9009688679024191,1.0,6.123233995736766e-17
2024-04-22,417.30999755859375,421.1799926757813,413.9400024414063,418.8200073242188,414.2702941894531,47807700.0,0.0100064282434885,106.12000274658205,106.4000015258789,105.9800033569336,106.08000183105467,106.08000183105467,0.0,4.651999950408936,4.651999950408936,4.611000061035156,4.623000144958496,4.623000144958496,0.0,18.59000015258789,18.71999931335449,16.690000534057617,16.940000534057617,16.940000534057617,0.0,0.010006428243488597,0.017349189515543408,0.010056659953446623,430.91199951171876,436.4930007934571,437.2722009277344,397.6651998901367,429.4113297804979,434.09351146127995,-4.682181680782037,-1.7659604141215786,34.589306683181334,7.9944621380996495,5.500315498934075,-4.943258846478494,-83.02833774703201,6.646922731509371,417.92016420289247,455.06583738402173,8.510027220048398,0.15873882214974291,-0.02090637231114984,-0.005722475650380649,-0.01658774108877255,0.00029498614122217264,-0.003635761699600566,0.0,1.0,1.0,6.123233995736766e-17
2024-04-23,420.7699890136719,426.2799987792969,418.8699951171875,425.0700073242188,420.4524230957031,44384700.0,0.0148126840585065,106.12000274658205,106.23999786376952,105.61000061035156,105.69000244140624,105.69000244140624,0.0,4.650000095367432,4.650000095367432,4.567999839782715,4.5980000495910645,4.5980000495910645,0.0,16.719999313354492,16.760000228881836,15.6899995803833,15.6899995803833,15.6899995803833,0.0,0.014812684058506569,0.01761058025901321,0.014922935563955297,429.19599914550787,435.5805007934571,437.2026013183594,397.861849975586,428.7434340179934,433.4251037474236,-4.681669729430155,-2.349102277183294,41.86884167313117,19.01808715703754,10.244795567713656,-3.8803344946754037,-64.58087877641464,6.704999068907136,416.6304980606632,454.530503526251,8.70103353950621,0.17085539532281646,0.010006428243488597,-0.02090637231114984,9.27557409203224e-05,0.0036927009782254604,-0.003243069827015115,0.7818314824680298,0.6234898018587336,1.0,6.123233995736766e-17
2024-04-24,428.2000122070313,429.7300109863281,424.2000122070313,426.510009765625,421.8767395019531,48440300.0,0.0033818555191492,105.69000244140624,105.9499969482422,105.58999633789062,105.86000061035156,105.86000061035156,0.0,4.642000198364258,4.671000003814697,4.626999855041504,4.651999950408936,4.651999950408936,0.0,15.760000228881836,16.3799991607666,15.579999923706056,15.970000267028809,15.970000267028809,0.0,0.0033818555191492245,0.01291452270352367,0.0033875804443295188,428.0100006103516,434.66450195312507,437.06840148925784,398.0661500549317,428.3998302868598,432.9128745635867,-4.513044276726873,-2.7818906770920098,43.430916810655404,30.93323853613,19.315262610422394,-2.7054737969445246,-59.59106786816335,6.621070476792114,415.8262591600306,453.50274474621955,8.667946293496048,0.17084749232711727,0.014812684058506569,0.010006428243488597,-0.01227644267859908,-0.008766703213051712,0.003400387251728702,0.9749279121818236,-0.22252093395631434,1.0,6.123233995736766e-17
2024-04-25,419.239990234375,425.3200073242188,418.1400146484375,424.4500122070313,419.8391418457031,57392200.0,-0.0048415425717861,105.81999969482422,106.0,105.51000213623048,105.5999984741211,105.5999984741211,0.0,4.6579999923706055,4.736999988555908,4.625,4.705999851226807,4.705999851226807,0.0,16.25,17.549999237060547,15.270000457763672,15.369999885559082,15.369999885559082,0.0,-0.004841542571786194,0.017126211342022385,-0.0048298411964012855,425.918002319336,433.6865020751953,436.86720153808596,398.3046000671388,427.7921659668862,432.2859958705085,-4.49382990362227,-3.124278522398062,41.70442989029619,36.681120995360686,28.877482229509408,-4.697214257698624,-65.78469036933994,6.745993665391784,414.86017829256605,452.5128258578245,8.68199664621566,0.17111841343493428,0.0033818555191492245,0.014812684058506569,-0.005722475650380649,0.01584193675958378,-0.0018450415807223725,0.43388373911755823,-0.900968867902419,1.0,6.123233995736766e-17
2024-04-26,427.6199951171875,432.5499877929688,426.9200134277344,431.0,426.3179626464844,41874900.0,0.0153138167365283,105.58000183105467,106.19000244140624,105.41000366210938,105.94000244140624,105.94000244140624,0.0,4.685999870300293,4.690000057220459,4.644000053405762,4.669000148773193,4.669000148773193,0.0,15.489999771118164,16.059999465942383,14.920000076293944,15.029999732971191,15.029999732971191,0.0,0.015313816736528346,0.013165835156261954,0.015431674074739554,425.19100341796883,433.03600158691415,436.8758013916016,398.58145004272467,428.2856788950576,432.1907369171375,-3.9050580220799134,-3.280434422334433,48.68890885548565,42.84428409809302,36.8195478765279,-1.6587923416871437,-46.09138946821765,6.842706659716478,414.8225063952459,451.2494967785824,8.412000445654694,0.18207537650069774,-0.004841542571786194,0.0033818555191492245,-0.02090637231114984,-0.016070277411039936,0.0,-0.433883739117558,-0.9009688679024191,1.0,6.123233995736766e-17
2024-04-29,433.1300048828125,433.760009765625,429.9800109863281,432.75,428.0489501953125,30022200.0,0.0040520996103823,106.08000183105467,106.08000183105467,105.45999908447266,105.58000183105467,105.58000183105467,0.0,4.625999927520752,4.64900016784668,4.611999988555908,4.613999843597412,4.613999843597412,0.0,15.369999885559082,15.420000076293944,14.630000114440918,14.670000076293944,14.670000076293944,0.0,0.004052099610382343,0.008727169063984819,0.004060320466166889,425.3600036621094,432.42600097656253,436.9194012451172,398.864049987793,428.9724975265872,432.23216381216434,-3.2596662855771683,-3.2762807949829797,50.39881682878667,49.098036481037795,42.8744805248305,0.3920573588312446,-40.82981071932902,6.623941811115078,415.0968632589604,449.75513869416466,8.014845397116332,0.1827124061178455,0.015313816736528346,-0.004841542571786194,0.010006428243488597,-0.01658774108877255,0.0021148097086784354,0.0,1.0,1.0,6.123233995736766e-17
2024-04-30,431.1499938964844,432.55999755859375,424.510009765625,424.5899963378906,419.9776306152344,43665900.0,-0.0190361092381988,105.66999816894533,106.3499984741211,105.66999816894533,106.22000122070312,106.22000122070312,0.0,4.616000175476074,4.685999870300293,4.616000175476074,4.685999870300293,4.685999870300293,0.0,14.81999969482422,15.899999618530272,14.670000076293944,15.649999618530272,15.649999618530272,0.0,-0.019036109238198817,0.01867096812461393,-0.01885606675684004,424.7090026855469,431.60000152587895,436.86480102539065,399.093099975586,428.29826657448,431.66607733258854,-3.367810758108533,-3.2945867876080905,43.17408661775089,49.238329343535135,47.06021664088865,-1.5100927101499084,-65.36381178184791,6.73937384134793,414.43966660772304,448.76033644403486,7.951962399206326,0.1916767495821698,0.004052099610382343,0.015313816736528346,0.014812684058506569,9.27557409203224e-05,-0.008667693180483146,0.7818314824680298,0.6234898018587336,1.0,6.123233995736766e-17
2024-05-01,423.1499938964844,430.1400146484375,420.6600036621094,421.5199890136719,416.9409484863281,52251700.0,-0.0072568479925352,106.31999969482422,106.48999786376952,105.44000244140624,105.76000213623048,105.76000213623048,0.0,4.670000076293945,4.676000118255615,4.580999851226807,4.59499979019165,4.59499979019165,0.0,15.75,16.219999313354492,14.350000381469728,15.390000343322754,15.390000343322754,0.0,-0.0072568479925352175,0.02240342933491151,-0.0072305806489211255,424.277001953125,430.5710006713868,436.7830010986329,399.313099975586,427.255454642048,430.91451523489104,-3.6590605928430477,-3.3674815486550824,40.804136391763855,40.92481654263288,46.42039412240194,-1.0144672556287926,-71.0319278709244,6.935133637417943,413.5945718123051,447.5474295304685,7.885542144087943,0.19191417987714665,-0.019036109238198817,0.004052099610382343,0.0033818555191492245,-0.01227644267859908,0.0022419688741279913,0.9749279121818236,-0.22252093395631434,0.8660254037844387,-0.4999999999999998
2024-05-02,425.2999877929688,427.80999755859375,420.6300048828125,426.8999938964844,422.2625122070313,36559000.0,0.0126825860473701,105.7300033569336,105.9000015258789,105.3000030517578,105.3000030517578,105.3000030517578,0.0,4.611999988555908,4.651000022888184,4.566999912261963,4.571000099182129,4.571000099182129,0.0,15.140000343322754,16.09000015258789,14.600000381469728,14.68000030517578,14.68000030517578,0.0,0.012682586047370136,0.01688218406269127,0.012763351117281108,424.6260009765626,430.1490005493164,436.5596008300781,399.5644999694825,427.2007683734997,430.617143283898,-3.416374910398247,-3.3772602210037155,46.36094137476526,37.05423185151278,42.40579257922693,0.8242578598025024,-52.44156479268931,6.952623568729607,413.25230396249265,447.0456971361401,7.856206368140352,0.19253058965734896,-0.0072568479925352175,-0.019036109238198817,-0.004841542571786194,-0.005722475650380649,-0.015408879792850308,0.43388373911755823,-0.900968867902419,0.8660254037844387,-0.4999999999999998
2024-05-03,434.4400024414063,436.4800109863281,432.6199951171875,435.4800109863281,430.7493286132813,48515300.0,0.0198991292869874,105.30999755859376,105.37000274658205,104.5199966430664,105.02999877929688,105.02999877929688,0.0,4.551000118255615,4.571000099182129,4.453000068664551,4.5,4.5,0.0,14.510000228881836,14.579999923706056,13.479999542236328,13.489999771118164,13.489999771118164,0.0,0.019899129286987484,0.008885037858964731,0.020098436780220164,426.7090026855469,429.89950103759764,436.5336010742187,399.8244999694825,428.4744980062426,430.97735570630016,-2.502857700057575,-3.2023797168144874,53.808087933432084,57.41827641162117,45.132441601922274,5.023518002280226,-4.271678101522758,7.140294534523475,413.50458009017655,446.29442198501874,7.627327274328356,0.20166239319130183,0.012682586047370136,-0.0072568479925352175,0.015313816736528346,-0.02090637231114984,0.01171509136796905,-0.433883739117558,-0.9009688679024191,0.8660254037844387,-0.4999999999999998
2024-05-06,437.2999877929688,440.3399963378906,436.5199890136719,440.25,435.4674987792969,30227200.0,0.0108938470780307,105.08000183105467,105.1999969482422,104.87000274658205,105.0500030517578,105.0500030517578,0.0,4.486999988555908,4.513999938964844,4.4710001945495605,4.488999843597412,4.488999843597412,0.0,13.979999542236328,14.020000457763672,13.4399995803833,13.489999771118164,13.489999771118164,0.0,0.01089384707803074,0.008735438899731364,0.010953401091082116,428.85200195312507,429.88200073242183,436.6076013183594,400.10735000610356,430.2861136975899,431.6642182465742,-1.378104548984311,-2.837524683248452,57.35304282113333,80.9855791328697,58.486029132001214,5.116754763626112,-0.33001970717885243,6.97741530716912,413.5344935924505,446.2295078723932,7.605578792375068,0.20573344751266434,0.019899129286987484,0.012682586047370136,0.004052099610382343,0.010006428243488597,0.00029498614122217264,0.0,1.0,0.8660254037844387,-0.4999999999999998
2024-05-07,440.7000122070313,441.9700012207031,439.5799865722656,440.3200073242188,435.5368041992188,30996100.0,0.0001591390991553,105.13999938964844,105.4499969482422,105.02999877929688,105.41000366210938,105.41000366210938,0.0,4.4730000495910645,4.4730000495910645,4.422999858856201,4.4629998207092285,4.4629998207092285,0.0,13.520000457763672,13.640000343322754,13.15999984741211,13.229999542236328,13.229999542236328,0.0,0.00015913909915534022,0.00542322346774686,0.00015915176245351326,430.377001953125,429.7865005493164,436.66200134277346,400.395,431.8297896401482,432.30538780788123,-0.47559816773303965,-2.36513938014537,57.40471028360906,96.56299318146657,78.32228290865248,3.587644326165827,-5.709322646898684,6.649743831545433,413.72287102096504,445.8501300776677,7.475167092414568,0.2052650135937112,0.01089384707803074,0.019899129286987484,-0.019036109238198817,0.014812684058506569,0.0036927009782254604,0.7818314824680298,0.6234898018587336,0.8660254037844387,-0.4999999999999998
2024-05-08,437.6700134277344,441.4800109863281,437.5499877929688,440.05999755859375,435.2795715332031,24896700.0,-0.0005907851084703,105.41999816894533,105.63999938964844,105.38999938964844,105.5500030517578,105.5500030517578,0.0,4.484000205993652,4.498000144958496,4.474999904632568,4.492000102996826,4.492000102996826,0.0,13.239999771118164,13.510000228881836,12.9399995803833,13.0,13.0,0.0,-0.0005907851084703694,0.008979420734311334,-0.0005906106293097624,431.73200073242185,429.87100067138675,436.7578015136719,400.7233499145508,433.0959754737552,432.87980334497104,0.21617212878413739,-1.8488770783594686,57.127883515956206,95.78388234622862,91.11081822018829,3.17694485069992,-6.609010607236588,6.455478071674996,413.60080527835737,446.14119606441614,7.569803670225744,0.2027846625884571,0.00015913909915534022,0.01089384707803074,-0.0072568479925352175,0.0033818555191492245,-0.008766703213051712,0.9749279121818236,-0.22252093395631434,0.8660254037844387,-0.4999999999999998
2024-05-09,440.3299865722656,441.6000061035156,438.4599914550781,441.0199890136719,436.2290954589844,24580100.0,0.0021790358201917,105.5199966430664,105.73999786376952,105.20999908447266,105.2300033569336,105.2300033569336,0.0,4.515999794006348,4.515999794006348,4.447000026702881,4.448999881744385,4.448999881744385,0.0,13.079999923706056,13.289999961853027,12.68000030517578,12.6899995803833,12.6899995803833,0.0,0.0021790358201917823,0.007131048859244952,0.0021814116440996845,433.3889984130859,429.653500366211,436.79820129394534,401.0594998168946,434.31505447989616,433.48278006117107,0.8322744187250919,-1.3126467789425567,57.93446702623843,94.76413240630481,95.70366931133333,3.9038700271160165,-3.3892695269503115,6.218659255729461,414.157820420359,445.14918031206304,7.213105412917358,0.1944271361202257,-0.0005907851084703694,0.00015913909915534022,0.012682586047370136,-0.004841542571786194,0.01584193675958378,0.43388373911755823,-0.900968867902419,0.8660254037844387,-0.4999999999999998
2024-05-10,442.5400085449219,444.30999755859375,440.5,442.05999755859375,437.2579040527344,27116600.0,0.0023556368213046,105.20999908447266,105.4000015258789,105.13999938964844,105.30999755859376,105.30999755859376,0.0,4.477000236511231,4.507999897003174,4.4710001945495605,4.504000186920166,4.504000186920166,0.0,12.770000457763672,12.960000038146973,12.5,12.550000190734863,12.550000190734863,0.0,0.002355636821304606,0.008609385558429121,0.0023584135135863438,434.49499816894536,429.8430007934571,436.7272015380859,401.4095997619629,435.5065841843112,434.1181295054246,1.3884546788866032,-0.7724264873767246,58.83796152567561,93.8013611254116,94.78312529264834,2.566124723571636,-8.597636489578308,6.046611991648339,413.8199217253418,445.8660798615724,7.455316959232986,0.18564742412790503,0.0021790358201917823,-0.0005907851084703694,0.019899129286987484,0.015313816736528346,-0.016070277411039936,-0.433883739117558,-0.9009688679024191,0.8660254037844387,-0.4999999999999998
2024-05-13,443.989990234375,444.0899963378906,441.6499938964844,443.0799865722656,438.2667541503906,22994200.0,0.0023045622637917,105.30999755859376,105.37000274658205,105.05999755859376,105.22000122070312,105.22000122070312,0.0,4.486999988555908,4.488999843597412,4.459000110626221,4.480999946594238,4.480999946594238,0.0,13.260000228881836,13.65999984741211,13.25,13.600000381469728,13.600000381469728,0.0,0.0023045622637917554,0.00549562489036794,0.0023072198085059004,435.52799682617194,430.4440002441407,436.7084014892578,401.74904968261717,436.6717230132273,434.78197076963505,1.889752243592227,-0.2399907411829343,59.75101727418667,94.43767024061833,94.33438792411158,2.387056400292461,-4.700083261616395,5.788997023773904,413.3620106336752,447.52598985460617,7.936916114884568,0.17445215309400774,0.002355636821304606,0.0021790358201917823,0.01089384707803074,0.004052099610382343,-0.01658774108877255,0.0,1.0,0.8660254037844387,-0.4999999999999998
2024-05-14,442.6499938964844,446.4700012207031,442.4599914550781,445.9299926757813,441.0858459472656,34478300.0,0.0064117657796609,105.1999969482422,105.45999908447266,104.95999908447266,105.01000213623048,105.01000213623048,0.0,4.480999946594238,4.5320000648498535,4.442999839782715,4.445000171661377,4.445000171661377,0.0,13.710000038146973,14.029999732971191,13.270000457763672,13.420000076293944,13.420000076293944,0.0,0.006411765779660953,0.009059098206071044,0.006432365152451602,437.661996459961,431.1854995727539,436.9060015869141,402.1186996459961,438.09607219208175,435.6077501700903,2.4883220219914506,0.30567181145194267,62.26944011790021,94.93204752748983,94.39035963117325,5.0260242874182595,-1.906137666335761,5.661926505334697,412.74976513166644,449.62123401384133,8.551184796035464,0.17527611161416648,0.0023045622637917554,0.002355636821304606,0.00015913909915534022,-0.019036109238198817,9.27557409203224e-05,0.7818314824680298,0.6234898018587336,0.8660254037844387,-0.4999999999999998
2024-05-15,448.4299926757813,453.1499938964844,446.8999938964844,452.8999938964844,447.9800720214844,41464700.0,0.0155092308161313,105.0500030517578,105.05999755859376,104.29000091552734,104.3499984741211,104.3499984741211,0.0,4.418000221252441,4.418000221252441,4.340000152587891,4.355999946594238,4.355999946594238,0.0,13.729999542236328,13.9399995803833,12.380000114440918,12.449999809265137,12.449999809265137,0.0,0.01550923081613139,0.013937515558908663,0.015630123109964922,440.7999969482423,432.5384994506837,437.18820129394527,402.543649597168,440.37359860814365,436.8886571127861,3.484941495357532,0.9415257482330606,67.60756875211159,97.54167370825306,95.6371304921204,7.444487972264276,-0.7687579472886563,5.773217556432438,411.91278667155456,453.1642122298128,9.537052912202457,0.1736509888802604,0.006411765779660953,0.0023045622637917554,-0.0005907851084703694,-0.0072568479925352175,-0.01227644267859908,0.9749279121818236,-0.22252093395631434,0.8660254037844387,-0.4999999999999998
2024-05-16,452.7099914550781,454.6900024414063,451.80999755859375,451.9800109863281,447.0700988769531,34780400.0,-0.0020333462584365,104.20999908447266,104.62999725341795,104.08000183105467,104.45999908447266,104.45999908447266,0.0,4.329999923706055,4.379000186920166,4.318999767303467,4.376999855041504,4.376999855041504,0.0,12.520000457763672,12.670000076293944,12.329999923706056,12.420000076293944,12.420000076293944,0.0,-0.0020333462584365748,0.006361699403973363,-0.002031280410365266,443.3079986572266,433.96699981689454,437.3188012695312,402.9605996704101,442.1592005124797,438.00653517749294,4.15266533498675,1.5837536655837985,66.27473682911733,96.45619387812712,96.30997170462334,5.874916244652185,-7.956522751994188,5.5665595083167325,412.0841740548487,455.8498255789404,10.085018340693631,0.17165287265292037,0.01550923081613139,0.006411765779660953,0.0021790358201917823,0.012682586047370136,-0.005722475650380649,0.43388373911755823,-0.900968867902419,0.8660254037844387,-0.4999999999999998
2024-05-17,452.1099853515625,452.7200012207031,449.5400085449219,451.760009765625,446.85247802734375,35803700.0,-0.0004868897140111,104.5,104.8000030517578,104.38999938964844,104.4499969482422,104.4499969482422,0.0,4.395999908447266,4.426000118255615,4.390999794006348,4.420000076293945,4.420000076293945,0.0,12.279999732971191,12.479999542236328,11.90999984741211,11.989999771118164,11.989999771118164,0.0,-0.00048688971401111435,0.007033670520036126,-0.00048677120244911,444.9359985351563,435.82250061035165,437.5736016845703,403.38819976806633,443.6362480898867,439.0253110729101,4.610937016976607,2.18919033586236,65.93995741573988,94.22409131730507,96.07398630122842,3.7384032259997313,-8.602445348801934,5.396090448849913,414.5515041857982,457.0934970349051,9.761311724275041,0.14705753804490965,-0.0020333462584365748,0.01550923081613139,0.002355636821304606,0.019899129286987484,-0.02090637231114984,-0.433883739117558,-0.9009688679024191,0.8660254037844387,-0.4999999999999998
2024-05-20,451.9800109863281,455.5799865722656,451.7900085449219,454.9100036621094,449.96826171875,24474200.0,0.0069485374048747,104.5,104.6500015258789,104.38999938964844,104.56999969482422,104.56999969482422,0.0,4.421999931335449,4.454999923706055,4.420000076293945,4.436999797821045,4.436999797821045,0.0,12.270000457763672,12.59000015258789,12.06999969482422,12.149999618530272,12.149999618530272,0.0,0.0069485374048747,0.008385277966326684,0.006972734503255085,446.4019989013672,437.6270004272462,437.92400146484374,403.8109997558593,445.3706720240748,440.2019549684063,5.1687170556684805,2.785095679823584,68.40118005634676,93.84135182413604,94.84054567318941,3.329927010132737,-1.9169764267957579,5.283510902977821,416.3059644828971,458.94803637159526,9.74393075543045,0.14587567695083992,-0.00048688971401111435,-0.0020333462584365748,0.0023045622637917554,0.01089384707803074,0.010006428243488597,0.0,1.0,0.8660254037844387,-0.4999999999999998
2024-05-21,453.0400085449219,455.989990234375,452.8399963378906,455.7999877929688,450.8486022949219,23167700.0,0.0019545390225212,104.5999984741211,104.7699966430664,104.4800033569336,104.66000366210938,104.66000366210938,0.0,4.429999828338623,4.435999870300293,4.3979997634887695,4.414000034332275,4.414000034332275,0.0,12.300000190734863,12.5600004196167,11.84000015258789,11.859999656677246,11.859999656677246,0.0,0.00195453902252126,0.006953014826663002,0.0019564503789872845,447.9499969482422,439.16349945068373,438.16680114746094,404.2578996276855,446.9751821423662,441.3573648072628,5.617817335103382,3.351640010879544,69.08099155585579,96.31441359354346,94.79328557832818,3.515620505827185,-0.5373374437718681,5.131116831085432,417.23227185026764,461.0947270510998,9.987727863471441,0.1404288059180504,0.0069485374048747,-0.00048688971401111435,0.006411765779660953,0.00015913909915534022,0.014812684058506569,0.7818314824680298,0.6234898018587336,0.8660254037844387,-0.4999999999999998
2024-05-22,456.05999755859375,456.8200073242188,453.0799865722656,455.7099914550781,450.7595520019531,25120000.0,-0.0001975365746947,104.62000274658205,104.97000122070312,104.55999755859376,104.94000244140624,104.94000244140624,0.0,4.453000068664551,4.460999965667725,4.412000179290772,4.434000015258789,4.434000015258789,0.0,12.050000190734863,12.8100004196167,11.779999732971191,12.289999961853027,12.289999961853027,0.0,-0.0001975365746947692,0.008200720896317312,-0.00019751706563020388,449.5149963378907,440.6234985351564,438.4760009765625,404.7237495422363,448.3189989597065,442.4205223367306,5.89847662297592,3.8610073332988195,68.91952329580783,97.65294866955779,95.93623802907909,3.556331860043831,-4.586840120758973,5.031752825433129,418.35389364560507,462.8931034247077,10.1082238979928,0.14103882685649854,0.00195453902252126,0.0069485374048747,0.01550923081613139,-0.0005907851084703694,0.0033818555191492245,0.9749279121818236,-0.22252093395631434,0.8660254037844387,-0.4999999999999998
2024-05-23,460.5499877929688,460.5799865722656,451.8500061035156,453.6600036621094,448.73187255859375,40899200.0,-0.0045085096370123,104.9000015258789,105.11000061035156,104.62999725341795,105.11000061035156,105.11000061035156,0.0,4.418000221252441,4.495999813079834,4.4079999923706055,4.474999904632568,4.474999904632568,0.0,11.529999732971191,13.369999885559082,11.520000457763672,12.770000457763672,12.770000457763672,0.0,-0.004508509637012355,0.01895555466320931,-0.0044983615640619146,450.7789978027344,442.08399810791025,438.76640075683594,405.19914962768553,449.1406919908454,443.2530765089809,5.887615481864543,4.266328963011965,65.18213431806349,88.70482026272643,94.22406084194256,2.8660865637193718,-28.761361647289817,5.295911942812905,420.45847561308057,463.70952060273993,9.783445040935868,0.14078823494519874,-0.0001975365746947692,0.00195453902252126,-0.0020333462584365748,0.0021790358201917823,-0.004841542571786194,0.43388373911755823,-0.900968867902419,0.8660254037844387,-0.4999999999999998
2024-05-24,455.2900085449219,459.2300109863281,453.5700073242188,457.9500122070313,452.9752502441406,29669500.0,0.0094119451938608,105.04000091552734,105.12000274658205,104.63999938964844,104.72000122070312,104.72000122070312,0.0,4.488999843597412,4.501999855041504,4.459000110626221,4.4670000076293945,4.4670000076293945,0.0,12.859999656677246,12.890000343322754,11.890000343322754,11.93000030517578,11.93000030517578,0.0,0.00941194519386081,0.012431644788776132,0.00945637683668843,452.36799926757817,443.43149871826176,439.24700073242184,405.69824966430656,450.49597202410484,444.34173841254017,6.154233611564678,4.643909892722507,68.9739256551753,85.07734061106162,90.47836984778193,3.5945380120786394,-11.419776398766357,5.3219184941912205,421.36003325518107,465.50296418134246,9.954847829654973,0.13558659677402268,-0.004508509637012355,-0.0001975365746947692,-0.00048688971401111435,0.002355636821304606,0.015313816736528346,-0.433883739117558,-0.9009688679024191,0.8660254037844387,-0.4999999999999998
2024-05-27,455.2900085449219,459.2300109863281,453.5700073242188,457.9500122070313,452.9752502441406,29669500.0,0.0,105.04000091552734,105.12000274658205,104.63999938964844,104.72000122070312,104.72000122070312,0.0,4.488999843597412,4.501999855041504,4.459000110626221,4.4670000076293945,4.4670000076293945,0.0,12.859999656677246,12.890000343322754,11.890000343322754,11.93000030517578,11.93000030517578,0.0,0.0,0.012431644788776132,0.0,453.8550018310547,444.6914993286134,439.65640075683586,406.1684997558593,451.6427474368628,445.3497586936136,6.292988743249225,4.973725662827851,68.97392565517528,82.79969518505915,85.52728535294906,3.356058970255567,-11.419776398766357,5.346067434756799,422.3124615344653,467.07053712276155,10.064972156173694,0.135944944710851,0.00941194519386081,-0.004508509637012355,0.0069485374048747,0.0023045622637917554,0.004052099610382343,0.0,1.0,0.8660254037844387,-0.4999999999999998
2024-05-28,459.1799926757813,459.739990234375,456.6900024414063,459.6799926757813,454.68646240234375,26216800.0,0.0037705990277618,104.58000183105467,104.63999938964844,104.33999633789062,104.61000061035156,104.61000061035156,0.0,4.453000068664551,4.546000003814697,4.448999881744385,4.541999816894531,4.541999816894531,0.0,12.510000228881836,13.4399995803833,12.359999656677246,12.920000076293944,12.920000076293944,0.0,0.0037705990277618825,0.006642248881959093,0.0037777166794010775,455.23000183105466,446.4459991455079,440.0786004638672,406.64999969482415,452.8792467043887,446.4112575071075,6.467989197281213,5.272578369718524,70.47757550275539,91.03058593435046,86.30254057682373,3.083443640445396,-4.068689399415881,5.182061746057649,425.2307094852845,467.6612888057314,9.50407874673723,0.10865705283153791,0.0,0.00941194519386081,0.00195453902252126,0.006411765779660953,-0.019036109238198817,0.7818314824680298,0.6234898018587336,0.8660254037844387,-0.4999999999999998
2024-05-29,455.4800109863281,458.239990234375,455.3399963378906,456.4400024414063,451.4816284179688,29739200.0,-0.0070734058705812,104.63999938964844,105.13999938964844,104.58999633789062,105.0999984741211,105.0999984741211,0.0,4.565999984741211,4.638000011444092,4.559999942779541,4.624000072479248,4.624000072479248,0.0,13.75,14.31999969482422,13.6899995803833,14.279999732971191,14.279999732971191,0.0,-0.007073405870581259,0.006366896080037687,-0.007048448215155045,455.58400268554686,448.1919998168946,440.33200073242193,407.0866497802735,453.42705527931446,447.1541275022407,6.272927777073733,5.4726482511895655,64.20197277043566,87.96468985459379,87.26499032466779,0.7816313960319996,-20.617464638036374,5.121914216902866,430.09562505990533,466.2883745738839,8.075277900713278,0.10840732071776914,0.0037705990277618825,0.0,-0.0001975365746947692,0.01550923081613139,-0.0072568479925352175,0.9749279121818236,-0.22252093395631434,0.8660254037844387,-0.4999999999999998
2024-05-30,455.5,455.6400146484375,450.2099914550781,451.5499877929688,446.6447448730469,30536800.0,-0.0107711574949897,105.12999725341795,105.18000030517578,104.62999725341795,104.72000122070312,104.72000122070312,0.0,4.593999862670898,4.599999904632568,4.541999816894531,4.553999900817871,4.553999900817871,0.0,14.81999969482422,14.880000114440918,13.670000076293944,14.470000267028809,14.470000267028809,0.0,-0.010771157494989761,0.011921016889921789,-0.010713356292859078,455.54100036621094,449.42449951171886,440.44560058593754,407.53829971313473,453.1382756660305,447.47974678303535,5.658528882995142,5.509824377550681,56.08486505074512,75.8705912442496,84.95528901106461,-0.0951420821511343,-47.70207222979892,5.201063986147531,434.32434504008944,464.5246539833483,6.719773616273753,0.11518933705150869,-0.007073405870581259,0.0037705990277618825,-0.004508509637012355,-0.0020333462584365748,0.012682586047370136,0.43388373911755823,-0.900968867902419,0.8660254037844387,-0.4999999999999998
2024-05-31,451.7799987792969,452.4800109863281,443.05999755859375,450.7099914550781,445.8138732910156,55941300.0,-0.0018619839736481,104.76000213623048,104.9000015258789,104.36000061035156,104.66999816894533,104.66999816894533,0.0,4.552000045776367,4.556000232696533,4.485000133514404,4.513999938964844,4.513999938964844,0.0,14.5,14.869999885559082,12.84000015258789,12.920000076293944,12.920000076293944,0.0,-0.0018619839736481179,0.020850886389807245,-0.00186025155689995,455.4359985351563,450.1859985351563,440.53220031738283,407.97174972534174,452.7646934797301,447.7190241661496,5.045669313580504,5.416993364756646,54.803095523850814,59.07009224187578,74.30179111357305,-0.23242834422011566,-54.47018640653736,5.502417517689449,436.58510248792226,463.7868945823903,6.042345204644069,0.09679287274320318,-0.010771157494989761,-0.007073405870581259,0.00941194519386081,-0.00048688971401111435,0.019899129286987484,-0.433883739117558,-0.9009688679024191,0.8660254037844387,-0.4999999999999998
2024-06-03,454.5700073242188,455.5799865722656,447.8999938964844,453.1300048828125,448.2075805664063,32997500.0,0.0053549341239778,104.62999725341795,104.7699966430664,104.05999755859376,104.13999938964844,104.13999938964844,0.0,4.4730000495910645,4.4730000495910645,4.392000198364258,4.401999950408936,4.401999950408936,0.0,13.079999923706056,14.3100004196167,13.0,13.109999656677246,13.109999656677246,0.0,0.0053549341239778,0.01689507128063456,0.005369297410419804,455.2579986572266,450.82999877929694,440.6996002197266,408.4035997009277,452.82089523405045,448.1198375525691,4.701057681481359,5.273806228101589,57.79567882935463,51.768329386932194,62.236337624352515,-0.3912859169874386,-42.52275320286712,5.657958600410292,438.0128708202619,463.64712673833196,5.686013793997601,0.09169163104723778,-0.0018619839736481179,-0.010771157494989761,0.0,0.0069485374048747,0.01089384707803074,0.0,1.0,0.49999999999999994,-0.8660254037844387
2024-06-04,452.8699951171875,455.5799865722656,451.1300048828125,454.3699951171875,449.43408203125,23767400.0,0.0027327212610944,104.0500030517578,104.33000183105467,103.98999786376952,104.11000061035156,104.11000061035156,0.0,4.361000061035156,4.367000102996826,4.314000129699707,4.335999965667725,4.335999965667725,0.0,13.510000228881836,14.079999923706056,13.109999656677246,13.15999984741211,13.15999984741211,0.0,0.0027327212610944326,0.009826179118582629,0.0027364585473850234,455.11499938964846,451.5324981689454,440.92059997558596,408.8015997314453,453.0592182929946,448.5828121869853,4.476406106009335,5.114326203683138,59.28330975564939,55.85396048559845,55.56412737146881,-0.3137324954099891,-35.44517893380016,5.5716745353419235,439.63357562462977,463.431420713261,5.270461192746091,0.09166920852046699,0.0053549341239778,-0.0018619839736481179,0.0037705990277618825,0.00195453902252126,0.00015913909915534022,0.7818314824680298,0.6234898018587336,0.49999999999999994,-0.8660254037844387
2024-06-05,457.9800109863281,463.6099853515625,454.4100036621094,463.5299987792969,458.49462890625,33817400.0,0.0199593812962757,104.16999816894533,104.45999908447266,104.12999725341795,104.2699966430664,104.2699966430664,0.0,4.326000213623047,4.35099983215332,4.287000179290772,4.289000034332275,4.289000034332275,0.0,13.140000343322754,13.25,12.600000381469728,12.630000114440918,12.630000114440918,0.0,0.019959381296275773,0.020088172996108707,0.02015990161237924,455.8970001220704,452.70599822998054,441.2946002197266,409.234949798584,454.6701075985796,449.6900111938232,4.980096404756409,5.087480243897793,68.20038139921617,73.88094619000147,60.5010786875107,1.7160052381668291,-0.38922929332830813,5.833697085272857,440.94249175377087,464.4695047061902,5.196973984088303,0.11200975049604829,0.0027327212610944326,0.0053549341239778,-0.007073405870581259,-0.0001975365746947692,-0.0005907851084703694,0.9749279121818236,-0.22252093395631434,0.49999999999999994,-0.8660254037844387
2024-06-06,464.2200012207031,464.5400085449219,462.1900024414063,463.3699951171875,458.3363342285156,21966800.0,-0.0003453083189207,104.25,104.37000274658205,104.0500030517578,104.0999984741211,104.0999984741211,0.0,4.301000118255615,4.322000026702881,4.276999950408936,4.281000137329102,4.281000137329102,0.0,12.75,12.979999542236328,12.539999961853027,12.579999923706056,12.579999923706056,0.0,-0.00034530831892076773,0.005062268099900999,-0.00034524870686492015,456.8679992675782,453.8234985351563,441.68179992675783,409.6618498229981,456.00855183221154,450.70334333629467,5.305208495916872,5.131025894301609,67.92056700642986,86.23953489059949,71.99148052206647,2.140367538838673,-5.446987101073086,5.584862015147337,442.4959607668343,465.15103630347835,4.992045500017016,0.11249235548931935,0.019959381296275773,0.0027327212610944326,-0.010771157494989761,-0.004508509637012355,0.0021790358201917823,0.43388373911755823,-0.900968867902419,0.49999999999999994,-0.8660254037844387
2024-06-07,463.0,465.739990234375,461.8399963378906,462.9599914550781,457.9307861328125,25829700.0,-0.0008852181054491,104.08999633789062,104.9499969482422,104.0,104.88999938964844,104.88999938964844,0.0,4.296999931335449,4.434000015258789,4.289000034332275,4.429999828338623,4.429999828338623,0.0,12.6899995803833,13.079999923706056,12.109999656677246,12.220000267028809,12.220000267028809,0.0,-0.0008852181054491609,0.008423312951370141,-0.000884826415487594,457.3689971923829,454.86849822998056,442.0607995605469,410.088699798584,457.0780040818833,451.6112431969453,5.466760884938026,5.198172892428893,67.16017496723349,93.96876314621869,84.6964147422732,1.0940013351898095,-12.257494166942507,5.464514292385697,444.2781119053613,465.4588845545998,4.656460654377865,0.1131231837458832,-0.00034530831892076773,0.019959381296275773,-0.0018619839736481179,0.00941194519386081,0.002355636821304606,-0.433883739117558,-0.9009688679024191,0.49999999999999994,-0.8660254037844387
2024-06-10,461.8200073242188,465.1900024414063,461.5299987792969,464.8299865722656,459.7804870605469,20660800.0,0.0040311228303714,105.04000091552734,105.38999938964844,105.04000091552734,105.1500015258789,105.1500015258789,0.0,4.453000068664551,4.479000091552734,4.447000026702881,4.468999862670898,4.468999862670898,0.0,13.09000015258789,13.279999732971191,12.619999885559082,12.739999771118164,12.739999771118164,0.0,0.004031122830371415,0.007925173452998414,0.004039258734611195,458.05699462890635,455.95599822998054,442.4583990478516,410.52489974975583,458.2706167727114,452.5904093728949,5.6802073998164815,5.2945797939064105,68.8718711952073,92.76105187012115,90.9897833023131,1.5023417800727126,-4.012363121620933,5.335620675937393,446.0156343714836,465.8963620884775,4.360229450686203,0.11328803189093191,-0.0008852181054491609,-0.00034530831892076773,0.0053549341239778,0.0,0.0023045622637917554,0.0,1.0,0.49999999999999994,-0.8660254037844387
2024-06-11,463.5400085449219,468.1400146484375,462.0299987792969,468.0199890136719,462.9358520507813,22053300.0,0.0068393224573519,105.1500015258789,105.45999908447266,105.0999984741211,105.2300033569336,105.2300033569336,0.0,4.435999870300293,4.460999965667725,4.401999950408936,4.40399980545044,4.40399980545044,0.0,12.850000381469728,13.470000267028809,12.779999732971191,12.850000381469728,12.850000381469728,0.0,0.006839322457351926,0.013181204980170553,0.0068627640342182605,458.8909942626954,457.060498046875,442.99659912109377,410.9746496582031,459.77052019439765,453.7333411981376,6.037178996260025,5.443099634377134,71.59207016583215,94.41719064201178,93.71566855278387,1.814304836141277,-0.4785707854012222,5.3909346183090525,446.9041191943345,467.2168768994155,4.444216420338692,0.11349901111833703,0.004031122830371415,-0.0008852181054491609,0.0027327212610944326,0.0037705990277618825,0.006411765779660953,0.7818314824680298,0.6234898018587336,0.49999999999999994,-0.8660254037844387
2024-06-12,471.989990234375,476.5,471.2900085449219,474.1499938964844,468.9992370605469,34532600.0,0.0130126457073099,105.27999877929688,105.31999969482422,104.26000213623048,104.6500015258789,104.6500015258789,0.0,4.388000011444092,4.406000137329102,4.25,4.295000076293945,4.295000076293945,0.0,13.100000381469728,13.149999618530272,11.9399995803833,12.039999961853027,12.039999961853027,0.0,0.013012645707309962,0.011038351581335468,0.013097678615525465,460.6619934082032,458.12299804687495,443.6375988769531,411.47169967651365,461.98274691779557,455.2456858424596,6.737061075335987,5.701891922568905,75.942673665334,96.16051213072839,94.44625154762043,3.8800261502828115,-7.027529700792689,5.611582930310415,445.623439336845,470.6225567569049,5.456857116241513,0.10997069878301867,0.006839322457351926,0.004031122830371415,0.019959381296275773,-0.007073405870581259,0.01550923081613139,0.9749279121818236,-0.22252093395631434,0.49999999999999994,-0.8660254037844387
2024-06-13,477.7200012207031,478.3900146484375,474.4200134277344,476.7200012207031,471.5413818359375,25859000.0,0.0054057228679447,104.69000244140624,105.27999877929688,104.63999938964844,105.1999969482422,105.1999969482422,0.0,4.309999942779541,4.309999942779541,4.2230000495910645,4.23799991607666,4.23799991607666,0.0,12.050000190734863,12.68000030517578,11.880000114440918,11.9399995803833,11.9399995803833,0.0,0.005405722867944769,0.008310309827008925,0.005420360150953485,463.1789947509765,459.35999755859376,444.4651989746094,411.99499969482423,464.25001681055056,456.83637587047764,7.4136409400729235,6.044241726069709,77.49856196972677,95.9223342563568,95.50001234303231,5.574136664416105,-4.726896744735654,5.513614203284894,444.70865324145,474.0113418757375,6.379024902043151,0.10925743838616594,0.013012645707309962,0.006839322457351926,-0.00034530831892076773,-0.010771157494989761,-0.0020333462584365748,0.43388373911755823,-0.900968867902419,0.49999999999999994,-0.8660254037844387
2024-06-14,476.5199890136719,479.260009765625,476.0499877929688,479.1900024414063,473.9844970703125,23372600.0,0.0051677499811604,105.2300033569336,105.80999755859376,105.18000030517578,105.5500030517578,105.5500030517578,0.0,4.196000099182129,4.236000061035156,4.188000202178955,4.2129998207092285,4.2129998207092285,0.0,12.220000267028809,13.449999809265137,12.119999885559082,12.65999984741211,12.65999984741211,0.0,0.00516774998116041,0.006736384719769005,0.0051811258321863285,466.02699584960936,460.7314971923829,445.2395989990235,412.5280497741699,466.54847613837455,458.49220006091684,8.05627607745771,6.446648596347309,78.91028426349807,96.01739440709693,96.03341359806069,6.318921596209335,-0.19339033318086507,5.349071901097131,444.0771597885576,477.3858345962082,7.229519798543805,0.10893742704726808,0.005405722867944769,0.013012645707309962,-0.0008852181054491609,-0.0018619839736481179,-0.00048688971401111435,-0.433883739117558,-0.9009688679024191,0.49999999999999994,-0.8660254037844387
2024-06-17,479.4599914550781,486.8599853515625,478.1400146484375,485.05999755859375,479.7907104492188,37054500.0,0.0121753743626725,105.51000213623048,105.6500015258789,105.30999755859376,105.31999969482422,105.31999969482422,0.0,4.264999866485596,4.295000076293945,4.260000228881836,4.27899980545044,4.27899980545044,0.0,13.06999969482422,13.289999961853027,12.5,12.75,12.75,0.0,0.012175374362672573,0.01818706640498073,0.01224979596335829,469.2199951171875,462.2389968872071,446.12879882812507,413.06849975585936,469.39640251071603,460.4601850607447,8.93621744997131,6.94456236707211,81.82813896321053,96.9900502018632,96.30992628843897,7.046541242405459,-4.109562316493854,5.589850386956265,442.6107247442519,481.86726903016233,8.492694158275352,0.11298831167591958,0.00516774998116041,0.005405722867944769,0.004031122830371415,0.0053549341239778,0.0069485374048747,0.0,1.0,0.49999999999999994,-0.8660254037844387
2024-06-18,485.010009765625,485.8999938964844,483.4299926757813,485.2099914550781,479.9391174316406,24438600.0,0.0003092682529881,105.3000030517578,105.55999755859376,105.12999725341795,105.26000213623048,105.26000213623048,0.0,4.287000179290772,4.289000034332275,4.206999778747559,4.2170000076293945,4.2170000076293945,0.0,12.699999809265137,12.739999771118164,12.239999771118164,12.300000190734863,12.300000190734863,0.0,0.00030926825298814467,0.0050926809157952535,0.0003093160813447682,472.3039947509766,463.7094970703126,446.98839843750005,413.63059967041016,471.8292623483102,462.29350405291757,9.535758295392611,7.46280155273621,81.8970617036709,97.30997898257667,96.77247453051226,6.7874192110631375,-3.767110402595253,5.367004017938179,441.8343181185686,485.58467602205656,9.434863460830531,0.1133807687003969,0.012175374362672573,0.00516774998116041,0.006839322457351926,0.0027327212610944326,0.00195453902252126,0.7818314824680298,0.6234898018587336,0.49999999999999994,-0.8660254037844387
2024-06-19,485.010009765625,485.8999938964844,483.4299926757813,485.2099914550781,479.9391174316406,24438600.0,0.0,105.3000030517578,105.55999755859376,105.12999725341795,105.26000213623048,105.26000213623048,0.0,4.287000179290772,4.289000034332275,4.206999778747559,4.2170000076293945,4.2170000076293945,0.0,12.699999809265137,12.739999771118164,12.239999771118164,12.300000190734863,12.300000190734863,0.0,0.0,0.0050926809157952535,0.0,474.4719940185547,465.1844970703126,447.9251983642579,414.18559967041006,473.88783605704367,463.9910216382628,9.896814418780878,7.949604125945145,81.8970617036709,96.11873895943855,96.80625604795947,4.677149857156034,-3.767110402595253,5.160075246707099,441.66405545248983,488.70493868813537,10.112306736768856,0.11330610444900123,0.00030926825298814467,0.012175374362672573,0.013012645707309962,0.019959381296275773,-0.0001975365746947692,0.9749279121818236,-0.22252093395631434,0.49999999999999994,-0.8660254037844387
2024-06-20,486.4200134277344,486.8399963378906,479.6199951171875,481.4700012207031,476.2397155761719,33918700.0,-0.0077379255561195,105.1999969482422,105.66999816894533,105.1999969482422,105.58999633789062,105.58999633789062,0.0,4.23799991607666,4.293000221252441,4.230000019073486,4.254000186920166,4.254000186920166,0.0,12.5,13.550000190734863,12.18000030517578,13.279999732971191,13.279999732971191,0.0,-0.0077379255561195156,0.01484314177335093,-0.007708064879699439,476.28199462890626,466.5749969482423,448.64719848632814,414.7065997314453,475.054323005299,465.2857608665917,9.768562138707296,8.313395728497575,73.80238052061748,92.87703821122273,95.43525205107929,3.906167057480294,-13.834664561141308,5.307212816278244,442.63873520379394,490.51125869269066,10.26041339592127,0.1167243151317719,0.0,0.00030926825298814467,0.005405722867944769,-0.00034530831892076773,-0.004508509637012355,0.43388373911755823,-0.900968867902419,0.49999999999999994,-0.8660254037844387
2024-06-21,481.1900024414063,482.5400085449219,478.6700134277344,480.1799926757813,474.96380615234375,37456800.0,-0.0026827280595835,105.63999938964844,105.91999816894533,105.54000091552734,105.8000030517578,105.8000030517578,0.0,4.223999977111816,4.27899980545044,4.2170000076293945,4.256999969482422,4.256999969482422,0.0,13.220000267028809,13.779999732971191,12.989999771118164,13.199999809265137,13.199999809265137,0.0,-0.002682728059583535,0.008042550962306709,-0.002679132760451286,478.0039947509766,467.6864959716798,449.48539855957034,415.2534497070313,475.8428875699886,466.3890372969021,9.453850273086516,8.541486637415364,71.1887186276284,87.90082048526858,92.29886588530994,3.719544137406109,-18.695763580457648,5.204554409200334,443.37499156783065,491.99800037552893,10.396496205578403,0.11576913967819476,-0.0077379255561195156,0.0,0.00516774998116041,-0.0008852181054491609,0.00941194519386081,-0.433883739117558,-0.9009688679024191,0.49999999999999994,-0.8660254037844387
2024-06-24,478.1799926757813,479.9299926757813,473.8200073242188,473.9599914550781,469.5564575195313,37751000.0,-0.0114500618307756,105.83000183105467,105.9000015258789,105.37000274658205,105.47000122070312,105.47000122070312,0.0,4.275000095367432,4.275000095367432,4.245999813079834,4.248000144958496,4.248000144958496,0.0,13.850000381469728,13.880000114440918,13.149999618530272,13.329999923706056,13.329999923706056,0.0,-0.011450061830775665,0.0127775846859934,-0.011384759349595708,478.91699523925786,468.48699493408213,450.3433984375,415.76994964599606,475.5532112446177,466.9498487160262,8.603362528591504,8.553861815650592,60.13111842650485,75.90536712120073,85.56107527256401,1.9641600470181988,-39.75347049479884,5.287085190797631,444.47285182938055,492.5011380387837,10.25178643777741,0.1255956019442056,-0.002682728059583535,-0.0077379255561195156,0.012175374362672573,0.004031122830371415,0.0,0.0,1.0,0.49999999999999994,-0.8660254037844387
2024-06-25,476.0700073242188,479.6799926757813,475.1199951171875,479.3800048828125,474.9261169433594,29014700.0,0.0113707069327232,105.51000213623048,105.77999877929688,105.37000274658205,105.61000061035156,105.61000061035156,0.0,4.2170000076293945,4.258999824523926,4.210999965667725,4.23799991607666,4.23799991607666,0.0,13.479999542236328,13.520000457763672,12.84000015258789,12.84000015258789,12.84000015258789,0.0,0.011370706932723275,0.009578418065493262,0.011435599144336672,480.0529968261719,469.4719955444336,451.308998413086,416.3174996948242,476.1419487274169,467.87060102467706,8.271347702739831,8.49735899306844,65.20317309998468,70.67354201178942,78.1599098727529,2.4272501465335434,-29.530139889375228,5.318007764362314,445.3629649982284,493.5810260906388,10.270700180208458,0.1299993218886013,-0.011450061830775665,-0.002682728059583535,0.00030926825298814467,0.006839322457351926,0.0037705990277618825,0.7818314824680298,0.6234898018587336,0.49999999999999994,-0.8660254037844387
2024-06-26,478.5499877929688,480.9200134277344,478.1300048828125,480.3699951171875,475.9069213867188,22737100.0,0.0020630431457296,105.66000366210938,106.12999725341795,105.61000061035156,106.0500030517578,106.0500030517578,0.0,4.284999847412109,4.320000171661377,4.281000137329102,4.315999984741211,4.315999984741211,0.0,12.8100004196167,13.239999771118164,12.369999885559082,12.550000190734863,12.550000190734863,0.0,0.002063043145729605,0.0058301298006278365,0.0020651726834310935,480.6749969482422,470.66849517822266,452.3995983886719,416.8966496276856,476.7924174027662,468.7964820685667,7.995935334199487,8.39707426129465,66.05268703892168,68.36487408197243,71.64792773832085,1.3118214279806708,-25.621767369908667,5.1374363915451395,446.9099875434621,494.42700281298323,10.095643909951617,0.12533784440319154,0.011370706932723275,-0.011450061830775665,0.0,0.013012645707309962,-0.007073405870581259,0.9749279121818236,-0.22252093395631434,0.49999999999999994,-0.8660254037844387
2024-06-27,480.1199951171875,483.1000061035156,479.2999877929688,481.6099853515625,477.1353759765625,26222100.0,0.0025779658963553,106.06999969482422,106.08000183105467,105.70999908447266,105.91000366210938,105.91000366210938,0.0,4.327000141143799,4.3429999351501465,4.275000095367432,4.288000106811523,4.288000106811523,0.0,12.6899995803833,12.770000457763672,12.210000038146973,12.239999771118164,12.239999771118164,0.0,0.0025779658963553382,0.007914726212598814,0.002581291707765443,481.16399536132815,472.17149505615237,453.56359802246095,417.51539962768555,477.53358170258105,469.74563045989976,7.787951242681288,8.275249657571978,67.13496062955801,74.70722346115863,71.24854651830682,1.02575602415211,-20.726422357240192,5.041906528616688,449.73920881365945,494.6037812986453,9.501753696429807,0.11492580990816541,0.002063043145729605,0.011370706932723275,-0.0077379255561195156,0.005405722867944769,-0.010771157494989761,0.43388373911755823,-0.900968867902419,0.49999999999999994,-0.8660254037844387
2024-06-28,482.4100036621094,487.2000122070313,478.4599914550781,479.1099853515625,474.6585998535156,34881600.0,-0.0052044492327051,105.91999816894533,106.12999725341795,105.75,105.87000274658205,105.87000274658205,0.0,4.303999900817871,4.359000205993652,4.261000156402588,4.3429999351501465,4.3429999351501465,0.0,12.239999771118164,12.760000228881836,11.869999885559082,12.4399995803833,12.4399995803833,0.0,-0.005204449232705119,0.018117411922649276,-0.005190929551131318,481.1559936523438,473.5914947509766,454.8527978515625,418.1213995361329,477.77610534088586,470.43928637780067,7.336818963085193,8.08756351867462,62.788664343277794,73.83676083444155,72.3029527925242,-0.016698405525184357,-32.141527769526476,5.306057544569295,453.3953304882466,493.7876590137066,8.52893875273226,0.11750128185229472,0.0025779658963553382,0.002063043145729605,-0.002682728059583535,0.00516774998116041,-0.0018619839736481179,-0.433883739117558,-0.9009688679024191,0.49999999999999994,-0.8660254037844387
2024-07-01,480.0400085449219,482.489990234375,476.260009765625,481.9200134277344,477.4425048828125,24898300.0,0.0058479355799298,105.8499984741211,105.9800033569336,105.43000030517578,105.9000015258789,105.9000015258789,0.0,4.423999786376953,4.493000030517578,4.415999889373779,4.479000091552734,4.479000091552734,0.0,12.979999542236328,13.260000228881836,12.100000381469728,12.220000267028809,12.220000267028809,0.0,0.005847935579929815,0.012978044241841567,0.005865068135615825,480.8419952392578,475.0309951782227,456.11479797363285,418.7329496765137,478.41362966193947,471.2897106037217,7.12391905821778,7.894834626583252,65.4928414014227,71.31513004581245,73.28637144713754,-0.6473393284673149,-33.186659735795956,5.372052039153631,456.9860080158557,493.07598234058975,7.597393578748217,0.1176377857503731,-0.005204449232705119,0.0025779658963553382,-0.011450061830775665,0.012175374362672573,0.0053549341239778,0.0,1.0,1.2246467991473532e-16,-1.0
2024-07-02,480.4100036621094,487.0400085449219,480.2799987792969,486.9800109863281,482.4554748535156,26723600.0,0.0104448923759272,105.8499984741211,106.0500030517578,105.68000030517578,105.72000122070312,105.72000122070312,0.0,4.441999912261963,4.454999923706055,4.414000034332275,4.435999870300293,4.435999870300293,0.0,12.670000076293944,12.880000114440918,11.850000381469728,12.029999732971191,12.029999732971191,0.0,0.010444892375927295,0.014071334306309682,0.010499630676857219,481.0189971923828,476.66149597167976,457.3529980468751,419.39679977416995,479.7315344810762,472.4519550765074,7.279579404568835,7.771783582180369,69.75507035818453,77.6758529431253,74.2759146077931,0.36479453482438695,-1.6442536653016315,5.471191876758729,460.7047530212195,492.61823892214,6.695209529325309,0.12041920796856255,0.005847935579929815,-0.005204449232705119,0.011370706932723275,0.00030926825298814467,0.0027327212610944326,0.7818314824680298,0.6234898018587336,1.2246467991473532e-16,-1.0
2024-07-03,486.2200012207031,491.1700134277344,486.2200012207031,491.0400085449219,486.4778137207031,18064900.0,0.0083026602986503,105.66999816894533,105.8000030517578,105.0500030517578,105.4000015258789,105.4000015258789,0.0,4.426000118255615,4.429999828338623,4.339000225067139,4.355000019073486,4.355000019073486,0.0,12.130000114440918,12.229999542236328,11.949999809265137,12.09000015258789,12.09000015258789,0.0,0.008302660298650363,0.01018060177410176,0.008337222970490332,481.6019989013672,478.03699645996096,458.64359802246105,420.07679977416996,481.47129972166783,473.82884792601953,7.642451795648299,7.745917224873955,72.67181563185477,88.13992639352767,79.0436364608218,1.2015451438582971,-0.7493074183193338,5.43396475749248,462.1035877323932,493.97040518752874,6.666182260185093,0.10553371801930138,0.010444892375927295,0.005847935579929815,0.002063043145729605,0.0,0.019959381296275773,0.9749279121818236,-0.22252093395631434,1.2246467991473532e-16,-1.0
2024-07-04,486.2200012207031,491.1700134277344,486.2200012207031,491.0400085449219,486.4778137207031,18064900.0,0.0,105.66999816894533,105.8000030517578,105.0500030517578,105.4000015258789,105.4000015258789,0.0,4.426000118255615,4.429999828338623,4.339000225067139,4.355000019073486,4.355000019073486,0.0,12.130000114440918,12.229999542236328,11.949999809265137,12.09000015258789,12.09000015258789,0.0,0.0,0.01018060177410176,0.0,482.5589996337891,479.42049713134764,459.9753979492188,420.7419497680664,482.9434087713992,475.1037487126049,7.839660058794323,7.76466579165803,72.67181563185477,98.95237716601989,88.25605216755761,1.9876642989086069,-0.7493074183193338,5.39939671817382,464.05426550950193,494.78672875319336,6.410335692274668,0.10539721366308752,0.008302660298650363,0.010444892375927295,0.0025779658963553382,-0.0077379255561195156,-0.00034530831892076773,0.43388373911755823,-0.900968867902419,1.2246467991473532e-16,-1.0
2024-07-05,491.8900146484375,496.6000061035156,491.5899963378906,496.1600036621094,491.5501708984375,28495900.0,0.0103727147621336,105.16999816894533,105.16999816894533,104.83000183105467,104.87999725341795,104.87999725341795,0.0,4.330999851226807,4.374000072479248,4.270999908447266,4.271999835968018,4.271999835968018,0.0,12.369999885559082,12.609999656677246,11.84000015258789,12.479999542236328,12.479999542236328,0.0,0.010372714762133603,0.010185223558981459,0.010426697856865674,484.15700073242186,481.0804977416992,461.2785980224609,421.43139984130863,484.97673106227774,476.6634713014571,8.313259760820642,7.874384585490552,76.04987208187487,98.85661848877555,95.31630734944102,3.327921035876605,-1.9315296970346507,5.410868206775244,466.03162372216804,496.1293717612304,6.256281054906197,0.1074774993126279,0.0,0.008302660298650363,-0.005204449232705119,-0.002682728059583535,-0.0008852181054491609,-0.433883739117558,-0.9009688679024191,1.2246467991473532e-16,-1.0
2024-07-08,496.5299987792969,497.8999938964844,495.5,497.3399963378906,492.71923828125,22109400.0,0.0023755039456983,104.87999725341795,105.02999877929688,104.8000030517578,105.01000213623048,105.01000213623048,0.0,4.306000232696533,4.306000232696533,4.267000198364258,4.269000053405762,4.269000053405762,0.0,12.90999984741211,12.90999984741211,12.3100004196167,12.369999885559082,12.369999885559082,0.0,0.0023755039456983484,0.004833532520461368,0.002378327690692794,486.4950012207031,482.7059982299804,462.5703979492188,422.1117997741699,486.87877187391047,478.1950657486003,8.683706125310152,8.036248893454474,76.76278207575756,98.33119677707268,98.71339747728936,4.932906849591851,-2.325572553427979,5.195805756040182,468.02932114622894,497.3826753137319,6.081000500333095,0.10753828360965383,0.010372714762133603,0.0,0.005847935579929815,-0.011450061830775665,0.004031122830371415,0.0,1.0,1.2246467991473532e-16,-1.0
2024-07-09,498.8699951171875,500.0,496.239990234375,497.7699890136719,493.1452331542969,25614500.0,0.000864205804961,104.98999786376952,105.20999908447266,104.95999908447266,105.12000274658205,105.12000274658205,0.0,4.300000190734863,4.328999996185303,4.2820000648498535,4.300000190734863,4.300000190734863,0.0,12.479999542236328,12.609999656677246,12.350000381469728,12.510000228881836,12.510000228881836,0.0,0.0008642058049610664,0.007537053345414674,0.0008645793383932343,488.33399963378906,484.19349822998043,464.0339978027344,422.82604965209964,488.5543437415661,479.64506006453155,8.909283677034523,8.210855850170484,77.03109011120044,95.74163358877517,97.64314961820779,3.836201748830747,-8.517996983211852,5.093248899581954,469.7555011012186,498.63149535874226,5.963730277891553,0.10713839676474804,0.0023755039456983484,0.010372714762133603,0.010444892375927295,0.011370706932723275,0.006839322457351926,0.7818314824680298,0.6234898018587336,1.2246467991473532e-16,-1.0
2024-07-10,499.7099914550781,503.5199890136719,498.3900146484375,502.9599914550781,498.2870178222656,28046900.0,0.0103725307764527,105.12000274658205,105.16999816894533,104.9800033569336,105.0500030517578,105.0500030517578,0.0,4.277999877929688,4.303999900817871,4.271999835968018,4.28000020980835,4.28000020980835,0.0,12.510000228881836,12.920000076293944,12.390000343322754,12.850000381469728,12.850000381469728,0.0,0.010372530776452765,0.010265903129726672,0.010426511952838835,490.5929992675782,485.63399810791014,465.66279785156246,423.54209960937504,490.77059723595255,481.37209201938686,9.398505216565695,8.448385723449526,80.02853171428262,95.75697187853663,96.60993408146149,4.702624345298615,-1.8855148277502565,5.140159692468957,469.7397862790872,501.5282099367331,6.545757459629584,0.10429049980570364,0.0008642058049610664,0.0023755039456983484,0.008302660298650363,0.002063043145729605,0.013012645707309962,0.9749279121818236,-0.22252093395631434,1.2246467991473532e-16,-1.0
2024-07-11,503.0700073242188,503.2799987792969,490.7300109863281,491.9299926757813,487.3594970703125,49966600.0,-0.0221742142532564,104.98999786376952,105.0,104.08000183105467,104.44000244140624,104.44000244140624,0.0,4.288000106811523,4.289999961853027,4.168000221252441,4.192999839782715,4.192999839782715,0.0,12.880000114440918,13.329999923706056,12.229999542236328,12.920000076293944,12.920000076293944,0.0,-0.022174214253256445,0.024946801857103216,-0.021930173496614858,491.625,486.394497680664,466.9633978271484,424.2082995605469,490.94896576515697,482.1541587346753,8.79480703048165,8.517669984855951,61.62308479557199,83.52430247903771,91.67430264878317,2.1428142351918793,-39.023580751924705,5.669433128218943,470.84433186010284,501.9446635012252,6.394054988167418,0.13682748242099832,0.010372530776452765,0.0008642058049610664,0.0,0.0025779658963553382,0.005405722867944769,0.43388373911755823,-0.900968867902419,1.2246467991473532e-16,-1.0
2024-07-12,492.510009765625,499.6199951171875,492.0400085449219,494.8200073242188,490.2226257324219,37109400.0,0.0058575883944732,104.5199966430664,104.5500030517578,104.04000091552734,104.08999633789062,104.08999633789062,0.0,4.205999851226807,4.238999843597412,4.186999797821045,4.189000129699707,4.189000129699707,0.0,12.869999885559082,12.890000343322754,12.109999656677246,12.460000038146973,12.460000038146973,0.0,0.005857588394473249,0.015390522876626973,0.005874777611436066,493.19600219726556,487.1759979248047,468.1501977539063,424.8588995361328,491.54451062039726,483.0923697413082,8.452140879089086,8.504564163702579,63.961782470394205,76.15238649786835,85.1445536184809,3.279001159019587,-30.633744926719984,5.813759507732318,471.5793992440371,502.77259660557223,6.402860053534445,0.13708439469101866,-0.022174214253256445,0.010372530776452765,0.010372714762133603,-0.005204449232705119,0.00516774998116041,-0.433883739117558,-0.9009688679024191,1.2246467991473532e-16,-1.0
2024-07-15,496.6099853515625,501.010009765625,494.0899963378906,496.1499938964844,491.5403137207031,31151400.0,0.0026843318820875,104.08000183105467,104.31999969482422,104.02999877929688,104.19000244140624,104.19000244140624,0.0,4.236999988555908,4.241000175476074,4.199999809265137,4.229000091552734,4.229000091552734,0.0,12.779999732971191,13.260000228881836,12.75,13.119999885559082,13.119999885559082,0.0,0.0026843318820875994,0.013934503195370762,0.002687937926799222,494.6190002441407,487.73049774169925,469.26819763183596,425.50684951782233,492.25304650902603,484.0596011602101,8.193445348815942,8.442340400725252,65.01830028509306,67.76890718063794,75.81519871918132,2.952768109283728,-27.035952779441487,5.892777644875322,471.66902553642615,503.79196994697236,6.586207866697406,0.13147572951372402,0.005857588394473249,-0.022174214253256445,0.0023755039456983484,0.005847935579929815,0.012175374362672573,0.0,1.0,1.2246467991473532e-16,-1.0
2024-07-16,497.6199951171875,498.4400024414063,493.1499938964844,496.3399963378906,491.728515625,25950600.0,0.0003828086500421,104.25,104.51000213623048,104.1999969482422,104.2699966430664,104.2699966430664,0.0,4.175000190734863,4.216000080108643,4.163000106811523,4.166999816894531,4.166999816894531,0.0,13.380000114440918,13.470000267028809,12.949999809265137,13.1899995803833,13.1899995803833,0.0,0.0003828086500421796,0.010630618939812007,0.00038288193062396836,495.5549987792969,488.28699798583983,470.3885974121094,426.1455995178224,492.88180802115903,484.96926006226045,7.912547958898585,8.336381912359919,65.1753715071097,71.99711697685532,71.9728035517872,1.9220471354881299,-26.33895136327252,5.849722709164365,471.8269130058456,504.74708296583407,6.741971442160568,0.13146930849032154,0.0026843318820875994,0.005857588394473249,0.0008642058049610664,0.010444892375927295,0.00030926825298814467,0.7818314824680298,0.6234898018587336,1.2246467991473532e-16,-1.0
2024-07-17,488.2799987792969,488.7999877929688,481.7000122070313,481.7699890136719,477.29388427734375,56268800.0,-0.0297943559190192,104.22000122070312,104.29000091552734,103.6500015258789,103.75,103.75,0.0,4.178999900817871,4.196000099182129,4.144000053405762,4.145999908447266,4.145999908447266,0.0,13.600000381469728,14.880000114440918,13.539999961853027,14.479999542236328,14.479999542236328,0.0,-0.029794355919019244,0.014540787260767355,-0.029354879550374302,494.62799682617197,488.11499786376953,471.22279724121097,426.6983494567872,491.17229740462255,484.7322770216242,6.440020382998341,7.957109606487604,47.54546271430265,55.61260035861353,65.12620817203559,-1.8878338566992652,-79.7872947814454,6.477598524999719,471.44892678779945,504.7810689397396,6.828747794642236,0.17154654613148132,0.0003828086500421796,0.0026843318820875994,0.010372530776452765,0.008302660298650363,0.0,0.9749279121818236,-0.22252093395631434,1.2246467991473532e-16,-1.0
2024-07-18,485.5299987792969,485.7099914550781,476.2699890136719,479.489990234375,475.03509521484375,49347400.0,-0.0047437247987201,103.6999969482422,104.2300033569336,103.6500015258789,104.16999816894533,104.16999816894533,0.0,4.183000087738037,4.190000057220459,4.156000137329102,4.189000129699707,4.189000129699707,0.0,14.270000457763672,16.43000030517578,14.079999923706056,15.93000030517578,15.93000030517578,0.0,-0.004743724798720169,0.019442675972936762,-0.0047324911064384745,493.47299499511723,488.0159973144531,471.992197265625,427.24614944458017,489.37501937843064,484.343959481828,5.031059896602642,7.371899664510612,45.472575692587924,35.24085134330809,54.283522892925646,-2.3521542256348025,-88.15119982535782,6.689198804743043,471.16126879900736,504.87072582989884,6.907449185353405,0.17014271181967136,-0.029794355919019244,0.0003828086500421796,-0.022174214253256445,0.0,-0.0077379255561195156,0.43388373911755823,-0.900968867902419,1.2246467991473532e-16,-1.0
2024-07-19,479.1499938964844,481.6900024414063,473.9400024414063,475.239990234375,470.8245849609375,42042900.0,-0.0089030924022063,104.16000366210938,104.41999816894533,104.12999725341795,104.4000015258789,104.4000015258789,0.0,4.224999904632568,4.249000072479248,4.224999904632568,4.238999843597412,4.238999843597412,0.0,16.440000534057617,17.190000534057617,10.619999885559082,16.520000457763672,16.520000457763672,0.0,-0.00890309240220638,0.01617447583996904,-0.008863577231071673,491.3809936523438,487.76899719238276,472.65579711914063,427.7959494018556,487.2003995101144,483.66959138942406,3.530808120690324,6.603681355746555,41.813107334575555,12.152109171063046,34.33518695766155,-4.216384487529378,-95.60517788000766,6.7649703186899695,470.2972629951962,505.2407313895693,7.163937969717029,0.17279420620734134,-0.004743724798720169,-0.029794355919019244,0.005857588394473249,0.010372714762133603,-0.002682728059583535,-0.433883739117558,-0.9009688679024191,1.2246467991473532e-16,-1.0
2024-07-22,481.1600036621094,483.3500061035156,477.7099914550781,482.3200073242188,477.83880615234375,40300000.0,0.0147878564294707,104.37000274658205,104.41999816894533,104.18000030517578,104.30999755859376,104.30999755859376,0.0,4.224999904632568,4.277999877929688,4.211999893188477,4.260000228881836,4.260000228881836,0.0,16.790000915527344,16.889999389648438,14.75,14.90999984741211,14.90999984741211,0.0,0.014787856429470768,0.011721702979282031,0.014897737746613515,489.87899475097663,488.18699798583987,473.4405975341797,428.36049942016615,486.4495699430535,483.56962219940885,2.8799477436446637,5.858934633326177,49.15409482937029,14.857868110930973,20.75027620843403,-3.0200645683576397,-71.67001796184161,6.861045000865016,471.7361111872489,504.6378847844308,6.73958416199692,0.1756913440645404,-0.00890309240220638,-0.004743724798720169,0.0026843318820875994,0.0023755039456983484,-0.011450061830775665,0.0,1.0,1.2246467991473532e-16,-1.0
2024-07-23,481.4100036621094,484.4299926757813,480.1400146484375,480.6199951171875,476.1545715332031,23282500.0,-0.0035309183656174,104.30999755859376,104.54000091552734,104.1999969482422,104.4499969482422,104.4499969482422,0.0,4.236999988555908,4.247000217437744,4.2210001945495605,4.238999843597412,4.238999843597412,0.0,15.210000038146973,15.350000381469728,13.899999618530272,14.720000267028809,14.720000267028809,0.0,-0.0035309183656174513,0.008911277278639279,-0.0035246920037793616,488.1639953613282,488.2489974975586,474.1343975830078,428.9225993347169,485.55271227753565,483.35113130442954,2.201580973106104,5.127463901282162,47.60117370588108,18.435871960921983,15.148616414305334,-3.4453651837200914,-77.4171882753848,6.677397359899216,471.92903884633637,504.56895614878084,6.685096635064301,0.17180305176279423,0.014787856429470768,-0.00890309240220638,0.0003828086500421796,0.0008642058049610664,0.011370706932723275,0.7818314824680298,0.6234898018587336,1.2246467991473532e-16,-1.0
2024-07-24,473.8200073242188,474.1900024414063,462.510009765625,463.3800048828125,459.0747375488281,58818600.0,-0.0365295079203312,104.4800033569336,104.55999755859376,104.12000274658205,104.38999938964844,104.38999938964844,0.0,4.229000091552734,4.291999816894531,4.210000038146973,4.285999774932861,4.285999774932861,0.0,15.350000381469728,18.459999084472656,15.18000030517578,18.040000915527344,18.040000915527344,0.0,-0.03652950792033129,0.024650695401701533,-0.03587035598414701,484.2059967041016,487.39949798583984,474.3439978027344,429.422649383545,482.1415265245013,481.871788606532,0.26973791796928026,4.155918704619586,35.39036567799921,17.678072242166667,16.990604104673206,-7.869410538551894,-97.8785770362736,7.494010787875165,467.89470712471115,506.90428884696854,8.003615490673058,0.2151808366176225,-0.0035309183656174513,0.014787856429470768,-0.029794355919019244,0.010372530776452765,0.002063043145729605,0.9749279121818236,-0.22252093395631434,1.2246467991473532e-16,-1.0
2024-07-25,463.7200012207031,467.9400024414063,455.6300048828125,458.2699890136719,454.01220703125,59256800.0,-0.0110889382955384,104.37999725341795,104.45999908447266,104.08000183105467,104.36000061035156,104.36000061035156,0.0,4.205999851226807,4.265999794006348,4.196000099182129,4.25600004196167,4.25600004196167,0.0,18.40999984741211,19.36000061035156,16.420000076293945,18.459999084472656,18.459999084472656,0.0,-0.011088938295538446,0.026546186332676604,-0.01102768264838283,480.83999633789057,486.23249816894537,474.4697973632813,429.91414932250984,478.468982292066,480.12350715520904,-1.654524863143024,2.993829991067064,32.711806831931725,10.072278831982118,15.395407678356921,-6.8424377783962225,-94.48739819239526,7.838009842926497,462.8597872210215,509.6052091168692,9.613800408627897,0.21695379881748525,-0.03652950792033129,-0.0035309183656174513,-0.004743724798720169,-0.022174214253256445,0.0025779658963553382,0.43388373911755823,-0.900968867902419,1.2246467991473532e-16,-1.0
2024-07-26,462.6499938964844,465.9299926757813,459.7699890136719,462.9700012207031,458.6685791015625,39992100.0,0.0102038139554017,104.36000061035156,104.4499969482422,104.20999908447266,104.31999969482422,104.31999969482422,0.0,4.244999885559082,4.251999855041504,4.191999912261963,4.199999809265137,4.199999809265137,0.0,17.969999313354492,18.049999237060547,16.3700008392334,16.389999389648438,16.389999389648438,0.0,0.010203813955401732,0.013314608761213346,0.010256050384107818,477.654995727539,485.42549896240246,474.6939971923828,430.4559992980958,476.08452366570253,478.8528770859864,-2.7683534202838587,1.8413933087968795,37.40448508681784,7.653604254966693,11.801318443038491,-6.436685184931647,-84.67321200643106,7.825295115725279,459.9935017021829,510.857496222622,10.478228817637497,0.2212428125509953,-0.011088938295538446,-0.03652950792033129,-0.00890309240220638,0.005857588394473249,-0.005204449232705119,-0.433883739117558,-0.9009688679024191,1.2246467991473532e-16,-1.0
2024-07-29,465.7099914550781,467.9100036621094,461.6199951171875,463.8999938964844,459.5899353027344,28218500.0,0.0020067475463902,104.33000183105467,104.75,104.13999938964844,104.55999755859376,104.55999755859376,0.0,4.163000106811523,4.185999870300293,4.151000022888184,4.177999973297119,4.177999973297119,0.0,16.59000015258789,17.209999084472656,16.229999542236328,16.600000381469727,16.600000381469727,0.0,0.0020067475463902457,0.0135062778560305,0.0020087624117977043,474.42999572753905,484.52449798583996,474.8737969970703,430.99714920043954,474.2099806242843,477.74525610898627,-3.5352754847019696,0.7660595500971097,38.32109342514294,12.702704482391583,10.142862523113465,-6.500050467949531,-82.73127635399892,7.715631789239322,457.3523036596665,511.6966923120134,11.21602496432184,0.219917821513936,0.010203813955401732,-0.011088938295538446,0.014787856429470768,0.0026843318820875994,0.005847935579929815,0.0,1.0,1.2246467991473532e-16,-1.0
2024-07-30,465.8500061035156,466.55999755859375,454.1499938964844,457.5299987792969,453.2791442871094,41317200.0,-0.0138264986593392,104.55999755859376,104.8000030517578,104.45999908447266,104.5500030517578,104.5500030517578,0.0,4.173999786376953,4.184000015258789,4.130000114440918,4.14300012588501,4.14300012588501,0.0,16.639999389648438,18.31999969482422,16.260000228881836,17.690000534057617,17.690000534057617,0.0,-0.013826498659339253,0.02663948373835971,-0.013731351648221035,470.5489959716797,483.0519973754884,474.90839721679686,431.4891491699219,471.6438295712093,476.24782964012036,-4.604000068911034,-0.3079523737045191,34.58535018476693,13.158409264814171,11.171572667390816,-7.819236379284913,-93.12028384512749,8.050944065872898,453.36461934253873,512.739375408438,12.291586907515844,0.21871209908105954,0.0020067475463902457,0.010203813955401732,-0.0035309183656174513,0.0003828086500421796,0.010444892375927295,0.7818314824680298,0.6234898018587336,1.2246467991473532e-16,-1.0
2024-07-31,467.8699951171875,472.7900085449219,466.4100036621094,471.0700073242188,466.69329833984375,44552100.0,0.0291641449216621,104.43000030517578,104.52999877929688,103.93000030517578,104.0999984741211,104.0999984741211,0.0,4.127999782562256,4.133999824523926,4.091000080108643,4.109000205993652,4.109000205993652,0.0,16.65999984741211,16.770000457763672,15.710000038146973,16.360000610351562,16.360000610351562,0.0,0.02916414492166219,0.013636277062850545,0.029593583163486148,469.4789978027344,482.0534973144532,475.2155975341796,432.09279922485354,471.55554922551846,475.8642872463499,-4.308738020831413,-1.108109503129898,46.51967125336045,20.085336881820027,15.315483543008591,-2.2209730646276142,-63.89242915541349,8.565877330140905,452.1547675951019,511.9522270338045,12.404735111732949,0.24421104498756852,-0.013826498659339253,0.0020067475463902457,-0.03652950792033129,-0.029794355919019244,0.008302660298650363,0.9749279121818236,-0.22252093395631434,1.2246467991473532e-16,-1.0
2024-08-01,471.760009765625,475.5499877929688,455.9800109863281,459.6600036621094,455.3892822265625,56653900.0,-0.0245196746813679,104.06999969482422,104.4499969482422,103.86000061035156,104.41999816894533,104.41999816894533,0.0,4.052999973297119,4.052999973297119,3.964999914169312,3.9760000705718994,3.9760000705718994,0.0,16.200000762939453,19.479999542236328,15.949999809265137,18.59000015258789,18.59000015258789,0.0,-0.024519674681367978,0.04148290741379974,-0.024221509401340713,467.4959991455078,480.4844970703125,475.33559753417967,432.6727992248536,469.7254652926863,474.6639699438135,-4.938504651127232,-1.8741885327293648,39.91161766825238,18.248577740508697,17.164107962380964,-4.135641405688722,-88.24155377793292,9.351884435605175,449.3053453888435,511.6636487517815,12.978213395678557,0.256640028042476,0.02916414492166219,-0.013826498659339253,-0.011088938295538446,-0.004743724798720169,0.0,0.43388373911755823,-0.900968867902419,-0.4999999999999997,-0.8660254037844388
2024-08-02,450.8900146484375,453.5700073242188,444.4700012207031,448.75,444.5806884765625,66323200.0,-0.0240210536351497,104.30999755859376,104.43000030517578,103.12999725341795,103.20999908447266,103.20999908447266,0.0,3.940000057220459,3.940000057220459,3.7920000553131104,3.7920000553131104,3.7920000553131104,0.0,20.520000457763672,29.65999984741211,20.01000022888184,23.38999938964844,23.38999938964844,0.0,-0.024021053635149732,0.020182318986618118,-0.023734844388855314,464.84700012207037,478.113996887207,475.1515972900391,433.18999923706053,466.49847063227304,472.7444166146422,-6.2459459823691645,-2.748540022657325,34.81863235893662,18.598782097068764,18.977565573132495,-5.574023815064654,-92.06967077544729,9.768892864590967,444.8158730329298,511.4121207414842,13.928947519238868,0.26132950461862137,-0.024519674681367978,0.02916414492166219,0.010203813955401732,-0.00890309240220638,0.010372714762133603,-0.433883739117558,-0.9009688679024191,-0.4999999999999997,-0.8660254037844388
2024-08-05,424.7099914550781,442.2900085449219,423.4500122070313,435.3699951171875,431.3250122070313,87483500.0,-0.0302696702923424,103.22000122070312,103.27999877929688,102.16000366210938,102.69000244140624,102.69000244140624,0.0,3.697000026702881,3.8320000171661377,3.6689999103546143,3.785000085830689,3.785000085830689,0.0,23.38999938964844,65.7300033569336,23.38999938964844,38.56999969482422,38.56999969482422,0.0,-0.030269670292342486,0.044359672993196556,-0.029816131498995646,460.1519989013673,475.01549682617184,474.69999694824224,433.6208491516113,461.70947439918297,469.97594094816407,-8.2664665489811,-3.8521253279220806,29.796833972416014,12.643000315073845,16.496786717550435,-9.734203743174017,-81.75977450139824,10.878256788046517,437.932288602125,512.0987050502187,15.613473022172629,0.27443657895648743,-0.024021053635149732,-0.024519674681367978,0.0020067475463902457,0.014787856429470768,0.0023755039456983484,0.0,1.0,-0.4999999999999997,-0.8660254037844388
2024-08-06,437.2300109863281,447.0700073242188,434.55999755859375,439.5299987792969,435.4463195800781,63164400.0,0.0095096325418528,102.77999877929688,103.2300033569336,102.6999969482422,102.97000122070312,102.97000122070312,0.0,3.8350000381469727,3.908999919891357,3.805000066757202,3.888000011444092,3.888000011444092,0.0,33.709999084472656,34.77000045776367,24.020000457763672,27.709999084472656,27.709999084472656,0.0,0.009509632541852895,0.028611964987042566,0.009554992769741366,456.0429992675782,472.1034973144531,474.29699707031256,434.06414916992185,458.29724738073895,467.7206859726924,-9.42343859195347,-4.966387980728358,33.030866391941366,17.332572707218326,16.191451706453645,-8.549373050505697,-74.17283660149947,10.99481057215927,433.43108252536484,510.7759121035413,16.38302406530565,0.279251384118129,-0.030269670292342486,-0.024021053635149732,-0.013826498659339253,-0.0035309183656174513,0.0008642058049610664,0.7818314824680298,0.6234898018587336,-0.4999999999999997,-0.8660254037844388
2024-08-07,446.489990234375,449.0,434.3699951171875,434.7699890136719,430.7305603027344,54929200.0,-0.0108887826047418,102.9499969482422,103.37000274658205,102.91999816894533,103.1999969482422,103.1999969482422,0.0,3.937000036239624,3.9769999980926514,3.927999973297119,3.9679999351501465,3.9679999351501465,0.0,24.770000457763672,29.76000022888184,21.96999931335449,27.850000381469727,27.850000381469727,0.0,-0.010888782604741817,0.03276670295594489,-0.010829714399449686,453.1819976806641,468.6939971923828,473.86359680175786,434.45319915771483,454.6776691704209,465.2798936053576,-10.602224434936659,-6.093555271570018,31.25656368425486,20.876940079678427,16.950837700656862,-6.174201641776929,-81.43656865806699,11.254467308634501,429.4563589742865,507.93163541047915,16.743392683986357,0.27261373414187434,0.009509632541852895,-0.030269670292342486,0.02916414492166219,-0.03652950792033129,0.010372530776452765,0.9749279121818236,-0.22252093395631434,-0.4999999999999997,-0.8660254037844388
2024-08-08,441.05999755859375,448.989990234375,437.1499938964844,448.0700073242188,443.9070434570313,47890100.0,0.0301324344234904,103.08999633789062,103.5500030517578,102.91999816894533,103.20999908447266,103.20999908447266,0.0,3.931999921798706,4.021999835968018,3.9260001182556152,3.996999979019165,3.996999979019165,0.0,28.34000015258789,29.46999931335449,23.36000061035156,23.790000915527344,23.790000915527344,0.0,0.03013243442349042,0.026844412105901102,0.030591010642560423,452.1619995117188,466.50099792480466,473.79399719238285,434.8763491821289,453.66110580946673,464.00508721416213,-10.343981404695398,-6.943640498195095,40.821854525172036,28.25483091474299,22.154781233879913,-2.225758163087735,-59.626101996204575,11.466291159496546,427.83286673083154,505.1691291187778,16.577941468929524,0.29687099922761334,-0.010888782604741817,0.009509632541852895,-0.024519674681367978,-0.011088938295538446,-0.022174214253256445,0.43388373911755823,-0.900968867902419,-0.4999999999999997,-0.8660254037844388
2024-08-09,446.739990234375,452.05999755859375,445.6099853515625,450.4100036621094,446.2252807617188,33574000.0,0.0052087593787694,103.2699966430664,103.3000030517578,103.02999877929688,103.13999938964844,103.13999938964844,0.0,3.947000026702881,3.947000026702881,3.921000003814697,3.941999912261963,3.941999912261963,0.0,23.780000686645508,24.520000457763672,20.26000022888184,20.3700008392334,20.3700008392334,0.0,0.00520875937876947,0.014437955741654903,0.005222348549898337,450.90599975585945,464.28049774169926,473.7879974365235,435.28984924316404,453.16093624833485,462.9980439880842,-9.837107739749342,-7.522333946505945,42.34196244232075,34.38284876194741,27.838206585456273,-2.7129182291459646,-55.788783059886235,11.107985520034738,427.40044425561683,501.1605512277817,15.886970771105064,0.2965746365541798,0.03013243442349042,-0.010888782604741817,-0.024021053635149732,0.010203813955401732,0.005857588394473249,-0.433883739117558,-0.9009688679024191,-0.4999999999999997,-0.8660254037844388
2024-08-12,451.3900146484375,454.3699951171875,448.5499877929688,451.3800048828125,447.1862182617188,27795000.0,0.0021511652169528,103.1500015258789,103.30999755859376,103.08999633789062,103.13999938964844,103.13999938964844,0.0,3.940000057220459,3.9670000076293945,3.8959999084472656,3.908999919891357,3.908999919891357,0.0,20.790000915527344,21.190000534057617,18.88999938964844,20.709999084472656,20.709999084472656,0.0,0.0021511652169528186,0.012893522531178658,0.0021534806328311618,449.65400085449227,462.0419982910157,473.75299743652346,435.70069931030275,452.8869468074853,462.1374484988048,-9.250501691319528,-7.867967495468662,42.99563904099311,46.06452376811256,36.23406781493431,-2.6988551796501232,-46.39154363957153,10.730272791762165,427.9795248065633,496.10447177546814,14.744319178967052,0.2964045130461887,0.00520875937876947,0.03013243442349042,-0.030269670292342486,0.0020067475463902457,0.0026843318820875994,0.0,1.0,-0.4999999999999997,-0.8660254037844388
2024-08-13,455.8200073242188,462.8500061035156,455.6799926757813,462.5799865722656,458.28216552734375,40084500.0,0.0245099728255613,103.08999633789062,103.2699966430664,102.5500030517578,102.55999755859376,102.55999755859376,0.0,3.8959999084472656,3.8980000019073486,3.848000049591065,3.8519999980926514,3.8519999980926514,0.0,20.059999465942383,20.790000915527344,17.950000762939453,18.1200008392334,18.1200008392334,0.0,0.024509972825561326,0.015729922584627534,0.02481281133563673,450.1589996337891,460.35399780273445,473.917197265625,436.15009918212894,454.37818369437457,462.17022909683897,-7.792045402464396,-7.852783076867809,50.03877219315812,57.641741836937484,46.02970478899915,1.103750094298136,-24.894447789729803,10.78311053668652,430.34295659656004,490.36503900890887,13.038245067672637,0.31378587171905603,0.0021511652169528186,0.00520875937876947,0.009509632541852895,-0.013826498659339253,0.0003828086500421796,0.7818314824680298,0.6234898018587336,-0.4999999999999997,-0.8660254037844388
2024-08-14,463.510009765625,465.1099853515625,458.3999938964844,462.7300109863281,458.4308166503906,34733700.0,0.0003243133395943,102.61000061035156,102.72000122070312,102.2699966430664,102.56999969482422,102.56999969482422,0.0,3.8310000896453857,3.871000051498413,3.811000108718872,3.819999933242798,3.819999933242798,0.0,18.40999984741211,18.489999771118164,16.1200008392334,16.190000534057617,16.190000534057617,0.0,0.00032431333959433167,0.014476475833760417,0.00032436593485107856,449.32500000000005,459.4019989013672,473.90119750976567,436.59904922485356,455.663080200829,462.2116944219863,-6.548614221157322,-7.591949305725711,50.12766095663922,68.0358385484637,57.24736805117124,-1.7704367096652351,-24.606492925307567,10.492173459428777,431.0916063749047,487.71239142782974,12.324888700599978,0.29816365685765334,0.024509972825561326,0.0021511652169528186,-0.010888782604741817,0.02916414492166219,-0.029794355919019244,0.9749279121818236,-0.22252093395631434,-0.4999999999999997,-0.8660254037844388
2024-08-15,468.760009765625,474.8200073242188,468.3800048828125,474.4200134277344,470.01220703125,38280600.0,0.0249492770830977,102.62999725341795,103.2300033569336,102.54000091552734,102.9800033569336,102.9800033569336,0.0,3.846999883651733,3.953000068664551,3.8450000286102295,3.9260001182556152,3.9260001182556152,0.0,16.270000457763672,16.68000030517578,14.770000457763672,15.229999542236328,15.229999542236328,0.0,0.024949277083097705,0.01373837850337583,0.025263114869722214,450.8010009765625,459.1485000610352,474.1221978759766,437.12079925537114,458.5487622357375,463.116014348338,-4.5672521126004995,-6.987009867100669,56.60622220424455,82.77673384051491,69.4847714086387,3.2110711499873954,-2.1688577634178974,10.606303665033199,431.51271024138856,486.7842898806818,12.037843885354283,0.31282950758727984,0.00032431333959433167,0.024509972825561326,0.03013243442349042,-0.024519674681367978,-0.004743724798720169,0.43388373911755823,-0.900968867902419,-0.4999999999999997,-0.8660254037844388
2024-08-16,472.6199951171875,476.4100036621094,471.6499938964844,475.0299987792969,470.6165161132813,38383600.0,0.0012849047670009,103.04000091552734,103.0500030517578,102.38999938964844,102.45999908447266,102.45999908447266,0.0,3.878999948501587,3.924999952316284,3.86899995803833,3.891999959945679,3.891999959945679,0.0,15.289999961853027,15.760000228881836,14.649999618530272,14.800000190734863,14.800000190734863,0.0,0.001284904767000926,0.010071536995477184,0.0012857306108033928,453.4290008544922,459.1380004882813,474.36359802246096,437.60399917602535,461.0843370885928,463.9985317135942,-2.9141946250014144,-6.172446818680819,56.92069063324556,90.20629982992145,80.33962407296667,5.856267137447771,-2.6057498215101726,10.188711243646898,431.5278043710252,486.74819660553743,12.0269705787338,0.31130001378895555,0.024949277083097705,0.00032431333959433167,0.00520875937876947,-0.024021053635149732,-0.00890309240220638,-0.433883739117558,-0.9009688679024191,-0.4999999999999997,-0.8660254037844388
2024-08-19,475.1700134277344,481.30999755859375,473.3699951171875,481.2699890136719,476.7985534667969,23737700.0,0.013050510369379,102.4000015258789,102.4800033569336,101.8499984741211,101.88999938964844,101.88999938964844,0.0,3.859999895095825,3.900000095367432,3.8519999980926514,3.867000102996826,3.867000102996826,0.0,15.9399995803833,16.06999969482422,14.460000038146973,14.649999618530272,14.649999618530272,0.0,0.01305051036937909,0.01670981378671067,0.013136039943034028,458.01900024414067,459.085499572754,474.69239807128906,438.12429916381836,464.1898220001434,465.27789892100736,-1.088076920863955,-5.155572839117446,60.105692618558535,98.3854150802568,90.45614958356438,10.542755451975873,-0.0691471743015093,10.028089186343994,431.6575143867309,486.51348475877705,11.948966025521965,0.31026312605877854,0.001284904767000926,0.024949277083097705,0.0021511652169528186,-0.030269670292342486,0.014787856429470768,0.0,1.0,-0.4999999999999997,-0.8660254037844388
2024-08-20,480.3500061035156,482.9400024414063,478.5499877929688,480.260009765625,475.7979431152344,29209300.0,-0.002100807053479,101.87999725341795,102.01000213623048,101.36000061035156,101.44000244140624,101.44000244140624,0.0,3.864000082015991,3.865000009536743,3.813999891281128,3.818000078201294,3.818000078201294,0.0,14.890000343322754,15.93000030517578,14.779999732971191,15.880000114440918,15.880000114440918,0.0,-0.002100807053479062,0.00913919973489383,-0.002098601902810082,462.09200134277353,459.0675003051758,474.9371984863281,438.5989492797852,466.66215857944826,466.3876849094976,0.27447366995068023,-4.069563537303821,59.34096147398677,97.60671858658266,95.39947783225364,9.266719245431997,-4.504947244440349,9.62536957649353,431.6986083672785,486.43639224307316,11.923689618499774,0.3100954102723957,0.01305051036937909,0.001284904767000926,0.024509972825561326,0.009509632541852895,-0.0035309183656174513,0.7818314824680298,0.6234898018587336,-0.4999999999999997,-0.8660254037844388
2024-08-21,481.0499877929688,484.3699951171875,479.3200073242188,482.5,478.0171203613281,25658800.0,0.00465327364891,101.3499984741211,101.62999725341795,100.91999816894533,101.04000091552734,101.04000091552734,0.0,3.809999942779541,3.8310000896453857,3.763000011444092,3.7780001163482666,3.7780001163482666,0.0,16.25,17.170000076293945,15.920000076293944,16.270000457763672,16.270000457763672,0.0,0.004653273648910036,0.010497844134946895,0.004664116939144147,466.8650024414063,460.02350006103524,475.1041986083984,439.08334930419926,469.09874956722547,467.5811897310163,1.5175598362091591,-2.952138862601225,60.54009505221816,97.45210442018299,97.81474602900748,10.978221172673258,-3.06959232070918,9.298556591956041,430.75083343690227,489.2961666851682,12.726596193563639,0.27868283387575293,-0.002100807053479062,0.01305051036937909,0.00032431333959433167,-0.010888782604741817,-0.03652950792033129,0.9749279121818236,-0.22252093395631434,-0.4999999999999997,-0.8660254037844388
2024-08-22,484.8399963378906,485.5400085449219,473.80999755859375,474.8500061035156,470.438232421875,37739600.0,-0.0159818788168369,101.12999725341795,101.62999725341795,101.08999633789062,101.51000213623048,101.51000213623048,0.0,3.836999893188477,3.877000093460083,3.822000026702881,3.861999988555908,3.861999988555908,0.0,16.270000457763672,18.059999465942383,15.760000228881836,17.549999237060547,17.549999237060547,0.0,-0.0159818788168369,0.024193571229534753,-0.015854846231708852,469.5430023193359,460.8525009155274,475.06679870605467,439.52784927368174,469.98355826511624,468.1196205734237,1.8639376916925698,-1.9889235517424662,54.61590181660027,91.7361707800982,95.59833126228794,5.976744334935833,-17.21694809455585,9.472231905839761,430.85871757467385,490.84628425638095,13.016652087714851,0.2822541861120785,0.004653273648910036,-0.002100807053479062,0.024949277083097705,0.03013243442349042,-0.011088938295538446,0.43388373911755823,-0.900968867902419,-0.4999999999999997,-0.8660254037844388
2024-08-23,479.239990234375,482.739990234375,475.2799987792969,480.0,475.5403137207031,36061500.0,0.0107869904499693,101.45999908447266,101.5500030517578,100.5999984741211,100.72000122070312,100.72000122070312,0.0,3.845999956130981,3.8559999465942383,3.7909998893737793,3.806999921798706,3.806999921798706,0.0,17.1200008392334,17.209999084472656,15.609999656677246,15.859999656677246,15.859999656677246,0.0,0.01078699044996937,0.015566295816485963,0.010845379791013077,472.50200195312505,461.7040008544922,475.0829986572266,439.9976492309571,471.52454930125225,468.99964867909597,2.524900622156281,-1.086158716962717,57.62234724081487,89.6289298276096,92.93906834263026,6.5695690809053575,-10.826670101906144,9.359214207626877,430.51402167277024,492.8939800362142,13.51081174258727,0.282492600115758,-0.0159818788168369,0.004653273648910036,0.001284904767000926,0.00520875937876947,0.010203813955401732,-0.433883739117558,-0.9009688679024191,-0.4999999999999997,-0.8660254037844388
2024-08-26,479.4500122070313,480.3800048828125,473.239990234375,475.3399963378906,470.9236755371094,27452600.0,-0.0097556269453257,100.68000030517578,100.91999816894533,100.52999877929688,100.8499984741211,100.8499984741211,0.0,3.809999942779541,3.822000026702881,3.7739999294281006,3.818000078201294,3.818000078201294,0.0,16.270000457763672,16.670000076293945,15.8100004196167,16.149999618530273,16.149999618530273,0.0,-0.009755626945325776,0.014892093996556976,-0.00970819518427879,474.89800109863285,462.2760009765625,474.88859863281255,440.42064926147464,472.11154115304277,469.4693040612289,2.642237091813854,-0.3404795552074027,54.128228532461506,84.00760278709299,88.45756779826692,5.308164118013741,-19.933573442259057,9.200699953399065,430.5023123878408,494.0496895652842,13.746631242634049,0.2854518270585926,0.01078699044996937,-0.0159818788168369,0.01305051036937909,0.0021511652169528186,0.0020067475463902457,0.0,1.0,-0.4999999999999997,-0.8660254037844388
2024-08-27,473.6900024414063,477.8399963378906,471.7099914550781,476.760009765625,472.3304443359375,27510000.0,0.0029828013728291,100.81999969482422,100.93000030517578,100.51000213623048,100.5500030517578,100.5500030517578,0.0,3.849999904632568,3.867000102996826,3.822000026702881,3.8329999446868896,3.8329999446868896,0.0,16.209999084472656,16.809999465942383,15.369999885559082,15.43000030517578,15.43000030517578,0.0,0.002982801372829159,0.012940963185244254,0.0029872543511932914,476.3160034179688,463.23750152587894,474.71959899902345,440.8620993041992,472.8266901703631,470.0093563356286,2.8173338347345407,0.29108312278098597,55.02323424887461,83.69850659745728,85.77834640405328,3.065420814772783,-18.14423666346292,8.98136459121431,430.90952140550513,495.56548164625275,13.957410621500726,0.27988337490739407,-0.009755626945325776,0.01078699044996937,-0.002100807053479062,0.024509972825561326,-0.013826498659339253,0.7818314824680298,0.6234898018587336,-0.4999999999999997,-0.8660254037844388
2024-08-28,476.2900085449219,477.0199890136719,467.8900146484375,471.3500061035156,466.9707336425781,37372400.0,-0.0114122477206422,100.56999969482422,101.18000030517578,100.56999969482422,101.08999633789062,101.08999633789062,0.0,3.8239998817443848,3.8440001010894775,3.819999933242798,3.8410000801086426,3.8410000801086426,0.0,15.510000228881836,17.889999389648438,15.460000038146973,17.110000610351562,17.110000610351562,0.0,-0.011412247720642284,0.019168939514659734,-0.011347375037183416,477.1780029296875,463.2515014648437,474.44239929199216,441.26854934692386,472.5995080062327,470.1086637258424,2.49084428039032,0.7310353543028527,50.94500445491336,75.46167144640103,81.05592694365043,1.862856290391372,-35.53717555507491,8.991979575072888,430.90900023641797,495.5940026932695,13.963258025567454,0.2643955005834626,0.002982801372829159,-0.009755626945325776,0.004653273648910036,0.00032431333959433167,0.02916414492166219,0.9749279121818236,-0.22252093395631434,-0.4999999999999997,-0.8660254037844388
2024-08-29,473.2799987792969,477.9299926757813,469.3699951171875,470.6600036621094,466.2871398925781,41081500.0,-0.0014649624538744,101.0,101.58000183105467,100.88999938964844,101.33999633789062,101.33999633789062,0.0,3.8310000896453857,3.888000011444092,3.8310000896453857,3.867000102996826,3.867000102996826,0.0,16.540000915527344,16.56999969482422,15.1899995803833,15.649999618530272,15.649999618530272,0.0,-0.001464962453874484,0.018086539850980608,-0.0014638899201833144,476.802001953125,463.80150146484374,474.22619934082036,441.67154937744147,472.3011227225214,470.1495037211214,2.151619001400036,1.0151520837222894,50.43159245850975,68.69716958227892,75.95244920871241,-0.7925487245907977,-40.227079034625405,8.961123716752954,431.3422488533299,496.26075407635756,13.997045075963058,0.24817088694310255,-0.011412247720642284,0.002982801372829159,-0.0159818788168369,0.024949277083097705,-0.024519674681367978,0.43388373911755823,-0.900968867902419,-0.4999999999999997,-0.8660254037844388
2024-08-30,475.0400085449219,476.8999938964844,470.510009765625,476.2699890136719,471.8450012207031,33466500.0,0.0118489200187121,101.37999725341795,101.77999877929688,101.25,101.6999969482422,101.6999969482422,0.0,3.861000061035156,3.9149999618530273,3.8519999980926514,3.91100001335144,3.91100001335144,0.0,15.670000076293944,16.040000915527344,14.779999732971191,15.0,15.0,0.0,0.011848920018712131,0.013451465173285736,0.011919396553388584,476.9260009765625,465.17750091552733,474.14799926757814,442.1053492736816,472.91171753654453,470.60287300205107,2.30884453449346,1.2738905738765234,54.4508043536573,64.39694013711573,69.5185937219319,0.2610340899651498,-31.04492499895248,8.777470889189127,433.0735164895558,497.28148534149886,13.80289646975053,0.23199041446965796,-0.001464962453874484,-0.011412247720642284,0.01078699044996937,0.001284904767000926,-0.024021053635149732,-0.433883739117558,-0.9009688679024191,-0.4999999999999997,-0.8660254037844388
2024-09-02,475.0400085449219,476.8999938964844,470.510009765625,476.2699890136719,471.8450012207031,33466500.0,0.0,101.37999725341795,101.77999877929688,101.25,101.6999969482422,101.6999969482422,0.0,3.861000061035156,3.9149999618530273,3.8519999980926514,3.91100001335144,3.91100001335144,0.0,15.670000076293944,16.040000915527344,14.779999732971191,15.0,15.0,0.0,0.0,0.013451465173285736,0.0,476.4260009765625,467.2225006103516,474.19419921875004,442.54084915161127,473.42837468687185,471.02265937328224,2.40571531358961,1.500255521819141,54.450804353657304,64.85723848857573,65.98378273599013,-1.0389178868699334,-34.15628050069491,8.606936120737002,438.03498330238943,496.4100179183137,12.494054661251678,0.19664691129772616,0.011848920018712131,-0.001464962453874484,-0.009755626945325776,0.01305051036937909,-0.030269670292342486,0.0,1.0,-0.8660254037844384,-0.5000000000000004
2024-09-03,473.2000122070313,473.3299865722656,459.4100036621094,461.80999755859375,457.5193481445313,44985200.0,-0.0308313695627504,101.66000366210938,101.91999816894533,101.55999755859376,101.83000183105467,101.83000183105467,0.0,3.9149999618530273,3.92300009727478,3.825000047683716,3.8440001010894775,3.8440001010894775,0.0,15.760000228881836,21.989999771118164,15.710000038146973,20.71999931335449,20.71999931335449,0.0,-0.030831369562750448,0.029416700234711896,-0.030360930049296186,474.58099975585935,468.33650054931644,473.8427990722657,442.89894912719717,471.64093205175215,470.3402399796016,1.3006920721505253,1.460342831885418,43.82752586178281,47.99453814383081,59.082905589840756,-3.841671559544416,-90.81518006886016,9.196439637224538,442.04189971987086,494.631101378762,11.228935092013709,0.2319549442488182,0.0,0.011848920018712131,0.002982801372829159,-0.002100807053479062,0.009509632541852895,0.7818314824680298,0.6234898018587336,-0.8660254037844384,-0.5000000000000004
2024-09-04,458.6700134277344,464.4500122070313,457.7300109863281,460.6099853515625,456.3304748535156,32505100.0,-0.0026019022640451,101.69000244140624,101.77999877929688,101.23999786376952,101.36000061035156,101.36000061035156,0.0,3.822999954223633,3.8420000076293945,3.766999959945679,3.767999887466431,3.767999887466431,0.0,23.200000762939453,23.309999465942383,19.34000015258789,21.31999969482422,21.31999969482422,0.0,-0.002601902264045129,0.014651058547480018,-0.002598520250208347,472.3919982910156,469.628500366211,473.4475988769531,443.25294906616205,469.9438633286461,469.6194803775246,0.3243829511214926,1.233150855732633,43.076428448966595,28.46147840545439,47.10441834595364,-4.536790600712435,-89.64410421408176,9.019551178901585,448.1868698037257,491.07013092869624,9.131315729673702,0.22744518356058183,-0.030831369562750448,0.0,-0.011412247720642284,0.004653273648910036,-0.010888782604741817,0.9749279121818236,-0.22252093395631434,-0.8660254037844384,-0.5000000000000004
2024-09-05,458.9700012207031,465.3599853515625,457.9400024414063,461.0400085449219,456.7565307617188,34452400.0,0.0009332209011936,101.27999877929688,101.37000274658205,100.95999908447266,101.11000061035156,101.11000061035156,0.0,3.740000009536743,3.7720000743865967,3.720999956130981,3.7309999465942383,3.7309999465942383,0.0,20.75,21.530000686645508,19.209999084472656,19.89999961853028,19.89999961853028,0.0,0.0009332209011936697,0.016166596706585566,0.0009336564873076991,471.0109985351563,470.2770004272461,473.0361993408203,443.61399917602535,468.57403951576543,468.98396394548,-0.40992442971457876,0.9045357986431907,43.450426675846316,10.480967146216356,28.978994565167184,-2.908286275894713,-88.097814278409,8.905296302562629,450.895162762292,489.6588380922002,8.242732537353827,0.20339837801561605,-0.002601902264045129,-0.030831369562750448,-0.001464962453874484,-0.0159818788168369,0.03013243442349042,0.43388373911755823,-0.900968867902419,-0.8660254037844384,-0.5000000000000004
2024-09-06,460.3299865722656,461.2200012207031,448.1900024414063,448.6900024414063,444.5212097167969,50624400.0,-0.0271527237708845,101.05999755859376,101.4000015258789,100.58000183105467,101.18000030517578,101.18000030517578,0.0,3.7079999446868896,3.760999917984009,3.6480000019073486,3.7100000381469727,3.7100000381469727,0.0,21.979999542236328,23.76000022888184,18.82999992370605,22.3799991607666,22.3799991607666,0.0,-0.027152723770884596,0.028305778809504696,-0.026787402523873016,467.8799987792969,470.1910003662109,472.4277996826172,443.90774917602533,465.51495688894096,467.48070753777085,-1.9657506488298964,0.33047850914857324,36.112197165621815,7.865589791474945,15.602678447715228,-6.522916158040354,-98.6613121330844,9.199917908043643,450.4265066842237,489.95549404819815,8.407006372556491,0.22653888482858198,0.0009332209011936697,-0.002601902264045129,0.011848920018712131,0.01078699044996937,0.00520875937876947,-0.433883739117558,-0.9009688679024191,-0.8660254037844384,-0.5000000000000004
2024-09-09,453.05999755859375,455.4599914550781,449.8200073242188,454.4599914550781,450.2376098632813,32981200.0,0.0127776956143501,101.19000244140624,101.6999969482422,101.13999938964844,101.5500030517578,101.5500030517578,0.0,3.747999906539917,3.747999906539917,3.690999984741211,3.697000026702881,3.697000026702881,0.0,21.31999969482422,21.40999984741211,19.290000915527344,19.450000762939453,19.450000762939453,0.0,0.012777695614350127,0.012448647334241654,0.012859679181846717,465.7919982910157,470.3449996948242,471.8785992431641,444.2484490966796,463.81419297603895,466.516210050164,-2.702017074125024,-0.27602060750614626,41.11586044031937,10.009330008366593,9.451962315352631,-4.392646325509323,-83.21288356340682,9.026351558445656,451.15808516093205,489.53191422871635,8.158655687353441,0.23109089295448007,-0.027152723770884596,0.0009332209011936697,0.0,-0.009755626945325776,0.0021511652169528186,0.0,1.0,-0.8660254037844384,-0.5000000000000004
2024-09-10,456.239990234375,459.1700134277344,452.2300109863281,458.6600036621094,454.3986206054688,29680300.0,0.0091993664347128,101.63999938964844,101.7699966430664,101.54000091552734,101.62999725341795,101.62999725341795,0.0,3.714999914169312,3.714999914169312,3.638999938964844,3.6459999084472656,3.6459999084472656,0.0,19.86000061035156,20.739999771118164,18.89999961853028,19.07999992370605,19.07999992370605,0.0,0.009199366434712895,0.015211297979033145,0.009241810659600391,463.9819976806641,470.1490005493164,471.3121990966797,444.60529907226555,463.0212407738959,465.934268836234,-2.913028062338128,-0.8034220984725426,44.52191673098434,15.38597716833409,11.086965656058542,-3.7964606369593747,-71.9678727985065,8.87732662151427,450.5523874449964,489.7456136536364,8.33634149234543,0.2157322083269544,0.012777695614350127,-0.027152723770884596,-0.030831369562750448,0.002982801372829159,0.024509972825561326,0.7818314824680298,0.6234898018587336,-0.8660254037844384,-0.5000000000000004
2024-09-11,459.9100036621094,469.3699951171875,451.2799987792969,468.6199951171875,464.2660827636719,57843000.0,0.0214830103333009,101.66000366210938,101.81999969482422,101.2699966430664,101.68000030517578,101.68000030517578,0.0,3.614000082015991,3.688999891281128,3.614000082015991,3.6530001163482666,3.6530001163482666,0.0,19.40999984741211,21.40999984741211,17.549999237060547,17.690000534057617,17.690000534057617,0.0,0.021483010333300936,0.039333774420747626,0.021715431585278777,463.70899658203126,470.4434997558594,470.863798828125,445.0231491088866,463.8825875959407,466.1332115237121,-2.2506239277713576,-1.0928624643323057,51.66245818982104,34.65031217652137,20.015206451074015,-0.5791897636527394,-40.86830710852256,9.535374458398296,451.14151583636715,489.7454836753517,8.205866987006601,0.2293515517572003,0.009199366434712895,0.012777695614350127,-0.002601902264045129,-0.011412247720642284,0.00032431333959433167,0.9749279121818236,-0.22252093395631434,-0.8660254037844384,-0.5000000000000004
2024-09-12,468.6499938964844,474.0400085449219,466.8500061035156,473.2200012207031,468.8233337402344,40067800.0,0.0097681682645672,101.77999877929688,101.83999633789062,101.2300033569336,101.37000274658205,101.37000274658205,0.0,3.66100001335144,3.703999996185303,3.640000104904175,3.680000066757202,3.680000066757202,0.0,17.6200008392334,18.59000015258789,16.889999389648438,17.06999969482422,17.06999969482422,0.0,0.009768168264567207,0.01534194502303649,0.009816032542016018,463.9649963378907,470.38349914550787,470.5073986816407,445.4370991516113,465.3191127689811,466.6581589086744,-1.3390461396933233,-1.1420991994045093,54.5706959325021,54.973625938550825,35.00330509446876,0.5439165296976441,-22.242942277318434,9.367847885756007,451.1261529422019,489.64084534881385,8.187934414488865,0.21380747530253338,0.021483010333300936,0.009199366434712895,0.0009332209011936697,-0.001464962453874484,0.024949277083097705,0.43388373911755823,-0.900968867902419,-0.8660254037844384,-0.5000000000000004
2024-09-13,472.4800109863281,476.5299987792969,472.25,475.3399963378906,470.9236755371094,29111800.0,0.0044700228325309,101.1999969482422,101.1999969482422,100.87999725341795,101.11000061035156,101.11000061035156,0.0,3.658999919891357,3.6760001182556152,3.6440000534057617,3.650000095367432,3.650000095367432,0.0,17.030000686645508,17.18000030517578,16.229999542236328,16.559999465942383,16.559999465942383,0.0,0.004470022832530902,0.00905858169610634,0.004480028287241256,463.87199707031255,470.3989990234376,470.0909985351563,445.8529490661621,466.860787164198,467.3012579775052,-0.44047081330722904,-1.0017735221850532,55.88793284306114,76.05998346143402,55.2279738588354,-0.19526585702097504,-8.708800229856939,9.004430092437497,451.1254137785137,489.67258426836156,8.19456898715196,0.21438452191725058,0.009768168264567207,0.021483010333300936,-0.027152723770884596,0.011848920018712131,0.001284904767000926,-0.433883739117558,-0.9009688679024191,-0.8660254037844384,-0.5000000000000004
2024-09-16,473.1900024414063,473.8599853515625,469.8900146484375,473.239990234375,468.8431396484375,22585600.0,-0.004427777729889,101.04000091552734,101.0999984741211,100.58999633789062,100.76000213623048,100.76000213623048,0.0,3.638000011444092,3.663000106811523,3.618000030517578,3.621000051498413,3.621000051498413,0.0,17.15999984741211,17.690000534057617,16.90999984741211,17.139999389648438,17.139999389648438,0.0,-0.0044277777298890025,0.00838980257960245,-0.004417989573998193,463.5689971923829,469.99749908447274,469.60899841308594,446.2415490722656,467.8422030211483,467.74116407060666,0.10103895054163559,-0.7812110276397155,54.2111126007559,84.42607912678628,71.81989617559037,-0.636193514013308,-15.77002011246581,8.750540920795757,451.35314657371043,488.64185159523504,7.9338092424237985,0.20922323341300095,0.004470022832530902,0.009768168264567207,0.012777695614350127,0.0,0.01305051036937909,0.0,1.0,-0.8660254037844384,-0.5000000000000004
2024-09-17,476.2900085449219,477.6000061035156,470.9700012207031,473.489990234375,469.0907897949219,30084400.0,0.0005280759005838,100.76000213623048,101.02999877929688,100.56999969482422,100.88999938964844,100.88999938964844,0.0,3.614000082015991,3.6549999713897705,3.6029999256134033,3.641999959945679,3.641999959945679,0.0,17.15999984741211,18.07999992370605,16.670000076293945,17.610000610351562,17.610000610351562,0.0,0.0005280759005838359,0.013920100703072345,0.0005282153572090387,464.736996459961,469.65899810791024,469.12339843750004,446.6156489562988,468.7110933616447,468.1670030457006,0.5440903159441177,-0.5161507589229488,54.38656744048263,86.86392617220082,82.4499962534737,2.529177093940958,-14.929401141074772,8.59907406093981,451.561349855225,487.7566463605955,7.706718417232188,0.2092214341849351,-0.0044277777298890025,0.004470022832530902,0.009199366434712895,-0.030831369562750448,-0.002100807053479062,0.7818314824680298,0.6234898018587336,-0.8660254037844384,-0.5000000000000004
2024-09-18,474.7000122070313,478.8299865722656,470.8299865722656,471.4400024414063,467.0598449707031,39909200.0,-0.004338934216499,100.94000244140624,101.1500015258789,100.22000122070312,100.5999984741211,100.5999984741211,0.0,3.680999994277954,3.696000099182129,3.638000011444092,3.684999942779541,3.684999942779541,0.0,17.579999923706055,19.38999938964844,17.110000610351562,18.229999542236328,18.229999542236328,0.0,-0.004338934216499048,0.016852748671324982,-0.004329534641058785,465.81999816894535,469.10599822998057,468.4929986572266,446.954149017334,469.13092552776186,468.4094474453825,0.721478082379349,-0.2686249906624893,52.6064834958081,81.72727303047863,84.33909277648857,2.3512336758348282,-24.11875965502356,8.556283056586967,452.0124007036455,486.19959575631566,7.287733514741759,0.20859812089526583,0.0005280759005838359,-0.0044277777298890025,0.021483010333300936,-0.002601902264045129,0.004653273648910036,0.9749279121818236,-0.22252093395631434,-0.8660254037844384,-0.5000000000000004
2024-09-19,482.6099853515625,486.2300109863281,480.489990234375,483.3599853515625,478.86907958984375,52782500.0,0.0249698426328419,101.01000213623048,101.47000122070312,100.5199966430664,100.61000061035156,100.61000061035156,0.0,3.7190001010894775,3.767999887466431,3.7109999656677246,3.740000009536743,3.740000009536743,0.0,17.209999084472656,17.270000457763672,16.209999084472656,16.329999923706055,16.329999923706055,0.0,0.024969842632841993,0.011893704909092886,0.02528420018612687,468.0519958496094,469.53149719238286,468.32159851074226,447.3539988708496,471.3200116545004,469.5168946976921,1.8031169568082532,0.14572339883165922,60.66780216793071,84.46902790316511,84.35340903528152,4.8412234064206725,-7.5447554944063295,9.001549162896598,451.4412605238634,487.62173386090234,7.705654158109568,0.22032329217825727,-0.004338934216499048,0.0005280759005838359,0.009768168264567207,0.0009332209011936697,-0.0159818788168369,0.43388373911755823,-0.900968867902419,-0.8660254037844384,-0.5000000000000004
2024-09-20,482.489990234375,483.6900024414063,478.2999877929688,482.4400024414063,477.9576416015625,34577700.0,-0.0019051271118746,100.69000244140624,101.0199966430664,100.41000366210938,100.72000122070312,100.72000122070312,0.0,3.733999967575073,3.763999938964844,3.714999914169312,3.7279999256134033,3.7279999256134033,0.0,16.350000381469727,16.68000030517578,15.8100004196167,16.149999618530273,16.149999618530273,0.0,-0.0019051271118746592,0.011171246569942807,-0.0019033135091158782,471.4269958496094,469.65349731445315,468.07399841308603,447.7394989013672,473.0307794678705,470.4741619379672,2.556617529903292,0.6279022250459858,59.82206125619396,86.1244226634982,84.10690786571398,7.521897037232818,-9.96321686007552,8.743582411863805,451.23604892800944,488.07094570089686,7.842994246506138,0.2173462321857144,0.024969842632841993,-0.004338934216499048,0.004470022832530902,-0.027152723770884596,0.01078699044996937,-0.433883739117558,-0.9009688679024191,-0.8660254037844384,-0.5000000000000004
2024-09-23,482.9500122070313,484.1400146484375,481.6000061035156,483.0400085449219,479.2245788574219,24843000.0,0.0026472242560494,100.73999786376952,101.2300033569336,100.72000122070312,100.91999816894533,100.91999816894533,0.0,3.757999897003174,3.7939999103546143,3.7300000190734863,3.739000082015991,3.739000082015991,0.0,16.709999084472656,16.950000762939453,15.75,15.890000343322754,15.890000343322754,0.0,0.0026472242560494222,0.00525936117759745,0.0026507312480956724,474.2849975585938,470.0384979248047,467.81179870605473,448.1192990112305,474.57066086433997,471.40496539033427,3.1656954740057017,1.135460874837929,60.21164040445334,91.3687045141243,87.32071836026253,6.288786169787356,-8.38591410314523,8.300469992796524,450.8162009677467,489.2607948818627,8.1790308844588,0.21420696064236203,-0.0019051271118746592,0.024969842632841993,-0.0044277777298890025,0.012777695614350127,-0.009755626945325776,0.0,1.0,-0.8660254037844384,-0.5000000000000004
2024-09-24,484.4599914550781,486.3299865722656,480.1700134277344,485.3699951171875,481.5361633300781,25952600.0,0.0048119970594284,100.97000122070312,101.0500030517578,100.33999633789062,100.37000274658205,100.37000274658205,0.0,3.7939999103546143,3.809999942779541,3.7279999256134033,3.736000061035156,3.736000061035156,0.0,15.869999885559082,16.670000076293945,15.270000457763672,15.390000343322754,15.390000343322754,0.0,0.004811997059428415,0.012715132834869889,0.004823593310192109,476.9559967041016,470.46899719238274,467.59239868164065,448.5003489685059,476.2320969032396,472.43941203676786,3.7926848664717454,1.6669056731646923,61.762182566953456,93.0446159728368,90.17924771681976,5.823483896964151,-2.5170211182688695,8.147577360777577,450.252907618943,490.68508676582246,8.594015628695303,0.21454398191412846,0.0026472242560494222,-0.0019051271118746592,0.0005280759005838359,0.009199366434712895,0.002982801372829159,0.7818314824680298,0.6234898018587336,-0.8660254037844384,-0.5000000000000004
2024-09-25,484.739990234375,487.7900085449219,484.55999755859375,485.8200073242188,481.9826354980469,26549900.0,0.0009267534799881,100.27999877929688,100.98999786376952,100.22000122070312,100.91999816894533,100.91999816894533,0.0,3.775000095367432,3.7829999923706055,3.75600004196167,3.7809998989105225,3.7809998989105225,0.0,15.81999969482422,15.81999969482422,15.170000076293944,15.40999984741211,15.40999984741211,0.0,0.0009267534799881502,0.006663388726740687,0.0009271830486856647,478.67599792480473,471.19249725341797,467.6733990478516,448.91404907226564,477.70716004492874,473.4305672432457,4.276592801683023,2.1888430988683587,62.069629517824076,94.70743832933634,93.0402529387658,3.6703538872109185,-4.974749790576871,7.796322619745473,449.8398831775512,492.54511132928474,9.063223289984963,0.2095143576288176,0.004811997059428415,0.0026472242560494222,-0.004338934216499048,0.021483010333300936,-0.011412247720642284,0.9749279121818236,-0.22252093395631434,-0.8660254037844384,-0.5000000000000004
2024-09-26,493.3699951171875,493.7000122070313,485.7999877929688,489.4700012207031,485.6038208007813,32020200.0,0.007485020456238,100.93000030517578,100.97000122070312,100.4800033569336,100.55999755859376,100.55999755859376,0.0,3.757999897003174,3.821000099182129,3.755000114440918,3.7909998893737793,3.7909998893737793,0.0,15.0600004196167,15.829999923706056,14.899999618530272,15.369999885559082,15.369999885559082,0.0,0.007485020456238063,0.016012373051154133,0.007513103244876307,480.3009979248048,472.1329971313477,467.87299926757817,449.3225491333008,479.5168279181248,474.61867346379813,4.898154454326686,2.7307053699600243,64.55871109041092,94.28942601760183,94.01382677325832,3.4339207890795023,-9.639951038348782,7.803729890768118,449.2751761326611,494.99081813003426,9.682789018166217,0.21019551923510613,0.0009267534799881502,0.004811997059428415,0.024969842632841993,0.009768168264567207,-0.001464962453874484,0.43388373911755823,-0.900968867902419,-0.8660254037844384,-0.5000000000000004
2024-09-27,490.5,490.6400146484375,485.55999755859375,486.75,482.9052734375,22851100.0,-0.0055725947493526,100.58999633789062,100.87999725341795,100.16000366210938,100.41999816894533,100.41999816894533,0.0,3.776999950408936,3.7829999923706055,3.740999937057495,3.749000072479248,3.749000072479248,0.0,15.640000343322754,16.969999313354492,15.199999809265137,16.959999084472656,16.959999084472656,0.0,-0.005572594749352663,0.010356813638825178,-0.005557096644814852,481.4419982910157,472.65699768066406,468.1031994628907,449.71439910888677,480.6296236230287,475.51729024425754,5.1123333787711545,3.2070309717222503,61.328887687498735,89.66716478179492,92.88800970957769,2.400387880257122,-16.38380482568954,7.609178976416378,448.93567505688316,496.37832030444497,10.037436339748206,0.20849117814690263,0.007485020456238063,0.0009267534799881502,-0.0019051271118746592,0.004470022832530902,0.011848920018712131,-0.433883739117558,-0.9009688679024191,-0.8660254037844384,-0.5000000000000004
2024-09-30,485.7799987792969,488.4100036621094,482.9200134277344,488.0700073242188,484.21484375,30281100.0,0.0027081871002834,100.41999816894533,100.91999816894533,100.18000030517578,100.77999877929688,100.77999877929688,0.0,3.7899999618530273,3.805999994277954,3.753999948501587,3.802000045776367,3.802000045776367,0.0,17.010000228881836,17.790000915527344,16.469999313354492,16.729999542236328,16.729999542236328,0.0,0.0027081871002834403,0.011301392087304222,0.002711857551643604,482.92500000000007,473.2469985961914,468.2181994628907,450.1128491210938,481.7742980385964,476.44712113906945,5.327176899526933,3.631060157283187,62.31424351367136,86.9013984455429,90.28599641497988,3.133720183389225,-13.272048799332936,7.457808351984851,448.57920332575145,497.9147938666314,10.424913562521423,0.20851321010204324,-0.005572594749352663,0.007485020456238063,0.0026472242560494222,-0.0044277777298890025,0.0,0.0,1.0,-0.8660254037844384,-0.5000000000000004
2024-10-01,487.7000122070313,488.0,477.3999938964844,481.2699890136719,477.4685363769531,42735400.0,-0.0140304349256589,100.73999786376952,101.38999938964844,100.6999969482422,101.19000244140624,101.19000244140624,0.0,3.744999885559082,3.752000093460083,3.696000099182129,3.743000030517578,3.743000030517578,0.0,16.959999084472656,20.729999542236328,16.610000610351562,19.26000022888184,19.26000022888184,0.0,-0.014030434925658995,0.021734684925568272,-0.013932467085891354,483.7029998779298,474.2199981689453,468.23119934082035,450.4647990417481,481.69671203476184,476.80437061126224,4.892341423499602,3.8833164105264704,54.59651073789704,74.68328110974807,83.75061477902862,1.643117898954066,-46.29430304573327,7.68725157168125,449.91923185753217,498.5207644803585,10.248731139658002,0.18087898105577468,0.0027081871002834403,-0.005572594749352663,0.004811997059428415,0.0005280759005838359,-0.030831369562750448,0.7818314824680298,0.6234898018587336,-1.0,-1.8369701987210297e-16
2024-10-02,480.3599853515625,483.8800048828125,477.7200012207031,481.9500122070313,478.1432189941406,23744000.0,0.0014120435951057,101.23999786376952,101.69000244140624,101.16000366210938,101.68000030517578,101.68000030517578,0.0,3.7829999923706055,3.816999912261963,3.775000095367432,3.785000085830689,3.785000085830689,0.0,19.64999961853028,20.36000061035156,18.57999992370605,18.89999961853028,18.89999961853028,0.0,0.0014120435951057919,0.012823723561405796,0.0014130409980666059,484.7540008544923,475.28699951171876,468.6025994873047,450.81704910278324,481.7356812920341,477.18552924798587,4.550152044048218,4.01668353723082,55.19414502481243,63.694876691697814,75.09318541566293,2.2293419546915207,-49.349018079840334,7.578162435283259,451.6371180761231,498.9368809473144,9.951831823673748,0.18004433538387818,-0.014030434925658995,0.0027081871002834403,0.0009267534799881502,-0.004338934216499048,-0.002601902264045129,0.9749279121818236,-0.22252093395631434,-1.0,-1.8369701987210297e-16
2024-10-03,479.739990234375,484.5499877929688,478.989990234375,481.5899963378906,477.7859802246094,25337200.0,-0.0007474168305637,101.63999938964844,102.0999984741211,101.62999725341795,101.98999786376952,101.98999786376952,0.0,3.806999921798706,3.849999904632568,3.802000045776367,3.849999904632568,3.849999904632568,0.0,19.6299991607666,20.75,19.15999984741211,20.489999771118164,20.489999771118164,0.0,-0.0007474168305637029,0.011589606186212437,-0.00074713758417988,484.57700195312503,476.31449890136724,469.0689996337891,451.1684991455078,481.7132682221659,477.5117860694603,4.20148215270558,4.053643260325773,54.78301912118987,51.16520807662789,63.18112195935792,-0.36618443133734124,-50.86105464454271,7.434007801234013,453.49995527546014,499.12904252727435,9.579613334689368,0.1803164699019933,0.0014120435951057919,-0.014030434925658995,0.007485020456238063,0.024969842632841993,0.0009332209011936697,0.43388373911755823,-0.900968867902419,-1.0,-1.8369701987210297e-16
2024-10-04,487.4500122070313,487.8800048828125,482.3900146484375,487.3200073242188,483.4707946777344,30686600.0,0.0118280169831843,101.91000366210938,102.69000244140624,101.80999755859376,102.5199966430664,102.5199966430664,0.0,3.867000102996826,3.9809999465942383,3.867000102996826,3.9809999465942383,3.9809999465942383,0.0,20.479999542236328,20.479999542236328,18.479999542236328,19.209999084472656,19.209999084472656,0.0,0.01182801698318436,0.011262673293447932,0.011898244587362106,485.06500244140625,478.2459991455079,469.5559997558594,451.55749923706054,482.5758434686356,478.2383209772202,4.3375224914153705,4.110419106543692,59.90241318565482,57.29770971636777,57.38593149489782,1.0115257561804674,-27.896798126513634,7.352293568640289,459.0199986516898,497.471999639326,8.04021383479197,0.14579504333074644,-0.0007474168305637029,0.0014120435951057919,-0.005572594749352663,-0.0019051271118746592,-0.027152723770884596,-0.433883739117558,-0.9009688679024191,-1.0,-1.8369701987210297e-16
2024-10-07,485.3900146484375,486.5700073242188,480.8699951171875,482.1000061035156,478.2920227050781,24975100.0,-0.0107694369799343,102.48999786376952,102.62000274658205,102.37000274658205,102.54000091552734,102.54000091552734,0.0,4.00600004196167,4.0329999923706055,4.004000186920166,4.026000022888184,4.026000022888184,0.0,20.76000022888184,23.030000686645508,20.64999961853028,22.63999938964844,22.63999938964844,0.0,-0.010769436979934363,0.011743159181302403,-0.010711654208830246,484.97100219726565,479.62799987792977,469.92,451.9203993225098,482.5026377201556,478.5243717273162,3.978265992839397,4.083988483802833,53.913917732180664,56.840236073554536,55.10105128885006,-0.19460136319512164,-50.72143900828002,7.287844899953933,463.9559235469492,495.30007620891035,6.535096506029378,0.1512761760453373,0.01182801698318436,-0.0007474168305637029,0.0027081871002834403,0.0026472242560494222,0.012777695614350127,0.0,1.0,-1.0,-1.8369701987210297e-16
2024-10-08,484.6600036621094,489.989990234375,483.8500061035156,489.2999877929688,485.4351196289063,28272000.0,0.0148241704962292,102.45999908447266,102.63999938964844,102.29000091552734,102.5500030517578,102.5500030517578,0.0,4.0329999923706055,4.057000160217285,4.021999835968018,4.0329999923706055,4.0329999923706055,0.0,22.920000076293945,23.13999938964844,21.13999938964844,21.420000076293945,21.420000076293945,0.0,0.014824170496229253,0.012668642108829741,0.014934593480001812,485.3640014648438,481.1599990844727,470.5553997802735,452.3539492797852,483.54838388520375,479.3225655099571,4.225818375246661,4.112354462091599,59.872715514337266,64.79592612620108,59.64462397204113,0.8096900746475791,-26.993984486603072,7.3308548450186075,468.3980784070945,493.9219197618509,5.304647394488719,0.15557884405610062,-0.010769436979934363,0.01182801698318436,-0.014030434925658995,0.004811997059428415,0.009199366434712895,0.7818314824680298,0.6234898018587336,-1.0,-1.8369701987210297e-16
2024-10-09,489.0,493.7300109863281,487.9500122070313,493.1499938964844,489.2547302246094,24995000.0,0.0078376319379847,102.48999786376952,102.94000244140624,102.45999908447266,102.93000030517578,102.93000030517578,0.0,4.043000221252441,4.078000068664551,4.0320000648498535,4.066999912261963,4.066999912261963,0.0,21.979999542236328,22.01000022888184,20.709999084472656,20.86000061035156,20.86000061035156,0.0,0.00783763193798471,0.011820038403469976,0.007868426574952014,486.09700012207037,482.38649902343747,470.9969995117188,452.8280493164063,485.02555465617,480.3468194645146,4.678735191655392,4.225630608004357,62.65341741534883,72.9109101050149,64.84902410159017,1.5087864768347836,-3.551846190072172,7.220079411752765,469.98922703046674,494.7837710164082,5.139974695837576,0.14131730423727004,0.014824170496229253,-0.010769436979934363,0.0014120435951057919,0.0009267534799881502,0.021483010333300936,0.9749279121818236,-0.22252093395631434,-1.0,-1.8369701987210297e-16
2024-10-10,490.8500061035156,494.4700012207031,489.5299987792969,492.5899963378906,488.69915771484375,25750400.0,-0.0011361937947883,102.87999725341795,103.18000030517578,102.72000122070312,102.98999786376952,102.98999786376952,0.0,4.078999996185303,4.119999885559082,4.052999973297119,4.0960001945495605,4.0960001945495605,0.0,20.90999984741211,21.38999938964844,20.63999938964844,20.93000030517578,20.93000030517578,0.0,-0.0011361937947883863,0.010064179240051695,-0.0011355485710082824,486.4089996337891,483.35499877929686,471.65559936523437,453.30959930419925,486.1893149148963,481.25372145513506,4.935593459761208,4.3676231783557276,61.980626645529455,86.14689050445558,74.61790891189052,0.6374231534938721,-11.013497809957984,7.057216771013729,470.9464659252004,495.7635316333933,5.134335172051161,0.1392893635505362,0.00783763193798471,0.014824170496229253,-0.0007474168305637029,0.007485020456238063,0.009768168264567207,0.43388373911755823,-0.900968867902419,-1.0,-1.8369701987210297e-16
2024-10-11,490.739990234375,494.3900146484375,490.1700134277344,493.3599853515625,489.4630432128906,20644500.0,0.0015618793132915,102.87999725341795,102.98999786376952,102.7699966430664,102.88999938964844,102.88999938964844,0.0,4.0920000076293945,4.116000175476074,4.066999912261963,4.072999954223633,4.072999954223633,0.0,20.8700008392334,21.15999984741211,20.13999938964844,20.459999084472656,20.459999084472656,0.0,0.0015618793132915147,0.008599260921629137,0.0015630996820596987,487.0699981689454,484.25599822998043,472.5477990722656,453.79264923095707,487.29249498207565,482.1504817437593,5.142013238316338,4.52250119034785,62.57570205021031,92.97730987371241,84.0117034943943,1.357983636684643,-6.502726378832568,6.854558517420115,471.6820987131572,496.8298977468037,5.193079512812441,0.1390086773677038,-0.0011361937947883863,0.00783763193798471,0.01182801698318436,-0.005572594749352663,0.004470022832530902,-0.433883739117558,-0.9009688679024191,-1.0,-1.8369701987210297e-16
2024-10-14,495.7699890136719,498.8299865722656,495.260009765625,497.5,493.5703430175781,26060100.0,0.008356427692516,102.93000030517578,103.36000061035156,102.93000030517578,103.3000030517578,103.3000030517578,0.0,4.0980000495910645,4.0980000495910645,4.0980000495910645,4.0980000495910645,4.0980000495910645,0.0,20.86000061035156,20.86000061035156,19.690000534057617,19.700000762939453,19.700000762939453,0.0,0.008356427692516016,0.007200873158423826,0.008391440092650804,488.0129974365235,485.46899871826173,473.7903991699219,454.25539916992193,488.86288036944865,483.28748309607346,5.575397273375188,4.733080406953317,65.68559573327474,92.09252781073488,90.40557606296761,1.9320983740590654,-6.206192379004816,6.755661567654616,472.690622616303,498.24737482022044,5.264342784275108,0.13865947352610838,0.0015618793132915147,-0.0011361937947883863,-0.010769436979934363,0.0027081871002834403,-0.0044277777298890025,0.0,1.0,-1.0,-1.8369701987210297e-16
2024-10-15,497.8299865722656,498.5,488.6799926757813,490.8500061035156,486.9728393554688,34784500.0,-0.0134570375752196,103.20999908447266,103.3499984741211,103.02999877929688,103.26000213623048,103.26000213623048,0.0,4.068999767303467,4.074999809265137,4.0320000648498535,4.038000106811523,4.038000106811523,0.0,19.61000061035156,20.88999938964844,19.440000534057617,20.63999938964844,20.63999938964844,0.0,-0.01345703757521968,0.019725624388022292,-0.01336689644230582,488.97099914550785,486.33699951171883,474.8167993164063,454.6808992004395,489.16859202084356,483.8476699855136,5.320922035329943,4.850648732628643,57.430227180567975,83.35121405209823,89.47368391218184,1.9905702222316632,-37.23743908586792,6.974543407409192,474.6750700537809,497.99892896965673,4.79582243162517,0.149827390810826,0.008356427692516016,0.0015618793132915147,0.014824170496229253,-0.014030434925658995,0.0005280759005838359,0.7818314824680298,0.6234898018587336,-1.0,-1.8369701987210297e-16
2024-10-16,491.1799926757813,491.6900024414063,487.5700073242188,490.9100036621094,487.0324096679688,22996800.0,0.0001223203111769,103.26000213623048,103.61000061035156,103.16999816894533,103.58999633789062,103.58999633789062,0.0,4.010000228881836,4.027999877929688,3.994999885559082,4.015999794006348,4.015999794006348,0.0,20.770000457763672,21.01000022888184,19.450000762939453,19.57999992370605,19.57999992370605,0.0,0.00012232031117692817,0.008387953863395718,0.00012232779261123206,489.8669982910157,487.31049957275394,475.9395996093751,455.09294921875005,489.43650150411526,484.37080581340956,5.065695690705695,4.8936581242440536,57.48214717808992,73.19963316235129,82.8811250083948,1.8591121958990893,-36.957469048073385,6.770647100964786,477.83987305416804,496.78112609133984,3.886896148098269,0.1482031774672643,-0.01345703757521968,0.008356427692516016,0.00783763193798471,0.0014120435951057919,-0.004338934216499048,0.9749279121818236,-0.22252093395631434,-1.0,-1.8369701987210297e-16
2024-10-17,496.4400024414063,496.489990234375,491.1900024414063,491.25,487.3697204589844,27210700.0,0.0006923441442918,103.55999755859376,103.87000274658205,103.44000244140624,103.83000183105467,103.83000183105467,0.0,4.0320000648498535,4.099999904632568,4.0320000648498535,4.0960001945495605,4.0960001945495605,0.0,19.549999237060547,19.64999961853028,18.8799991607666,19.11000061035156,19.11000061035156,0.0,0.0006923441442918986,0.010675988572444338,0.0006925838698199627,490.8329986572266,487.7050003051758,476.80319946289063,455.5024491882325,489.7155012727129,484.88037575315695,4.835125519555959,4.881951603306435,57.79627719420893,63.478055722486936,73.34296764564549,2.005856378987527,-35.370924698597875,6.685599920343417,478.2700024549999,497.13999815535175,3.8691413228374083,0.1210722651566725,0.00012232031117692817,-0.01345703757521968,-0.0011361937947883863,-0.0007474168305637029,0.024969842632841993,0.43388373911755823,-0.900968867902419,-1.0,-1.8369701987210297e-16
2024-10-18,494.05999755859375,495.5700073242188,493.2999877929688,494.4700012207031,490.5642700195313,25335000.0,0.0065332853845073,103.80999755859376,103.80999755859376,103.45999908447266,103.48999786376952,103.48999786376952,0.0,4.107999801635742,4.110000133514404,4.065000057220459,4.072999954223633,4.072999954223633,0.0,19.299999237060547,19.31999969482422,17.989999771118164,18.030000686645508,18.030000686645508,0.0,0.006533285384507389,0.004594623208653487,0.006554673847071202,491.5479980468751,488.3065002441407,477.6843994140625,455.92699920654303,490.44696280317294,485.59071838038255,4.8562444227903825,4.8768101672032245,60.75363600730348,69.108785780674,68.59549155517074,1.4672071306375396,-20.345248911306747,6.516629020620232,478.7516710170341,497.8613294712473,3.9134556768461777,0.12219788700685455,0.0006923441442918986,0.00012232031117692817,0.0015618793132915147,0.01182801698318436,-0.0019051271118746592,-0.433883739117558,-0.9009688679024191,-1.0,-1.8369701987210297e-16
2024-10-21,493.25,496.2300109863281,491.30999755859375,495.4200134277344,491.5068054199219,30336500.0,0.0019194856937632,103.45999908447266,104.0199966430664,103.41999816894533,104.01000213623048,104.01000213623048,0.0,4.138000011444092,4.185999870300293,4.124000072479248,4.182000160217285,4.182000160217285,0.0,18.780000686645508,19.34000015258789,18.36000061035156,18.3700008392334,18.3700008392334,0.0,0.0019194856937632388,0.00997468510437785,0.001921329085693646,492.87999877929695,488.9255004882813,478.56519958496096,456.3562992858887,491.2120475146439,486.31881430981605,4.8932332048278795,4.880094774728156,61.608402087123885,76.04348687857603,69.54344279391232,2.7629137431204893,-16.1533657543673,6.402585049699814,479.204627380902,498.6463735956605,3.976423032822458,0.12211888663359795,0.006533285384507389,0.0006923441442918986,0.008356427692516016,-0.010769436979934363,0.0026472242560494222,0.0,1.0,-1.0,-1.8369701987210297e-16
2024-10-22,492.7300109863281,497.4500122070313,491.9700012207031,495.9599914550781,492.0425109863281,26685800.0,0.0010893314863719,103.97000122070312,104.12999725341795,103.81999969482422,104.08000183105467,104.08000183105467,0.0,4.185999870300293,4.216000080108643,4.165999889373779,4.203999996185303,4.203999996185303,0.0,18.790000915527344,19.440000534057617,18.049999237060547,18.200000762939453,18.200000762939453,0.0,0.001089331486371974,0.011121731707306614,0.0010899250234155389,493.54599914550784,489.4550003051758,479.23279968261727,456.78849929809576,491.9425004285569,487.03297557983547,4.909524848721446,4.885980789526815,62.113486629355165,83.01189382290468,76.05472216071823,1.3611289246398428,-14.465703865611879,6.336686902316126,479.4015843373757,499.5084162729759,4.108004193044014,0.12139772288293649,0.0019194856937632388,0.006533285384507389,-0.01345703757521968,0.014824170496229253,0.004811997059428415,0.7818314824680298,0.6234898018587336,-1.0,-1.8369701987210297e-16
2024-10-23,493.5899963378906,494.25,485.0499877929688,488.3599853515625,484.5025634765625,39346600.0,-0.0154423949132945,104.08999633789062,104.56999969482422,104.08999633789062,104.43000030517578,104.43000030517578,0.0,4.236000061035156,4.257999897003174,4.21999979019165,4.242000102996826,4.242000102996826,0.0,18.209999084472656,20.46999931335449,18.18000030517578,19.239999771118164,19.239999771118164,0.0,-0.015442394913294579,0.01863897622579299,-0.01532377252252326,493.0669982910157,489.581999206543,479.7453991699219,457.1942492675782,491.39134426286546,487.1312725999634,4.260071662902078,4.760798964201868,51.786631424321634,70.3615606796209,76.47231379370052,-0.9713086493370882,-58.29624834115814,6.663352385158497,479.65859381364794,499.50540459943807,4.053827717921718,0.13483231937056442,0.001089331486371974,0.0019194856937632388,0.00012232031117692817,0.00783763193798471,0.0009267534799881502,0.9749279121818236,-0.22252093395631434,-1.0,-1.8369701987210297e-16
2024-10-24,492.1099853515625,493.0,489.4400024414063,492.3200073242188,488.4313049316406,22024900.0,0.0080761148039404,104.43000030517578,104.45999908447266,104.01000213623048,104.05999755859376,104.05999755859376,0.0,4.197999954223633,4.239999771118164,4.182000160217285,4.199999809265137,4.199999809265137,0.0,18.8700008392334,20.239999771118164,18.6299991607666,19.07999992370605,19.07999992370605,0.0,0.008076114803940498,0.007234150219590519,0.008108814588899893,493.0399993896484,489.72449951171876,480.10339904785155,457.59089935302745,491.53421550307365,487.5156233202786,4.018592182795032,4.612357607920501,55.900792598376,63.663643352504444,72.34569928501,-0.05481008864959166,-36.24711773571665,6.518828261106997,479.7262954890492,499.7227035343883,4.083195360917528,0.13526799446769466,-0.015442394913294579,0.001089331486371974,0.0006923441442918986,-0.0011361937947883863,0.007485020456238063,0.43388373911755823,-0.900968867902419,-1.0,-1.8369701987210297e-16
2024-10-25,495.1400146484375,500.2799987792969,494.4299926757813,495.3200073242188,491.4075927734375,38762100.0,0.0060750741830435,104.0500030517578,104.33999633789062,103.94000244140624,104.26000213623048,104.26000213623048,0.0,4.203999996185303,4.234000205993652,4.177999973297119,4.23199987411499,4.23199987411499,0.0,19.21999931335449,20.51000022888184,18.229999542236328,20.32999992370605,20.32999992370605,0.0,0.0060750741830435774,0.011814852224515175,0.0060935648713453805,493.236001586914,490.1529998779297,480.50919921875,457.96159942626963,492.11664501401907,488.093725839089,4.022919174930053,4.494469921322411,58.77107222485182,58.42266440943258,64.1492894805193,0.3972802884002881,-30.188640694827452,6.621768489247788,479.9588921212777,500.3471076345817,4.159561508015163,0.1348903133407695,0.008076114803940498,-0.015442394913294579,0.006533285384507389,0.0015618793132915147,-0.005572594749352663,-0.433883739117558,-0.9009688679024191,-1.0,-1.8369701987210297e-16
2024-10-28,498.4599914550781,498.5199890136719,495.1000061035156,495.3999938964844,491.4869689941406,20477800.0,0.000161515230551,104.31999969482422,104.56999969482422,104.12000274658205,104.31999969482422,104.31999969482422,0.0,4.248000144958496,4.300000190734863,4.230000019073486,4.277999877929688,4.277999877929688,0.0,19.11000061035156,19.8799991607666,18.90999984741211,19.799999237060547,19.799999237060547,0.0,0.00016151523055104992,0.006861098119776507,0.0001615282748381741,493.0260009765625,490.519499206543,480.79179931640624,458.3299493408204,492.6217756113214,488.63493088037757,3.986844730943858,4.392944883246701,58.847979089554876,67.1740700994929,63.086792620476636,-0.42211177960113067,-32.042031270977176,6.393069519312679,480.1158069507585,500.9231914623275,4.24190772134986,0.13473350809949408,0.0060750741830435774,0.008076114803940498,0.0019194856937632388,0.008356427692516016,0.0027081871002834403,0.0,1.0,-1.0,-1.8369701987210297e-16
2024-10-29,495.7200012207031,501.3500061035156,493.8500061035156,500.1600036621094,496.2093505859375,28014100.0,0.0095624889617242,104.30999755859376,104.63999938964844,104.20999908447266,104.27999877929688,104.27999877929688,0.0,4.306000232696533,4.339000225067139,4.271999835968018,4.27400016784668,4.27400016784668,0.0,19.75,20.530000686645508,19.059999465942383,19.34000015258789,19.34000015258789,0.0,0.009562488961724253,0.015129508556304691,0.009608355642595212,493.9570007324219,491.4639999389649,481.18979919433593,458.7133493041993,493.78150300375034,489.48863997532067,4.292863028429679,4.372928512283297,63.24225541336301,76.82290258681203,67.47321236524583,1.896709268173129,-7.30062027375924,6.472135982218916,481.1666409080389,501.76135896989086,4.190483548013612,0.12617224784388562,0.00016151523055104992,0.0060750741830435774,0.001089331486371974,-0.01345703757521968,-0.014030434925658995,0.7818314824680298,0.6234898018587336,-1.0,-1.8369701987210297e-16
2024-10-30,499.3900146484375,500.3500061035156,495.8900146484375,496.3800048828125,492.459228515625,29756000.0,-0.0075862430239303,104.25,104.44000244140624,103.9800033569336,103.98999786376952,103.98999786376952,0.0,4.260000228881836,4.277999877929688,4.197999954223633,4.265999794006348,4.265999794006348,0.0,19.32999992370605,20.440000534057617,19.299999237060547,20.350000381469727,20.350000381469727,0.0,-0.007586243023930362,0.008930878320059897,-0.007557540110609051,494.50400085449223,492.185499572754,481.4673992919922,459.0660993957521,494.1812725236061,489.9991114499497,4.1821610736564026,4.334775024557918,57.95025302820236,76.72219255732453,73.57305508120982,1.1142574361691142,-30.490770783289978,6.328411373137431,482.7052261820762,501.6657729634318,3.852317225479912,0.13062190348896408,0.009562488961724253,0.00016151523055104992,-0.015442394913294579,0.00012232031117692817,0.0014120435951057919,0.9749279121818236,-0.22252093395631434,-1.0,-1.8369701987210297e-16
2024-10-31,492.3800048828125,492.4299926757813,483.75,483.8500061035156,480.0281982421875,41245200.0,-0.0255668239311214,104.08999633789062,104.22000122070312,103.81999969482422,103.9800033569336,103.9800033569336,0.0,4.288000106811523,4.333000183105469,4.260000228881836,4.283999919891357,4.283999919891357,0.0,21.440000534057617,23.420000076293945,21.1200008392334,23.15999984741211,23.15999984741211,0.0,-0.025566823931121415,0.017628645740492985,-0.025242760321310675,493.7640014648438,492.2985000610352,481.6473992919922,459.35359939575204,492.59184692051525,489.54362216502864,3.048224755486615,4.077464970743657,44.621231105388155,54.25894174771551,69.26801229728402,-1.5063600807092876,-99.43178369980423,6.778525195257079,483.30880534942054,501.2881947726499,3.6521316682866725,0.16213244838943938,-0.007586243023930362,0.009562488961724253,0.008076114803940498,0.0006923441442918986,-0.0007474168305637029,0.43388373911755823,-0.900968867902419,-1.0,-1.8369701987210297e-16
2024-11-01,485.5,490.75,485.2000122070313,487.4299926757813,483.5799255371094,33655800.0,0.0073717588955554,103.86000061035156,104.3499984741211,103.68000030517578,104.27999877929688,104.27999877929688,0.0,4.307000160217285,4.364999771118164,4.2230000495910645,4.361000061035156,4.361000061035156,0.0,22.959999084472656,23.09000015258789,21.15999984741211,21.8799991607666,21.8799991607666,0.0,0.007371758895555434,0.01143148875997671,0.007398997200430912,493.06000061035155,492.3039993286134,481.7959991455078,459.6716993713379,491.7977154982485,489.38705701767697,2.4106584805715556,3.7441036727092367,48.28142858994719,30.328829186685752,53.76998783057526,-1.423748362396521,-79.09095795684853,6.787201531059029,483.3270021553814,501.2809965018453,3.6469324585924383,0.15863999915802388,-0.025566823931121415,-0.007586243023930362,0.0060750741830435774,0.006533285384507389,0.01182801698318436,-0.433883739117558,-0.9009688679024191,-0.8660254037844386,0.5000000000000001
2024-11-04,486.8200073242188,489.3800048828125,484.25,486.010009765625,482.171142578125,23291600.0,-0.0029174887913919,103.97000122070312,103.97000122070312,103.58000183105467,103.88999938964844,103.88999938964844,0.0,4.281000137329102,4.328999996185303,4.263000011444092,4.309000015258789,4.309000015258789,0.0,22.5,23.06999969482422,21.729999542236328,21.979999542236328,21.979999542236328,0.0,-0.0029174887913919986,0.010537785640753158,-0.002913237056769158,492.1190002441407,492.49949951171885,482.00939941406244,459.9609994506837,490.90729923169107,489.13690536937685,1.7703938623142221,3.349361710630234,46.95575545072249,11.439406155878988,32.00905903009342,-1.899399177882019,-87.15903987571028,6.6688303418985635,484.32361466176866,500.67538436166905,3.320159658255917,0.15394165907834095,0.007371758895555434,-0.025566823931121415,0.00016151523055104992,0.0019194856937632388,-0.010769436979934363,0.0,1.0,-0.8660254037844386,0.5000000000000001
2024-11-05,487.6099853515625,492.8800048828125,487.5199890136719,492.2099914550781,488.3221435546875,24353600.0,0.0126761996795481,103.91000366210938,103.95999908447266,103.37000274658205,103.41999816894533,103.41999816894533,0.0,4.330999851226807,4.366000175476074,4.284999847412109,4.289000034332275,4.289000034332275,0.0,21.979999542236328,22.059999465942383,20.200000762939453,20.489999771118164,20.489999771118164,0.0,0.012676199679548136,0.010992424335355029,0.012756883258657314,491.7440002441406,492.64499969482426,482.3183990478515,460.2955494689942,491.1077134199045,489.3645413757251,1.7431720441794027,3.0281237773400678,53.0210466234003,27.272706255118877,23.01364719922787,-0.7561093766854092,-51.93188340208456,6.683199254419202,484.60643834489036,500.68356104475816,3.2634295912527267,0.15144151479898005,-0.0029174887913919986,0.007371758895555434,0.009562488961724253,0.001089331486371974,0.014824170496229253,0.7818314824680298,0.6234898018587336,-0.8660254037844386,0.5000000000000001
2024-11-06,500.55999755859375,506.4100036621094,499.6000061035156,505.5799865722656,501.5865478515625,43082200.0,0.0268008521833027,104.04000091552734,105.44000244140624,104.04000091552734,105.08999633789062,105.08999633789062,0.0,4.432000160217285,4.477000236511231,4.401999950408936,4.426000118255615,4.426000118255615,0.0,16.059999465942383,16.81999969482422,15.4399995803833,16.270000457763672,16.270000457763672,0.0,0.026800852183302772,0.013604757854819583,0.027163225079899656,493.4660003662109,493.2664993286133,483.0029986572266,460.738599395752,493.3342169818062,490.5656854643577,2.76853151744848,2.9762053253617506,62.87849455314608,52.41538662775517,30.375833012917678,3.5260876683634765,-3.662916838939667,7.220114465320062,483.35880581382645,503.17419284340014,4.017176730336335,0.17680192473862028,0.012676199679548136,-0.0029174887913919986,-0.007586243023930362,-0.015442394913294579,0.00783763193798471,0.9749279121818236,-0.22252093395631434,-0.8660254037844386,0.5000000000000001
2024-11-07,508.3999938964844,514.3300170898438,508.3399963378906,513.5399780273438,509.4836730957031,32853100.0,0.015621636713527,105.16000366210938,105.25,104.19000244140624,104.51000213623048,104.51000213623048,0.0,4.415999889373779,4.433000087738037,4.339000225067139,4.341000080108643,4.341000080108643,0.0,15.859999656677246,15.859999656677246,15.130000114440918,15.199999809265137,15.199999809265137,0.0,0.015621636713527058,0.011782102328610091,0.015744292341902444,495.58799743652344,494.313998413086,483.86059814453125,461.1968992614746,496.4427956041966,492.2674849134678,4.175310690728793,3.2160263984351594,67.28035056844057,80.60722854296196,53.431773808612,4.310198729979802,-2.5835141300898368,7.329394183338495,480.89851206075036,507.7294847654216,5.427920874344582,0.18368172311981928,0.026800852183302772,0.012676199679548136,-0.025566823931121415,0.008076114803940498,-0.0011361937947883863,0.43388373911755823,-0.900968867902419,-0.8660254037844386,0.5000000000000001
2024-11-08,513.0399780273438,514.9199829101562,512.4099731445312,514.1400146484375,510.0789184570313,22924500.0,0.0011676486247923,104.4499969482422,105.20999908447266,104.33999633789062,105.0,105.0,0.0,4.314000129699707,4.329999923706055,4.263999938964844,4.306000232696533,4.306000232696533,0.0,15.130000114440918,15.329999923706056,14.65999984741211,14.9399995803833,14.9399995803833,0.0,0.001167648624792322,0.004892425294566855,0.001168330591854616,497.4699981689454,495.35299987792973,484.61799865722656,461.6225492858887,499.16544468792597,493.88767230124336,5.277772386682614,3.62837559608465,67.59231714771911,97.08375444080271,76.70212320383995,3.7995653407757035,-2.502305708562358,6.985152439216103,479.29093047074963,511.41506928510984,6.485100286518218,0.183701873799048,0.015621636713527058,0.026800852183302772,0.007371758895555434,0.0060750741830435774,0.0015618793132915147,-0.433883739117558,-0.9009688679024191,-0.8660254037844386,0.5000000000000001
2024-11-11,515.3699951171875,515.5800170898438,510.9200134277344,513.8400268554688,509.78131103515625,24167500.0,-0.0005836239549624,104.9499969482422,105.70999908447266,104.93000030517578,105.54000091552734,105.54000091552734,0.0,4.308000087738037,4.308000087738037,4.308000087738037,4.308000087738037,4.308000087738037,0.0,15.329999923706056,15.5600004196167,14.890000343322754,14.970000267028809,14.970000267028809,0.0,-0.0005836239549624019,0.009042054652502149,-0.0005834536796291978,499.31400146484384,496.17000122070317,485.3693994140625,462.0494993591309,501.4230727137018,495.3656244904452,6.057448223256586,4.114190121519037,67.24710700761926,96.48255759262706,91.39118019213058,3.7222513496513057,-5.4665073834666345,6.819070383708479,478.11008000587606,514.2299224355303,7.279731209220694,0.1823757678351187,0.001167648624792322,0.015621636713527058,-0.0029174887913919986,0.00016151523055104992,0.008356427692516016,0.0,1.0,-0.8660254037844386,0.5000000000000001
2024-11-12,513.77001953125,514.6599731445312,509.8299865722656,512.9099731445312,508.8586730957031,25835300.0,-0.0018115098683243,105.48999786376952,106.18000030517578,105.48999786376952,106.0199966430664,106.0199966430664,0.0,4.370999813079834,4.442999839782715,4.361000061035156,4.432000160217285,4.432000160217285,0.0,15.09000015258789,15.369999885559082,14.6899995803833,14.710000038146973,14.710000038146973,0.0,-0.0018115098683243109,0.009401067381612449,-0.00180987007463973,500.588998413086,497.2729995727539,486.39139892578123,462.47609924316413,503.1902881645986,496.66520587222936,6.525082292369234,4.596368555689077,66.1196349517028,94.54758014563521,96.03796405968832,2.549178140808578,-8.388446471065357,6.676992968605418,477.93198350229903,516.6140156432089,7.7788321855690095,0.17410775387076793,-0.0005836239549624019,0.001167648624792322,0.012676199679548136,0.009562488961724253,-0.01345703757521968,0.7818314824680298,0.6234898018587336,-0.8660254037844386,0.5000000000000001
2024-11-13,512.4000244140625,514.97998046875,509.9500122070313,512.25,508.203857421875,24567400.0,-0.0012876607773022,106.0199966430664,106.54000091552734,105.72000122070312,106.4800033569336,106.4800033569336,0.0,4.433000087738037,4.460999965667725,4.359000205993652,4.451000213623047,4.451000213623047,0.0,15.09000015258789,15.260000228881836,13.770000457763672,14.020000457763672,14.020000457763672,0.0,-0.001287660777302258,0.009816487162487045,-0.0012868320978877135,502.17599792480473,498.3399993896484,487.42419921875,462.8773992919922,504.5840899854296,497.8196350668791,6.764454918550541,5.0299858282613705,65.28319170833613,91.89438986928167,94.3081758691813,3.1971463316565614,-10.461876537622983,6.559348346684938,478.1414645799286,518.5385341993683,8.106326939221578,0.17440239901548335,-0.0018115098683243109,-0.0005836239549624019,0.026800852183302772,-0.007586243023930362,0.00012232031117692817,0.9749279121818236,-0.22252093395631434,-0.8660254037844386,0.5000000000000001
2024-11-14,511.9100036621094,512.7899780273438,507.7699890136719,508.6900024414063,504.6719665527344,28679500.0,-0.0069740141891835,106.5,107.05999755859376,106.37999725341795,106.66999816894533,106.66999816894533,0.0,4.445000171661377,4.482999801635742,4.386000156402588,4.418000221252441,4.418000221252441,0.0,14.170000076293944,14.31999969482422,13.59000015258789,14.3100004196167,14.3100004196167,0.0,-0.006974014189183522,0.009806389751635645,-0.006949752186175773,504.6599975585938,499.2119995117188,488.3771990966797,463.2568992614746,505.21576882481065,498.62484746499223,6.590921359818424,5.3421729345727815,60.81410798309495,86.5011323041287,90.98103410634852,5.133821644010969,-21.64628007892554,6.449394108612577,478.79757928456775,519.6264197388698,8.178657663324781,0.17733756256804126,-0.001287660777302258,-0.0018115098683243109,0.015621636713527058,-0.025566823931121415,0.0006923441442918986,0.43388373911755823,-0.900968867902419,-0.8660254037844386,0.5000000000000001
2024-11-15,502.9400024414063,503.3299865722656,494.489990234375,496.5700073242188,492.6477355957031,51461100.0,-0.0241142606472804,106.9000015258789,106.95999908447266,106.33000183105467,106.69000244140624,106.69000244140624,0.0,4.429999828338623,4.505000114440918,4.400000095367432,4.427999973297119,4.427999973297119,0.0,15.020000457763672,17.549999237060547,14.5600004196167,16.139999389648438,16.139999389648438,0.0,-0.024114260647280436,0.01757664193537778,-0.02382583490651413,505.5739990234376,499.3169998168946,489.3347991943359,463.55449935913083,503.8856516708734,498.47263708419416,5.413014586679253,5.356341264994076,48.61282724847392,69.38943783640758,82.59498666993932,1.8751440793092655,-59.72352987422873,7.003009687071057,478.98383426534997,519.6501653684393,8.144391462337978,0.19846949318173307,-0.006974014189183522,-0.001287660777302258,0.001167648624792322,0.007371758895555434,0.006533285384507389,-0.433883739117558,-0.9009688679024191,-0.8660254037844386,0.5000000000000001
2024-11-18,498.1300048828125,502.1400146484375,496.7300109863281,500.0199890136719,496.0704650878906,27080800.0,0.0069235969612556,106.66999816894533,106.80999755859376,106.12999725341795,106.27999877929688,106.27999877929688,0.0,4.480999946594238,4.491000175476074,4.4079999923706055,4.414000034332275,4.414000034332275,0.0,16.600000381469727,17.0,15.350000381469728,15.579999923706056,15.579999923706056,0.0,0.006923596961255686,0.010860625959245527,0.0069476204697231925,506.9749969482422,499.54699859619154,490.2459991455078,463.8778993225097,503.29093433899624,498.5872557456369,4.703678593359314,5.225808730667124,51.590201203706606,56.58180937278097,70.82412650443908,2.882652407674297,-48.884761928502805,6.900652375438746,479.2955352129669,519.7984619794162,8.107931161686306,0.19983073685964564,-0.024114260647280436,-0.006974014189183522,-0.0005836239549624019,-0.0029174887913919986,0.0019194856937632388,0.0,1.0,-0.8660254037844386,0.5000000000000001
2024-11-19,497.4200134277344,503.9500122070313,497.0799865722656,503.4599914550781,499.48333740234375,24523000.0,0.0068562556344677,106.26000213623048,106.62999725341795,106.11000061035156,106.20999908447266,106.20999908447266,0.0,4.36299991607666,4.392000198364258,4.336999893188477,4.379000186920166,4.379000186920166,0.0,15.4399995803833,17.93000030517578,15.369999885559082,16.350000381469727,16.350000381469727,0.0,0.0068562556344677825,0.013811317295868646,0.006879813564083959,508.09999694824216,499.9219985961915,491.1419989013672,464.25244934082025,503.31694312608573,498.94819913152145,4.368743994564284,5.054395783446556,54.4256744586006,51.10478750841324,59.02534490586726,2.2856098403737377,-38.07734567202873,6.898464751104956,479.67244605323,520.1715511391529,8.101084809159566,0.20111518141210008,0.006923596961255686,-0.024114260647280436,-0.0018115098683243109,0.012676199679548136,0.001089331486371974,0.7818314824680298,0.6234898018587336,-0.8660254037844386,0.5000000000000001
2024-11-20,503.1600036621094,503.4800109863281,496.55999755859375,503.1700134277344,499.1955871582031,29565500.0,-0.000576261789504,106.12000274658205,106.91999816894533,106.11000061035156,106.68000030517578,106.68000030517578,0.0,4.421999931335449,4.438000202178955,4.388000011444092,4.406000137329102,4.406000137329102,0.0,16.190000534057617,18.790000915527344,16.040000915527344,17.15999984741211,17.15999984741211,0.0,-0.0005762617895040141,0.013753107117753781,-0.0005760957825683422,507.85899963378904,500.6625000000001,491.8329992675781,464.6021994018554,503.2943385571086,499.2609261164261,4.0334124406824685,4.850199114893739,54.137812678696974,57.809101815120236,55.16523289877148,-0.47667494927368487,-39.61058695410774,6.900003942292772,481.1224552879928,520.2025447120074,7.805675364944356,0.1919541373786687,0.0068562556344677825,0.006923596961255686,-0.001287660777302258,0.026800852183302772,-0.015442394913294579,0.9749279121818236,-0.22252093395631434,-0.8660254037844386,0.5000000000000001
2024-11-21,506.239990234375,506.9599914550781,497.55999755859375,504.9800109863281,500.9913024902344,34526700.0,0.0035907634464106,106.58999633789062,107.16000366210938,106.45999908447266,106.97000122070312,106.97000122070312,0.0,4.40399980545044,4.438000202178955,4.376999855041504,4.432000160217285,4.432000160217285,0.0,17.100000381469727,17.989999771118164,15.729999542236328,16.8700008392334,16.8700008392334,0.0,0.0035907634464106748,0.018568256316796386,0.003597217960707111,507.00300292968757,501.2955001831055,492.4681994628906,464.95454940795895,503.55367277698855,499.6845620327151,3.869110744273428,4.653981440769677,55.7123760659444,62.8262266057973,57.24670530977692,-1.6668550467866095,-33.833387556471614,7.0785746533064575,482.0757552243133,520.5152451418977,7.668030114681625,0.19056944972016077,-0.0005762617895040141,0.0068562556344677825,-0.006974014189183522,0.015621636713527058,0.008076114803940498,0.43388373911755823,-0.900968867902419,-0.8660254037844386,0.5000000000000001
2024-11-22,504.4200134277344,506.5299987792969,502.7799987792969,505.7900085449219,501.79486083984375,23826600.0,0.0016026517935495,107.05999755859376,108.06999969482422,106.91999816894533,107.48999786376952,107.48999786376952,0.0,4.389999866485596,4.429999828338623,4.382999897003174,4.409999847412109,4.409999847412109,0.0,16.670000076293945,17.559999465942383,15.239999771118164,15.239999771118164,15.239999771118164,0.0,0.0016026517935495445,0.0074342807584442585,0.001603936726276789,506.168002319336,501.8190002441406,493.07719970703124,465.33064941406246,503.8977244335937,500.13681732991563,3.7609071036780506,4.4753665733513515,56.43323633376833,63.888835831611544,61.50805475084302,-1.624072405495467,-34.889517994586015,6.840819320927426,482.7145429159913,520.92345757229,7.6140828939736505,0.18973304537376476,0.0035907634464106748,-0.0005762617895040141,-0.024114260647280436,0.001167648624792322,0.0060750741830435774,-0.433883739117558,-0.9009688679024191,-0.8660254037844386,0.5000000000000001
2024-11-25,509.8999938964844,511.4500122070313,504.260009765625,506.5899963378906,502.5885314941406,26375200.0,0.0015804140640937,107.25,107.25,106.58000183105467,106.81999969482422,106.81999969482422,0.0,4.317999839782715,4.331999778747559,4.261000156402588,4.264999866485596,4.264999866485596,0.0,15.229999542236328,15.720000267028809,14.539999961853027,14.600000381469728,14.600000381469728,0.0,0.001580414064093768,0.014100809036028271,0.001581663576563086,505.44299926757816,502.378500366211,493.7441998291016,465.71074935913083,504.31192011117787,500.61483058976563,3.697089521412238,4.319711162963529,57.17463888402493,62.88340432270848,63.1994889200391,-1.4109509066364325,-42.62688148081693,6.865760972390203,483.41063651806775,521.3463642143543,7.551224359448721,0.18971217704778465,0.0016026517935495445,0.0035907634464106748,0.006923596961255686,-0.0005836239549624019,0.00016151523055104992,0.0,1.0,-0.8660254037844386,0.5000000000000001
2024-11-26,508.0799865722656,510.1400146484375,507.2300109863281,509.30999755859375,505.28704833984375,26557100.0,0.0053548738513975,107.48999786376952,107.5,106.48999786376952,107.01000213623048,107.01000213623048,0.0,4.289000034332275,4.323999881744385,4.281000137329102,4.302000045776367,4.302000045776367,0.0,14.949999809265137,15.029999732971191,13.880000114440918,14.100000381469728,14.100000381469728,0.0,0.005354873851397547,0.005727451856038571,0.005369236814219969,505.08300170898434,502.83600006103524,494.460599975586,466.1206993103027,505.08085510308797,501.25891703190103,3.821938071186935,4.22015654460821,59.68663110739518,64.25127201432038,63.674504056213465,-0.7018727992101402,-29.729784481635935,6.628922210829965,483.6532658486204,522.0187342734501,7.629817359968835,0.18780611882013723,0.001580414064093768,0.0016026517935495445,0.0068562556344677825,-0.0018115098683243109,0.009562488961724253,0.7818314824680298,0.6234898018587336,-0.8660254037844386,0.5000000000000001
2024-11-27,508.1700134277344,508.239990234375,501.9299926757813,505.2999877929688,501.3087158203125,24957400.0,-0.0079045697900734,106.81999969482422,106.91999816894533,105.86000061035156,106.08000183105467,106.08000183105467,0.0,4.25,4.275000095367432,4.227000236511231,4.242000102996826,4.242000102996826,0.0,14.279999732971191,15.130000114440918,13.960000038146973,14.100000381469728,14.100000381469728,0.0,-0.007904569790073498,0.012417099379853554,-0.007873410831728878,504.3880004882813,503.28199920654305,495.13779968261724,466.51914932250975,505.11456782460806,501.55825560679494,3.5563122178131152,4.087387679249192,54.60170682616126,59.63325895677969,62.25597843126951,-1.3567617778489396,-48.74355716720806,6.682570973114428,484.3177381186259,522.2462602944602,7.536236590148473,0.18800033924891085,0.005354873851397547,0.001580414064093768,-0.0005762617895040141,-0.001287660777302258,-0.007586243023930362,0.9749279121818236,-0.22252093395631434,-0.8660254037844386,0.5000000000000001
2024-11-28,508.1700134277344,508.239990234375,501.9299926757813,505.2999877929688,501.3087158203125,24957400.0,0.0,106.81999969482422,106.91999816894533,105.86000061035156,106.08000183105467,106.08000183105467,0.0,4.25,4.275000095367432,4.227000236511231,4.242000102996826,4.242000102996826,0.0,14.279999732971191,15.130000114440918,13.960000038146973,14.100000381469728,14.100000381469728,0.0,0.0,0.012417099379853554,0.0,504.0489990234375,504.3544982910157,495.5765997314454,466.8552992248535,505.14309397358664,501.83542095391897,3.307673019667675,3.931444747332889,54.60170682616126,57.59436706131598,60.49296601080535,-0.6664205374918845,-48.74355716720806,6.655958586362947,487.7363722983989,520.9726242836325,6.589859334625398,0.16011580515891088,-0.007904569790073498,0.005354873851397547,0.0035907634464106748,-0.006974014189183522,-0.025566823931121415,0.43388373911755823,-0.900968867902419,-0.8660254037844386,0.5000000000000001
2024-11-29,505.9299926757813,510.3399963378906,505.30999755859375,509.739990234375,505.7136840820313,15334000.0,0.0087485568492923,105.9499969482422,106.12999725341795,105.62000274658205,105.73999786376952,105.73999786376952,0.0,4.224999904632568,4.224999904632568,4.171999931335449,4.177999973297119,4.177999973297119,0.0,14.0,14.149999618530272,13.489999771118164,13.510000228881836,13.510000228881836,0.0,0.008748556849292318,0.009942084581097932,0.008786937315683252,505.3659973144531,505.4699981689453,496.12259948730474,467.2200991821289,505.85030878293867,502.42094460432315,3.429364178615515,3.831028633589414,59.0784914797719,58.97982355799467,58.73581652536345,2.652190570494382,-25.57341499159984,6.5405335834028655,490.7483859627931,520.1916103750975,5.824920275973229,0.16078237526805986,0.0,-0.007904569790073498,0.0016026517935495445,-0.024114260647280436,0.007371758895555434,-0.433883739117558,-0.9009688679024191,-0.8660254037844386,0.5000000000000001
2024-12-02,511.010009765625,516.260009765625,510.6199951171875,515.2899780273438,511.2198486328125,25147200.0,0.0108290624350324,105.81999969482422,106.7300033569336,105.81999969482422,106.4499969482422,106.4499969482422,0.0,4.206999778747559,4.248000144958496,4.173999786376953,4.196000099182129,4.196000099182129,0.0,14.079999923706056,14.100000381469728,13.300000190734863,13.34000015258789,13.34000015258789,0.0,0.010829062435032455,0.011036994463228412,0.010887908957369685,506.8929962158203,506.9339965820312,496.7675988769531,467.61379913330074,507.3025655897702,503.37420633936176,3.928359250408448,3.8504947569532213,63.87405256124112,73.74240436843145,63.43886499591403,3.053875714807544,-4.455814735897723,6.539068293963375,494.75703047517015,519.1109626888923,4.804162352086645,0.16233344721921172,0.008748556849292318,0.0,0.001580414064093768,0.006923596961255686,-0.0029174887913919986,0.0,1.0,-0.5000000000000004,0.8660254037844384
2024-12-03,513.9500122070312,517.1500244140625,513.3699951171875,516.8699951171875,512.7872924804688,18597900.0,0.0030613948065706,106.4800033569336,106.5999984741211,106.08999633789062,106.37000274658205,106.37000274658205,0.0,4.210999965667725,4.227000236511231,4.164999961853027,4.2230000495910645,4.2230000495910645,0.0,13.380000114440918,13.770000457763672,13.1899995803833,13.300000190734863,13.300000190734863,0.0,0.0030613948065706,0.007354857879354062,0.003066085661282747,508.23399658203124,508.16699676513673,497.3975988769531,468.0101490783691,508.77447782475747,504.37389439697847,4.400583427778997,3.9605124911183767,65.12699634873047,89.5783284337474,74.10018545339116,2.66356888128337,-1.2357849712601898,6.341994079885635,497.34942000732724,518.9845735229462,4.257488906863871,0.15820859047108302,0.010829062435032455,0.008748556849292318,0.005354873851397547,0.0068562556344677825,0.012676199679548136,0.7818314824680298,0.6234898018587336,-0.5000000000000004,0.8660254037844384
2024-12-04,520.3200073242188,523.52001953125,519.5999755859375,523.260009765625,519.1268920898438,26086200.0,0.0122872220665095,106.43000030517578,106.72000122070312,106.08999633789062,106.33999633789062,106.33999633789062,0.0,4.270999908447266,4.281000137329102,4.176000118255615,4.179999828338623,4.179999828338623,0.0,13.15999984741211,13.609999656677246,12.890000343322754,13.449999809265137,13.449999809265137,0.0,0.01228722206650958,0.007533909690445298,0.012363020110558676,510.2429962158203,509.0509979248047,498.1463989257813,468.4500991821289,511.00302120027555,505.7728659057671,5.2301552945084495,4.214441051796392,69.70346100448108,97.80424744722339,87.04166008313408,3.9926855340667005,-0.8956579511719243,6.363996246612554,496.39088982252406,521.7111060270853,4.974003843972712,0.1353032954365356,0.0030613948065706,0.010829062435032455,-0.007904569790073498,-0.0005762617895040141,0.026800852183302772,0.9749279121818236,-0.22252093395631434,-0.5000000000000004,0.8660254037844384
2024-12-05,523.3099975585938,524.0399780273438,521.4199829101562,521.8099975585938,517.6883544921875,18169600.0,-0.0027749177599003,106.33999633789062,106.37000274658205,105.6999969482422,105.70999908447266,105.70999908447266,0.0,4.206999778747559,4.224999904632568,4.173999786376953,4.179999828338623,4.179999828338623,0.0,13.460000038146973,13.699999809265137,13.260000228881836,13.539999961853027,13.539999961853027,0.0,-0.0027749177599003224,0.0050065833433540425,-0.0027710712343664845,511.9259948730469,509.46449890136716,498.7931988525391,468.8641491699218,512.6656329477091,506.96080158375423,5.704831363954895,4.512519114228093,67.53755029177992,96.58454322078953,94.65570636725343,3.3328025280432896,-8.11492741519928,6.0965675945107645,495.69539871551234,523.2335990872219,5.405322732220643,0.12564498630315632,0.01228722206650958,0.0030613948065706,0.0,0.0035907634464106748,0.015621636713527058,0.43388373911755823,-0.900968867902419,-0.5000000000000004,0.8660254037844384
2024-12-06,522.47998046875,526.719970703125,522.3499755859375,526.47998046875,522.3214111328125,23762600.0,0.0089096995863887,105.79000091552734,106.16000366210938,105.41999816894533,105.97000122070312,105.97000122070312,0.0,4.184000015258789,4.215000152587891,4.125999927520752,4.151000022888184,4.151000022888184,0.0,13.619999885559082,13.739999771118164,12.699999809265137,12.770000457763672,12.770000457763672,0.0,0.008909699586388735,0.008363947482288029,0.008949509102188946,513.9949920654298,510.0814971923828,499.58779846191413,469.2684991455078,514.7909171817154,508.4066666863465,6.38425049536886,4.886865390456246,70.6957863970308,96.73123011210429,97.04000692670573,4.090624878761427,-0.7957242973159473,6.011810848083657,494.4502464608307,525.7127479239349,6.128922855500712,0.12890947231725527,-0.0027749177599003224,0.01228722206650958,0.008748556849292318,0.0016026517935495445,0.001167648624792322,-0.433883739117558,-0.9009688679024191,-0.5000000000000004,0.8660254037844384
2024-12-09,525.5499877929688,526.3499755859375,521.219970703125,522.3800048828125,518.2537841796875,20674400.0,-0.007818075406733,105.97000122070312,106.20999908447266,105.8000030517578,106.1500015258789,106.1500015258789,0.0,4.182000160217285,4.198999881744385,4.164000034332275,4.198999881744385,4.198999881744385,0.0,13.359999656677246,14.229999542236328,13.350000381469728,14.1899995803833,14.1899995803833,0.0,-0.007818075406733025,0.009761212067296967,-0.007787593742908494,515.5739929199219,510.50849609375,500.273998413086,469.6602992248535,515.9584691357303,509.4417287749736,6.516740360756671,5.212840384516332,64.74065867156419,92.23317612592763,95.18298315294047,3.116920716766403,-14.389819909701885,5.958110770765182,494.0028276431652,527.0141645443348,6.466363861475755,0.13272782791493742,0.008909699586388735,-0.0027749177599003224,0.010829062435032455,0.001580414064093768,-0.0005836239549624019,0.0,1.0,-0.5000000000000004,0.8660254037844384
2024-12-10,523.6199951171875,525.3800048828125,519.1599731445312,520.5999755859375,516.4878540039062,24350000.0,-0.0034132808135106,106.18000030517578,106.63999938964844,106.04000091552734,106.4000015258789,106.4000015258789,0.0,4.234000205993652,4.24399995803833,4.2170000076293945,4.2210001945495605,4.2210001945495605,0.0,14.300000190734863,14.539999961853027,13.859999656677246,14.18000030517578,14.18000030517578,0.0,-0.003413280813510645,0.011878904160046812,-0.003407462192632993,516.7029907226563,510.89299621582035,501.06059814453135,470.0830491638184,516.6725470511468,510.2682655757858,6.404281475361017,5.451128602685269,62.287481660777914,87.9422662959676,92.30222417799982,2.2167202845934493,-20.987656905079355,5.976819411302045,493.80381686506155,527.9821755665791,6.689925083075395,0.1332703679936336,-0.007818075406733025,0.008909699586388735,0.0030613948065706,0.005354873851397547,-0.0018115098683243109,0.7818314824680298,0.6234898018587336,-0.5000000000000004,0.8660254037844384
2024-12-11,525.0,530.6099853515625,524.5900268554688,529.9199829101562,525.7341918945312,32168600.0,0.017743974089716,106.37000274658205,106.80999755859376,106.2699966430664,106.70999908447266,106.70999908447266,0.0,4.25,4.276999950408936,4.201000213623047,4.270999908447266,4.270999908447266,0.0,14.420000076293944,14.43000030517578,13.520000457763672,13.579999923706056,13.579999923706056,0.0,0.017743974089716036,0.011466587611607144,0.017902333654016722,519.1649902343751,511.7764953613282,502.0199975585938,470.5386990356445,518.710614106379,511.7239483412947,6.986665765084297,5.758236035165075,68.92664944093443,87.40555210588509,89.19366484259344,4.872352208976252,-2.4058668675634665,6.264904436610827,492.6824698957243,530.8705208269322,7.46186104233765,0.1459419468388658,-0.003413280813510645,-0.007818075406733025,0.01228722206650958,-0.007904569790073498,-0.001287660777302258,0.9749279121818236,-0.22252093395631434,-0.5000000000000004,0.8660254037844384
2024-12-12,527.6799926757812,528.9600219726562,526.02001953125,526.5,522.34130859375,23577500.0,-0.0064745243095813,106.56999969482422,107.04000091552734,106.3499984741211,106.95999908447266,106.95999908447266,0.0,4.300000190734863,4.331999778747559,4.269000053405762,4.323999881744385,4.323999881744385,0.0,13.729999542236328,13.949999809265137,13.390000343322754,13.920000076293944,13.920000076293944,0.0,-0.006474524309581367,0.005571563224328377,-0.006453609738705901,521.2849914550782,512.6669952392579,502.91819763183594,470.9439489746093,519.9089811669361,512.818470686384,7.090510480552098,6.0246909242424795,64.44334191940786,87.42532657002164,87.5910483239581,4.19552992661406,-14.330496517292268,6.095980075346215,492.5454752593492,532.7885152191666,7.8497426855099715,0.14555866705890375,0.017743974089716036,-0.003413280813510645,-0.0027749177599003224,0.0,-0.006974014189183522,0.43388373911755823,-0.900968867902419,-0.5000000000000004,0.8660254037844384
2024-12-13,530.4600219726562,533.1699829101562,527.2999877929688,530.530029296875,526.3394775390625,28780400.0,0.0076251770231701,106.97000122070312,107.19000244140624,106.72000122070312,107.0,107.0,0.0,4.343999862670898,4.402999877929688,4.3420000076293945,4.39900016784668,4.39900016784668,0.0,13.56999969482422,14.25,13.239999771118164,13.8100004196167,13.8100004196167,0.0,0.007625177023170128,0.011065857697170781,0.007654322718753326,523.3639953613282,514.3649963378906,503.7823980712891,471.4014991760253,521.5429885715421,514.1304379908648,7.412550580677248,6.302262855529433,67.15450777848739,91.60435941105418,88.81174602898696,4.078557590300279,-8.450558381981743,6.136980277832646,494.23139127402567,534.4986014017555,7.82852846022166,0.11013303842899423,-0.006474524309581367,0.017743974089716036,0.008909699586388735,0.008748556849292318,-0.024114260647280436,-0.433883739117558,-0.9009688679024191,-0.5000000000000004,0.8660254037844384
2024-12-16,533.0800170898438,539.1500244140625,533.0,538.1699829101562,533.9190673828125,31979900.0,0.0142978691445593,106.9499969482422,107.16999816894533,106.75,106.86000061035156,106.86000061035156,0.0,4.36899995803833,4.410999774932861,4.361000061035156,4.396999835968018,4.396999835968018,0.0,14.369999885559082,14.6899995803833,13.989999771118164,14.6899995803833,14.6899995803833,0.0,0.014297869144559366,0.011536775374992142,0.014400572571886316,525.6519958496094,516.2724960327149,504.9037976074219,471.90539901733393,524.1009877005597,515.9111450219234,8.189842678636296,6.679778820150807,71.57880846121735,91.52861427394355,90.18610008500644,4.4402192665191675,-2.6331022788953384,6.314338480643707,494.6849908747942,537.8600011906356,8.362833706544276,0.11628330073336532,0.007625177023170128,-0.006474524309581367,-0.007818075406733025,0.010829062435032455,0.006923596961255686,0.0,1.0,-0.5000000000000004,0.8660254037844384
2024-12-17,536.3599853515625,537.47998046875,534.1300048828125,535.7999877929688,531.5678100585938,28579100.0,-0.0044134961972165,106.81999969482422,107.08000183105467,106.6999969482422,106.95999908447266,106.95999908447266,0.0,4.429999828338623,4.434000015258789,4.373000144958496,4.385000228881836,4.385000228881836,0.0,14.979999542236328,15.9399995803833,14.779999732971191,15.869999885559082,15.869999885559082,0.0,-0.004413496197216575,0.006245759708830115,-0.0044037710354571935,527.5449951171876,517.8894958496094,505.8337976074219,472.3660989379882,525.9008338686226,517.3843926345935,8.516441234029116,7.047111302926469,68.49648264577812,93.30523709257787,92.14607025919186,3.662428242035861,-9.000628061389326,6.151884162550853,495.5125072336289,540.2664844655899,8.641607445337554,0.11904398566890753,0.014297869144559366,0.007625177023170128,-0.003413280813510645,0.0030613948065706,0.0068562556344677825,0.7818314824680298,0.6234898018587336,-0.5000000000000004,0.8660254037844384
2024-12-18,535.1500244140625,536.8800048828125,515.010009765625,516.469970703125,512.3905639648438,54703200.0,-0.0367436175846478,106.93000030517578,108.2699966430664,106.81999969482422,108.02999877929688,108.02999877929688,0.0,4.418000221252441,4.498000144958496,4.382999897003174,4.49399995803833,4.49399995803833,0.0,15.56999969482422,28.31999969482422,14.81999969482422,27.6200008392334,27.6200008392334,0.0,-0.03674361758464784,0.04086703563385432,-0.036076763360889275,526.8659912109376,518.5544937133789,506.3001971435547,472.7471987915039,524.4499318431615,517.3166576767069,7.133274166454612,7.064343875632098,49.698638626221076,73.78162917732122,86.20516018128087,-1.2976415043720515,-67.02138212775168,7.274606373596328,497.25476236634086,539.8542250604169,8.215040696884222,0.1849121710271003,-0.004413496197216575,0.014297869144559366,0.017743974089716036,0.01228722206650958,-0.0005762617895040141,0.9749279121818236,-0.22252093395631434,-0.5000000000000004,0.8660254037844384
2024-12-19,521.1900024414062,521.760009765625,513.8300170898438,514.1699829101562,510.1086730957031,46441800.0,-0.0044633669633845,108.0999984741211,108.48999786376952,107.81999969482422,108.41000366210938,108.41000366210938,0.0,4.5320000648498535,4.593999862670898,4.527999877929688,4.570000171661377,4.570000171661377,0.0,21.61000061035156,24.1200008392334,20.15999984741211,24.09000015258789,24.09000015258789,0.0,-0.0044633669633845395,0.015215166520145911,-0.004453420944139808,526.1019897460939,519.0139923095703,506.731796875,473.1223486328124,522.8684012380837,517.0835706569624,5.784830581121355,6.80844121672995,48.010327750482666,45.47365888608543,70.85350838532817,-1.4641372691560222,-87.5570131526027,7.321419680895251,498.56787460888125,539.4601100102594,7.878831015597679,0.18579935372719902,-0.03674361758464784,-0.004413496197216575,-0.006474524309581367,-0.0027749177599003224,0.0035907634464106748,0.43388373911755823,-0.900968867902419,-0.5000000000000004,0.8660254037844384
2024-12-20,510.4400024414063,524.8200073242188,509.2900085449219,518.6599731445312,514.563232421875,60530000.0,0.0086946609247461,108.4800033569336,108.54000091552734,107.58999633789062,107.62000274658205,107.62000274658205,0.0,4.541999816894531,4.546000003814697,4.484000205993652,4.52400016784668,4.52400016784668,0.0,24.13999938964844,26.51000022888184,17.81999969482422,18.36000061035156,18.36000061035156,0.0,0.008694660924746102,0.030424729067114156,0.008732569276147517,525.319989013672,519.6574905395507,507.23779663085935,473.5460484313964,522.2209507621526,517.2003412115971,5.020609550555491,6.450874883495058,51.47586280656635,25.6004139196437,48.28523399435011,-1.4853380212588954,-68.62036296071452,7.90774675935251,500.17644714148986,539.1385339376116,7.497647490016565,0.18784832590204165,-0.0044633669633845395,-0.03674361758464784,0.007625177023170128,0.008909699586388735,0.0016026517935495445,-0.433883739117558,-0.9009688679024191,-0.5000000000000004,0.8660254037844384
2024-12-23,519.5499877929688,523.25,516.1300048828125,522.8699951171875,519.576416015625,29672800.0,0.0096954465906127,107.81999969482422,108.27999877929688,107.68000030517578,108.04000091552734,108.04000091552734,0.0,4.550000190734863,4.598999977111816,4.533999919891357,4.598999977111816,4.598999977111816,0.0,18.09000015258789,20.020000457763672,16.739999771118164,16.780000686645508,16.780000686645508,0.0,0.009695446590612743,0.013704157991482216,0.00974259969985547,525.3689880371094,520.4714904785156,507.7451965332031,473.9729983520507,522.3208037398504,517.6203155749741,4.700488164876219,6.100797539771291,54.53602384499862,29.76715209614784,33.61374163395899,0.09379957689707541,-54.52116759823926,7.851478784912152,501.952729809771,538.9902511472603,7.11614795719886,0.19022751872185334,0.008694660924746102,-0.0044633669633845395,0.014297869144559366,-0.007818075406733025,0.001580414064093768,0.0,1.0,-0.5000000000000004,0.8660254037844384
2024-12-24,524.8300170898438,530.0499877929688,524.1900024414062,529.9600219726562,526.621826171875,17558200.0,0.0134687985124567,108.16000366210938,108.3000030517578,107.91999816894533,108.26000213623048,108.26000213623048,0.0,4.609000205993652,4.629000186920166,4.583000183105469,4.591000080108643,4.591000080108643,0.0,16.969999313354492,17.040000915527344,14.270000457763672,14.270000457763672,14.270000457763672,0.0,0.013468798512456774,0.011165491989303177,0.01355991137988477,526.3049926757812,521.5039916992187,508.52739685058594,474.42994842529293,523.496068083359,518.5343679007284,4.9617001826305795,5.872978068343149,59.20229906968321,48.69383949288656,34.68713516955937,1.7979344651685736,-30.77695096238654,7.803515491402802,503.3055620986445,539.7024212997928,6.9792100886047495,0.19445010599620047,0.009695446590612743,0.008694660924746102,-0.004413496197216575,-0.003413280813510645,0.005354873851397547,0.7818314824680298,0.6234898018587336,-0.5000000000000004,0.8660254037844384
2024-12-25,524.8300170898438,530.0499877929688,524.1900024414062,529.9600219726562,526.621826171875,17558200.0,0.0,108.16000366210938,108.3000030517578,107.91999816894533,108.26000213623048,108.26000213623048,0.0,4.609000205993652,4.629000186920166,4.583000183105469,4.591000080108643,4.591000080108643,0.0,16.969999313354492,17.040000915527344,14.270000457763672,14.270000457763672,14.270000457763672,0.0,0.0,0.011165491989303177,0.0,526.3089965820313,522.7369934082031,509.30839721679683,474.8608985900879,524.4905225278662,519.3807126467972,5.109809881069054,5.72034443088833,59.202299069683214,61.30831015899589,46.589767249343424,0.007555680818095947,-30.77695096238654,7.664691909985638,505.8681661581791,539.6058206582271,6.454039971435961,0.19106836978964226,0.013468798512456774,0.009695446590612743,-0.03674361758464784,0.017743974089716036,-0.007904569790073498,0.9749279121818236,-0.22252093395631434,-0.5000000000000004,0.8660254037844384
2024-12-26,528.3200073242188,531.239990234375,526.3099975585938,529.5999755859375,526.2640380859375,19090500.0,-0.0006796332097432,108.16999816894533,108.3000030517578,108.02999877929688,108.12999725341795,108.12999725341795,0.0,4.63100004196167,4.640999794006348,4.572999954223633,4.578999996185303,4.578999996185303,0.0,14.989999771118164,15.93000030517578,14.550000190734863,14.729999542236328,14.729999542236328,0.0,-0.0006796332097432683,0.009331451785727696,-0.000679402311405064,526.6189941406251,523.9519927978516,510.0753967285156,475.2795484924317,525.276592229108,520.1376950867335,5.138897142374503,5.604054973185565,58.846582475926596,68.82112205014786,59.607757234010094,0.5887892850783476,-31.9827319247833,7.469356250399611,508.97710701519367,538.9268785805095,5.716128953988143,0.19119975362617714,0.0,0.013468798512456774,-0.0044633669633845395,-0.006474524309581367,0.0,0.43388373911755823,-0.900968867902419,-0.5000000000000004,0.8660254037844384
2024-12-27,526.010009765625,526.4500122070312,517.8599853515625,522.5599975585938,519.2684326171875,33839600.0,-0.0133820996718177,108.08000183105467,108.1999969482422,107.87000274658205,108.0,108.0,0.0,4.603000164031982,4.623000144958496,4.574999809265137,4.61899995803833,4.61899995803833,0.0,15.380000114440918,18.450000762939453,15.289999961853027,15.949999809265137,15.949999809265137,0.0,-0.01338209967181777,0.016330538765405283,-0.01329295745571657,525.821990966797,524.5929931640625,510.6371966552735,475.6604484558106,524.8586545874905,520.3171248994639,4.541529688026571,5.3915499161537666,52.23744197600504,60.560326692578315,63.563252967240686,-1.5022772130060453,-55.55933703509519,7.774401534969281,511.16158281009155,538.0244035180334,5.120697580407964,0.19753116679159818,-0.0006796332097432683,0.0,0.008694660924746102,0.007625177023170128,0.008748556849292318,-0.433883739117558,-0.9009688679024191,-0.5000000000000004,0.8660254037844384
2024-12-30,515.510009765625,519.3599853515625,511.8299865722656,515.6099853515625,512.3621826171875,34584000.0,-0.013389197783933,108.01000213623048,108.37999725341795,107.73999786376952,108.12999725341795,108.12999725341795,0.0,4.577000141143799,4.577000141143799,4.537000179290772,4.545000076293945,4.545000076293945,0.0,17.209999084472656,19.21999931335449,16.440000534057617,17.399999618530273,17.399999618530273,0.0,-0.013389197783933096,0.014606891499003802,-0.013299961188072862,523.5659912109375,524.6089935302734,511.04099609375004,476.0146983337402,523.4357823973477,519.9684478959157,3.467334501431992,5.006706833209412,46.665362192232344,44.541093610696336,57.974180784474164,-4.191983625062193,-78.83465020803247,7.985516495780627,511.22356199209383,537.994425068453,5.103012606819576,0.20075247909928742,-0.01338209967181777,-0.0006796332097432683,0.009695446590612743,0.014297869144559366,0.010829062435032455,0.0,1.0,-0.5000000000000004,0.8660254037844384
2024-12-31,515.510009765625,519.3599853515625,511.8299865722656,515.6099853515625,512.3621826171875,34584000.0,0.0,108.01000213623048,108.37999725341795,107.73999786376952,108.12999725341795,108.12999725341795,0.0,4.577000141143799,4.577000141143799,4.537000179290772,4.545000076293945,4.545000076293945,0.0,17.209999084472656,19.21999931335449,16.440000534057617,17.399999618530273,17.399999618530273,0.0,0.0,0.014606891499003802,0.0,521.5469909667969,524.5459930419922,511.4339959716797,476.37614822387695,522.231813621073,519.6455988185562,2.5862148025167926,4.522608427070888,46.66536219223235,28.92378751627995,44.67506927318486,-3.7681976299722493,-78.83465020803247,7.952979516031788,510.99634077624313,538.0956453077414,5.166239927664235,0.20044974782437047,-0.013389197783933096,-0.01338209967181777,0.013468798512456774,-0.004413496197216575,0.0030613948065706,0.7818314824680298,0.6234898018587336,-0.5000000000000004,0.8660254037844384
